[2026-06-20 08:30:59,616] 268 flwr - WARNING - DEPRECATED FEATURE: `client_fn` now expects a signature `def client_fn(context: Context)`.The provided `client_fn` has signature: {'cid': <Parameter "cid: str">}. You can import the `Context` like this: `from flwr.common import Context`

            This is a deprecated feature. It will be removed
            entirely in future versions of Flower.
        
[2026-06-20 08:30:59,657] 268 flwr - WARNING - DEPRECATED FEATURE: `client_fn` now expects a signature `def client_fn(context: Context)`.The provided `client_fn` has signature: {'cid': <Parameter "cid: str">}. You can import the `Context` like this: `from flwr.common import Context`

            This is a deprecated feature. It will be removed
            entirely in future versions of Flower.
        
[2026-06-20 08:30:59,766] 268 flwr - WARNING - DEPRECATED FEATURE: `client_fn` now expects a signature `def client_fn(context: Context)`.The provided `client_fn` has signature: {'cid': <Parameter "cid: str">}. You can import the `Context` like this: `from flwr.common import Context`

            This is a deprecated feature. It will be removed
            entirely in future versions of Flower.
        
[2026-06-20 08:30:59,781] 268 flwr - WARNING - DEPRECATED FEATURE: `client_fn` now expects a signature `def client_fn(context: Context)`.The provided `client_fn` has signature: {'cid': <Parameter "cid: str">}. You can import the `Context` like this: `from flwr.common import Context`

            This is a deprecated feature. It will be removed
            entirely in future versions of Flower.
        
[2026-06-20 08:30:59,809] 268 flwr - WARNING - DEPRECATED FEATURE: `client_fn` now expects a signature `def client_fn(context: Context)`.The provided `client_fn` has signature: {'cid': <Parameter "cid: str">}. You can import the `Context` like this: `from flwr.common import Context`

            This is a deprecated feature. It will be removed
            entirely in future versions of Flower.
        
[2026-06-20 08:30:59,820] 268 flwr - WARNING - DEPRECATED FEATURE: `client_fn` now expects a signature `def client_fn(context: Context)`.The provided `client_fn` has signature: {'cid': <Parameter "cid: str">}. You can import the `Context` like this: `from flwr.common import Context`

            This is a deprecated feature. It will be removed
            entirely in future versions of Flower.
        
[2026-06-20 08:31:04,499] 268 flwr - WARNING - DEPRECATED FEATURE: `client_fn` now expects a signature `def client_fn(context: Context)`.The provided `client_fn` has signature: {'cid': <Parameter "cid: str">}. You can import the `Context` like this: `from flwr.common import Context`

            This is a deprecated feature. It will be removed
            entirely in future versions of Flower.
        
[2026-06-20 08:31:04,702] 268 flwr - WARNING - DEPRECATED FEATURE: `client_fn` now expects a signature `def client_fn(context: Context)`.The provided `client_fn` has signature: {'cid': <Parameter "cid: str">}. You can import the `Context` like this: `from flwr.common import Context`

            This is a deprecated feature. It will be removed
            entirely in future versions of Flower.
        
[2026-06-20 08:31:05,351] 268 flwr - WARNING - DEPRECATED FEATURE: `client_fn` now expects a signature `def client_fn(context: Context)`.The provided `client_fn` has signature: {'cid': <Parameter "cid: str">}. You can import the `Context` like this: `from flwr.common import Context`

            This is a deprecated feature. It will be removed
            entirely in future versions of Flower.
        
[2026-06-20 08:31:05,798] 268 flwr - WARNING - DEPRECATED FEATURE: `client_fn` now expects a signature `def client_fn(context: Context)`.The provided `client_fn` has signature: {'cid': <Parameter "cid: str">}. You can import the `Context` like this: `from flwr.common import Context`

            This is a deprecated feature. It will be removed
            entirely in future versions of Flower.
        
[2026-06-20 08:31:06,500] 268 flwr - WARNING - DEPRECATED FEATURE: `client_fn` now expects a signature `def client_fn(context: Context)`.The provided `client_fn` has signature: {'cid': <Parameter "cid: str">}. You can import the `Context` like this: `from flwr.common import Context`

            This is a deprecated feature. It will be removed
            entirely in future versions of Flower.
        
[2026-06-20 08:31:06,682] 268 flwr - WARNING - DEPRECATED FEATURE: `client_fn` now expects a signature `def client_fn(context: Context)`.The provided `client_fn` has signature: {'cid': <Parameter "cid: str">}. You can import the `Context` like this: `from flwr.common import Context`

            This is a deprecated feature. It will be removed
            entirely in future versions of Flower.
        
[2026-06-20 08:31:07,263] 268 flwr - WARNING - DEPRECATED FEATURE: `client_fn` now expects a signature `def client_fn(context: Context)`.The provided `client_fn` has signature: {'cid': <Parameter "cid: str">}. You can import the `Context` like this: `from flwr.common import Context`

            This is a deprecated feature. It will be removed
            entirely in future versions of Flower.
        
[2026-06-20 08:31:08,273] 268 flwr - WARNING - DEPRECATED FEATURE: `client_fn` now expects a signature `def client_fn(context: Context)`.The provided `client_fn` has signature: {'cid': <Parameter "cid: str">}. You can import the `Context` like this: `from flwr.common import Context`

            This is a deprecated feature. It will be removed
            entirely in future versions of Flower.
        
[2026-06-20 08:31:08,835] 268 flwr - WARNING - DEPRECATED FEATURE: `client_fn` now expects a signature `def client_fn(context: Context)`.The provided `client_fn` has signature: {'cid': <Parameter "cid: str">}. You can import the `Context` like this: `from flwr.common import Context`

            This is a deprecated feature. It will be removed
            entirely in future versions of Flower.
        
[2026-06-20 08:31:08,992] 268 flwr - WARNING - DEPRECATED FEATURE: `client_fn` now expects a signature `def client_fn(context: Context)`.The provided `client_fn` has signature: {'cid': <Parameter "cid: str">}. You can import the `Context` like this: `from flwr.common import Context`

            This is a deprecated feature. It will be removed
            entirely in future versions of Flower.
        
[2026-06-20 08:31:09,325] 268 flwr - WARNING - DEPRECATED FEATURE: `client_fn` now expects a signature `def client_fn(context: Context)`.The provided `client_fn` has signature: {'cid': <Parameter "cid: str">}. You can import the `Context` like this: `from flwr.common import Context`

            This is a deprecated feature. It will be removed
            entirely in future versions of Flower.
        
[2026-06-20 08:31:10,026] 268 flwr - WARNING - DEPRECATED FEATURE: `client_fn` now expects a signature `def client_fn(context: Context)`.The provided `client_fn` has signature: {'cid': <Parameter "cid: str">}. You can import the `Context` like this: `from flwr.common import Context`

            This is a deprecated feature. It will be removed
            entirely in future versions of Flower.
        
[2026-06-20 08:31:10,562] 268 flwr - WARNING - DEPRECATED FEATURE: `client_fn` now expects a signature `def client_fn(context: Context)`.The provided `client_fn` has signature: {'cid': <Parameter "cid: str">}. You can import the `Context` like this: `from flwr.common import Context`

            This is a deprecated feature. It will be removed
            entirely in future versions of Flower.
        
[2026-06-20 08:31:10,928] 268 flwr - WARNING - DEPRECATED FEATURE: `client_fn` now expects a signature `def client_fn(context: Context)`.The provided `client_fn` has signature: {'cid': <Parameter "cid: str">}. You can import the `Context` like this: `from flwr.common import Context`

            This is a deprecated feature. It will be removed
            entirely in future versions of Flower.
        
[2026-06-20 08:31:22,390] 268 flwr - WARNING - DEPRECATED FEATURE: `client_fn` now expects a signature `def client_fn(context: Context)`.The provided `client_fn` has signature: {'cid': <Parameter "cid: str">}. You can import the `Context` like this: `from flwr.common import Context`

            This is a deprecated feature. It will be removed
            entirely in future versions of Flower.
        
[2026-06-20 08:31:22,392] 268 flwr - WARNING - DEPRECATED FEATURE: `client_fn` now expects a signature `def client_fn(context: Context)`.The provided `client_fn` has signature: {'cid': <Parameter "cid: str">}. You can import the `Context` like this: `from flwr.common import Context`

            This is a deprecated feature. It will be removed
            entirely in future versions of Flower.
        
[2026-06-20 08:31:22,395] 268 flwr - WARNING - DEPRECATED FEATURE: `client_fn` now expects a signature `def client_fn(context: Context)`.The provided `client_fn` has signature: {'cid': <Parameter "cid: str">}. You can import the `Context` like this: `from flwr.common import Context`

            This is a deprecated feature. It will be removed
            entirely in future versions of Flower.
        
[2026-06-20 08:31:22,401] 268 flwr - WARNING - DEPRECATED FEATURE: `client_fn` now expects a signature `def client_fn(context: Context)`.The provided `client_fn` has signature: {'cid': <Parameter "cid: str">}. You can import the `Context` like this: `from flwr.common import Context`

            This is a deprecated feature. It will be removed
            entirely in future versions of Flower.
        
[2026-06-20 08:31:22,403] 268 flwr - WARNING - DEPRECATED FEATURE: `client_fn` now expects a signature `def client_fn(context: Context)`.The provided `client_fn` has signature: {'cid': <Parameter "cid: str">}. You can import the `Context` like this: `from flwr.common import Context`

            This is a deprecated feature. It will be removed
            entirely in future versions of Flower.
        
[2026-06-20 08:31:22,403] 268 flwr - WARNING - DEPRECATED FEATURE: `client_fn` now expects a signature `def client_fn(context: Context)`.The provided `client_fn` has signature: {'cid': <Parameter "cid: str">}. You can import the `Context` like this: `from flwr.common import Context`

            This is a deprecated feature. It will be removed
            entirely in future versions of Flower.
        
[2026-06-20 08:31:22,422] 268 flwr - WARNING - DEPRECATED FEATURE: `client_fn` now expects a signature `def client_fn(context: Context)`.The provided `client_fn` has signature: {'cid': <Parameter "cid: str">}. You can import the `Context` like this: `from flwr.common import Context`

            This is a deprecated feature. It will be removed
            entirely in future versions of Flower.
        
[2026-06-20 08:31:22,467] 268 flwr - WARNING - DEPRECATED FEATURE: `client_fn` now expects a signature `def client_fn(context: Context)`.The provided `client_fn` has signature: {'cid': <Parameter "cid: str">}. You can import the `Context` like this: `from flwr.common import Context`

            This is a deprecated feature. It will be removed
            entirely in future versions of Flower.
        
[2026-06-20 08:31:22,495] 268 flwr - WARNING - DEPRECATED FEATURE: `client_fn` now expects a signature `def client_fn(context: Context)`.The provided `client_fn` has signature: {'cid': <Parameter "cid: str">}. You can import the `Context` like this: `from flwr.common import Context`

            This is a deprecated feature. It will be removed
            entirely in future versions of Flower.
        
[2026-06-20 08:31:22,561] 268 flwr - WARNING - DEPRECATED FEATURE: `client_fn` now expects a signature `def client_fn(context: Context)`.The provided `client_fn` has signature: {'cid': <Parameter "cid: str">}. You can import the `Context` like this: `from flwr.common import Context`

            This is a deprecated feature. It will be removed
            entirely in future versions of Flower.
        
[2026-06-20 08:31:22,614] 268 flwr - WARNING - DEPRECATED FEATURE: `client_fn` now expects a signature `def client_fn(context: Context)`.The provided `client_fn` has signature: {'cid': <Parameter "cid: str">}. You can import the `Context` like this: `from flwr.common import Context`

            This is a deprecated feature. It will be removed
            entirely in future versions of Flower.
        
[2026-06-20 08:31:22,623] 268 flwr - WARNING - DEPRECATED FEATURE: `client_fn` now expects a signature `def client_fn(context: Context)`.The provided `client_fn` has signature: {'cid': <Parameter "cid: str">}. You can import the `Context` like this: `from flwr.common import Context`

            This is a deprecated feature. It will be removed
            entirely in future versions of Flower.
        
[2026-06-20 08:31:22,654] 268 flwr - WARNING - DEPRECATED FEATURE: `client_fn` now expects a signature `def client_fn(context: Context)`.The provided `client_fn` has signature: {'cid': <Parameter "cid: str">}. You can import the `Context` like this: `from flwr.common import Context`

            This is a deprecated feature. It will be removed
            entirely in future versions of Flower.
        
[2026-06-20 08:31:22,685] 268 flwr - WARNING - DEPRECATED FEATURE: `client_fn` now expects a signature `def client_fn(context: Context)`.The provided `client_fn` has signature: {'cid': <Parameter "cid: str">}. You can import the `Context` like this: `from flwr.common import Context`

            This is a deprecated feature. It will be removed
            entirely in future versions of Flower.
        
[2026-06-20 08:31:22,690] 268 flwr - WARNING - DEPRECATED FEATURE: `client_fn` now expects a signature `def client_fn(context: Context)`.The provided `client_fn` has signature: {'cid': <Parameter "cid: str">}. You can import the `Context` like this: `from flwr.common import Context`

            This is a deprecated feature. It will be removed
            entirely in future versions of Flower.
        
[2026-06-20 08:31:22,738] 268 flwr - WARNING - DEPRECATED FEATURE: `client_fn` now expects a signature `def client_fn(context: Context)`.The provided `client_fn` has signature: {'cid': <Parameter "cid: str">}. You can import the `Context` like this: `from flwr.common import Context`

            This is a deprecated feature. It will be removed
            entirely in future versions of Flower.
        
[2026-06-20 08:31:22,799] 268 flwr - WARNING - DEPRECATED FEATURE: `client_fn` now expects a signature `def client_fn(context: Context)`.The provided `client_fn` has signature: {'cid': <Parameter "cid: str">}. You can import the `Context` like this: `from flwr.common import Context`

            This is a deprecated feature. It will be removed
            entirely in future versions of Flower.
        
[2026-06-20 08:31:22,815] 268 flwr - WARNING - DEPRECATED FEATURE: `client_fn` now expects a signature `def client_fn(context: Context)`.The provided `client_fn` has signature: {'cid': <Parameter "cid: str">}. You can import the `Context` like this: `from flwr.common import Context`

            This is a deprecated feature. It will be removed
            entirely in future versions of Flower.
        
[2026-06-20 08:31:22,831] 268 flwr - WARNING - DEPRECATED FEATURE: `client_fn` now expects a signature `def client_fn(context: Context)`.The provided `client_fn` has signature: {'cid': <Parameter "cid: str">}. You can import the `Context` like this: `from flwr.common import Context`

            This is a deprecated feature. It will be removed
            entirely in future versions of Flower.
        
[2026-06-20 08:31:22,838] 268 flwr - WARNING - DEPRECATED FEATURE: `client_fn` now expects a signature `def client_fn(context: Context)`.The provided `client_fn` has signature: {'cid': <Parameter "cid: str">}. You can import the `Context` like this: `from flwr.common import Context`

            This is a deprecated feature. It will be removed
            entirely in future versions of Flower.
        
[2026-06-20 08:31:23,290] 268 flwr - WARNING - DEPRECATED FEATURE: `client_fn` now expects a signature `def client_fn(context: Context)`.The provided `client_fn` has signature: {'cid': <Parameter "cid: str">}. You can import the `Context` like this: `from flwr.common import Context`

            This is a deprecated feature. It will be removed
            entirely in future versions of Flower.
        
[2026-06-20 08:31:23,293] 268 flwr - WARNING - DEPRECATED FEATURE: `client_fn` now expects a signature `def client_fn(context: Context)`.The provided `client_fn` has signature: {'cid': <Parameter "cid: str">}. You can import the `Context` like this: `from flwr.common import Context`

            This is a deprecated feature. It will be removed
            entirely in future versions of Flower.
        
[2026-06-20 08:31:23,296] 268 flwr - WARNING - DEPRECATED FEATURE: `client_fn` now expects a signature `def client_fn(context: Context)`.The provided `client_fn` has signature: {'cid': <Parameter "cid: str">}. You can import the `Context` like this: `from flwr.common import Context`

            This is a deprecated feature. It will be removed
            entirely in future versions of Flower.
        
[2026-06-20 08:31:23,299] 268 flwr - WARNING - DEPRECATED FEATURE: `client_fn` now expects a signature `def client_fn(context: Context)`.The provided `client_fn` has signature: {'cid': <Parameter "cid: str">}. You can import the `Context` like this: `from flwr.common import Context`

            This is a deprecated feature. It will be removed
            entirely in future versions of Flower.
        
[2026-06-20 08:31:23,301] 268 flwr - WARNING - DEPRECATED FEATURE: `client_fn` now expects a signature `def client_fn(context: Context)`.The provided `client_fn` has signature: {'cid': <Parameter "cid: str">}. You can import the `Context` like this: `from flwr.common import Context`

            This is a deprecated feature. It will be removed
            entirely in future versions of Flower.
        
[2026-06-20 08:31:23,303] 268 flwr - WARNING - DEPRECATED FEATURE: `client_fn` now expects a signature `def client_fn(context: Context)`.The provided `client_fn` has signature: {'cid': <Parameter "cid: str">}. You can import the `Context` like this: `from flwr.common import Context`

            This is a deprecated feature. It will be removed
            entirely in future versions of Flower.
        
[2026-06-20 08:31:23,818] 268 flwr - WARNING - DEPRECATED FEATURE: `client_fn` now expects a signature `def client_fn(context: Context)`.The provided `client_fn` has signature: {'cid': <Parameter "cid: str">}. You can import the `Context` like this: `from flwr.common import Context`

            This is a deprecated feature. It will be removed
            entirely in future versions of Flower.
        
[2026-06-20 08:31:24,049] 268 flwr - WARNING - DEPRECATED FEATURE: `client_fn` now expects a signature `def client_fn(context: Context)`.The provided `client_fn` has signature: {'cid': <Parameter "cid: str">}. You can import the `Context` like this: `from flwr.common import Context`

            This is a deprecated feature. It will be removed
            entirely in future versions of Flower.
        
[2026-06-20 08:31:25,471] 268 flwr - WARNING - DEPRECATED FEATURE: `client_fn` now expects a signature `def client_fn(context: Context)`.The provided `client_fn` has signature: {'cid': <Parameter "cid: str">}. You can import the `Context` like this: `from flwr.common import Context`

            This is a deprecated feature. It will be removed
            entirely in future versions of Flower.
        
[2026-06-20 08:31:26,699] 268 flwr - WARNING - DEPRECATED FEATURE: `client_fn` now expects a signature `def client_fn(context: Context)`.The provided `client_fn` has signature: {'cid': <Parameter "cid: str">}. You can import the `Context` like this: `from flwr.common import Context`

            This is a deprecated feature. It will be removed
            entirely in future versions of Flower.
        
[2026-06-20 08:31:27,282] 268 flwr - WARNING - DEPRECATED FEATURE: `client_fn` now expects a signature `def client_fn(context: Context)`.The provided `client_fn` has signature: {'cid': <Parameter "cid: str">}. You can import the `Context` like this: `from flwr.common import Context`

            This is a deprecated feature. It will be removed
            entirely in future versions of Flower.
        
[2026-06-20 08:31:28,821] 268 flwr - WARNING - DEPRECATED FEATURE: `client_fn` now expects a signature `def client_fn(context: Context)`.The provided `client_fn` has signature: {'cid': <Parameter "cid: str">}. You can import the `Context` like this: `from flwr.common import Context`

            This is a deprecated feature. It will be removed
            entirely in future versions of Flower.
        
[2026-06-20 08:31:29,646] 268 flwr - WARNING - DEPRECATED FEATURE: `client_fn` now expects a signature `def client_fn(context: Context)`.The provided `client_fn` has signature: {'cid': <Parameter "cid: str">}. You can import the `Context` like this: `from flwr.common import Context`

            This is a deprecated feature. It will be removed
            entirely in future versions of Flower.
        
[2026-06-20 08:31:30,061] 268 flwr - WARNING - DEPRECATED FEATURE: `client_fn` now expects a signature `def client_fn(context: Context)`.The provided `client_fn` has signature: {'cid': <Parameter "cid: str">}. You can import the `Context` like this: `from flwr.common import Context`

            This is a deprecated feature. It will be removed
            entirely in future versions of Flower.
        
[2026-06-20 08:31:30,580] 268 flwr - WARNING - DEPRECATED FEATURE: `client_fn` now expects a signature `def client_fn(context: Context)`.The provided `client_fn` has signature: {'cid': <Parameter "cid: str">}. You can import the `Context` like this: `from flwr.common import Context`

            This is a deprecated feature. It will be removed
            entirely in future versions of Flower.
        
[2026-06-20 08:31:30,706] 268 flwr - WARNING - DEPRECATED FEATURE: `client_fn` now expects a signature `def client_fn(context: Context)`.The provided `client_fn` has signature: {'cid': <Parameter "cid: str">}. You can import the `Context` like this: `from flwr.common import Context`

            This is a deprecated feature. It will be removed
            entirely in future versions of Flower.
        
[2026-06-20 08:31:30,886] 268 flwr - WARNING - DEPRECATED FEATURE: `client_fn` now expects a signature `def client_fn(context: Context)`.The provided `client_fn` has signature: {'cid': <Parameter "cid: str">}. You can import the `Context` like this: `from flwr.common import Context`

            This is a deprecated feature. It will be removed
            entirely in future versions of Flower.
        
[2026-06-20 08:31:31,256] 268 flwr - WARNING - DEPRECATED FEATURE: `client_fn` now expects a signature `def client_fn(context: Context)`.The provided `client_fn` has signature: {'cid': <Parameter "cid: str">}. You can import the `Context` like this: `from flwr.common import Context`

            This is a deprecated feature. It will be removed
            entirely in future versions of Flower.
        
[2026-06-20 08:31:31,899] 268 flwr - WARNING - DEPRECATED FEATURE: `client_fn` now expects a signature `def client_fn(context: Context)`.The provided `client_fn` has signature: {'cid': <Parameter "cid: str">}. You can import the `Context` like this: `from flwr.common import Context`

            This is a deprecated feature. It will be removed
            entirely in future versions of Flower.
        
[2026-06-20 08:31:33,938] 268 flwr - WARNING - DEPRECATED FEATURE: `client_fn` now expects a signature `def client_fn(context: Context)`.The provided `client_fn` has signature: {'cid': <Parameter "cid: str">}. You can import the `Context` like this: `from flwr.common import Context`

            This is a deprecated feature. It will be removed
            entirely in future versions of Flower.
        
[2026-06-20 08:31:34,354] 39 root - INFO - [Attacker] Label flip: 0 samples class 1 \u2192 class 0
[2026-06-20 08:31:34,363] 39 root - INFO - [Attacker] Label flip: 0 samples class 1 \u2192 class 0
[2026-06-20 08:31:34,372] 39 root - INFO - [Attacker] Label flip: 0 samples class 1 \u2192 class 0
[2026-06-20 08:31:34,380] 39 root - INFO - [Attacker] Label flip: 0 samples class 1 \u2192 class 0
[2026-06-20 08:31:34,389] 39 root - INFO - [Attacker] Label flip: 0 samples class 1 \u2192 class 0
[2026-06-20 08:31:34,397] 39 root - INFO - [Attacker] Label flip: 0 samples class 1 \u2192 class 0
[2026-06-20 08:31:34,405] 39 root - INFO - [Attacker] Label flip: 0 samples class 1 \u2192 class 0
[2026-06-20 08:31:34,413] 39 root - INFO - [Attacker] Label flip: 0 samples class 1 \u2192 class 0
[2026-06-20 08:31:34,421] 39 root - INFO - [Attacker] Label flip: 0 samples class 1 \u2192 class 0
[2026-06-20 08:31:34,429] 39 root - INFO - [Attacker] Label flip: 0 samples class 1 \u2192 class 0
[2026-06-20 08:31:34,440] 39 root - INFO - [Attacker] Label flip: 0 samples class 1 \u2192 class 0
[2026-06-20 08:31:34,449] 39 root - INFO - [Attacker] Label flip: 0 samples class 1 \u2192 class 0
[2026-06-20 08:31:34,458] 39 root - INFO - [Attacker] Label flip: 0 samples class 1 \u2192 class 0
[2026-06-20 08:31:34,468] 39 root - INFO - [Attacker] Label flip: 0 samples class 1 \u2192 class 0
[2026-06-20 08:31:34,476] 39 root - INFO - [Attacker] Label flip: 0 samples class 1 \u2192 class 0
[2026-06-20 08:31:34,485] 39 root - INFO - [Attacker] Label flip: 0 samples class 1 \u2192 class 0
[2026-06-20 08:31:34,493] 39 root - INFO - [Attacker] Label flip: 0 samples class 1 \u2192 class 0
[2026-06-20 08:31:34,501] 39 root - INFO - [Attacker] Label flip: 0 samples class 1 \u2192 class 0
[2026-06-20 08:31:34,510] 39 root - INFO - [Attacker] Label flip: 0 samples class 1 \u2192 class 0
[2026-06-20 08:31:34,519] 39 root - INFO - [Attacker] Label flip: 0 samples class 1 \u2192 class 0
[2026-06-20 08:31:34,527] 39 root - INFO - [Attacker] Label flip: 0 samples class 1 \u2192 class 0
[2026-06-20 08:31:34,535] 39 root - INFO - [Attacker] Label flip: 0 samples class 1 \u2192 class 0
[2026-06-20 08:31:34,545] 39 root - INFO - [Attacker] Label flip: 0 samples class 1 \u2192 class 0
[2026-06-20 08:31:34,555] 39 root - INFO - [Attacker] Label flip: 0 samples class 1 \u2192 class 0
[2026-06-20 08:31:34,563] 39 root - INFO - [Attacker] Label flip: 0 samples class 1 \u2192 class 0
[2026-06-20 08:31:34,573] 39 root - INFO - [Attacker] Label flip: 0 samples class 1 \u2192 class 0
[2026-06-20 08:31:34,581] 39 root - INFO - [Attacker] Label flip: 0 samples class 1 \u2192 class 0
[2026-06-20 08:31:34,591] 39 root - INFO - [Attacker] Label flip: 0 samples class 1 \u2192 class 0
[2026-06-20 08:31:34,600] 39 root - INFO - [Attacker] Label flip: 0 samples class 1 \u2192 class 0
[2026-06-20 08:31:34,609] 39 root - INFO - [Attacker] Label flip: 0 samples class 1 \u2192 class 0
[2026-06-20 08:31:34,618] 39 root - INFO - [Attacker] Label flip: 0 samples class 1 \u2192 class 0
[2026-06-20 08:31:34,627] 39 root - INFO - [Attacker] Label flip: 0 samples class 1 \u2192 class 0
[2026-06-20 08:31:34,637] 39 root - INFO - [Attacker] Label flip: 0 samples class 1 \u2192 class 0
[2026-06-20 08:31:34,647] 39 root - INFO - [Attacker] Label flip: 0 samples class 1 \u2192 class 0
[2026-06-20 08:31:34,658] 39 root - INFO - [Attacker] Label flip: 0 samples class 1 \u2192 class 0
[2026-06-20 08:31:34,667] 39 root - INFO - [Attacker] Label flip: 0 samples class 1 \u2192 class 0
[2026-06-20 08:31:34,676] 39 root - INFO - [Attacker] Label flip: 0 samples class 1 \u2192 class 0
[2026-06-20 08:31:34,686] 39 root - INFO - [Attacker] Label flip: 0 samples class 1 \u2192 class 0
[2026-06-20 08:31:34,694] 39 root - INFO - [Attacker] Label flip: 0 samples class 1 \u2192 class 0
[2026-06-20 08:31:34,704] 39 root - INFO - [Attacker] Label flip: 0 samples class 1 \u2192 class 0
[2026-06-20 08:31:34,715] 39 root - INFO - [Attacker] Label flip: 0 samples class 1 \u2192 class 0
[2026-06-20 08:31:34,725] 39 root - INFO - [Attacker] Label flip: 0 samples class 1 \u2192 class 0
[2026-06-20 08:31:34,736] 39 root - INFO - [Attacker] Label flip: 0 samples class 1 \u2192 class 0
[2026-06-20 08:31:34,747] 39 root - INFO - [Attacker] Label flip: 0 samples class 1 \u2192 class 0
[2026-06-20 08:31:34,762] 39 root - INFO - [Attacker] Label flip: 0 samples class 1 \u2192 class 0
[2026-06-20 08:31:34,774] 39 root - INFO - [Attacker] Label flip: 0 samples class 1 \u2192 class 0
[2026-06-20 08:31:34,785] 39 root - INFO - [Attacker] Label flip: 0 samples class 1 \u2192 class 0
[2026-06-20 08:31:34,794] 39 root - INFO - [Attacker] Label flip: 0 samples class 1 \u2192 class 0
[2026-06-20 08:31:34,804] 39 root - INFO - [Attacker] Label flip: 0 samples class 1 \u2192 class 0
[2026-06-20 08:31:34,814] 39 root - INFO - [Attacker] Label flip: 0 samples class 1 \u2192 class 0
[2026-06-20 08:31:34,824] 39 root - INFO - [Attacker] Label flip: 0 samples class 1 \u2192 class 0
[2026-06-20 08:31:34,834] 39 root - INFO - [Attacker] Label flip: 0 samples class 1 \u2192 class 0
[2026-06-20 08:31:34,842] 39 root - INFO - [Attacker] Label flip: 0 samples class 1 \u2192 class 0
[2026-06-20 08:31:34,852] 39 root - INFO - [Attacker] Label flip: 0 samples class 1 \u2192 class 0
[2026-06-20 08:31:34,861] 39 root - INFO - [Attacker] Label flip: 0 samples class 1 \u2192 class 0
[2026-06-20 08:31:34,871] 39 root - INFO - [Attacker] Label flip: 0 samples class 1 \u2192 class 0
[2026-06-20 08:31:34,881] 39 root - INFO - [Attacker] Label flip: 0 samples class 1 \u2192 class 0
[2026-06-20 08:31:34,892] 39 root - INFO - [Attacker] Label flip: 0 samples class 1 \u2192 class 0
[2026-06-20 08:31:34,903] 39 root - INFO - [Attacker] Label flip: 0 samples class 1 \u2192 class 0
[2026-06-20 08:31:34,912] 39 root - INFO - [Attacker] Label flip: 0 samples class 1 \u2192 class 0
[2026-06-20 08:31:34,921] 39 root - INFO - [Attacker] Label flip: 0 samples class 1 \u2192 class 0
[2026-06-20 08:31:34,929] 39 root - INFO - [Attacker] Label flip: 0 samples class 1 \u2192 class 0
[2026-06-20 08:31:34,938] 39 root - INFO - [Attacker] Label flip: 0 samples class 1 \u2192 class 0
[2026-06-20 08:31:34,948] 39 root - INFO - [Attacker] Label flip: 0 samples class 1 \u2192 class 0
[2026-06-20 08:31:34,958] 39 root - INFO - [Attacker] Label flip: 0 samples class 1 \u2192 class 0
[2026-06-20 08:31:34,967] 39 root - INFO - [Attacker] Label flip: 0 samples class 1 \u2192 class 0
[2026-06-20 08:31:34,976] 39 root - INFO - [Attacker] Label flip: 0 samples class 1 \u2192 class 0
[2026-06-20 08:31:34,984] 39 root - INFO - [Attacker] Label flip: 0 samples class 1 \u2192 class 0
[2026-06-20 08:31:34,991] 39 root - INFO - [Attacker] Label flip: 0 samples class 1 \u2192 class 0
[2026-06-20 08:31:34,999] 39 root - INFO - [Attacker] Label flip: 0 samples class 1 \u2192 class 0
[2026-06-20 08:31:35,011] 39 root - INFO - [Attacker] Label flip: 0 samples class 1 \u2192 class 0
[2026-06-20 08:31:35,022] 39 root - INFO - [Attacker] Label flip: 0 samples class 1 \u2192 class 0
[2026-06-20 08:31:35,036] 39 root - INFO - [Attacker] Label flip: 0 samples class 1 \u2192 class 0
[2026-06-20 08:31:35,046] 39 root - INFO - [Attacker] Label flip: 0 samples class 1 \u2192 class 0
[2026-06-20 08:31:35,059] 39 root - INFO - [Attacker] Label flip: 0 samples class 1 \u2192 class 0
[2026-06-20 08:31:35,067] 39 root - INFO - [Attacker] Label flip: 0 samples class 1 \u2192 class 0
[2026-06-20 08:31:35,076] 39 root - INFO - [Attacker] Label flip: 0 samples class 1 \u2192 class 0
[2026-06-20 08:31:35,088] 39 root - INFO - [Attacker] Label flip: 0 samples class 1 \u2192 class 0
[2026-06-20 08:31:35,100] 39 root - INFO - [Attacker] Label flip: 0 samples class 1 \u2192 class 0
[2026-06-20 08:31:35,108] 39 root - INFO - [Attacker] Label flip: 0 samples class 1 \u2192 class 0
[2026-06-20 08:31:35,116] 39 root - INFO - [Attacker] Label flip: 0 samples class 1 \u2192 class 0
[2026-06-20 08:31:35,124] 39 root - INFO - [Attacker] Label flip: 0 samples class 1 \u2192 class 0
[2026-06-20 08:31:35,134] 39 root - INFO - [Attacker] Label flip: 0 samples class 1 \u2192 class 0
[2026-06-20 08:31:35,145] 39 root - INFO - [Attacker] Label flip: 0 samples class 1 \u2192 class 0
[2026-06-20 08:31:35,155] 39 root - INFO - [Attacker] Label flip: 0 samples class 1 \u2192 class 0
[2026-06-20 08:31:35,165] 39 root - INFO - [Attacker] Label flip: 0 samples class 1 \u2192 class 0
[2026-06-20 08:31:35,175] 39 root - INFO - [Attacker] Label flip: 0 samples class 1 \u2192 class 0
[2026-06-20 08:31:35,183] 39 root - INFO - [Attacker] Label flip: 0 samples class 1 \u2192 class 0
[2026-06-20 08:31:35,192] 39 root - INFO - [Attacker] Label flip: 0 samples class 1 \u2192 class 0
[2026-06-20 08:31:35,201] 39 root - INFO - [Attacker] Label flip: 0 samples class 1 \u2192 class 0
[2026-06-20 08:31:35,209] 39 root - INFO - [Attacker] Label flip: 0 samples class 1 \u2192 class 0
[2026-06-20 08:31:35,219] 39 root - INFO - [Attacker] Label flip: 0 samples class 1 \u2192 class 0
[2026-06-20 08:31:35,227] 39 root - INFO - [Attacker] Label flip: 0 samples class 1 \u2192 class 0
[2026-06-20 08:31:35,237] 39 root - INFO - [Attacker] Label flip: 0 samples class 1 \u2192 class 0
[2026-06-20 08:31:35,246] 39 root - INFO - [Attacker] Label flip: 0 samples class 1 \u2192 class 0
[2026-06-20 08:31:35,255] 39 root - INFO - [Attacker] Label flip: 0 samples class 1 \u2192 class 0
[2026-06-20 08:31:35,265] 39 root - INFO - [Attacker] Label flip: 0 samples class 1 \u2192 class 0
[2026-06-20 08:31:35,275] 39 root - INFO - [Attacker] Label flip: 0 samples class 1 \u2192 class 0
[2026-06-20 08:31:35,284] 39 root - INFO - [Attacker] Label flip: 0 samples class 1 \u2192 class 0
[2026-06-20 08:31:35,293] 39 root - INFO - [Attacker] Label flip: 0 samples class 1 \u2192 class 0
[2026-06-20 08:31:35,302] 39 root - INFO - [Attacker] Label flip: 0 samples class 1 \u2192 class 0
[2026-06-20 08:31:35,310] 39 root - INFO - [Attacker] Label flip: 0 samples class 1 \u2192 class 0
[2026-06-20 08:31:35,319] 39 root - INFO - [Attacker] Label flip: 0 samples class 1 \u2192 class 0
[2026-06-20 08:31:35,327] 39 root - INFO - [Attacker] Label flip: 0 samples class 1 \u2192 class 0
[2026-06-20 08:31:35,336] 39 root - INFO - [Attacker] Label flip: 0 samples class 1 \u2192 class 0
[2026-06-20 08:31:35,345] 39 root - INFO - [Attacker] Label flip: 0 samples class 1 \u2192 class 0
[2026-06-20 08:31:35,355] 39 root - INFO - [Attacker] Label flip: 0 samples class 1 \u2192 class 0
[2026-06-20 08:31:35,364] 39 root - INFO - [Attacker] Label flip: 0 samples class 1 \u2192 class 0
[2026-06-20 08:31:35,374] 39 root - INFO - [Attacker] Label flip: 0 samples class 1 \u2192 class 0
[2026-06-20 08:31:35,383] 39 root - INFO - [Attacker] Label flip: 0 samples class 1 \u2192 class 0
[2026-06-20 08:31:35,393] 39 root - INFO - [Attacker] Label flip: 0 samples class 1 \u2192 class 0
[2026-06-20 08:31:35,402] 39 root - INFO - [Attacker] Label flip: 0 samples class 1 \u2192 class 0
[2026-06-20 08:31:35,412] 39 root - INFO - [Attacker] Label flip: 0 samples class 1 \u2192 class 0
[2026-06-20 08:31:35,421] 39 root - INFO - [Attacker] Label flip: 0 samples class 1 \u2192 class 0
[2026-06-20 08:31:35,431] 39 root - INFO - [Attacker] Label flip: 0 samples class 1 \u2192 class 0
[2026-06-20 08:31:35,440] 39 root - INFO - [Attacker] Label flip: 0 samples class 1 \u2192 class 0
[2026-06-20 08:31:35,449] 39 root - INFO - [Attacker] Label flip: 0 samples class 1 \u2192 class 0
[2026-06-20 08:31:35,460] 39 root - INFO - [Attacker] Label flip: 0 samples class 1 \u2192 class 0
[2026-06-20 08:31:35,468] 39 root - INFO - [Attacker] Label flip: 0 samples class 1 \u2192 class 0
[2026-06-20 08:31:35,476] 39 root - INFO - [Attacker] Label flip: 0 samples class 1 \u2192 class 0
[2026-06-20 08:31:35,485] 39 root - INFO - [Attacker] Label flip: 0 samples class 1 \u2192 class 0
[2026-06-20 08:31:35,494] 39 root - INFO - [Attacker] Label flip: 0 samples class 1 \u2192 class 0
[2026-06-20 08:31:35,504] 39 root - INFO - [Attacker] Label flip: 0 samples class 1 \u2192 class 0
[2026-06-20 08:31:35,514] 39 root - INFO - [Attacker] Label flip: 0 samples class 1 \u2192 class 0
[2026-06-20 08:31:35,522] 39 root - INFO - [Attacker] Label flip: 0 samples class 1 \u2192 class 0
[2026-06-20 08:31:35,531] 39 root - INFO - [Attacker] Label flip: 0 samples class 1 \u2192 class 0
[2026-06-20 08:31:35,539] 39 root - INFO - [Attacker] Label flip: 0 samples class 1 \u2192 class 0
[2026-06-20 08:31:35,547] 39 root - INFO - [Attacker] Label flip: 0 samples class 1 \u2192 class 0
[2026-06-20 08:31:35,555] 39 root - INFO - [Attacker] Label flip: 0 samples class 1 \u2192 class 0
[2026-06-20 08:31:35,563] 39 root - INFO - [Attacker] Label flip: 0 samples class 1 \u2192 class 0
[2026-06-20 08:31:35,572] 39 root - INFO - [Attacker] Label flip: 0 samples class 1 \u2192 class 0
[2026-06-20 08:31:35,581] 39 root - INFO - [Attacker] Label flip: 0 samples class 1 \u2192 class 0
[2026-06-20 08:31:35,589] 39 root - INFO - [Attacker] Label flip: 0 samples class 1 \u2192 class 0
[2026-06-20 08:31:35,597] 39 root - INFO - [Attacker] Label flip: 0 samples class 1 \u2192 class 0
[2026-06-20 08:31:35,605] 39 root - INFO - [Attacker] Label flip: 0 samples class 1 \u2192 class 0
[2026-06-20 08:31:35,614] 39 root - INFO - [Attacker] Label flip: 0 samples class 1 \u2192 class 0
[2026-06-20 08:31:35,622] 39 root - INFO - [Attacker] Label flip: 0 samples class 1 \u2192 class 0
[2026-06-20 08:31:35,630] 39 root - INFO - [Attacker] Label flip: 0 samples class 1 \u2192 class 0
[2026-06-20 08:31:35,639] 39 root - INFO - [Attacker] Label flip: 0 samples class 1 \u2192 class 0
[2026-06-20 08:31:35,648] 39 root - INFO - [Attacker] Label flip: 0 samples class 1 \u2192 class 0
[2026-06-20 08:31:35,659] 39 root - INFO - [Attacker] Label flip: 0 samples class 1 \u2192 class 0
[2026-06-20 08:31:35,667] 39 root - INFO - [Attacker] Label flip: 0 samples class 1 \u2192 class 0
[2026-06-20 08:31:35,676] 39 root - INFO - [Attacker] Label flip: 0 samples class 1 \u2192 class 0
[2026-06-20 08:31:35,686] 39 root - INFO - [Attacker] Label flip: 0 samples class 1 \u2192 class 0
[2026-06-20 08:31:35,694] 39 root - INFO - [Attacker] Label flip: 0 samples class 1 \u2192 class 0
[2026-06-20 08:31:35,703] 39 root - INFO - [Attacker] Label flip: 0 samples class 1 \u2192 class 0
[2026-06-20 08:31:35,711] 39 root - INFO - [Attacker] Label flip: 0 samples class 1 \u2192 class 0
[2026-06-20 08:31:35,720] 39 root - INFO - [Attacker] Label flip: 0 samples class 1 \u2192 class 0
[2026-06-20 08:31:35,729] 39 root - INFO - [Attacker] Label flip: 0 samples class 1 \u2192 class 0
[2026-06-20 08:31:35,739] 39 root - INFO - [Attacker] Label flip: 0 samples class 1 \u2192 class 0
[2026-06-20 08:31:35,748] 39 root - INFO - [Attacker] Label flip: 0 samples class 1 \u2192 class 0
[2026-06-20 08:31:35,758] 39 root - INFO - [Attacker] Label flip: 0 samples class 1 \u2192 class 0
[2026-06-20 08:31:35,768] 39 root - INFO - [Attacker] Label flip: 0 samples class 1 \u2192 class 0
[2026-06-20 08:31:35,780] 39 root - INFO - [Attacker] Label flip: 0 samples class 1 \u2192 class 0
[2026-06-20 08:31:35,789] 39 root - INFO - [Attacker] Label flip: 0 samples class 1 \u2192 class 0
[2026-06-20 08:31:35,798] 39 root - INFO - [Attacker] Label flip: 0 samples class 1 \u2192 class 0
[2026-06-20 08:31:35,808] 39 root - INFO - [Attacker] Label flip: 0 samples class 1 \u2192 class 0
[2026-06-20 08:31:35,818] 39 root - INFO - [Attacker] Label flip: 0 samples class 1 \u2192 class 0
[2026-06-20 08:31:35,827] 39 root - INFO - [Attacker] Label flip: 0 samples class 1 \u2192 class 0
[2026-06-20 08:31:35,836] 39 root - INFO - [Attacker] Label flip: 0 samples class 1 \u2192 class 0
[2026-06-20 08:31:35,845] 39 root - INFO - [Attacker] Label flip: 0 samples class 1 \u2192 class 0
[2026-06-20 08:31:35,854] 39 root - INFO - [Attacker] Label flip: 0 samples class 1 \u2192 class 0
[2026-06-20 08:31:35,863] 39 root - INFO - [Attacker] Label flip: 0 samples class 1 \u2192 class 0
[2026-06-20 08:31:35,872] 39 root - INFO - [Attacker] Label flip: 0 samples class 1 \u2192 class 0
[2026-06-20 08:31:35,882] 39 root - INFO - [Attacker] Label flip: 0 samples class 1 \u2192 class 0
[2026-06-20 08:31:35,891] 39 root - INFO - [Attacker] Label flip: 0 samples class 1 \u2192 class 0
[2026-06-20 08:31:35,900] 39 root - INFO - [Attacker] Label flip: 0 samples class 1 \u2192 class 0
[2026-06-20 08:31:35,909] 39 root - INFO - [Attacker] Label flip: 0 samples class 1 \u2192 class 0
[2026-06-20 08:31:35,918] 39 root - INFO - [Attacker] Label flip: 0 samples class 1 \u2192 class 0
[2026-06-20 08:31:35,927] 39 root - INFO - [Attacker] Label flip: 0 samples class 1 \u2192 class 0
[2026-06-20 08:31:35,937] 39 root - INFO - [Attacker] Label flip: 0 samples class 1 \u2192 class 0
[2026-06-20 08:31:35,948] 39 root - INFO - [Attacker] Label flip: 0 samples class 1 \u2192 class 0
[2026-06-20 08:31:35,958] 39 root - INFO - [Attacker] Label flip: 0 samples class 1 \u2192 class 0
[2026-06-20 08:31:35,970] 39 root - INFO - [Attacker] Label flip: 0 samples class 1 \u2192 class 0
[2026-06-20 08:31:35,978] 39 root - INFO - [Attacker] Label flip: 0 samples class 1 \u2192 class 0
[2026-06-20 08:31:35,987] 39 root - INFO - [Attacker] Label flip: 0 samples class 1 \u2192 class 0
[2026-06-20 08:31:35,996] 39 root - INFO - [Attacker] Label flip: 0 samples class 1 \u2192 class 0
[2026-06-20 08:31:36,006] 39 root - INFO - [Attacker] Label flip: 0 samples class 1 \u2192 class 0
[2026-06-20 08:31:36,015] 39 root - INFO - [Attacker] Label flip: 0 samples class 1 \u2192 class 0
[2026-06-20 08:31:36,024] 39 root - INFO - [Attacker] Label flip: 0 samples class 1 \u2192 class 0
[2026-06-20 08:31:36,034] 39 root - INFO - [Attacker] Label flip: 0 samples class 1 \u2192 class 0
[2026-06-20 08:31:36,043] 39 root - INFO - [Attacker] Label flip: 0 samples class 1 \u2192 class 0
[2026-06-20 08:31:36,052] 39 root - INFO - [Attacker] Label flip: 0 samples class 1 \u2192 class 0
[2026-06-20 08:31:36,061] 39 root - INFO - [Attacker] Label flip: 0 samples class 1 \u2192 class 0
[2026-06-20 08:31:36,070] 39 root - INFO - [Attacker] Label flip: 0 samples class 1 \u2192 class 0
[2026-06-20 08:31:36,078] 39 root - INFO - [Attacker] Label flip: 0 samples class 1 \u2192 class 0
[2026-06-20 08:31:36,087] 39 root - INFO - [Attacker] Label flip: 0 samples class 1 \u2192 class 0
[2026-06-20 08:31:36,095] 39 root - INFO - [Attacker] Label flip: 0 samples class 1 \u2192 class 0
[2026-06-20 08:31:36,103] 39 root - INFO - [Attacker] Label flip: 0 samples class 1 \u2192 class 0
[2026-06-20 08:31:36,113] 39 root - INFO - [Attacker] Label flip: 0 samples class 1 \u2192 class 0
[2026-06-20 08:31:36,122] 39 root - INFO - [Attacker] Label flip: 0 samples class 1 \u2192 class 0
[2026-06-20 08:31:36,131] 39 root - INFO - [Attacker] Label flip: 0 samples class 1 \u2192 class 0
[2026-06-20 08:31:36,139] 39 root - INFO - [Attacker] Label flip: 0 samples class 1 \u2192 class 0
[2026-06-20 08:31:36,147] 39 root - INFO - [Attacker] Label flip: 0 samples class 1 \u2192 class 0
[2026-06-20 08:31:36,156] 39 root - INFO - [Attacker] Label flip: 0 samples class 1 \u2192 class 0
[2026-06-20 08:31:36,165] 39 root - INFO - [Attacker] Label flip: 0 samples class 1 \u2192 class 0
[2026-06-20 08:31:36,173] 39 root - INFO - [Attacker] Label flip: 0 samples class 1 \u2192 class 0
[2026-06-20 08:31:36,181] 39 root - INFO - [Attacker] Label flip: 0 samples class 1 \u2192 class 0
[2026-06-20 08:31:36,189] 39 root - INFO - [Attacker] Label flip: 0 samples class 1 \u2192 class 0
[2026-06-20 08:31:36,197] 39 root - INFO - [Attacker] Label flip: 0 samples class 1 \u2192 class 0
[2026-06-20 08:31:36,206] 39 root - INFO - [Attacker] Label flip: 0 samples class 1 \u2192 class 0
[2026-06-20 08:31:36,215] 39 root - INFO - [Attacker] Label flip: 0 samples class 1 \u2192 class 0
[2026-06-20 08:31:36,224] 39 root - INFO - [Attacker] Label flip: 0 samples class 1 \u2192 class 0
[2026-06-20 08:31:36,232] 39 root - INFO - [Attacker] Label flip: 0 samples class 1 \u2192 class 0
[2026-06-20 08:31:36,240] 39 root - INFO - [Attacker] Label flip: 0 samples class 1 \u2192 class 0
[2026-06-20 08:31:36,248] 39 root - INFO - [Attacker] Label flip: 0 samples class 1 \u2192 class 0
[2026-06-20 08:31:36,256] 39 root - INFO - [Attacker] Label flip: 0 samples class 1 \u2192 class 0
[2026-06-20 08:31:36,264] 39 root - INFO - [Attacker] Label flip: 0 samples class 1 \u2192 class 0
[2026-06-20 08:31:36,272] 39 root - INFO - [Attacker] Label flip: 0 samples class 1 \u2192 class 0
[2026-06-20 08:31:36,280] 39 root - INFO - [Attacker] Label flip: 0 samples class 1 \u2192 class 0
[2026-06-20 08:31:36,289] 39 root - INFO - [Attacker] Label flip: 0 samples class 1 \u2192 class 0
[2026-06-20 08:31:36,299] 39 root - INFO - [Attacker] Label flip: 0 samples class 1 \u2192 class 0
[2026-06-20 08:31:36,309] 39 root - INFO - [Attacker] Label flip: 0 samples class 1 \u2192 class 0
[2026-06-20 08:31:36,318] 39 root - INFO - [Attacker] Label flip: 0 samples class 1 \u2192 class 0
[2026-06-20 08:31:36,328] 39 root - INFO - [Attacker] Label flip: 0 samples class 1 \u2192 class 0
[2026-06-20 08:31:36,337] 39 root - INFO - [Attacker] Label flip: 0 samples class 1 \u2192 class 0
[2026-06-20 08:31:36,345] 39 root - INFO - [Attacker] Label flip: 0 samples class 1 \u2192 class 0
[2026-06-20 08:31:36,353] 39 root - INFO - [Attacker] Label flip: 0 samples class 1 \u2192 class 0
[2026-06-20 08:31:36,361] 39 root - INFO - [Attacker] Label flip: 0 samples class 1 \u2192 class 0
[2026-06-20 08:31:36,370] 39 root - INFO - [Attacker] Label flip: 0 samples class 1 \u2192 class 0
[2026-06-20 08:31:36,380] 39 root - INFO - [Attacker] Label flip: 0 samples class 1 \u2192 class 0
[2026-06-20 08:31:36,390] 39 root - INFO - [Attacker] Label flip: 0 samples class 1 \u2192 class 0
[2026-06-20 08:31:36,400] 39 root - INFO - [Attacker] Label flip: 0 samples class 1 \u2192 class 0
[2026-06-20 08:31:36,409] 39 root - INFO - [Attacker] Label flip: 0 samples class 1 \u2192 class 0
[2026-06-20 08:31:36,418] 39 root - INFO - [Attacker] Label flip: 0 samples class 1 \u2192 class 0
[2026-06-20 08:31:36,426] 39 root - INFO - [Attacker] Label flip: 0 samples class 1 \u2192 class 0
[2026-06-20 08:31:36,435] 39 root - INFO - [Attacker] Label flip: 0 samples class 1 \u2192 class 0
[2026-06-20 08:31:36,443] 39 root - INFO - [Attacker] Label flip: 0 samples class 1 \u2192 class 0
[2026-06-20 08:31:36,451] 39 root - INFO - [Attacker] Label flip: 0 samples class 1 \u2192 class 0
[2026-06-20 08:31:36,461] 39 root - INFO - [Attacker] Label flip: 0 samples class 1 \u2192 class 0
[2026-06-20 08:31:36,471] 39 root - INFO - [Attacker] Label flip: 0 samples class 1 \u2192 class 0
[2026-06-20 08:31:36,480] 39 root - INFO - [Attacker] Label flip: 0 samples class 1 \u2192 class 0
[2026-06-20 08:31:36,488] 39 root - INFO - [Attacker] Label flip: 0 samples class 1 \u2192 class 0
[2026-06-20 08:31:36,498] 39 root - INFO - [Attacker] Label flip: 0 samples class 1 \u2192 class 0
[2026-06-20 08:31:36,506] 39 root - INFO - [Attacker] Label flip: 0 samples class 1 \u2192 class 0
[2026-06-20 08:31:36,515] 39 root - INFO - [Attacker] Label flip: 0 samples class 1 \u2192 class 0
[2026-06-20 08:31:36,524] 39 root - INFO - [Attacker] Label flip: 0 samples class 1 \u2192 class 0
[2026-06-20 08:31:36,532] 39 root - INFO - [Attacker] Label flip: 0 samples class 1 \u2192 class 0
[2026-06-20 08:31:36,540] 39 root - INFO - [Attacker] Label flip: 0 samples class 1 \u2192 class 0
[2026-06-20 08:31:36,548] 39 root - INFO - [Attacker] Label flip: 0 samples class 1 \u2192 class 0
[2026-06-20 08:31:36,556] 39 root - INFO - [Attacker] Label flip: 0 samples class 1 \u2192 class 0
[2026-06-20 08:31:36,565] 39 root - INFO - [Attacker] Label flip: 0 samples class 1 \u2192 class 0
[2026-06-20 08:31:36,574] 39 root - INFO - [Attacker] Label flip: 0 samples class 1 \u2192 class 0
[2026-06-20 08:31:36,583] 39 root - INFO - [Attacker] Label flip: 0 samples class 1 \u2192 class 0
[2026-06-20 08:31:36,592] 39 root - INFO - [Attacker] Label flip: 0 samples class 1 \u2192 class 0
[2026-06-20 08:31:36,601] 39 root - INFO - [Attacker] Label flip: 0 samples class 1 \u2192 class 0
[2026-06-20 08:31:36,610] 39 root - INFO - [Attacker] Label flip: 0 samples class 1 \u2192 class 0
[2026-06-20 08:31:36,620] 39 root - INFO - [Attacker] Label flip: 0 samples class 1 \u2192 class 0
[2026-06-20 08:31:36,628] 39 root - INFO - [Attacker] Label flip: 0 samples class 1 \u2192 class 0
[2026-06-20 08:31:36,638] 39 root - INFO - [Attacker] Label flip: 0 samples class 1 \u2192 class 0
[2026-06-20 08:31:36,647] 39 root - INFO - [Attacker] Label flip: 0 samples class 1 \u2192 class 0
[2026-06-20 08:31:36,655] 39 root - INFO - [Attacker] Label flip: 0 samples class 1 \u2192 class 0
[2026-06-20 08:31:36,664] 39 root - INFO - [Attacker] Label flip: 0 samples class 1 \u2192 class 0
[2026-06-20 08:31:36,674] 39 root - INFO - [Attacker] Label flip: 0 samples class 1 \u2192 class 0
[2026-06-20 08:31:36,683] 39 root - INFO - [Attacker] Label flip: 0 samples class 1 \u2192 class 0
[2026-06-20 08:31:36,692] 39 root - INFO - [Attacker] Label flip: 0 samples class 1 \u2192 class 0
[2026-06-20 08:31:36,701] 39 root - INFO - [Attacker] Label flip: 0 samples class 1 \u2192 class 0
[2026-06-20 08:31:36,710] 39 root - INFO - [Attacker] Label flip: 0 samples class 1 \u2192 class 0
[2026-06-20 08:31:36,719] 39 root - INFO - [Attacker] Label flip: 0 samples class 1 \u2192 class 0
[2026-06-20 08:31:36,728] 39 root - INFO - [Attacker] Label flip: 0 samples class 1 \u2192 class 0
[2026-06-20 08:31:36,737] 39 root - INFO - [Attacker] Label flip: 0 samples class 1 \u2192 class 0
[2026-06-20 08:31:36,745] 39 root - INFO - [Attacker] Label flip: 0 samples class 1 \u2192 class 0
[2026-06-20 08:31:36,753] 39 root - INFO - [Attacker] Label flip: 0 samples class 1 \u2192 class 0
[2026-06-20 08:31:36,761] 39 root - INFO - [Attacker] Label flip: 0 samples class 1 \u2192 class 0
[2026-06-20 08:31:36,770] 39 root - INFO - [Attacker] Label flip: 0 samples class 1 \u2192 class 0
[2026-06-20 08:31:36,778] 39 root - INFO - [Attacker] Label flip: 0 samples class 1 \u2192 class 0
[2026-06-20 08:31:36,786] 39 root - INFO - [Attacker] Label flip: 0 samples class 1 \u2192 class 0
[2026-06-20 08:31:36,793] 39 root - INFO - [Attacker] Label flip: 0 samples class 1 \u2192 class 0
[2026-06-20 08:31:36,802] 39 root - INFO - [Attacker] Label flip: 0 samples class 1 \u2192 class 0
[2026-06-20 08:31:36,811] 39 root - INFO - [Attacker] Label flip: 0 samples class 1 \u2192 class 0
[2026-06-20 08:31:36,819] 39 root - INFO - [Attacker] Label flip: 0 samples class 1 \u2192 class 0
[2026-06-20 08:31:36,827] 39 root - INFO - [Attacker] Label flip: 0 samples class 1 \u2192 class 0
[2026-06-20 08:31:36,835] 39 root - INFO - [Attacker] Label flip: 0 samples class 1 \u2192 class 0
[2026-06-20 08:31:36,842] 39 root - INFO - [Attacker] Label flip: 0 samples class 1 \u2192 class 0
[2026-06-20 08:31:36,850] 39 root - INFO - [Attacker] Label flip: 0 samples class 1 \u2192 class 0
[2026-06-20 08:31:36,857] 39 root - INFO - [Attacker] Label flip: 0 samples class 1 \u2192 class 0
[2026-06-20 08:31:36,865] 39 root - INFO - [Attacker] Label flip: 0 samples class 1 \u2192 class 0
[2026-06-20 08:31:36,873] 39 root - INFO - [Attacker] Label flip: 0 samples class 1 \u2192 class 0
[2026-06-20 08:31:36,881] 39 root - INFO - [Attacker] Label flip: 0 samples class 1 \u2192 class 0
[2026-06-20 08:31:36,888] 39 root - INFO - [Attacker] Label flip: 0 samples class 1 \u2192 class 0
[2026-06-20 08:31:36,897] 39 root - INFO - [Attacker] Label flip: 0 samples class 1 \u2192 class 0
[2026-06-20 08:31:36,905] 39 root - INFO - [Attacker] Label flip: 0 samples class 1 \u2192 class 0
[2026-06-20 08:31:36,913] 39 root - INFO - [Attacker] Label flip: 0 samples class 1 \u2192 class 0
[2026-06-20 08:31:36,921] 39 root - INFO - [Attacker] Label flip: 0 samples class 1 \u2192 class 0
[2026-06-20 08:31:36,929] 39 root - INFO - [Attacker] Label flip: 0 samples class 1 \u2192 class 0
[2026-06-20 08:31:36,937] 39 root - INFO - [Attacker] Label flip: 0 samples class 1 \u2192 class 0
[2026-06-20 08:31:36,945] 39 root - INFO - [Attacker] Label flip: 0 samples class 1 \u2192 class 0
[2026-06-20 08:31:36,954] 39 root - INFO - [Attacker] Label flip: 0 samples class 1 \u2192 class 0
[2026-06-20 08:31:36,962] 39 root - INFO - [Attacker] Label flip: 0 samples class 1 \u2192 class 0
[2026-06-20 08:31:36,971] 39 root - INFO - [Attacker] Label flip: 0 samples class 1 \u2192 class 0
[2026-06-20 08:31:36,978] 39 root - INFO - [Attacker] Label flip: 0 samples class 1 \u2192 class 0
[2026-06-20 08:31:36,986] 39 root - INFO - [Attacker] Label flip: 0 samples class 1 \u2192 class 0
[2026-06-20 08:31:36,993] 39 root - INFO - [Attacker] Label flip: 0 samples class 1 \u2192 class 0
[2026-06-20 08:31:37,001] 39 root - INFO - [Attacker] Label flip: 0 samples class 1 \u2192 class 0
[2026-06-20 08:31:37,010] 39 root - INFO - [Attacker] Label flip: 0 samples class 1 \u2192 class 0
[2026-06-20 08:31:37,018] 39 root - INFO - [Attacker] Label flip: 0 samples class 1 \u2192 class 0
[2026-06-20 08:31:37,026] 39 root - INFO - [Attacker] Label flip: 0 samples class 1 \u2192 class 0
[2026-06-20 08:31:37,034] 39 root - INFO - [Attacker] Label flip: 0 samples class 1 \u2192 class 0
[2026-06-20 08:31:37,042] 39 root - INFO - [Attacker] Label flip: 0 samples class 1 \u2192 class 0
[2026-06-20 08:31:37,050] 39 root - INFO - [Attacker] Label flip: 0 samples class 1 \u2192 class 0
[2026-06-20 08:31:37,058] 39 root - INFO - [Attacker] Label flip: 0 samples class 1 \u2192 class 0
[2026-06-20 08:31:37,067] 39 root - INFO - [Attacker] Label flip: 0 samples class 1 \u2192 class 0
[2026-06-20 08:31:37,074] 39 root - INFO - [Attacker] Label flip: 0 samples class 1 \u2192 class 0
[2026-06-20 08:31:37,083] 39 root - INFO - [Attacker] Label flip: 0 samples class 1 \u2192 class 0
[2026-06-20 08:31:37,091] 39 root - INFO - [Attacker] Label flip: 0 samples class 1 \u2192 class 0
[2026-06-20 08:31:37,100] 39 root - INFO - [Attacker] Label flip: 0 samples class 1 \u2192 class 0
[2026-06-20 08:31:37,108] 39 root - INFO - [Attacker] Label flip: 0 samples class 1 \u2192 class 0
[2026-06-20 08:31:37,115] 39 root - INFO - [Attacker] Label flip: 0 samples class 1 \u2192 class 0
[2026-06-20 08:31:37,123] 39 root - INFO - [Attacker] Label flip: 0 samples class 1 \u2192 class 0
[2026-06-20 08:31:37,131] 39 root - INFO - [Attacker] Label flip: 0 samples class 1 \u2192 class 0
[2026-06-20 08:31:37,138] 39 root - INFO - [Attacker] Label flip: 0 samples class 1 \u2192 class 0
[2026-06-20 08:31:37,146] 39 root - INFO - [Attacker] Label flip: 0 samples class 1 \u2192 class 0
[2026-06-20 08:31:37,154] 39 root - INFO - [Attacker] Label flip: 0 samples class 1 \u2192 class 0
[2026-06-20 08:31:37,162] 39 root - INFO - [Attacker] Label flip: 0 samples class 1 \u2192 class 0
[2026-06-20 08:31:37,170] 39 root - INFO - [Attacker] Label flip: 0 samples class 1 \u2192 class 0
[2026-06-20 08:31:37,179] 39 root - INFO - [Attacker] Label flip: 0 samples class 1 \u2192 class 0
[2026-06-20 08:31:37,188] 39 root - INFO - [Attacker] Label flip: 0 samples class 1 \u2192 class 0
[2026-06-20 08:31:37,196] 39 root - INFO - [Attacker] Label flip: 0 samples class 1 \u2192 class 0
[2026-06-20 08:31:37,203] 39 root - INFO - [Attacker] Label flip: 0 samples class 1 \u2192 class 0
[2026-06-20 08:31:37,212] 39 root - INFO - [Attacker] Label flip: 0 samples class 1 \u2192 class 0
[2026-06-20 08:31:37,219] 39 root - INFO - [Attacker] Label flip: 0 samples class 1 \u2192 class 0
[2026-06-20 08:31:37,228] 39 root - INFO - [Attacker] Label flip: 0 samples class 1 \u2192 class 0
[2026-06-20 08:31:37,236] 39 root - INFO - [Attacker] Label flip: 0 samples class 1 \u2192 class 0
[2026-06-20 08:31:37,244] 39 root - INFO - [Attacker] Label flip: 0 samples class 1 \u2192 class 0
[2026-06-20 08:31:37,252] 39 root - INFO - [Attacker] Label flip: 0 samples class 1 \u2192 class 0
[2026-06-20 08:31:37,261] 39 root - INFO - [Attacker] Label flip: 0 samples class 1 \u2192 class 0
[2026-06-20 08:31:37,268] 39 root - INFO - [Attacker] Label flip: 0 samples class 1 \u2192 class 0
[2026-06-20 08:31:37,276] 39 root - INFO - [Attacker] Label flip: 0 samples class 1 \u2192 class 0
[2026-06-20 08:31:37,284] 39 root - INFO - [Attacker] Label flip: 0 samples class 1 \u2192 class 0
[2026-06-20 08:31:37,292] 39 root - INFO - [Attacker] Label flip: 0 samples class 1 \u2192 class 0
[2026-06-20 08:31:37,300] 39 root - INFO - [Attacker] Label flip: 0 samples class 1 \u2192 class 0
[2026-06-20 08:31:37,310] 39 root - INFO - [Attacker] Label flip: 0 samples class 1 \u2192 class 0
[2026-06-20 08:31:37,318] 39 root - INFO - [Attacker] Label flip: 0 samples class 1 \u2192 class 0
[2026-06-20 08:31:37,326] 39 root - INFO - [Attacker] Label flip: 0 samples class 1 \u2192 class 0
[2026-06-20 08:31:37,334] 39 root - INFO - [Attacker] Label flip: 0 samples class 1 \u2192 class 0
[2026-06-20 08:31:37,346] 39 root - INFO - [Attacker] Label flip: 0 samples class 1 \u2192 class 0
[2026-06-20 08:31:37,356] 39 root - INFO - [Attacker] Label flip: 0 samples class 1 \u2192 class 0
[2026-06-20 08:31:37,364] 39 root - INFO - [Attacker] Label flip: 0 samples class 1 \u2192 class 0
[2026-06-20 08:31:37,373] 39 root - INFO - [Attacker] Label flip: 0 samples class 1 \u2192 class 0
[2026-06-20 08:31:37,381] 39 root - INFO - [Attacker] Label flip: 0 samples class 1 \u2192 class 0
[2026-06-20 08:31:37,391] 39 root - INFO - [Attacker] Label flip: 0 samples class 1 \u2192 class 0
[2026-06-20 08:31:37,400] 39 root - INFO - [Attacker] Label flip: 0 samples class 1 \u2192 class 0
[2026-06-20 08:31:37,408] 39 root - INFO - [Attacker] Label flip: 0 samples class 1 \u2192 class 0
[2026-06-20 08:31:37,417] 39 root - INFO - [Attacker] Label flip: 0 samples class 1 \u2192 class 0
[2026-06-20 08:31:37,425] 39 root - INFO - [Attacker] Label flip: 0 samples class 1 \u2192 class 0
[2026-06-20 08:31:37,436] 39 root - INFO - [Attacker] Label flip: 0 samples class 1 \u2192 class 0
[2026-06-20 08:31:37,447] 39 root - INFO - [Attacker] Label flip: 0 samples class 1 \u2192 class 0
[2026-06-20 08:31:37,456] 39 root - INFO - [Attacker] Label flip: 0 samples class 1 \u2192 class 0
[2026-06-20 08:31:37,465] 39 root - INFO - [Attacker] Label flip: 0 samples class 1 \u2192 class 0
[2026-06-20 08:31:37,473] 39 root - INFO - [Attacker] Label flip: 0 samples class 1 \u2192 class 0
[2026-06-20 08:31:37,483] 39 root - INFO - [Attacker] Label flip: 0 samples class 1 \u2192 class 0
[2026-06-20 08:31:37,492] 39 root - INFO - [Attacker] Label flip: 0 samples class 1 \u2192 class 0
[2026-06-20 08:31:37,501] 39 root - INFO - [Attacker] Label flip: 0 samples class 1 \u2192 class 0
[2026-06-20 08:31:37,511] 39 root - INFO - [Attacker] Label flip: 0 samples class 1 \u2192 class 0
[2026-06-20 08:31:37,519] 39 root - INFO - [Attacker] Label flip: 0 samples class 1 \u2192 class 0
[2026-06-20 08:31:37,529] 39 root - INFO - [Attacker] Label flip: 0 samples class 1 \u2192 class 0
[2026-06-20 08:31:37,538] 39 root - INFO - [Attacker] Label flip: 0 samples class 1 \u2192 class 0
[2026-06-20 08:31:37,546] 39 root - INFO - [Attacker] Label flip: 0 samples class 1 \u2192 class 0
[2026-06-20 08:31:37,555] 39 root - INFO - [Attacker] Label flip: 0 samples class 1 \u2192 class 0
[2026-06-20 08:31:37,564] 39 root - INFO - [Attacker] Label flip: 0 samples class 1 \u2192 class 0
[2026-06-20 08:31:37,572] 39 root - INFO - [Attacker] Label flip: 0 samples class 1 \u2192 class 0
[2026-06-20 08:31:37,582] 39 root - INFO - [Attacker] Label flip: 0 samples class 1 \u2192 class 0
[2026-06-20 08:31:37,592] 39 root - INFO - [Attacker] Label flip: 0 samples class 1 \u2192 class 0
[2026-06-20 08:31:37,600] 39 root - INFO - [Attacker] Label flip: 0 samples class 1 \u2192 class 0
[2026-06-20 08:31:37,609] 39 root - INFO - [Attacker] Label flip: 0 samples class 1 \u2192 class 0
[2026-06-20 08:31:37,619] 39 root - INFO - [Attacker] Label flip: 0 samples class 1 \u2192 class 0
[2026-06-20 08:31:37,628] 39 root - INFO - [Attacker] Label flip: 0 samples class 1 \u2192 class 0
[2026-06-20 08:31:37,639] 39 root - INFO - [Attacker] Label flip: 0 samples class 1 \u2192 class 0
[2026-06-20 08:31:37,647] 39 root - INFO - [Attacker] Label flip: 0 samples class 1 \u2192 class 0
[2026-06-20 08:31:37,655] 39 root - INFO - [Attacker] Label flip: 0 samples class 1 \u2192 class 0
[2026-06-20 08:31:37,664] 39 root - INFO - [Attacker] Label flip: 0 samples class 1 \u2192 class 0
[2026-06-20 08:31:37,673] 39 root - INFO - [Attacker] Label flip: 0 samples class 1 \u2192 class 0
[2026-06-20 08:31:37,682] 39 root - INFO - [Attacker] Label flip: 0 samples class 1 \u2192 class 0
[2026-06-20 08:31:37,690] 39 root - INFO - [Attacker] Label flip: 0 samples class 1 \u2192 class 0
[2026-06-20 08:31:37,698] 39 root - INFO - [Attacker] Label flip: 0 samples class 1 \u2192 class 0
[2026-06-20 08:31:37,708] 39 root - INFO - [Attacker] Label flip: 0 samples class 1 \u2192 class 0
[2026-06-20 08:31:37,716] 39 root - INFO - [Attacker] Label flip: 0 samples class 1 \u2192 class 0
[2026-06-20 08:31:37,725] 39 root - INFO - [Attacker] Label flip: 0 samples class 1 \u2192 class 0
[2026-06-20 08:31:37,733] 39 root - INFO - [Attacker] Label flip: 0 samples class 1 \u2192 class 0
[2026-06-20 08:31:37,742] 39 root - INFO - [Attacker] Label flip: 0 samples class 1 \u2192 class 0
[2026-06-20 08:31:37,750] 39 root - INFO - [Attacker] Label flip: 0 samples class 1 \u2192 class 0
[2026-06-20 08:31:37,758] 39 root - INFO - [Attacker] Label flip: 0 samples class 1 \u2192 class 0
[2026-06-20 08:31:37,766] 39 root - INFO - [Attacker] Label flip: 0 samples class 1 \u2192 class 0
[2026-06-20 08:31:37,776] 39 root - INFO - [Attacker] Label flip: 0 samples class 1 \u2192 class 0
[2026-06-20 08:31:37,785] 39 root - INFO - [Attacker] Label flip: 0 samples class 1 \u2192 class 0
[2026-06-20 08:31:37,793] 39 root - INFO - [Attacker] Label flip: 0 samples class 1 \u2192 class 0
[2026-06-20 08:31:37,801] 39 root - INFO - [Attacker] Label flip: 0 samples class 1 \u2192 class 0
[2026-06-20 08:31:37,811] 39 root - INFO - [Attacker] Label flip: 0 samples class 1 \u2192 class 0
[2026-06-20 08:31:37,820] 39 root - INFO - [Attacker] Label flip: 0 samples class 1 \u2192 class 0
[2026-06-20 08:31:37,829] 39 root - INFO - [Attacker] Label flip: 0 samples class 1 \u2192 class 0
[2026-06-20 08:31:37,837] 39 root - INFO - [Attacker] Label flip: 0 samples class 1 \u2192 class 0
[2026-06-20 08:31:37,852] 39 root - INFO - [Attacker] Label flip: 0 samples class 1 \u2192 class 0
[2026-06-20 08:31:37,860] 39 root - INFO - [Attacker] Label flip: 0 samples class 1 \u2192 class 0
[2026-06-20 08:31:37,867] 39 root - INFO - [Attacker] Label flip: 0 samples class 1 \u2192 class 0
[2026-06-20 08:31:37,876] 39 root - INFO - [Attacker] Label flip: 0 samples class 1 \u2192 class 0
[2026-06-20 08:31:37,884] 39 root - INFO - [Attacker] Label flip: 0 samples class 1 \u2192 class 0
[2026-06-20 08:31:37,892] 39 root - INFO - [Attacker] Label flip: 0 samples class 1 \u2192 class 0
[2026-06-20 08:31:37,900] 39 root - INFO - [Attacker] Label flip: 0 samples class 1 \u2192 class 0
[2026-06-20 08:31:37,907] 39 root - INFO - [Attacker] Label flip: 0 samples class 1 \u2192 class 0
[2026-06-20 08:31:37,915] 39 root - INFO - [Attacker] Label flip: 0 samples class 1 \u2192 class 0
[2026-06-20 08:31:37,923] 39 root - INFO - [Attacker] Label flip: 0 samples class 1 \u2192 class 0
[2026-06-20 08:31:37,930] 39 root - INFO - [Attacker] Label flip: 0 samples class 1 \u2192 class 0
[2026-06-20 08:31:37,938] 39 root - INFO - [Attacker] Label flip: 0 samples class 1 \u2192 class 0
[2026-06-20 08:31:37,945] 39 root - INFO - [Attacker] Label flip: 0 samples class 1 \u2192 class 0
[2026-06-20 08:31:37,952] 39 root - INFO - [Attacker] Label flip: 0 samples class 1 \u2192 class 0
[2026-06-20 08:31:37,960] 39 root - INFO - [Attacker] Label flip: 0 samples class 1 \u2192 class 0
[2026-06-20 08:31:37,968] 39 root - INFO - [Attacker] Label flip: 0 samples class 1 \u2192 class 0
[2026-06-20 08:31:37,975] 39 root - INFO - [Attacker] Label flip: 0 samples class 1 \u2192 class 0
[2026-06-20 08:31:37,983] 39 root - INFO - [Attacker] Label flip: 0 samples class 1 \u2192 class 0
[2026-06-20 08:31:37,990] 39 root - INFO - [Attacker] Label flip: 0 samples class 1 \u2192 class 0
[2026-06-20 08:31:37,998] 39 root - INFO - [Attacker] Label flip: 0 samples class 1 \u2192 class 0
[2026-06-20 08:31:38,006] 39 root - INFO - [Attacker] Label flip: 0 samples class 1 \u2192 class 0
[2026-06-20 08:31:38,014] 39 root - INFO - [Attacker] Label flip: 0 samples class 1 \u2192 class 0
[2026-06-20 08:31:38,022] 39 root - INFO - [Attacker] Label flip: 0 samples class 1 \u2192 class 0
[2026-06-20 08:31:38,029] 39 root - INFO - [Attacker] Label flip: 0 samples class 1 \u2192 class 0
[2026-06-20 08:31:38,037] 39 root - INFO - [Attacker] Label flip: 0 samples class 1 \u2192 class 0
[2026-06-20 08:31:38,044] 39 root - INFO - [Attacker] Label flip: 0 samples class 1 \u2192 class 0
[2026-06-20 08:31:38,053] 39 root - INFO - [Attacker] Label flip: 0 samples class 1 \u2192 class 0
[2026-06-20 08:31:38,060] 39 root - INFO - [Attacker] Label flip: 0 samples class 1 \u2192 class 0
[2026-06-20 08:31:38,068] 39 root - INFO - [Attacker] Label flip: 0 samples class 1 \u2192 class 0
[2026-06-20 08:31:38,075] 39 root - INFO - [Attacker] Label flip: 0 samples class 1 \u2192 class 0
[2026-06-20 08:31:38,082] 39 root - INFO - [Attacker] Label flip: 0 samples class 1 \u2192 class 0
[2026-06-20 08:31:38,090] 39 root - INFO - [Attacker] Label flip: 0 samples class 1 \u2192 class 0
[2026-06-20 08:31:38,098] 39 root - INFO - [Attacker] Label flip: 0 samples class 1 \u2192 class 0
[2026-06-20 08:31:38,105] 39 root - INFO - [Attacker] Label flip: 0 samples class 1 \u2192 class 0
[2026-06-20 08:31:38,113] 39 root - INFO - [Attacker] Label flip: 0 samples class 1 \u2192 class 0
[2026-06-20 08:31:38,121] 39 root - INFO - [Attacker] Label flip: 0 samples class 1 \u2192 class 0
[2026-06-20 08:31:38,128] 39 root - INFO - [Attacker] Label flip: 0 samples class 1 \u2192 class 0
[2026-06-20 08:31:38,136] 39 root - INFO - [Attacker] Label flip: 0 samples class 1 \u2192 class 0
[2026-06-20 08:31:38,143] 39 root - INFO - [Attacker] Label flip: 0 samples class 1 \u2192 class 0
[2026-06-20 08:31:38,150] 39 root - INFO - [Attacker] Label flip: 0 samples class 1 \u2192 class 0
[2026-06-20 08:31:38,158] 39 root - INFO - [Attacker] Label flip: 0 samples class 1 \u2192 class 0
[2026-06-20 08:31:38,166] 39 root - INFO - [Attacker] Label flip: 0 samples class 1 \u2192 class 0
[2026-06-20 08:31:38,175] 39 root - INFO - [Attacker] Label flip: 0 samples class 1 \u2192 class 0
[2026-06-20 08:31:38,182] 39 root - INFO - [Attacker] Label flip: 0 samples class 1 \u2192 class 0
[2026-06-20 08:31:38,190] 39 root - INFO - [Attacker] Label flip: 0 samples class 1 \u2192 class 0
[2026-06-20 08:31:38,197] 39 root - INFO - [Attacker] Label flip: 0 samples class 1 \u2192 class 0
[2026-06-20 08:31:38,205] 39 root - INFO - [Attacker] Label flip: 0 samples class 1 \u2192 class 0
[2026-06-20 08:31:38,213] 39 root - INFO - [Attacker] Label flip: 0 samples class 1 \u2192 class 0
[2026-06-20 08:31:38,220] 39 root - INFO - [Attacker] Label flip: 0 samples class 1 \u2192 class 0
[2026-06-20 08:31:38,227] 39 root - INFO - [Attacker] Label flip: 0 samples class 1 \u2192 class 0
[2026-06-20 08:31:38,235] 39 root - INFO - [Attacker] Label flip: 0 samples class 1 \u2192 class 0
[2026-06-20 08:31:38,243] 39 root - INFO - [Attacker] Label flip: 0 samples class 1 \u2192 class 0
[2026-06-20 08:31:38,251] 39 root - INFO - [Attacker] Label flip: 0 samples class 1 \u2192 class 0
[2026-06-20 08:31:38,259] 39 root - INFO - [Attacker] Label flip: 0 samples class 1 \u2192 class 0
[2026-06-20 08:31:38,267] 39 root - INFO - [Attacker] Label flip: 0 samples class 1 \u2192 class 0
[2026-06-20 08:31:38,274] 39 root - INFO - [Attacker] Label flip: 0 samples class 1 \u2192 class 0
[2026-06-20 08:31:38,281] 39 root - INFO - [Attacker] Label flip: 0 samples class 1 \u2192 class 0
[2026-06-20 08:31:38,289] 39 root - INFO - [Attacker] Label flip: 0 samples class 1 \u2192 class 0
[2026-06-20 08:31:38,298] 39 root - INFO - [Attacker] Label flip: 0 samples class 1 \u2192 class 0
[2026-06-20 08:31:38,306] 39 root - INFO - [Attacker] Label flip: 0 samples class 1 \u2192 class 0
[2026-06-20 08:31:38,314] 39 root - INFO - [Attacker] Label flip: 0 samples class 1 \u2192 class 0
[2026-06-20 08:31:38,321] 39 root - INFO - [Attacker] Label flip: 0 samples class 1 \u2192 class 0
[2026-06-20 08:31:38,329] 39 root - INFO - [Attacker] Label flip: 0 samples class 1 \u2192 class 0
[2026-06-20 08:31:38,337] 39 root - INFO - [Attacker] Label flip: 0 samples class 1 \u2192 class 0
[2026-06-20 08:31:38,344] 39 root - INFO - [Attacker] Label flip: 0 samples class 1 \u2192 class 0
[2026-06-20 08:31:38,352] 39 root - INFO - [Attacker] Label flip: 0 samples class 1 \u2192 class 0
[2026-06-20 08:31:38,360] 39 root - INFO - [Attacker] Label flip: 0 samples class 1 \u2192 class 0
[2026-06-20 08:31:38,367] 39 root - INFO - [Attacker] Label flip: 0 samples class 1 \u2192 class 0
[2026-06-20 08:31:38,375] 39 root - INFO - [Attacker] Label flip: 0 samples class 1 \u2192 class 0
[2026-06-20 08:31:38,382] 39 root - INFO - [Attacker] Label flip: 0 samples class 1 \u2192 class 0
[2026-06-20 08:31:38,390] 39 root - INFO - [Attacker] Label flip: 0 samples class 1 \u2192 class 0
[2026-06-20 08:31:38,397] 39 root - INFO - [Attacker] Label flip: 0 samples class 1 \u2192 class 0
[2026-06-20 08:31:38,405] 39 root - INFO - [Attacker] Label flip: 0 samples class 1 \u2192 class 0
[2026-06-20 08:31:38,413] 39 root - INFO - [Attacker] Label flip: 0 samples class 1 \u2192 class 0
[2026-06-20 08:31:38,422] 39 root - INFO - [Attacker] Label flip: 0 samples class 1 \u2192 class 0
[2026-06-20 08:31:38,430] 39 root - INFO - [Attacker] Label flip: 0 samples class 1 \u2192 class 0
[2026-06-20 08:31:38,438] 39 root - INFO - [Attacker] Label flip: 0 samples class 1 \u2192 class 0
[2026-06-20 08:31:38,445] 39 root - INFO - [Attacker] Label flip: 0 samples class 1 \u2192 class 0
[2026-06-20 08:31:38,453] 39 root - INFO - [Attacker] Label flip: 0 samples class 1 \u2192 class 0
[2026-06-20 08:31:38,460] 39 root - INFO - [Attacker] Label flip: 0 samples class 1 \u2192 class 0
[2026-06-20 08:31:38,468] 39 root - INFO - [Attacker] Label flip: 0 samples class 1 \u2192 class 0
[2026-06-20 08:31:38,475] 39 root - INFO - [Attacker] Label flip: 0 samples class 1 \u2192 class 0
[2026-06-20 08:31:38,483] 39 root - INFO - [Attacker] Label flip: 0 samples class 1 \u2192 class 0
[2026-06-20 08:31:38,490] 39 root - INFO - [Attacker] Label flip: 0 samples class 1 \u2192 class 0
[2026-06-20 08:31:38,498] 39 root - INFO - [Attacker] Label flip: 0 samples class 1 \u2192 class 0
[2026-06-20 08:31:38,506] 39 root - INFO - [Attacker] Label flip: 0 samples class 1 \u2192 class 0
[2026-06-20 08:31:38,514] 39 root - INFO - [Attacker] Label flip: 0 samples class 1 \u2192 class 0
[2026-06-20 08:31:38,521] 39 root - INFO - [Attacker] Label flip: 0 samples class 1 \u2192 class 0
[2026-06-20 08:31:38,529] 39 root - INFO - [Attacker] Label flip: 0 samples class 1 \u2192 class 0
[2026-06-20 08:31:38,537] 39 root - INFO - [Attacker] Label flip: 0 samples class 1 \u2192 class 0
[2026-06-20 08:31:38,545] 39 root - INFO - [Attacker] Label flip: 0 samples class 1 \u2192 class 0
[2026-06-20 08:31:38,552] 39 root - INFO - [Attacker] Label flip: 0 samples class 1 \u2192 class 0
[2026-06-20 08:31:38,560] 39 root - INFO - [Attacker] Label flip: 0 samples class 1 \u2192 class 0
[2026-06-20 08:31:38,568] 39 root - INFO - [Attacker] Label flip: 0 samples class 1 \u2192 class 0
[2026-06-20 08:31:38,576] 39 root - INFO - [Attacker] Label flip: 0 samples class 1 \u2192 class 0
[2026-06-20 08:31:38,583] 39 root - INFO - [Attacker] Label flip: 0 samples class 1 \u2192 class 0
[2026-06-20 08:31:38,591] 39 root - INFO - [Attacker] Label flip: 0 samples class 1 \u2192 class 0
[2026-06-20 08:31:38,599] 39 root - INFO - [Attacker] Label flip: 0 samples class 1 \u2192 class 0
[2026-06-20 08:31:38,607] 39 root - INFO - [Attacker] Label flip: 0 samples class 1 \u2192 class 0
[2026-06-20 08:31:38,614] 39 root - INFO - [Attacker] Label flip: 0 samples class 1 \u2192 class 0
[2026-06-20 08:31:38,622] 39 root - INFO - [Attacker] Label flip: 0 samples class 1 \u2192 class 0
[2026-06-20 08:31:38,630] 39 root - INFO - [Attacker] Label flip: 0 samples class 1 \u2192 class 0
[2026-06-20 08:31:38,637] 39 root - INFO - [Attacker] Label flip: 0 samples class 1 \u2192 class 0
[2026-06-20 08:31:38,644] 39 root - INFO - [Attacker] Label flip: 0 samples class 1 \u2192 class 0
[2026-06-20 08:31:38,652] 39 root - INFO - [Attacker] Label flip: 0 samples class 1 \u2192 class 0
[2026-06-20 08:31:38,659] 39 root - INFO - [Attacker] Label flip: 0 samples class 1 \u2192 class 0
[2026-06-20 08:31:38,666] 39 root - INFO - [Attacker] Label flip: 0 samples class 1 \u2192 class 0
[2026-06-20 08:31:38,674] 39 root - INFO - [Attacker] Label flip: 0 samples class 1 \u2192 class 0
[2026-06-20 08:31:38,682] 39 root - INFO - [Attacker] Label flip: 0 samples class 1 \u2192 class 0
[2026-06-20 08:31:38,689] 39 root - INFO - [Attacker] Label flip: 0 samples class 1 \u2192 class 0
[2026-06-20 08:31:38,697] 39 root - INFO - [Attacker] Label flip: 0 samples class 1 \u2192 class 0
[2026-06-20 08:31:38,704] 39 root - INFO - [Attacker] Label flip: 0 samples class 1 \u2192 class 0
[2026-06-20 08:31:38,712] 39 root - INFO - [Attacker] Label flip: 0 samples class 1 \u2192 class 0
[2026-06-20 08:31:38,720] 39 root - INFO - [Attacker] Label flip: 0 samples class 1 \u2192 class 0
[2026-06-20 08:31:38,727] 39 root - INFO - [Attacker] Label flip: 0 samples class 1 \u2192 class 0
[2026-06-20 08:31:38,734] 39 root - INFO - [Attacker] Label flip: 0 samples class 1 \u2192 class 0
[2026-06-20 08:31:38,742] 39 root - INFO - [Attacker] Label flip: 0 samples class 1 \u2192 class 0
[2026-06-20 08:31:38,750] 39 root - INFO - [Attacker] Label flip: 0 samples class 1 \u2192 class 0
[2026-06-20 08:31:38,758] 39 root - INFO - [Attacker] Label flip: 0 samples class 1 \u2192 class 0
[2026-06-20 08:31:38,765] 39 root - INFO - [Attacker] Label flip: 0 samples class 1 \u2192 class 0
[2026-06-20 08:31:38,774] 39 root - INFO - [Attacker] Label flip: 0 samples class 1 \u2192 class 0
[2026-06-20 08:31:38,781] 39 root - INFO - [Attacker] Label flip: 0 samples class 1 \u2192 class 0
[2026-06-20 08:31:38,788] 39 root - INFO - [Attacker] Label flip: 0 samples class 1 \u2192 class 0
[2026-06-20 08:31:38,797] 39 root - INFO - [Attacker] Label flip: 0 samples class 1 \u2192 class 0
[2026-06-20 08:31:38,804] 39 root - INFO - [Attacker] Label flip: 0 samples class 1 \u2192 class 0
[2026-06-20 08:31:38,812] 39 root - INFO - [Attacker] Label flip: 0 samples class 1 \u2192 class 0
[2026-06-20 08:31:38,819] 39 root - INFO - [Attacker] Label flip: 0 samples class 1 \u2192 class 0
[2026-06-20 08:31:38,827] 39 root - INFO - [Attacker] Label flip: 0 samples class 1 \u2192 class 0
[2026-06-20 08:31:38,837] 39 root - INFO - [Attacker] Label flip: 0 samples class 1 \u2192 class 0
[2026-06-20 08:31:38,845] 39 root - INFO - [Attacker] Label flip: 0 samples class 1 \u2192 class 0
[2026-06-20 08:31:38,852] 39 root - INFO - [Attacker] Label flip: 0 samples class 1 \u2192 class 0
[2026-06-20 08:31:38,860] 39 root - INFO - [Attacker] Label flip: 0 samples class 1 \u2192 class 0
[2026-06-20 08:31:38,867] 39 root - INFO - [Attacker] Label flip: 0 samples class 1 \u2192 class 0
[2026-06-20 08:31:38,875] 39 root - INFO - [Attacker] Label flip: 0 samples class 1 \u2192 class 0
[2026-06-20 08:31:38,884] 39 root - INFO - [Attacker] Label flip: 0 samples class 1 \u2192 class 0
[2026-06-20 08:31:38,891] 39 root - INFO - [Attacker] Label flip: 0 samples class 1 \u2192 class 0
[2026-06-20 08:31:38,899] 39 root - INFO - [Attacker] Label flip: 0 samples class 1 \u2192 class 0
[2026-06-20 08:31:38,907] 39 root - INFO - [Attacker] Label flip: 0 samples class 1 \u2192 class 0
[2026-06-20 08:31:38,914] 39 root - INFO - [Attacker] Label flip: 0 samples class 1 \u2192 class 0
[2026-06-20 08:31:38,922] 39 root - INFO - [Attacker] Label flip: 0 samples class 1 \u2192 class 0
[2026-06-20 08:31:38,930] 39 root - INFO - [Attacker] Label flip: 0 samples class 1 \u2192 class 0
[2026-06-20 08:31:38,937] 39 root - INFO - [Attacker] Label flip: 0 samples class 1 \u2192 class 0
[2026-06-20 08:31:38,944] 39 root - INFO - [Attacker] Label flip: 0 samples class 1 \u2192 class 0
[2026-06-20 08:31:38,954] 39 root - INFO - [Attacker] Label flip: 0 samples class 1 \u2192 class 0
[2026-06-20 08:31:38,962] 39 root - INFO - [Attacker] Label flip: 0 samples class 1 \u2192 class 0
[2026-06-20 08:31:38,969] 39 root - INFO - [Attacker] Label flip: 0 samples class 1 \u2192 class 0
[2026-06-20 08:31:38,977] 39 root - INFO - [Attacker] Label flip: 0 samples class 1 \u2192 class 0
[2026-06-20 08:31:38,985] 39 root - INFO - [Attacker] Label flip: 0 samples class 1 \u2192 class 0
[2026-06-20 08:31:38,993] 39 root - INFO - [Attacker] Label flip: 0 samples class 1 \u2192 class 0
[2026-06-20 08:31:39,001] 39 root - INFO - [Attacker] Label flip: 0 samples class 1 \u2192 class 0
[2026-06-20 08:31:39,008] 39 root - INFO - [Attacker] Label flip: 0 samples class 1 \u2192 class 0
[2026-06-20 08:31:39,016] 39 root - INFO - [Attacker] Label flip: 0 samples class 1 \u2192 class 0
[2026-06-20 08:31:39,024] 39 root - INFO - [Attacker] Label flip: 0 samples class 1 \u2192 class 0
[2026-06-20 08:31:39,031] 39 root - INFO - [Attacker] Label flip: 0 samples class 1 \u2192 class 0
[2026-06-20 08:31:39,039] 39 root - INFO - [Attacker] Label flip: 0 samples class 1 \u2192 class 0
[2026-06-20 08:31:39,048] 39 root - INFO - [Attacker] Label flip: 0 samples class 1 \u2192 class 0
[2026-06-20 08:31:39,056] 39 root - INFO - [Attacker] Label flip: 0 samples class 1 \u2192 class 0
[2026-06-20 08:31:39,063] 39 root - INFO - [Attacker] Label flip: 0 samples class 1 \u2192 class 0
[2026-06-20 08:31:39,070] 39 root - INFO - [Attacker] Label flip: 0 samples class 1 \u2192 class 0
[2026-06-20 08:31:39,077] 39 root - INFO - [Attacker] Label flip: 0 samples class 1 \u2192 class 0
[2026-06-20 08:31:39,085] 39 root - INFO - [Attacker] Label flip: 0 samples class 1 \u2192 class 0
[2026-06-20 08:31:39,092] 39 root - INFO - [Attacker] Label flip: 0 samples class 1 \u2192 class 0
[2026-06-20 08:31:39,100] 39 root - INFO - [Attacker] Label flip: 0 samples class 1 \u2192 class 0
[2026-06-20 08:31:39,107] 39 root - INFO - [Attacker] Label flip: 0 samples class 1 \u2192 class 0
[2026-06-20 08:31:39,114] 39 root - INFO - [Attacker] Label flip: 0 samples class 1 \u2192 class 0
[2026-06-20 08:31:39,122] 39 root - INFO - [Attacker] Label flip: 0 samples class 1 \u2192 class 0
[2026-06-20 08:31:39,130] 39 root - INFO - [Attacker] Label flip: 0 samples class 1 \u2192 class 0
[2026-06-20 08:31:39,137] 39 root - INFO - [Attacker] Label flip: 0 samples class 1 \u2192 class 0
[2026-06-20 08:31:39,144] 39 root - INFO - [Attacker] Label flip: 0 samples class 1 \u2192 class 0
[2026-06-20 08:31:39,152] 39 root - INFO - [Attacker] Label flip: 0 samples class 1 \u2192 class 0
[2026-06-20 08:31:39,159] 39 root - INFO - [Attacker] Label flip: 0 samples class 1 \u2192 class 0
[2026-06-20 08:31:39,167] 39 root - INFO - [Attacker] Label flip: 0 samples class 1 \u2192 class 0
[2026-06-20 08:31:39,175] 39 root - INFO - [Attacker] Label flip: 0 samples class 1 \u2192 class 0
[2026-06-20 08:31:39,183] 39 root - INFO - [Attacker] Label flip: 0 samples class 1 \u2192 class 0
[2026-06-20 08:31:39,191] 39 root - INFO - [Attacker] Label flip: 0 samples class 1 \u2192 class 0
[2026-06-20 08:31:39,198] 39 root - INFO - [Attacker] Label flip: 0 samples class 1 \u2192 class 0
[2026-06-20 08:31:39,206] 39 root - INFO - [Attacker] Label flip: 0 samples class 1 \u2192 class 0
[2026-06-20 08:31:39,214] 39 root - INFO - [Attacker] Label flip: 0 samples class 1 \u2192 class 0
[2026-06-20 08:31:39,221] 39 root - INFO - [Attacker] Label flip: 0 samples class 1 \u2192 class 0
[2026-06-20 08:31:39,229] 39 root - INFO - [Attacker] Label flip: 0 samples class 1 \u2192 class 0
[2026-06-20 08:31:39,236] 39 root - INFO - [Attacker] Label flip: 0 samples class 1 \u2192 class 0
[2026-06-20 08:31:39,244] 39 root - INFO - [Attacker] Label flip: 0 samples class 1 \u2192 class 0
[2026-06-20 08:31:39,252] 39 root - INFO - [Attacker] Label flip: 0 samples class 1 \u2192 class 0
[2026-06-20 08:31:39,259] 39 root - INFO - [Attacker] Label flip: 0 samples class 1 \u2192 class 0
[2026-06-20 08:31:39,267] 39 root - INFO - [Attacker] Label flip: 0 samples class 1 \u2192 class 0
[2026-06-20 08:31:39,275] 39 root - INFO - [Attacker] Label flip: 0 samples class 1 \u2192 class 0
[2026-06-20 08:31:39,282] 39 root - INFO - [Attacker] Label flip: 0 samples class 1 \u2192 class 0
[2026-06-20 08:31:39,290] 39 root - INFO - [Attacker] Label flip: 0 samples class 1 \u2192 class 0
[2026-06-20 08:31:39,298] 39 root - INFO - [Attacker] Label flip: 0 samples class 1 \u2192 class 0
[2026-06-20 08:31:39,306] 39 root - INFO - [Attacker] Label flip: 0 samples class 1 \u2192 class 0
[2026-06-20 08:31:39,314] 39 root - INFO - [Attacker] Label flip: 0 samples class 1 \u2192 class 0
[2026-06-20 08:31:39,321] 39 root - INFO - [Attacker] Label flip: 0 samples class 1 \u2192 class 0
[2026-06-20 08:31:39,329] 39 root - INFO - [Attacker] Label flip: 0 samples class 1 \u2192 class 0
[2026-06-20 08:31:39,337] 39 root - INFO - [Attacker] Label flip: 0 samples class 1 \u2192 class 0
[2026-06-20 08:31:39,345] 39 root - INFO - [Attacker] Label flip: 0 samples class 1 \u2192 class 0
[2026-06-20 08:31:39,353] 39 root - INFO - [Attacker] Label flip: 0 samples class 1 \u2192 class 0
[2026-06-20 08:31:39,360] 39 root - INFO - [Attacker] Label flip: 0 samples class 1 \u2192 class 0
[2026-06-20 08:31:39,369] 39 root - INFO - [Attacker] Label flip: 0 samples class 1 \u2192 class 0
[2026-06-20 08:31:39,377] 39 root - INFO - [Attacker] Label flip: 0 samples class 1 \u2192 class 0
[2026-06-20 08:31:39,385] 39 root - INFO - [Attacker] Label flip: 0 samples class 1 \u2192 class 0
[2026-06-20 08:31:39,393] 39 root - INFO - [Attacker] Label flip: 0 samples class 1 \u2192 class 0
[2026-06-20 08:31:39,401] 39 root - INFO - [Attacker] Label flip: 0 samples class 1 \u2192 class 0
[2026-06-20 08:31:39,408] 39 root - INFO - [Attacker] Label flip: 0 samples class 1 \u2192 class 0
[2026-06-20 08:31:39,416] 39 root - INFO - [Attacker] Label flip: 0 samples class 1 \u2192 class 0
[2026-06-20 08:31:39,424] 39 root - INFO - [Attacker] Label flip: 0 samples class 1 \u2192 class 0
[2026-06-20 08:31:39,431] 39 root - INFO - [Attacker] Label flip: 0 samples class 1 \u2192 class 0
[2026-06-20 08:31:39,439] 39 root - INFO - [Attacker] Label flip: 0 samples class 1 \u2192 class 0
[2026-06-20 08:31:39,446] 39 root - INFO - [Attacker] Label flip: 0 samples class 1 \u2192 class 0
[2026-06-20 08:31:39,453] 39 root - INFO - [Attacker] Label flip: 0 samples class 1 \u2192 class 0
[2026-06-20 08:31:39,461] 39 root - INFO - [Attacker] Label flip: 0 samples class 1 \u2192 class 0
[2026-06-20 08:31:39,469] 39 root - INFO - [Attacker] Label flip: 0 samples class 1 \u2192 class 0
[2026-06-20 08:31:39,478] 39 root - INFO - [Attacker] Label flip: 0 samples class 1 \u2192 class 0
[2026-06-20 08:31:39,485] 39 root - INFO - [Attacker] Label flip: 0 samples class 1 \u2192 class 0
[2026-06-20 08:31:39,493] 39 root - INFO - [Attacker] Label flip: 0 samples class 1 \u2192 class 0
[2026-06-20 08:31:39,501] 39 root - INFO - [Attacker] Label flip: 0 samples class 1 \u2192 class 0
[2026-06-20 08:31:39,509] 39 root - INFO - [Attacker] Label flip: 0 samples class 1 \u2192 class 0
[2026-06-20 08:31:39,516] 39 root - INFO - [Attacker] Label flip: 0 samples class 1 \u2192 class 0
[2026-06-20 08:31:39,524] 39 root - INFO - [Attacker] Label flip: 0 samples class 1 \u2192 class 0
[2026-06-20 08:31:39,532] 39 root - INFO - [Attacker] Label flip: 0 samples class 1 \u2192 class 0
[2026-06-20 08:31:39,539] 39 root - INFO - [Attacker] Label flip: 0 samples class 1 \u2192 class 0
[2026-06-20 08:31:39,547] 39 root - INFO - [Attacker] Label flip: 0 samples class 1 \u2192 class 0
[2026-06-20 08:31:39,555] 39 root - INFO - [Attacker] Label flip: 0 samples class 1 \u2192 class 0
[2026-06-20 08:31:39,562] 39 root - INFO - [Attacker] Label flip: 0 samples class 1 \u2192 class 0
[2026-06-20 08:31:39,570] 39 root - INFO - [Attacker] Label flip: 0 samples class 1 \u2192 class 0
[2026-06-20 08:31:39,578] 39 root - INFO - [Attacker] Label flip: 0 samples class 1 \u2192 class 0
[2026-06-20 08:31:39,586] 39 root - INFO - [Attacker] Label flip: 0 samples class 1 \u2192 class 0
[2026-06-20 08:31:39,594] 39 root - INFO - [Attacker] Label flip: 0 samples class 1 \u2192 class 0
[2026-06-20 08:31:39,602] 39 root - INFO - [Attacker] Label flip: 0 samples class 1 \u2192 class 0
[2026-06-20 08:31:39,609] 39 root - INFO - [Attacker] Label flip: 0 samples class 1 \u2192 class 0
[2026-06-20 08:31:39,617] 39 root - INFO - [Attacker] Label flip: 0 samples class 1 \u2192 class 0
[2026-06-20 08:31:39,625] 39 root - INFO - [Attacker] Label flip: 0 samples class 1 \u2192 class 0
[2026-06-20 08:31:39,634] 39 root - INFO - [Attacker] Label flip: 0 samples class 1 \u2192 class 0
[2026-06-20 08:31:39,641] 39 root - INFO - [Attacker] Label flip: 0 samples class 1 \u2192 class 0
[2026-06-20 08:31:39,649] 39 root - INFO - [Attacker] Label flip: 0 samples class 1 \u2192 class 0
[2026-06-20 08:31:39,657] 39 root - INFO - [Attacker] Label flip: 0 samples class 1 \u2192 class 0
[2026-06-20 08:31:39,664] 39 root - INFO - [Attacker] Label flip: 0 samples class 1 \u2192 class 0
[2026-06-20 08:31:39,673] 39 root - INFO - [Attacker] Label flip: 0 samples class 1 \u2192 class 0
[2026-06-20 08:31:39,681] 39 root - INFO - [Attacker] Label flip: 0 samples class 1 \u2192 class 0
[2026-06-20 08:31:39,688] 39 root - INFO - [Attacker] Label flip: 0 samples class 1 \u2192 class 0
[2026-06-20 08:31:39,695] 39 root - INFO - [Attacker] Label flip: 0 samples class 1 \u2192 class 0
[2026-06-20 08:31:39,703] 39 root - INFO - [Attacker] Label flip: 0 samples class 1 \u2192 class 0
[2026-06-20 08:31:39,711] 39 root - INFO - [Attacker] Label flip: 0 samples class 1 \u2192 class 0
[2026-06-20 08:31:39,719] 39 root - INFO - [Attacker] Label flip: 0 samples class 1 \u2192 class 0
[2026-06-20 08:31:39,726] 39 root - INFO - [Attacker] Label flip: 0 samples class 1 \u2192 class 0
[2026-06-20 08:31:39,734] 39 root - INFO - [Attacker] Label flip: 0 samples class 1 \u2192 class 0
[2026-06-20 08:31:39,741] 39 root - INFO - [Attacker] Label flip: 0 samples class 1 \u2192 class 0
[2026-06-20 08:31:39,750] 39 root - INFO - [Attacker] Label flip: 0 samples class 1 \u2192 class 0
[2026-06-20 08:31:39,757] 39 root - INFO - [Attacker] Label flip: 0 samples class 1 \u2192 class 0
[2026-06-20 08:31:39,765] 39 root - INFO - [Attacker] Label flip: 0 samples class 1 \u2192 class 0
[2026-06-20 08:31:39,772] 39 root - INFO - [Attacker] Label flip: 0 samples class 1 \u2192 class 0
[2026-06-20 08:31:39,780] 39 root - INFO - [Attacker] Label flip: 0 samples class 1 \u2192 class 0
[2026-06-20 08:31:39,788] 39 root - INFO - [Attacker] Label flip: 0 samples class 1 \u2192 class 0
[2026-06-20 08:31:39,797] 39 root - INFO - [Attacker] Label flip: 0 samples class 1 \u2192 class 0
[2026-06-20 08:31:39,805] 39 root - INFO - [Attacker] Label flip: 0 samples class 1 \u2192 class 0
[2026-06-20 08:31:39,813] 39 root - INFO - [Attacker] Label flip: 0 samples class 1 \u2192 class 0
[2026-06-20 08:31:39,821] 39 root - INFO - [Attacker] Label flip: 0 samples class 1 \u2192 class 0
[2026-06-20 08:31:39,829] 39 root - INFO - [Attacker] Label flip: 0 samples class 1 \u2192 class 0
[2026-06-20 08:31:39,837] 39 root - INFO - [Attacker] Label flip: 0 samples class 1 \u2192 class 0
[2026-06-20 08:31:39,846] 39 root - INFO - [Attacker] Label flip: 0 samples class 1 \u2192 class 0
[2026-06-20 08:31:39,854] 39 root - INFO - [Attacker] Label flip: 0 samples class 1 \u2192 class 0
[2026-06-20 08:31:39,862] 39 root - INFO - [Attacker] Label flip: 0 samples class 1 \u2192 class 0
[2026-06-20 08:31:39,869] 39 root - INFO - [Attacker] Label flip: 0 samples class 1 \u2192 class 0
[2026-06-20 08:31:39,878] 39 root - INFO - [Attacker] Label flip: 0 samples class 1 \u2192 class 0
[2026-06-20 08:31:39,885] 39 root - INFO - [Attacker] Label flip: 0 samples class 1 \u2192 class 0
[2026-06-20 08:31:39,893] 39 root - INFO - [Attacker] Label flip: 0 samples class 1 \u2192 class 0
[2026-06-20 08:31:39,901] 39 root - INFO - [Attacker] Label flip: 0 samples class 1 \u2192 class 0
[2026-06-20 08:31:39,909] 39 root - INFO - [Attacker] Label flip: 0 samples class 1 \u2192 class 0
[2026-06-20 08:31:39,916] 39 root - INFO - [Attacker] Label flip: 0 samples class 1 \u2192 class 0
[2026-06-20 08:31:39,924] 39 root - INFO - [Attacker] Label flip: 0 samples class 1 \u2192 class 0
[2026-06-20 08:31:39,932] 39 root - INFO - [Attacker] Label flip: 0 samples class 1 \u2192 class 0
[2026-06-20 08:31:39,939] 39 root - INFO - [Attacker] Label flip: 0 samples class 1 \u2192 class 0
[2026-06-20 08:31:39,946] 39 root - INFO - [Attacker] Label flip: 0 samples class 1 \u2192 class 0
[2026-06-20 08:31:39,954] 39 root - INFO - [Attacker] Label flip: 0 samples class 1 \u2192 class 0
[2026-06-20 08:31:39,961] 39 root - INFO - [Attacker] Label flip: 0 samples class 1 \u2192 class 0
[2026-06-20 08:31:39,969] 39 root - INFO - [Attacker] Label flip: 0 samples class 1 \u2192 class 0
[2026-06-20 08:31:39,976] 39 root - INFO - [Attacker] Label flip: 0 samples class 1 \u2192 class 0
[2026-06-20 08:31:39,984] 39 root - INFO - [Attacker] Label flip: 0 samples class 1 \u2192 class 0
[2026-06-20 08:31:39,991] 39 root - INFO - [Attacker] Label flip: 0 samples class 1 \u2192 class 0
[2026-06-20 08:31:39,998] 39 root - INFO - [Attacker] Label flip: 0 samples class 1 \u2192 class 0
[2026-06-20 08:31:40,007] 39 root - INFO - [Attacker] Label flip: 0 samples class 1 \u2192 class 0
[2026-06-20 08:31:40,014] 39 root - INFO - [Attacker] Label flip: 0 samples class 1 \u2192 class 0
[2026-06-20 08:31:40,022] 39 root - INFO - [Attacker] Label flip: 0 samples class 1 \u2192 class 0
[2026-06-20 08:31:40,029] 39 root - INFO - [Attacker] Label flip: 0 samples class 1 \u2192 class 0
[2026-06-20 08:31:40,037] 39 root - INFO - [Attacker] Label flip: 0 samples class 1 \u2192 class 0
[2026-06-20 08:31:40,044] 39 root - INFO - [Attacker] Label flip: 0 samples class 1 \u2192 class 0
[2026-06-20 08:31:40,052] 39 root - INFO - [Attacker] Label flip: 0 samples class 1 \u2192 class 0
[2026-06-20 08:31:40,059] 39 root - INFO - [Attacker] Label flip: 0 samples class 1 \u2192 class 0
[2026-06-20 08:31:40,067] 39 root - INFO - [Attacker] Label flip: 0 samples class 1 \u2192 class 0
[2026-06-20 08:31:40,075] 39 root - INFO - [Attacker] Label flip: 0 samples class 1 \u2192 class 0
[2026-06-20 08:31:40,083] 39 root - INFO - [Attacker] Label flip: 0 samples class 1 \u2192 class 0
[2026-06-20 08:31:40,091] 39 root - INFO - [Attacker] Label flip: 0 samples class 1 \u2192 class 0
[2026-06-20 08:31:40,098] 39 root - INFO - [Attacker] Label flip: 0 samples class 1 \u2192 class 0
[2026-06-20 08:31:40,106] 39 root - INFO - [Attacker] Label flip: 0 samples class 1 \u2192 class 0
[2026-06-20 08:31:40,113] 39 root - INFO - [Attacker] Label flip: 0 samples class 1 \u2192 class 0
[2026-06-20 08:31:40,121] 39 root - INFO - [Attacker] Label flip: 0 samples class 1 \u2192 class 0
[2026-06-20 08:31:40,129] 39 root - INFO - [Attacker] Label flip: 0 samples class 1 \u2192 class 0
[2026-06-20 08:31:40,136] 39 root - INFO - [Attacker] Label flip: 0 samples class 1 \u2192 class 0
[2026-06-20 08:31:40,144] 39 root - INFO - [Attacker] Label flip: 0 samples class 1 \u2192 class 0
[2026-06-20 08:31:40,151] 39 root - INFO - [Attacker] Label flip: 0 samples class 1 \u2192 class 0
[2026-06-20 08:31:40,159] 39 root - INFO - [Attacker] Label flip: 0 samples class 1 \u2192 class 0
[2026-06-20 08:31:40,167] 39 root - INFO - [Attacker] Label flip: 0 samples class 1 \u2192 class 0
[2026-06-20 08:31:40,177] 39 root - INFO - [Attacker] Label flip: 0 samples class 1 \u2192 class 0
[2026-06-20 08:31:40,185] 39 root - INFO - [Attacker] Label flip: 0 samples class 1 \u2192 class 0
[2026-06-20 08:31:40,192] 39 root - INFO - [Attacker] Label flip: 0 samples class 1 \u2192 class 0
[2026-06-20 08:31:40,200] 39 root - INFO - [Attacker] Label flip: 0 samples class 1 \u2192 class 0
[2026-06-20 08:31:40,207] 39 root - INFO - [Attacker] Label flip: 0 samples class 1 \u2192 class 0
[2026-06-20 08:31:40,215] 39 root - INFO - [Attacker] Label flip: 0 samples class 1 \u2192 class 0
[2026-06-20 08:31:40,223] 39 root - INFO - [Attacker] Label flip: 0 samples class 1 \u2192 class 0
[2026-06-20 08:31:40,230] 39 root - INFO - [Attacker] Label flip: 0 samples class 1 \u2192 class 0
[2026-06-20 08:31:40,237] 39 root - INFO - [Attacker] Label flip: 0 samples class 1 \u2192 class 0
[2026-06-20 08:31:40,245] 39 root - INFO - [Attacker] Label flip: 0 samples class 1 \u2192 class 0
[2026-06-20 08:31:40,257] 39 root - INFO - [Attacker] Label flip: 0 samples class 1 \u2192 class 0
[2026-06-20 08:31:40,266] 39 root - INFO - [Attacker] Label flip: 0 samples class 1 \u2192 class 0
[2026-06-20 08:31:40,275] 39 root - INFO - [Attacker] Label flip: 0 samples class 1 \u2192 class 0
[2026-06-20 08:31:40,283] 39 root - INFO - [Attacker] Label flip: 0 samples class 1 \u2192 class 0
[2026-06-20 08:31:40,291] 39 root - INFO - [Attacker] Label flip: 0 samples class 1 \u2192 class 0
[2026-06-20 08:31:40,299] 39 root - INFO - [Attacker] Label flip: 0 samples class 1 \u2192 class 0
[2026-06-20 08:31:40,307] 39 root - INFO - [Attacker] Label flip: 0 samples class 1 \u2192 class 0
[2026-06-20 08:31:40,315] 39 root - INFO - [Attacker] Label flip: 0 samples class 1 \u2192 class 0
[2026-06-20 08:31:40,323] 39 root - INFO - [Attacker] Label flip: 0 samples class 1 \u2192 class 0
[2026-06-20 08:31:40,330] 39 root - INFO - [Attacker] Label flip: 0 samples class 1 \u2192 class 0
[2026-06-20 08:31:40,339] 39 root - INFO - [Attacker] Label flip: 0 samples class 1 \u2192 class 0
[2026-06-20 08:31:40,348] 39 root - INFO - [Attacker] Label flip: 0 samples class 1 \u2192 class 0
[2026-06-20 08:31:40,358] 39 root - INFO - [Attacker] Label flip: 0 samples class 1 \u2192 class 0
[2026-06-20 08:31:40,369] 39 root - INFO - [Attacker] Label flip: 0 samples class 1 \u2192 class 0
[2026-06-20 08:31:40,380] 39 root - INFO - [Attacker] Label flip: 0 samples class 1 \u2192 class 0
[2026-06-20 08:31:40,389] 39 root - INFO - [Attacker] Label flip: 0 samples class 1 \u2192 class 0
[2026-06-20 08:31:40,398] 39 root - INFO - [Attacker] Label flip: 0 samples class 1 \u2192 class 0
[2026-06-20 08:31:40,407] 39 root - INFO - [Attacker] Label flip: 0 samples class 1 \u2192 class 0
[2026-06-20 08:31:40,415] 39 root - INFO - [Attacker] Label flip: 0 samples class 1 \u2192 class 0
[2026-06-20 08:31:40,424] 39 root - INFO - [Attacker] Label flip: 0 samples class 1 \u2192 class 0
[2026-06-20 08:31:40,433] 39 root - INFO - [Attacker] Label flip: 0 samples class 1 \u2192 class 0
[2026-06-20 08:31:40,442] 39 root - INFO - [Attacker] Label flip: 0 samples class 1 \u2192 class 0
[2026-06-20 08:31:40,453] 39 root - INFO - [Attacker] Label flip: 0 samples class 1 \u2192 class 0
[2026-06-20 08:31:40,462] 39 root - INFO - [Attacker] Label flip: 0 samples class 1 \u2192 class 0
[2026-06-20 08:31:40,471] 39 root - INFO - [Attacker] Label flip: 0 samples class 1 \u2192 class 0
[2026-06-20 08:31:40,479] 39 root - INFO - [Attacker] Label flip: 0 samples class 1 \u2192 class 0
[2026-06-20 08:31:40,487] 39 root - INFO - [Attacker] Label flip: 0 samples class 1 \u2192 class 0
[2026-06-20 08:31:40,496] 39 root - INFO - [Attacker] Label flip: 0 samples class 1 \u2192 class 0
[2026-06-20 08:31:40,507] 39 root - INFO - [Attacker] Label flip: 0 samples class 1 \u2192 class 0
[2026-06-20 08:31:40,517] 39 root - INFO - [Attacker] Label flip: 0 samples class 1 \u2192 class 0
[2026-06-20 08:31:40,526] 39 root - INFO - [Attacker] Label flip: 0 samples class 1 \u2192 class 0
[2026-06-20 08:31:40,534] 39 root - INFO - [Attacker] Label flip: 0 samples class 1 \u2192 class 0
[2026-06-20 08:31:40,544] 39 root - INFO - [Attacker] Label flip: 0 samples class 1 \u2192 class 0
[2026-06-20 08:31:40,552] 39 root - INFO - [Attacker] Label flip: 0 samples class 1 \u2192 class 0
[2026-06-20 08:31:40,560] 39 root - INFO - [Attacker] Label flip: 0 samples class 1 \u2192 class 0
[2026-06-20 08:31:40,570] 39 root - INFO - [Attacker] Label flip: 0 samples class 1 \u2192 class 0
[2026-06-20 08:31:40,577] 39 root - INFO - [Attacker] Label flip: 0 samples class 1 \u2192 class 0
[2026-06-20 08:31:40,586] 39 root - INFO - [Attacker] Label flip: 0 samples class 1 \u2192 class 0
[2026-06-20 08:31:40,594] 39 root - INFO - [Attacker] Label flip: 0 samples class 1 \u2192 class 0
[2026-06-20 08:31:40,603] 39 root - INFO - [Attacker] Label flip: 0 samples class 1 \u2192 class 0
[2026-06-20 08:31:40,613] 39 root - INFO - [Attacker] Label flip: 0 samples class 1 \u2192 class 0
[2026-06-20 08:31:40,622] 39 root - INFO - [Attacker] Label flip: 0 samples class 1 \u2192 class 0
[2026-06-20 08:31:40,632] 39 root - INFO - [Attacker] Label flip: 0 samples class 1 \u2192 class 0
[2026-06-20 08:31:40,640] 39 root - INFO - [Attacker] Label flip: 0 samples class 1 \u2192 class 0
[2026-06-20 08:31:40,649] 39 root - INFO - [Attacker] Label flip: 0 samples class 1 \u2192 class 0
[2026-06-20 08:31:40,657] 39 root - INFO - [Attacker] Label flip: 0 samples class 1 \u2192 class 0
[2026-06-20 08:31:40,665] 39 root - INFO - [Attacker] Label flip: 0 samples class 1 \u2192 class 0
[2026-06-20 08:31:40,673] 39 root - INFO - [Attacker] Label flip: 0 samples class 1 \u2192 class 0
[2026-06-20 08:31:40,681] 39 root - INFO - [Attacker] Label flip: 0 samples class 1 \u2192 class 0
[2026-06-20 08:31:40,689] 39 root - INFO - [Attacker] Label flip: 0 samples class 1 \u2192 class 0
[2026-06-20 08:31:40,698] 39 root - INFO - [Attacker] Label flip: 0 samples class 1 \u2192 class 0
[2026-06-20 08:31:40,708] 39 root - INFO - [Attacker] Label flip: 0 samples class 1 \u2192 class 0
[2026-06-20 08:31:40,716] 39 root - INFO - [Attacker] Label flip: 0 samples class 1 \u2192 class 0
[2026-06-20 08:31:40,724] 39 root - INFO - [Attacker] Label flip: 0 samples class 1 \u2192 class 0
[2026-06-20 08:31:40,733] 39 root - INFO - [Attacker] Label flip: 0 samples class 1 \u2192 class 0
[2026-06-20 08:31:40,742] 39 root - INFO - [Attacker] Label flip: 0 samples class 1 \u2192 class 0
[2026-06-20 08:31:40,750] 39 root - INFO - [Attacker] Label flip: 0 samples class 1 \u2192 class 0
[2026-06-20 08:31:40,757] 39 root - INFO - [Attacker] Label flip: 0 samples class 1 \u2192 class 0
[2026-06-20 08:31:40,765] 39 root - INFO - [Attacker] Label flip: 0 samples class 1 \u2192 class 0
[2026-06-20 08:31:40,772] 39 root - INFO - [Attacker] Label flip: 0 samples class 1 \u2192 class 0
[2026-06-20 08:31:40,780] 39 root - INFO - [Attacker] Label flip: 0 samples class 1 \u2192 class 0
[2026-06-20 08:31:40,787] 39 root - INFO - [Attacker] Label flip: 0 samples class 1 \u2192 class 0
[2026-06-20 08:31:40,796] 39 root - INFO - [Attacker] Label flip: 0 samples class 1 \u2192 class 0
[2026-06-20 08:31:40,806] 39 root - INFO - [Attacker] Label flip: 0 samples class 1 \u2192 class 0
[2026-06-20 08:31:40,815] 39 root - INFO - [Attacker] Label flip: 0 samples class 1 \u2192 class 0
[2026-06-20 08:31:40,824] 39 root - INFO - [Attacker] Label flip: 0 samples class 1 \u2192 class 0
[2026-06-20 08:31:40,833] 39 root - INFO - [Attacker] Label flip: 0 samples class 1 \u2192 class 0
[2026-06-20 08:31:40,842] 39 root - INFO - [Attacker] Label flip: 0 samples class 1 \u2192 class 0
[2026-06-20 08:31:40,850] 39 root - INFO - [Attacker] Label flip: 0 samples class 1 \u2192 class 0
[2026-06-20 08:31:40,858] 39 root - INFO - [Attacker] Label flip: 0 samples class 1 \u2192 class 0
[2026-06-20 08:31:40,866] 39 root - INFO - [Attacker] Label flip: 0 samples class 1 \u2192 class 0
[2026-06-20 08:31:40,874] 39 root - INFO - [Attacker] Label flip: 0 samples class 1 \u2192 class 0
[2026-06-20 08:31:40,881] 39 root - INFO - [Attacker] Label flip: 0 samples class 1 \u2192 class 0
[2026-06-20 08:31:40,889] 39 root - INFO - [Attacker] Label flip: 0 samples class 1 \u2192 class 0
[2026-06-20 08:31:40,896] 39 root - INFO - [Attacker] Label flip: 0 samples class 1 \u2192 class 0
[2026-06-20 08:31:40,904] 39 root - INFO - [Attacker] Label flip: 0 samples class 1 \u2192 class 0
[2026-06-20 08:31:40,911] 39 root - INFO - [Attacker] Label flip: 0 samples class 1 \u2192 class 0
[2026-06-20 08:31:40,920] 39 root - INFO - [Attacker] Label flip: 0 samples class 1 \u2192 class 0
[2026-06-20 08:31:40,929] 39 root - INFO - [Attacker] Label flip: 0 samples class 1 \u2192 class 0
[2026-06-20 08:31:40,937] 39 root - INFO - [Attacker] Label flip: 0 samples class 1 \u2192 class 0
[2026-06-20 08:31:40,945] 39 root - INFO - [Attacker] Label flip: 0 samples class 1 \u2192 class 0
[2026-06-20 08:31:40,954] 39 root - INFO - [Attacker] Label flip: 0 samples class 1 \u2192 class 0
[2026-06-20 08:31:40,962] 39 root - INFO - [Attacker] Label flip: 0 samples class 1 \u2192 class 0
[2026-06-20 08:31:40,971] 39 root - INFO - [Attacker] Label flip: 0 samples class 1 \u2192 class 0
[2026-06-20 08:31:40,979] 39 root - INFO - [Attacker] Label flip: 0 samples class 1 \u2192 class 0
[2026-06-20 08:31:40,987] 39 root - INFO - [Attacker] Label flip: 0 samples class 1 \u2192 class 0
[2026-06-20 08:31:40,995] 39 root - INFO - [Attacker] Label flip: 0 samples class 1 \u2192 class 0
[2026-06-20 08:31:41,004] 39 root - INFO - [Attacker] Label flip: 0 samples class 1 \u2192 class 0
[2026-06-20 08:31:41,012] 39 root - INFO - [Attacker] Label flip: 0 samples class 1 \u2192 class 0
[2026-06-20 08:31:41,020] 39 root - INFO - [Attacker] Label flip: 0 samples class 1 \u2192 class 0
[2026-06-20 08:31:41,027] 39 root - INFO - [Attacker] Label flip: 0 samples class 1 \u2192 class 0
[2026-06-20 08:31:41,034] 39 root - INFO - [Attacker] Label flip: 0 samples class 1 \u2192 class 0
[2026-06-20 08:31:41,042] 39 root - INFO - [Attacker] Label flip: 0 samples class 1 \u2192 class 0
[2026-06-20 08:31:41,050] 39 root - INFO - [Attacker] Label flip: 0 samples class 1 \u2192 class 0
[2026-06-20 08:31:41,057] 39 root - INFO - [Attacker] Label flip: 0 samples class 1 \u2192 class 0
[2026-06-20 08:31:41,065] 39 root - INFO - [Attacker] Label flip: 0 samples class 1 \u2192 class 0
[2026-06-20 08:31:41,072] 39 root - INFO - [Attacker] Label flip: 0 samples class 1 \u2192 class 0
[2026-06-20 08:31:41,081] 39 root - INFO - [Attacker] Label flip: 0 samples class 1 \u2192 class 0
[2026-06-20 08:31:41,090] 39 root - INFO - [Attacker] Label flip: 0 samples class 1 \u2192 class 0
[2026-06-20 08:31:41,097] 39 root - INFO - [Attacker] Label flip: 0 samples class 1 \u2192 class 0
[2026-06-20 08:31:41,105] 39 root - INFO - [Attacker] Label flip: 0 samples class 1 \u2192 class 0
[2026-06-20 08:31:41,112] 39 root - INFO - [Attacker] Label flip: 0 samples class 1 \u2192 class 0
[2026-06-20 08:31:41,120] 39 root - INFO - [Attacker] Label flip: 0 samples class 1 \u2192 class 0
[2026-06-20 08:31:41,128] 39 root - INFO - [Attacker] Label flip: 0 samples class 1 \u2192 class 0
[2026-06-20 08:31:41,136] 39 root - INFO - [Attacker] Label flip: 0 samples class 1 \u2192 class 0
[2026-06-20 08:31:41,143] 39 root - INFO - [Attacker] Label flip: 0 samples class 1 \u2192 class 0
[2026-06-20 08:31:41,151] 39 root - INFO - [Attacker] Label flip: 0 samples class 1 \u2192 class 0
[2026-06-20 08:31:41,158] 39 root - INFO - [Attacker] Label flip: 0 samples class 1 \u2192 class 0
[2026-06-20 08:31:41,166] 39 root - INFO - [Attacker] Label flip: 0 samples class 1 \u2192 class 0
[2026-06-20 08:31:41,174] 39 root - INFO - [Attacker] Label flip: 0 samples class 1 \u2192 class 0
[2026-06-20 08:31:41,182] 39 root - INFO - [Attacker] Label flip: 0 samples class 1 \u2192 class 0
[2026-06-20 08:31:41,189] 39 root - INFO - [Attacker] Label flip: 0 samples class 1 \u2192 class 0
[2026-06-20 08:31:41,197] 39 root - INFO - [Attacker] Label flip: 0 samples class 1 \u2192 class 0
[2026-06-20 08:31:41,204] 39 root - INFO - [Attacker] Label flip: 0 samples class 1 \u2192 class 0
[2026-06-20 08:31:41,212] 39 root - INFO - [Attacker] Label flip: 0 samples class 1 \u2192 class 0
[2026-06-20 08:31:41,220] 39 root - INFO - [Attacker] Label flip: 0 samples class 1 \u2192 class 0
[2026-06-20 08:31:41,227] 39 root - INFO - [Attacker] Label flip: 0 samples class 1 \u2192 class 0
[2026-06-20 08:31:41,234] 39 root - INFO - [Attacker] Label flip: 0 samples class 1 \u2192 class 0
[2026-06-20 08:31:41,242] 39 root - INFO - [Attacker] Label flip: 0 samples class 1 \u2192 class 0
[2026-06-20 08:31:41,250] 39 root - INFO - [Attacker] Label flip: 0 samples class 1 \u2192 class 0
[2026-06-20 08:31:41,257] 39 root - INFO - [Attacker] Label flip: 0 samples class 1 \u2192 class 0
[2026-06-20 08:31:41,265] 39 root - INFO - [Attacker] Label flip: 0 samples class 1 \u2192 class 0
[2026-06-20 08:31:41,273] 39 root - INFO - [Attacker] Label flip: 0 samples class 1 \u2192 class 0
[2026-06-20 08:31:41,281] 39 root - INFO - [Attacker] Label flip: 0 samples class 1 \u2192 class 0
[2026-06-20 08:31:41,289] 39 root - INFO - [Attacker] Label flip: 0 samples class 1 \u2192 class 0
[2026-06-20 08:31:41,298] 39 root - INFO - [Attacker] Label flip: 0 samples class 1 \u2192 class 0
[2026-06-20 08:31:41,306] 39 root - INFO - [Attacker] Label flip: 0 samples class 1 \u2192 class 0
[2026-06-20 08:31:41,313] 39 root - INFO - [Attacker] Label flip: 0 samples class 1 \u2192 class 0
[2026-06-20 08:31:41,321] 39 root - INFO - [Attacker] Label flip: 0 samples class 1 \u2192 class 0
[2026-06-20 08:31:41,328] 39 root - INFO - [Attacker] Label flip: 0 samples class 1 \u2192 class 0
[2026-06-20 08:31:41,338] 39 root - INFO - [Attacker] Label flip: 0 samples class 1 \u2192 class 0
[2026-06-20 08:31:41,346] 39 root - INFO - [Attacker] Label flip: 0 samples class 1 \u2192 class 0
[2026-06-20 08:31:41,354] 39 root - INFO - [Attacker] Label flip: 0 samples class 1 \u2192 class 0
[2026-06-20 08:31:41,361] 39 root - INFO - [Attacker] Label flip: 0 samples class 1 \u2192 class 0
[2026-06-20 08:31:41,369] 39 root - INFO - [Attacker] Label flip: 0 samples class 1 \u2192 class 0
[2026-06-20 08:31:41,376] 39 root - INFO - [Attacker] Label flip: 0 samples class 1 \u2192 class 0
[2026-06-20 08:31:41,384] 39 root - INFO - [Attacker] Label flip: 0 samples class 1 \u2192 class 0
[2026-06-20 08:31:41,391] 39 root - INFO - [Attacker] Label flip: 0 samples class 1 \u2192 class 0
[2026-06-20 08:31:41,398] 39 root - INFO - [Attacker] Label flip: 0 samples class 1 \u2192 class 0
[2026-06-20 08:31:41,406] 39 root - INFO - [Attacker] Label flip: 0 samples class 1 \u2192 class 0
[2026-06-20 08:31:41,413] 39 root - INFO - [Attacker] Label flip: 0 samples class 1 \u2192 class 0
[2026-06-20 08:31:41,421] 39 root - INFO - [Attacker] Label flip: 0 samples class 1 \u2192 class 0
[2026-06-20 08:31:41,428] 39 root - INFO - [Attacker] Label flip: 0 samples class 1 \u2192 class 0
[2026-06-20 08:31:41,435] 39 root - INFO - [Attacker] Label flip: 0 samples class 1 \u2192 class 0
[2026-06-20 08:31:41,443] 39 root - INFO - [Attacker] Label flip: 0 samples class 1 \u2192 class 0
[2026-06-20 08:31:41,450] 39 root - INFO - [Attacker] Label flip: 0 samples class 1 \u2192 class 0
[2026-06-20 08:31:41,458] 39 root - INFO - [Attacker] Label flip: 0 samples class 1 \u2192 class 0
[2026-06-20 08:31:41,466] 39 root - INFO - [Attacker] Label flip: 0 samples class 1 \u2192 class 0
[2026-06-20 08:31:41,474] 39 root - INFO - [Attacker] Label flip: 0 samples class 1 \u2192 class 0
[2026-06-20 08:31:41,481] 39 root - INFO - [Attacker] Label flip: 0 samples class 1 \u2192 class 0
[2026-06-20 08:31:41,489] 39 root - INFO - [Attacker] Label flip: 0 samples class 1 \u2192 class 0
[2026-06-20 08:31:41,496] 39 root - INFO - [Attacker] Label flip: 0 samples class 1 \u2192 class 0
[2026-06-20 08:31:41,504] 39 root - INFO - [Attacker] Label flip: 0 samples class 1 \u2192 class 0
[2026-06-20 08:31:41,512] 39 root - INFO - [Attacker] Label flip: 0 samples class 1 \u2192 class 0
[2026-06-20 08:31:41,519] 39 root - INFO - [Attacker] Label flip: 0 samples class 1 \u2192 class 0
[2026-06-20 08:31:41,527] 39 root - INFO - [Attacker] Label flip: 0 samples class 1 \u2192 class 0
[2026-06-20 08:31:41,535] 39 root - INFO - [Attacker] Label flip: 0 samples class 1 \u2192 class 0
[2026-06-20 08:31:41,543] 39 root - INFO - [Attacker] Label flip: 0 samples class 1 \u2192 class 0
[2026-06-20 08:31:41,551] 39 root - INFO - [Attacker] Label flip: 0 samples class 1 \u2192 class 0
[2026-06-20 08:31:41,559] 39 root - INFO - [Attacker] Label flip: 0 samples class 1 \u2192 class 0
[2026-06-20 08:31:41,566] 39 root - INFO - [Attacker] Label flip: 0 samples class 1 \u2192 class 0
[2026-06-20 08:31:41,574] 39 root - INFO - [Attacker] Label flip: 0 samples class 1 \u2192 class 0
[2026-06-20 08:31:41,581] 39 root - INFO - [Attacker] Label flip: 0 samples class 1 \u2192 class 0
[2026-06-20 08:31:58,261] 268 flwr - WARNING - DEPRECATED FEATURE: `client_fn` now expects a signature `def client_fn(context: Context)`.The provided `client_fn` has signature: {'cid': <Parameter "cid: str">}. You can import the `Context` like this: `from flwr.common import Context`

            This is a deprecated feature. It will be removed
            entirely in future versions of Flower.
        
[2026-06-20 08:31:58,263] 268 flwr - WARNING - DEPRECATED FEATURE: `client_fn` now expects a signature `def client_fn(context: Context)`.The provided `client_fn` has signature: {'cid': <Parameter "cid: str">}. You can import the `Context` like this: `from flwr.common import Context`

            This is a deprecated feature. It will be removed
            entirely in future versions of Flower.
        
[2026-06-20 08:31:58,266] 268 flwr - WARNING - DEPRECATED FEATURE: `client_fn` now expects a signature `def client_fn(context: Context)`.The provided `client_fn` has signature: {'cid': <Parameter "cid: str">}. You can import the `Context` like this: `from flwr.common import Context`

            This is a deprecated feature. It will be removed
            entirely in future versions of Flower.
        
[2026-06-20 08:31:58,272] 268 flwr - WARNING - DEPRECATED FEATURE: `client_fn` now expects a signature `def client_fn(context: Context)`.The provided `client_fn` has signature: {'cid': <Parameter "cid: str">}. You can import the `Context` like this: `from flwr.common import Context`

            This is a deprecated feature. It will be removed
            entirely in future versions of Flower.
        
[2026-06-20 08:31:58,273] 268 flwr - WARNING - DEPRECATED FEATURE: `client_fn` now expects a signature `def client_fn(context: Context)`.The provided `client_fn` has signature: {'cid': <Parameter "cid: str">}. You can import the `Context` like this: `from flwr.common import Context`

            This is a deprecated feature. It will be removed
            entirely in future versions of Flower.
        
[2026-06-20 08:31:58,276] 268 flwr - WARNING - DEPRECATED FEATURE: `client_fn` now expects a signature `def client_fn(context: Context)`.The provided `client_fn` has signature: {'cid': <Parameter "cid: str">}. You can import the `Context` like this: `from flwr.common import Context`

            This is a deprecated feature. It will be removed
            entirely in future versions of Flower.
        
[2026-06-20 08:31:58,295] 268 flwr - WARNING - DEPRECATED FEATURE: `client_fn` now expects a signature `def client_fn(context: Context)`.The provided `client_fn` has signature: {'cid': <Parameter "cid: str">}. You can import the `Context` like this: `from flwr.common import Context`

            This is a deprecated feature. It will be removed
            entirely in future versions of Flower.
        
[2026-06-20 08:31:58,320] 268 flwr - WARNING - DEPRECATED FEATURE: `client_fn` now expects a signature `def client_fn(context: Context)`.The provided `client_fn` has signature: {'cid': <Parameter "cid: str">}. You can import the `Context` like this: `from flwr.common import Context`

            This is a deprecated feature. It will be removed
            entirely in future versions of Flower.
        
[2026-06-20 08:31:58,337] 268 flwr - WARNING - DEPRECATED FEATURE: `client_fn` now expects a signature `def client_fn(context: Context)`.The provided `client_fn` has signature: {'cid': <Parameter "cid: str">}. You can import the `Context` like this: `from flwr.common import Context`

            This is a deprecated feature. It will be removed
            entirely in future versions of Flower.
        
[2026-06-20 08:31:58,346] 268 flwr - WARNING - DEPRECATED FEATURE: `client_fn` now expects a signature `def client_fn(context: Context)`.The provided `client_fn` has signature: {'cid': <Parameter "cid: str">}. You can import the `Context` like this: `from flwr.common import Context`

            This is a deprecated feature. It will be removed
            entirely in future versions of Flower.
        
[2026-06-20 08:31:58,352] 268 flwr - WARNING - DEPRECATED FEATURE: `client_fn` now expects a signature `def client_fn(context: Context)`.The provided `client_fn` has signature: {'cid': <Parameter "cid: str">}. You can import the `Context` like this: `from flwr.common import Context`

            This is a deprecated feature. It will be removed
            entirely in future versions of Flower.
        
[2026-06-20 08:31:58,410] 268 flwr - WARNING - DEPRECATED FEATURE: `client_fn` now expects a signature `def client_fn(context: Context)`.The provided `client_fn` has signature: {'cid': <Parameter "cid: str">}. You can import the `Context` like this: `from flwr.common import Context`

            This is a deprecated feature. It will be removed
            entirely in future versions of Flower.
        
[2026-06-20 08:31:58,450] 268 flwr - WARNING - DEPRECATED FEATURE: `client_fn` now expects a signature `def client_fn(context: Context)`.The provided `client_fn` has signature: {'cid': <Parameter "cid: str">}. You can import the `Context` like this: `from flwr.common import Context`

            This is a deprecated feature. It will be removed
            entirely in future versions of Flower.
        
[2026-06-20 08:31:58,479] 268 flwr - WARNING - DEPRECATED FEATURE: `client_fn` now expects a signature `def client_fn(context: Context)`.The provided `client_fn` has signature: {'cid': <Parameter "cid: str">}. You can import the `Context` like this: `from flwr.common import Context`

            This is a deprecated feature. It will be removed
            entirely in future versions of Flower.
        
[2026-06-20 08:31:58,530] 268 flwr - WARNING - DEPRECATED FEATURE: `client_fn` now expects a signature `def client_fn(context: Context)`.The provided `client_fn` has signature: {'cid': <Parameter "cid: str">}. You can import the `Context` like this: `from flwr.common import Context`

            This is a deprecated feature. It will be removed
            entirely in future versions of Flower.
        
[2026-06-20 08:31:58,554] 268 flwr - WARNING - DEPRECATED FEATURE: `client_fn` now expects a signature `def client_fn(context: Context)`.The provided `client_fn` has signature: {'cid': <Parameter "cid: str">}. You can import the `Context` like this: `from flwr.common import Context`

            This is a deprecated feature. It will be removed
            entirely in future versions of Flower.
        
[2026-06-20 08:31:58,560] 268 flwr - WARNING - DEPRECATED FEATURE: `client_fn` now expects a signature `def client_fn(context: Context)`.The provided `client_fn` has signature: {'cid': <Parameter "cid: str">}. You can import the `Context` like this: `from flwr.common import Context`

            This is a deprecated feature. It will be removed
            entirely in future versions of Flower.
        
[2026-06-20 08:31:58,586] 268 flwr - WARNING - DEPRECATED FEATURE: `client_fn` now expects a signature `def client_fn(context: Context)`.The provided `client_fn` has signature: {'cid': <Parameter "cid: str">}. You can import the `Context` like this: `from flwr.common import Context`

            This is a deprecated feature. It will be removed
            entirely in future versions of Flower.
        
[2026-06-20 08:31:58,611] 268 flwr - WARNING - DEPRECATED FEATURE: `client_fn` now expects a signature `def client_fn(context: Context)`.The provided `client_fn` has signature: {'cid': <Parameter "cid: str">}. You can import the `Context` like this: `from flwr.common import Context`

            This is a deprecated feature. It will be removed
            entirely in future versions of Flower.
        
[2026-06-20 08:31:58,642] 268 flwr - WARNING - DEPRECATED FEATURE: `client_fn` now expects a signature `def client_fn(context: Context)`.The provided `client_fn` has signature: {'cid': <Parameter "cid: str">}. You can import the `Context` like this: `from flwr.common import Context`

            This is a deprecated feature. It will be removed
            entirely in future versions of Flower.
        
[2026-06-20 08:31:59,118] 268 flwr - WARNING - DEPRECATED FEATURE: `client_fn` now expects a signature `def client_fn(context: Context)`.The provided `client_fn` has signature: {'cid': <Parameter "cid: str">}. You can import the `Context` like this: `from flwr.common import Context`

            This is a deprecated feature. It will be removed
            entirely in future versions of Flower.
        
[2026-06-20 08:31:59,120] 268 flwr - WARNING - DEPRECATED FEATURE: `client_fn` now expects a signature `def client_fn(context: Context)`.The provided `client_fn` has signature: {'cid': <Parameter "cid: str">}. You can import the `Context` like this: `from flwr.common import Context`

            This is a deprecated feature. It will be removed
            entirely in future versions of Flower.
        
[2026-06-20 08:31:59,123] 268 flwr - WARNING - DEPRECATED FEATURE: `client_fn` now expects a signature `def client_fn(context: Context)`.The provided `client_fn` has signature: {'cid': <Parameter "cid: str">}. You can import the `Context` like this: `from flwr.common import Context`

            This is a deprecated feature. It will be removed
            entirely in future versions of Flower.
        
[2026-06-20 08:31:59,131] 268 flwr - WARNING - DEPRECATED FEATURE: `client_fn` now expects a signature `def client_fn(context: Context)`.The provided `client_fn` has signature: {'cid': <Parameter "cid: str">}. You can import the `Context` like this: `from flwr.common import Context`

            This is a deprecated feature. It will be removed
            entirely in future versions of Flower.
        
[2026-06-20 08:31:59,134] 268 flwr - WARNING - DEPRECATED FEATURE: `client_fn` now expects a signature `def client_fn(context: Context)`.The provided `client_fn` has signature: {'cid': <Parameter "cid: str">}. You can import the `Context` like this: `from flwr.common import Context`

            This is a deprecated feature. It will be removed
            entirely in future versions of Flower.
        
[2026-06-20 08:31:59,134] 268 flwr - WARNING - DEPRECATED FEATURE: `client_fn` now expects a signature `def client_fn(context: Context)`.The provided `client_fn` has signature: {'cid': <Parameter "cid: str">}. You can import the `Context` like this: `from flwr.common import Context`

            This is a deprecated feature. It will be removed
            entirely in future versions of Flower.
        
[2026-06-20 08:31:59,470] 39 root - INFO - [Attacker] Label flip: 0 samples class 1 \u2192 class 0
[2026-06-20 08:31:59,478] 39 root - INFO - [Attacker] Label flip: 0 samples class 1 \u2192 class 0
[2026-06-20 08:31:59,487] 39 root - INFO - [Attacker] Label flip: 0 samples class 1 \u2192 class 0
[2026-06-20 08:31:59,494] 39 root - INFO - [Attacker] Label flip: 0 samples class 1 \u2192 class 0
[2026-06-20 08:31:59,502] 39 root - INFO - [Attacker] Label flip: 0 samples class 1 \u2192 class 0
[2026-06-20 08:31:59,509] 39 root - INFO - [Attacker] Label flip: 0 samples class 1 \u2192 class 0
[2026-06-20 08:31:59,518] 39 root - INFO - [Attacker] Label flip: 0 samples class 1 \u2192 class 0
[2026-06-20 08:31:59,526] 39 root - INFO - [Attacker] Label flip: 0 samples class 1 \u2192 class 0
[2026-06-20 08:31:59,534] 39 root - INFO - [Attacker] Label flip: 0 samples class 1 \u2192 class 0
[2026-06-20 08:31:59,542] 39 root - INFO - [Attacker] Label flip: 0 samples class 1 \u2192 class 0
[2026-06-20 08:31:59,550] 39 root - INFO - [Attacker] Label flip: 0 samples class 1 \u2192 class 0
[2026-06-20 08:31:59,559] 39 root - INFO - [Attacker] Label flip: 0 samples class 1 \u2192 class 0
[2026-06-20 08:31:59,567] 39 root - INFO - [Attacker] Label flip: 0 samples class 1 \u2192 class 0
[2026-06-20 08:31:59,575] 39 root - INFO - [Attacker] Label flip: 0 samples class 1 \u2192 class 0
[2026-06-20 08:31:59,582] 39 root - INFO - [Attacker] Label flip: 0 samples class 1 \u2192 class 0
[2026-06-20 08:31:59,590] 39 root - INFO - [Attacker] Label flip: 0 samples class 1 \u2192 class 0
[2026-06-20 08:31:59,598] 39 root - INFO - [Attacker] Label flip: 0 samples class 1 \u2192 class 0
[2026-06-20 08:31:59,607] 39 root - INFO - [Attacker] Label flip: 0 samples class 1 \u2192 class 0
[2026-06-20 08:31:59,614] 39 root - INFO - [Attacker] Label flip: 0 samples class 1 \u2192 class 0
[2026-06-20 08:31:59,622] 39 root - INFO - [Attacker] Label flip: 0 samples class 1 \u2192 class 0
[2026-06-20 08:31:59,630] 39 root - INFO - [Attacker] Label flip: 0 samples class 1 \u2192 class 0
[2026-06-20 08:31:59,638] 39 root - INFO - [Attacker] Label flip: 0 samples class 1 \u2192 class 0
[2026-06-20 08:31:59,646] 39 root - INFO - [Attacker] Label flip: 0 samples class 1 \u2192 class 0
[2026-06-20 08:31:59,655] 39 root - INFO - [Attacker] Label flip: 0 samples class 1 \u2192 class 0
[2026-06-20 08:31:59,666] 39 root - INFO - [Attacker] Label flip: 0 samples class 1 \u2192 class 0
[2026-06-20 08:31:59,675] 39 root - INFO - [Attacker] Label flip: 0 samples class 1 \u2192 class 0
[2026-06-20 08:31:59,682] 39 root - INFO - [Attacker] Label flip: 0 samples class 1 \u2192 class 0
[2026-06-20 08:31:59,691] 39 root - INFO - [Attacker] Label flip: 0 samples class 1 \u2192 class 0
[2026-06-20 08:31:59,699] 39 root - INFO - [Attacker] Label flip: 0 samples class 1 \u2192 class 0
[2026-06-20 08:31:59,708] 39 root - INFO - [Attacker] Label flip: 0 samples class 1 \u2192 class 0
[2026-06-20 08:31:59,716] 39 root - INFO - [Attacker] Label flip: 0 samples class 1 \u2192 class 0
[2026-06-20 08:31:59,725] 39 root - INFO - [Attacker] Label flip: 0 samples class 1 \u2192 class 0
[2026-06-20 08:31:59,734] 39 root - INFO - [Attacker] Label flip: 0 samples class 1 \u2192 class 0
[2026-06-20 08:31:59,741] 39 root - INFO - [Attacker] Label flip: 0 samples class 1 \u2192 class 0
[2026-06-20 08:31:59,750] 39 root - INFO - [Attacker] Label flip: 0 samples class 1 \u2192 class 0
[2026-06-20 08:31:59,757] 39 root - INFO - [Attacker] Label flip: 0 samples class 1 \u2192 class 0
[2026-06-20 08:31:59,765] 39 root - INFO - [Attacker] Label flip: 0 samples class 1 \u2192 class 0
[2026-06-20 08:31:59,773] 39 root - INFO - [Attacker] Label flip: 0 samples class 1 \u2192 class 0
[2026-06-20 08:31:59,782] 39 root - INFO - [Attacker] Label flip: 0 samples class 1 \u2192 class 0
[2026-06-20 08:31:59,791] 39 root - INFO - [Attacker] Label flip: 0 samples class 1 \u2192 class 0
[2026-06-20 08:31:59,799] 39 root - INFO - [Attacker] Label flip: 0 samples class 1 \u2192 class 0
[2026-06-20 08:31:59,806] 39 root - INFO - [Attacker] Label flip: 0 samples class 1 \u2192 class 0
[2026-06-20 08:31:59,817] 39 root - INFO - [Attacker] Label flip: 0 samples class 1 \u2192 class 0
[2026-06-20 08:31:59,821] 268 flwr - WARNING - DEPRECATED FEATURE: `client_fn` now expects a signature `def client_fn(context: Context)`.The provided `client_fn` has signature: {'cid': <Parameter "cid: str">}. You can import the `Context` like this: `from flwr.common import Context`

            This is a deprecated feature. It will be removed
            entirely in future versions of Flower.
        
[2026-06-20 08:31:59,827] 39 root - INFO - [Attacker] Label flip: 0 samples class 1 \u2192 class 0
[2026-06-20 08:31:59,835] 39 root - INFO - [Attacker] Label flip: 0 samples class 1 \u2192 class 0
[2026-06-20 08:31:59,844] 39 root - INFO - [Attacker] Label flip: 0 samples class 1 \u2192 class 0
[2026-06-20 08:31:59,852] 39 root - INFO - [Attacker] Label flip: 0 samples class 1 \u2192 class 0
[2026-06-20 08:31:59,861] 39 root - INFO - [Attacker] Label flip: 0 samples class 1 \u2192 class 0
[2026-06-20 08:31:59,871] 39 root - INFO - [Attacker] Label flip: 0 samples class 1 \u2192 class 0
[2026-06-20 08:31:59,880] 39 root - INFO - [Attacker] Label flip: 0 samples class 1 \u2192 class 0
[2026-06-20 08:31:59,889] 39 root - INFO - [Attacker] Label flip: 0 samples class 1 \u2192 class 0
[2026-06-20 08:31:59,898] 39 root - INFO - [Attacker] Label flip: 0 samples class 1 \u2192 class 0
[2026-06-20 08:31:59,906] 39 root - INFO - [Attacker] Label flip: 0 samples class 1 \u2192 class 0
[2026-06-20 08:31:59,915] 39 root - INFO - [Attacker] Label flip: 0 samples class 1 \u2192 class 0
[2026-06-20 08:31:59,923] 39 root - INFO - [Attacker] Label flip: 0 samples class 1 \u2192 class 0
[2026-06-20 08:31:59,932] 39 root - INFO - [Attacker] Label flip: 0 samples class 1 \u2192 class 0
[2026-06-20 08:31:59,941] 39 root - INFO - [Attacker] Label flip: 0 samples class 1 \u2192 class 0
[2026-06-20 08:31:59,949] 39 root - INFO - [Attacker] Label flip: 0 samples class 1 \u2192 class 0
[2026-06-20 08:31:59,958] 39 root - INFO - [Attacker] Label flip: 0 samples class 1 \u2192 class 0
[2026-06-20 08:31:59,966] 39 root - INFO - [Attacker] Label flip: 0 samples class 1 \u2192 class 0
[2026-06-20 08:31:59,975] 39 root - INFO - [Attacker] Label flip: 0 samples class 1 \u2192 class 0
[2026-06-20 08:31:59,984] 39 root - INFO - [Attacker] Label flip: 0 samples class 1 \u2192 class 0
[2026-06-20 08:31:59,992] 39 root - INFO - [Attacker] Label flip: 0 samples class 1 \u2192 class 0
[2026-06-20 08:32:00,001] 39 root - INFO - [Attacker] Label flip: 0 samples class 1 \u2192 class 0
[2026-06-20 08:32:00,008] 39 root - INFO - [Attacker] Label flip: 0 samples class 1 \u2192 class 0
[2026-06-20 08:32:00,016] 39 root - INFO - [Attacker] Label flip: 0 samples class 1 \u2192 class 0
[2026-06-20 08:32:00,025] 39 root - INFO - [Attacker] Label flip: 0 samples class 1 \u2192 class 0
[2026-06-20 08:32:00,033] 39 root - INFO - [Attacker] Label flip: 0 samples class 1 \u2192 class 0
[2026-06-20 08:32:00,041] 39 root - INFO - [Attacker] Label flip: 0 samples class 1 \u2192 class 0
[2026-06-20 08:32:00,049] 39 root - INFO - [Attacker] Label flip: 0 samples class 1 \u2192 class 0
[2026-06-20 08:32:00,057] 39 root - INFO - [Attacker] Label flip: 0 samples class 1 \u2192 class 0
[2026-06-20 08:32:00,065] 39 root - INFO - [Attacker] Label flip: 0 samples class 1 \u2192 class 0
[2026-06-20 08:32:00,073] 39 root - INFO - [Attacker] Label flip: 0 samples class 1 \u2192 class 0
[2026-06-20 08:32:00,082] 39 root - INFO - [Attacker] Label flip: 0 samples class 1 \u2192 class 0
[2026-06-20 08:32:00,089] 39 root - INFO - [Attacker] Label flip: 0 samples class 1 \u2192 class 0
[2026-06-20 08:32:00,097] 39 root - INFO - [Attacker] Label flip: 0 samples class 1 \u2192 class 0
[2026-06-20 08:32:00,105] 39 root - INFO - [Attacker] Label flip: 0 samples class 1 \u2192 class 0
[2026-06-20 08:32:00,113] 39 root - INFO - [Attacker] Label flip: 0 samples class 1 \u2192 class 0
[2026-06-20 08:32:00,121] 39 root - INFO - [Attacker] Label flip: 0 samples class 1 \u2192 class 0
[2026-06-20 08:32:00,129] 39 root - INFO - [Attacker] Label flip: 0 samples class 1 \u2192 class 0
[2026-06-20 08:32:00,137] 39 root - INFO - [Attacker] Label flip: 0 samples class 1 \u2192 class 0
[2026-06-20 08:32:00,145] 39 root - INFO - [Attacker] Label flip: 0 samples class 1 \u2192 class 0
[2026-06-20 08:32:00,153] 39 root - INFO - [Attacker] Label flip: 0 samples class 1 \u2192 class 0
[2026-06-20 08:32:00,161] 39 root - INFO - [Attacker] Label flip: 0 samples class 1 \u2192 class 0
[2026-06-20 08:32:00,169] 39 root - INFO - [Attacker] Label flip: 0 samples class 1 \u2192 class 0
[2026-06-20 08:32:00,177] 39 root - INFO - [Attacker] Label flip: 0 samples class 1 \u2192 class 0
[2026-06-20 08:32:00,185] 39 root - INFO - [Attacker] Label flip: 0 samples class 1 \u2192 class 0
[2026-06-20 08:32:00,193] 39 root - INFO - [Attacker] Label flip: 0 samples class 1 \u2192 class 0
[2026-06-20 08:32:00,201] 39 root - INFO - [Attacker] Label flip: 0 samples class 1 \u2192 class 0
[2026-06-20 08:32:00,211] 39 root - INFO - [Attacker] Label flip: 0 samples class 1 \u2192 class 0
[2026-06-20 08:32:00,219] 39 root - INFO - [Attacker] Label flip: 0 samples class 1 \u2192 class 0
[2026-06-20 08:32:00,227] 39 root - INFO - [Attacker] Label flip: 0 samples class 1 \u2192 class 0
[2026-06-20 08:32:00,234] 39 root - INFO - [Attacker] Label flip: 0 samples class 1 \u2192 class 0
[2026-06-20 08:32:00,242] 39 root - INFO - [Attacker] Label flip: 0 samples class 1 \u2192 class 0
[2026-06-20 08:32:00,250] 39 root - INFO - [Attacker] Label flip: 0 samples class 1 \u2192 class 0
[2026-06-20 08:32:00,258] 39 root - INFO - [Attacker] Label flip: 0 samples class 1 \u2192 class 0
[2026-06-20 08:32:00,266] 39 root - INFO - [Attacker] Label flip: 0 samples class 1 \u2192 class 0
[2026-06-20 08:32:00,275] 39 root - INFO - [Attacker] Label flip: 0 samples class 1 \u2192 class 0
[2026-06-20 08:32:00,282] 39 root - INFO - [Attacker] Label flip: 0 samples class 1 \u2192 class 0
[2026-06-20 08:32:00,290] 39 root - INFO - [Attacker] Label flip: 0 samples class 1 \u2192 class 0
[2026-06-20 08:32:00,298] 39 root - INFO - [Attacker] Label flip: 0 samples class 1 \u2192 class 0
[2026-06-20 08:32:00,306] 39 root - INFO - [Attacker] Label flip: 0 samples class 1 \u2192 class 0
[2026-06-20 08:32:00,318] 39 root - INFO - [Attacker] Label flip: 0 samples class 1 \u2192 class 0
[2026-06-20 08:32:00,324] 268 flwr - WARNING - DEPRECATED FEATURE: `client_fn` now expects a signature `def client_fn(context: Context)`.The provided `client_fn` has signature: {'cid': <Parameter "cid: str">}. You can import the `Context` like this: `from flwr.common import Context`

            This is a deprecated feature. It will be removed
            entirely in future versions of Flower.
        
[2026-06-20 08:32:00,328] 39 root - INFO - [Attacker] Label flip: 0 samples class 1 \u2192 class 0
[2026-06-20 08:32:00,336] 39 root - INFO - [Attacker] Label flip: 0 samples class 1 \u2192 class 0
[2026-06-20 08:32:00,345] 39 root - INFO - [Attacker] Label flip: 0 samples class 1 \u2192 class 0
[2026-06-20 08:32:00,353] 39 root - INFO - [Attacker] Label flip: 0 samples class 1 \u2192 class 0
[2026-06-20 08:32:00,362] 39 root - INFO - [Attacker] Label flip: 0 samples class 1 \u2192 class 0
[2026-06-20 08:32:00,370] 39 root - INFO - [Attacker] Label flip: 0 samples class 1 \u2192 class 0
[2026-06-20 08:32:00,378] 39 root - INFO - [Attacker] Label flip: 0 samples class 1 \u2192 class 0
[2026-06-20 08:32:00,386] 39 root - INFO - [Attacker] Label flip: 0 samples class 1 \u2192 class 0
[2026-06-20 08:32:00,394] 39 root - INFO - [Attacker] Label flip: 0 samples class 1 \u2192 class 0
[2026-06-20 08:32:00,402] 39 root - INFO - [Attacker] Label flip: 0 samples class 1 \u2192 class 0
[2026-06-20 08:32:00,409] 39 root - INFO - [Attacker] Label flip: 0 samples class 1 \u2192 class 0
[2026-06-20 08:32:00,418] 39 root - INFO - [Attacker] Label flip: 0 samples class 1 \u2192 class 0
[2026-06-20 08:32:00,425] 39 root - INFO - [Attacker] Label flip: 0 samples class 1 \u2192 class 0
[2026-06-20 08:32:00,433] 39 root - INFO - [Attacker] Label flip: 0 samples class 1 \u2192 class 0
[2026-06-20 08:32:00,442] 39 root - INFO - [Attacker] Label flip: 0 samples class 1 \u2192 class 0
[2026-06-20 08:32:00,450] 39 root - INFO - [Attacker] Label flip: 0 samples class 1 \u2192 class 0
[2026-06-20 08:32:00,461] 39 root - INFO - [Attacker] Label flip: 0 samples class 1 \u2192 class 0
[2026-06-20 08:32:00,465] 268 flwr - WARNING - DEPRECATED FEATURE: `client_fn` now expects a signature `def client_fn(context: Context)`.The provided `client_fn` has signature: {'cid': <Parameter "cid: str">}. You can import the `Context` like this: `from flwr.common import Context`

            This is a deprecated feature. It will be removed
            entirely in future versions of Flower.
        
[2026-06-20 08:32:00,469] 39 root - INFO - [Attacker] Label flip: 0 samples class 1 \u2192 class 0
[2026-06-20 08:32:00,479] 39 root - INFO - [Attacker] Label flip: 0 samples class 1 \u2192 class 0
[2026-06-20 08:32:00,487] 39 root - INFO - [Attacker] Label flip: 0 samples class 1 \u2192 class 0
[2026-06-20 08:32:00,494] 39 root - INFO - [Attacker] Label flip: 0 samples class 1 \u2192 class 0
[2026-06-20 08:32:00,503] 39 root - INFO - [Attacker] Label flip: 0 samples class 1 \u2192 class 0
[2026-06-20 08:32:00,511] 39 root - INFO - [Attacker] Label flip: 0 samples class 1 \u2192 class 0
[2026-06-20 08:32:00,522] 39 root - INFO - [Attacker] Label flip: 0 samples class 1 \u2192 class 0
[2026-06-20 08:32:00,530] 39 root - INFO - [Attacker] Label flip: 0 samples class 1 \u2192 class 0
[2026-06-20 08:32:00,538] 39 root - INFO - [Attacker] Label flip: 0 samples class 1 \u2192 class 0
[2026-06-20 08:32:00,546] 39 root - INFO - [Attacker] Label flip: 0 samples class 1 \u2192 class 0
[2026-06-20 08:32:00,558] 39 root - INFO - [Attacker] Label flip: 0 samples class 1 \u2192 class 0
[2026-06-20 08:32:00,568] 39 root - INFO - [Attacker] Label flip: 0 samples class 1 \u2192 class 0
[2026-06-20 08:32:00,580] 39 root - INFO - [Attacker] Label flip: 0 samples class 1 \u2192 class 0
[2026-06-20 08:32:00,589] 39 root - INFO - [Attacker] Label flip: 0 samples class 1 \u2192 class 0
[2026-06-20 08:32:00,600] 39 root - INFO - [Attacker] Label flip: 0 samples class 1 \u2192 class 0
[2026-06-20 08:32:00,610] 39 root - INFO - [Attacker] Label flip: 0 samples class 1 \u2192 class 0
[2026-06-20 08:32:00,618] 39 root - INFO - [Attacker] Label flip: 0 samples class 1 \u2192 class 0
[2026-06-20 08:32:00,627] 39 root - INFO - [Attacker] Label flip: 0 samples class 1 \u2192 class 0
[2026-06-20 08:32:00,637] 39 root - INFO - [Attacker] Label flip: 0 samples class 1 \u2192 class 0
[2026-06-20 08:32:00,646] 39 root - INFO - [Attacker] Label flip: 0 samples class 1 \u2192 class 0
[2026-06-20 08:32:00,657] 39 root - INFO - [Attacker] Label flip: 0 samples class 1 \u2192 class 0
[2026-06-20 08:32:00,665] 39 root - INFO - [Attacker] Label flip: 0 samples class 1 \u2192 class 0
[2026-06-20 08:32:00,672] 39 root - INFO - [Attacker] Label flip: 0 samples class 1 \u2192 class 0
[2026-06-20 08:32:00,680] 39 root - INFO - [Attacker] Label flip: 0 samples class 1 \u2192 class 0
[2026-06-20 08:32:00,691] 39 root - INFO - [Attacker] Label flip: 0 samples class 1 \u2192 class 0
[2026-06-20 08:32:00,701] 39 root - INFO - [Attacker] Label flip: 0 samples class 1 \u2192 class 0
[2026-06-20 08:32:00,709] 39 root - INFO - [Attacker] Label flip: 0 samples class 1 \u2192 class 0
[2026-06-20 08:32:00,718] 39 root - INFO - [Attacker] Label flip: 0 samples class 1 \u2192 class 0
[2026-06-20 08:32:00,734] 39 root - INFO - [Attacker] Label flip: 0 samples class 1 \u2192 class 0
[2026-06-20 08:32:00,750] 39 root - INFO - [Attacker] Label flip: 0 samples class 1 \u2192 class 0
[2026-06-20 08:32:00,766] 39 root - INFO - [Attacker] Label flip: 0 samples class 1 \u2192 class 0
[2026-06-20 08:32:00,778] 39 root - INFO - [Attacker] Label flip: 0 samples class 1 \u2192 class 0
[2026-06-20 08:32:00,789] 39 root - INFO - [Attacker] Label flip: 0 samples class 1 \u2192 class 0
[2026-06-20 08:32:00,797] 39 root - INFO - [Attacker] Label flip: 0 samples class 1 \u2192 class 0
[2026-06-20 08:32:00,806] 39 root - INFO - [Attacker] Label flip: 0 samples class 1 \u2192 class 0
[2026-06-20 08:32:00,814] 39 root - INFO - [Attacker] Label flip: 0 samples class 1 \u2192 class 0
[2026-06-20 08:32:00,825] 39 root - INFO - [Attacker] Label flip: 0 samples class 1 \u2192 class 0
[2026-06-20 08:32:00,833] 39 root - INFO - [Attacker] Label flip: 0 samples class 1 \u2192 class 0
[2026-06-20 08:32:00,841] 39 root - INFO - [Attacker] Label flip: 0 samples class 1 \u2192 class 0
[2026-06-20 08:32:00,850] 39 root - INFO - [Attacker] Label flip: 0 samples class 1 \u2192 class 0
[2026-06-20 08:32:00,859] 39 root - INFO - [Attacker] Label flip: 0 samples class 1 \u2192 class 0
[2026-06-20 08:32:00,868] 39 root - INFO - [Attacker] Label flip: 0 samples class 1 \u2192 class 0
[2026-06-20 08:32:00,876] 39 root - INFO - [Attacker] Label flip: 0 samples class 1 \u2192 class 0
[2026-06-20 08:32:00,884] 39 root - INFO - [Attacker] Label flip: 0 samples class 1 \u2192 class 0
[2026-06-20 08:32:00,894] 39 root - INFO - [Attacker] Label flip: 0 samples class 1 \u2192 class 0
[2026-06-20 08:32:00,906] 39 root - INFO - [Attacker] Label flip: 0 samples class 1 \u2192 class 0
[2026-06-20 08:32:00,917] 39 root - INFO - [Attacker] Label flip: 0 samples class 1 \u2192 class 0
[2026-06-20 08:32:00,926] 39 root - INFO - [Attacker] Label flip: 0 samples class 1 \u2192 class 0
[2026-06-20 08:32:00,941] 39 root - INFO - [Attacker] Label flip: 0 samples class 1 \u2192 class 0
[2026-06-20 08:32:00,952] 39 root - INFO - [Attacker] Label flip: 0 samples class 1 \u2192 class 0
[2026-06-20 08:32:00,966] 39 root - INFO - [Attacker] Label flip: 0 samples class 1 \u2192 class 0
[2026-06-20 08:32:00,976] 39 root - INFO - [Attacker] Label flip: 0 samples class 1 \u2192 class 0
[2026-06-20 08:32:00,988] 39 root - INFO - [Attacker] Label flip: 0 samples class 1 \u2192 class 0
[2026-06-20 08:32:00,997] 39 root - INFO - [Attacker] Label flip: 0 samples class 1 \u2192 class 0
[2026-06-20 08:32:01,008] 39 root - INFO - [Attacker] Label flip: 0 samples class 1 \u2192 class 0
[2026-06-20 08:32:01,020] 39 root - INFO - [Attacker] Label flip: 0 samples class 1 \u2192 class 0
[2026-06-20 08:32:01,036] 39 root - INFO - [Attacker] Label flip: 0 samples class 1 \u2192 class 0
[2026-06-20 08:32:01,051] 39 root - INFO - [Attacker] Label flip: 0 samples class 1 \u2192 class 0
[2026-06-20 08:32:01,066] 39 root - INFO - [Attacker] Label flip: 0 samples class 1 \u2192 class 0
[2026-06-20 08:32:01,090] 39 root - INFO - [Attacker] Label flip: 0 samples class 1 \u2192 class 0
[2026-06-20 08:32:01,124] 39 root - INFO - [Attacker] Label flip: 0 samples class 1 \u2192 class 0
[2026-06-20 08:32:01,162] 39 root - INFO - [Attacker] Label flip: 0 samples class 1 \u2192 class 0
[2026-06-20 08:32:01,208] 268 flwr - WARNING - DEPRECATED FEATURE: `client_fn` now expects a signature `def client_fn(context: Context)`.The provided `client_fn` has signature: {'cid': <Parameter "cid: str">}. You can import the `Context` like this: `from flwr.common import Context`

            This is a deprecated feature. It will be removed
            entirely in future versions of Flower.
        
[2026-06-20 08:32:01,235] 39 root - INFO - [Attacker] Label flip: 0 samples class 1 \u2192 class 0
[2026-06-20 08:32:01,437] 39 root - INFO - [Attacker] Label flip: 0 samples class 1 \u2192 class 0
[2026-06-20 08:32:01,456] 39 root - INFO - [Attacker] Label flip: 0 samples class 1 \u2192 class 0
[2026-06-20 08:32:01,470] 39 root - INFO - [Attacker] Label flip: 0 samples class 1 \u2192 class 0
[2026-06-20 08:32:01,485] 39 root - INFO - [Attacker] Label flip: 0 samples class 1 \u2192 class 0
[2026-06-20 08:32:01,498] 39 root - INFO - [Attacker] Label flip: 0 samples class 1 \u2192 class 0
[2026-06-20 08:32:01,518] 39 root - INFO - [Attacker] Label flip: 0 samples class 1 \u2192 class 0
[2026-06-20 08:32:01,535] 39 root - INFO - [Attacker] Label flip: 0 samples class 1 \u2192 class 0
[2026-06-20 08:32:01,549] 39 root - INFO - [Attacker] Label flip: 0 samples class 1 \u2192 class 0
[2026-06-20 08:32:01,568] 39 root - INFO - [Attacker] Label flip: 0 samples class 1 \u2192 class 0
[2026-06-20 08:32:01,585] 39 root - INFO - [Attacker] Label flip: 0 samples class 1 \u2192 class 0
[2026-06-20 08:32:01,617] 39 root - INFO - [Attacker] Label flip: 0 samples class 1 \u2192 class 0
[2026-06-20 08:32:01,661] 39 root - INFO - [Attacker] Label flip: 0 samples class 1 \u2192 class 0
[2026-06-20 08:32:01,720] 39 root - INFO - [Attacker] Label flip: 0 samples class 1 \u2192 class 0
[2026-06-20 08:32:01,742] 39 root - INFO - [Attacker] Label flip: 0 samples class 1 \u2192 class 0
[2026-06-20 08:32:01,763] 39 root - INFO - [Attacker] Label flip: 0 samples class 1 \u2192 class 0
[2026-06-20 08:32:01,794] 39 root - INFO - [Attacker] Label flip: 0 samples class 1 \u2192 class 0
[2026-06-20 08:32:01,919] 39 root - INFO - [Attacker] Label flip: 0 samples class 1 \u2192 class 0
[2026-06-20 08:32:01,975] 39 root - INFO - [Attacker] Label flip: 0 samples class 1 \u2192 class 0
[2026-06-20 08:32:02,031] 39 root - INFO - [Attacker] Label flip: 0 samples class 1 \u2192 class 0
[2026-06-20 08:32:02,058] 39 root - INFO - [Attacker] Label flip: 0 samples class 1 \u2192 class 0
[2026-06-20 08:32:02,083] 39 root - INFO - [Attacker] Label flip: 0 samples class 1 \u2192 class 0
[2026-06-20 08:32:02,097] 39 root - INFO - [Attacker] Label flip: 0 samples class 1 \u2192 class 0
[2026-06-20 08:32:02,107] 39 root - INFO - [Attacker] Label flip: 0 samples class 1 \u2192 class 0
[2026-06-20 08:32:02,117] 39 root - INFO - [Attacker] Label flip: 0 samples class 1 \u2192 class 0
[2026-06-20 08:32:02,128] 39 root - INFO - [Attacker] Label flip: 0 samples class 1 \u2192 class 0
[2026-06-20 08:32:02,140] 39 root - INFO - [Attacker] Label flip: 0 samples class 1 \u2192 class 0
[2026-06-20 08:32:02,150] 39 root - INFO - [Attacker] Label flip: 0 samples class 1 \u2192 class 0
[2026-06-20 08:32:02,163] 39 root - INFO - [Attacker] Label flip: 0 samples class 1 \u2192 class 0
[2026-06-20 08:32:02,173] 39 root - INFO - [Attacker] Label flip: 0 samples class 1 \u2192 class 0
[2026-06-20 08:32:02,183] 39 root - INFO - [Attacker] Label flip: 0 samples class 1 \u2192 class 0
[2026-06-20 08:32:02,196] 39 root - INFO - [Attacker] Label flip: 0 samples class 1 \u2192 class 0
[2026-06-20 08:32:02,206] 39 root - INFO - [Attacker] Label flip: 0 samples class 1 \u2192 class 0
[2026-06-20 08:32:02,216] 39 root - INFO - [Attacker] Label flip: 0 samples class 1 \u2192 class 0
[2026-06-20 08:32:02,231] 39 root - INFO - [Attacker] Label flip: 0 samples class 1 \u2192 class 0
[2026-06-20 08:32:02,240] 39 root - INFO - [Attacker] Label flip: 0 samples class 1 \u2192 class 0
[2026-06-20 08:32:02,250] 39 root - INFO - [Attacker] Label flip: 0 samples class 1 \u2192 class 0
[2026-06-20 08:32:02,266] 39 root - INFO - [Attacker] Label flip: 0 samples class 1 \u2192 class 0
[2026-06-20 08:32:02,278] 39 root - INFO - [Attacker] Label flip: 0 samples class 1 \u2192 class 0
[2026-06-20 08:32:02,289] 39 root - INFO - [Attacker] Label flip: 0 samples class 1 \u2192 class 0
[2026-06-20 08:32:02,300] 39 root - INFO - [Attacker] Label flip: 0 samples class 1 \u2192 class 0
[2026-06-20 08:32:02,308] 39 root - INFO - [Attacker] Label flip: 0 samples class 1 \u2192 class 0
[2026-06-20 08:32:02,319] 39 root - INFO - [Attacker] Label flip: 0 samples class 1 \u2192 class 0
[2026-06-20 08:32:02,333] 39 root - INFO - [Attacker] Label flip: 0 samples class 1 \u2192 class 0
[2026-06-20 08:32:02,343] 39 root - INFO - [Attacker] Label flip: 0 samples class 1 \u2192 class 0
[2026-06-20 08:32:02,354] 39 root - INFO - [Attacker] Label flip: 0 samples class 1 \u2192 class 0
[2026-06-20 08:32:02,367] 39 root - INFO - [Attacker] Label flip: 0 samples class 1 \u2192 class 0
[2026-06-20 08:32:02,379] 39 root - INFO - [Attacker] Label flip: 0 samples class 1 \u2192 class 0
[2026-06-20 08:32:02,396] 39 root - INFO - [Attacker] Label flip: 0 samples class 1 \u2192 class 0
[2026-06-20 08:32:02,408] 39 root - INFO - [Attacker] Label flip: 0 samples class 1 \u2192 class 0
[2026-06-20 08:32:02,419] 39 root - INFO - [Attacker] Label flip: 0 samples class 1 \u2192 class 0
[2026-06-20 08:32:02,436] 39 root - INFO - [Attacker] Label flip: 0 samples class 1 \u2192 class 0
[2026-06-20 08:32:02,449] 39 root - INFO - [Attacker] Label flip: 0 samples class 1 \u2192 class 0
[2026-06-20 08:32:02,462] 39 root - INFO - [Attacker] Label flip: 0 samples class 1 \u2192 class 0
[2026-06-20 08:32:02,473] 39 root - INFO - [Attacker] Label flip: 0 samples class 1 \u2192 class 0
[2026-06-20 08:32:02,483] 39 root - INFO - [Attacker] Label flip: 0 samples class 1 \u2192 class 0
[2026-06-20 08:32:02,494] 39 root - INFO - [Attacker] Label flip: 0 samples class 1 \u2192 class 0
[2026-06-20 08:32:02,503] 39 root - INFO - [Attacker] Label flip: 0 samples class 1 \u2192 class 0
[2026-06-20 08:32:02,513] 39 root - INFO - [Attacker] Label flip: 0 samples class 1 \u2192 class 0
[2026-06-20 08:32:02,527] 39 root - INFO - [Attacker] Label flip: 0 samples class 1 \u2192 class 0
[2026-06-20 08:32:02,536] 39 root - INFO - [Attacker] Label flip: 0 samples class 1 \u2192 class 0
[2026-06-20 08:32:02,546] 39 root - INFO - [Attacker] Label flip: 0 samples class 1 \u2192 class 0
[2026-06-20 08:32:02,557] 39 root - INFO - [Attacker] Label flip: 0 samples class 1 \u2192 class 0
[2026-06-20 08:32:02,569] 39 root - INFO - [Attacker] Label flip: 0 samples class 1 \u2192 class 0
[2026-06-20 08:32:02,571] 268 flwr - WARNING - DEPRECATED FEATURE: `client_fn` now expects a signature `def client_fn(context: Context)`.The provided `client_fn` has signature: {'cid': <Parameter "cid: str">}. You can import the `Context` like this: `from flwr.common import Context`

            This is a deprecated feature. It will be removed
            entirely in future versions of Flower.
        
[2026-06-20 08:32:02,580] 39 root - INFO - [Attacker] Label flip: 0 samples class 1 \u2192 class 0
[2026-06-20 08:32:02,591] 39 root - INFO - [Attacker] Label flip: 0 samples class 1 \u2192 class 0
[2026-06-20 08:32:02,605] 39 root - INFO - [Attacker] Label flip: 0 samples class 1 \u2192 class 0
[2026-06-20 08:32:02,615] 39 root - INFO - [Attacker] Label flip: 0 samples class 1 \u2192 class 0
[2026-06-20 08:32:02,627] 39 root - INFO - [Attacker] Label flip: 0 samples class 1 \u2192 class 0
[2026-06-20 08:32:02,635] 39 root - INFO - [Attacker] Label flip: 0 samples class 1 \u2192 class 0
[2026-06-20 08:32:02,647] 39 root - INFO - [Attacker] Label flip: 0 samples class 1 \u2192 class 0
[2026-06-20 08:32:02,668] 39 root - INFO - [Attacker] Label flip: 0 samples class 1 \u2192 class 0
[2026-06-20 08:32:02,683] 268 flwr - WARNING - DEPRECATED FEATURE: `client_fn` now expects a signature `def client_fn(context: Context)`.The provided `client_fn` has signature: {'cid': <Parameter "cid: str">}. You can import the `Context` like this: `from flwr.common import Context`

            This is a deprecated feature. It will be removed
            entirely in future versions of Flower.
        
[2026-06-20 08:32:02,685] 39 root - INFO - [Attacker] Label flip: 0 samples class 1 \u2192 class 0
[2026-06-20 08:32:02,702] 39 root - INFO - [Attacker] Label flip: 0 samples class 1 \u2192 class 0
[2026-06-20 08:32:02,717] 39 root - INFO - [Attacker] Label flip: 0 samples class 1 \u2192 class 0
[2026-06-20 08:32:02,734] 39 root - INFO - [Attacker] Label flip: 0 samples class 1 \u2192 class 0
[2026-06-20 08:32:02,747] 39 root - INFO - [Attacker] Label flip: 0 samples class 1 \u2192 class 0
[2026-06-20 08:32:02,766] 39 root - INFO - [Attacker] Label flip: 0 samples class 1 \u2192 class 0
[2026-06-20 08:32:02,774] 39 root - INFO - [Attacker] Label flip: 0 samples class 1 \u2192 class 0
[2026-06-20 08:32:02,789] 39 root - INFO - [Attacker] Label flip: 0 samples class 1 \u2192 class 0
[2026-06-20 08:32:02,808] 39 root - INFO - [Attacker] Label flip: 0 samples class 1 \u2192 class 0
[2026-06-20 08:32:02,826] 39 root - INFO - [Attacker] Label flip: 0 samples class 1 \u2192 class 0
[2026-06-20 08:32:02,840] 39 root - INFO - [Attacker] Label flip: 0 samples class 1 \u2192 class 0
[2026-06-20 08:32:02,856] 39 root - INFO - [Attacker] Label flip: 0 samples class 1 \u2192 class 0
[2026-06-20 08:32:02,867] 39 root - INFO - [Attacker] Label flip: 0 samples class 1 \u2192 class 0
[2026-06-20 08:32:02,878] 39 root - INFO - [Attacker] Label flip: 0 samples class 1 \u2192 class 0
[2026-06-20 08:32:02,887] 39 root - INFO - [Attacker] Label flip: 0 samples class 1 \u2192 class 0
[2026-06-20 08:32:02,898] 39 root - INFO - [Attacker] Label flip: 0 samples class 1 \u2192 class 0
[2026-06-20 08:32:02,906] 39 root - INFO - [Attacker] Label flip: 0 samples class 1 \u2192 class 0
[2026-06-20 08:32:02,914] 39 root - INFO - [Attacker] Label flip: 0 samples class 1 \u2192 class 0
[2026-06-20 08:32:02,923] 39 root - INFO - [Attacker] Label flip: 0 samples class 1 \u2192 class 0
[2026-06-20 08:32:02,931] 39 root - INFO - [Attacker] Label flip: 0 samples class 1 \u2192 class 0
[2026-06-20 08:32:02,941] 39 root - INFO - [Attacker] Label flip: 0 samples class 1 \u2192 class 0
[2026-06-20 08:32:02,950] 39 root - INFO - [Attacker] Label flip: 0 samples class 1 \u2192 class 0
[2026-06-20 08:32:02,963] 39 root - INFO - [Attacker] Label flip: 0 samples class 1 \u2192 class 0
[2026-06-20 08:32:02,973] 39 root - INFO - [Attacker] Label flip: 0 samples class 1 \u2192 class 0
[2026-06-20 08:32:02,982] 39 root - INFO - [Attacker] Label flip: 0 samples class 1 \u2192 class 0
[2026-06-20 08:32:02,995] 39 root - INFO - [Attacker] Label flip: 0 samples class 1 \u2192 class 0
[2026-06-20 08:32:03,005] 39 root - INFO - [Attacker] Label flip: 0 samples class 1 \u2192 class 0
[2026-06-20 08:32:03,014] 39 root - INFO - [Attacker] Label flip: 0 samples class 1 \u2192 class 0
[2026-06-20 08:32:03,026] 39 root - INFO - [Attacker] Label flip: 0 samples class 1 \u2192 class 0
[2026-06-20 08:32:03,035] 39 root - INFO - [Attacker] Label flip: 0 samples class 1 \u2192 class 0
[2026-06-20 08:32:03,044] 39 root - INFO - [Attacker] Label flip: 0 samples class 1 \u2192 class 0
[2026-06-20 08:32:03,053] 39 root - INFO - [Attacker] Label flip: 0 samples class 1 \u2192 class 0
[2026-06-20 08:32:03,064] 39 root - INFO - [Attacker] Label flip: 0 samples class 1 \u2192 class 0
[2026-06-20 08:32:03,072] 39 root - INFO - [Attacker] Label flip: 0 samples class 1 \u2192 class 0
[2026-06-20 08:32:03,081] 39 root - INFO - [Attacker] Label flip: 0 samples class 1 \u2192 class 0
[2026-06-20 08:32:03,092] 39 root - INFO - [Attacker] Label flip: 0 samples class 1 \u2192 class 0
[2026-06-20 08:32:03,100] 39 root - INFO - [Attacker] Label flip: 0 samples class 1 \u2192 class 0
[2026-06-20 08:32:03,109] 39 root - INFO - [Attacker] Label flip: 0 samples class 1 \u2192 class 0
[2026-06-20 08:32:03,116] 39 root - INFO - [Attacker] Label flip: 0 samples class 1 \u2192 class 0
[2026-06-20 08:32:03,126] 39 root - INFO - [Attacker] Label flip: 0 samples class 1 \u2192 class 0
[2026-06-20 08:32:03,134] 39 root - INFO - [Attacker] Label flip: 0 samples class 1 \u2192 class 0
[2026-06-20 08:32:03,142] 39 root - INFO - [Attacker] Label flip: 0 samples class 1 \u2192 class 0
[2026-06-20 08:32:03,150] 39 root - INFO - [Attacker] Label flip: 0 samples class 1 \u2192 class 0
[2026-06-20 08:32:03,160] 39 root - INFO - [Attacker] Label flip: 0 samples class 1 \u2192 class 0
[2026-06-20 08:32:03,170] 39 root - INFO - [Attacker] Label flip: 0 samples class 1 \u2192 class 0
[2026-06-20 08:32:03,178] 39 root - INFO - [Attacker] Label flip: 0 samples class 1 \u2192 class 0
[2026-06-20 08:32:03,185] 39 root - INFO - [Attacker] Label flip: 0 samples class 1 \u2192 class 0
[2026-06-20 08:32:03,196] 39 root - INFO - [Attacker] Label flip: 0 samples class 1 \u2192 class 0
[2026-06-20 08:32:03,204] 39 root - INFO - [Attacker] Label flip: 0 samples class 1 \u2192 class 0
[2026-06-20 08:32:03,211] 39 root - INFO - [Attacker] Label flip: 0 samples class 1 \u2192 class 0
[2026-06-20 08:32:03,221] 39 root - INFO - [Attacker] Label flip: 0 samples class 1 \u2192 class 0
[2026-06-20 08:32:03,234] 39 root - INFO - [Attacker] Label flip: 0 samples class 1 \u2192 class 0
[2026-06-20 08:32:03,245] 39 root - INFO - [Attacker] Label flip: 0 samples class 1 \u2192 class 0
[2026-06-20 08:32:03,253] 39 root - INFO - [Attacker] Label flip: 0 samples class 1 \u2192 class 0
[2026-06-20 08:32:03,263] 39 root - INFO - [Attacker] Label flip: 0 samples class 1 \u2192 class 0
[2026-06-20 08:32:03,272] 39 root - INFO - [Attacker] Label flip: 0 samples class 1 \u2192 class 0
[2026-06-20 08:32:03,280] 39 root - INFO - [Attacker] Label flip: 0 samples class 1 \u2192 class 0
[2026-06-20 08:32:03,296] 39 root - INFO - [Attacker] Label flip: 0 samples class 1 \u2192 class 0
[2026-06-20 08:32:03,307] 39 root - INFO - [Attacker] Label flip: 0 samples class 1 \u2192 class 0
[2026-06-20 08:32:03,317] 39 root - INFO - [Attacker] Label flip: 0 samples class 1 \u2192 class 0
[2026-06-20 08:32:03,329] 39 root - INFO - [Attacker] Label flip: 0 samples class 1 \u2192 class 0
[2026-06-20 08:32:03,338] 39 root - INFO - [Attacker] Label flip: 0 samples class 1 \u2192 class 0
[2026-06-20 08:32:03,349] 39 root - INFO - [Attacker] Label flip: 0 samples class 1 \u2192 class 0
[2026-06-20 08:32:03,360] 39 root - INFO - [Attacker] Label flip: 0 samples class 1 \u2192 class 0
[2026-06-20 08:32:03,375] 39 root - INFO - [Attacker] Label flip: 0 samples class 1 \u2192 class 0
[2026-06-20 08:32:03,385] 39 root - INFO - [Attacker] Label flip: 0 samples class 1 \u2192 class 0
[2026-06-20 08:32:03,402] 39 root - INFO - [Attacker] Label flip: 0 samples class 1 \u2192 class 0
[2026-06-20 08:32:03,417] 39 root - INFO - [Attacker] Label flip: 0 samples class 1 \u2192 class 0
[2026-06-20 08:32:03,433] 39 root - INFO - [Attacker] Label flip: 0 samples class 1 \u2192 class 0
[2026-06-20 08:32:03,444] 39 root - INFO - [Attacker] Label flip: 0 samples class 1 \u2192 class 0
[2026-06-20 08:32:03,453] 39 root - INFO - [Attacker] Label flip: 0 samples class 1 \u2192 class 0
[2026-06-20 08:32:03,467] 39 root - INFO - [Attacker] Label flip: 0 samples class 1 \u2192 class 0
[2026-06-20 08:32:03,478] 39 root - INFO - [Attacker] Label flip: 0 samples class 1 \u2192 class 0
[2026-06-20 08:32:03,488] 39 root - INFO - [Attacker] Label flip: 0 samples class 1 \u2192 class 0
[2026-06-20 08:32:03,500] 39 root - INFO - [Attacker] Label flip: 0 samples class 1 \u2192 class 0
[2026-06-20 08:32:03,510] 39 root - INFO - [Attacker] Label flip: 0 samples class 1 \u2192 class 0
[2026-06-20 08:32:03,519] 39 root - INFO - [Attacker] Label flip: 0 samples class 1 \u2192 class 0
[2026-06-20 08:32:03,531] 39 root - INFO - [Attacker] Label flip: 0 samples class 1 \u2192 class 0
[2026-06-20 08:32:03,542] 39 root - INFO - [Attacker] Label flip: 0 samples class 1 \u2192 class 0
[2026-06-20 08:32:03,563] 39 root - INFO - [Attacker] Label flip: 0 samples class 1 \u2192 class 0
[2026-06-20 08:32:03,585] 39 root - INFO - [Attacker] Label flip: 0 samples class 1 \u2192 class 0
[2026-06-20 08:32:03,605] 39 root - INFO - [Attacker] Label flip: 0 samples class 1 \u2192 class 0
[2026-06-20 08:32:03,622] 39 root - INFO - [Attacker] Label flip: 0 samples class 1 \u2192 class 0
[2026-06-20 08:32:03,636] 39 root - INFO - [Attacker] Label flip: 0 samples class 1 \u2192 class 0
[2026-06-20 08:32:03,645] 39 root - INFO - [Attacker] Label flip: 0 samples class 1 \u2192 class 0
[2026-06-20 08:32:03,656] 39 root - INFO - [Attacker] Label flip: 0 samples class 1 \u2192 class 0
[2026-06-20 08:32:03,668] 39 root - INFO - [Attacker] Label flip: 0 samples class 1 \u2192 class 0
[2026-06-20 08:32:03,678] 39 root - INFO - [Attacker] Label flip: 0 samples class 1 \u2192 class 0
[2026-06-20 08:32:03,688] 39 root - INFO - [Attacker] Label flip: 0 samples class 1 \u2192 class 0
[2026-06-20 08:32:03,699] 39 root - INFO - [Attacker] Label flip: 0 samples class 1 \u2192 class 0
[2026-06-20 08:32:03,712] 39 root - INFO - [Attacker] Label flip: 0 samples class 1 \u2192 class 0
[2026-06-20 08:32:03,729] 39 root - INFO - [Attacker] Label flip: 0 samples class 1 \u2192 class 0
[2026-06-20 08:32:03,742] 39 root - INFO - [Attacker] Label flip: 0 samples class 1 \u2192 class 0
[2026-06-20 08:32:03,759] 268 flwr - WARNING - DEPRECATED FEATURE: `client_fn` now expects a signature `def client_fn(context: Context)`.The provided `client_fn` has signature: {'cid': <Parameter "cid: str">}. You can import the `Context` like this: `from flwr.common import Context`

            This is a deprecated feature. It will be removed
            entirely in future versions of Flower.
        
[2026-06-20 08:32:03,767] 39 root - INFO - [Attacker] Label flip: 0 samples class 1 \u2192 class 0
[2026-06-20 08:32:03,776] 39 root - INFO - [Attacker] Label flip: 0 samples class 1 \u2192 class 0
[2026-06-20 08:32:03,786] 39 root - INFO - [Attacker] Label flip: 0 samples class 1 \u2192 class 0
[2026-06-20 08:32:03,801] 39 root - INFO - [Attacker] Label flip: 0 samples class 1 \u2192 class 0
[2026-06-20 08:32:03,812] 39 root - INFO - [Attacker] Label flip: 0 samples class 1 \u2192 class 0
[2026-06-20 08:32:03,828] 39 root - INFO - [Attacker] Label flip: 0 samples class 1 \u2192 class 0
[2026-06-20 08:32:03,845] 39 root - INFO - [Attacker] Label flip: 0 samples class 1 \u2192 class 0
[2026-06-20 08:32:03,856] 39 root - INFO - [Attacker] Label flip: 0 samples class 1 \u2192 class 0
[2026-06-20 08:32:03,867] 39 root - INFO - [Attacker] Label flip: 0 samples class 1 \u2192 class 0
[2026-06-20 08:32:03,879] 39 root - INFO - [Attacker] Label flip: 0 samples class 1 \u2192 class 0
[2026-06-20 08:32:03,890] 39 root - INFO - [Attacker] Label flip: 0 samples class 1 \u2192 class 0
[2026-06-20 08:32:03,906] 39 root - INFO - [Attacker] Label flip: 0 samples class 1 \u2192 class 0
[2026-06-20 08:32:03,918] 39 root - INFO - [Attacker] Label flip: 0 samples class 1 \u2192 class 0
[2026-06-20 08:32:03,937] 39 root - INFO - [Attacker] Label flip: 0 samples class 1 \u2192 class 0
[2026-06-20 08:32:03,951] 39 root - INFO - [Attacker] Label flip: 0 samples class 1 \u2192 class 0
[2026-06-20 08:32:03,968] 39 root - INFO - [Attacker] Label flip: 0 samples class 1 \u2192 class 0
[2026-06-20 08:32:03,981] 39 root - INFO - [Attacker] Label flip: 0 samples class 1 \u2192 class 0
[2026-06-20 08:32:03,993] 39 root - INFO - [Attacker] Label flip: 0 samples class 1 \u2192 class 0
[2026-06-20 08:32:04,007] 39 root - INFO - [Attacker] Label flip: 0 samples class 1 \u2192 class 0
[2026-06-20 08:32:04,020] 39 root - INFO - [Attacker] Label flip: 0 samples class 1 \u2192 class 0
[2026-06-20 08:32:04,040] 39 root - INFO - [Attacker] Label flip: 0 samples class 1 \u2192 class 0
[2026-06-20 08:32:04,051] 39 root - INFO - [Attacker] Label flip: 0 samples class 1 \u2192 class 0
[2026-06-20 08:32:04,064] 39 root - INFO - [Attacker] Label flip: 0 samples class 1 \u2192 class 0
[2026-06-20 08:32:04,072] 39 root - INFO - [Attacker] Label flip: 0 samples class 1 \u2192 class 0
[2026-06-20 08:32:04,081] 39 root - INFO - [Attacker] Label flip: 0 samples class 1 \u2192 class 0
[2026-06-20 08:32:04,091] 39 root - INFO - [Attacker] Label flip: 0 samples class 1 \u2192 class 0
[2026-06-20 08:32:04,101] 39 root - INFO - [Attacker] Label flip: 0 samples class 1 \u2192 class 0
[2026-06-20 08:32:04,111] 39 root - INFO - [Attacker] Label flip: 0 samples class 1 \u2192 class 0
[2026-06-20 08:32:04,123] 39 root - INFO - [Attacker] Label flip: 0 samples class 1 \u2192 class 0
[2026-06-20 08:32:04,139] 39 root - INFO - [Attacker] Label flip: 0 samples class 1 \u2192 class 0
[2026-06-20 08:32:04,151] 39 root - INFO - [Attacker] Label flip: 0 samples class 1 \u2192 class 0
[2026-06-20 08:32:04,169] 39 root - INFO - [Attacker] Label flip: 0 samples class 1 \u2192 class 0
[2026-06-20 08:32:04,184] 39 root - INFO - [Attacker] Label flip: 0 samples class 1 \u2192 class 0
[2026-06-20 08:32:04,197] 39 root - INFO - [Attacker] Label flip: 0 samples class 1 \u2192 class 0
[2026-06-20 08:32:04,208] 39 root - INFO - [Attacker] Label flip: 0 samples class 1 \u2192 class 0
[2026-06-20 08:32:04,219] 39 root - INFO - [Attacker] Label flip: 0 samples class 1 \u2192 class 0
[2026-06-20 08:32:04,236] 39 root - INFO - [Attacker] Label flip: 0 samples class 1 \u2192 class 0
[2026-06-20 08:32:04,248] 39 root - INFO - [Attacker] Label flip: 0 samples class 1 \u2192 class 0
[2026-06-20 08:32:04,263] 39 root - INFO - [Attacker] Label flip: 0 samples class 1 \u2192 class 0
[2026-06-20 08:32:04,284] 39 root - INFO - [Attacker] Label flip: 0 samples class 1 \u2192 class 0
[2026-06-20 08:32:04,316] 39 root - INFO - [Attacker] Label flip: 0 samples class 1 \u2192 class 0
[2026-06-20 08:32:04,331] 39 root - INFO - [Attacker] Label flip: 0 samples class 1 \u2192 class 0
[2026-06-20 08:32:04,343] 39 root - INFO - [Attacker] Label flip: 0 samples class 1 \u2192 class 0
[2026-06-20 08:32:04,363] 39 root - INFO - [Attacker] Label flip: 0 samples class 1 \u2192 class 0
[2026-06-20 08:32:04,379] 39 root - INFO - [Attacker] Label flip: 0 samples class 1 \u2192 class 0
[2026-06-20 08:32:04,395] 39 root - INFO - [Attacker] Label flip: 0 samples class 1 \u2192 class 0
[2026-06-20 08:32:04,414] 39 root - INFO - [Attacker] Label flip: 0 samples class 1 \u2192 class 0
[2026-06-20 08:32:04,431] 39 root - INFO - [Attacker] Label flip: 0 samples class 1 \u2192 class 0
[2026-06-20 08:32:04,446] 39 root - INFO - [Attacker] Label flip: 0 samples class 1 \u2192 class 0
[2026-06-20 08:32:04,463] 39 root - INFO - [Attacker] Label flip: 0 samples class 1 \u2192 class 0
[2026-06-20 08:32:04,479] 39 root - INFO - [Attacker] Label flip: 0 samples class 1 \u2192 class 0
[2026-06-20 08:32:04,491] 39 root - INFO - [Attacker] Label flip: 0 samples class 1 \u2192 class 0
[2026-06-20 08:32:04,506] 39 root - INFO - [Attacker] Label flip: 0 samples class 1 \u2192 class 0
[2026-06-20 08:32:04,520] 39 root - INFO - [Attacker] Label flip: 0 samples class 1 \u2192 class 0
[2026-06-20 08:32:04,536] 39 root - INFO - [Attacker] Label flip: 0 samples class 1 \u2192 class 0
[2026-06-20 08:32:04,554] 39 root - INFO - [Attacker] Label flip: 0 samples class 1 \u2192 class 0
[2026-06-20 08:32:04,579] 39 root - INFO - [Attacker] Label flip: 0 samples class 1 \u2192 class 0
[2026-06-20 08:32:04,596] 39 root - INFO - [Attacker] Label flip: 0 samples class 1 \u2192 class 0
[2026-06-20 08:32:04,608] 39 root - INFO - [Attacker] Label flip: 0 samples class 1 \u2192 class 0
[2026-06-20 08:32:04,622] 39 root - INFO - [Attacker] Label flip: 0 samples class 1 \u2192 class 0
[2026-06-20 08:32:04,634] 39 root - INFO - [Attacker] Label flip: 0 samples class 1 \u2192 class 0
[2026-06-20 08:32:04,647] 39 root - INFO - [Attacker] Label flip: 0 samples class 1 \u2192 class 0
[2026-06-20 08:32:04,659] 39 root - INFO - [Attacker] Label flip: 0 samples class 1 \u2192 class 0
[2026-06-20 08:32:04,673] 39 root - INFO - [Attacker] Label flip: 0 samples class 1 \u2192 class 0
[2026-06-20 08:32:04,692] 39 root - INFO - [Attacker] Label flip: 0 samples class 1 \u2192 class 0
[2026-06-20 08:32:04,713] 39 root - INFO - [Attacker] Label flip: 0 samples class 1 \u2192 class 0
[2026-06-20 08:32:04,729] 39 root - INFO - [Attacker] Label flip: 0 samples class 1 \u2192 class 0
[2026-06-20 08:32:04,742] 39 root - INFO - [Attacker] Label flip: 0 samples class 1 \u2192 class 0
[2026-06-20 08:32:04,754] 39 root - INFO - [Attacker] Label flip: 0 samples class 1 \u2192 class 0
[2026-06-20 08:32:04,764] 39 root - INFO - [Attacker] Label flip: 0 samples class 1 \u2192 class 0
[2026-06-20 08:32:04,774] 39 root - INFO - [Attacker] Label flip: 0 samples class 1 \u2192 class 0
[2026-06-20 08:32:04,784] 39 root - INFO - [Attacker] Label flip: 0 samples class 1 \u2192 class 0
[2026-06-20 08:32:04,794] 39 root - INFO - [Attacker] Label flip: 0 samples class 1 \u2192 class 0
[2026-06-20 08:32:04,802] 39 root - INFO - [Attacker] Label flip: 0 samples class 1 \u2192 class 0
[2026-06-20 08:32:04,814] 39 root - INFO - [Attacker] Label flip: 0 samples class 1 \u2192 class 0
[2026-06-20 08:32:04,829] 39 root - INFO - [Attacker] Label flip: 0 samples class 1 \u2192 class 0
[2026-06-20 08:32:04,841] 39 root - INFO - [Attacker] Label flip: 0 samples class 1 \u2192 class 0
[2026-06-20 08:32:04,863] 39 root - INFO - [Attacker] Label flip: 0 samples class 1 \u2192 class 0
[2026-06-20 08:32:04,889] 39 root - INFO - [Attacker] Label flip: 0 samples class 1 \u2192 class 0
[2026-06-20 08:32:04,953] 39 root - INFO - [Attacker] Label flip: 0 samples class 1 \u2192 class 0
[2026-06-20 08:32:05,040] 39 root - INFO - [Attacker] Label flip: 0 samples class 1 \u2192 class 0
[2026-06-20 08:32:05,078] 39 root - INFO - [Attacker] Label flip: 0 samples class 1 \u2192 class 0
[2026-06-20 08:32:05,102] 39 root - INFO - [Attacker] Label flip: 0 samples class 1 \u2192 class 0
[2026-06-20 08:32:05,114] 39 root - INFO - [Attacker] Label flip: 0 samples class 1 \u2192 class 0
[2026-06-20 08:32:05,156] 39 root - INFO - [Attacker] Label flip: 0 samples class 1 \u2192 class 0
[2026-06-20 08:32:05,187] 39 root - INFO - [Attacker] Label flip: 0 samples class 1 \u2192 class 0
[2026-06-20 08:32:05,214] 39 root - INFO - [Attacker] Label flip: 0 samples class 1 \u2192 class 0
[2026-06-20 08:32:05,286] 39 root - INFO - [Attacker] Label flip: 0 samples class 1 \u2192 class 0
[2026-06-20 08:32:05,347] 39 root - INFO - [Attacker] Label flip: 0 samples class 1 \u2192 class 0
[2026-06-20 08:32:05,480] 39 root - INFO - [Attacker] Label flip: 0 samples class 1 \u2192 class 0
[2026-06-20 08:32:05,553] 39 root - INFO - [Attacker] Label flip: 0 samples class 1 \u2192 class 0
[2026-06-20 08:32:05,568] 39 root - INFO - [Attacker] Label flip: 0 samples class 1 \u2192 class 0
[2026-06-20 08:32:05,579] 39 root - INFO - [Attacker] Label flip: 0 samples class 1 \u2192 class 0
[2026-06-20 08:32:05,592] 39 root - INFO - [Attacker] Label flip: 0 samples class 1 \u2192 class 0
[2026-06-20 08:32:05,606] 39 root - INFO - [Attacker] Label flip: 0 samples class 1 \u2192 class 0
[2026-06-20 08:32:05,619] 39 root - INFO - [Attacker] Label flip: 0 samples class 1 \u2192 class 0
[2026-06-20 08:32:05,636] 39 root - INFO - [Attacker] Label flip: 0 samples class 1 \u2192 class 0
[2026-06-20 08:32:05,647] 39 root - INFO - [Attacker] Label flip: 0 samples class 1 \u2192 class 0
[2026-06-20 08:32:05,660] 39 root - INFO - [Attacker] Label flip: 0 samples class 1 \u2192 class 0
[2026-06-20 08:32:05,674] 39 root - INFO - [Attacker] Label flip: 0 samples class 1 \u2192 class 0
[2026-06-20 08:32:05,686] 39 root - INFO - [Attacker] Label flip: 0 samples class 1 \u2192 class 0
[2026-06-20 08:32:05,694] 39 root - INFO - [Attacker] Label flip: 0 samples class 1 \u2192 class 0
[2026-06-20 08:32:05,702] 39 root - INFO - [Attacker] Label flip: 0 samples class 1 \u2192 class 0
[2026-06-20 08:32:05,710] 39 root - INFO - [Attacker] Label flip: 0 samples class 1 \u2192 class 0
[2026-06-20 08:32:05,719] 39 root - INFO - [Attacker] Label flip: 0 samples class 1 \u2192 class 0
[2026-06-20 08:32:05,735] 39 root - INFO - [Attacker] Label flip: 0 samples class 1 \u2192 class 0
[2026-06-20 08:32:05,753] 39 root - INFO - [Attacker] Label flip: 0 samples class 1 \u2192 class 0
[2026-06-20 08:32:05,771] 39 root - INFO - [Attacker] Label flip: 0 samples class 1 \u2192 class 0
[2026-06-20 08:32:05,790] 39 root - INFO - [Attacker] Label flip: 0 samples class 1 \u2192 class 0
[2026-06-20 08:32:05,807] 39 root - INFO - [Attacker] Label flip: 0 samples class 1 \u2192 class 0
[2026-06-20 08:32:05,810] 268 flwr - WARNING - DEPRECATED FEATURE: `client_fn` now expects a signature `def client_fn(context: Context)`.The provided `client_fn` has signature: {'cid': <Parameter "cid: str">}. You can import the `Context` like this: `from flwr.common import Context`

            This is a deprecated feature. It will be removed
            entirely in future versions of Flower.
        
[2026-06-20 08:32:05,824] 39 root - INFO - [Attacker] Label flip: 0 samples class 1 \u2192 class 0
[2026-06-20 08:32:05,846] 39 root - INFO - [Attacker] Label flip: 0 samples class 1 \u2192 class 0
[2026-06-20 08:32:05,865] 39 root - INFO - [Attacker] Label flip: 0 samples class 1 \u2192 class 0
[2026-06-20 08:32:05,908] 39 root - INFO - [Attacker] Label flip: 0 samples class 1 \u2192 class 0
[2026-06-20 08:32:05,919] 268 flwr - WARNING - DEPRECATED FEATURE: `client_fn` now expects a signature `def client_fn(context: Context)`.The provided `client_fn` has signature: {'cid': <Parameter "cid: str">}. You can import the `Context` like this: `from flwr.common import Context`

            This is a deprecated feature. It will be removed
            entirely in future versions of Flower.
        
[2026-06-20 08:32:05,925] 39 root - INFO - [Attacker] Label flip: 0 samples class 1 \u2192 class 0
[2026-06-20 08:32:05,939] 39 root - INFO - [Attacker] Label flip: 0 samples class 1 \u2192 class 0
[2026-06-20 08:32:05,950] 39 root - INFO - [Attacker] Label flip: 0 samples class 1 \u2192 class 0
[2026-06-20 08:32:05,975] 39 root - INFO - [Attacker] Label flip: 0 samples class 1 \u2192 class 0
[2026-06-20 08:32:05,988] 39 root - INFO - [Attacker] Label flip: 0 samples class 1 \u2192 class 0
[2026-06-20 08:32:06,000] 39 root - INFO - [Attacker] Label flip: 0 samples class 1 \u2192 class 0
[2026-06-20 08:32:06,011] 39 root - INFO - [Attacker] Label flip: 0 samples class 1 \u2192 class 0
[2026-06-20 08:32:06,019] 39 root - INFO - [Attacker] Label flip: 0 samples class 1 \u2192 class 0
[2026-06-20 08:32:06,027] 39 root - INFO - [Attacker] Label flip: 0 samples class 1 \u2192 class 0
[2026-06-20 08:32:06,035] 39 root - INFO - [Attacker] Label flip: 0 samples class 1 \u2192 class 0
[2026-06-20 08:32:06,043] 39 root - INFO - [Attacker] Label flip: 0 samples class 1 \u2192 class 0
[2026-06-20 08:32:06,051] 39 root - INFO - [Attacker] Label flip: 0 samples class 1 \u2192 class 0
[2026-06-20 08:32:06,060] 39 root - INFO - [Attacker] Label flip: 0 samples class 1 \u2192 class 0
[2026-06-20 08:32:06,068] 39 root - INFO - [Attacker] Label flip: 0 samples class 1 \u2192 class 0
[2026-06-20 08:32:06,077] 39 root - INFO - [Attacker] Label flip: 0 samples class 1 \u2192 class 0
[2026-06-20 08:32:06,086] 39 root - INFO - [Attacker] Label flip: 0 samples class 1 \u2192 class 0
[2026-06-20 08:32:06,093] 39 root - INFO - [Attacker] Label flip: 0 samples class 1 \u2192 class 0
[2026-06-20 08:32:06,101] 39 root - INFO - [Attacker] Label flip: 0 samples class 1 \u2192 class 0
[2026-06-20 08:32:06,109] 39 root - INFO - [Attacker] Label flip: 0 samples class 1 \u2192 class 0
[2026-06-20 08:32:06,117] 39 root - INFO - [Attacker] Label flip: 0 samples class 1 \u2192 class 0
[2026-06-20 08:32:06,125] 39 root - INFO - [Attacker] Label flip: 0 samples class 1 \u2192 class 0
[2026-06-20 08:32:06,132] 39 root - INFO - [Attacker] Label flip: 0 samples class 1 \u2192 class 0
[2026-06-20 08:32:06,141] 39 root - INFO - [Attacker] Label flip: 0 samples class 1 \u2192 class 0
[2026-06-20 08:32:06,149] 39 root - INFO - [Attacker] Label flip: 0 samples class 1 \u2192 class 0
[2026-06-20 08:32:06,157] 39 root - INFO - [Attacker] Label flip: 0 samples class 1 \u2192 class 0
[2026-06-20 08:32:06,164] 39 root - INFO - [Attacker] Label flip: 0 samples class 1 \u2192 class 0
[2026-06-20 08:32:06,170] 39 root - INFO - [Attacker] Label flip: 0 samples class 1 \u2192 class 0
[2026-06-20 08:32:06,178] 39 root - INFO - [Attacker] Label flip: 0 samples class 1 \u2192 class 0
[2026-06-20 08:32:06,188] 39 root - INFO - [Attacker] Label flip: 0 samples class 1 \u2192 class 0
[2026-06-20 08:32:06,196] 39 root - INFO - [Attacker] Label flip: 0 samples class 1 \u2192 class 0
[2026-06-20 08:32:06,204] 39 root - INFO - [Attacker] Label flip: 0 samples class 1 \u2192 class 0
[2026-06-20 08:32:06,212] 39 root - INFO - [Attacker] Label flip: 0 samples class 1 \u2192 class 0
[2026-06-20 08:32:06,220] 39 root - INFO - [Attacker] Label flip: 0 samples class 1 \u2192 class 0
[2026-06-20 08:32:06,227] 39 root - INFO - [Attacker] Label flip: 0 samples class 1 \u2192 class 0
[2026-06-20 08:32:06,235] 39 root - INFO - [Attacker] Label flip: 0 samples class 1 \u2192 class 0
[2026-06-20 08:32:06,242] 39 root - INFO - [Attacker] Label flip: 0 samples class 1 \u2192 class 0
[2026-06-20 08:32:06,250] 39 root - INFO - [Attacker] Label flip: 0 samples class 1 \u2192 class 0
[2026-06-20 08:32:06,258] 39 root - INFO - [Attacker] Label flip: 0 samples class 1 \u2192 class 0
[2026-06-20 08:32:06,265] 39 root - INFO - [Attacker] Label flip: 0 samples class 1 \u2192 class 0
[2026-06-20 08:32:06,274] 39 root - INFO - [Attacker] Label flip: 0 samples class 1 \u2192 class 0
[2026-06-20 08:32:06,281] 39 root - INFO - [Attacker] Label flip: 0 samples class 1 \u2192 class 0
[2026-06-20 08:32:06,289] 39 root - INFO - [Attacker] Label flip: 0 samples class 1 \u2192 class 0
[2026-06-20 08:32:06,297] 39 root - INFO - [Attacker] Label flip: 0 samples class 1 \u2192 class 0
[2026-06-20 08:32:06,303] 39 root - INFO - [Attacker] Label flip: 0 samples class 1 \u2192 class 0
[2026-06-20 08:32:06,313] 39 root - INFO - [Attacker] Label flip: 0 samples class 1 \u2192 class 0
[2026-06-20 08:32:06,320] 39 root - INFO - [Attacker] Label flip: 0 samples class 1 \u2192 class 0
[2026-06-20 08:32:06,335] 39 root - INFO - [Attacker] Label flip: 0 samples class 1 \u2192 class 0
[2026-06-20 08:32:06,344] 39 root - INFO - [Attacker] Label flip: 0 samples class 1 \u2192 class 0
[2026-06-20 08:32:06,351] 39 root - INFO - [Attacker] Label flip: 0 samples class 1 \u2192 class 0
[2026-06-20 08:32:06,359] 39 root - INFO - [Attacker] Label flip: 0 samples class 1 \u2192 class 0
[2026-06-20 08:32:06,367] 39 root - INFO - [Attacker] Label flip: 0 samples class 1 \u2192 class 0
[2026-06-20 08:32:06,376] 39 root - INFO - [Attacker] Label flip: 0 samples class 1 \u2192 class 0
[2026-06-20 08:32:06,383] 39 root - INFO - [Attacker] Label flip: 0 samples class 1 \u2192 class 0
[2026-06-20 08:32:06,391] 39 root - INFO - [Attacker] Label flip: 0 samples class 1 \u2192 class 0
[2026-06-20 08:32:06,393] 39 root - INFO - [Attacker] Label flip: 0 samples class 1 \u2192 class 0
[2026-06-20 08:32:06,399] 39 root - INFO - [Attacker] Label flip: 0 samples class 1 \u2192 class 0
[2026-06-20 08:32:06,402] 39 root - INFO - [Attacker] Label flip: 0 samples class 1 \u2192 class 0
[2026-06-20 08:32:06,408] 39 root - INFO - [Attacker] Label flip: 0 samples class 1 \u2192 class 0
[2026-06-20 08:32:06,410] 39 root - INFO - [Attacker] Label flip: 0 samples class 1 \u2192 class 0
[2026-06-20 08:32:06,415] 39 root - INFO - [Attacker] Label flip: 0 samples class 1 \u2192 class 0
[2026-06-20 08:32:06,418] 39 root - INFO - [Attacker] Label flip: 0 samples class 1 \u2192 class 0
[2026-06-20 08:32:06,423] 39 root - INFO - [Attacker] Label flip: 0 samples class 1 \u2192 class 0
[2026-06-20 08:32:06,426] 39 root - INFO - [Attacker] Label flip: 0 samples class 1 \u2192 class 0
[2026-06-20 08:32:06,431] 39 root - INFO - [Attacker] Label flip: 0 samples class 1 \u2192 class 0
[2026-06-20 08:32:06,434] 39 root - INFO - [Attacker] Label flip: 0 samples class 1 \u2192 class 0
[2026-06-20 08:32:06,439] 39 root - INFO - [Attacker] Label flip: 0 samples class 1 \u2192 class 0
[2026-06-20 08:32:06,442] 39 root - INFO - [Attacker] Label flip: 0 samples class 1 \u2192 class 0
[2026-06-20 08:32:06,446] 39 root - INFO - [Attacker] Label flip: 0 samples class 1 \u2192 class 0
[2026-06-20 08:32:06,450] 39 root - INFO - [Attacker] Label flip: 0 samples class 1 \u2192 class 0
[2026-06-20 08:32:06,455] 39 root - INFO - [Attacker] Label flip: 0 samples class 1 \u2192 class 0
[2026-06-20 08:32:06,459] 39 root - INFO - [Attacker] Label flip: 0 samples class 1 \u2192 class 0
[2026-06-20 08:32:06,463] 39 root - INFO - [Attacker] Label flip: 0 samples class 1 \u2192 class 0
[2026-06-20 08:32:06,470] 39 root - INFO - [Attacker] Label flip: 0 samples class 1 \u2192 class 0
[2026-06-20 08:32:06,473] 39 root - INFO - [Attacker] Label flip: 0 samples class 1 \u2192 class 0
[2026-06-20 08:32:06,479] 39 root - INFO - [Attacker] Label flip: 0 samples class 1 \u2192 class 0
[2026-06-20 08:32:06,489] 39 root - INFO - [Attacker] Label flip: 0 samples class 1 \u2192 class 0
[2026-06-20 08:32:06,495] 39 root - INFO - [Attacker] Label flip: 0 samples class 1 \u2192 class 0
[2026-06-20 08:32:06,510] 39 root - INFO - [Attacker] Label flip: 0 samples class 1 \u2192 class 0
[2026-06-20 08:32:06,512] 39 root - INFO - [Attacker] Label flip: 0 samples class 1 \u2192 class 0
[2026-06-20 08:32:06,526] 39 root - INFO - [Attacker] Label flip: 0 samples class 1 \u2192 class 0
[2026-06-20 08:32:06,530] 39 root - INFO - [Attacker] Label flip: 0 samples class 1 \u2192 class 0
[2026-06-20 08:32:06,547] 39 root - INFO - [Attacker] Label flip: 0 samples class 1 \u2192 class 0
[2026-06-20 08:32:06,557] 39 root - INFO - [Attacker] Label flip: 0 samples class 1 \u2192 class 0
[2026-06-20 08:32:06,564] 39 root - INFO - [Attacker] Label flip: 0 samples class 1 \u2192 class 0
[2026-06-20 08:32:06,582] 39 root - INFO - [Attacker] Label flip: 0 samples class 1 \u2192 class 0
[2026-06-20 08:32:06,597] 39 root - INFO - [Attacker] Label flip: 0 samples class 1 \u2192 class 0
[2026-06-20 08:32:06,628] 39 root - INFO - [Attacker] Label flip: 0 samples class 1 \u2192 class 0
[2026-06-20 08:32:06,636] 39 root - INFO - [Attacker] Label flip: 0 samples class 1 \u2192 class 0
[2026-06-20 08:32:06,641] 39 root - INFO - [Attacker] Label flip: 0 samples class 1 \u2192 class 0
[2026-06-20 08:32:06,646] 39 root - INFO - [Attacker] Label flip: 0 samples class 1 \u2192 class 0
[2026-06-20 08:32:06,651] 39 root - INFO - [Attacker] Label flip: 0 samples class 1 \u2192 class 0
[2026-06-20 08:32:06,655] 39 root - INFO - [Attacker] Label flip: 0 samples class 1 \u2192 class 0
[2026-06-20 08:32:06,662] 39 root - INFO - [Attacker] Label flip: 0 samples class 1 \u2192 class 0
[2026-06-20 08:32:06,664] 39 root - INFO - [Attacker] Label flip: 0 samples class 1 \u2192 class 0
[2026-06-20 08:32:06,672] 39 root - INFO - [Attacker] Label flip: 0 samples class 1 \u2192 class 0
[2026-06-20 08:32:06,674] 39 root - INFO - [Attacker] Label flip: 0 samples class 1 \u2192 class 0
[2026-06-20 08:32:06,680] 268 flwr - WARNING - DEPRECATED FEATURE: `client_fn` now expects a signature `def client_fn(context: Context)`.The provided `client_fn` has signature: {'cid': <Parameter "cid: str">}. You can import the `Context` like this: `from flwr.common import Context`

            This is a deprecated feature. It will be removed
            entirely in future versions of Flower.
        
[2026-06-20 08:32:06,681] 39 root - INFO - [Attacker] Label flip: 0 samples class 1 \u2192 class 0
[2026-06-20 08:32:06,683] 39 root - INFO - [Attacker] Label flip: 0 samples class 1 \u2192 class 0
[2026-06-20 08:32:06,691] 39 root - INFO - [Attacker] Label flip: 0 samples class 1 \u2192 class 0
[2026-06-20 08:32:06,694] 39 root - INFO - [Attacker] Label flip: 0 samples class 1 \u2192 class 0
[2026-06-20 08:32:06,700] 39 root - INFO - [Attacker] Label flip: 0 samples class 1 \u2192 class 0
[2026-06-20 08:32:06,703] 39 root - INFO - [Attacker] Label flip: 0 samples class 1 \u2192 class 0
[2026-06-20 08:32:06,709] 39 root - INFO - [Attacker] Label flip: 0 samples class 1 \u2192 class 0
[2026-06-20 08:32:06,714] 39 root - INFO - [Attacker] Label flip: 0 samples class 1 \u2192 class 0
[2026-06-20 08:32:06,719] 39 root - INFO - [Attacker] Label flip: 0 samples class 1 \u2192 class 0
[2026-06-20 08:32:06,724] 39 root - INFO - [Attacker] Label flip: 0 samples class 1 \u2192 class 0
[2026-06-20 08:32:06,730] 39 root - INFO - [Attacker] Label flip: 0 samples class 1 \u2192 class 0
[2026-06-20 08:32:06,733] 39 root - INFO - [Attacker] Label flip: 0 samples class 1 \u2192 class 0
[2026-06-20 08:32:06,739] 39 root - INFO - [Attacker] Label flip: 0 samples class 1 \u2192 class 0
[2026-06-20 08:32:06,745] 39 root - INFO - [Attacker] Label flip: 0 samples class 1 \u2192 class 0
[2026-06-20 08:32:06,754] 39 root - INFO - [Attacker] Label flip: 0 samples class 1 \u2192 class 0
[2026-06-20 08:32:06,756] 39 root - INFO - [Attacker] Label flip: 0 samples class 1 \u2192 class 0
[2026-06-20 08:32:06,762] 268 flwr - WARNING - DEPRECATED FEATURE: `client_fn` now expects a signature `def client_fn(context: Context)`.The provided `client_fn` has signature: {'cid': <Parameter "cid: str">}. You can import the `Context` like this: `from flwr.common import Context`

            This is a deprecated feature. It will be removed
            entirely in future versions of Flower.
        
[2026-06-20 08:32:06,764] 39 root - INFO - [Attacker] Label flip: 0 samples class 1 \u2192 class 0
[2026-06-20 08:32:06,765] 39 root - INFO - [Attacker] Label flip: 0 samples class 1 \u2192 class 0
[2026-06-20 08:32:06,774] 39 root - INFO - [Attacker] Label flip: 0 samples class 1 \u2192 class 0
[2026-06-20 08:32:06,778] 39 root - INFO - [Attacker] Label flip: 0 samples class 1 \u2192 class 0
[2026-06-20 08:32:06,786] 39 root - INFO - [Attacker] Label flip: 0 samples class 1 \u2192 class 0
[2026-06-20 08:32:06,787] 39 root - INFO - [Attacker] Label flip: 0 samples class 1 \u2192 class 0
[2026-06-20 08:32:06,794] 39 root - INFO - [Attacker] Label flip: 0 samples class 1 \u2192 class 0
[2026-06-20 08:32:06,797] 39 root - INFO - [Attacker] Label flip: 0 samples class 1 \u2192 class 0
[2026-06-20 08:32:06,806] 39 root - INFO - [Attacker] Label flip: 0 samples class 1 \u2192 class 0
[2026-06-20 08:32:06,807] 39 root - INFO - [Attacker] Label flip: 0 samples class 1 \u2192 class 0
[2026-06-20 08:32:06,818] 39 root - INFO - [Attacker] Label flip: 0 samples class 1 \u2192 class 0
[2026-06-20 08:32:06,819] 39 root - INFO - [Attacker] Label flip: 0 samples class 1 \u2192 class 0
[2026-06-20 08:32:06,827] 39 root - INFO - [Attacker] Label flip: 0 samples class 1 \u2192 class 0
[2026-06-20 08:32:06,827] 39 root - INFO - [Attacker] Label flip: 0 samples class 1 \u2192 class 0
[2026-06-20 08:32:06,835] 39 root - INFO - [Attacker] Label flip: 0 samples class 1 \u2192 class 0
[2026-06-20 08:32:06,844] 39 root - INFO - [Attacker] Label flip: 0 samples class 1 \u2192 class 0
[2026-06-20 08:32:06,845] 39 root - INFO - [Attacker] Label flip: 0 samples class 1 \u2192 class 0
[2026-06-20 08:32:06,850] 39 root - INFO - [Attacker] Label flip: 0 samples class 1 \u2192 class 0
[2026-06-20 08:32:06,856] 39 root - INFO - [Attacker] Label flip: 0 samples class 1 \u2192 class 0
[2026-06-20 08:32:06,859] 39 root - INFO - [Attacker] Label flip: 0 samples class 1 \u2192 class 0
[2026-06-20 08:32:06,867] 39 root - INFO - [Attacker] Label flip: 0 samples class 1 \u2192 class 0
[2026-06-20 08:32:06,867] 39 root - INFO - [Attacker] Label flip: 0 samples class 1 \u2192 class 0
[2026-06-20 08:32:06,878] 39 root - INFO - [Attacker] Label flip: 0 samples class 1 \u2192 class 0
[2026-06-20 08:32:06,880] 39 root - INFO - [Attacker] Label flip: 0 samples class 1 \u2192 class 0
[2026-06-20 08:32:06,886] 39 root - INFO - [Attacker] Label flip: 0 samples class 1 \u2192 class 0
[2026-06-20 08:32:06,890] 39 root - INFO - [Attacker] Label flip: 0 samples class 1 \u2192 class 0
[2026-06-20 08:32:06,894] 39 root - INFO - [Attacker] Label flip: 0 samples class 1 \u2192 class 0
[2026-06-20 08:32:06,897] 39 root - INFO - [Attacker] Label flip: 0 samples class 1 \u2192 class 0
[2026-06-20 08:32:06,902] 39 root - INFO - [Attacker] Label flip: 0 samples class 1 \u2192 class 0
[2026-06-20 08:32:06,905] 39 root - INFO - [Attacker] Label flip: 0 samples class 1 \u2192 class 0
[2026-06-20 08:32:06,910] 39 root - INFO - [Attacker] Label flip: 0 samples class 1 \u2192 class 0
[2026-06-20 08:32:06,913] 39 root - INFO - [Attacker] Label flip: 0 samples class 1 \u2192 class 0
[2026-06-20 08:32:06,917] 39 root - INFO - [Attacker] Label flip: 0 samples class 1 \u2192 class 0
[2026-06-20 08:32:06,921] 39 root - INFO - [Attacker] Label flip: 0 samples class 1 \u2192 class 0
[2026-06-20 08:32:06,927] 39 root - INFO - [Attacker] Label flip: 0 samples class 1 \u2192 class 0
[2026-06-20 08:32:06,928] 39 root - INFO - [Attacker] Label flip: 0 samples class 1 \u2192 class 0
[2026-06-20 08:32:06,934] 39 root - INFO - [Attacker] Label flip: 0 samples class 1 \u2192 class 0
[2026-06-20 08:32:06,936] 39 root - INFO - [Attacker] Label flip: 0 samples class 1 \u2192 class 0
[2026-06-20 08:32:06,943] 39 root - INFO - [Attacker] Label flip: 0 samples class 1 \u2192 class 0
[2026-06-20 08:32:06,944] 39 root - INFO - [Attacker] Label flip: 0 samples class 1 \u2192 class 0
[2026-06-20 08:32:06,950] 39 root - INFO - [Attacker] Label flip: 0 samples class 1 \u2192 class 0
[2026-06-20 08:32:06,951] 39 root - INFO - [Attacker] Label flip: 0 samples class 1 \u2192 class 0
[2026-06-20 08:32:06,958] 39 root - INFO - [Attacker] Label flip: 0 samples class 1 \u2192 class 0
[2026-06-20 08:32:06,960] 39 root - INFO - [Attacker] Label flip: 0 samples class 1 \u2192 class 0
[2026-06-20 08:32:06,966] 39 root - INFO - [Attacker] Label flip: 0 samples class 1 \u2192 class 0
[2026-06-20 08:32:06,968] 39 root - INFO - [Attacker] Label flip: 0 samples class 1 \u2192 class 0
[2026-06-20 08:32:06,973] 39 root - INFO - [Attacker] Label flip: 0 samples class 1 \u2192 class 0
[2026-06-20 08:32:06,976] 39 root - INFO - [Attacker] Label flip: 0 samples class 1 \u2192 class 0
[2026-06-20 08:32:06,981] 39 root - INFO - [Attacker] Label flip: 0 samples class 1 \u2192 class 0
[2026-06-20 08:32:06,983] 39 root - INFO - [Attacker] Label flip: 0 samples class 1 \u2192 class 0
[2026-06-20 08:32:06,989] 39 root - INFO - [Attacker] Label flip: 0 samples class 1 \u2192 class 0
[2026-06-20 08:32:06,991] 39 root - INFO - [Attacker] Label flip: 0 samples class 1 \u2192 class 0
[2026-06-20 08:32:06,997] 39 root - INFO - [Attacker] Label flip: 0 samples class 1 \u2192 class 0
[2026-06-20 08:32:07,003] 39 root - INFO - [Attacker] Label flip: 0 samples class 1 \u2192 class 0
[2026-06-20 08:32:07,005] 39 root - INFO - [Attacker] Label flip: 0 samples class 1 \u2192 class 0
[2026-06-20 08:32:07,011] 39 root - INFO - [Attacker] Label flip: 0 samples class 1 \u2192 class 0
[2026-06-20 08:32:07,013] 39 root - INFO - [Attacker] Label flip: 0 samples class 1 \u2192 class 0
[2026-06-20 08:32:07,019] 39 root - INFO - [Attacker] Label flip: 0 samples class 1 \u2192 class 0
[2026-06-20 08:32:07,022] 39 root - INFO - [Attacker] Label flip: 0 samples class 1 \u2192 class 0
[2026-06-20 08:32:07,027] 39 root - INFO - [Attacker] Label flip: 0 samples class 1 \u2192 class 0
[2026-06-20 08:32:07,029] 39 root - INFO - [Attacker] Label flip: 0 samples class 1 \u2192 class 0
[2026-06-20 08:32:07,035] 39 root - INFO - [Attacker] Label flip: 0 samples class 1 \u2192 class 0
[2026-06-20 08:32:07,038] 39 root - INFO - [Attacker] Label flip: 0 samples class 1 \u2192 class 0
[2026-06-20 08:32:07,043] 39 root - INFO - [Attacker] Label flip: 0 samples class 1 \u2192 class 0
[2026-06-20 08:32:07,046] 39 root - INFO - [Attacker] Label flip: 0 samples class 1 \u2192 class 0
[2026-06-20 08:32:07,051] 39 root - INFO - [Attacker] Label flip: 0 samples class 1 \u2192 class 0
[2026-06-20 08:32:07,054] 39 root - INFO - [Attacker] Label flip: 0 samples class 1 \u2192 class 0
[2026-06-20 08:32:07,058] 39 root - INFO - [Attacker] Label flip: 0 samples class 1 \u2192 class 0
[2026-06-20 08:32:07,062] 39 root - INFO - [Attacker] Label flip: 0 samples class 1 \u2192 class 0
[2026-06-20 08:32:07,070] 39 root - INFO - [Attacker] Label flip: 0 samples class 1 \u2192 class 0
[2026-06-20 08:32:07,072] 39 root - INFO - [Attacker] Label flip: 0 samples class 1 \u2192 class 0
[2026-06-20 08:32:07,078] 39 root - INFO - [Attacker] Label flip: 0 samples class 1 \u2192 class 0
[2026-06-20 08:32:07,079] 39 root - INFO - [Attacker] Label flip: 0 samples class 1 \u2192 class 0
[2026-06-20 08:32:07,086] 39 root - INFO - [Attacker] Label flip: 0 samples class 1 \u2192 class 0
[2026-06-20 08:32:07,087] 39 root - INFO - [Attacker] Label flip: 0 samples class 1 \u2192 class 0
[2026-06-20 08:32:07,094] 39 root - INFO - [Attacker] Label flip: 0 samples class 1 \u2192 class 0
[2026-06-20 08:32:07,095] 39 root - INFO - [Attacker] Label flip: 0 samples class 1 \u2192 class 0
[2026-06-20 08:32:07,102] 39 root - INFO - [Attacker] Label flip: 0 samples class 1 \u2192 class 0
[2026-06-20 08:32:07,102] 39 root - INFO - [Attacker] Label flip: 0 samples class 1 \u2192 class 0
[2026-06-20 08:32:07,109] 39 root - INFO - [Attacker] Label flip: 0 samples class 1 \u2192 class 0
[2026-06-20 08:32:07,111] 39 root - INFO - [Attacker] Label flip: 0 samples class 1 \u2192 class 0
[2026-06-20 08:32:07,117] 39 root - INFO - [Attacker] Label flip: 0 samples class 1 \u2192 class 0
[2026-06-20 08:32:07,118] 39 root - INFO - [Attacker] Label flip: 0 samples class 1 \u2192 class 0
[2026-06-20 08:32:07,125] 39 root - INFO - [Attacker] Label flip: 0 samples class 1 \u2192 class 0
[2026-06-20 08:32:07,126] 39 root - INFO - [Attacker] Label flip: 0 samples class 1 \u2192 class 0
[2026-06-20 08:32:07,133] 39 root - INFO - [Attacker] Label flip: 0 samples class 1 \u2192 class 0
[2026-06-20 08:32:07,134] 39 root - INFO - [Attacker] Label flip: 0 samples class 1 \u2192 class 0
[2026-06-20 08:32:07,141] 39 root - INFO - [Attacker] Label flip: 0 samples class 1 \u2192 class 0
[2026-06-20 08:32:07,142] 39 root - INFO - [Attacker] Label flip: 0 samples class 1 \u2192 class 0
[2026-06-20 08:32:07,149] 39 root - INFO - [Attacker] Label flip: 0 samples class 1 \u2192 class 0
[2026-06-20 08:32:07,150] 39 root - INFO - [Attacker] Label flip: 0 samples class 1 \u2192 class 0
[2026-06-20 08:32:07,157] 39 root - INFO - [Attacker] Label flip: 0 samples class 1 \u2192 class 0
[2026-06-20 08:32:07,157] 39 root - INFO - [Attacker] Label flip: 0 samples class 1 \u2192 class 0
[2026-06-20 08:32:07,164] 39 root - INFO - [Attacker] Label flip: 0 samples class 1 \u2192 class 0
[2026-06-20 08:32:07,165] 39 root - INFO - [Attacker] Label flip: 0 samples class 1 \u2192 class 0
[2026-06-20 08:32:07,172] 39 root - INFO - [Attacker] Label flip: 0 samples class 1 \u2192 class 0
[2026-06-20 08:32:07,173] 39 root - INFO - [Attacker] Label flip: 1 samples class 1 \u2192 class 0
[2026-06-20 08:32:07,179] 39 root - INFO - [Attacker] Label flip: 0 samples class 1 \u2192 class 0
[2026-06-20 08:32:07,181] 39 root - INFO - [Attacker] Label flip: 0 samples class 1 \u2192 class 0
[2026-06-20 08:32:07,187] 39 root - INFO - [Attacker] Label flip: 0 samples class 1 \u2192 class 0
[2026-06-20 08:32:07,189] 39 root - INFO - [Attacker] Label flip: 0 samples class 1 \u2192 class 0
[2026-06-20 08:32:07,195] 39 root - INFO - [Attacker] Label flip: 0 samples class 1 \u2192 class 0
[2026-06-20 08:32:07,197] 39 root - INFO - [Attacker] Label flip: 1 samples class 1 \u2192 class 0
[2026-06-20 08:32:07,205] 39 root - INFO - [Attacker] Label flip: 0 samples class 1 \u2192 class 0
[2026-06-20 08:32:07,205] 39 root - INFO - [Attacker] Label flip: 0 samples class 1 \u2192 class 0
[2026-06-20 08:32:07,213] 39 root - INFO - [Attacker] Label flip: 0 samples class 1 \u2192 class 0
[2026-06-20 08:32:07,213] 39 root - INFO - [Attacker] Label flip: 0 samples class 1 \u2192 class 0
[2026-06-20 08:32:07,221] 39 root - INFO - [Attacker] Label flip: 0 samples class 1 \u2192 class 0
[2026-06-20 08:32:07,221] 39 root - INFO - [Attacker] Label flip: 0 samples class 1 \u2192 class 0
[2026-06-20 08:32:07,228] 39 root - INFO - [Attacker] Label flip: 0 samples class 1 \u2192 class 0
[2026-06-20 08:32:07,229] 39 root - INFO - [Attacker] Label flip: 0 samples class 1 \u2192 class 0
[2026-06-20 08:32:07,236] 39 root - INFO - [Attacker] Label flip: 0 samples class 1 \u2192 class 0
[2026-06-20 08:32:07,237] 39 root - INFO - [Attacker] Label flip: 0 samples class 1 \u2192 class 0
[2026-06-20 08:32:07,244] 39 root - INFO - [Attacker] Label flip: 0 samples class 1 \u2192 class 0
[2026-06-20 08:32:07,245] 39 root - INFO - [Attacker] Label flip: 0 samples class 1 \u2192 class 0
[2026-06-20 08:32:07,252] 39 root - INFO - [Attacker] Label flip: 0 samples class 1 \u2192 class 0
[2026-06-20 08:32:07,253] 39 root - INFO - [Attacker] Label flip: 0 samples class 1 \u2192 class 0
[2026-06-20 08:32:07,260] 39 root - INFO - [Attacker] Label flip: 0 samples class 1 \u2192 class 0
[2026-06-20 08:32:07,261] 39 root - INFO - [Attacker] Label flip: 0 samples class 1 \u2192 class 0
[2026-06-20 08:32:07,268] 39 root - INFO - [Attacker] Label flip: 0 samples class 1 \u2192 class 0
[2026-06-20 08:32:07,269] 39 root - INFO - [Attacker] Label flip: 0 samples class 1 \u2192 class 0
[2026-06-20 08:32:07,278] 39 root - INFO - [Attacker] Label flip: 0 samples class 1 \u2192 class 0
[2026-06-20 08:32:07,279] 39 root - INFO - [Attacker] Label flip: 0 samples class 1 \u2192 class 0
[2026-06-20 08:32:07,286] 39 root - INFO - [Attacker] Label flip: 0 samples class 1 \u2192 class 0
[2026-06-20 08:32:07,287] 39 root - INFO - [Attacker] Label flip: 0 samples class 1 \u2192 class 0
[2026-06-20 08:32:07,294] 39 root - INFO - [Attacker] Label flip: 0 samples class 1 \u2192 class 0
[2026-06-20 08:32:07,295] 39 root - INFO - [Attacker] Label flip: 0 samples class 1 \u2192 class 0
[2026-06-20 08:32:07,302] 39 root - INFO - [Attacker] Label flip: 0 samples class 1 \u2192 class 0
[2026-06-20 08:32:07,303] 39 root - INFO - [Attacker] Label flip: 0 samples class 1 \u2192 class 0
[2026-06-20 08:32:07,310] 39 root - INFO - [Attacker] Label flip: 0 samples class 1 \u2192 class 0
[2026-06-20 08:32:07,311] 39 root - INFO - [Attacker] Label flip: 0 samples class 1 \u2192 class 0
[2026-06-20 08:32:07,318] 39 root - INFO - [Attacker] Label flip: 0 samples class 1 \u2192 class 0
[2026-06-20 08:32:07,319] 39 root - INFO - [Attacker] Label flip: 0 samples class 1 \u2192 class 0
[2026-06-20 08:32:07,326] 39 root - INFO - [Attacker] Label flip: 0 samples class 1 \u2192 class 0
[2026-06-20 08:32:07,327] 39 root - INFO - [Attacker] Label flip: 0 samples class 1 \u2192 class 0
[2026-06-20 08:32:07,334] 39 root - INFO - [Attacker] Label flip: 0 samples class 1 \u2192 class 0
[2026-06-20 08:32:07,335] 39 root - INFO - [Attacker] Label flip: 0 samples class 1 \u2192 class 0
[2026-06-20 08:32:07,342] 39 root - INFO - [Attacker] Label flip: 0 samples class 1 \u2192 class 0
[2026-06-20 08:32:07,343] 39 root - INFO - [Attacker] Label flip: 0 samples class 1 \u2192 class 0
[2026-06-20 08:32:07,350] 39 root - INFO - [Attacker] Label flip: 0 samples class 1 \u2192 class 0
[2026-06-20 08:32:07,351] 39 root - INFO - [Attacker] Label flip: 0 samples class 1 \u2192 class 0
[2026-06-20 08:32:07,358] 39 root - INFO - [Attacker] Label flip: 0 samples class 1 \u2192 class 0
[2026-06-20 08:32:07,359] 39 root - INFO - [Attacker] Label flip: 0 samples class 1 \u2192 class 0
[2026-06-20 08:32:07,367] 39 root - INFO - [Attacker] Label flip: 0 samples class 1 \u2192 class 0
[2026-06-20 08:32:07,375] 39 root - INFO - [Attacker] Label flip: 0 samples class 1 \u2192 class 0
[2026-06-20 08:32:07,382] 39 root - INFO - [Attacker] Label flip: 0 samples class 1 \u2192 class 0
[2026-06-20 08:32:07,387] 39 root - INFO - [Attacker] Label flip: 0 samples class 1 \u2192 class 0
[2026-06-20 08:32:07,391] 39 root - INFO - [Attacker] Label flip: 0 samples class 1 \u2192 class 0
[2026-06-20 08:32:07,398] 39 root - INFO - [Attacker] Label flip: 0 samples class 1 \u2192 class 0
[2026-06-20 08:32:07,401] 39 root - INFO - [Attacker] Label flip: 0 samples class 1 \u2192 class 0
[2026-06-20 08:32:07,411] 39 root - INFO - [Attacker] Label flip: 0 samples class 1 \u2192 class 0
[2026-06-20 08:32:07,411] 39 root - INFO - [Attacker] Label flip: 0 samples class 1 \u2192 class 0
[2026-06-20 08:32:07,419] 39 root - INFO - [Attacker] Label flip: 0 samples class 1 \u2192 class 0
[2026-06-20 08:32:07,422] 39 root - INFO - [Attacker] Label flip: 0 samples class 1 \u2192 class 0
[2026-06-20 08:32:07,428] 39 root - INFO - [Attacker] Label flip: 0 samples class 1 \u2192 class 0
[2026-06-20 08:32:07,431] 39 root - INFO - [Attacker] Label flip: 0 samples class 1 \u2192 class 0
[2026-06-20 08:32:07,436] 39 root - INFO - [Attacker] Label flip: 0 samples class 1 \u2192 class 0
[2026-06-20 08:32:07,440] 39 root - INFO - [Attacker] Label flip: 0 samples class 1 \u2192 class 0
[2026-06-20 08:32:07,444] 39 root - INFO - [Attacker] Label flip: 0 samples class 1 \u2192 class 0
[2026-06-20 08:32:07,451] 39 root - INFO - [Attacker] Label flip: 0 samples class 1 \u2192 class 0
[2026-06-20 08:32:07,452] 39 root - INFO - [Attacker] Label flip: 0 samples class 1 \u2192 class 0
[2026-06-20 08:32:07,460] 39 root - INFO - [Attacker] Label flip: 0 samples class 1 \u2192 class 0
[2026-06-20 08:32:07,461] 39 root - INFO - [Attacker] Label flip: 0 samples class 1 \u2192 class 0
[2026-06-20 08:32:07,469] 39 root - INFO - [Attacker] Label flip: 0 samples class 1 \u2192 class 0
[2026-06-20 08:32:07,470] 39 root - INFO - [Attacker] Label flip: 0 samples class 1 \u2192 class 0
[2026-06-20 08:32:07,477] 39 root - INFO - [Attacker] Label flip: 0 samples class 1 \u2192 class 0
[2026-06-20 08:32:07,480] 39 root - INFO - [Attacker] Label flip: 0 samples class 1 \u2192 class 0
[2026-06-20 08:32:07,485] 39 root - INFO - [Attacker] Label flip: 0 samples class 1 \u2192 class 0
[2026-06-20 08:32:07,491] 39 root - INFO - [Attacker] Label flip: 0 samples class 1 \u2192 class 0
[2026-06-20 08:32:07,494] 39 root - INFO - [Attacker] Label flip: 0 samples class 1 \u2192 class 0
[2026-06-20 08:32:07,501] 39 root - INFO - [Attacker] Label flip: 0 samples class 1 \u2192 class 0
[2026-06-20 08:32:07,501] 39 root - INFO - [Attacker] Label flip: 0 samples class 1 \u2192 class 0
[2026-06-20 08:32:07,509] 39 root - INFO - [Attacker] Label flip: 0 samples class 1 \u2192 class 0
[2026-06-20 08:32:07,511] 39 root - INFO - [Attacker] Label flip: 0 samples class 1 \u2192 class 0
[2026-06-20 08:32:07,517] 39 root - INFO - [Attacker] Label flip: 0 samples class 1 \u2192 class 0
[2026-06-20 08:32:07,520] 39 root - INFO - [Attacker] Label flip: 0 samples class 1 \u2192 class 0
[2026-06-20 08:32:07,525] 39 root - INFO - [Attacker] Label flip: 0 samples class 1 \u2192 class 0
[2026-06-20 08:32:07,531] 39 root - INFO - [Attacker] Label flip: 0 samples class 1 \u2192 class 0
[2026-06-20 08:32:07,533] 39 root - INFO - [Attacker] Label flip: 0 samples class 1 \u2192 class 0
[2026-06-20 08:32:07,540] 39 root - INFO - [Attacker] Label flip: 0 samples class 1 \u2192 class 0
[2026-06-20 08:32:07,542] 39 root - INFO - [Attacker] Label flip: 0 samples class 1 \u2192 class 0
[2026-06-20 08:32:07,548] 39 root - INFO - [Attacker] Label flip: 0 samples class 1 \u2192 class 0
[2026-06-20 08:32:07,553] 39 root - INFO - [Attacker] Label flip: 0 samples class 1 \u2192 class 0
[2026-06-20 08:32:07,557] 39 root - INFO - [Attacker] Label flip: 0 samples class 1 \u2192 class 0
[2026-06-20 08:32:07,563] 39 root - INFO - [Attacker] Label flip: 0 samples class 1 \u2192 class 0
[2026-06-20 08:32:07,565] 39 root - INFO - [Attacker] Label flip: 0 samples class 1 \u2192 class 0
[2026-06-20 08:32:07,573] 39 root - INFO - [Attacker] Label flip: 0 samples class 1 \u2192 class 0
[2026-06-20 08:32:07,574] 39 root - INFO - [Attacker] Label flip: 0 samples class 1 \u2192 class 0
[2026-06-20 08:32:07,581] 39 root - INFO - [Attacker] Label flip: 0 samples class 1 \u2192 class 0
[2026-06-20 08:32:07,585] 39 root - INFO - [Attacker] Label flip: 0 samples class 1 \u2192 class 0
[2026-06-20 08:32:07,589] 39 root - INFO - [Attacker] Label flip: 0 samples class 1 \u2192 class 0
[2026-06-20 08:32:07,593] 39 root - INFO - [Attacker] Label flip: 0 samples class 1 \u2192 class 0
[2026-06-20 08:32:07,598] 39 root - INFO - [Attacker] Label flip: 0 samples class 1 \u2192 class 0
[2026-06-20 08:32:07,603] 39 root - INFO - [Attacker] Label flip: 0 samples class 1 \u2192 class 0
[2026-06-20 08:32:07,606] 39 root - INFO - [Attacker] Label flip: 0 samples class 1 \u2192 class 0
[2026-06-20 08:32:07,613] 39 root - INFO - [Attacker] Label flip: 0 samples class 1 \u2192 class 0
[2026-06-20 08:32:07,614] 39 root - INFO - [Attacker] Label flip: 0 samples class 1 \u2192 class 0
[2026-06-20 08:32:07,622] 39 root - INFO - [Attacker] Label flip: 0 samples class 1 \u2192 class 0
[2026-06-20 08:32:07,624] 39 root - INFO - [Attacker] Label flip: 0 samples class 1 \u2192 class 0
[2026-06-20 08:32:07,631] 39 root - INFO - [Attacker] Label flip: 0 samples class 1 \u2192 class 0
[2026-06-20 08:32:07,632] 39 root - INFO - [Attacker] Label flip: 0 samples class 1 \u2192 class 0
[2026-06-20 08:32:07,640] 39 root - INFO - [Attacker] Label flip: 0 samples class 1 \u2192 class 0
[2026-06-20 08:32:07,640] 39 root - INFO - [Attacker] Label flip: 0 samples class 1 \u2192 class 0
[2026-06-20 08:32:07,647] 39 root - INFO - [Attacker] Label flip: 0 samples class 1 \u2192 class 0
[2026-06-20 08:32:07,650] 39 root - INFO - [Attacker] Label flip: 0 samples class 1 \u2192 class 0
[2026-06-20 08:32:07,655] 39 root - INFO - [Attacker] Label flip: 0 samples class 1 \u2192 class 0
[2026-06-20 08:32:07,659] 39 root - INFO - [Attacker] Label flip: 0 samples class 1 \u2192 class 0
[2026-06-20 08:32:07,663] 39 root - INFO - [Attacker] Label flip: 0 samples class 1 \u2192 class 0
[2026-06-20 08:32:07,671] 39 root - INFO - [Attacker] Label flip: 0 samples class 1 \u2192 class 0
[2026-06-20 08:32:07,671] 39 root - INFO - [Attacker] Label flip: 0 samples class 1 \u2192 class 0
[2026-06-20 08:32:07,680] 39 root - INFO - [Attacker] Label flip: 0 samples class 1 \u2192 class 0
[2026-06-20 08:32:07,683] 39 root - INFO - [Attacker] Label flip: 0 samples class 1 \u2192 class 0
[2026-06-20 08:32:07,690] 39 root - INFO - [Attacker] Label flip: 0 samples class 1 \u2192 class 0
[2026-06-20 08:32:07,693] 39 root - INFO - [Attacker] Label flip: 0 samples class 1 \u2192 class 0
[2026-06-20 08:32:07,700] 39 root - INFO - [Attacker] Label flip: 0 samples class 1 \u2192 class 0
[2026-06-20 08:32:07,705] 39 root - INFO - [Attacker] Label flip: 0 samples class 1 \u2192 class 0
[2026-06-20 08:32:07,709] 39 root - INFO - [Attacker] Label flip: 0 samples class 1 \u2192 class 0
[2026-06-20 08:32:07,718] 39 root - INFO - [Attacker] Label flip: 0 samples class 1 \u2192 class 0
[2026-06-20 08:32:07,718] 39 root - INFO - [Attacker] Label flip: 0 samples class 1 \u2192 class 0
[2026-06-20 08:32:07,726] 39 root - INFO - [Attacker] Label flip: 0 samples class 1 \u2192 class 0
[2026-06-20 08:32:07,728] 39 root - INFO - [Attacker] Label flip: 0 samples class 1 \u2192 class 0
[2026-06-20 08:32:07,735] 39 root - INFO - [Attacker] Label flip: 0 samples class 1 \u2192 class 0
[2026-06-20 08:32:07,739] 39 root - INFO - [Attacker] Label flip: 0 samples class 1 \u2192 class 0
[2026-06-20 08:32:07,743] 39 root - INFO - [Attacker] Label flip: 0 samples class 1 \u2192 class 0
[2026-06-20 08:32:07,749] 39 root - INFO - [Attacker] Label flip: 0 samples class 1 \u2192 class 0
[2026-06-20 08:32:07,751] 39 root - INFO - [Attacker] Label flip: 0 samples class 1 \u2192 class 0
[2026-06-20 08:32:07,758] 39 root - INFO - [Attacker] Label flip: 0 samples class 1 \u2192 class 0
[2026-06-20 08:32:07,759] 39 root - INFO - [Attacker] Label flip: 0 samples class 1 \u2192 class 0
[2026-06-20 08:32:07,766] 39 root - INFO - [Attacker] Label flip: 0 samples class 1 \u2192 class 0
[2026-06-20 08:32:07,769] 39 root - INFO - [Attacker] Label flip: 0 samples class 1 \u2192 class 0
[2026-06-20 08:32:07,774] 39 root - INFO - [Attacker] Label flip: 0 samples class 1 \u2192 class 0
[2026-06-20 08:32:07,779] 39 root - INFO - [Attacker] Label flip: 0 samples class 1 \u2192 class 0
[2026-06-20 08:32:07,782] 39 root - INFO - [Attacker] Label flip: 0 samples class 1 \u2192 class 0
[2026-06-20 08:32:07,790] 39 root - INFO - [Attacker] Label flip: 0 samples class 1 \u2192 class 0
[2026-06-20 08:32:07,790] 39 root - INFO - [Attacker] Label flip: 0 samples class 1 \u2192 class 0
[2026-06-20 08:32:07,797] 39 root - INFO - [Attacker] Label flip: 0 samples class 1 \u2192 class 0
[2026-06-20 08:32:07,799] 39 root - INFO - [Attacker] Label flip: 0 samples class 1 \u2192 class 0
[2026-06-20 08:32:07,805] 39 root - INFO - [Attacker] Label flip: 0 samples class 1 \u2192 class 0
[2026-06-20 08:32:07,811] 39 root - INFO - [Attacker] Label flip: 0 samples class 1 \u2192 class 0
[2026-06-20 08:32:07,815] 39 root - INFO - [Attacker] Label flip: 0 samples class 1 \u2192 class 0
[2026-06-20 08:32:07,821] 39 root - INFO - [Attacker] Label flip: 0 samples class 1 \u2192 class 0
[2026-06-20 08:32:07,822] 39 root - INFO - [Attacker] Label flip: 0 samples class 1 \u2192 class 0
[2026-06-20 08:32:07,830] 39 root - INFO - [Attacker] Label flip: 0 samples class 1 \u2192 class 0
[2026-06-20 08:32:07,830] 39 root - INFO - [Attacker] Label flip: 0 samples class 1 \u2192 class 0
[2026-06-20 08:32:07,838] 39 root - INFO - [Attacker] Label flip: 0 samples class 1 \u2192 class 0
[2026-06-20 08:32:07,840] 39 root - INFO - [Attacker] Label flip: 0 samples class 1 \u2192 class 0
[2026-06-20 08:32:07,847] 39 root - INFO - [Attacker] Label flip: 0 samples class 1 \u2192 class 0
[2026-06-20 08:32:07,851] 39 root - INFO - [Attacker] Label flip: 0 samples class 1 \u2192 class 0
[2026-06-20 08:32:07,855] 39 root - INFO - [Attacker] Label flip: 0 samples class 1 \u2192 class 0
[2026-06-20 08:32:07,861] 39 root - INFO - [Attacker] Label flip: 0 samples class 1 \u2192 class 0
[2026-06-20 08:32:07,863] 39 root - INFO - [Attacker] Label flip: 0 samples class 1 \u2192 class 0
[2026-06-20 08:32:07,870] 39 root - INFO - [Attacker] Label flip: 0 samples class 1 \u2192 class 0
[2026-06-20 08:32:07,872] 39 root - INFO - [Attacker] Label flip: 0 samples class 1 \u2192 class 0
[2026-06-20 08:32:07,880] 39 root - INFO - [Attacker] Label flip: 0 samples class 1 \u2192 class 0
[2026-06-20 08:32:07,880] 39 root - INFO - [Attacker] Label flip: 0 samples class 1 \u2192 class 0
[2026-06-20 08:32:07,889] 39 root - INFO - [Attacker] Label flip: 0 samples class 1 \u2192 class 0
[2026-06-20 08:32:07,890] 39 root - INFO - [Attacker] Label flip: 0 samples class 1 \u2192 class 0
[2026-06-20 08:32:07,897] 39 root - INFO - [Attacker] Label flip: 0 samples class 1 \u2192 class 0
[2026-06-20 08:32:07,898] 39 root - INFO - [Attacker] Label flip: 1 samples class 1 \u2192 class 0
[2026-06-20 08:32:07,905] 39 root - INFO - [Attacker] Label flip: 0 samples class 1 \u2192 class 0
[2026-06-20 08:32:07,908] 39 root - INFO - [Attacker] Label flip: 0 samples class 1 \u2192 class 0
[2026-06-20 08:32:07,915] 39 root - INFO - [Attacker] Label flip: 0 samples class 1 \u2192 class 0
[2026-06-20 08:32:07,919] 39 root - INFO - [Attacker] Label flip: 0 samples class 1 \u2192 class 0
[2026-06-20 08:32:07,924] 39 root - INFO - [Attacker] Label flip: 0 samples class 1 \u2192 class 0
[2026-06-20 08:32:07,930] 39 root - INFO - [Attacker] Label flip: 0 samples class 1 \u2192 class 0
[2026-06-20 08:32:07,933] 39 root - INFO - [Attacker] Label flip: 0 samples class 1 \u2192 class 0
[2026-06-20 08:32:07,941] 39 root - INFO - [Attacker] Label flip: 0 samples class 1 \u2192 class 0
[2026-06-20 08:32:07,943] 39 root - INFO - [Attacker] Label flip: 0 samples class 1 \u2192 class 0
[2026-06-20 08:32:07,951] 39 root - INFO - [Attacker] Label flip: 0 samples class 1 \u2192 class 0
[2026-06-20 08:32:07,951] 39 root - INFO - [Attacker] Label flip: 0 samples class 1 \u2192 class 0
[2026-06-20 08:32:07,960] 39 root - INFO - [Attacker] Label flip: 0 samples class 1 \u2192 class 0
[2026-06-20 08:32:07,960] 39 root - INFO - [Attacker] Label flip: 0 samples class 1 \u2192 class 0
[2026-06-20 08:32:07,968] 39 root - INFO - [Attacker] Label flip: 0 samples class 1 \u2192 class 0
[2026-06-20 08:32:07,970] 39 root - INFO - [Attacker] Label flip: 0 samples class 1 \u2192 class 0
[2026-06-20 08:32:07,976] 39 root - INFO - [Attacker] Label flip: 0 samples class 1 \u2192 class 0
[2026-06-20 08:32:07,984] 39 root - INFO - [Attacker] Label flip: 0 samples class 1 \u2192 class 0
[2026-06-20 08:32:07,984] 39 root - INFO - [Attacker] Label flip: 0 samples class 1 \u2192 class 0
[2026-06-20 08:32:07,993] 39 root - INFO - [Attacker] Label flip: 0 samples class 1 \u2192 class 0
[2026-06-20 08:32:07,993] 39 root - INFO - [Attacker] Label flip: 0 samples class 1 \u2192 class 0
[2026-06-20 08:32:08,002] 39 root - INFO - [Attacker] Label flip: 0 samples class 1 \u2192 class 0
[2026-06-20 08:32:08,008] 39 root - INFO - [Attacker] Label flip: 0 samples class 1 \u2192 class 0
[2026-06-20 08:32:08,009] 39 root - INFO - [Attacker] Label flip: 0 samples class 1 \u2192 class 0
[2026-06-20 08:32:08,018] 39 root - INFO - [Attacker] Label flip: 0 samples class 1 \u2192 class 0
[2026-06-20 08:32:08,019] 39 root - INFO - [Attacker] Label flip: 0 samples class 1 \u2192 class 0
[2026-06-20 08:32:08,026] 39 root - INFO - [Attacker] Label flip: 0 samples class 1 \u2192 class 0
[2026-06-20 08:32:08,031] 39 root - INFO - [Attacker] Label flip: 0 samples class 1 \u2192 class 0
[2026-06-20 08:32:08,035] 39 root - INFO - [Attacker] Label flip: 0 samples class 1 \u2192 class 0
[2026-06-20 08:32:08,041] 39 root - INFO - [Attacker] Label flip: 0 samples class 1 \u2192 class 0
[2026-06-20 08:32:08,042] 39 root - INFO - [Attacker] Label flip: 0 samples class 1 \u2192 class 0
[2026-06-20 08:32:08,050] 39 root - INFO - [Attacker] Label flip: 0 samples class 1 \u2192 class 0
[2026-06-20 08:32:08,050] 39 root - INFO - [Attacker] Label flip: 0 samples class 1 \u2192 class 0
[2026-06-20 08:32:08,058] 39 root - INFO - [Attacker] Label flip: 0 samples class 1 \u2192 class 0
[2026-06-20 08:32:08,059] 39 root - INFO - [Attacker] Label flip: 0 samples class 1 \u2192 class 0
[2026-06-20 08:32:08,066] 39 root - INFO - [Attacker] Label flip: 0 samples class 1 \u2192 class 0
[2026-06-20 08:32:08,069] 39 root - INFO - [Attacker] Label flip: 1 samples class 1 \u2192 class 0
[2026-06-20 08:32:08,075] 39 root - INFO - [Attacker] Label flip: 0 samples class 1 \u2192 class 0
[2026-06-20 08:32:08,080] 39 root - INFO - [Attacker] Label flip: 0 samples class 1 \u2192 class 0
[2026-06-20 08:32:08,083] 39 root - INFO - [Attacker] Label flip: 0 samples class 1 \u2192 class 0
[2026-06-20 08:32:08,090] 39 root - INFO - [Attacker] Label flip: 0 samples class 1 \u2192 class 0
[2026-06-20 08:32:08,091] 39 root - INFO - [Attacker] Label flip: 0 samples class 1 \u2192 class 0
[2026-06-20 08:32:08,099] 39 root - INFO - [Attacker] Label flip: 0 samples class 1 \u2192 class 0
[2026-06-20 08:32:08,100] 39 root - INFO - [Attacker] Label flip: 0 samples class 1 \u2192 class 0
[2026-06-20 08:32:08,108] 39 root - INFO - [Attacker] Label flip: 0 samples class 1 \u2192 class 0
[2026-06-20 08:32:08,109] 39 root - INFO - [Attacker] Label flip: 0 samples class 1 \u2192 class 0
[2026-06-20 08:32:08,116] 39 root - INFO - [Attacker] Label flip: 0 samples class 1 \u2192 class 0
[2026-06-20 08:32:08,120] 39 root - INFO - [Attacker] Label flip: 1 samples class 1 \u2192 class 0
[2026-06-20 08:32:08,124] 39 root - INFO - [Attacker] Label flip: 0 samples class 1 \u2192 class 0
[2026-06-20 08:32:08,131] 39 root - INFO - [Attacker] Label flip: 0 samples class 1 \u2192 class 0
[2026-06-20 08:32:08,133] 39 root - INFO - [Attacker] Label flip: 0 samples class 1 \u2192 class 0
[2026-06-20 08:32:08,141] 39 root - INFO - [Attacker] Label flip: 0 samples class 1 \u2192 class 0
[2026-06-20 08:32:08,141] 39 root - INFO - [Attacker] Label flip: 0 samples class 1 \u2192 class 0
[2026-06-20 08:32:08,150] 39 root - INFO - [Attacker] Label flip: 0 samples class 1 \u2192 class 0
[2026-06-20 08:32:08,158] 39 root - INFO - [Attacker] Label flip: 0 samples class 1 \u2192 class 0
[2026-06-20 08:32:08,159] 39 root - INFO - [Attacker] Label flip: 0 samples class 1 \u2192 class 0
[2026-06-20 08:32:08,167] 39 root - INFO - [Attacker] Label flip: 0 samples class 1 \u2192 class 0
[2026-06-20 08:32:08,168] 39 root - INFO - [Attacker] Label flip: 0 samples class 1 \u2192 class 0
[2026-06-20 08:32:08,176] 39 root - INFO - [Attacker] Label flip: 0 samples class 1 \u2192 class 0
[2026-06-20 08:32:08,179] 39 root - INFO - [Attacker] Label flip: 0 samples class 1 \u2192 class 0
[2026-06-20 08:32:08,185] 39 root - INFO - [Attacker] Label flip: 0 samples class 1 \u2192 class 0
[2026-06-20 08:32:08,189] 39 root - INFO - [Attacker] Label flip: 0 samples class 1 \u2192 class 0
[2026-06-20 08:32:08,194] 39 root - INFO - [Attacker] Label flip: 0 samples class 1 \u2192 class 0
[2026-06-20 08:32:08,197] 39 root - INFO - [Attacker] Label flip: 0 samples class 1 \u2192 class 0
[2026-06-20 08:32:08,204] 39 root - INFO - [Attacker] Label flip: 0 samples class 1 \u2192 class 0
[2026-06-20 08:32:08,205] 39 root - INFO - [Attacker] Label flip: 0 samples class 1 \u2192 class 0
[2026-06-20 08:32:08,212] 39 root - INFO - [Attacker] Label flip: 0 samples class 1 \u2192 class 0
[2026-06-20 08:32:08,213] 39 root - INFO - [Attacker] Label flip: 0 samples class 1 \u2192 class 0
[2026-06-20 08:32:08,221] 39 root - INFO - [Attacker] Label flip: 0 samples class 1 \u2192 class 0
[2026-06-20 08:32:08,229] 39 root - INFO - [Attacker] Label flip: 0 samples class 1 \u2192 class 0
[2026-06-20 08:32:08,232] 39 root - INFO - [Attacker] Label flip: 0 samples class 1 \u2192 class 0
[2026-06-20 08:32:08,236] 39 root - INFO - [Attacker] Label flip: 0 samples class 1 \u2192 class 0
[2026-06-20 08:32:08,241] 39 root - INFO - [Attacker] Label flip: 0 samples class 1 \u2192 class 0
[2026-06-20 08:32:08,244] 39 root - INFO - [Attacker] Label flip: 0 samples class 1 \u2192 class 0
[2026-06-20 08:32:08,249] 39 root - INFO - [Attacker] Label flip: 0 samples class 1 \u2192 class 0
[2026-06-20 08:32:08,252] 39 root - INFO - [Attacker] Label flip: 0 samples class 1 \u2192 class 0
[2026-06-20 08:32:08,256] 39 root - INFO - [Attacker] Label flip: 0 samples class 1 \u2192 class 0
[2026-06-20 08:32:08,259] 39 root - INFO - [Attacker] Label flip: 0 samples class 1 \u2192 class 0
[2026-06-20 08:32:08,264] 39 root - INFO - [Attacker] Label flip: 0 samples class 1 \u2192 class 0
[2026-06-20 08:32:08,267] 39 root - INFO - [Attacker] Label flip: 0 samples class 1 \u2192 class 0
[2026-06-20 08:32:08,272] 39 root - INFO - [Attacker] Label flip: 1 samples class 1 \u2192 class 0
[2026-06-20 08:32:08,275] 39 root - INFO - [Attacker] Label flip: 0 samples class 1 \u2192 class 0
[2026-06-20 08:32:08,280] 39 root - INFO - [Attacker] Label flip: 0 samples class 1 \u2192 class 0
[2026-06-20 08:32:08,283] 39 root - INFO - [Attacker] Label flip: 0 samples class 1 \u2192 class 0
[2026-06-20 08:32:08,288] 39 root - INFO - [Attacker] Label flip: 0 samples class 1 \u2192 class 0
[2026-06-20 08:32:08,290] 39 root - INFO - [Attacker] Label flip: 0 samples class 1 \u2192 class 0
[2026-06-20 08:32:08,296] 39 root - INFO - [Attacker] Label flip: 0 samples class 1 \u2192 class 0
[2026-06-20 08:32:08,298] 39 root - INFO - [Attacker] Label flip: 0 samples class 1 \u2192 class 0
[2026-06-20 08:32:08,303] 39 root - INFO - [Attacker] Label flip: 0 samples class 1 \u2192 class 0
[2026-06-20 08:32:08,306] 39 root - INFO - [Attacker] Label flip: 0 samples class 1 \u2192 class 0
[2026-06-20 08:32:08,311] 39 root - INFO - [Attacker] Label flip: 0 samples class 1 \u2192 class 0
[2026-06-20 08:32:08,314] 39 root - INFO - [Attacker] Label flip: 0 samples class 1 \u2192 class 0
[2026-06-20 08:32:08,320] 39 root - INFO - [Attacker] Label flip: 0 samples class 1 \u2192 class 0
[2026-06-20 08:32:08,322] 39 root - INFO - [Attacker] Label flip: 0 samples class 1 \u2192 class 0
[2026-06-20 08:32:08,327] 39 root - INFO - [Attacker] Label flip: 0 samples class 1 \u2192 class 0
[2026-06-20 08:32:08,330] 39 root - INFO - [Attacker] Label flip: 0 samples class 1 \u2192 class 0
[2026-06-20 08:32:08,336] 39 root - INFO - [Attacker] Label flip: 0 samples class 1 \u2192 class 0
[2026-06-20 08:32:08,338] 39 root - INFO - [Attacker] Label flip: 0 samples class 1 \u2192 class 0
[2026-06-20 08:32:08,344] 39 root - INFO - [Attacker] Label flip: 0 samples class 1 \u2192 class 0
[2026-06-20 08:32:08,346] 39 root - INFO - [Attacker] Label flip: 0 samples class 1 \u2192 class 0
[2026-06-20 08:32:08,352] 39 root - INFO - [Attacker] Label flip: 0 samples class 1 \u2192 class 0
[2026-06-20 08:32:08,354] 39 root - INFO - [Attacker] Label flip: 0 samples class 1 \u2192 class 0
[2026-06-20 08:32:08,360] 39 root - INFO - [Attacker] Label flip: 0 samples class 1 \u2192 class 0
[2026-06-20 08:32:08,361] 39 root - INFO - [Attacker] Label flip: 0 samples class 1 \u2192 class 0
[2026-06-20 08:32:08,368] 39 root - INFO - [Attacker] Label flip: 0 samples class 1 \u2192 class 0
[2026-06-20 08:32:08,369] 39 root - INFO - [Attacker] Label flip: 0 samples class 1 \u2192 class 0
[2026-06-20 08:32:08,376] 39 root - INFO - [Attacker] Label flip: 0 samples class 1 \u2192 class 0
[2026-06-20 08:32:08,377] 39 root - INFO - [Attacker] Label flip: 0 samples class 1 \u2192 class 0
[2026-06-20 08:32:08,384] 39 root - INFO - [Attacker] Label flip: 0 samples class 1 \u2192 class 0
[2026-06-20 08:32:08,385] 39 root - INFO - [Attacker] Label flip: 0 samples class 1 \u2192 class 0
[2026-06-20 08:32:08,392] 39 root - INFO - [Attacker] Label flip: 0 samples class 1 \u2192 class 0
[2026-06-20 08:32:08,392] 39 root - INFO - [Attacker] Label flip: 0 samples class 1 \u2192 class 0
[2026-06-20 08:32:08,400] 39 root - INFO - [Attacker] Label flip: 0 samples class 1 \u2192 class 0
[2026-06-20 08:32:08,400] 39 root - INFO - [Attacker] Label flip: 0 samples class 1 \u2192 class 0
[2026-06-20 08:32:08,407] 39 root - INFO - [Attacker] Label flip: 0 samples class 1 \u2192 class 0
[2026-06-20 08:32:08,408] 39 root - INFO - [Attacker] Label flip: 0 samples class 1 \u2192 class 0
[2026-06-20 08:32:08,416] 39 root - INFO - [Attacker] Label flip: 0 samples class 1 \u2192 class 0
[2026-06-20 08:32:08,416] 39 root - INFO - [Attacker] Label flip: 0 samples class 1 \u2192 class 0
[2026-06-20 08:32:08,423] 39 root - INFO - [Attacker] Label flip: 0 samples class 1 \u2192 class 0
[2026-06-20 08:32:08,424] 39 root - INFO - [Attacker] Label flip: 0 samples class 1 \u2192 class 0
[2026-06-20 08:32:08,432] 39 root - INFO - [Attacker] Label flip: 0 samples class 1 \u2192 class 0
[2026-06-20 08:32:08,440] 39 root - INFO - [Attacker] Label flip: 0 samples class 1 \u2192 class 0
[2026-06-20 08:32:08,442] 268 flwr - WARNING - DEPRECATED FEATURE: `client_fn` now expects a signature `def client_fn(context: Context)`.The provided `client_fn` has signature: {'cid': <Parameter "cid: str">}. You can import the `Context` like this: `from flwr.common import Context`

            This is a deprecated feature. It will be removed
            entirely in future versions of Flower.
        
[2026-06-20 08:32:08,448] 39 root - INFO - [Attacker] Label flip: 0 samples class 1 \u2192 class 0
[2026-06-20 08:32:08,459] 39 root - INFO - [Attacker] Label flip: 0 samples class 1 \u2192 class 0
[2026-06-20 08:32:08,467] 39 root - INFO - [Attacker] Label flip: 0 samples class 1 \u2192 class 0
[2026-06-20 08:32:08,482] 39 root - INFO - [Attacker] Label flip: 0 samples class 1 \u2192 class 0
[2026-06-20 08:32:08,492] 39 root - INFO - [Attacker] Label flip: 0 samples class 1 \u2192 class 0
[2026-06-20 08:32:08,503] 39 root - INFO - [Attacker] Label flip: 0 samples class 1 \u2192 class 0
[2026-06-20 08:32:08,514] 39 root - INFO - [Attacker] Label flip: 0 samples class 1 \u2192 class 0
[2026-06-20 08:32:08,523] 39 root - INFO - [Attacker] Label flip: 0 samples class 1 \u2192 class 0
[2026-06-20 08:32:08,534] 39 root - INFO - [Attacker] Label flip: 0 samples class 1 \u2192 class 0
[2026-06-20 08:32:08,542] 39 root - INFO - [Attacker] Label flip: 0 samples class 1 \u2192 class 0
[2026-06-20 08:32:08,553] 39 root - INFO - [Attacker] Label flip: 1 samples class 1 \u2192 class 0
[2026-06-20 08:32:08,564] 39 root - INFO - [Attacker] Label flip: 0 samples class 1 \u2192 class 0
[2026-06-20 08:32:08,574] 39 root - INFO - [Attacker] Label flip: 0 samples class 1 \u2192 class 0
[2026-06-20 08:32:08,585] 39 root - INFO - [Attacker] Label flip: 0 samples class 1 \u2192 class 0
[2026-06-20 08:32:08,593] 39 root - INFO - [Attacker] Label flip: 0 samples class 1 \u2192 class 0
[2026-06-20 08:32:08,601] 39 root - INFO - [Attacker] Label flip: 0 samples class 1 \u2192 class 0
[2026-06-20 08:32:08,609] 39 root - INFO - [Attacker] Label flip: 0 samples class 1 \u2192 class 0
[2026-06-20 08:32:08,616] 39 root - INFO - [Attacker] Label flip: 0 samples class 1 \u2192 class 0
[2026-06-20 08:32:08,624] 39 root - INFO - [Attacker] Label flip: 0 samples class 1 \u2192 class 0
[2026-06-20 08:32:08,632] 39 root - INFO - [Attacker] Label flip: 0 samples class 1 \u2192 class 0
[2026-06-20 08:32:08,640] 39 root - INFO - [Attacker] Label flip: 0 samples class 1 \u2192 class 0
[2026-06-20 08:32:08,647] 39 root - INFO - [Attacker] Label flip: 0 samples class 1 \u2192 class 0
[2026-06-20 08:32:08,655] 39 root - INFO - [Attacker] Label flip: 0 samples class 1 \u2192 class 0
[2026-06-20 08:32:08,663] 39 root - INFO - [Attacker] Label flip: 0 samples class 1 \u2192 class 0
[2026-06-20 08:32:08,671] 39 root - INFO - [Attacker] Label flip: 0 samples class 1 \u2192 class 0
[2026-06-20 08:32:08,678] 39 root - INFO - [Attacker] Label flip: 0 samples class 1 \u2192 class 0
[2026-06-20 08:32:08,686] 39 root - INFO - [Attacker] Label flip: 0 samples class 1 \u2192 class 0
[2026-06-20 08:32:08,694] 39 root - INFO - [Attacker] Label flip: 0 samples class 1 \u2192 class 0
[2026-06-20 08:32:08,702] 39 root - INFO - [Attacker] Label flip: 0 samples class 1 \u2192 class 0
[2026-06-20 08:32:08,709] 39 root - INFO - [Attacker] Label flip: 0 samples class 1 \u2192 class 0
[2026-06-20 08:32:08,717] 39 root - INFO - [Attacker] Label flip: 0 samples class 1 \u2192 class 0
[2026-06-20 08:32:08,725] 39 root - INFO - [Attacker] Label flip: 0 samples class 1 \u2192 class 0
[2026-06-20 08:32:08,733] 39 root - INFO - [Attacker] Label flip: 0 samples class 1 \u2192 class 0
[2026-06-20 08:32:08,741] 39 root - INFO - [Attacker] Label flip: 0 samples class 1 \u2192 class 0
[2026-06-20 08:32:08,749] 39 root - INFO - [Attacker] Label flip: 0 samples class 1 \u2192 class 0
[2026-06-20 08:32:08,757] 39 root - INFO - [Attacker] Label flip: 0 samples class 1 \u2192 class 0
[2026-06-20 08:32:08,765] 39 root - INFO - [Attacker] Label flip: 0 samples class 1 \u2192 class 0
[2026-06-20 08:32:08,773] 39 root - INFO - [Attacker] Label flip: 0 samples class 1 \u2192 class 0
[2026-06-20 08:32:08,781] 39 root - INFO - [Attacker] Label flip: 0 samples class 1 \u2192 class 0
[2026-06-20 08:32:08,789] 39 root - INFO - [Attacker] Label flip: 0 samples class 1 \u2192 class 0
[2026-06-20 08:32:08,797] 39 root - INFO - [Attacker] Label flip: 0 samples class 1 \u2192 class 0
[2026-06-20 08:32:08,804] 39 root - INFO - [Attacker] Label flip: 0 samples class 1 \u2192 class 0
[2026-06-20 08:32:08,812] 39 root - INFO - [Attacker] Label flip: 0 samples class 1 \u2192 class 0
[2026-06-20 08:32:08,820] 39 root - INFO - [Attacker] Label flip: 0 samples class 1 \u2192 class 0
[2026-06-20 08:32:08,830] 39 root - INFO - [Attacker] Label flip: 0 samples class 1 \u2192 class 0
[2026-06-20 08:32:08,839] 39 root - INFO - [Attacker] Label flip: 0 samples class 1 \u2192 class 0
[2026-06-20 08:32:08,847] 39 root - INFO - [Attacker] Label flip: 0 samples class 1 \u2192 class 0
[2026-06-20 08:32:08,855] 39 root - INFO - [Attacker] Label flip: 0 samples class 1 \u2192 class 0
[2026-06-20 08:32:08,862] 39 root - INFO - [Attacker] Label flip: 0 samples class 1 \u2192 class 0
[2026-06-20 08:32:08,870] 39 root - INFO - [Attacker] Label flip: 0 samples class 1 \u2192 class 0
[2026-06-20 08:32:08,877] 39 root - INFO - [Attacker] Label flip: 0 samples class 1 \u2192 class 0
[2026-06-20 08:32:08,885] 39 root - INFO - [Attacker] Label flip: 0 samples class 1 \u2192 class 0
[2026-06-20 08:32:08,893] 39 root - INFO - [Attacker] Label flip: 0 samples class 1 \u2192 class 0
[2026-06-20 08:32:08,901] 39 root - INFO - [Attacker] Label flip: 0 samples class 1 \u2192 class 0
[2026-06-20 08:32:08,909] 39 root - INFO - [Attacker] Label flip: 0 samples class 1 \u2192 class 0
[2026-06-20 08:32:08,917] 39 root - INFO - [Attacker] Label flip: 0 samples class 1 \u2192 class 0
[2026-06-20 08:32:08,929] 39 root - INFO - [Attacker] Label flip: 0 samples class 1 \u2192 class 0
[2026-06-20 08:32:08,937] 39 root - INFO - [Attacker] Label flip: 1 samples class 1 \u2192 class 0
[2026-06-20 08:32:08,945] 39 root - INFO - [Attacker] Label flip: 0 samples class 1 \u2192 class 0
[2026-06-20 08:32:08,953] 39 root - INFO - [Attacker] Label flip: 0 samples class 1 \u2192 class 0
[2026-06-20 08:32:08,960] 39 root - INFO - [Attacker] Label flip: 0 samples class 1 \u2192 class 0
[2026-06-20 08:32:08,968] 39 root - INFO - [Attacker] Label flip: 0 samples class 1 \u2192 class 0
[2026-06-20 08:32:08,979] 39 root - INFO - [Attacker] Label flip: 0 samples class 1 \u2192 class 0
[2026-06-20 08:32:08,988] 39 root - INFO - [Attacker] Label flip: 0 samples class 1 \u2192 class 0
[2026-06-20 08:32:08,998] 39 root - INFO - [Attacker] Label flip: 0 samples class 1 \u2192 class 0
[2026-06-20 08:32:09,008] 39 root - INFO - [Attacker] Label flip: 0 samples class 1 \u2192 class 0
[2026-06-20 08:32:09,019] 39 root - INFO - [Attacker] Label flip: 0 samples class 1 \u2192 class 0
[2026-06-20 08:32:09,028] 39 root - INFO - [Attacker] Label flip: 0 samples class 1 \u2192 class 0
[2026-06-20 08:32:09,038] 39 root - INFO - [Attacker] Label flip: 0 samples class 1 \u2192 class 0
[2026-06-20 08:32:09,049] 39 root - INFO - [Attacker] Label flip: 0 samples class 1 \u2192 class 0
[2026-06-20 08:32:09,058] 39 root - INFO - [Attacker] Label flip: 0 samples class 1 \u2192 class 0
[2026-06-20 08:32:09,067] 39 root - INFO - [Attacker] Label flip: 0 samples class 1 \u2192 class 0
[2026-06-20 08:32:09,076] 39 root - INFO - [Attacker] Label flip: 0 samples class 1 \u2192 class 0
[2026-06-20 08:32:09,088] 39 root - INFO - [Attacker] Label flip: 0 samples class 1 \u2192 class 0
[2026-06-20 08:32:09,098] 39 root - INFO - [Attacker] Label flip: 0 samples class 1 \u2192 class 0
[2026-06-20 08:32:09,108] 39 root - INFO - [Attacker] Label flip: 0 samples class 1 \u2192 class 0
[2026-06-20 08:32:09,116] 39 root - INFO - [Attacker] Label flip: 0 samples class 1 \u2192 class 0
[2026-06-20 08:32:09,125] 39 root - INFO - [Attacker] Label flip: 0 samples class 1 \u2192 class 0
[2026-06-20 08:32:09,137] 39 root - INFO - [Attacker] Label flip: 0 samples class 1 \u2192 class 0
[2026-06-20 08:32:09,147] 39 root - INFO - [Attacker] Label flip: 0 samples class 1 \u2192 class 0
[2026-06-20 08:32:09,158] 39 root - INFO - [Attacker] Label flip: 0 samples class 1 \u2192 class 0
[2026-06-20 08:32:09,168] 39 root - INFO - [Attacker] Label flip: 0 samples class 1 \u2192 class 0
[2026-06-20 08:32:09,179] 39 root - INFO - [Attacker] Label flip: 1 samples class 1 \u2192 class 0
[2026-06-20 08:32:09,189] 39 root - INFO - [Attacker] Label flip: 0 samples class 1 \u2192 class 0
[2026-06-20 08:32:09,199] 39 root - INFO - [Attacker] Label flip: 0 samples class 1 \u2192 class 0
[2026-06-20 08:32:09,209] 39 root - INFO - [Attacker] Label flip: 0 samples class 1 \u2192 class 0
[2026-06-20 08:32:09,221] 39 root - INFO - [Attacker] Label flip: 0 samples class 1 \u2192 class 0
[2026-06-20 08:32:09,231] 39 root - INFO - [Attacker] Label flip: 0 samples class 1 \u2192 class 0
[2026-06-20 08:32:09,240] 39 root - INFO - [Attacker] Label flip: 0 samples class 1 \u2192 class 0
[2026-06-20 08:32:09,250] 39 root - INFO - [Attacker] Label flip: 0 samples class 1 \u2192 class 0
[2026-06-20 08:32:09,259] 39 root - INFO - [Attacker] Label flip: 0 samples class 1 \u2192 class 0
[2026-06-20 08:32:09,269] 39 root - INFO - [Attacker] Label flip: 0 samples class 1 \u2192 class 0
[2026-06-20 08:32:09,279] 39 root - INFO - [Attacker] Label flip: 0 samples class 1 \u2192 class 0
[2026-06-20 08:32:09,288] 39 root - INFO - [Attacker] Label flip: 0 samples class 1 \u2192 class 0
[2026-06-20 08:32:09,300] 39 root - INFO - [Attacker] Label flip: 0 samples class 1 \u2192 class 0
[2026-06-20 08:32:09,309] 39 root - INFO - [Attacker] Label flip: 0 samples class 1 \u2192 class 0
[2026-06-20 08:32:09,318] 39 root - INFO - [Attacker] Label flip: 0 samples class 1 \u2192 class 0
[2026-06-20 08:32:09,328] 39 root - INFO - [Attacker] Label flip: 0 samples class 1 \u2192 class 0
[2026-06-20 08:32:09,338] 39 root - INFO - [Attacker] Label flip: 0 samples class 1 \u2192 class 0
[2026-06-20 08:32:09,348] 39 root - INFO - [Attacker] Label flip: 0 samples class 1 \u2192 class 0
[2026-06-20 08:32:09,358] 39 root - INFO - [Attacker] Label flip: 0 samples class 1 \u2192 class 0
[2026-06-20 08:32:09,366] 39 root - INFO - [Attacker] Label flip: 0 samples class 1 \u2192 class 0
[2026-06-20 08:32:09,375] 39 root - INFO - [Attacker] Label flip: 0 samples class 1 \u2192 class 0
[2026-06-20 08:32:09,384] 39 root - INFO - [Attacker] Label flip: 0 samples class 1 \u2192 class 0
[2026-06-20 08:32:09,395] 39 root - INFO - [Attacker] Label flip: 0 samples class 1 \u2192 class 0
[2026-06-20 08:32:09,403] 39 root - INFO - [Attacker] Label flip: 0 samples class 1 \u2192 class 0
[2026-06-20 08:32:09,414] 39 root - INFO - [Attacker] Label flip: 0 samples class 1 \u2192 class 0
[2026-06-20 08:32:09,424] 39 root - INFO - [Attacker] Label flip: 0 samples class 1 \u2192 class 0
[2026-06-20 08:32:09,436] 39 root - INFO - [Attacker] Label flip: 0 samples class 1 \u2192 class 0
[2026-06-20 08:32:09,446] 39 root - INFO - [Attacker] Label flip: 0 samples class 1 \u2192 class 0
[2026-06-20 08:32:09,457] 39 root - INFO - [Attacker] Label flip: 0 samples class 1 \u2192 class 0
[2026-06-20 08:32:09,468] 39 root - INFO - [Attacker] Label flip: 0 samples class 1 \u2192 class 0
[2026-06-20 08:32:09,477] 39 root - INFO - [Attacker] Label flip: 0 samples class 1 \u2192 class 0
[2026-06-20 08:32:09,488] 39 root - INFO - [Attacker] Label flip: 0 samples class 1 \u2192 class 0
[2026-06-20 08:32:09,498] 39 root - INFO - [Attacker] Label flip: 0 samples class 1 \u2192 class 0
[2026-06-20 08:32:09,508] 39 root - INFO - [Attacker] Label flip: 0 samples class 1 \u2192 class 0
[2026-06-20 08:32:09,519] 39 root - INFO - [Attacker] Label flip: 0 samples class 1 \u2192 class 0
[2026-06-20 08:32:09,530] 39 root - INFO - [Attacker] Label flip: 0 samples class 1 \u2192 class 0
[2026-06-20 08:32:09,538] 39 root - INFO - [Attacker] Label flip: 0 samples class 1 \u2192 class 0
[2026-06-20 08:32:09,548] 39 root - INFO - [Attacker] Label flip: 0 samples class 1 \u2192 class 0
[2026-06-20 08:32:09,557] 39 root - INFO - [Attacker] Label flip: 0 samples class 1 \u2192 class 0
[2026-06-20 08:32:09,567] 39 root - INFO - [Attacker] Label flip: 0 samples class 1 \u2192 class 0
[2026-06-20 08:32:09,577] 39 root - INFO - [Attacker] Label flip: 0 samples class 1 \u2192 class 0
[2026-06-20 08:32:09,586] 39 root - INFO - [Attacker] Label flip: 0 samples class 1 \u2192 class 0
[2026-06-20 08:32:09,596] 39 root - INFO - [Attacker] Label flip: 0 samples class 1 \u2192 class 0
[2026-06-20 08:32:09,608] 39 root - INFO - [Attacker] Label flip: 0 samples class 1 \u2192 class 0
[2026-06-20 08:32:09,619] 39 root - INFO - [Attacker] Label flip: 0 samples class 1 \u2192 class 0
[2026-06-20 08:32:09,629] 39 root - INFO - [Attacker] Label flip: 0 samples class 1 \u2192 class 0
[2026-06-20 08:32:09,638] 39 root - INFO - [Attacker] Label flip: 0 samples class 1 \u2192 class 0
[2026-06-20 08:32:09,648] 39 root - INFO - [Attacker] Label flip: 0 samples class 1 \u2192 class 0
[2026-06-20 08:32:09,657] 39 root - INFO - [Attacker] Label flip: 0 samples class 1 \u2192 class 0
[2026-06-20 08:32:09,665] 39 root - INFO - [Attacker] Label flip: 0 samples class 1 \u2192 class 0
[2026-06-20 08:32:09,676] 39 root - INFO - [Attacker] Label flip: 0 samples class 1 \u2192 class 0
[2026-06-20 08:32:09,690] 39 root - INFO - [Attacker] Label flip: 0 samples class 1 \u2192 class 0
[2026-06-20 08:32:09,698] 39 root - INFO - [Attacker] Label flip: 1 samples class 1 \u2192 class 0
[2026-06-20 08:32:09,708] 39 root - INFO - [Attacker] Label flip: 0 samples class 1 \u2192 class 0
[2026-06-20 08:32:09,717] 39 root - INFO - [Attacker] Label flip: 0 samples class 1 \u2192 class 0
[2026-06-20 08:32:09,726] 39 root - INFO - [Attacker] Label flip: 0 samples class 1 \u2192 class 0
[2026-06-20 08:32:09,736] 39 root - INFO - [Attacker] Label flip: 0 samples class 1 \u2192 class 0
[2026-06-20 08:32:09,747] 39 root - INFO - [Attacker] Label flip: 0 samples class 1 \u2192 class 0
[2026-06-20 08:32:09,758] 39 root - INFO - [Attacker] Label flip: 0 samples class 1 \u2192 class 0
[2026-06-20 08:32:09,767] 39 root - INFO - [Attacker] Label flip: 0 samples class 1 \u2192 class 0
[2026-06-20 08:32:09,779] 39 root - INFO - [Attacker] Label flip: 0 samples class 1 \u2192 class 0
[2026-06-20 08:32:09,790] 39 root - INFO - [Attacker] Label flip: 0 samples class 1 \u2192 class 0
[2026-06-20 08:32:09,800] 39 root - INFO - [Attacker] Label flip: 0 samples class 1 \u2192 class 0
[2026-06-20 08:32:09,807] 39 root - INFO - [Attacker] Label flip: 0 samples class 1 \u2192 class 0
[2026-06-20 08:32:09,815] 39 root - INFO - [Attacker] Label flip: 0 samples class 1 \u2192 class 0
[2026-06-20 08:32:09,823] 39 root - INFO - [Attacker] Label flip: 0 samples class 1 \u2192 class 0
[2026-06-20 08:32:09,831] 39 root - INFO - [Attacker] Label flip: 0 samples class 1 \u2192 class 0
[2026-06-20 08:32:09,839] 39 root - INFO - [Attacker] Label flip: 0 samples class 1 \u2192 class 0
[2026-06-20 08:32:09,848] 39 root - INFO - [Attacker] Label flip: 0 samples class 1 \u2192 class 0
[2026-06-20 08:32:09,857] 39 root - INFO - [Attacker] Label flip: 0 samples class 1 \u2192 class 0
[2026-06-20 08:32:09,865] 39 root - INFO - [Attacker] Label flip: 0 samples class 1 \u2192 class 0
[2026-06-20 08:32:09,873] 39 root - INFO - [Attacker] Label flip: 0 samples class 1 \u2192 class 0
[2026-06-20 08:32:09,882] 39 root - INFO - [Attacker] Label flip: 0 samples class 1 \u2192 class 0
[2026-06-20 08:32:09,890] 39 root - INFO - [Attacker] Label flip: 0 samples class 1 \u2192 class 0
[2026-06-20 08:32:09,898] 39 root - INFO - [Attacker] Label flip: 0 samples class 1 \u2192 class 0
[2026-06-20 08:32:09,906] 39 root - INFO - [Attacker] Label flip: 0 samples class 1 \u2192 class 0
[2026-06-20 08:32:09,916] 39 root - INFO - [Attacker] Label flip: 1 samples class 1 \u2192 class 0
[2026-06-20 08:32:09,925] 39 root - INFO - [Attacker] Label flip: 1 samples class 1 \u2192 class 0
[2026-06-20 08:32:09,933] 39 root - INFO - [Attacker] Label flip: 0 samples class 1 \u2192 class 0
[2026-06-20 08:32:09,940] 39 root - INFO - [Attacker] Label flip: 0 samples class 1 \u2192 class 0
[2026-06-20 08:32:09,948] 39 root - INFO - [Attacker] Label flip: 0 samples class 1 \u2192 class 0
[2026-06-20 08:32:09,956] 39 root - INFO - [Attacker] Label flip: 0 samples class 1 \u2192 class 0
[2026-06-20 08:32:09,964] 39 root - INFO - [Attacker] Label flip: 0 samples class 1 \u2192 class 0
[2026-06-20 08:32:09,972] 39 root - INFO - [Attacker] Label flip: 0 samples class 1 \u2192 class 0
[2026-06-20 08:32:09,980] 39 root - INFO - [Attacker] Label flip: 0 samples class 1 \u2192 class 0
[2026-06-20 08:32:09,988] 39 root - INFO - [Attacker] Label flip: 0 samples class 1 \u2192 class 0
[2026-06-20 08:32:09,996] 39 root - INFO - [Attacker] Label flip: 0 samples class 1 \u2192 class 0
[2026-06-20 08:32:10,003] 39 root - INFO - [Attacker] Label flip: 0 samples class 1 \u2192 class 0
[2026-06-20 08:32:10,012] 39 root - INFO - [Attacker] Label flip: 0 samples class 1 \u2192 class 0
[2026-06-20 08:32:10,021] 39 root - INFO - [Attacker] Label flip: 0 samples class 1 \u2192 class 0
[2026-06-20 08:32:10,031] 39 root - INFO - [Attacker] Label flip: 0 samples class 1 \u2192 class 0
[2026-06-20 08:32:10,039] 39 root - INFO - [Attacker] Label flip: 0 samples class 1 \u2192 class 0
[2026-06-20 08:32:10,047] 39 root - INFO - [Attacker] Label flip: 0 samples class 1 \u2192 class 0
[2026-06-20 08:32:10,055] 39 root - INFO - [Attacker] Label flip: 0 samples class 1 \u2192 class 0
[2026-06-20 08:32:10,063] 39 root - INFO - [Attacker] Label flip: 0 samples class 1 \u2192 class 0
[2026-06-20 08:32:10,072] 39 root - INFO - [Attacker] Label flip: 0 samples class 1 \u2192 class 0
[2026-06-20 08:32:10,080] 39 root - INFO - [Attacker] Label flip: 0 samples class 1 \u2192 class 0
[2026-06-20 08:32:10,088] 39 root - INFO - [Attacker] Label flip: 0 samples class 1 \u2192 class 0
[2026-06-20 08:32:10,096] 39 root - INFO - [Attacker] Label flip: 0 samples class 1 \u2192 class 0
[2026-06-20 08:32:10,104] 39 root - INFO - [Attacker] Label flip: 0 samples class 1 \u2192 class 0
[2026-06-20 08:32:10,113] 39 root - INFO - [Attacker] Label flip: 0 samples class 1 \u2192 class 0
[2026-06-20 08:32:10,121] 39 root - INFO - [Attacker] Label flip: 0 samples class 1 \u2192 class 0
[2026-06-20 08:32:10,131] 39 root - INFO - [Attacker] Label flip: 0 samples class 1 \u2192 class 0
[2026-06-20 08:32:10,139] 39 root - INFO - [Attacker] Label flip: 0 samples class 1 \u2192 class 0
[2026-06-20 08:32:10,147] 39 root - INFO - [Attacker] Label flip: 0 samples class 1 \u2192 class 0
[2026-06-20 08:32:10,155] 39 root - INFO - [Attacker] Label flip: 0 samples class 1 \u2192 class 0
[2026-06-20 08:32:10,163] 39 root - INFO - [Attacker] Label flip: 0 samples class 1 \u2192 class 0
[2026-06-20 08:32:10,171] 39 root - INFO - [Attacker] Label flip: 0 samples class 1 \u2192 class 0
[2026-06-20 08:32:10,179] 39 root - INFO - [Attacker] Label flip: 0 samples class 1 \u2192 class 0
[2026-06-20 08:32:10,186] 39 root - INFO - [Attacker] Label flip: 0 samples class 1 \u2192 class 0
[2026-06-20 08:32:10,194] 39 root - INFO - [Attacker] Label flip: 0 samples class 1 \u2192 class 0
[2026-06-20 08:32:10,202] 39 root - INFO - [Attacker] Label flip: 0 samples class 1 \u2192 class 0
[2026-06-20 08:32:10,210] 39 root - INFO - [Attacker] Label flip: 0 samples class 1 \u2192 class 0
[2026-06-20 08:32:10,219] 39 root - INFO - [Attacker] Label flip: 0 samples class 1 \u2192 class 0
[2026-06-20 08:32:10,227] 39 root - INFO - [Attacker] Label flip: 0 samples class 1 \u2192 class 0
[2026-06-20 08:32:10,234] 39 root - INFO - [Attacker] Label flip: 0 samples class 1 \u2192 class 0
[2026-06-20 08:32:10,242] 39 root - INFO - [Attacker] Label flip: 0 samples class 1 \u2192 class 0
[2026-06-20 08:32:10,251] 39 root - INFO - [Attacker] Label flip: 0 samples class 1 \u2192 class 0
[2026-06-20 08:32:10,259] 39 root - INFO - [Attacker] Label flip: 0 samples class 1 \u2192 class 0
[2026-06-20 08:32:10,268] 39 root - INFO - [Attacker] Label flip: 0 samples class 1 \u2192 class 0
[2026-06-20 08:32:10,271] 268 flwr - WARNING - DEPRECATED FEATURE: `client_fn` now expects a signature `def client_fn(context: Context)`.The provided `client_fn` has signature: {'cid': <Parameter "cid: str">}. You can import the `Context` like this: `from flwr.common import Context`

            This is a deprecated feature. It will be removed
            entirely in future versions of Flower.
        
[2026-06-20 08:32:10,276] 39 root - INFO - [Attacker] Label flip: 0 samples class 1 \u2192 class 0
[2026-06-20 08:32:10,284] 39 root - INFO - [Attacker] Label flip: 0 samples class 1 \u2192 class 0
[2026-06-20 08:32:10,292] 39 root - INFO - [Attacker] Label flip: 0 samples class 1 \u2192 class 0
[2026-06-20 08:32:10,300] 39 root - INFO - [Attacker] Label flip: 0 samples class 1 \u2192 class 0
[2026-06-20 08:32:10,308] 39 root - INFO - [Attacker] Label flip: 0 samples class 1 \u2192 class 0
[2026-06-20 08:32:10,316] 39 root - INFO - [Attacker] Label flip: 0 samples class 1 \u2192 class 0
[2026-06-20 08:32:10,325] 39 root - INFO - [Attacker] Label flip: 0 samples class 1 \u2192 class 0
[2026-06-20 08:32:10,332] 39 root - INFO - [Attacker] Label flip: 0 samples class 1 \u2192 class 0
[2026-06-20 08:32:10,342] 39 root - INFO - [Attacker] Label flip: 0 samples class 1 \u2192 class 0
[2026-06-20 08:32:10,354] 39 root - INFO - [Attacker] Label flip: 0 samples class 1 \u2192 class 0
[2026-06-20 08:32:10,367] 39 root - INFO - [Attacker] Label flip: 0 samples class 1 \u2192 class 0
[2026-06-20 08:32:10,376] 39 root - INFO - [Attacker] Label flip: 0 samples class 1 \u2192 class 0
[2026-06-20 08:32:10,386] 39 root - INFO - [Attacker] Label flip: 0 samples class 1 \u2192 class 0
[2026-06-20 08:32:10,397] 39 root - INFO - [Attacker] Label flip: 0 samples class 1 \u2192 class 0
[2026-06-20 08:32:10,406] 39 root - INFO - [Attacker] Label flip: 0 samples class 1 \u2192 class 0
[2026-06-20 08:32:10,415] 39 root - INFO - [Attacker] Label flip: 0 samples class 1 \u2192 class 0
[2026-06-20 08:32:10,427] 39 root - INFO - [Attacker] Label flip: 0 samples class 1 \u2192 class 0
[2026-06-20 08:32:10,439] 39 root - INFO - [Attacker] Label flip: 0 samples class 1 \u2192 class 0
[2026-06-20 08:32:10,450] 39 root - INFO - [Attacker] Label flip: 0 samples class 1 \u2192 class 0
[2026-06-20 08:32:10,460] 39 root - INFO - [Attacker] Label flip: 1 samples class 1 \u2192 class 0
[2026-06-20 08:32:10,469] 39 root - INFO - [Attacker] Label flip: 0 samples class 1 \u2192 class 0
[2026-06-20 08:32:10,477] 39 root - INFO - [Attacker] Label flip: 0 samples class 1 \u2192 class 0
[2026-06-20 08:32:10,485] 39 root - INFO - [Attacker] Label flip: 0 samples class 1 \u2192 class 0
[2026-06-20 08:32:10,492] 39 root - INFO - [Attacker] Label flip: 0 samples class 1 \u2192 class 0
[2026-06-20 08:32:10,500] 39 root - INFO - [Attacker] Label flip: 0 samples class 1 \u2192 class 0
[2026-06-20 08:32:10,508] 39 root - INFO - [Attacker] Label flip: 0 samples class 1 \u2192 class 0
[2026-06-20 08:32:10,516] 39 root - INFO - [Attacker] Label flip: 0 samples class 1 \u2192 class 0
[2026-06-20 08:32:10,523] 39 root - INFO - [Attacker] Label flip: 0 samples class 1 \u2192 class 0
[2026-06-20 08:32:10,531] 39 root - INFO - [Attacker] Label flip: 0 samples class 1 \u2192 class 0
[2026-06-20 08:32:10,539] 39 root - INFO - [Attacker] Label flip: 0 samples class 1 \u2192 class 0
[2026-06-20 08:32:10,547] 39 root - INFO - [Attacker] Label flip: 0 samples class 1 \u2192 class 0
[2026-06-20 08:32:10,555] 39 root - INFO - [Attacker] Label flip: 0 samples class 1 \u2192 class 0
[2026-06-20 08:32:10,563] 39 root - INFO - [Attacker] Label flip: 0 samples class 1 \u2192 class 0
[2026-06-20 08:32:10,571] 39 root - INFO - [Attacker] Label flip: 0 samples class 1 \u2192 class 0
[2026-06-20 08:32:10,579] 39 root - INFO - [Attacker] Label flip: 0 samples class 1 \u2192 class 0
[2026-06-20 08:32:10,586] 39 root - INFO - [Attacker] Label flip: 0 samples class 1 \u2192 class 0
[2026-06-20 08:32:10,594] 39 root - INFO - [Attacker] Label flip: 0 samples class 1 \u2192 class 0
[2026-06-20 08:32:10,602] 39 root - INFO - [Attacker] Label flip: 0 samples class 1 \u2192 class 0
[2026-06-20 08:32:10,610] 39 root - INFO - [Attacker] Label flip: 0 samples class 1 \u2192 class 0
[2026-06-20 08:32:10,617] 39 root - INFO - [Attacker] Label flip: 0 samples class 1 \u2192 class 0
[2026-06-20 08:32:10,626] 39 root - INFO - [Attacker] Label flip: 0 samples class 1 \u2192 class 0
[2026-06-20 08:32:10,633] 39 root - INFO - [Attacker] Label flip: 0 samples class 1 \u2192 class 0
[2026-06-20 08:32:10,641] 39 root - INFO - [Attacker] Label flip: 0 samples class 1 \u2192 class 0
[2026-06-20 08:32:10,649] 39 root - INFO - [Attacker] Label flip: 0 samples class 1 \u2192 class 0
[2026-06-20 08:32:10,656] 39 root - INFO - [Attacker] Label flip: 0 samples class 1 \u2192 class 0
[2026-06-20 08:32:10,664] 39 root - INFO - [Attacker] Label flip: 0 samples class 1 \u2192 class 0
[2026-06-20 08:32:10,672] 39 root - INFO - [Attacker] Label flip: 0 samples class 1 \u2192 class 0
[2026-06-20 08:32:10,680] 39 root - INFO - [Attacker] Label flip: 0 samples class 1 \u2192 class 0
[2026-06-20 08:32:10,688] 39 root - INFO - [Attacker] Label flip: 0 samples class 1 \u2192 class 0
[2026-06-20 08:32:10,695] 39 root - INFO - [Attacker] Label flip: 0 samples class 1 \u2192 class 0
[2026-06-20 08:32:10,703] 39 root - INFO - [Attacker] Label flip: 0 samples class 1 \u2192 class 0
[2026-06-20 08:32:10,711] 39 root - INFO - [Attacker] Label flip: 0 samples class 1 \u2192 class 0
[2026-06-20 08:32:10,718] 39 root - INFO - [Attacker] Label flip: 0 samples class 1 \u2192 class 0
[2026-06-20 08:32:10,727] 39 root - INFO - [Attacker] Label flip: 0 samples class 1 \u2192 class 0
[2026-06-20 08:32:10,734] 39 root - INFO - [Attacker] Label flip: 0 samples class 1 \u2192 class 0
[2026-06-20 08:32:10,742] 39 root - INFO - [Attacker] Label flip: 0 samples class 1 \u2192 class 0
[2026-06-20 08:32:10,750] 39 root - INFO - [Attacker] Label flip: 0 samples class 1 \u2192 class 0
[2026-06-20 08:32:10,760] 39 root - INFO - [Attacker] Label flip: 1 samples class 1 \u2192 class 0
[2026-06-20 08:32:10,768] 39 root - INFO - [Attacker] Label flip: 0 samples class 1 \u2192 class 0
[2026-06-20 08:32:10,776] 39 root - INFO - [Attacker] Label flip: 0 samples class 1 \u2192 class 0
[2026-06-20 08:32:10,784] 39 root - INFO - [Attacker] Label flip: 0 samples class 1 \u2192 class 0
[2026-06-20 08:32:10,791] 39 root - INFO - [Attacker] Label flip: 0 samples class 1 \u2192 class 0
[2026-06-20 08:32:10,799] 39 root - INFO - [Attacker] Label flip: 0 samples class 1 \u2192 class 0
[2026-06-20 08:32:10,807] 39 root - INFO - [Attacker] Label flip: 0 samples class 1 \u2192 class 0
[2026-06-20 08:32:10,814] 39 root - INFO - [Attacker] Label flip: 0 samples class 1 \u2192 class 0
[2026-06-20 08:32:10,822] 39 root - INFO - [Attacker] Label flip: 0 samples class 1 \u2192 class 0
[2026-06-20 08:32:10,830] 39 root - INFO - [Attacker] Label flip: 0 samples class 1 \u2192 class 0
[2026-06-20 08:32:10,838] 39 root - INFO - [Attacker] Label flip: 0 samples class 1 \u2192 class 0
[2026-06-20 08:32:10,846] 39 root - INFO - [Attacker] Label flip: 0 samples class 1 \u2192 class 0
[2026-06-20 08:32:10,853] 39 root - INFO - [Attacker] Label flip: 0 samples class 1 \u2192 class 0
[2026-06-20 08:32:10,863] 39 root - INFO - [Attacker] Label flip: 0 samples class 1 \u2192 class 0
[2026-06-20 08:32:10,875] 39 root - INFO - [Attacker] Label flip: 0 samples class 1 \u2192 class 0
[2026-06-20 08:32:10,885] 39 root - INFO - [Attacker] Label flip: 0 samples class 1 \u2192 class 0
[2026-06-20 08:32:10,894] 39 root - INFO - [Attacker] Label flip: 0 samples class 1 \u2192 class 0
[2026-06-20 08:32:10,903] 39 root - INFO - [Attacker] Label flip: 0 samples class 1 \u2192 class 0
[2026-06-20 08:32:10,913] 39 root - INFO - [Attacker] Label flip: 0 samples class 1 \u2192 class 0
[2026-06-20 08:32:10,922] 39 root - INFO - [Attacker] Label flip: 0 samples class 1 \u2192 class 0
[2026-06-20 08:32:10,932] 39 root - INFO - [Attacker] Label flip: 0 samples class 1 \u2192 class 0
[2026-06-20 08:32:10,943] 39 root - INFO - [Attacker] Label flip: 0 samples class 1 \u2192 class 0
[2026-06-20 08:32:10,952] 39 root - INFO - [Attacker] Label flip: 0 samples class 1 \u2192 class 0
[2026-06-20 08:32:10,962] 39 root - INFO - [Attacker] Label flip: 0 samples class 1 \u2192 class 0
[2026-06-20 08:32:10,972] 39 root - INFO - [Attacker] Label flip: 0 samples class 1 \u2192 class 0
[2026-06-20 08:32:10,981] 39 root - INFO - [Attacker] Label flip: 0 samples class 1 \u2192 class 0
[2026-06-20 08:32:10,992] 39 root - INFO - [Attacker] Label flip: 0 samples class 1 \u2192 class 0
[2026-06-20 08:32:11,001] 39 root - INFO - [Attacker] Label flip: 0 samples class 1 \u2192 class 0
[2026-06-20 08:32:11,012] 39 root - INFO - [Attacker] Label flip: 0 samples class 1 \u2192 class 0
[2026-06-20 08:32:11,022] 39 root - INFO - [Attacker] Label flip: 0 samples class 1 \u2192 class 0
[2026-06-20 08:32:11,031] 39 root - INFO - [Attacker] Label flip: 0 samples class 1 \u2192 class 0
[2026-06-20 08:32:11,040] 39 root - INFO - [Attacker] Label flip: 0 samples class 1 \u2192 class 0
[2026-06-20 08:32:11,051] 39 root - INFO - [Attacker] Label flip: 0 samples class 1 \u2192 class 0
[2026-06-20 08:32:11,059] 39 root - INFO - [Attacker] Label flip: 0 samples class 1 \u2192 class 0
[2026-06-20 08:32:11,070] 39 root - INFO - [Attacker] Label flip: 0 samples class 1 \u2192 class 0
[2026-06-20 08:32:11,080] 39 root - INFO - [Attacker] Label flip: 0 samples class 1 \u2192 class 0
[2026-06-20 08:32:11,088] 39 root - INFO - [Attacker] Label flip: 0 samples class 1 \u2192 class 0
[2026-06-20 08:32:11,098] 39 root - INFO - [Attacker] Label flip: 0 samples class 1 \u2192 class 0
[2026-06-20 08:32:11,109] 39 root - INFO - [Attacker] Label flip: 0 samples class 1 \u2192 class 0
[2026-06-20 08:32:11,119] 39 root - INFO - [Attacker] Label flip: 0 samples class 1 \u2192 class 0
[2026-06-20 08:32:11,129] 39 root - INFO - [Attacker] Label flip: 0 samples class 1 \u2192 class 0
[2026-06-20 08:32:11,137] 39 root - INFO - [Attacker] Label flip: 1 samples class 1 \u2192 class 0
[2026-06-20 08:32:11,148] 39 root - INFO - [Attacker] Label flip: 0 samples class 1 \u2192 class 0
[2026-06-20 08:32:11,157] 39 root - INFO - [Attacker] Label flip: 0 samples class 1 \u2192 class 0
[2026-06-20 08:32:11,171] 39 root - INFO - [Attacker] Label flip: 0 samples class 1 \u2192 class 0
[2026-06-20 08:32:11,181] 39 root - INFO - [Attacker] Label flip: 0 samples class 1 \u2192 class 0
[2026-06-20 08:32:11,193] 39 root - INFO - [Attacker] Label flip: 0 samples class 1 \u2192 class 0
[2026-06-20 08:32:11,214] 39 root - INFO - [Attacker] Label flip: 0 samples class 1 \u2192 class 0
[2026-06-20 08:32:11,223] 39 root - INFO - [Attacker] Label flip: 0 samples class 1 \u2192 class 0
[2026-06-20 08:32:11,232] 39 root - INFO - [Attacker] Label flip: 0 samples class 1 \u2192 class 0
[2026-06-20 08:32:11,277] 268 flwr - WARNING - DEPRECATED FEATURE: `client_fn` now expects a signature `def client_fn(context: Context)`.The provided `client_fn` has signature: {'cid': <Parameter "cid: str">}. You can import the `Context` like this: `from flwr.common import Context`

            This is a deprecated feature. It will be removed
            entirely in future versions of Flower.
        
[2026-06-20 08:32:11,462] 39 root - INFO - [Attacker] Label flip: 0 samples class 1 \u2192 class 0
[2026-06-20 08:32:11,471] 39 root - INFO - [Attacker] Label flip: 0 samples class 1 \u2192 class 0
[2026-06-20 08:32:11,479] 39 root - INFO - [Attacker] Label flip: 0 samples class 1 \u2192 class 0
[2026-06-20 08:32:11,487] 39 root - INFO - [Attacker] Label flip: 0 samples class 1 \u2192 class 0
[2026-06-20 08:32:11,495] 39 root - INFO - [Attacker] Label flip: 0 samples class 1 \u2192 class 0
[2026-06-20 08:32:11,503] 39 root - INFO - [Attacker] Label flip: 0 samples class 1 \u2192 class 0
[2026-06-20 08:32:11,511] 39 root - INFO - [Attacker] Label flip: 0 samples class 1 \u2192 class 0
[2026-06-20 08:32:11,519] 39 root - INFO - [Attacker] Label flip: 0 samples class 1 \u2192 class 0
[2026-06-20 08:32:11,527] 39 root - INFO - [Attacker] Label flip: 0 samples class 1 \u2192 class 0
[2026-06-20 08:32:11,535] 39 root - INFO - [Attacker] Label flip: 0 samples class 1 \u2192 class 0
[2026-06-20 08:32:11,542] 39 root - INFO - [Attacker] Label flip: 0 samples class 1 \u2192 class 0
[2026-06-20 08:32:11,550] 39 root - INFO - [Attacker] Label flip: 0 samples class 1 \u2192 class 0
[2026-06-20 08:32:11,558] 39 root - INFO - [Attacker] Label flip: 0 samples class 1 \u2192 class 0
[2026-06-20 08:32:11,566] 39 root - INFO - [Attacker] Label flip: 0 samples class 1 \u2192 class 0
[2026-06-20 08:32:11,574] 39 root - INFO - [Attacker] Label flip: 0 samples class 1 \u2192 class 0
[2026-06-20 08:32:11,582] 39 root - INFO - [Attacker] Label flip: 0 samples class 1 \u2192 class 0
[2026-06-20 08:32:11,590] 39 root - INFO - [Attacker] Label flip: 0 samples class 1 \u2192 class 0
[2026-06-20 08:32:11,598] 39 root - INFO - [Attacker] Label flip: 0 samples class 1 \u2192 class 0
[2026-06-20 08:32:11,606] 39 root - INFO - [Attacker] Label flip: 0 samples class 1 \u2192 class 0
[2026-06-20 08:32:11,613] 39 root - INFO - [Attacker] Label flip: 0 samples class 1 \u2192 class 0
[2026-06-20 08:32:11,621] 39 root - INFO - [Attacker] Label flip: 0 samples class 1 \u2192 class 0
[2026-06-20 08:32:11,629] 39 root - INFO - [Attacker] Label flip: 0 samples class 1 \u2192 class 0
[2026-06-20 08:32:11,637] 39 root - INFO - [Attacker] Label flip: 0 samples class 1 \u2192 class 0
[2026-06-20 08:32:11,645] 39 root - INFO - [Attacker] Label flip: 0 samples class 1 \u2192 class 0
[2026-06-20 08:32:11,653] 39 root - INFO - [Attacker] Label flip: 0 samples class 1 \u2192 class 0
[2026-06-20 08:32:11,661] 39 root - INFO - [Attacker] Label flip: 0 samples class 1 \u2192 class 0
[2026-06-20 08:32:11,668] 39 root - INFO - [Attacker] Label flip: 0 samples class 1 \u2192 class 0
[2026-06-20 08:32:11,676] 39 root - INFO - [Attacker] Label flip: 0 samples class 1 \u2192 class 0
[2026-06-20 08:32:11,684] 39 root - INFO - [Attacker] Label flip: 0 samples class 1 \u2192 class 0
[2026-06-20 08:32:11,692] 39 root - INFO - [Attacker] Label flip: 0 samples class 1 \u2192 class 0
[2026-06-20 08:32:11,700] 39 root - INFO - [Attacker] Label flip: 0 samples class 1 \u2192 class 0
[2026-06-20 08:32:11,708] 39 root - INFO - [Attacker] Label flip: 0 samples class 1 \u2192 class 0
[2026-06-20 08:32:11,716] 39 root - INFO - [Attacker] Label flip: 0 samples class 1 \u2192 class 0
[2026-06-20 08:32:11,724] 39 root - INFO - [Attacker] Label flip: 0 samples class 1 \u2192 class 0
[2026-06-20 08:32:11,735] 39 root - INFO - [Attacker] Label flip: 0 samples class 1 \u2192 class 0
[2026-06-20 08:32:11,743] 39 root - INFO - [Attacker] Label flip: 0 samples class 1 \u2192 class 0
[2026-06-20 08:32:11,751] 39 root - INFO - [Attacker] Label flip: 0 samples class 1 \u2192 class 0
[2026-06-20 08:32:11,759] 39 root - INFO - [Attacker] Label flip: 0 samples class 1 \u2192 class 0
[2026-06-20 08:32:11,766] 39 root - INFO - [Attacker] Label flip: 0 samples class 1 \u2192 class 0
[2026-06-20 08:32:11,775] 39 root - INFO - [Attacker] Label flip: 0 samples class 1 \u2192 class 0
[2026-06-20 08:32:11,782] 39 root - INFO - [Attacker] Label flip: 0 samples class 1 \u2192 class 0
[2026-06-20 08:32:11,791] 39 root - INFO - [Attacker] Label flip: 0 samples class 1 \u2192 class 0
[2026-06-20 08:32:11,799] 39 root - INFO - [Attacker] Label flip: 0 samples class 1 \u2192 class 0
[2026-06-20 08:32:11,807] 39 root - INFO - [Attacker] Label flip: 0 samples class 1 \u2192 class 0
[2026-06-20 08:32:11,817] 39 root - INFO - [Attacker] Label flip: 0 samples class 1 \u2192 class 0
[2026-06-20 08:32:11,829] 39 root - INFO - [Attacker] Label flip: 0 samples class 1 \u2192 class 0
[2026-06-20 08:32:11,839] 39 root - INFO - [Attacker] Label flip: 0 samples class 1 \u2192 class 0
[2026-06-20 08:32:11,848] 39 root - INFO - [Attacker] Label flip: 0 samples class 1 \u2192 class 0
[2026-06-20 08:32:11,858] 39 root - INFO - [Attacker] Label flip: 0 samples class 1 \u2192 class 0
[2026-06-20 08:32:11,868] 39 root - INFO - [Attacker] Label flip: 1 samples class 1 \u2192 class 0
[2026-06-20 08:32:11,877] 39 root - INFO - [Attacker] Label flip: 0 samples class 1 \u2192 class 0
[2026-06-20 08:32:11,888] 39 root - INFO - [Attacker] Label flip: 0 samples class 1 \u2192 class 0
[2026-06-20 08:32:11,898] 39 root - INFO - [Attacker] Label flip: 0 samples class 1 \u2192 class 0
[2026-06-20 08:32:11,908] 39 root - INFO - [Attacker] Label flip: 0 samples class 1 \u2192 class 0
[2026-06-20 08:32:11,920] 39 root - INFO - [Attacker] Label flip: 0 samples class 1 \u2192 class 0
[2026-06-20 08:32:11,931] 39 root - INFO - [Attacker] Label flip: 0 samples class 1 \u2192 class 0
[2026-06-20 08:32:11,940] 39 root - INFO - [Attacker] Label flip: 0 samples class 1 \u2192 class 0
[2026-06-20 08:32:11,951] 39 root - INFO - [Attacker] Label flip: 0 samples class 1 \u2192 class 0
[2026-06-20 08:32:11,960] 39 root - INFO - [Attacker] Label flip: 0 samples class 1 \u2192 class 0
[2026-06-20 08:32:11,970] 39 root - INFO - [Attacker] Label flip: 0 samples class 1 \u2192 class 0
[2026-06-20 08:32:11,980] 39 root - INFO - [Attacker] Label flip: 0 samples class 1 \u2192 class 0
[2026-06-20 08:32:11,991] 39 root - INFO - [Attacker] Label flip: 0 samples class 1 \u2192 class 0
[2026-06-20 08:32:12,001] 39 root - INFO - [Attacker] Label flip: 0 samples class 1 \u2192 class 0
[2026-06-20 08:32:12,010] 39 root - INFO - [Attacker] Label flip: 0 samples class 1 \u2192 class 0
[2026-06-20 08:32:12,024] 39 root - INFO - [Attacker] Label flip: 0 samples class 1 \u2192 class 0
[2026-06-20 08:32:12,122] 39 root - INFO - [Attacker] Label flip: 0 samples class 1 \u2192 class 0
[2026-06-20 08:32:12,132] 39 root - INFO - [Attacker] Label flip: 0 samples class 1 \u2192 class 0
[2026-06-20 08:32:12,141] 39 root - INFO - [Attacker] Label flip: 0 samples class 1 \u2192 class 0
[2026-06-20 08:32:12,150] 39 root - INFO - [Attacker] Label flip: 0 samples class 1 \u2192 class 0
[2026-06-20 08:32:12,159] 39 root - INFO - [Attacker] Label flip: 0 samples class 1 \u2192 class 0
[2026-06-20 08:32:12,168] 39 root - INFO - [Attacker] Label flip: 0 samples class 1 \u2192 class 0
[2026-06-20 08:32:12,177] 39 root - INFO - [Attacker] Label flip: 0 samples class 1 \u2192 class 0
[2026-06-20 08:32:12,186] 39 root - INFO - [Attacker] Label flip: 0 samples class 1 \u2192 class 0
[2026-06-20 08:32:12,195] 39 root - INFO - [Attacker] Label flip: 0 samples class 1 \u2192 class 0
[2026-06-20 08:32:12,204] 39 root - INFO - [Attacker] Label flip: 0 samples class 1 \u2192 class 0
[2026-06-20 08:32:12,214] 39 root - INFO - [Attacker] Label flip: 0 samples class 1 \u2192 class 0
[2026-06-20 08:32:12,223] 39 root - INFO - [Attacker] Label flip: 0 samples class 1 \u2192 class 0
[2026-06-20 08:32:12,233] 39 root - INFO - [Attacker] Label flip: 0 samples class 1 \u2192 class 0
[2026-06-20 08:32:12,243] 39 root - INFO - [Attacker] Label flip: 0 samples class 1 \u2192 class 0
[2026-06-20 08:32:12,252] 39 root - INFO - [Attacker] Label flip: 0 samples class 1 \u2192 class 0
[2026-06-20 08:32:12,262] 39 root - INFO - [Attacker] Label flip: 0 samples class 1 \u2192 class 0
[2026-06-20 08:32:12,270] 39 root - INFO - [Attacker] Label flip: 0 samples class 1 \u2192 class 0
[2026-06-20 08:32:12,279] 39 root - INFO - [Attacker] Label flip: 0 samples class 1 \u2192 class 0
[2026-06-20 08:32:12,287] 39 root - INFO - [Attacker] Label flip: 0 samples class 1 \u2192 class 0
[2026-06-20 08:32:12,296] 39 root - INFO - [Attacker] Label flip: 0 samples class 1 \u2192 class 0
[2026-06-20 08:32:12,304] 39 root - INFO - [Attacker] Label flip: 0 samples class 1 \u2192 class 0
[2026-06-20 08:32:12,314] 39 root - INFO - [Attacker] Label flip: 0 samples class 1 \u2192 class 0
[2026-06-20 08:32:12,322] 39 root - INFO - [Attacker] Label flip: 0 samples class 1 \u2192 class 0
[2026-06-20 08:32:12,331] 39 root - INFO - [Attacker] Label flip: 0 samples class 1 \u2192 class 0
[2026-06-20 08:32:12,340] 39 root - INFO - [Attacker] Label flip: 0 samples class 1 \u2192 class 0
[2026-06-20 08:32:12,348] 39 root - INFO - [Attacker] Label flip: 0 samples class 1 \u2192 class 0
[2026-06-20 08:32:12,358] 39 root - INFO - [Attacker] Label flip: 0 samples class 1 \u2192 class 0
[2026-06-20 08:32:12,367] 39 root - INFO - [Attacker] Label flip: 0 samples class 1 \u2192 class 0
[2026-06-20 08:32:12,377] 39 root - INFO - [Attacker] Label flip: 0 samples class 1 \u2192 class 0
[2026-06-20 08:32:12,387] 39 root - INFO - [Attacker] Label flip: 0 samples class 1 \u2192 class 0
[2026-06-20 08:32:12,396] 39 root - INFO - [Attacker] Label flip: 0 samples class 1 \u2192 class 0
[2026-06-20 08:32:12,405] 39 root - INFO - [Attacker] Label flip: 0 samples class 1 \u2192 class 0
[2026-06-20 08:32:12,412] 39 root - INFO - [Attacker] Label flip: 0 samples class 1 \u2192 class 0
[2026-06-20 08:32:12,420] 39 root - INFO - [Attacker] Label flip: 0 samples class 1 \u2192 class 0
[2026-06-20 08:32:12,429] 39 root - INFO - [Attacker] Label flip: 0 samples class 1 \u2192 class 0
[2026-06-20 08:32:12,440] 39 root - INFO - [Attacker] Label flip: 0 samples class 1 \u2192 class 0
[2026-06-20 08:32:12,451] 39 root - INFO - [Attacker] Label flip: 0 samples class 1 \u2192 class 0
[2026-06-20 08:32:12,459] 39 root - INFO - [Attacker] Label flip: 0 samples class 1 \u2192 class 0
[2026-06-20 08:32:12,469] 39 root - INFO - [Attacker] Label flip: 0 samples class 1 \u2192 class 0
[2026-06-20 08:32:12,477] 39 root - INFO - [Attacker] Label flip: 0 samples class 1 \u2192 class 0
[2026-06-20 08:32:12,486] 39 root - INFO - [Attacker] Label flip: 0 samples class 1 \u2192 class 0
[2026-06-20 08:32:12,495] 39 root - INFO - [Attacker] Label flip: 0 samples class 1 \u2192 class 0
[2026-06-20 08:32:12,503] 39 root - INFO - [Attacker] Label flip: 0 samples class 1 \u2192 class 0
[2026-06-20 08:32:12,511] 39 root - INFO - [Attacker] Label flip: 0 samples class 1 \u2192 class 0
[2026-06-20 08:32:12,521] 39 root - INFO - [Attacker] Label flip: 0 samples class 1 \u2192 class 0
[2026-06-20 08:32:12,529] 39 root - INFO - [Attacker] Label flip: 0 samples class 1 \u2192 class 0
[2026-06-20 08:32:12,538] 39 root - INFO - [Attacker] Label flip: 0 samples class 1 \u2192 class 0
[2026-06-20 08:32:12,546] 39 root - INFO - [Attacker] Label flip: 0 samples class 1 \u2192 class 0
[2026-06-20 08:32:12,554] 39 root - INFO - [Attacker] Label flip: 0 samples class 1 \u2192 class 0
[2026-06-20 08:32:12,563] 39 root - INFO - [Attacker] Label flip: 1 samples class 1 \u2192 class 0
[2026-06-20 08:32:12,571] 39 root - INFO - [Attacker] Label flip: 0 samples class 1 \u2192 class 0
[2026-06-20 08:32:12,578] 39 root - INFO - [Attacker] Label flip: 0 samples class 1 \u2192 class 0
[2026-06-20 08:32:12,587] 39 root - INFO - [Attacker] Label flip: 0 samples class 1 \u2192 class 0
[2026-06-20 08:32:12,596] 39 root - INFO - [Attacker] Label flip: 0 samples class 1 \u2192 class 0
[2026-06-20 08:32:12,604] 39 root - INFO - [Attacker] Label flip: 0 samples class 1 \u2192 class 0
[2026-06-20 08:32:12,613] 39 root - INFO - [Attacker] Label flip: 0 samples class 1 \u2192 class 0
[2026-06-20 08:32:12,621] 39 root - INFO - [Attacker] Label flip: 0 samples class 1 \u2192 class 0
[2026-06-20 08:32:12,630] 39 root - INFO - [Attacker] Label flip: 0 samples class 1 \u2192 class 0
[2026-06-20 08:32:12,637] 39 root - INFO - [Attacker] Label flip: 1 samples class 1 \u2192 class 0
[2026-06-20 08:32:12,645] 39 root - INFO - [Attacker] Label flip: 0 samples class 1 \u2192 class 0
[2026-06-20 08:32:12,653] 39 root - INFO - [Attacker] Label flip: 0 samples class 1 \u2192 class 0
[2026-06-20 08:32:12,661] 39 root - INFO - [Attacker] Label flip: 0 samples class 1 \u2192 class 0
[2026-06-20 08:32:12,668] 39 root - INFO - [Attacker] Label flip: 0 samples class 1 \u2192 class 0
[2026-06-20 08:32:12,676] 39 root - INFO - [Attacker] Label flip: 0 samples class 1 \u2192 class 0
[2026-06-20 08:32:12,683] 39 root - INFO - [Attacker] Label flip: 0 samples class 1 \u2192 class 0
[2026-06-20 08:32:12,691] 39 root - INFO - [Attacker] Label flip: 0 samples class 1 \u2192 class 0
[2026-06-20 08:32:12,699] 39 root - INFO - [Attacker] Label flip: 0 samples class 1 \u2192 class 0
[2026-06-20 08:32:12,708] 39 root - INFO - [Attacker] Label flip: 0 samples class 1 \u2192 class 0
[2026-06-20 08:32:12,715] 39 root - INFO - [Attacker] Label flip: 0 samples class 1 \u2192 class 0
[2026-06-20 08:32:12,723] 39 root - INFO - [Attacker] Label flip: 0 samples class 1 \u2192 class 0
[2026-06-20 08:32:12,731] 39 root - INFO - [Attacker] Label flip: 0 samples class 1 \u2192 class 0
[2026-06-20 08:32:12,739] 39 root - INFO - [Attacker] Label flip: 0 samples class 1 \u2192 class 0
[2026-06-20 08:32:12,747] 39 root - INFO - [Attacker] Label flip: 0 samples class 1 \u2192 class 0
[2026-06-20 08:32:12,755] 39 root - INFO - [Attacker] Label flip: 0 samples class 1 \u2192 class 0
[2026-06-20 08:32:12,762] 39 root - INFO - [Attacker] Label flip: 0 samples class 1 \u2192 class 0
[2026-06-20 08:32:12,771] 39 root - INFO - [Attacker] Label flip: 0 samples class 1 \u2192 class 0
[2026-06-20 08:32:12,778] 39 root - INFO - [Attacker] Label flip: 0 samples class 1 \u2192 class 0
[2026-06-20 08:32:12,786] 39 root - INFO - [Attacker] Label flip: 0 samples class 1 \u2192 class 0
[2026-06-20 08:32:12,794] 39 root - INFO - [Attacker] Label flip: 0 samples class 1 \u2192 class 0
[2026-06-20 08:32:12,801] 39 root - INFO - [Attacker] Label flip: 0 samples class 1 \u2192 class 0
[2026-06-20 08:32:12,809] 39 root - INFO - [Attacker] Label flip: 0 samples class 1 \u2192 class 0
[2026-06-20 08:32:12,817] 39 root - INFO - [Attacker] Label flip: 0 samples class 1 \u2192 class 0
[2026-06-20 08:32:12,824] 39 root - INFO - [Attacker] Label flip: 0 samples class 1 \u2192 class 0
[2026-06-20 08:32:12,832] 39 root - INFO - [Attacker] Label flip: 0 samples class 1 \u2192 class 0
[2026-06-20 08:32:12,839] 39 root - INFO - [Attacker] Label flip: 0 samples class 1 \u2192 class 0
[2026-06-20 08:32:12,847] 39 root - INFO - [Attacker] Label flip: 0 samples class 1 \u2192 class 0
[2026-06-20 08:32:12,854] 39 root - INFO - [Attacker] Label flip: 0 samples class 1 \u2192 class 0
[2026-06-20 08:32:12,862] 39 root - INFO - [Attacker] Label flip: 0 samples class 1 \u2192 class 0
[2026-06-20 08:32:12,870] 39 root - INFO - [Attacker] Label flip: 1 samples class 1 \u2192 class 0
[2026-06-20 08:32:12,878] 39 root - INFO - [Attacker] Label flip: 0 samples class 1 \u2192 class 0
[2026-06-20 08:32:12,887] 39 root - INFO - [Attacker] Label flip: 0 samples class 1 \u2192 class 0
[2026-06-20 08:32:12,896] 39 root - INFO - [Attacker] Label flip: 0 samples class 1 \u2192 class 0
[2026-06-20 08:32:12,904] 39 root - INFO - [Attacker] Label flip: 0 samples class 1 \u2192 class 0
[2026-06-20 08:32:12,912] 39 root - INFO - [Attacker] Label flip: 0 samples class 1 \u2192 class 0
[2026-06-20 08:32:12,919] 39 root - INFO - [Attacker] Label flip: 0 samples class 1 \u2192 class 0
[2026-06-20 08:32:12,926] 39 root - INFO - [Attacker] Label flip: 0 samples class 1 \u2192 class 0
[2026-06-20 08:32:12,934] 39 root - INFO - [Attacker] Label flip: 0 samples class 1 \u2192 class 0
[2026-06-20 08:32:12,942] 39 root - INFO - [Attacker] Label flip: 0 samples class 1 \u2192 class 0
[2026-06-20 08:32:12,949] 39 root - INFO - [Attacker] Label flip: 0 samples class 1 \u2192 class 0
[2026-06-20 08:32:12,957] 39 root - INFO - [Attacker] Label flip: 0 samples class 1 \u2192 class 0
[2026-06-20 08:32:12,964] 39 root - INFO - [Attacker] Label flip: 0 samples class 1 \u2192 class 0
[2026-06-20 08:32:12,971] 39 root - INFO - [Attacker] Label flip: 0 samples class 1 \u2192 class 0
[2026-06-20 08:32:12,979] 39 root - INFO - [Attacker] Label flip: 0 samples class 1 \u2192 class 0
[2026-06-20 08:32:12,986] 39 root - INFO - [Attacker] Label flip: 0 samples class 1 \u2192 class 0
[2026-06-20 08:32:12,994] 39 root - INFO - [Attacker] Label flip: 0 samples class 1 \u2192 class 0
[2026-06-20 08:32:13,001] 39 root - INFO - [Attacker] Label flip: 0 samples class 1 \u2192 class 0
[2026-06-20 08:32:13,009] 39 root - INFO - [Attacker] Label flip: 0 samples class 1 \u2192 class 0
[2026-06-20 08:32:13,016] 39 root - INFO - [Attacker] Label flip: 0 samples class 1 \u2192 class 0
[2026-06-20 08:32:13,025] 39 root - INFO - [Attacker] Label flip: 0 samples class 1 \u2192 class 0
[2026-06-20 08:32:13,032] 39 root - INFO - [Attacker] Label flip: 0 samples class 1 \u2192 class 0
[2026-06-20 08:32:13,040] 39 root - INFO - [Attacker] Label flip: 0 samples class 1 \u2192 class 0
[2026-06-20 08:32:13,048] 39 root - INFO - [Attacker] Label flip: 0 samples class 1 \u2192 class 0
[2026-06-20 08:32:13,056] 39 root - INFO - [Attacker] Label flip: 0 samples class 1 \u2192 class 0
[2026-06-20 08:32:13,063] 39 root - INFO - [Attacker] Label flip: 0 samples class 1 \u2192 class 0
[2026-06-20 08:32:13,071] 39 root - INFO - [Attacker] Label flip: 0 samples class 1 \u2192 class 0
[2026-06-20 08:32:13,078] 39 root - INFO - [Attacker] Label flip: 0 samples class 1 \u2192 class 0
[2026-06-20 08:32:13,086] 39 root - INFO - [Attacker] Label flip: 0 samples class 1 \u2192 class 0
[2026-06-20 08:32:13,094] 39 root - INFO - [Attacker] Label flip: 0 samples class 1 \u2192 class 0
[2026-06-20 08:32:13,102] 39 root - INFO - [Attacker] Label flip: 0 samples class 1 \u2192 class 0
[2026-06-20 08:32:13,109] 39 root - INFO - [Attacker] Label flip: 0 samples class 1 \u2192 class 0
[2026-06-20 08:32:13,117] 39 root - INFO - [Attacker] Label flip: 0 samples class 1 \u2192 class 0
[2026-06-20 08:32:13,125] 39 root - INFO - [Attacker] Label flip: 0 samples class 1 \u2192 class 0
[2026-06-20 08:32:13,132] 39 root - INFO - [Attacker] Label flip: 0 samples class 1 \u2192 class 0
[2026-06-20 08:32:13,140] 39 root - INFO - [Attacker] Label flip: 0 samples class 1 \u2192 class 0
[2026-06-20 08:32:13,148] 39 root - INFO - [Attacker] Label flip: 0 samples class 1 \u2192 class 0
[2026-06-20 08:32:13,156] 39 root - INFO - [Attacker] Label flip: 0 samples class 1 \u2192 class 0
[2026-06-20 08:32:13,163] 39 root - INFO - [Attacker] Label flip: 0 samples class 1 \u2192 class 0
[2026-06-20 08:32:13,171] 39 root - INFO - [Attacker] Label flip: 0 samples class 1 \u2192 class 0
[2026-06-20 08:32:13,179] 39 root - INFO - [Attacker] Label flip: 0 samples class 1 \u2192 class 0
[2026-06-20 08:32:13,186] 39 root - INFO - [Attacker] Label flip: 0 samples class 1 \u2192 class 0
[2026-06-20 08:32:13,194] 39 root - INFO - [Attacker] Label flip: 0 samples class 1 \u2192 class 0
[2026-06-20 08:32:13,201] 39 root - INFO - [Attacker] Label flip: 0 samples class 1 \u2192 class 0
[2026-06-20 08:32:13,208] 39 root - INFO - [Attacker] Label flip: 0 samples class 1 \u2192 class 0
[2026-06-20 08:32:13,216] 39 root - INFO - [Attacker] Label flip: 0 samples class 1 \u2192 class 0
[2026-06-20 08:32:13,224] 39 root - INFO - [Attacker] Label flip: 0 samples class 1 \u2192 class 0
[2026-06-20 08:32:13,232] 39 root - INFO - [Attacker] Label flip: 0 samples class 1 \u2192 class 0
[2026-06-20 08:32:13,244] 39 root - INFO - [Attacker] Label flip: 0 samples class 1 \u2192 class 0
[2026-06-20 08:32:13,251] 39 root - INFO - [Attacker] Label flip: 0 samples class 1 \u2192 class 0
[2026-06-20 08:32:13,260] 39 root - INFO - [Attacker] Label flip: 0 samples class 1 \u2192 class 0
[2026-06-20 08:32:13,268] 39 root - INFO - [Attacker] Label flip: 0 samples class 1 \u2192 class 0
[2026-06-20 08:32:13,276] 39 root - INFO - [Attacker] Label flip: 0 samples class 1 \u2192 class 0
[2026-06-20 08:32:13,284] 39 root - INFO - [Attacker] Label flip: 0 samples class 1 \u2192 class 0
[2026-06-20 08:32:13,292] 39 root - INFO - [Attacker] Label flip: 0 samples class 1 \u2192 class 0
[2026-06-20 08:32:13,300] 39 root - INFO - [Attacker] Label flip: 0 samples class 1 \u2192 class 0
[2026-06-20 08:32:13,311] 39 root - INFO - [Attacker] Label flip: 0 samples class 1 \u2192 class 0
[2026-06-20 08:32:13,320] 39 root - INFO - [Attacker] Label flip: 0 samples class 1 \u2192 class 0
[2026-06-20 08:32:13,329] 39 root - INFO - [Attacker] Label flip: 0 samples class 1 \u2192 class 0
[2026-06-20 08:32:13,339] 39 root - INFO - [Attacker] Label flip: 0 samples class 1 \u2192 class 0
[2026-06-20 08:32:13,347] 39 root - INFO - [Attacker] Label flip: 0 samples class 1 \u2192 class 0
[2026-06-20 08:32:13,356] 39 root - INFO - [Attacker] Label flip: 0 samples class 1 \u2192 class 0
[2026-06-20 08:32:13,364] 39 root - INFO - [Attacker] Label flip: 0 samples class 1 \u2192 class 0
[2026-06-20 08:32:13,373] 39 root - INFO - [Attacker] Label flip: 0 samples class 1 \u2192 class 0
[2026-06-20 08:32:13,381] 39 root - INFO - [Attacker] Label flip: 0 samples class 1 \u2192 class 0
[2026-06-20 08:32:13,390] 39 root - INFO - [Attacker] Label flip: 1 samples class 1 \u2192 class 0
[2026-06-20 08:32:13,401] 39 root - INFO - [Attacker] Label flip: 0 samples class 1 \u2192 class 0
[2026-06-20 08:32:13,413] 39 root - INFO - [Attacker] Label flip: 0 samples class 1 \u2192 class 0
[2026-06-20 08:32:13,422] 39 root - INFO - [Attacker] Label flip: 0 samples class 1 \u2192 class 0
[2026-06-20 08:32:13,431] 39 root - INFO - [Attacker] Label flip: 0 samples class 1 \u2192 class 0
[2026-06-20 08:32:13,440] 39 root - INFO - [Attacker] Label flip: 0 samples class 1 \u2192 class 0
[2026-06-20 08:32:13,451] 39 root - INFO - [Attacker] Label flip: 0 samples class 1 \u2192 class 0
[2026-06-20 08:32:13,463] 39 root - INFO - [Attacker] Label flip: 0 samples class 1 \u2192 class 0
[2026-06-20 08:32:13,475] 39 root - INFO - [Attacker] Label flip: 0 samples class 1 \u2192 class 0
[2026-06-20 08:32:13,484] 39 root - INFO - [Attacker] Label flip: 0 samples class 1 \u2192 class 0
[2026-06-20 08:32:13,493] 39 root - INFO - [Attacker] Label flip: 0 samples class 1 \u2192 class 0
[2026-06-20 08:32:13,502] 39 root - INFO - [Attacker] Label flip: 0 samples class 1 \u2192 class 0
[2026-06-20 08:32:13,513] 39 root - INFO - [Attacker] Label flip: 0 samples class 1 \u2192 class 0
[2026-06-20 08:32:13,528] 39 root - INFO - [Attacker] Label flip: 0 samples class 1 \u2192 class 0
[2026-06-20 08:32:13,536] 39 root - INFO - [Attacker] Label flip: 0 samples class 1 \u2192 class 0
[2026-06-20 08:32:13,545] 39 root - INFO - [Attacker] Label flip: 0 samples class 1 \u2192 class 0
[2026-06-20 08:32:13,553] 39 root - INFO - [Attacker] Label flip: 0 samples class 1 \u2192 class 0
[2026-06-20 08:32:13,561] 39 root - INFO - [Attacker] Label flip: 0 samples class 1 \u2192 class 0
[2026-06-20 08:32:13,569] 39 root - INFO - [Attacker] Label flip: 0 samples class 1 \u2192 class 0
[2026-06-20 08:32:13,578] 39 root - INFO - [Attacker] Label flip: 0 samples class 1 \u2192 class 0
[2026-06-20 08:32:13,585] 39 root - INFO - [Attacker] Label flip: 1 samples class 1 \u2192 class 0
[2026-06-20 08:32:13,595] 39 root - INFO - [Attacker] Label flip: 0 samples class 1 \u2192 class 0
[2026-06-20 08:32:13,604] 39 root - INFO - [Attacker] Label flip: 0 samples class 1 \u2192 class 0
[2026-06-20 08:32:13,614] 39 root - INFO - [Attacker] Label flip: 0 samples class 1 \u2192 class 0
[2026-06-20 08:32:13,624] 39 root - INFO - [Attacker] Label flip: 0 samples class 1 \u2192 class 0
[2026-06-20 08:32:13,634] 39 root - INFO - [Attacker] Label flip: 0 samples class 1 \u2192 class 0
[2026-06-20 08:32:13,643] 39 root - INFO - [Attacker] Label flip: 0 samples class 1 \u2192 class 0
[2026-06-20 08:32:13,652] 39 root - INFO - [Attacker] Label flip: 0 samples class 1 \u2192 class 0
[2026-06-20 08:32:13,662] 39 root - INFO - [Attacker] Label flip: 0 samples class 1 \u2192 class 0
[2026-06-20 08:32:13,673] 39 root - INFO - [Attacker] Label flip: 0 samples class 1 \u2192 class 0
[2026-06-20 08:32:13,683] 39 root - INFO - [Attacker] Label flip: 0 samples class 1 \u2192 class 0
[2026-06-20 08:32:13,693] 39 root - INFO - [Attacker] Label flip: 0 samples class 1 \u2192 class 0
[2026-06-20 08:32:13,701] 39 root - INFO - [Attacker] Label flip: 0 samples class 1 \u2192 class 0
[2026-06-20 08:32:13,710] 39 root - INFO - [Attacker] Label flip: 0 samples class 1 \u2192 class 0
[2026-06-20 08:32:13,719] 39 root - INFO - [Attacker] Label flip: 0 samples class 1 \u2192 class 0
[2026-06-20 08:32:13,727] 39 root - INFO - [Attacker] Label flip: 0 samples class 1 \u2192 class 0
[2026-06-20 08:32:13,735] 39 root - INFO - [Attacker] Label flip: 0 samples class 1 \u2192 class 0
[2026-06-20 08:32:13,744] 39 root - INFO - [Attacker] Label flip: 0 samples class 1 \u2192 class 0
[2026-06-20 08:32:13,751] 39 root - INFO - [Attacker] Label flip: 0 samples class 1 \u2192 class 0
[2026-06-20 08:32:13,759] 39 root - INFO - [Attacker] Label flip: 0 samples class 1 \u2192 class 0
[2026-06-20 08:32:13,768] 39 root - INFO - [Attacker] Label flip: 0 samples class 1 \u2192 class 0
[2026-06-20 08:32:13,776] 39 root - INFO - [Attacker] Label flip: 0 samples class 1 \u2192 class 0
[2026-06-20 08:32:13,786] 39 root - INFO - [Attacker] Label flip: 0 samples class 1 \u2192 class 0
[2026-06-20 08:32:13,794] 39 root - INFO - [Attacker] Label flip: 0 samples class 1 \u2192 class 0
[2026-06-20 08:32:13,802] 39 root - INFO - [Attacker] Label flip: 0 samples class 1 \u2192 class 0
[2026-06-20 08:32:13,810] 39 root - INFO - [Attacker] Label flip: 0 samples class 1 \u2192 class 0
[2026-06-20 08:32:13,818] 39 root - INFO - [Attacker] Label flip: 0 samples class 1 \u2192 class 0
[2026-06-20 08:32:13,827] 39 root - INFO - [Attacker] Label flip: 0 samples class 1 \u2192 class 0
[2026-06-20 08:32:13,836] 39 root - INFO - [Attacker] Label flip: 0 samples class 1 \u2192 class 0
[2026-06-20 08:32:13,844] 39 root - INFO - [Attacker] Label flip: 0 samples class 1 \u2192 class 0
[2026-06-20 08:32:13,852] 39 root - INFO - [Attacker] Label flip: 0 samples class 1 \u2192 class 0
[2026-06-20 08:32:13,860] 39 root - INFO - [Attacker] Label flip: 0 samples class 1 \u2192 class 0
[2026-06-20 08:32:13,868] 39 root - INFO - [Attacker] Label flip: 1 samples class 1 \u2192 class 0
[2026-06-20 08:32:13,875] 39 root - INFO - [Attacker] Label flip: 0 samples class 1 \u2192 class 0
[2026-06-20 08:32:13,883] 39 root - INFO - [Attacker] Label flip: 0 samples class 1 \u2192 class 0
[2026-06-20 08:32:13,891] 39 root - INFO - [Attacker] Label flip: 0 samples class 1 \u2192 class 0
[2026-06-20 08:32:13,899] 39 root - INFO - [Attacker] Label flip: 0 samples class 1 \u2192 class 0
[2026-06-20 08:32:13,907] 39 root - INFO - [Attacker] Label flip: 0 samples class 1 \u2192 class 0
[2026-06-20 08:32:13,915] 39 root - INFO - [Attacker] Label flip: 0 samples class 1 \u2192 class 0
[2026-06-20 08:32:13,922] 39 root - INFO - [Attacker] Label flip: 0 samples class 1 \u2192 class 0
[2026-06-20 08:32:13,930] 39 root - INFO - [Attacker] Label flip: 0 samples class 1 \u2192 class 0
[2026-06-20 08:32:13,937] 39 root - INFO - [Attacker] Label flip: 0 samples class 1 \u2192 class 0
[2026-06-20 08:32:13,945] 39 root - INFO - [Attacker] Label flip: 0 samples class 1 \u2192 class 0
[2026-06-20 08:32:13,952] 39 root - INFO - [Attacker] Label flip: 0 samples class 1 \u2192 class 0
[2026-06-20 08:32:13,960] 39 root - INFO - [Attacker] Label flip: 0 samples class 1 \u2192 class 0
[2026-06-20 08:32:13,968] 39 root - INFO - [Attacker] Label flip: 0 samples class 1 \u2192 class 0
[2026-06-20 08:32:13,975] 39 root - INFO - [Attacker] Label flip: 0 samples class 1 \u2192 class 0
[2026-06-20 08:32:13,983] 39 root - INFO - [Attacker] Label flip: 0 samples class 1 \u2192 class 0
[2026-06-20 08:32:13,991] 39 root - INFO - [Attacker] Label flip: 0 samples class 1 \u2192 class 0
[2026-06-20 08:32:13,998] 39 root - INFO - [Attacker] Label flip: 0 samples class 1 \u2192 class 0
[2026-06-20 08:32:14,005] 39 root - INFO - [Attacker] Label flip: 0 samples class 1 \u2192 class 0
[2026-06-20 08:32:14,013] 39 root - INFO - [Attacker] Label flip: 0 samples class 1 \u2192 class 0
[2026-06-20 08:32:14,021] 39 root - INFO - [Attacker] Label flip: 0 samples class 1 \u2192 class 0
[2026-06-20 08:32:14,028] 39 root - INFO - [Attacker] Label flip: 0 samples class 1 \u2192 class 0
[2026-06-20 08:32:14,036] 39 root - INFO - [Attacker] Label flip: 0 samples class 1 \u2192 class 0
[2026-06-20 08:32:14,043] 39 root - INFO - [Attacker] Label flip: 0 samples class 1 \u2192 class 0
[2026-06-20 08:32:14,051] 39 root - INFO - [Attacker] Label flip: 0 samples class 1 \u2192 class 0
[2026-06-20 08:32:14,058] 39 root - INFO - [Attacker] Label flip: 0 samples class 1 \u2192 class 0
[2026-06-20 08:32:14,066] 39 root - INFO - [Attacker] Label flip: 0 samples class 1 \u2192 class 0
[2026-06-20 08:32:14,075] 39 root - INFO - [Attacker] Label flip: 0 samples class 1 \u2192 class 0
[2026-06-20 08:32:14,088] 39 root - INFO - [Attacker] Label flip: 0 samples class 1 \u2192 class 0
[2026-06-20 08:32:14,098] 39 root - INFO - [Attacker] Label flip: 0 samples class 1 \u2192 class 0
[2026-06-20 08:32:14,115] 39 root - INFO - [Attacker] Label flip: 1 samples class 1 \u2192 class 0
[2026-06-20 08:32:14,123] 39 root - INFO - [Attacker] Label flip: 0 samples class 1 \u2192 class 0
[2026-06-20 08:32:14,131] 39 root - INFO - [Attacker] Label flip: 0 samples class 1 \u2192 class 0
[2026-06-20 08:32:14,138] 39 root - INFO - [Attacker] Label flip: 0 samples class 1 \u2192 class 0
[2026-06-20 08:32:14,146] 39 root - INFO - [Attacker] Label flip: 0 samples class 1 \u2192 class 0
[2026-06-20 08:32:14,154] 39 root - INFO - [Attacker] Label flip: 0 samples class 1 \u2192 class 0
[2026-06-20 08:32:14,162] 39 root - INFO - [Attacker] Label flip: 0 samples class 1 \u2192 class 0
[2026-06-20 08:32:14,169] 39 root - INFO - [Attacker] Label flip: 0 samples class 1 \u2192 class 0
[2026-06-20 08:32:14,176] 39 root - INFO - [Attacker] Label flip: 0 samples class 1 \u2192 class 0
[2026-06-20 08:32:14,184] 39 root - INFO - [Attacker] Label flip: 0 samples class 1 \u2192 class 0
[2026-06-20 08:32:14,192] 39 root - INFO - [Attacker] Label flip: 0 samples class 1 \u2192 class 0
[2026-06-20 08:32:14,199] 39 root - INFO - [Attacker] Label flip: 0 samples class 1 \u2192 class 0
[2026-06-20 08:32:14,208] 39 root - INFO - [Attacker] Label flip: 0 samples class 1 \u2192 class 0
[2026-06-20 08:32:14,216] 39 root - INFO - [Attacker] Label flip: 0 samples class 1 \u2192 class 0
[2026-06-20 08:32:14,226] 39 root - INFO - [Attacker] Label flip: 0 samples class 1 \u2192 class 0
[2026-06-20 08:32:14,246] 39 root - INFO - [Attacker] Label flip: 0 samples class 1 \u2192 class 0
[2026-06-20 08:32:14,257] 39 root - INFO - [Attacker] Label flip: 0 samples class 1 \u2192 class 0
[2026-06-20 08:32:14,265] 39 root - INFO - [Attacker] Label flip: 0 samples class 1 \u2192 class 0
[2026-06-20 08:32:14,274] 39 root - INFO - [Attacker] Label flip: 0 samples class 1 \u2192 class 0
[2026-06-20 08:32:14,283] 39 root - INFO - [Attacker] Label flip: 0 samples class 1 \u2192 class 0
[2026-06-20 08:32:14,291] 39 root - INFO - [Attacker] Label flip: 0 samples class 1 \u2192 class 0
[2026-06-20 08:32:14,299] 39 root - INFO - [Attacker] Label flip: 0 samples class 1 \u2192 class 0
[2026-06-20 08:32:14,308] 39 root - INFO - [Attacker] Label flip: 0 samples class 1 \u2192 class 0
[2026-06-20 08:32:14,317] 39 root - INFO - [Attacker] Label flip: 0 samples class 1 \u2192 class 0
[2026-06-20 08:32:14,326] 39 root - INFO - [Attacker] Label flip: 0 samples class 1 \u2192 class 0
[2026-06-20 08:32:14,335] 39 root - INFO - [Attacker] Label flip: 0 samples class 1 \u2192 class 0
[2026-06-20 08:32:14,346] 39 root - INFO - [Attacker] Label flip: 0 samples class 1 \u2192 class 0
[2026-06-20 08:32:14,358] 39 root - INFO - [Attacker] Label flip: 0 samples class 1 \u2192 class 0
[2026-06-20 08:32:14,368] 39 root - INFO - [Attacker] Label flip: 0 samples class 1 \u2192 class 0
[2026-06-20 08:32:14,377] 39 root - INFO - [Attacker] Label flip: 0 samples class 1 \u2192 class 0
[2026-06-20 08:32:14,386] 39 root - INFO - [Attacker] Label flip: 0 samples class 1 \u2192 class 0
[2026-06-20 08:32:14,395] 39 root - INFO - [Attacker] Label flip: 0 samples class 1 \u2192 class 0
[2026-06-20 08:32:14,404] 39 root - INFO - [Attacker] Label flip: 0 samples class 1 \u2192 class 0
[2026-06-20 08:32:14,411] 39 root - INFO - [Attacker] Label flip: 0 samples class 1 \u2192 class 0
[2026-06-20 08:32:14,421] 39 root - INFO - [Attacker] Label flip: 0 samples class 1 \u2192 class 0
[2026-06-20 08:32:14,430] 39 root - INFO - [Attacker] Label flip: 0 samples class 1 \u2192 class 0
[2026-06-20 08:32:14,440] 39 root - INFO - [Attacker] Label flip: 0 samples class 1 \u2192 class 0
[2026-06-20 08:32:14,449] 39 root - INFO - [Attacker] Label flip: 0 samples class 1 \u2192 class 0
[2026-06-20 08:32:14,458] 39 root - INFO - [Attacker] Label flip: 0 samples class 1 \u2192 class 0
[2026-06-20 08:32:14,467] 39 root - INFO - [Attacker] Label flip: 0 samples class 1 \u2192 class 0
[2026-06-20 08:32:14,476] 39 root - INFO - [Attacker] Label flip: 0 samples class 1 \u2192 class 0
[2026-06-20 08:32:14,484] 39 root - INFO - [Attacker] Label flip: 0 samples class 1 \u2192 class 0
[2026-06-20 08:32:14,494] 39 root - INFO - [Attacker] Label flip: 0 samples class 1 \u2192 class 0
[2026-06-20 08:32:14,502] 39 root - INFO - [Attacker] Label flip: 0 samples class 1 \u2192 class 0
[2026-06-20 08:32:14,509] 39 root - INFO - [Attacker] Label flip: 0 samples class 1 \u2192 class 0
[2026-06-20 08:32:14,517] 39 root - INFO - [Attacker] Label flip: 0 samples class 1 \u2192 class 0
[2026-06-20 08:32:14,524] 39 root - INFO - [Attacker] Label flip: 0 samples class 1 \u2192 class 0
[2026-06-20 08:32:14,532] 39 root - INFO - [Attacker] Label flip: 0 samples class 1 \u2192 class 0
[2026-06-20 08:32:14,539] 39 root - INFO - [Attacker] Label flip: 0 samples class 1 \u2192 class 0
[2026-06-20 08:32:14,547] 39 root - INFO - [Attacker] Label flip: 0 samples class 1 \u2192 class 0
[2026-06-20 08:32:14,555] 39 root - INFO - [Attacker] Label flip: 0 samples class 1 \u2192 class 0
[2026-06-20 08:32:14,563] 39 root - INFO - [Attacker] Label flip: 0 samples class 1 \u2192 class 0
[2026-06-20 08:32:14,570] 39 root - INFO - [Attacker] Label flip: 0 samples class 1 \u2192 class 0
[2026-06-20 08:32:14,578] 39 root - INFO - [Attacker] Label flip: 0 samples class 1 \u2192 class 0
[2026-06-20 08:32:14,586] 39 root - INFO - [Attacker] Label flip: 0 samples class 1 \u2192 class 0
[2026-06-20 08:32:14,593] 39 root - INFO - [Attacker] Label flip: 0 samples class 1 \u2192 class 0
[2026-06-20 08:32:14,601] 39 root - INFO - [Attacker] Label flip: 0 samples class 1 \u2192 class 0
[2026-06-20 08:32:14,608] 39 root - INFO - [Attacker] Label flip: 0 samples class 1 \u2192 class 0
[2026-06-20 08:32:14,616] 39 root - INFO - [Attacker] Label flip: 0 samples class 1 \u2192 class 0
[2026-06-20 08:32:14,624] 39 root - INFO - [Attacker] Label flip: 0 samples class 1 \u2192 class 0
[2026-06-20 08:32:14,632] 39 root - INFO - [Attacker] Label flip: 0 samples class 1 \u2192 class 0
[2026-06-20 08:32:14,640] 39 root - INFO - [Attacker] Label flip: 0 samples class 1 \u2192 class 0
[2026-06-20 08:32:14,647] 39 root - INFO - [Attacker] Label flip: 0 samples class 1 \u2192 class 0
[2026-06-20 08:32:14,654] 39 root - INFO - [Attacker] Label flip: 0 samples class 1 \u2192 class 0
[2026-06-20 08:32:14,662] 39 root - INFO - [Attacker] Label flip: 0 samples class 1 \u2192 class 0
[2026-06-20 08:32:14,670] 39 root - INFO - [Attacker] Label flip: 0 samples class 1 \u2192 class 0
[2026-06-20 08:32:14,677] 39 root - INFO - [Attacker] Label flip: 0 samples class 1 \u2192 class 0
[2026-06-20 08:32:14,685] 39 root - INFO - [Attacker] Label flip: 0 samples class 1 \u2192 class 0
[2026-06-20 08:32:14,693] 39 root - INFO - [Attacker] Label flip: 0 samples class 1 \u2192 class 0
[2026-06-20 08:32:14,701] 39 root - INFO - [Attacker] Label flip: 0 samples class 1 \u2192 class 0
[2026-06-20 08:32:14,709] 39 root - INFO - [Attacker] Label flip: 0 samples class 1 \u2192 class 0
[2026-06-20 08:32:14,716] 39 root - INFO - [Attacker] Label flip: 0 samples class 1 \u2192 class 0
[2026-06-20 08:32:14,724] 39 root - INFO - [Attacker] Label flip: 0 samples class 1 \u2192 class 0
[2026-06-20 08:32:14,730] 39 root - INFO - [Attacker] Label flip: 0 samples class 1 \u2192 class 0
[2026-06-20 08:32:14,738] 39 root - INFO - [Attacker] Label flip: 0 samples class 1 \u2192 class 0
[2026-06-20 08:32:14,746] 39 root - INFO - [Attacker] Label flip: 0 samples class 1 \u2192 class 0
[2026-06-20 08:32:14,754] 39 root - INFO - [Attacker] Label flip: 0 samples class 1 \u2192 class 0
[2026-06-20 08:32:14,762] 39 root - INFO - [Attacker] Label flip: 0 samples class 1 \u2192 class 0
[2026-06-20 08:32:14,769] 39 root - INFO - [Attacker] Label flip: 1 samples class 1 \u2192 class 0
[2026-06-20 08:32:14,777] 39 root - INFO - [Attacker] Label flip: 0 samples class 1 \u2192 class 0
[2026-06-20 08:32:14,785] 39 root - INFO - [Attacker] Label flip: 0 samples class 1 \u2192 class 0
[2026-06-20 08:32:14,793] 39 root - INFO - [Attacker] Label flip: 0 samples class 1 \u2192 class 0
[2026-06-20 08:32:14,800] 39 root - INFO - [Attacker] Label flip: 0 samples class 1 \u2192 class 0
[2026-06-20 08:32:14,808] 39 root - INFO - [Attacker] Label flip: 0 samples class 1 \u2192 class 0
[2026-06-20 08:32:14,816] 39 root - INFO - [Attacker] Label flip: 0 samples class 1 \u2192 class 0
[2026-06-20 08:32:14,823] 39 root - INFO - [Attacker] Label flip: 1 samples class 1 \u2192 class 0
[2026-06-20 08:32:14,831] 39 root - INFO - [Attacker] Label flip: 0 samples class 1 \u2192 class 0
[2026-06-20 08:32:14,839] 39 root - INFO - [Attacker] Label flip: 0 samples class 1 \u2192 class 0
[2026-06-20 08:32:14,847] 39 root - INFO - [Attacker] Label flip: 0 samples class 1 \u2192 class 0
[2026-06-20 08:32:14,854] 39 root - INFO - [Attacker] Label flip: 0 samples class 1 \u2192 class 0
[2026-06-20 08:32:14,862] 39 root - INFO - [Attacker] Label flip: 0 samples class 1 \u2192 class 0
[2026-06-20 08:32:14,869] 39 root - INFO - [Attacker] Label flip: 0 samples class 1 \u2192 class 0
[2026-06-20 08:32:14,879] 39 root - INFO - [Attacker] Label flip: 0 samples class 1 \u2192 class 0
[2026-06-20 08:32:14,886] 39 root - INFO - [Attacker] Label flip: 0 samples class 1 \u2192 class 0
[2026-06-20 08:32:14,894] 39 root - INFO - [Attacker] Label flip: 0 samples class 1 \u2192 class 0
[2026-06-20 08:32:14,902] 39 root - INFO - [Attacker] Label flip: 0 samples class 1 \u2192 class 0
[2026-06-20 08:32:14,911] 39 root - INFO - [Attacker] Label flip: 0 samples class 1 \u2192 class 0
[2026-06-20 08:32:14,918] 39 root - INFO - [Attacker] Label flip: 0 samples class 1 \u2192 class 0
[2026-06-20 08:32:14,926] 39 root - INFO - [Attacker] Label flip: 0 samples class 1 \u2192 class 0
[2026-06-20 08:32:14,933] 39 root - INFO - [Attacker] Label flip: 0 samples class 1 \u2192 class 0
[2026-06-20 08:32:14,940] 39 root - INFO - [Attacker] Label flip: 0 samples class 1 \u2192 class 0
[2026-06-20 08:32:14,948] 39 root - INFO - [Attacker] Label flip: 0 samples class 1 \u2192 class 0
[2026-06-20 08:32:14,956] 39 root - INFO - [Attacker] Label flip: 0 samples class 1 \u2192 class 0
[2026-06-20 08:32:14,963] 39 root - INFO - [Attacker] Label flip: 0 samples class 1 \u2192 class 0
[2026-06-20 08:32:31,990] 268 flwr - WARNING - DEPRECATED FEATURE: `client_fn` now expects a signature `def client_fn(context: Context)`.The provided `client_fn` has signature: {'cid': <Parameter "cid: str">}. You can import the `Context` like this: `from flwr.common import Context`

            This is a deprecated feature. It will be removed
            entirely in future versions of Flower.
        
[2026-06-20 08:32:31,991] 268 flwr - WARNING - DEPRECATED FEATURE: `client_fn` now expects a signature `def client_fn(context: Context)`.The provided `client_fn` has signature: {'cid': <Parameter "cid: str">}. You can import the `Context` like this: `from flwr.common import Context`

            This is a deprecated feature. It will be removed
            entirely in future versions of Flower.
        
[2026-06-20 08:32:31,994] 268 flwr - WARNING - DEPRECATED FEATURE: `client_fn` now expects a signature `def client_fn(context: Context)`.The provided `client_fn` has signature: {'cid': <Parameter "cid: str">}. You can import the `Context` like this: `from flwr.common import Context`

            This is a deprecated feature. It will be removed
            entirely in future versions of Flower.
        
[2026-06-20 08:32:31,997] 268 flwr - WARNING - DEPRECATED FEATURE: `client_fn` now expects a signature `def client_fn(context: Context)`.The provided `client_fn` has signature: {'cid': <Parameter "cid: str">}. You can import the `Context` like this: `from flwr.common import Context`

            This is a deprecated feature. It will be removed
            entirely in future versions of Flower.
        
[2026-06-20 08:32:32,009] 268 flwr - WARNING - DEPRECATED FEATURE: `client_fn` now expects a signature `def client_fn(context: Context)`.The provided `client_fn` has signature: {'cid': <Parameter "cid: str">}. You can import the `Context` like this: `from flwr.common import Context`

            This is a deprecated feature. It will be removed
            entirely in future versions of Flower.
        
[2026-06-20 08:32:32,017] 268 flwr - WARNING - DEPRECATED FEATURE: `client_fn` now expects a signature `def client_fn(context: Context)`.The provided `client_fn` has signature: {'cid': <Parameter "cid: str">}. You can import the `Context` like this: `from flwr.common import Context`

            This is a deprecated feature. It will be removed
            entirely in future versions of Flower.
        
[2026-06-20 08:32:32,072] 268 flwr - WARNING - DEPRECATED FEATURE: `client_fn` now expects a signature `def client_fn(context: Context)`.The provided `client_fn` has signature: {'cid': <Parameter "cid: str">}. You can import the `Context` like this: `from flwr.common import Context`

            This is a deprecated feature. It will be removed
            entirely in future versions of Flower.
        
[2026-06-20 08:32:32,106] 268 flwr - WARNING - DEPRECATED FEATURE: `client_fn` now expects a signature `def client_fn(context: Context)`.The provided `client_fn` has signature: {'cid': <Parameter "cid: str">}. You can import the `Context` like this: `from flwr.common import Context`

            This is a deprecated feature. It will be removed
            entirely in future versions of Flower.
        
[2026-06-20 08:32:32,136] 268 flwr - WARNING - DEPRECATED FEATURE: `client_fn` now expects a signature `def client_fn(context: Context)`.The provided `client_fn` has signature: {'cid': <Parameter "cid: str">}. You can import the `Context` like this: `from flwr.common import Context`

            This is a deprecated feature. It will be removed
            entirely in future versions of Flower.
        
[2026-06-20 08:32:32,168] 268 flwr - WARNING - DEPRECATED FEATURE: `client_fn` now expects a signature `def client_fn(context: Context)`.The provided `client_fn` has signature: {'cid': <Parameter "cid: str">}. You can import the `Context` like this: `from flwr.common import Context`

            This is a deprecated feature. It will be removed
            entirely in future versions of Flower.
        
[2026-06-20 08:32:32,180] 268 flwr - WARNING - DEPRECATED FEATURE: `client_fn` now expects a signature `def client_fn(context: Context)`.The provided `client_fn` has signature: {'cid': <Parameter "cid: str">}. You can import the `Context` like this: `from flwr.common import Context`

            This is a deprecated feature. It will be removed
            entirely in future versions of Flower.
        
[2026-06-20 08:32:32,206] 268 flwr - WARNING - DEPRECATED FEATURE: `client_fn` now expects a signature `def client_fn(context: Context)`.The provided `client_fn` has signature: {'cid': <Parameter "cid: str">}. You can import the `Context` like this: `from flwr.common import Context`

            This is a deprecated feature. It will be removed
            entirely in future versions of Flower.
        
[2026-06-20 08:32:32,220] 268 flwr - WARNING - DEPRECATED FEATURE: `client_fn` now expects a signature `def client_fn(context: Context)`.The provided `client_fn` has signature: {'cid': <Parameter "cid: str">}. You can import the `Context` like this: `from flwr.common import Context`

            This is a deprecated feature. It will be removed
            entirely in future versions of Flower.
        
[2026-06-20 08:32:32,230] 268 flwr - WARNING - DEPRECATED FEATURE: `client_fn` now expects a signature `def client_fn(context: Context)`.The provided `client_fn` has signature: {'cid': <Parameter "cid: str">}. You can import the `Context` like this: `from flwr.common import Context`

            This is a deprecated feature. It will be removed
            entirely in future versions of Flower.
        
[2026-06-20 08:32:32,280] 268 flwr - WARNING - DEPRECATED FEATURE: `client_fn` now expects a signature `def client_fn(context: Context)`.The provided `client_fn` has signature: {'cid': <Parameter "cid: str">}. You can import the `Context` like this: `from flwr.common import Context`

            This is a deprecated feature. It will be removed
            entirely in future versions of Flower.
        
[2026-06-20 08:32:32,385] 268 flwr - WARNING - DEPRECATED FEATURE: `client_fn` now expects a signature `def client_fn(context: Context)`.The provided `client_fn` has signature: {'cid': <Parameter "cid: str">}. You can import the `Context` like this: `from flwr.common import Context`

            This is a deprecated feature. It will be removed
            entirely in future versions of Flower.
        
[2026-06-20 08:32:32,418] 268 flwr - WARNING - DEPRECATED FEATURE: `client_fn` now expects a signature `def client_fn(context: Context)`.The provided `client_fn` has signature: {'cid': <Parameter "cid: str">}. You can import the `Context` like this: `from flwr.common import Context`

            This is a deprecated feature. It will be removed
            entirely in future versions of Flower.
        
[2026-06-20 08:32:32,479] 268 flwr - WARNING - DEPRECATED FEATURE: `client_fn` now expects a signature `def client_fn(context: Context)`.The provided `client_fn` has signature: {'cid': <Parameter "cid: str">}. You can import the `Context` like this: `from flwr.common import Context`

            This is a deprecated feature. It will be removed
            entirely in future versions of Flower.
        
[2026-06-20 08:32:32,501] 268 flwr - WARNING - DEPRECATED FEATURE: `client_fn` now expects a signature `def client_fn(context: Context)`.The provided `client_fn` has signature: {'cid': <Parameter "cid: str">}. You can import the `Context` like this: `from flwr.common import Context`

            This is a deprecated feature. It will be removed
            entirely in future versions of Flower.
        
[2026-06-20 08:32:32,541] 268 flwr - WARNING - DEPRECATED FEATURE: `client_fn` now expects a signature `def client_fn(context: Context)`.The provided `client_fn` has signature: {'cid': <Parameter "cid: str">}. You can import the `Context` like this: `from flwr.common import Context`

            This is a deprecated feature. It will be removed
            entirely in future versions of Flower.
        
