[2026-06-20 08:08:32,043] 268 flwr - WARNING - DEPRECATED FEATURE: `client_fn` now expects a signature `def client_fn(context: Context)`.The provided `client_fn` has signature: {'cid': <Parameter "cid: str">}. You can import the `Context` like this: `from flwr.common import Context`

            This is a deprecated feature. It will be removed
            entirely in future versions of Flower.
        
[2026-06-20 08:08:32,109] 268 flwr - WARNING - DEPRECATED FEATURE: `client_fn` now expects a signature `def client_fn(context: Context)`.The provided `client_fn` has signature: {'cid': <Parameter "cid: str">}. You can import the `Context` like this: `from flwr.common import Context`

            This is a deprecated feature. It will be removed
            entirely in future versions of Flower.
        
[2026-06-20 08:08:32,206] 268 flwr - WARNING - DEPRECATED FEATURE: `client_fn` now expects a signature `def client_fn(context: Context)`.The provided `client_fn` has signature: {'cid': <Parameter "cid: str">}. You can import the `Context` like this: `from flwr.common import Context`

            This is a deprecated feature. It will be removed
            entirely in future versions of Flower.
        
[2026-06-20 08:08:32,390] 268 flwr - WARNING - DEPRECATED FEATURE: `client_fn` now expects a signature `def client_fn(context: Context)`.The provided `client_fn` has signature: {'cid': <Parameter "cid: str">}. You can import the `Context` like this: `from flwr.common import Context`

            This is a deprecated feature. It will be removed
            entirely in future versions of Flower.
        
[2026-06-20 08:08:32,483] 268 flwr - WARNING - DEPRECATED FEATURE: `client_fn` now expects a signature `def client_fn(context: Context)`.The provided `client_fn` has signature: {'cid': <Parameter "cid: str">}. You can import the `Context` like this: `from flwr.common import Context`

            This is a deprecated feature. It will be removed
            entirely in future versions of Flower.
        
[2026-06-20 08:08:32,484] 268 flwr - WARNING - DEPRECATED FEATURE: `client_fn` now expects a signature `def client_fn(context: Context)`.The provided `client_fn` has signature: {'cid': <Parameter "cid: str">}. You can import the `Context` like this: `from flwr.common import Context`

            This is a deprecated feature. It will be removed
            entirely in future versions of Flower.
        
[2026-06-20 08:08:36,213] 268 flwr - WARNING - DEPRECATED FEATURE: `client_fn` now expects a signature `def client_fn(context: Context)`.The provided `client_fn` has signature: {'cid': <Parameter "cid: str">}. You can import the `Context` like this: `from flwr.common import Context`

            This is a deprecated feature. It will be removed
            entirely in future versions of Flower.
        
[2026-06-20 08:08:36,292] 39 root - INFO - [Attacker] Label flip: 0 samples class 1 \u2192 class 0
[2026-06-20 08:08:36,306] 39 root - INFO - [Attacker] Label flip: 0 samples class 1 \u2192 class 0
[2026-06-20 08:08:36,315] 39 root - INFO - [Attacker] Label flip: 0 samples class 1 \u2192 class 0
[2026-06-20 08:08:36,324] 39 root - INFO - [Attacker] Label flip: 0 samples class 1 \u2192 class 0
[2026-06-20 08:08:36,333] 39 root - INFO - [Attacker] Label flip: 0 samples class 1 \u2192 class 0
[2026-06-20 08:08:36,342] 39 root - INFO - [Attacker] Label flip: 0 samples class 1 \u2192 class 0
[2026-06-20 08:08:36,350] 39 root - INFO - [Attacker] Label flip: 0 samples class 1 \u2192 class 0
[2026-06-20 08:08:36,360] 39 root - INFO - [Attacker] Label flip: 0 samples class 1 \u2192 class 0
[2026-06-20 08:08:36,371] 39 root - INFO - [Attacker] Label flip: 0 samples class 1 \u2192 class 0
[2026-06-20 08:08:36,380] 39 root - INFO - [Attacker] Label flip: 0 samples class 1 \u2192 class 0
[2026-06-20 08:08:36,390] 39 root - INFO - [Attacker] Label flip: 0 samples class 1 \u2192 class 0
[2026-06-20 08:08:36,399] 39 root - INFO - [Attacker] Label flip: 0 samples class 1 \u2192 class 0
[2026-06-20 08:08:36,409] 39 root - INFO - [Attacker] Label flip: 0 samples class 1 \u2192 class 0
[2026-06-20 08:08:36,419] 39 root - INFO - [Attacker] Label flip: 0 samples class 1 \u2192 class 0
[2026-06-20 08:08:36,427] 39 root - INFO - [Attacker] Label flip: 0 samples class 1 \u2192 class 0
[2026-06-20 08:08:36,436] 39 root - INFO - [Attacker] Label flip: 0 samples class 1 \u2192 class 0
[2026-06-20 08:08:36,443] 39 root - INFO - [Attacker] Label flip: 0 samples class 1 \u2192 class 0
[2026-06-20 08:08:36,454] 39 root - INFO - [Attacker] Label flip: 0 samples class 1 \u2192 class 0
[2026-06-20 08:08:36,464] 39 root - INFO - [Attacker] Label flip: 0 samples class 1 \u2192 class 0
[2026-06-20 08:08:36,475] 39 root - INFO - [Attacker] Label flip: 0 samples class 1 \u2192 class 0
[2026-06-20 08:08:36,484] 39 root - INFO - [Attacker] Label flip: 0 samples class 1 \u2192 class 0
[2026-06-20 08:08:36,497] 39 root - INFO - [Attacker] Label flip: 0 samples class 1 \u2192 class 0
[2026-06-20 08:08:36,506] 39 root - INFO - [Attacker] Label flip: 0 samples class 1 \u2192 class 0
[2026-06-20 08:08:36,514] 39 root - INFO - [Attacker] Label flip: 0 samples class 1 \u2192 class 0
[2026-06-20 08:08:36,523] 39 root - INFO - [Attacker] Label flip: 0 samples class 1 \u2192 class 0
[2026-06-20 08:08:36,537] 39 root - INFO - [Attacker] Label flip: 0 samples class 1 \u2192 class 0
[2026-06-20 08:08:36,546] 39 root - INFO - [Attacker] Label flip: 0 samples class 1 \u2192 class 0
[2026-06-20 08:08:36,554] 39 root - INFO - [Attacker] Label flip: 0 samples class 1 \u2192 class 0
[2026-06-20 08:08:36,573] 39 root - INFO - [Attacker] Label flip: 0 samples class 1 \u2192 class 0
[2026-06-20 08:08:36,584] 39 root - INFO - [Attacker] Label flip: 0 samples class 1 \u2192 class 0
[2026-06-20 08:08:36,594] 39 root - INFO - [Attacker] Label flip: 0 samples class 1 \u2192 class 0
[2026-06-20 08:08:36,606] 39 root - INFO - [Attacker] Label flip: 0 samples class 1 \u2192 class 0
[2026-06-20 08:08:36,617] 39 root - INFO - [Attacker] Label flip: 0 samples class 1 \u2192 class 0
[2026-06-20 08:08:36,630] 39 root - INFO - [Attacker] Label flip: 0 samples class 1 \u2192 class 0
[2026-06-20 08:08:36,642] 39 root - INFO - [Attacker] Label flip: 0 samples class 1 \u2192 class 0
[2026-06-20 08:08:36,653] 39 root - INFO - [Attacker] Label flip: 0 samples class 1 \u2192 class 0
[2026-06-20 08:08:36,661] 39 root - INFO - [Attacker] Label flip: 0 samples class 1 \u2192 class 0
[2026-06-20 08:08:36,671] 39 root - INFO - [Attacker] Label flip: 0 samples class 1 \u2192 class 0
[2026-06-20 08:08:36,678] 39 root - INFO - [Attacker] Label flip: 0 samples class 1 \u2192 class 0
[2026-06-20 08:08:36,686] 39 root - INFO - [Attacker] Label flip: 0 samples class 1 \u2192 class 0
[2026-06-20 08:08:36,699] 39 root - INFO - [Attacker] Label flip: 0 samples class 1 \u2192 class 0
[2026-06-20 08:08:36,708] 39 root - INFO - [Attacker] Label flip: 0 samples class 1 \u2192 class 0
[2026-06-20 08:08:36,715] 39 root - INFO - [Attacker] Label flip: 0 samples class 1 \u2192 class 0
[2026-06-20 08:08:36,724] 39 root - INFO - [Attacker] Label flip: 0 samples class 1 \u2192 class 0
[2026-06-20 08:08:36,732] 39 root - INFO - [Attacker] Label flip: 0 samples class 1 \u2192 class 0
[2026-06-20 08:08:36,743] 39 root - INFO - [Attacker] Label flip: 0 samples class 1 \u2192 class 0
[2026-06-20 08:08:36,751] 39 root - INFO - [Attacker] Label flip: 0 samples class 1 \u2192 class 0
[2026-06-20 08:08:36,762] 39 root - INFO - [Attacker] Label flip: 0 samples class 1 \u2192 class 0
[2026-06-20 08:08:36,776] 39 root - INFO - [Attacker] Label flip: 0 samples class 1 \u2192 class 0
[2026-06-20 08:08:36,790] 39 root - INFO - [Attacker] Label flip: 0 samples class 1 \u2192 class 0
[2026-06-20 08:08:36,803] 39 root - INFO - [Attacker] Label flip: 0 samples class 1 \u2192 class 0
[2026-06-20 08:08:36,822] 39 root - INFO - [Attacker] Label flip: 0 samples class 1 \u2192 class 0
[2026-06-20 08:08:36,838] 39 root - INFO - [Attacker] Label flip: 0 samples class 1 \u2192 class 0
[2026-06-20 08:08:36,866] 39 root - INFO - [Attacker] Label flip: 0 samples class 1 \u2192 class 0
[2026-06-20 08:08:36,892] 39 root - INFO - [Attacker] Label flip: 0 samples class 1 \u2192 class 0
[2026-06-20 08:08:36,916] 39 root - INFO - [Attacker] Label flip: 0 samples class 1 \u2192 class 0
[2026-06-20 08:08:36,930] 39 root - INFO - [Attacker] Label flip: 0 samples class 1 \u2192 class 0
[2026-06-20 08:08:36,947] 39 root - INFO - [Attacker] Label flip: 0 samples class 1 \u2192 class 0
[2026-06-20 08:08:36,957] 39 root - INFO - [Attacker] Label flip: 0 samples class 1 \u2192 class 0
[2026-06-20 08:08:36,966] 39 root - INFO - [Attacker] Label flip: 0 samples class 1 \u2192 class 0
[2026-06-20 08:08:36,982] 39 root - INFO - [Attacker] Label flip: 0 samples class 1 \u2192 class 0
[2026-06-20 08:08:36,992] 39 root - INFO - [Attacker] Label flip: 0 samples class 1 \u2192 class 0
[2026-06-20 08:08:37,003] 39 root - INFO - [Attacker] Label flip: 0 samples class 1 \u2192 class 0
[2026-06-20 08:08:37,013] 39 root - INFO - [Attacker] Label flip: 0 samples class 1 \u2192 class 0
[2026-06-20 08:08:37,026] 39 root - INFO - [Attacker] Label flip: 0 samples class 1 \u2192 class 0
[2026-06-20 08:08:37,035] 39 root - INFO - [Attacker] Label flip: 0 samples class 1 \u2192 class 0
[2026-06-20 08:08:37,044] 39 root - INFO - [Attacker] Label flip: 0 samples class 1 \u2192 class 0
[2026-06-20 08:08:37,058] 39 root - INFO - [Attacker] Label flip: 0 samples class 1 \u2192 class 0
[2026-06-20 08:08:37,072] 39 root - INFO - [Attacker] Label flip: 0 samples class 1 \u2192 class 0
[2026-06-20 08:08:37,086] 39 root - INFO - [Attacker] Label flip: 0 samples class 1 \u2192 class 0
[2026-06-20 08:08:37,099] 39 root - INFO - [Attacker] Label flip: 0 samples class 1 \u2192 class 0
[2026-06-20 08:08:37,110] 39 root - INFO - [Attacker] Label flip: 0 samples class 1 \u2192 class 0
[2026-06-20 08:08:37,120] 39 root - INFO - [Attacker] Label flip: 0 samples class 1 \u2192 class 0
[2026-06-20 08:08:37,133] 39 root - INFO - [Attacker] Label flip: 0 samples class 1 \u2192 class 0
[2026-06-20 08:08:37,147] 39 root - INFO - [Attacker] Label flip: 0 samples class 1 \u2192 class 0
[2026-06-20 08:08:37,156] 39 root - INFO - [Attacker] Label flip: 0 samples class 1 \u2192 class 0
[2026-06-20 08:08:37,166] 39 root - INFO - [Attacker] Label flip: 0 samples class 1 \u2192 class 0
[2026-06-20 08:08:37,182] 39 root - INFO - [Attacker] Label flip: 0 samples class 1 \u2192 class 0
[2026-06-20 08:08:37,192] 39 root - INFO - [Attacker] Label flip: 0 samples class 1 \u2192 class 0
[2026-06-20 08:08:37,203] 39 root - INFO - [Attacker] Label flip: 0 samples class 1 \u2192 class 0
[2026-06-20 08:08:37,217] 39 root - INFO - [Attacker] Label flip: 0 samples class 1 \u2192 class 0
[2026-06-20 08:08:37,230] 39 root - INFO - [Attacker] Label flip: 0 samples class 1 \u2192 class 0
[2026-06-20 08:08:37,242] 39 root - INFO - [Attacker] Label flip: 0 samples class 1 \u2192 class 0
[2026-06-20 08:08:37,252] 39 root - INFO - [Attacker] Label flip: 0 samples class 1 \u2192 class 0
[2026-06-20 08:08:37,266] 39 root - INFO - [Attacker] Label flip: 0 samples class 1 \u2192 class 0
[2026-06-20 08:08:37,276] 39 root - INFO - [Attacker] Label flip: 0 samples class 1 \u2192 class 0
[2026-06-20 08:08:37,287] 39 root - INFO - [Attacker] Label flip: 0 samples class 1 \u2192 class 0
[2026-06-20 08:08:37,300] 39 root - INFO - [Attacker] Label flip: 0 samples class 1 \u2192 class 0
[2026-06-20 08:08:37,311] 39 root - INFO - [Attacker] Label flip: 0 samples class 1 \u2192 class 0
[2026-06-20 08:08:37,321] 39 root - INFO - [Attacker] Label flip: 0 samples class 1 \u2192 class 0
[2026-06-20 08:08:37,336] 39 root - INFO - [Attacker] Label flip: 0 samples class 1 \u2192 class 0
[2026-06-20 08:08:37,346] 39 root - INFO - [Attacker] Label flip: 0 samples class 1 \u2192 class 0
[2026-06-20 08:08:37,356] 39 root - INFO - [Attacker] Label flip: 0 samples class 1 \u2192 class 0
[2026-06-20 08:08:37,365] 39 root - INFO - [Attacker] Label flip: 0 samples class 1 \u2192 class 0
[2026-06-20 08:08:37,380] 39 root - INFO - [Attacker] Label flip: 0 samples class 1 \u2192 class 0
[2026-06-20 08:08:37,389] 39 root - INFO - [Attacker] Label flip: 0 samples class 1 \u2192 class 0
[2026-06-20 08:08:37,399] 39 root - INFO - [Attacker] Label flip: 0 samples class 1 \u2192 class 0
[2026-06-20 08:08:37,409] 39 root - INFO - [Attacker] Label flip: 0 samples class 1 \u2192 class 0
[2026-06-20 08:08:37,422] 39 root - INFO - [Attacker] Label flip: 0 samples class 1 \u2192 class 0
[2026-06-20 08:08:37,432] 39 root - INFO - [Attacker] Label flip: 0 samples class 1 \u2192 class 0
[2026-06-20 08:08:37,443] 39 root - INFO - [Attacker] Label flip: 0 samples class 1 \u2192 class 0
[2026-06-20 08:08:37,463] 39 root - INFO - [Attacker] Label flip: 0 samples class 1 \u2192 class 0
[2026-06-20 08:08:37,473] 39 root - INFO - [Attacker] Label flip: 0 samples class 1 \u2192 class 0
[2026-06-20 08:08:37,488] 39 root - INFO - [Attacker] Label flip: 0 samples class 1 \u2192 class 0
[2026-06-20 08:08:37,504] 39 root - INFO - [Attacker] Label flip: 0 samples class 1 \u2192 class 0
[2026-06-20 08:08:37,517] 39 root - INFO - [Attacker] Label flip: 0 samples class 1 \u2192 class 0
[2026-06-20 08:08:37,530] 39 root - INFO - [Attacker] Label flip: 0 samples class 1 \u2192 class 0
[2026-06-20 08:08:37,545] 39 root - INFO - [Attacker] Label flip: 0 samples class 1 \u2192 class 0
[2026-06-20 08:08:37,555] 39 root - INFO - [Attacker] Label flip: 0 samples class 1 \u2192 class 0
[2026-06-20 08:08:37,565] 39 root - INFO - [Attacker] Label flip: 0 samples class 1 \u2192 class 0
[2026-06-20 08:08:37,580] 39 root - INFO - [Attacker] Label flip: 0 samples class 1 \u2192 class 0
[2026-06-20 08:08:37,590] 39 root - INFO - [Attacker] Label flip: 0 samples class 1 \u2192 class 0
[2026-06-20 08:08:37,598] 39 root - INFO - [Attacker] Label flip: 0 samples class 1 \u2192 class 0
[2026-06-20 08:08:37,606] 39 root - INFO - [Attacker] Label flip: 0 samples class 1 \u2192 class 0
[2026-06-20 08:08:37,615] 39 root - INFO - [Attacker] Label flip: 0 samples class 1 \u2192 class 0
[2026-06-20 08:08:37,625] 39 root - INFO - [Attacker] Label flip: 0 samples class 1 \u2192 class 0
[2026-06-20 08:08:37,637] 39 root - INFO - [Attacker] Label flip: 0 samples class 1 \u2192 class 0
[2026-06-20 08:08:37,647] 39 root - INFO - [Attacker] Label flip: 0 samples class 1 \u2192 class 0
[2026-06-20 08:08:37,663] 39 root - INFO - [Attacker] Label flip: 0 samples class 1 \u2192 class 0
[2026-06-20 08:08:37,673] 39 root - INFO - [Attacker] Label flip: 0 samples class 1 \u2192 class 0
[2026-06-20 08:08:37,683] 39 root - INFO - [Attacker] Label flip: 0 samples class 1 \u2192 class 0
[2026-06-20 08:08:37,693] 39 root - INFO - [Attacker] Label flip: 0 samples class 1 \u2192 class 0
[2026-06-20 08:08:37,703] 39 root - INFO - [Attacker] Label flip: 0 samples class 1 \u2192 class 0
[2026-06-20 08:08:37,712] 39 root - INFO - [Attacker] Label flip: 0 samples class 1 \u2192 class 0
[2026-06-20 08:08:37,720] 39 root - INFO - [Attacker] Label flip: 0 samples class 1 \u2192 class 0
[2026-06-20 08:08:37,727] 39 root - INFO - [Attacker] Label flip: 0 samples class 1 \u2192 class 0
[2026-06-20 08:08:37,738] 39 root - INFO - [Attacker] Label flip: 0 samples class 1 \u2192 class 0
[2026-06-20 08:08:37,745] 39 root - INFO - [Attacker] Label flip: 0 samples class 1 \u2192 class 0
[2026-06-20 08:08:37,760] 39 root - INFO - [Attacker] Label flip: 0 samples class 1 \u2192 class 0
[2026-06-20 08:08:37,776] 39 root - INFO - [Attacker] Label flip: 0 samples class 1 \u2192 class 0
[2026-06-20 08:08:37,817] 39 root - INFO - [Attacker] Label flip: 0 samples class 1 \u2192 class 0
[2026-06-20 08:08:37,846] 39 root - INFO - [Attacker] Label flip: 0 samples class 1 \u2192 class 0
[2026-06-20 08:08:37,858] 39 root - INFO - [Attacker] Label flip: 0 samples class 1 \u2192 class 0
[2026-06-20 08:08:37,869] 39 root - INFO - [Attacker] Label flip: 0 samples class 1 \u2192 class 0
[2026-06-20 08:08:37,877] 39 root - INFO - [Attacker] Label flip: 0 samples class 1 \u2192 class 0
[2026-06-20 08:08:37,888] 39 root - INFO - [Attacker] Label flip: 0 samples class 1 \u2192 class 0
[2026-06-20 08:08:37,899] 39 root - INFO - [Attacker] Label flip: 0 samples class 1 \u2192 class 0
[2026-06-20 08:08:37,915] 39 root - INFO - [Attacker] Label flip: 0 samples class 1 \u2192 class 0
[2026-06-20 08:08:37,935] 39 root - INFO - [Attacker] Label flip: 0 samples class 1 \u2192 class 0
[2026-06-20 08:08:37,954] 39 root - INFO - [Attacker] Label flip: 0 samples class 1 \u2192 class 0
[2026-06-20 08:08:37,969] 39 root - INFO - [Attacker] Label flip: 0 samples class 1 \u2192 class 0
[2026-06-20 08:08:37,982] 39 root - INFO - [Attacker] Label flip: 0 samples class 1 \u2192 class 0
[2026-06-20 08:08:37,993] 39 root - INFO - [Attacker] Label flip: 0 samples class 1 \u2192 class 0
[2026-06-20 08:08:38,000] 39 root - INFO - [Attacker] Label flip: 0 samples class 1 \u2192 class 0
[2026-06-20 08:08:38,008] 39 root - INFO - [Attacker] Label flip: 0 samples class 1 \u2192 class 0
[2026-06-20 08:08:38,016] 39 root - INFO - [Attacker] Label flip: 0 samples class 1 \u2192 class 0
[2026-06-20 08:08:38,024] 39 root - INFO - [Attacker] Label flip: 0 samples class 1 \u2192 class 0
[2026-06-20 08:08:38,032] 39 root - INFO - [Attacker] Label flip: 0 samples class 1 \u2192 class 0
[2026-06-20 08:08:38,040] 39 root - INFO - [Attacker] Label flip: 0 samples class 1 \u2192 class 0
[2026-06-20 08:08:38,047] 39 root - INFO - [Attacker] Label flip: 0 samples class 1 \u2192 class 0
[2026-06-20 08:08:38,056] 39 root - INFO - [Attacker] Label flip: 0 samples class 1 \u2192 class 0
[2026-06-20 08:08:38,063] 39 root - INFO - [Attacker] Label flip: 0 samples class 1 \u2192 class 0
[2026-06-20 08:08:38,071] 39 root - INFO - [Attacker] Label flip: 0 samples class 1 \u2192 class 0
[2026-06-20 08:08:38,079] 39 root - INFO - [Attacker] Label flip: 0 samples class 1 \u2192 class 0
[2026-06-20 08:08:38,089] 39 root - INFO - [Attacker] Label flip: 0 samples class 1 \u2192 class 0
[2026-06-20 08:08:38,098] 39 root - INFO - [Attacker] Label flip: 0 samples class 1 \u2192 class 0
[2026-06-20 08:08:38,107] 39 root - INFO - [Attacker] Label flip: 0 samples class 1 \u2192 class 0
[2026-06-20 08:08:38,115] 39 root - INFO - [Attacker] Label flip: 0 samples class 1 \u2192 class 0
[2026-06-20 08:08:38,123] 39 root - INFO - [Attacker] Label flip: 0 samples class 1 \u2192 class 0
[2026-06-20 08:08:38,132] 39 root - INFO - [Attacker] Label flip: 0 samples class 1 \u2192 class 0
[2026-06-20 08:08:38,139] 39 root - INFO - [Attacker] Label flip: 0 samples class 1 \u2192 class 0
[2026-06-20 08:08:38,148] 39 root - INFO - [Attacker] Label flip: 0 samples class 1 \u2192 class 0
[2026-06-20 08:08:38,156] 39 root - INFO - [Attacker] Label flip: 0 samples class 1 \u2192 class 0
[2026-06-20 08:08:38,164] 39 root - INFO - [Attacker] Label flip: 0 samples class 1 \u2192 class 0
[2026-06-20 08:08:38,173] 39 root - INFO - [Attacker] Label flip: 0 samples class 1 \u2192 class 0
[2026-06-20 08:08:38,180] 39 root - INFO - [Attacker] Label flip: 0 samples class 1 \u2192 class 0
[2026-06-20 08:08:38,189] 39 root - INFO - [Attacker] Label flip: 0 samples class 1 \u2192 class 0
[2026-06-20 08:08:38,196] 39 root - INFO - [Attacker] Label flip: 0 samples class 1 \u2192 class 0
[2026-06-20 08:08:38,204] 39 root - INFO - [Attacker] Label flip: 0 samples class 1 \u2192 class 0
[2026-06-20 08:08:38,212] 39 root - INFO - [Attacker] Label flip: 0 samples class 1 \u2192 class 0
[2026-06-20 08:08:38,221] 39 root - INFO - [Attacker] Label flip: 0 samples class 1 \u2192 class 0
[2026-06-20 08:08:38,230] 39 root - INFO - [Attacker] Label flip: 0 samples class 1 \u2192 class 0
[2026-06-20 08:08:38,238] 39 root - INFO - [Attacker] Label flip: 0 samples class 1 \u2192 class 0
[2026-06-20 08:08:38,251] 39 root - INFO - [Attacker] Label flip: 0 samples class 1 \u2192 class 0
[2026-06-20 08:08:38,253] 268 flwr - WARNING - DEPRECATED FEATURE: `client_fn` now expects a signature `def client_fn(context: Context)`.The provided `client_fn` has signature: {'cid': <Parameter "cid: str">}. You can import the `Context` like this: `from flwr.common import Context`

            This is a deprecated feature. It will be removed
            entirely in future versions of Flower.
        
[2026-06-20 08:08:38,261] 39 root - INFO - [Attacker] Label flip: 0 samples class 1 \u2192 class 0
[2026-06-20 08:08:38,269] 39 root - INFO - [Attacker] Label flip: 0 samples class 1 \u2192 class 0
[2026-06-20 08:08:38,277] 39 root - INFO - [Attacker] Label flip: 0 samples class 1 \u2192 class 0
[2026-06-20 08:08:38,285] 39 root - INFO - [Attacker] Label flip: 0 samples class 1 \u2192 class 0
[2026-06-20 08:08:38,292] 39 root - INFO - [Attacker] Label flip: 0 samples class 1 \u2192 class 0
[2026-06-20 08:08:38,301] 39 root - INFO - [Attacker] Label flip: 0 samples class 1 \u2192 class 0
[2026-06-20 08:08:38,308] 39 root - INFO - [Attacker] Label flip: 0 samples class 1 \u2192 class 0
[2026-06-20 08:08:38,316] 39 root - INFO - [Attacker] Label flip: 0 samples class 1 \u2192 class 0
[2026-06-20 08:08:38,324] 39 root - INFO - [Attacker] Label flip: 0 samples class 1 \u2192 class 0
[2026-06-20 08:08:38,332] 39 root - INFO - [Attacker] Label flip: 0 samples class 1 \u2192 class 0
[2026-06-20 08:08:38,340] 39 root - INFO - [Attacker] Label flip: 0 samples class 1 \u2192 class 0
[2026-06-20 08:08:38,348] 39 root - INFO - [Attacker] Label flip: 0 samples class 1 \u2192 class 0
[2026-06-20 08:08:38,358] 39 root - INFO - [Attacker] Label flip: 0 samples class 1 \u2192 class 0
[2026-06-20 08:08:38,371] 39 root - INFO - [Attacker] Label flip: 0 samples class 1 \u2192 class 0
[2026-06-20 08:08:38,382] 39 root - INFO - [Attacker] Label flip: 0 samples class 1 \u2192 class 0
[2026-06-20 08:08:38,391] 39 root - INFO - [Attacker] Label flip: 0 samples class 1 \u2192 class 0
[2026-06-20 08:08:38,400] 39 root - INFO - [Attacker] Label flip: 0 samples class 1 \u2192 class 0
[2026-06-20 08:08:38,410] 39 root - INFO - [Attacker] Label flip: 0 samples class 1 \u2192 class 0
[2026-06-20 08:08:38,421] 39 root - INFO - [Attacker] Label flip: 0 samples class 1 \u2192 class 0
[2026-06-20 08:08:38,432] 39 root - INFO - [Attacker] Label flip: 0 samples class 1 \u2192 class 0
[2026-06-20 08:08:38,443] 39 root - INFO - [Attacker] Label flip: 0 samples class 1 \u2192 class 0
[2026-06-20 08:08:38,452] 39 root - INFO - [Attacker] Label flip: 0 samples class 1 \u2192 class 0
[2026-06-20 08:08:38,461] 39 root - INFO - [Attacker] Label flip: 0 samples class 1 \u2192 class 0
[2026-06-20 08:08:38,473] 39 root - INFO - [Attacker] Label flip: 0 samples class 1 \u2192 class 0
[2026-06-20 08:08:38,481] 39 root - INFO - [Attacker] Label flip: 0 samples class 1 \u2192 class 0
[2026-06-20 08:08:38,490] 39 root - INFO - [Attacker] Label flip: 0 samples class 1 \u2192 class 0
[2026-06-20 08:08:38,497] 39 root - INFO - [Attacker] Label flip: 0 samples class 1 \u2192 class 0
[2026-06-20 08:08:38,505] 39 root - INFO - [Attacker] Label flip: 0 samples class 1 \u2192 class 0
[2026-06-20 08:08:38,512] 39 root - INFO - [Attacker] Label flip: 0 samples class 1 \u2192 class 0
[2026-06-20 08:08:38,521] 39 root - INFO - [Attacker] Label flip: 0 samples class 1 \u2192 class 0
[2026-06-20 08:08:38,528] 39 root - INFO - [Attacker] Label flip: 0 samples class 1 \u2192 class 0
[2026-06-20 08:08:38,539] 39 root - INFO - [Attacker] Label flip: 0 samples class 1 \u2192 class 0
[2026-06-20 08:08:38,552] 39 root - INFO - [Attacker] Label flip: 0 samples class 1 \u2192 class 0
[2026-06-20 08:08:38,564] 39 root - INFO - [Attacker] Label flip: 0 samples class 1 \u2192 class 0
[2026-06-20 08:08:38,575] 39 root - INFO - [Attacker] Label flip: 0 samples class 1 \u2192 class 0
[2026-06-20 08:08:38,587] 39 root - INFO - [Attacker] Label flip: 0 samples class 1 \u2192 class 0
[2026-06-20 08:08:38,595] 39 root - INFO - [Attacker] Label flip: 0 samples class 1 \u2192 class 0
[2026-06-20 08:08:38,602] 39 root - INFO - [Attacker] Label flip: 0 samples class 1 \u2192 class 0
[2026-06-20 08:08:38,611] 39 root - INFO - [Attacker] Label flip: 0 samples class 1 \u2192 class 0
[2026-06-20 08:08:38,618] 39 root - INFO - [Attacker] Label flip: 0 samples class 1 \u2192 class 0
[2026-06-20 08:08:38,627] 39 root - INFO - [Attacker] Label flip: 0 samples class 1 \u2192 class 0
[2026-06-20 08:08:38,634] 39 root - INFO - [Attacker] Label flip: 0 samples class 1 \u2192 class 0
[2026-06-20 08:08:38,642] 39 root - INFO - [Attacker] Label flip: 0 samples class 1 \u2192 class 0
[2026-06-20 08:08:38,650] 39 root - INFO - [Attacker] Label flip: 0 samples class 1 \u2192 class 0
[2026-06-20 08:08:38,657] 39 root - INFO - [Attacker] Label flip: 0 samples class 1 \u2192 class 0
[2026-06-20 08:08:38,665] 39 root - INFO - [Attacker] Label flip: 0 samples class 1 \u2192 class 0
[2026-06-20 08:08:38,674] 39 root - INFO - [Attacker] Label flip: 0 samples class 1 \u2192 class 0
[2026-06-20 08:08:38,681] 39 root - INFO - [Attacker] Label flip: 0 samples class 1 \u2192 class 0
[2026-06-20 08:08:38,691] 39 root - INFO - [Attacker] Label flip: 0 samples class 1 \u2192 class 0
[2026-06-20 08:08:38,701] 39 root - INFO - [Attacker] Label flip: 0 samples class 1 \u2192 class 0
[2026-06-20 08:08:38,710] 39 root - INFO - [Attacker] Label flip: 0 samples class 1 \u2192 class 0
[2026-06-20 08:08:38,717] 39 root - INFO - [Attacker] Label flip: 0 samples class 1 \u2192 class 0
[2026-06-20 08:08:38,725] 39 root - INFO - [Attacker] Label flip: 0 samples class 1 \u2192 class 0
[2026-06-20 08:08:38,733] 39 root - INFO - [Attacker] Label flip: 0 samples class 1 \u2192 class 0
[2026-06-20 08:08:38,741] 39 root - INFO - [Attacker] Label flip: 0 samples class 1 \u2192 class 0
[2026-06-20 08:08:38,749] 39 root - INFO - [Attacker] Label flip: 0 samples class 1 \u2192 class 0
[2026-06-20 08:08:38,757] 39 root - INFO - [Attacker] Label flip: 0 samples class 1 \u2192 class 0
[2026-06-20 08:08:38,766] 39 root - INFO - [Attacker] Label flip: 0 samples class 1 \u2192 class 0
[2026-06-20 08:08:38,773] 39 root - INFO - [Attacker] Label flip: 0 samples class 1 \u2192 class 0
[2026-06-20 08:08:38,781] 39 root - INFO - [Attacker] Label flip: 0 samples class 1 \u2192 class 0
[2026-06-20 08:08:38,789] 39 root - INFO - [Attacker] Label flip: 0 samples class 1 \u2192 class 0
[2026-06-20 08:08:38,797] 39 root - INFO - [Attacker] Label flip: 0 samples class 1 \u2192 class 0
[2026-06-20 08:08:38,805] 39 root - INFO - [Attacker] Label flip: 0 samples class 1 \u2192 class 0
[2026-06-20 08:08:38,814] 39 root - INFO - [Attacker] Label flip: 0 samples class 1 \u2192 class 0
[2026-06-20 08:08:38,822] 39 root - INFO - [Attacker] Label flip: 0 samples class 1 \u2192 class 0
[2026-06-20 08:08:38,830] 39 root - INFO - [Attacker] Label flip: 0 samples class 1 \u2192 class 0
[2026-06-20 08:08:38,838] 39 root - INFO - [Attacker] Label flip: 0 samples class 1 \u2192 class 0
[2026-06-20 08:08:38,847] 39 root - INFO - [Attacker] Label flip: 0 samples class 1 \u2192 class 0
[2026-06-20 08:08:38,859] 39 root - INFO - [Attacker] Label flip: 0 samples class 1 \u2192 class 0
[2026-06-20 08:08:38,881] 39 root - INFO - [Attacker] Label flip: 0 samples class 1 \u2192 class 0
[2026-06-20 08:08:38,898] 39 root - INFO - [Attacker] Label flip: 0 samples class 1 \u2192 class 0
[2026-06-20 08:08:38,914] 39 root - INFO - [Attacker] Label flip: 0 samples class 1 \u2192 class 0
[2026-06-20 08:08:38,932] 39 root - INFO - [Attacker] Label flip: 0 samples class 1 \u2192 class 0
[2026-06-20 08:08:38,950] 39 root - INFO - [Attacker] Label flip: 0 samples class 1 \u2192 class 0
[2026-06-20 08:08:38,965] 39 root - INFO - [Attacker] Label flip: 0 samples class 1 \u2192 class 0
[2026-06-20 08:08:38,977] 39 root - INFO - [Attacker] Label flip: 0 samples class 1 \u2192 class 0
[2026-06-20 08:08:38,988] 39 root - INFO - [Attacker] Label flip: 0 samples class 1 \u2192 class 0
[2026-06-20 08:08:39,006] 39 root - INFO - [Attacker] Label flip: 0 samples class 1 \u2192 class 0
[2026-06-20 08:08:39,018] 39 root - INFO - [Attacker] Label flip: 0 samples class 1 \u2192 class 0
[2026-06-20 08:08:39,034] 39 root - INFO - [Attacker] Label flip: 0 samples class 1 \u2192 class 0
[2026-06-20 08:08:39,047] 39 root - INFO - [Attacker] Label flip: 0 samples class 1 \u2192 class 0
[2026-06-20 08:08:39,058] 39 root - INFO - [Attacker] Label flip: 0 samples class 1 \u2192 class 0
[2026-06-20 08:08:39,069] 39 root - INFO - [Attacker] Label flip: 0 samples class 1 \u2192 class 0
[2026-06-20 08:08:39,078] 39 root - INFO - [Attacker] Label flip: 0 samples class 1 \u2192 class 0
[2026-06-20 08:08:39,087] 39 root - INFO - [Attacker] Label flip: 0 samples class 1 \u2192 class 0
[2026-06-20 08:08:39,098] 39 root - INFO - [Attacker] Label flip: 0 samples class 1 \u2192 class 0
[2026-06-20 08:08:39,107] 39 root - INFO - [Attacker] Label flip: 0 samples class 1 \u2192 class 0
[2026-06-20 08:08:39,117] 39 root - INFO - [Attacker] Label flip: 0 samples class 1 \u2192 class 0
[2026-06-20 08:08:39,127] 39 root - INFO - [Attacker] Label flip: 0 samples class 1 \u2192 class 0
[2026-06-20 08:08:39,139] 39 root - INFO - [Attacker] Label flip: 0 samples class 1 \u2192 class 0
[2026-06-20 08:08:39,148] 39 root - INFO - [Attacker] Label flip: 0 samples class 1 \u2192 class 0
[2026-06-20 08:08:39,159] 39 root - INFO - [Attacker] Label flip: 0 samples class 1 \u2192 class 0
[2026-06-20 08:08:39,169] 39 root - INFO - [Attacker] Label flip: 0 samples class 1 \u2192 class 0
[2026-06-20 08:08:39,179] 39 root - INFO - [Attacker] Label flip: 0 samples class 1 \u2192 class 0
[2026-06-20 08:08:39,199] 39 root - INFO - [Attacker] Label flip: 0 samples class 1 \u2192 class 0
[2026-06-20 08:08:39,213] 39 root - INFO - [Attacker] Label flip: 0 samples class 1 \u2192 class 0
[2026-06-20 08:08:39,223] 39 root - INFO - [Attacker] Label flip: 0 samples class 1 \u2192 class 0
[2026-06-20 08:08:39,234] 39 root - INFO - [Attacker] Label flip: 0 samples class 1 \u2192 class 0
[2026-06-20 08:08:39,245] 39 root - INFO - [Attacker] Label flip: 0 samples class 1 \u2192 class 0
[2026-06-20 08:08:39,260] 39 root - INFO - [Attacker] Label flip: 0 samples class 1 \u2192 class 0
[2026-06-20 08:08:39,264] 268 flwr - WARNING - DEPRECATED FEATURE: `client_fn` now expects a signature `def client_fn(context: Context)`.The provided `client_fn` has signature: {'cid': <Parameter "cid: str">}. You can import the `Context` like this: `from flwr.common import Context`

            This is a deprecated feature. It will be removed
            entirely in future versions of Flower.
        
[2026-06-20 08:08:39,271] 39 root - INFO - [Attacker] Label flip: 0 samples class 1 \u2192 class 0
[2026-06-20 08:08:39,281] 39 root - INFO - [Attacker] Label flip: 0 samples class 1 \u2192 class 0
[2026-06-20 08:08:39,294] 39 root - INFO - [Attacker] Label flip: 0 samples class 1 \u2192 class 0
[2026-06-20 08:08:39,309] 39 root - INFO - [Attacker] Label flip: 0 samples class 1 \u2192 class 0
[2026-06-20 08:08:39,319] 39 root - INFO - [Attacker] Label flip: 0 samples class 1 \u2192 class 0
[2026-06-20 08:08:39,332] 39 root - INFO - [Attacker] Label flip: 0 samples class 1 \u2192 class 0
[2026-06-20 08:08:39,341] 39 root - INFO - [Attacker] Label flip: 0 samples class 1 \u2192 class 0
[2026-06-20 08:08:39,350] 39 root - INFO - [Attacker] Label flip: 0 samples class 1 \u2192 class 0
[2026-06-20 08:08:39,361] 39 root - INFO - [Attacker] Label flip: 0 samples class 1 \u2192 class 0
[2026-06-20 08:08:39,373] 39 root - INFO - [Attacker] Label flip: 0 samples class 1 \u2192 class 0
[2026-06-20 08:08:39,373] 268 flwr - WARNING - DEPRECATED FEATURE: `client_fn` now expects a signature `def client_fn(context: Context)`.The provided `client_fn` has signature: {'cid': <Parameter "cid: str">}. You can import the `Context` like this: `from flwr.common import Context`

            This is a deprecated feature. It will be removed
            entirely in future versions of Flower.
        
[2026-06-20 08:08:39,381] 39 root - INFO - [Attacker] Label flip: 0 samples class 1 \u2192 class 0
[2026-06-20 08:08:39,390] 39 root - INFO - [Attacker] Label flip: 0 samples class 1 \u2192 class 0
[2026-06-20 08:08:39,398] 39 root - INFO - [Attacker] Label flip: 0 samples class 1 \u2192 class 0
[2026-06-20 08:08:39,406] 39 root - INFO - [Attacker] Label flip: 0 samples class 1 \u2192 class 0
[2026-06-20 08:08:39,414] 39 root - INFO - [Attacker] Label flip: 0 samples class 1 \u2192 class 0
[2026-06-20 08:08:39,421] 39 root - INFO - [Attacker] Label flip: 0 samples class 1 \u2192 class 0
[2026-06-20 08:08:39,434] 39 root - INFO - [Attacker] Label flip: 0 samples class 1 \u2192 class 0
[2026-06-20 08:08:39,442] 39 root - INFO - [Attacker] Label flip: 0 samples class 1 \u2192 class 0
[2026-06-20 08:08:39,450] 39 root - INFO - [Attacker] Label flip: 0 samples class 1 \u2192 class 0
[2026-06-20 08:08:39,462] 39 root - INFO - [Attacker] Label flip: 0 samples class 1 \u2192 class 0
[2026-06-20 08:08:39,472] 39 root - INFO - [Attacker] Label flip: 0 samples class 1 \u2192 class 0
[2026-06-20 08:08:39,481] 39 root - INFO - [Attacker] Label flip: 0 samples class 1 \u2192 class 0
[2026-06-20 08:08:39,488] 39 root - INFO - [Attacker] Label flip: 0 samples class 1 \u2192 class 0
[2026-06-20 08:08:39,497] 39 root - INFO - [Attacker] Label flip: 0 samples class 1 \u2192 class 0
[2026-06-20 08:08:39,504] 39 root - INFO - [Attacker] Label flip: 0 samples class 1 \u2192 class 0
[2026-06-20 08:08:39,512] 39 root - INFO - [Attacker] Label flip: 0 samples class 1 \u2192 class 0
[2026-06-20 08:08:39,520] 39 root - INFO - [Attacker] Label flip: 0 samples class 1 \u2192 class 0
[2026-06-20 08:08:39,527] 39 root - INFO - [Attacker] Label flip: 0 samples class 1 \u2192 class 0
[2026-06-20 08:08:39,536] 39 root - INFO - [Attacker] Label flip: 0 samples class 1 \u2192 class 0
[2026-06-20 08:08:39,543] 39 root - INFO - [Attacker] Label flip: 0 samples class 1 \u2192 class 0
[2026-06-20 08:08:39,551] 39 root - INFO - [Attacker] Label flip: 0 samples class 1 \u2192 class 0
[2026-06-20 08:08:39,559] 39 root - INFO - [Attacker] Label flip: 0 samples class 1 \u2192 class 0
[2026-06-20 08:08:39,567] 39 root - INFO - [Attacker] Label flip: 0 samples class 1 \u2192 class 0
[2026-06-20 08:08:39,576] 39 root - INFO - [Attacker] Label flip: 0 samples class 1 \u2192 class 0
[2026-06-20 08:08:39,584] 39 root - INFO - [Attacker] Label flip: 0 samples class 1 \u2192 class 0
[2026-06-20 08:08:39,591] 39 root - INFO - [Attacker] Label flip: 0 samples class 1 \u2192 class 0
[2026-06-20 08:08:39,599] 39 root - INFO - [Attacker] Label flip: 0 samples class 1 \u2192 class 0
[2026-06-20 08:08:39,607] 39 root - INFO - [Attacker] Label flip: 0 samples class 1 \u2192 class 0
[2026-06-20 08:08:39,615] 39 root - INFO - [Attacker] Label flip: 0 samples class 1 \u2192 class 0
[2026-06-20 08:08:39,622] 39 root - INFO - [Attacker] Label flip: 0 samples class 1 \u2192 class 0
[2026-06-20 08:08:39,631] 39 root - INFO - [Attacker] Label flip: 0 samples class 1 \u2192 class 0
[2026-06-20 08:08:39,638] 39 root - INFO - [Attacker] Label flip: 0 samples class 1 \u2192 class 0
[2026-06-20 08:08:39,647] 39 root - INFO - [Attacker] Label flip: 0 samples class 1 \u2192 class 0
[2026-06-20 08:08:39,654] 39 root - INFO - [Attacker] Label flip: 0 samples class 1 \u2192 class 0
[2026-06-20 08:08:39,662] 39 root - INFO - [Attacker] Label flip: 0 samples class 1 \u2192 class 0
[2026-06-20 08:08:39,670] 39 root - INFO - [Attacker] Label flip: 0 samples class 1 \u2192 class 0
[2026-06-20 08:08:39,678] 39 root - INFO - [Attacker] Label flip: 0 samples class 1 \u2192 class 0
[2026-06-20 08:08:39,686] 39 root - INFO - [Attacker] Label flip: 0 samples class 1 \u2192 class 0
[2026-06-20 08:08:39,694] 39 root - INFO - [Attacker] Label flip: 0 samples class 1 \u2192 class 0
[2026-06-20 08:08:39,702] 39 root - INFO - [Attacker] Label flip: 0 samples class 1 \u2192 class 0
[2026-06-20 08:08:39,710] 39 root - INFO - [Attacker] Label flip: 0 samples class 1 \u2192 class 0
[2026-06-20 08:08:39,718] 39 root - INFO - [Attacker] Label flip: 0 samples class 1 \u2192 class 0
[2026-06-20 08:08:39,726] 39 root - INFO - [Attacker] Label flip: 0 samples class 1 \u2192 class 0
[2026-06-20 08:08:39,734] 39 root - INFO - [Attacker] Label flip: 0 samples class 1 \u2192 class 0
[2026-06-20 08:08:39,742] 39 root - INFO - [Attacker] Label flip: 0 samples class 1 \u2192 class 0
[2026-06-20 08:08:39,750] 39 root - INFO - [Attacker] Label flip: 0 samples class 1 \u2192 class 0
[2026-06-20 08:08:39,758] 39 root - INFO - [Attacker] Label flip: 0 samples class 1 \u2192 class 0
[2026-06-20 08:08:39,766] 39 root - INFO - [Attacker] Label flip: 0 samples class 1 \u2192 class 0
[2026-06-20 08:08:39,777] 39 root - INFO - [Attacker] Label flip: 0 samples class 1 \u2192 class 0
[2026-06-20 08:08:39,785] 39 root - INFO - [Attacker] Label flip: 0 samples class 1 \u2192 class 0
[2026-06-20 08:08:39,793] 39 root - INFO - [Attacker] Label flip: 0 samples class 1 \u2192 class 0
[2026-06-20 08:08:39,801] 39 root - INFO - [Attacker] Label flip: 0 samples class 1 \u2192 class 0
[2026-06-20 08:08:39,809] 39 root - INFO - [Attacker] Label flip: 0 samples class 1 \u2192 class 0
[2026-06-20 08:08:39,818] 39 root - INFO - [Attacker] Label flip: 0 samples class 1 \u2192 class 0
[2026-06-20 08:08:39,825] 39 root - INFO - [Attacker] Label flip: 0 samples class 1 \u2192 class 0
[2026-06-20 08:08:39,833] 39 root - INFO - [Attacker] Label flip: 0 samples class 1 \u2192 class 0
[2026-06-20 08:08:39,840] 39 root - INFO - [Attacker] Label flip: 0 samples class 1 \u2192 class 0
[2026-06-20 08:08:39,849] 39 root - INFO - [Attacker] Label flip: 0 samples class 1 \u2192 class 0
[2026-06-20 08:08:39,856] 39 root - INFO - [Attacker] Label flip: 0 samples class 1 \u2192 class 0
[2026-06-20 08:08:39,865] 39 root - INFO - [Attacker] Label flip: 0 samples class 1 \u2192 class 0
[2026-06-20 08:08:39,872] 39 root - INFO - [Attacker] Label flip: 0 samples class 1 \u2192 class 0
[2026-06-20 08:08:39,880] 39 root - INFO - [Attacker] Label flip: 0 samples class 1 \u2192 class 0
[2026-06-20 08:08:39,892] 39 root - INFO - [Attacker] Label flip: 0 samples class 1 \u2192 class 0
[2026-06-20 08:08:39,901] 39 root - INFO - [Attacker] Label flip: 0 samples class 1 \u2192 class 0
[2026-06-20 08:08:39,918] 39 root - INFO - [Attacker] Label flip: 0 samples class 1 \u2192 class 0
[2026-06-20 08:08:39,933] 39 root - INFO - [Attacker] Label flip: 0 samples class 1 \u2192 class 0
[2026-06-20 08:08:39,949] 39 root - INFO - [Attacker] Label flip: 0 samples class 1 \u2192 class 0
[2026-06-20 08:08:39,958] 39 root - INFO - [Attacker] Label flip: 0 samples class 1 \u2192 class 0
[2026-06-20 08:08:39,972] 39 root - INFO - [Attacker] Label flip: 0 samples class 1 \u2192 class 0
[2026-06-20 08:08:39,991] 39 root - INFO - [Attacker] Label flip: 0 samples class 1 \u2192 class 0
[2026-06-20 08:08:40,003] 39 root - INFO - [Attacker] Label flip: 0 samples class 1 \u2192 class 0
[2026-06-20 08:08:40,015] 39 root - INFO - [Attacker] Label flip: 0 samples class 1 \u2192 class 0
[2026-06-20 08:08:40,031] 39 root - INFO - [Attacker] Label flip: 0 samples class 1 \u2192 class 0
[2026-06-20 08:08:40,048] 39 root - INFO - [Attacker] Label flip: 0 samples class 1 \u2192 class 0
[2026-06-20 08:08:40,064] 39 root - INFO - [Attacker] Label flip: 0 samples class 1 \u2192 class 0
[2026-06-20 08:08:40,081] 39 root - INFO - [Attacker] Label flip: 0 samples class 1 \u2192 class 0
[2026-06-20 08:08:40,097] 39 root - INFO - [Attacker] Label flip: 0 samples class 1 \u2192 class 0
[2026-06-20 08:08:40,106] 39 root - INFO - [Attacker] Label flip: 0 samples class 1 \u2192 class 0
[2026-06-20 08:08:40,115] 39 root - INFO - [Attacker] Label flip: 0 samples class 1 \u2192 class 0
[2026-06-20 08:08:40,125] 39 root - INFO - [Attacker] Label flip: 0 samples class 1 \u2192 class 0
[2026-06-20 08:08:40,134] 39 root - INFO - [Attacker] Label flip: 0 samples class 1 \u2192 class 0
[2026-06-20 08:08:40,145] 39 root - INFO - [Attacker] Label flip: 0 samples class 1 \u2192 class 0
[2026-06-20 08:08:40,154] 39 root - INFO - [Attacker] Label flip: 0 samples class 1 \u2192 class 0
[2026-06-20 08:08:40,163] 39 root - INFO - [Attacker] Label flip: 0 samples class 1 \u2192 class 0
[2026-06-20 08:08:40,173] 39 root - INFO - [Attacker] Label flip: 0 samples class 1 \u2192 class 0
[2026-06-20 08:08:40,182] 39 root - INFO - [Attacker] Label flip: 0 samples class 1 \u2192 class 0
[2026-06-20 08:08:40,193] 39 root - INFO - [Attacker] Label flip: 0 samples class 1 \u2192 class 0
[2026-06-20 08:08:40,204] 39 root - INFO - [Attacker] Label flip: 0 samples class 1 \u2192 class 0
[2026-06-20 08:08:40,213] 39 root - INFO - [Attacker] Label flip: 0 samples class 1 \u2192 class 0
[2026-06-20 08:08:40,227] 39 root - INFO - [Attacker] Label flip: 0 samples class 1 \u2192 class 0
[2026-06-20 08:08:40,237] 39 root - INFO - [Attacker] Label flip: 0 samples class 1 \u2192 class 0
[2026-06-20 08:08:40,249] 39 root - INFO - [Attacker] Label flip: 0 samples class 1 \u2192 class 0
[2026-06-20 08:08:40,259] 39 root - INFO - [Attacker] Label flip: 0 samples class 1 \u2192 class 0
[2026-06-20 08:08:40,269] 39 root - INFO - [Attacker] Label flip: 0 samples class 1 \u2192 class 0
[2026-06-20 08:08:40,277] 39 root - INFO - [Attacker] Label flip: 0 samples class 1 \u2192 class 0
[2026-06-20 08:08:40,288] 39 root - INFO - [Attacker] Label flip: 0 samples class 1 \u2192 class 0
[2026-06-20 08:08:40,298] 39 root - INFO - [Attacker] Label flip: 0 samples class 1 \u2192 class 0
[2026-06-20 08:08:40,308] 39 root - INFO - [Attacker] Label flip: 0 samples class 1 \u2192 class 0
[2026-06-20 08:08:40,317] 39 root - INFO - [Attacker] Label flip: 0 samples class 1 \u2192 class 0
[2026-06-20 08:08:40,330] 39 root - INFO - [Attacker] Label flip: 0 samples class 1 \u2192 class 0
[2026-06-20 08:08:40,339] 39 root - INFO - [Attacker] Label flip: 0 samples class 1 \u2192 class 0
[2026-06-20 08:08:40,349] 39 root - INFO - [Attacker] Label flip: 0 samples class 1 \u2192 class 0
[2026-06-20 08:08:40,359] 39 root - INFO - [Attacker] Label flip: 0 samples class 1 \u2192 class 0
[2026-06-20 08:08:40,370] 39 root - INFO - [Attacker] Label flip: 0 samples class 1 \u2192 class 0
[2026-06-20 08:08:40,378] 39 root - INFO - [Attacker] Label flip: 0 samples class 1 \u2192 class 0
[2026-06-20 08:08:40,388] 39 root - INFO - [Attacker] Label flip: 0 samples class 1 \u2192 class 0
[2026-06-20 08:08:40,397] 39 root - INFO - [Attacker] Label flip: 0 samples class 1 \u2192 class 0
[2026-06-20 08:08:40,406] 39 root - INFO - [Attacker] Label flip: 0 samples class 1 \u2192 class 0
[2026-06-20 08:08:40,420] 39 root - INFO - [Attacker] Label flip: 0 samples class 1 \u2192 class 0
[2026-06-20 08:08:40,429] 39 root - INFO - [Attacker] Label flip: 0 samples class 1 \u2192 class 0
[2026-06-20 08:08:40,440] 39 root - INFO - [Attacker] Label flip: 0 samples class 1 \u2192 class 0
[2026-06-20 08:08:40,449] 39 root - INFO - [Attacker] Label flip: 0 samples class 1 \u2192 class 0
[2026-06-20 08:08:40,460] 39 root - INFO - [Attacker] Label flip: 0 samples class 1 \u2192 class 0
[2026-06-20 08:08:40,470] 39 root - INFO - [Attacker] Label flip: 0 samples class 1 \u2192 class 0
[2026-06-20 08:08:40,484] 39 root - INFO - [Attacker] Label flip: 0 samples class 1 \u2192 class 0
[2026-06-20 08:08:40,487] 268 flwr - WARNING - DEPRECATED FEATURE: `client_fn` now expects a signature `def client_fn(context: Context)`.The provided `client_fn` has signature: {'cid': <Parameter "cid: str">}. You can import the `Context` like this: `from flwr.common import Context`

            This is a deprecated feature. It will be removed
            entirely in future versions of Flower.
        
[2026-06-20 08:08:40,498] 39 root - INFO - [Attacker] Label flip: 0 samples class 1 \u2192 class 0
[2026-06-20 08:08:40,506] 39 root - INFO - [Attacker] Label flip: 0 samples class 1 \u2192 class 0
[2026-06-20 08:08:40,517] 39 root - INFO - [Attacker] Label flip: 0 samples class 1 \u2192 class 0
[2026-06-20 08:08:40,527] 39 root - INFO - [Attacker] Label flip: 0 samples class 1 \u2192 class 0
[2026-06-20 08:08:40,537] 39 root - INFO - [Attacker] Label flip: 0 samples class 1 \u2192 class 0
[2026-06-20 08:08:40,547] 39 root - INFO - [Attacker] Label flip: 0 samples class 1 \u2192 class 0
[2026-06-20 08:08:40,556] 39 root - INFO - [Attacker] Label flip: 0 samples class 1 \u2192 class 0
[2026-06-20 08:08:40,567] 39 root - INFO - [Attacker] Label flip: 0 samples class 1 \u2192 class 0
[2026-06-20 08:08:40,581] 39 root - INFO - [Attacker] Label flip: 0 samples class 1 \u2192 class 0
[2026-06-20 08:08:40,591] 39 root - INFO - [Attacker] Label flip: 0 samples class 1 \u2192 class 0
[2026-06-20 08:08:40,600] 39 root - INFO - [Attacker] Label flip: 0 samples class 1 \u2192 class 0
[2026-06-20 08:08:40,609] 39 root - INFO - [Attacker] Label flip: 0 samples class 1 \u2192 class 0
[2026-06-20 08:08:40,621] 39 root - INFO - [Attacker] Label flip: 0 samples class 1 \u2192 class 0
[2026-06-20 08:08:40,633] 39 root - INFO - [Attacker] Label flip: 0 samples class 1 \u2192 class 0
[2026-06-20 08:08:40,642] 39 root - INFO - [Attacker] Label flip: 0 samples class 1 \u2192 class 0
[2026-06-20 08:08:40,652] 39 root - INFO - [Attacker] Label flip: 0 samples class 1 \u2192 class 0
[2026-06-20 08:08:40,662] 39 root - INFO - [Attacker] Label flip: 0 samples class 1 \u2192 class 0
[2026-06-20 08:08:40,671] 39 root - INFO - [Attacker] Label flip: 0 samples class 1 \u2192 class 0
[2026-06-20 08:08:40,678] 39 root - INFO - [Attacker] Label flip: 0 samples class 1 \u2192 class 0
[2026-06-20 08:08:40,687] 39 root - INFO - [Attacker] Label flip: 0 samples class 1 \u2192 class 0
[2026-06-20 08:08:40,694] 39 root - INFO - [Attacker] Label flip: 0 samples class 1 \u2192 class 0
[2026-06-20 08:08:40,702] 39 root - INFO - [Attacker] Label flip: 0 samples class 1 \u2192 class 0
[2026-06-20 08:08:40,711] 39 root - INFO - [Attacker] Label flip: 0 samples class 1 \u2192 class 0
[2026-06-20 08:08:40,718] 39 root - INFO - [Attacker] Label flip: 0 samples class 1 \u2192 class 0
[2026-06-20 08:08:40,726] 39 root - INFO - [Attacker] Label flip: 0 samples class 1 \u2192 class 0
[2026-06-20 08:08:40,733] 39 root - INFO - [Attacker] Label flip: 0 samples class 1 \u2192 class 0
[2026-06-20 08:08:40,741] 39 root - INFO - [Attacker] Label flip: 0 samples class 1 \u2192 class 0
[2026-06-20 08:08:40,750] 39 root - INFO - [Attacker] Label flip: 0 samples class 1 \u2192 class 0
[2026-06-20 08:08:40,757] 39 root - INFO - [Attacker] Label flip: 0 samples class 1 \u2192 class 0
[2026-06-20 08:08:40,766] 39 root - INFO - [Attacker] Label flip: 0 samples class 1 \u2192 class 0
[2026-06-20 08:08:40,774] 39 root - INFO - [Attacker] Label flip: 0 samples class 1 \u2192 class 0
[2026-06-20 08:08:40,782] 39 root - INFO - [Attacker] Label flip: 0 samples class 1 \u2192 class 0
[2026-06-20 08:08:40,789] 39 root - INFO - [Attacker] Label flip: 0 samples class 1 \u2192 class 0
[2026-06-20 08:08:40,799] 39 root - INFO - [Attacker] Label flip: 0 samples class 1 \u2192 class 0
[2026-06-20 08:08:40,808] 39 root - INFO - [Attacker] Label flip: 0 samples class 1 \u2192 class 0
[2026-06-20 08:08:40,819] 39 root - INFO - [Attacker] Label flip: 0 samples class 1 \u2192 class 0
[2026-06-20 08:08:40,831] 39 root - INFO - [Attacker] Label flip: 0 samples class 1 \u2192 class 0
[2026-06-20 08:08:40,847] 39 root - INFO - [Attacker] Label flip: 0 samples class 1 \u2192 class 0
[2026-06-20 08:08:40,858] 39 root - INFO - [Attacker] Label flip: 0 samples class 1 \u2192 class 0
[2026-06-20 08:08:40,869] 39 root - INFO - [Attacker] Label flip: 0 samples class 1 \u2192 class 0
[2026-06-20 08:08:40,879] 39 root - INFO - [Attacker] Label flip: 0 samples class 1 \u2192 class 0
[2026-06-20 08:08:40,888] 39 root - INFO - [Attacker] Label flip: 0 samples class 1 \u2192 class 0
[2026-06-20 08:08:40,899] 39 root - INFO - [Attacker] Label flip: 0 samples class 1 \u2192 class 0
[2026-06-20 08:08:40,909] 39 root - INFO - [Attacker] Label flip: 0 samples class 1 \u2192 class 0
[2026-06-20 08:08:40,928] 39 root - INFO - [Attacker] Label flip: 0 samples class 1 \u2192 class 0
[2026-06-20 08:08:40,946] 39 root - INFO - [Attacker] Label flip: 0 samples class 1 \u2192 class 0
[2026-06-20 08:08:40,955] 39 root - INFO - [Attacker] Label flip: 0 samples class 1 \u2192 class 0
[2026-06-20 08:08:40,965] 39 root - INFO - [Attacker] Label flip: 0 samples class 1 \u2192 class 0
[2026-06-20 08:08:40,975] 39 root - INFO - [Attacker] Label flip: 0 samples class 1 \u2192 class 0
[2026-06-20 08:08:40,993] 39 root - INFO - [Attacker] Label flip: 0 samples class 1 \u2192 class 0
[2026-06-20 08:08:41,003] 39 root - INFO - [Attacker] Label flip: 0 samples class 1 \u2192 class 0
[2026-06-20 08:08:41,027] 39 root - INFO - [Attacker] Label flip: 0 samples class 1 \u2192 class 0
[2026-06-20 08:08:41,056] 39 root - INFO - [Attacker] Label flip: 0 samples class 1 \u2192 class 0
[2026-06-20 08:08:41,098] 39 root - INFO - [Attacker] Label flip: 0 samples class 1 \u2192 class 0
[2026-06-20 08:08:41,139] 39 root - INFO - [Attacker] Label flip: 0 samples class 1 \u2192 class 0
[2026-06-20 08:08:41,228] 39 root - INFO - [Attacker] Label flip: 0 samples class 1 \u2192 class 0
[2026-06-20 08:08:41,299] 39 root - INFO - [Attacker] Label flip: 0 samples class 1 \u2192 class 0
[2026-06-20 08:08:41,372] 39 root - INFO - [Attacker] Label flip: 0 samples class 1 \u2192 class 0
[2026-06-20 08:08:41,442] 39 root - INFO - [Attacker] Label flip: 0 samples class 1 \u2192 class 0
[2026-06-20 08:08:41,532] 39 root - INFO - [Attacker] Label flip: 0 samples class 1 \u2192 class 0
[2026-06-20 08:08:41,601] 39 root - INFO - [Attacker] Label flip: 0 samples class 1 \u2192 class 0
[2026-06-20 08:08:41,640] 39 root - INFO - [Attacker] Label flip: 0 samples class 1 \u2192 class 0
[2026-06-20 08:08:41,660] 39 root - INFO - [Attacker] Label flip: 0 samples class 1 \u2192 class 0
[2026-06-20 08:08:41,715] 39 root - INFO - [Attacker] Label flip: 0 samples class 1 \u2192 class 0
[2026-06-20 08:08:41,733] 39 root - INFO - [Attacker] Label flip: 0 samples class 1 \u2192 class 0
[2026-06-20 08:08:41,744] 39 root - INFO - [Attacker] Label flip: 0 samples class 1 \u2192 class 0
[2026-06-20 08:08:41,753] 39 root - INFO - [Attacker] Label flip: 0 samples class 1 \u2192 class 0
[2026-06-20 08:08:41,764] 39 root - INFO - [Attacker] Label flip: 0 samples class 1 \u2192 class 0
[2026-06-20 08:08:41,774] 39 root - INFO - [Attacker] Label flip: 0 samples class 1 \u2192 class 0
[2026-06-20 08:08:41,784] 39 root - INFO - [Attacker] Label flip: 0 samples class 1 \u2192 class 0
[2026-06-20 08:08:41,794] 39 root - INFO - [Attacker] Label flip: 0 samples class 1 \u2192 class 0
[2026-06-20 08:08:41,804] 39 root - INFO - [Attacker] Label flip: 0 samples class 1 \u2192 class 0
[2026-06-20 08:08:41,815] 39 root - INFO - [Attacker] Label flip: 0 samples class 1 \u2192 class 0
[2026-06-20 08:08:41,823] 39 root - INFO - [Attacker] Label flip: 0 samples class 1 \u2192 class 0
[2026-06-20 08:08:41,834] 39 root - INFO - [Attacker] Label flip: 0 samples class 1 \u2192 class 0
[2026-06-20 08:08:41,849] 39 root - INFO - [Attacker] Label flip: 0 samples class 1 \u2192 class 0
[2026-06-20 08:08:41,854] 268 flwr - WARNING - DEPRECATED FEATURE: `client_fn` now expects a signature `def client_fn(context: Context)`.The provided `client_fn` has signature: {'cid': <Parameter "cid: str">}. You can import the `Context` like this: `from flwr.common import Context`

            This is a deprecated feature. It will be removed
            entirely in future versions of Flower.
        
[2026-06-20 08:08:41,861] 39 root - INFO - [Attacker] Label flip: 0 samples class 1 \u2192 class 0
[2026-06-20 08:08:41,872] 39 root - INFO - [Attacker] Label flip: 0 samples class 1 \u2192 class 0
[2026-06-20 08:08:41,881] 39 root - INFO - [Attacker] Label flip: 0 samples class 1 \u2192 class 0
[2026-06-20 08:08:41,889] 39 root - INFO - [Attacker] Label flip: 0 samples class 1 \u2192 class 0
[2026-06-20 08:08:41,897] 39 root - INFO - [Attacker] Label flip: 0 samples class 1 \u2192 class 0
[2026-06-20 08:08:41,905] 39 root - INFO - [Attacker] Label flip: 0 samples class 1 \u2192 class 0
[2026-06-20 08:08:41,914] 39 root - INFO - [Attacker] Label flip: 0 samples class 1 \u2192 class 0
[2026-06-20 08:08:41,922] 39 root - INFO - [Attacker] Label flip: 0 samples class 1 \u2192 class 0
[2026-06-20 08:08:41,934] 39 root - INFO - [Attacker] Label flip: 0 samples class 1 \u2192 class 0
re `def client_fn(context: Context)`.The provided `client_fn` has signature: {'cid': <Parameter "cid: str">}. You can import the `Context` like this: `from flwr.common import Context`

            This is a deprecated feature. It will be removed
            entirely in future versions of Flower.
        
[2026-06-20 08:08:41,949] 39 root - INFO - [Attacker] Label flip: 0 samples class 1 \u2192 class 0
[2026-06-20 08:08:41,960] 39 root - INFO - [Attacker] Label flip: 0 samples class 1 \u2192 class 0
[2026-06-20 08:08:41,975] 268 flwr - WARNING - DEPRECATED FEATURE: `client_fn` now expects a signature `def client_fn(context: Context)`.The provided `client_fn` has signature: {'cid': <Parameter "cid: str">}. You can import the `Context` like this: `from flwr.common import Context`

            This is a deprecated feature. It will be removed
            entirely in future versions of Flower.
        
[2026-06-20 08:08:41,976] 39 root - INFO - [Attacker] Label flip: 0 samples class 1 \u2192 class 0
[2026-06-20 08:08:41,988] 39 root - INFO - [Attacker] Label flip: 0 samples class 1 \u2192 class 0
[2026-06-20 08:08:41,998] 39 root - INFO - [Attacker] Label flip: 0 samples class 1 \u2192 class 0
[2026-06-20 08:08:42,009] 39 root - INFO - [Attacker] Label flip: 0 samples class 1 \u2192 class 0
[2026-06-20 08:08:42,021] 39 root - INFO - [Attacker] Label flip: 0 samples class 1 \u2192 class 0
[2026-06-20 08:08:42,031] 39 root - INFO - [Attacker] Label flip: 0 samples class 1 \u2192 class 0
[2026-06-20 08:08:42,043] 39 root - INFO - [Attacker] Label flip: 0 samples class 1 \u2192 class 0
[2026-06-20 08:08:42,057] 39 root - INFO - [Attacker] Label flip: 0 samples class 1 \u2192 class 0
[2026-06-20 08:08:42,066] 39 root - INFO - [Attacker] Label flip: 0 samples class 1 \u2192 class 0
[2026-06-20 08:08:42,075] 39 root - INFO - [Attacker] Label flip: 0 samples class 1 \u2192 class 0
[2026-06-20 08:08:42,083] 39 root - INFO - [Attacker] Label flip: 0 samples class 1 \u2192 class 0
[2026-06-20 08:08:42,090] 39 root - INFO - [Attacker] Label flip: 0 samples class 1 \u2192 class 0
[2026-06-20 08:08:42,098] 39 root - INFO - [Attacker] Label flip: 0 samples class 1 \u2192 class 0
[2026-06-20 08:08:42,105] 39 root - INFO - [Attacker] Label flip: 0 samples class 1 \u2192 class 0
[2026-06-20 08:08:42,114] 39 root - INFO - [Attacker] Label flip: 0 samples class 1 \u2192 class 0
[2026-06-20 08:08:42,121] 39 root - INFO - [Attacker] Label flip: 0 samples class 1 \u2192 class 0
[2026-06-20 08:08:42,130] 39 root - INFO - [Attacker] Label flip: 0 samples class 1 \u2192 class 0
[2026-06-20 08:08:42,137] 39 root - INFO - [Attacker] Label flip: 0 samples class 1 \u2192 class 0
[2026-06-20 08:08:42,144] 39 root - INFO - [Attacker] Label flip: 0 samples class 1 \u2192 class 0
[2026-06-20 08:08:42,152] 39 root - INFO - [Attacker] Label flip: 0 samples class 1 \u2192 class 0
[2026-06-20 08:08:42,161] 39 root - INFO - [Attacker] Label flip: 0 samples class 1 \u2192 class 0
[2026-06-20 08:08:42,168] 39 root - INFO - [Attacker] Label flip: 0 samples class 1 \u2192 class 0
[2026-06-20 08:08:42,177] 39 root - INFO - [Attacker] Label flip: 0 samples class 1 \u2192 class 0
[2026-06-20 08:08:42,185] 39 root - INFO - [Attacker] Label flip: 0 samples class 1 \u2192 class 0
[2026-06-20 08:08:42,192] 39 root - INFO - [Attacker] Label flip: 0 samples class 1 \u2192 class 0
[2026-06-20 08:08:42,201] 39 root - INFO - [Attacker] Label flip: 0 samples class 1 \u2192 class 0
[2026-06-20 08:08:42,209] 39 root - INFO - [Attacker] Label flip: 0 samples class 1 \u2192 class 0
[2026-06-20 08:08:42,216] 39 root - INFO - [Attacker] Label flip: 0 samples class 1 \u2192 class 0
[2026-06-20 08:08:42,224] 39 root - INFO - [Attacker] Label flip: 0 samples class 1 \u2192 class 0
[2026-06-20 08:08:42,232] 39 root - INFO - [Attacker] Label flip: 0 samples class 1 \u2192 class 0
[2026-06-20 08:08:42,240] 39 root - INFO - [Attacker] Label flip: 0 samples class 1 \u2192 class 0
[2026-06-20 08:08:42,248] 39 root - INFO - [Attacker] Label flip: 0 samples class 1 \u2192 class 0
[2026-06-20 08:08:42,257] 39 root - INFO - [Attacker] Label flip: 0 samples class 1 \u2192 class 0
[2026-06-20 08:08:42,271] 39 root - INFO - [Attacker] Label flip: 0 samples class 1 \u2192 class 0
[2026-06-20 08:08:42,283] 39 root - INFO - [Attacker] Label flip: 0 samples class 1 \u2192 class 0
[2026-06-20 08:08:42,281] 268 flwr - WARNING - DEPRECATED FEATURE: `client_fn` now expects a signature `def client_fn(context: Context)`.The provided `client_fn` has signature: {'cid': <Parameter "cid: str">}. You can import the `Context` like this: `from flwr.common import Context`

            This is a deprecated feature. It will be removed
            entirely in future versions of Flower.
        
[2026-06-20 08:08:42,293] 39 root - INFO - [Attacker] Label flip: 0 samples class 1 \u2192 class 0
[2026-06-20 08:08:42,301] 39 root - INFO - [Attacker] Label flip: 0 samples class 1 \u2192 class 0
[2026-06-20 08:08:42,309] 39 root - INFO - [Attacker] Label flip: 0 samples class 1 \u2192 class 0
[2026-06-20 08:08:42,318] 39 root - INFO - [Attacker] Label flip: 0 samples class 1 \u2192 class 0
[2026-06-20 08:08:42,322] 39 root - INFO - [Attacker] Label flip: 0 samples class 1 \u2192 class 0
[2026-06-20 08:08:42,326] 39 root - INFO - [Attacker] Label flip: 0 samples class 1 \u2192 class 0
[2026-06-20 08:08:42,330] 39 root - INFO - [Attacker] Label flip: 0 samples class 1 \u2192 class 0
[2026-06-20 08:08:42,335] 39 root - INFO - [Attacker] Label flip: 0 samples class 1 \u2192 class 0
[2026-06-20 08:08:42,338] 39 root - INFO - [Attacker] Label flip: 0 samples class 1 \u2192 class 0
[2026-06-20 08:08:42,343] 39 root - INFO - [Attacker] Label flip: 0 samples class 1 \u2192 class 0
[2026-06-20 08:08:42,347] 39 root - INFO - [Attacker] Label flip: 0 samples class 1 \u2192 class 0
[2026-06-20 08:08:42,352] 39 root - INFO - [Attacker] Label flip: 0 samples class 1 \u2192 class 0
[2026-06-20 08:08:42,357] 39 root - INFO - [Attacker] Label flip: 0 samples class 1 \u2192 class 0
[2026-06-20 08:08:42,365] 39 root - INFO - [Attacker] Label flip: 0 samples class 1 \u2192 class 0
[2026-06-20 08:08:42,367] 39 root - INFO - [Attacker] Label flip: 0 samples class 1 \u2192 class 0
[2026-06-20 08:08:42,372] 39 root - INFO - [Attacker] Label flip: 0 samples class 1 \u2192 class 0
[2026-06-20 08:08:42,379] 39 root - INFO - [Attacker] Label flip: 0 samples class 1 \u2192 class 0
[2026-06-20 08:08:42,382] 39 root - INFO - [Attacker] Label flip: 0 samples class 1 \u2192 class 0
[2026-06-20 08:08:42,388] 39 root - INFO - [Attacker] Label flip: 0 samples class 1 \u2192 class 0
[2026-06-20 08:08:42,390] 39 root - INFO - [Attacker] Label flip: 0 samples class 1 \u2192 class 0
[2026-06-20 08:08:42,398] 39 root - INFO - [Attacker] Label flip: 0 samples class 1 \u2192 class 0
[2026-06-20 08:08:42,399] 39 root - INFO - [Attacker] Label flip: 0 samples class 1 \u2192 class 0
[2026-06-20 08:08:42,406] 39 root - INFO - [Attacker] Label flip: 0 samples class 1 \u2192 class 0
[2026-06-20 08:08:42,407] 39 root - INFO - [Attacker] Label flip: 0 samples class 1 \u2192 class 0
[2026-06-20 08:08:42,414] 39 root - INFO - [Attacker] Label flip: 0 samples class 1 \u2192 class 0
[2026-06-20 08:08:42,416] 39 root - INFO - [Attacker] Label flip: 0 samples class 1 \u2192 class 0
[2026-06-20 08:08:42,423] 39 root - INFO - [Attacker] Label flip: 0 samples class 1 \u2192 class 0
[2026-06-20 08:08:42,423] 39 root - INFO - [Attacker] Label flip: 0 samples class 1 \u2192 class 0
[2026-06-20 08:08:42,431] 39 root - INFO - [Attacker] Label flip: 0 samples class 1 \u2192 class 0
[2026-06-20 08:08:42,433] 39 root - INFO - [Attacker] Label flip: 1 samples class 1 \u2192 class 0
[2026-06-20 08:08:42,439] 39 root - INFO - [Attacker] Label flip: 0 samples class 1 \u2192 class 0
[2026-06-20 08:08:42,443] 39 root - INFO - [Attacker] Label flip: 0 samples class 1 \u2192 class 0
[2026-06-20 08:08:42,447] 39 root - INFO - [Attacker] Label flip: 0 samples class 1 \u2192 class 0
[2026-06-20 08:08:42,450] 39 root - INFO - [Attacker] Label flip: 0 samples class 1 \u2192 class 0
[2026-06-20 08:08:42,455] 39 root - INFO - [Attacker] Label flip: 0 samples class 1 \u2192 class 0
[2026-06-20 08:08:42,462] 39 root - INFO - [Attacker] Label flip: 0 samples class 1 \u2192 class 0
[2026-06-20 08:08:42,463] 39 root - INFO - [Attacker] Label flip: 0 samples class 1 \u2192 class 0
[2026-06-20 08:08:42,470] 39 root - INFO - [Attacker] Label flip: 0 samples class 1 \u2192 class 0
[2026-06-20 08:08:42,472] 39 root - INFO - [Attacker] Label flip: 0 samples class 1 \u2192 class 0
[2026-06-20 08:08:42,478] 39 root - INFO - [Attacker] Label flip: 0 samples class 1 \u2192 class 0
[2026-06-20 08:08:42,479] 39 root - INFO - [Attacker] Label flip: 0 samples class 1 \u2192 class 0
[2026-06-20 08:08:42,487] 39 root - INFO - [Attacker] Label flip: 0 samples class 1 \u2192 class 0
[2026-06-20 08:08:42,488] 39 root - INFO - [Attacker] Label flip: 0 samples class 1 \u2192 class 0
[2026-06-20 08:08:42,495] 39 root - INFO - [Attacker] Label flip: 0 samples class 1 \u2192 class 0
[2026-06-20 08:08:42,495] 39 root - INFO - [Attacker] Label flip: 0 samples class 1 \u2192 class 0
[2026-06-20 08:08:42,503] 39 root - INFO - [Attacker] Label flip: 0 samples class 1 \u2192 class 0
[2026-06-20 08:08:42,509] 39 root - INFO - [Attacker] Label flip: 0 samples class 1 \u2192 class 0
[2026-06-20 08:08:42,511] 39 root - INFO - [Attacker] Label flip: 0 samples class 1 \u2192 class 0
[2026-06-20 08:08:42,517] 39 root - INFO - [Attacker] Label flip: 0 samples class 1 \u2192 class 0
[2026-06-20 08:08:42,520] 39 root - INFO - [Attacker] Label flip: 0 samples class 1 \u2192 class 0
[2026-06-20 08:08:42,524] 39 root - INFO - [Attacker] Label flip: 0 samples class 1 \u2192 class 0
[2026-06-20 08:08:42,528] 39 root - INFO - [Attacker] Label flip: 0 samples class 1 \u2192 class 0
[2026-06-20 08:08:42,532] 39 root - INFO - [Attacker] Label flip: 0 samples class 1 \u2192 class 0
[2026-06-20 08:08:42,538] 39 root - INFO - [Attacker] Label flip: 0 samples class 1 \u2192 class 0
[2026-06-20 08:08:42,541] 39 root - INFO - [Attacker] Label flip: 0 samples class 1 \u2192 class 0
[2026-06-20 08:08:42,547] 39 root - INFO - [Attacker] Label flip: 0 samples class 1 \u2192 class 0
[2026-06-20 08:08:42,548] 39 root - INFO - [Attacker] Label flip: 0 samples class 1 \u2192 class 0
[2026-06-20 08:08:42,555] 39 root - INFO - [Attacker] Label flip: 0 samples class 1 \u2192 class 0
[2026-06-20 08:08:42,556] 39 root - INFO - [Attacker] Label flip: 0 samples class 1 \u2192 class 0
[2026-06-20 08:08:42,564] 39 root - INFO - [Attacker] Label flip: 0 samples class 1 \u2192 class 0
[2026-06-20 08:08:42,565] 39 root - INFO - [Attacker] Label flip: 0 samples class 1 \u2192 class 0
[2026-06-20 08:08:42,572] 39 root - INFO - [Attacker] Label flip: 0 samples class 1 \u2192 class 0
[2026-06-20 08:08:42,572] 39 root - INFO - [Attacker] Label flip: 0 samples class 1 \u2192 class 0
[2026-06-20 08:08:42,579] 39 root - INFO - [Attacker] Label flip: 0 samples class 1 \u2192 class 0
[2026-06-20 08:08:42,580] 39 root - INFO - [Attacker] Label flip: 0 samples class 1 \u2192 class 0
[2026-06-20 08:08:42,588] 39 root - INFO - [Attacker] Label flip: 0 samples class 1 \u2192 class 0
[2026-06-20 08:08:42,589] 39 root - INFO - [Attacker] Label flip: 0 samples class 1 \u2192 class 0
[2026-06-20 08:08:42,595] 39 root - INFO - [Attacker] Label flip: 0 samples class 1 \u2192 class 0
[2026-06-20 08:08:42,597] 39 root - INFO - [Attacker] Label flip: 0 samples class 1 \u2192 class 0
[2026-06-20 08:08:42,602] 39 root - INFO - [Attacker] Label flip: 0 samples class 1 \u2192 class 0
[2026-06-20 08:08:42,606] 39 root - INFO - [Attacker] Label flip: 0 samples class 1 \u2192 class 0
[2026-06-20 08:08:42,612] 39 root - INFO - [Attacker] Label flip: 0 samples class 1 \u2192 class 0
[2026-06-20 08:08:42,614] 39 root - INFO - [Attacker] Label flip: 0 samples class 1 \u2192 class 0
[2026-06-20 08:08:42,619] 39 root - INFO - [Attacker] Label flip: 0 samples class 1 \u2192 class 0
[2026-06-20 08:08:42,622] 39 root - INFO - [Attacker] Label flip: 0 samples class 1 \u2192 class 0
[2026-06-20 08:08:42,627] 39 root - INFO - [Attacker] Label flip: 0 samples class 1 \u2192 class 0
[2026-06-20 08:08:42,630] 39 root - INFO - [Attacker] Label flip: 0 samples class 1 \u2192 class 0
[2026-06-20 08:08:42,635] 39 root - INFO - [Attacker] Label flip: 0 samples class 1 \u2192 class 0
[2026-06-20 08:08:42,638] 39 root - INFO - [Attacker] Label flip: 0 samples class 1 \u2192 class 0
[2026-06-20 08:08:42,643] 39 root - INFO - [Attacker] Label flip: 0 samples class 1 \u2192 class 0
[2026-06-20 08:08:42,646] 39 root - INFO - [Attacker] Label flip: 0 samples class 1 \u2192 class 0
[2026-06-20 08:08:42,651] 39 root - INFO - [Attacker] Label flip: 0 samples class 1 \u2192 class 0
[2026-06-20 08:08:42,654] 39 root - INFO - [Attacker] Label flip: 0 samples class 1 \u2192 class 0
[2026-06-20 08:08:42,658] 39 root - INFO - [Attacker] Label flip: 0 samples class 1 \u2192 class 0
[2026-06-20 08:08:42,662] 39 root - INFO - [Attacker] Label flip: 0 samples class 1 \u2192 class 0
[2026-06-20 08:08:42,667] 39 root - INFO - [Attacker] Label flip: 0 samples class 1 \u2192 class 0
[2026-06-20 08:08:42,670] 39 root - INFO - [Attacker] Label flip: 0 samples class 1 \u2192 class 0
[2026-06-20 08:08:42,675] 39 root - INFO - [Attacker] Label flip: 0 samples class 1 \u2192 class 0
[2026-06-20 08:08:42,678] 39 root - INFO - [Attacker] Label flip: 0 samples class 1 \u2192 class 0
[2026-06-20 08:08:42,683] 39 root - INFO - [Attacker] Label flip: 0 samples class 1 \u2192 class 0
[2026-06-20 08:08:42,686] 39 root - INFO - [Attacker] Label flip: 0 samples class 1 \u2192 class 0
[2026-06-20 08:08:42,691] 39 root - INFO - [Attacker] Label flip: 0 samples class 1 \u2192 class 0
[2026-06-20 08:08:42,694] 39 root - INFO - [Attacker] Label flip: 0 samples class 1 \u2192 class 0
[2026-06-20 08:08:42,699] 39 root - INFO - [Attacker] Label flip: 0 samples class 1 \u2192 class 0
[2026-06-20 08:08:42,703] 39 root - INFO - [Attacker] Label flip: 0 samples class 1 \u2192 class 0
[2026-06-20 08:08:42,707] 39 root - INFO - [Attacker] Label flip: 0 samples class 1 \u2192 class 0
[2026-06-20 08:08:42,711] 39 root - INFO - [Attacker] Label flip: 0 samples class 1 \u2192 class 0
[2026-06-20 08:08:42,715] 39 root - INFO - [Attacker] Label flip: 0 samples class 1 \u2192 class 0
[2026-06-20 08:08:42,718] 39 root - INFO - [Attacker] Label flip: 0 samples class 1 \u2192 class 0
[2026-06-20 08:08:42,724] 39 root - INFO - [Attacker] Label flip: 0 samples class 1 \u2192 class 0
[2026-06-20 08:08:42,727] 39 root - INFO - [Attacker] Label flip: 0 samples class 1 \u2192 class 0
[2026-06-20 08:08:42,732] 39 root - INFO - [Attacker] Label flip: 0 samples class 1 \u2192 class 0
[2026-06-20 08:08:42,734] 39 root - INFO - [Attacker] Label flip: 0 samples class 1 \u2192 class 0
[2026-06-20 08:08:42,740] 39 root - INFO - [Attacker] Label flip: 0 samples class 1 \u2192 class 0
[2026-06-20 08:08:42,742] 39 root - INFO - [Attacker] Label flip: 0 samples class 1 \u2192 class 0
[2026-06-20 08:08:42,749] 39 root - INFO - [Attacker] Label flip: 0 samples class 1 \u2192 class 0
[2026-06-20 08:08:42,751] 39 root - INFO - [Attacker] Label flip: 0 samples class 1 \u2192 class 0
[2026-06-20 08:08:42,756] 39 root - INFO - [Attacker] Label flip: 0 samples class 1 \u2192 class 0
[2026-06-20 08:08:42,758] 39 root - INFO - [Attacker] Label flip: 0 samples class 1 \u2192 class 0
[2026-06-20 08:08:42,764] 39 root - INFO - [Attacker] Label flip: 0 samples class 1 \u2192 class 0
[2026-06-20 08:08:42,766] 39 root - INFO - [Attacker] Label flip: 0 samples class 1 \u2192 class 0
[2026-06-20 08:08:42,773] 39 root - INFO - [Attacker] Label flip: 0 samples class 1 \u2192 class 0
[2026-06-20 08:08:42,775] 39 root - INFO - [Attacker] Label flip: 0 samples class 1 \u2192 class 0
[2026-06-20 08:08:42,780] 39 root - INFO - [Attacker] Label flip: 0 samples class 1 \u2192 class 0
[2026-06-20 08:08:42,782] 39 root - INFO - [Attacker] Label flip: 0 samples class 1 \u2192 class 0
[2026-06-20 08:08:42,789] 39 root - INFO - [Attacker] Label flip: 0 samples class 1 \u2192 class 0
[2026-06-20 08:08:42,791] 39 root - INFO - [Attacker] Label flip: 0 samples class 1 \u2192 class 0
[2026-06-20 08:08:42,796] 39 root - INFO - [Attacker] Label flip: 0 samples class 1 \u2192 class 0
[2026-06-20 08:08:42,798] 39 root - INFO - [Attacker] Label flip: 0 samples class 1 \u2192 class 0
[2026-06-20 08:08:42,805] 39 root - INFO - [Attacker] Label flip: 0 samples class 1 \u2192 class 0
[2026-06-20 08:08:42,807] 39 root - INFO - [Attacker] Label flip: 0 samples class 1 \u2192 class 0
[2026-06-20 08:08:42,813] 39 root - INFO - [Attacker] Label flip: 0 samples class 1 \u2192 class 0
[2026-06-20 08:08:42,815] 39 root - INFO - [Attacker] Label flip: 0 samples class 1 \u2192 class 0
[2026-06-20 08:08:42,821] 39 root - INFO - [Attacker] Label flip: 0 samples class 1 \u2192 class 0
[2026-06-20 08:08:42,823] 39 root - INFO - [Attacker] Label flip: 0 samples class 1 \u2192 class 0
[2026-06-20 08:08:42,829] 39 root - INFO - [Attacker] Label flip: 0 samples class 1 \u2192 class 0
[2026-06-20 08:08:42,830] 39 root - INFO - [Attacker] Label flip: 0 samples class 1 \u2192 class 0
[2026-06-20 08:08:42,837] 39 root - INFO - [Attacker] Label flip: 0 samples class 1 \u2192 class 0
[2026-06-20 08:08:42,839] 39 root - INFO - [Attacker] Label flip: 0 samples class 1 \u2192 class 0
[2026-06-20 08:08:42,845] 39 root - INFO - [Attacker] Label flip: 0 samples class 1 \u2192 class 0
[2026-06-20 08:08:42,849] 39 root - INFO - [Attacker] Label flip: 0 samples class 1 \u2192 class 0
[2026-06-20 08:08:42,853] 39 root - INFO - [Attacker] Label flip: 0 samples class 1 \u2192 class 0
[2026-06-20 08:08:42,859] 39 root - INFO - [Attacker] Label flip: 0 samples class 1 \u2192 class 0
[2026-06-20 08:08:42,861] 39 root - INFO - [Attacker] Label flip: 0 samples class 1 \u2192 class 0
[2026-06-20 08:08:42,868] 39 root - INFO - [Attacker] Label flip: 0 samples class 1 \u2192 class 0
[2026-06-20 08:08:42,873] 39 root - INFO - [Attacker] Label flip: 0 samples class 1 \u2192 class 0
[2026-06-20 08:08:42,881] 39 root - INFO - [Attacker] Label flip: 0 samples class 1 \u2192 class 0
[2026-06-20 08:08:42,886] 39 root - INFO - [Attacker] Label flip: 0 samples class 1 \u2192 class 0
[2026-06-20 08:08:42,890] 39 root - INFO - [Attacker] Label flip: 0 samples class 1 \u2192 class 0
[2026-06-20 08:08:42,898] 39 root - INFO - [Attacker] Label flip: 0 samples class 1 \u2192 class 0
[2026-06-20 08:08:42,906] 39 root - INFO - [Attacker] Label flip: 0 samples class 1 \u2192 class 0
[2026-06-20 08:08:42,907] 39 root - INFO - [Attacker] Label flip: 0 samples class 1 \u2192 class 0
[2026-06-20 08:08:42,908] 268 flwr - WARNING - DEPRECATED FEATURE: `client_fn` now expects a signature `def client_fn(context: Context)`.The provided `client_fn` has signature: {'cid': <Parameter "cid: str">}. You can import the `Context` like this: `from flwr.common import Context`

            This is a deprecated feature. It will be removed
            entirely in future versions of Flower.
        
[2026-06-20 08:08:42,915] 39 root - INFO - [Attacker] Label flip: 0 samples class 1 \u2192 class 0
[2026-06-20 08:08:42,919] 39 root - INFO - [Attacker] Label flip: 0 samples class 1 \u2192 class 0
[2026-06-20 08:08:42,924] 39 root - INFO - [Attacker] Label flip: 0 samples class 1 \u2192 class 0
[2026-06-20 08:08:42,928] 39 root - INFO - [Attacker] Label flip: 0 samples class 1 \u2192 class 0
[2026-06-20 08:08:42,934] 39 root - INFO - [Attacker] Label flip: 0 samples class 1 \u2192 class 0
[2026-06-20 08:08:42,939] 39 root - INFO - [Attacker] Label flip: 0 samples class 1 \u2192 class 0
[2026-06-20 08:08:42,943] 39 root - INFO - [Attacker] Label flip: 0 samples class 1 \u2192 class 0
[2026-06-20 08:08:42,948] 39 root - INFO - [Attacker] Label flip: 0 samples class 1 \u2192 class 0
[2026-06-20 08:08:42,951] 39 root - INFO - [Attacker] Label flip: 1 samples class 1 \u2192 class 0
[2026-06-20 08:08:42,960] 39 root - INFO - [Attacker] Label flip: 0 samples class 1 \u2192 class 0
[2026-06-20 08:08:42,961] 39 root - INFO - [Attacker] Label flip: 0 samples class 1 \u2192 class 0
[2026-06-20 08:08:42,969] 39 root - INFO - [Attacker] Label flip: 0 samples class 1 \u2192 class 0
[2026-06-20 08:08:42,970] 39 root - INFO - [Attacker] Label flip: 0 samples class 1 \u2192 class 0
[2026-06-20 08:08:42,979] 39 root - INFO - [Attacker] Label flip: 0 samples class 1 \u2192 class 0
[2026-06-20 08:08:42,981] 39 root - INFO - [Attacker] Label flip: 0 samples class 1 \u2192 class 0
[2026-06-20 08:08:42,990] 39 root - INFO - [Attacker] Label flip: 0 samples class 1 \u2192 class 0
[2026-06-20 08:08:42,991] 39 root - INFO - [Attacker] Label flip: 0 samples class 1 \u2192 class 0
[2026-06-20 08:08:42,998] 39 root - INFO - [Attacker] Label flip: 0 samples class 1 \u2192 class 0
[2026-06-20 08:08:43,001] 39 root - INFO - [Attacker] Label flip: 0 samples class 1 \u2192 class 0
[2026-06-20 08:08:43,007] 39 root - INFO - [Attacker] Label flip: 0 samples class 1 \u2192 class 0
[2026-06-20 08:08:43,014] 39 root - INFO - [Attacker] Label flip: 0 samples class 1 \u2192 class 0
[2026-06-20 08:08:43,015] 39 root - INFO - [Attacker] Label flip: 0 samples class 1 \u2192 class 0
[2026-06-20 08:08:43,024] 39 root - INFO - [Attacker] Label flip: 0 samples class 1 \u2192 class 0
[2026-06-20 08:08:43,028] 39 root - INFO - [Attacker] Label flip: 0 samples class 1 \u2192 class 0
[2026-06-20 08:08:43,032] 39 root - INFO - [Attacker] Label flip: 0 samples class 1 \u2192 class 0
[2026-06-20 08:08:43,040] 39 root - INFO - [Attacker] Label flip: 0 samples class 1 \u2192 class 0
[2026-06-20 08:08:43,041] 39 root - INFO - [Attacker] Label flip: 0 samples class 1 \u2192 class 0
[2026-06-20 08:08:43,049] 39 root - INFO - [Attacker] Label flip: 0 samples class 1 \u2192 class 0
[2026-06-20 08:08:43,051] 39 root - INFO - [Attacker] Label flip: 0 samples class 1 \u2192 class 0
[2026-06-20 08:08:43,060] 39 root - INFO - [Attacker] Label flip: 0 samples class 1 \u2192 class 0
[2026-06-20 08:08:43,061] 39 root - INFO - [Attacker] Label flip: 0 samples class 1 \u2192 class 0
[2026-06-20 08:08:43,071] 39 root - INFO - [Attacker] Label flip: 0 samples class 1 \u2192 class 0
[2026-06-20 08:08:43,071] 39 root - INFO - [Attacker] Label flip: 0 samples class 1 \u2192 class 0
[2026-06-20 08:08:43,079] 39 root - INFO - [Attacker] Label flip: 0 samples class 1 \u2192 class 0
[2026-06-20 08:08:43,083] 39 root - INFO - [Attacker] Label flip: 0 samples class 1 \u2192 class 0
[2026-06-20 08:08:43,089] 39 root - INFO - [Attacker] Label flip: 0 samples class 1 \u2192 class 0
[2026-06-20 08:08:43,094] 39 root - INFO - [Attacker] Label flip: 0 samples class 1 \u2192 class 0
[2026-06-20 08:08:43,105] 39 root - INFO - [Attacker] Label flip: 0 samples class 1 \u2192 class 0
[2026-06-20 08:08:43,106] 39 root - INFO - [Attacker] Label flip: 0 samples class 1 \u2192 class 0
[2026-06-20 08:08:43,112] 39 root - INFO - [Attacker] Label flip: 0 samples class 1 \u2192 class 0
[2026-06-20 08:08:43,115] 39 root - INFO - [Attacker] Label flip: 0 samples class 1 \u2192 class 0
[2026-06-20 08:08:43,121] 39 root - INFO - [Attacker] Label flip: 0 samples class 1 \u2192 class 0
[2026-06-20 08:08:43,123] 39 root - INFO - [Attacker] Label flip: 0 samples class 1 \u2192 class 0
[2026-06-20 08:08:43,129] 39 root - INFO - [Attacker] Label flip: 0 samples class 1 \u2192 class 0
[2026-06-20 08:08:43,137] 39 root - INFO - [Attacker] Label flip: 0 samples class 1 \u2192 class 0
[2026-06-20 08:08:43,137] 39 root - INFO - [Attacker] Label flip: 0 samples class 1 \u2192 class 0
[2026-06-20 08:08:43,146] 39 root - INFO - [Attacker] Label flip: 0 samples class 1 \u2192 class 0
[2026-06-20 08:08:43,151] 39 root - INFO - [Attacker] Label flip: 0 samples class 1 \u2192 class 0
[2026-06-20 08:08:43,154] 39 root - INFO - [Attacker] Label flip: 0 samples class 1 \u2192 class 0
[2026-06-20 08:08:43,158] 39 root - INFO - [Attacker] Label flip: 0 samples class 1 \u2192 class 0
[2026-06-20 08:08:43,162] 39 root - INFO - [Attacker] Label flip: 0 samples class 1 \u2192 class 0
[2026-06-20 08:08:43,170] 39 root - INFO - [Attacker] Label flip: 0 samples class 1 \u2192 class 0
[2026-06-20 08:08:43,170] 39 root - INFO - [Attacker] Label flip: 0 samples class 1 \u2192 class 0
[2026-06-20 08:08:43,178] 39 root - INFO - [Attacker] Label flip: 0 samples class 1 \u2192 class 0
[2026-06-20 08:08:43,180] 39 root - INFO - [Attacker] Label flip: 0 samples class 1 \u2192 class 0
[2026-06-20 08:08:43,187] 39 root - INFO - [Attacker] Label flip: 0 samples class 1 \u2192 class 0
[2026-06-20 08:08:43,196] 39 root - INFO - [Attacker] Label flip: 0 samples class 1 \u2192 class 0
[2026-06-20 08:08:43,202] 39 root - INFO - [Attacker] Label flip: 0 samples class 1 \u2192 class 0
[2026-06-20 08:08:43,205] 39 root - INFO - [Attacker] Label flip: 0 samples class 1 \u2192 class 0
[2026-06-20 08:08:43,209] 39 root - INFO - [Attacker] Label flip: 0 samples class 1 \u2192 class 0
[2026-06-20 08:08:43,214] 39 root - INFO - [Attacker] Label flip: 0 samples class 1 \u2192 class 0
[2026-06-20 08:08:43,217] 39 root - INFO - [Attacker] Label flip: 0 samples class 1 \u2192 class 0
[2026-06-20 08:08:43,222] 39 root - INFO - [Attacker] Label flip: 0 samples class 1 \u2192 class 0
[2026-06-20 08:08:43,225] 39 root - INFO - [Attacker] Label flip: 0 samples class 1 \u2192 class 0
[2026-06-20 08:08:43,228] 268 flwr - WARNING - DEPRECATED FEATURE: `client_fn` now expects a signature `def client_fn(context: Context)`.The provided `client_fn` has signature: {'cid': <Parameter "cid: str">}. You can import the `Context` like this: `from flwr.common import Context`

            This is a deprecated feature. It will be removed
            entirely in future versions of Flower.
        
[2026-06-20 08:08:43,231] 39 root - INFO - [Attacker] Label flip: 0 samples class 1 \u2192 class 0
[2026-06-20 08:08:43,233] 39 root - INFO - [Attacker] Label flip: 0 samples class 1 \u2192 class 0
[2026-06-20 08:08:43,240] 39 root - INFO - [Attacker] Label flip: 0 samples class 1 \u2192 class 0
[2026-06-20 08:08:43,242] 39 root - INFO - [Attacker] Label flip: 0 samples class 1 \u2192 class 0
[2026-06-20 08:08:43,249] 39 root - INFO - [Attacker] Label flip: 0 samples class 1 \u2192 class 0
[2026-06-20 08:08:43,250] 39 root - INFO - [Attacker] Label flip: 0 samples class 1 \u2192 class 0
[2026-06-20 08:08:43,257] 39 root - INFO - [Attacker] Label flip: 0 samples class 1 \u2192 class 0
[2026-06-20 08:08:43,258] 39 root - INFO - [Attacker] Label flip: 0 samples class 1 \u2192 class 0
[2026-06-20 08:08:43,265] 39 root - INFO - [Attacker] Label flip: 0 samples class 1 \u2192 class 0
[2026-06-20 08:08:43,266] 39 root - INFO - [Attacker] Label flip: 0 samples class 1 \u2192 class 0
[2026-06-20 08:08:43,273] 39 root - INFO - [Attacker] Label flip: 0 samples class 1 \u2192 class 0
[2026-06-20 08:08:43,274] 39 root - INFO - [Attacker] Label flip: 0 samples class 1 \u2192 class 0
[2026-06-20 08:08:43,280] 39 root - INFO - [Attacker] Label flip: 0 samples class 1 \u2192 class 0
[2026-06-20 08:08:43,281] 39 root - INFO - [Attacker] Label flip: 0 samples class 1 \u2192 class 0
[2026-06-20 08:08:43,290] 39 root - INFO - [Attacker] Label flip: 0 samples class 1 \u2192 class 0
[2026-06-20 08:08:43,291] 39 root - INFO - [Attacker] Label flip: 0 samples class 1 \u2192 class 0
[2026-06-20 08:08:43,300] 39 root - INFO - [Attacker] Label flip: 0 samples class 1 \u2192 class 0
[2026-06-20 08:08:43,302] 39 root - INFO - [Attacker] Label flip: 0 samples class 1 \u2192 class 0
[2026-06-20 08:08:43,311] 39 root - INFO - [Attacker] Label flip: 0 samples class 1 \u2192 class 0
[2026-06-20 08:08:43,313] 39 root - INFO - [Attacker] Label flip: 0 samples class 1 \u2192 class 0
[2026-06-20 08:08:43,325] 39 root - INFO - [Attacker] Label flip: 0 samples class 1 \u2192 class 0
[2026-06-20 08:08:43,325] 39 root - INFO - [Attacker] Label flip: 0 samples class 1 \u2192 class 0
[2026-06-20 08:08:43,338] 39 root - INFO - [Attacker] Label flip: 0 samples class 1 \u2192 class 0
[2026-06-20 08:08:43,338] 39 root - INFO - [Attacker] Label flip: 0 samples class 1 \u2192 class 0
[2026-06-20 08:08:43,346] 39 root - INFO - [Attacker] Label flip: 0 samples class 1 \u2192 class 0
[2026-06-20 08:08:43,347] 39 root - INFO - [Attacker] Label flip: 0 samples class 1 \u2192 class 0
[2026-06-20 08:08:43,353] 39 root - INFO - [Attacker] Label flip: 0 samples class 1 \u2192 class 0
[2026-06-20 08:08:43,354] 39 root - INFO - [Attacker] Label flip: 0 samples class 1 \u2192 class 0
[2026-06-20 08:08:43,361] 39 root - INFO - [Attacker] Label flip: 0 samples class 1 \u2192 class 0
[2026-06-20 08:08:43,362] 39 root - INFO - [Attacker] Label flip: 0 samples class 1 \u2192 class 0
[2026-06-20 08:08:43,369] 39 root - INFO - [Attacker] Label flip: 0 samples class 1 \u2192 class 0
[2026-06-20 08:08:43,370] 39 root - INFO - [Attacker] Label flip: 0 samples class 1 \u2192 class 0
[2026-06-20 08:08:43,376] 39 root - INFO - [Attacker] Label flip: 0 samples class 1 \u2192 class 0
[2026-06-20 08:08:43,377] 39 root - INFO - [Attacker] Label flip: 0 samples class 1 \u2192 class 0
[2026-06-20 08:08:43,386] 39 root - INFO - [Attacker] Label flip: 0 samples class 1 \u2192 class 0
[2026-06-20 08:08:43,386] 39 root - INFO - [Attacker] Label flip: 0 samples class 1 \u2192 class 0
[2026-06-20 08:08:43,395] 39 root - INFO - [Attacker] Label flip: 0 samples class 1 \u2192 class 0
[2026-06-20 08:08:43,398] 39 root - INFO - [Attacker] Label flip: 0 samples class 1 \u2192 class 0
[2026-06-20 08:08:43,406] 39 root - INFO - [Attacker] Label flip: 0 samples class 1 \u2192 class 0
[2026-06-20 08:08:43,412] 39 root - INFO - [Attacker] Label flip: 0 samples class 1 \u2192 class 0
[2026-06-20 08:08:43,417] 39 root - INFO - [Attacker] Label flip: 0 samples class 1 \u2192 class 0
[2026-06-20 08:08:43,421] 39 root - INFO - [Attacker] Label flip: 0 samples class 1 \u2192 class 0
[2026-06-20 08:08:43,425] 39 root - INFO - [Attacker] Label flip: 0 samples class 1 \u2192 class 0
[2026-06-20 08:08:43,436] 39 root - INFO - [Attacker] Label flip: 0 samples class 1 \u2192 class 0
[2026-06-20 08:08:43,439] 39 root - INFO - [Attacker] Label flip: 0 samples class 1 \u2192 class 0
[2026-06-20 08:08:43,445] 39 root - INFO - [Attacker] Label flip: 0 samples class 1 \u2192 class 0
[2026-06-20 08:08:43,448] 39 root - INFO - [Attacker] Label flip: 0 samples class 1 \u2192 class 0
[2026-06-20 08:08:43,453] 39 root - INFO - [Attacker] Label flip: 1 samples class 1 \u2192 class 0
[2026-06-20 08:08:43,455] 39 root - INFO - [Attacker] Label flip: 0 samples class 1 \u2192 class 0
[2026-06-20 08:08:43,460] 39 root - INFO - [Attacker] Label flip: 0 samples class 1 \u2192 class 0
[2026-06-20 08:08:43,464] 39 root - INFO - [Attacker] Label flip: 0 samples class 1 \u2192 class 0
[2026-06-20 08:08:43,469] 39 root - INFO - [Attacker] Label flip: 0 samples class 1 \u2192 class 0
[2026-06-20 08:08:43,474] 39 root - INFO - [Attacker] Label flip: 0 samples class 1 \u2192 class 0
[2026-06-20 08:08:43,477] 268 flwr - WARNING - DEPRECATED FEATURE: `client_fn` now expects a signature `def client_fn(context: Context)`.The provided `client_fn` has signature: {'cid': <Parameter "cid: str">}. You can import the `Context` like this: `from flwr.common import Context`

            This is a deprecated feature. It will be removed
            entirely in future versions of Flower.
        
[2026-06-20 08:08:43,481] 39 root - INFO - [Attacker] Label flip: 0 samples class 1 \u2192 class 0
[2026-06-20 08:08:43,485] 39 root - INFO - [Attacker] Label flip: 0 samples class 1 \u2192 class 0
[2026-06-20 08:08:43,490] 39 root - INFO - [Attacker] Label flip: 0 samples class 1 \u2192 class 0
[2026-06-20 08:08:43,493] 39 root - INFO - [Attacker] Label flip: 0 samples class 1 \u2192 class 0
[2026-06-20 08:08:43,499] 39 root - INFO - [Attacker] Label flip: 1 samples class 1 \u2192 class 0
[2026-06-20 08:08:43,502] 39 root - INFO - [Attacker] Label flip: 0 samples class 1 \u2192 class 0
[2026-06-20 08:08:43,506] 39 root - INFO - [Attacker] Label flip: 0 samples class 1 \u2192 class 0
[2026-06-20 08:08:43,509] 39 root - INFO - [Attacker] Label flip: 0 samples class 1 \u2192 class 0
[2026-06-20 08:08:43,514] 39 root - INFO - [Attacker] Label flip: 0 samples class 1 \u2192 class 0
[2026-06-20 08:08:43,518] 39 root - INFO - [Attacker] Label flip: 0 samples class 1 \u2192 class 0
[2026-06-20 08:08:43,527] 39 root - INFO - [Attacker] Label flip: 0 samples class 1 \u2192 class 0
[2026-06-20 08:08:43,529] 39 root - INFO - [Attacker] Label flip: 0 samples class 1 \u2192 class 0
[2026-06-20 08:08:43,536] 39 root - INFO - [Attacker] Label flip: 0 samples class 1 \u2192 class 0
[2026-06-20 08:08:43,539] 39 root - INFO - [Attacker] Label flip: 0 samples class 1 \u2192 class 0
[2026-06-20 08:08:43,548] 39 root - INFO - [Attacker] Label flip: 0 samples class 1 \u2192 class 0
[2026-06-20 08:08:43,550] 39 root - INFO - [Attacker] Label flip: 0 samples class 1 \u2192 class 0
[2026-06-20 08:08:43,556] 39 root - INFO - [Attacker] Label flip: 0 samples class 1 \u2192 class 0
[2026-06-20 08:08:43,557] 39 root - INFO - [Attacker] Label flip: 0 samples class 1 \u2192 class 0
[2026-06-20 08:08:43,565] 39 root - INFO - [Attacker] Label flip: 0 samples class 1 \u2192 class 0
[2026-06-20 08:08:43,566] 39 root - INFO - [Attacker] Label flip: 0 samples class 1 \u2192 class 0
[2026-06-20 08:08:43,573] 39 root - INFO - [Attacker] Label flip: 0 samples class 1 \u2192 class 0
[2026-06-20 08:08:43,573] 39 root - INFO - [Attacker] Label flip: 0 samples class 1 \u2192 class 0
[2026-06-20 08:08:43,581] 39 root - INFO - [Attacker] Label flip: 0 samples class 1 \u2192 class 0
[2026-06-20 08:08:43,581] 39 root - INFO - [Attacker] Label flip: 0 samples class 1 \u2192 class 0
[2026-06-20 08:08:43,590] 39 root - INFO - [Attacker] Label flip: 0 samples class 1 \u2192 class 0
[2026-06-20 08:08:43,590] 39 root - INFO - [Attacker] Label flip: 0 samples class 1 \u2192 class 0
[2026-06-20 08:08:43,597] 39 root - INFO - [Attacker] Label flip: 0 samples class 1 \u2192 class 0
[2026-06-20 08:08:43,597] 39 root - INFO - [Attacker] Label flip: 0 samples class 1 \u2192 class 0
[2026-06-20 08:08:43,605] 39 root - INFO - [Attacker] Label flip: 0 samples class 1 \u2192 class 0
[2026-06-20 08:08:43,606] 39 root - INFO - [Attacker] Label flip: 0 samples class 1 \u2192 class 0
[2026-06-20 08:08:43,612] 39 root - INFO - [Attacker] Label flip: 0 samples class 1 \u2192 class 0
[2026-06-20 08:08:43,612] 39 root - INFO - [Attacker] Label flip: 0 samples class 1 \u2192 class 0
[2026-06-20 08:08:43,620] 39 root - INFO - [Attacker] Label flip: 0 samples class 1 \u2192 class 0
[2026-06-20 08:08:43,622] 39 root - INFO - [Attacker] Label flip: 0 samples class 1 \u2192 class 0
[2026-06-20 08:08:43,629] 39 root - INFO - [Attacker] Label flip: 0 samples class 1 \u2192 class 0
[2026-06-20 08:08:43,630] 39 root - INFO - [Attacker] Label flip: 0 samples class 1 \u2192 class 0
[2026-06-20 08:08:43,637] 39 root - INFO - [Attacker] Label flip: 0 samples class 1 \u2192 class 0
[2026-06-20 08:08:43,638] 39 root - INFO - [Attacker] Label flip: 0 samples class 1 \u2192 class 0
[2026-06-20 08:08:43,645] 39 root - INFO - [Attacker] Label flip: 0 samples class 1 \u2192 class 0
[2026-06-20 08:08:43,646] 39 root - INFO - [Attacker] Label flip: 0 samples class 1 \u2192 class 0
[2026-06-20 08:08:43,653] 39 root - INFO - [Attacker] Label flip: 0 samples class 1 \u2192 class 0
[2026-06-20 08:08:43,653] 39 root - INFO - [Attacker] Label flip: 0 samples class 1 \u2192 class 0
[2026-06-20 08:08:43,661] 39 root - INFO - [Attacker] Label flip: 0 samples class 1 \u2192 class 0
[2026-06-20 08:08:43,662] 39 root - INFO - [Attacker] Label flip: 0 samples class 1 \u2192 class 0
[2026-06-20 08:08:43,668] 39 root - INFO - [Attacker] Label flip: 0 samples class 1 \u2192 class 0
[2026-06-20 08:08:43,669] 39 root - INFO - [Attacker] Label flip: 0 samples class 1 \u2192 class 0
[2026-06-20 08:08:43,677] 39 root - INFO - [Attacker] Label flip: 0 samples class 1 \u2192 class 0
[2026-06-20 08:08:43,677] 39 root - INFO - [Attacker] Label flip: 0 samples class 1 \u2192 class 0
[2026-06-20 08:08:43,684] 39 root - INFO - [Attacker] Label flip: 0 samples class 1 \u2192 class 0
[2026-06-20 08:08:43,692] 39 root - INFO - [Attacker] Label flip: 0 samples class 1 \u2192 class 0
[2026-06-20 08:08:43,692] 39 root - INFO - [Attacker] Label flip: 0 samples class 1 \u2192 class 0
[2026-06-20 08:08:43,700] 39 root - INFO - [Attacker] Label flip: 0 samples class 1 \u2192 class 0
[2026-06-20 08:08:43,707] 39 root - INFO - [Attacker] Label flip: 0 samples class 1 \u2192 class 0
[2026-06-20 08:08:43,708] 39 root - INFO - [Attacker] Label flip: 0 samples class 1 \u2192 class 0
[2026-06-20 08:08:43,715] 39 root - INFO - [Attacker] Label flip: 0 samples class 1 \u2192 class 0
[2026-06-20 08:08:43,716] 39 root - INFO - [Attacker] Label flip: 0 samples class 1 \u2192 class 0
[2026-06-20 08:08:43,724] 39 root - INFO - [Attacker] Label flip: 0 samples class 1 \u2192 class 0
[2026-06-20 08:08:43,725] 39 root - INFO - [Attacker] Label flip: 0 samples class 1 \u2192 class 0
[2026-06-20 08:08:43,731] 39 root - INFO - [Attacker] Label flip: 0 samples class 1 \u2192 class 0
[2026-06-20 08:08:43,732] 39 root - INFO - [Attacker] Label flip: 0 samples class 1 \u2192 class 0
[2026-06-20 08:08:43,739] 39 root - INFO - [Attacker] Label flip: 0 samples class 1 \u2192 class 0
[2026-06-20 08:08:43,740] 39 root - INFO - [Attacker] Label flip: 0 samples class 1 \u2192 class 0
[2026-06-20 08:08:43,746] 39 root - INFO - [Attacker] Label flip: 0 samples class 1 \u2192 class 0
[2026-06-20 08:08:43,747] 39 root - INFO - [Attacker] Label flip: 1 samples class 1 \u2192 class 0
[2026-06-20 08:08:43,755] 39 root - INFO - [Attacker] Label flip: 0 samples class 1 \u2192 class 0
[2026-06-20 08:08:43,756] 39 root - INFO - [Attacker] Label flip: 0 samples class 1 \u2192 class 0
[2026-06-20 08:08:43,762] 39 root - INFO - [Attacker] Label flip: 0 samples class 1 \u2192 class 0
[2026-06-20 08:08:43,764] 39 root - INFO - [Attacker] Label flip: 0 samples class 1 \u2192 class 0
[2026-06-20 08:08:43,769] 39 root - INFO - [Attacker] Label flip: 0 samples class 1 \u2192 class 0
[2026-06-20 08:08:43,771] 39 root - INFO - [Attacker] Label flip: 0 samples class 1 \u2192 class 0
[2026-06-20 08:08:43,778] 39 root - INFO - [Attacker] Label flip: 0 samples class 1 \u2192 class 0
[2026-06-20 08:08:43,779] 39 root - INFO - [Attacker] Label flip: 0 samples class 1 \u2192 class 0
[2026-06-20 08:08:43,786] 39 root - INFO - [Attacker] Label flip: 0 samples class 1 \u2192 class 0
[2026-06-20 08:08:43,788] 39 root - INFO - [Attacker] Label flip: 0 samples class 1 \u2192 class 0
[2026-06-20 08:08:43,794] 39 root - INFO - [Attacker] Label flip: 0 samples class 1 \u2192 class 0
[2026-06-20 08:08:43,795] 39 root - INFO - [Attacker] Label flip: 0 samples class 1 \u2192 class 0
[2026-06-20 08:08:43,801] 39 root - INFO - [Attacker] Label flip: 0 samples class 1 \u2192 class 0
[2026-06-20 08:08:43,803] 39 root - INFO - [Attacker] Label flip: 0 samples class 1 \u2192 class 0
[2026-06-20 08:08:43,809] 39 root - INFO - [Attacker] Label flip: 0 samples class 1 \u2192 class 0
[2026-06-20 08:08:43,811] 39 root - INFO - [Attacker] Label flip: 0 samples class 1 \u2192 class 0
[2026-06-20 08:08:43,820] 39 root - INFO - [Attacker] Label flip: 0 samples class 1 \u2192 class 0
[2026-06-20 08:08:43,821] 39 root - INFO - [Attacker] Label flip: 0 samples class 1 \u2192 class 0
[2026-06-20 08:08:43,828] 39 root - INFO - [Attacker] Label flip: 0 samples class 1 \u2192 class 0
[2026-06-20 08:08:43,828] 39 root - INFO - [Attacker] Label flip: 0 samples class 1 \u2192 class 0
[2026-06-20 08:08:43,836] 39 root - INFO - [Attacker] Label flip: 0 samples class 1 \u2192 class 0
[2026-06-20 08:08:43,836] 39 root - INFO - [Attacker] Label flip: 0 samples class 1 \u2192 class 0
[2026-06-20 08:08:43,844] 39 root - INFO - [Attacker] Label flip: 0 samples class 1 \u2192 class 0
[2026-06-20 08:08:43,852] 39 root - INFO - [Attacker] Label flip: 0 samples class 1 \u2192 class 0
[2026-06-20 08:08:43,852] 39 root - INFO - [Attacker] Label flip: 0 samples class 1 \u2192 class 0
[2026-06-20 08:08:43,859] 39 root - INFO - [Attacker] Label flip: 0 samples class 1 \u2192 class 0
[2026-06-20 08:08:43,859] 39 root - INFO - [Attacker] Label flip: 0 samples class 1 \u2192 class 0
[2026-06-20 08:08:43,868] 39 root - INFO - [Attacker] Label flip: 0 samples class 1 \u2192 class 0
[2026-06-20 08:08:43,868] 39 root - INFO - [Attacker] Label flip: 0 samples class 1 \u2192 class 0
[2026-06-20 08:08:43,875] 39 root - INFO - [Attacker] Label flip: 0 samples class 1 \u2192 class 0
[2026-06-20 08:08:43,876] 39 root - INFO - [Attacker] Label flip: 0 samples class 1 \u2192 class 0
[2026-06-20 08:08:43,882] 39 root - INFO - [Attacker] Label flip: 0 samples class 1 \u2192 class 0
[2026-06-20 08:08:43,884] 39 root - INFO - [Attacker] Label flip: 0 samples class 1 \u2192 class 0
[2026-06-20 08:08:43,891] 39 root - INFO - [Attacker] Label flip: 0 samples class 1 \u2192 class 0
[2026-06-20 08:08:43,892] 39 root - INFO - [Attacker] Label flip: 0 samples class 1 \u2192 class 0
[2026-06-20 08:08:43,898] 39 root - INFO - [Attacker] Label flip: 0 samples class 1 \u2192 class 0
[2026-06-20 08:08:43,902] 39 root - INFO - [Attacker] Label flip: 0 samples class 1 \u2192 class 0
[2026-06-20 08:08:43,907] 39 root - INFO - [Attacker] Label flip: 0 samples class 1 \u2192 class 0
[2026-06-20 08:08:43,915] 39 root - INFO - [Attacker] Label flip: 0 samples class 1 \u2192 class 0
[2026-06-20 08:08:43,918] 39 root - INFO - [Attacker] Label flip: 0 samples class 1 \u2192 class 0
[2026-06-20 08:08:43,922] 39 root - INFO - [Attacker] Label flip: 0 samples class 1 \u2192 class 0
[2026-06-20 08:08:43,931] 39 root - INFO - [Attacker] Label flip: 0 samples class 1 \u2192 class 0
[2026-06-20 08:08:43,933] 39 root - INFO - [Attacker] Label flip: 0 samples class 1 \u2192 class 0
[2026-06-20 08:08:43,938] 39 root - INFO - [Attacker] Label flip: 0 samples class 1 \u2192 class 0
[2026-06-20 08:08:43,945] 39 root - INFO - [Attacker] Label flip: 0 samples class 1 \u2192 class 0
[2026-06-20 08:08:43,946] 39 root - INFO - [Attacker] Label flip: 0 samples class 1 \u2192 class 0
[2026-06-20 08:08:43,953] 39 root - INFO - [Attacker] Label flip: 0 samples class 1 \u2192 class 0
[2026-06-20 08:08:43,954] 39 root - INFO - [Attacker] Label flip: 0 samples class 1 \u2192 class 0
[2026-06-20 08:08:43,962] 39 root - INFO - [Attacker] Label flip: 0 samples class 1 \u2192 class 0
[2026-06-20 08:08:43,964] 39 root - INFO - [Attacker] Label flip: 0 samples class 1 \u2192 class 0
[2026-06-20 08:08:43,969] 39 root - INFO - [Attacker] Label flip: 0 samples class 1 \u2192 class 0
[2026-06-20 08:08:43,973] 39 root - INFO - [Attacker] Label flip: 0 samples class 1 \u2192 class 0
[2026-06-20 08:08:43,978] 39 root - INFO - [Attacker] Label flip: 0 samples class 1 \u2192 class 0
[2026-06-20 08:08:43,982] 39 root - INFO - [Attacker] Label flip: 0 samples class 1 \u2192 class 0
[2026-06-20 08:08:43,985] 39 root - INFO - [Attacker] Label flip: 0 samples class 1 \u2192 class 0
[2026-06-20 08:08:43,990] 39 root - INFO - [Attacker] Label flip: 0 samples class 1 \u2192 class 0
[2026-06-20 08:08:43,998] 39 root - INFO - [Attacker] Label flip: 0 samples class 1 \u2192 class 0
[2026-06-20 08:08:44,000] 39 root - INFO - [Attacker] Label flip: 0 samples class 1 \u2192 class 0
[2026-06-20 08:08:44,009] 39 root - INFO - [Attacker] Label flip: 0 samples class 1 \u2192 class 0
[2026-06-20 08:08:44,016] 39 root - INFO - [Attacker] Label flip: 0 samples class 1 \u2192 class 0
[2026-06-20 08:08:44,018] 39 root - INFO - [Attacker] Label flip: 0 samples class 1 \u2192 class 0
[2026-06-20 08:08:44,030] 39 root - INFO - [Attacker] Label flip: 0 samples class 1 \u2192 class 0
[2026-06-20 08:08:44,037] 39 root - INFO - [Attacker] Label flip: 0 samples class 1 \u2192 class 0
[2026-06-20 08:08:44,049] 39 root - INFO - [Attacker] Label flip: 0 samples class 1 \u2192 class 0
[2026-06-20 08:08:44,056] 39 root - INFO - [Attacker] Label flip: 0 samples class 1 \u2192 class 0
[2026-06-20 08:08:44,060] 39 root - INFO - [Attacker] Label flip: 0 samples class 1 \u2192 class 0
[2026-06-20 08:08:44,071] 39 root - INFO - [Attacker] Label flip: 0 samples class 1 \u2192 class 0
[2026-06-20 08:08:44,077] 39 root - INFO - [Attacker] Label flip: 0 samples class 1 \u2192 class 0
[2026-06-20 08:08:44,080] 39 root - INFO - [Attacker] Label flip: 0 samples class 1 \u2192 class 0
[2026-06-20 08:08:44,089] 39 root - INFO - [Attacker] Label flip: 0 samples class 1 \u2192 class 0
[2026-06-20 08:08:44,098] 39 root - INFO - [Attacker] Label flip: 0 samples class 1 \u2192 class 0
[2026-06-20 08:08:44,102] 39 root - INFO - [Attacker] Label flip: 0 samples class 1 \u2192 class 0
[2026-06-20 08:08:44,108] 39 root - INFO - [Attacker] Label flip: 0 samples class 1 \u2192 class 0
[2026-06-20 08:08:44,119] 39 root - INFO - [Attacker] Label flip: 0 samples class 1 \u2192 class 0
[2026-06-20 08:08:44,131] 39 root - INFO - [Attacker] Label flip: 0 samples class 1 \u2192 class 0
[2026-06-20 08:08:44,132] 39 root - INFO - [Attacker] Label flip: 0 samples class 1 \u2192 class 0
[2026-06-20 08:08:44,145] 39 root - INFO - [Attacker] Label flip: 1 samples class 1 \u2192 class 0
[2026-06-20 08:08:44,157] 39 root - INFO - [Attacker] Label flip: 0 samples class 1 \u2192 class 0
[2026-06-20 08:08:44,167] 39 root - INFO - [Attacker] Label flip: 0 samples class 1 \u2192 class 0
[2026-06-20 08:08:44,167] 39 root - INFO - [Attacker] Label flip: 0 samples class 1 \u2192 class 0
[2026-06-20 08:08:44,176] 39 root - INFO - [Attacker] Label flip: 0 samples class 1 \u2192 class 0
[2026-06-20 08:08:44,187] 39 root - INFO - [Attacker] Label flip: 0 samples class 1 \u2192 class 0
[2026-06-20 08:08:44,196] 39 root - INFO - [Attacker] Label flip: 0 samples class 1 \u2192 class 0
[2026-06-20 08:08:44,206] 39 root - INFO - [Attacker] Label flip: 0 samples class 1 \u2192 class 0
[2026-06-20 08:08:44,212] 39 root - INFO - [Attacker] Label flip: 0 samples class 1 \u2192 class 0
[2026-06-20 08:08:44,218] 39 root - INFO - [Attacker] Label flip: 0 samples class 1 \u2192 class 0
[2026-06-20 08:08:44,232] 39 root - INFO - [Attacker] Label flip: 0 samples class 1 \u2192 class 0
[2026-06-20 08:08:44,244] 39 root - INFO - [Attacker] Label flip: 0 samples class 1 \u2192 class 0
[2026-06-20 08:08:44,254] 39 root - INFO - [Attacker] Label flip: 0 samples class 1 \u2192 class 0
[2026-06-20 08:08:44,264] 39 root - INFO - [Attacker] Label flip: 0 samples class 1 \u2192 class 0
[2026-06-20 08:08:44,267] 268 flwr - WARNING - DEPRECATED FEATURE: `client_fn` now expects a signature `def client_fn(context: Context)`.The provided `client_fn` has signature: {'cid': <Parameter "cid: str">}. You can import the `Context` like this: `from flwr.common import Context`

            This is a deprecated feature. It will be removed
            entirely in future versions of Flower.
        
[2026-06-20 08:08:44,272] 39 root - INFO - [Attacker] Label flip: 0 samples class 1 \u2192 class 0
[2026-06-20 08:08:44,277] 39 root - INFO - [Attacker] Label flip: 0 samples class 1 \u2192 class 0
[2026-06-20 08:08:44,282] 39 root - INFO - [Attacker] Label flip: 0 samples class 1 \u2192 class 0
[2026-06-20 08:08:44,290] 39 root - INFO - [Attacker] Label flip: 0 samples class 1 \u2192 class 0
[2026-06-20 08:08:44,301] 39 root - INFO - [Attacker] Label flip: 0 samples class 1 \u2192 class 0
[2026-06-20 08:08:44,311] 39 root - INFO - [Attacker] Label flip: 0 samples class 1 \u2192 class 0
[2026-06-20 08:08:44,316] 39 root - INFO - [Attacker] Label flip: 0 samples class 1 \u2192 class 0
[2026-06-20 08:08:44,321] 39 root - INFO - [Attacker] Label flip: 0 samples class 1 \u2192 class 0
[2026-06-20 08:08:44,329] 39 root - INFO - [Attacker] Label flip: 0 samples class 1 \u2192 class 0
[2026-06-20 08:08:44,337] 39 root - INFO - [Attacker] Label flip: 0 samples class 1 \u2192 class 0
[2026-06-20 08:08:44,346] 39 root - INFO - [Attacker] Label flip: 0 samples class 1 \u2192 class 0
[2026-06-20 08:08:44,346] 39 root - INFO - [Attacker] Label flip: 0 samples class 1 \u2192 class 0
[2026-06-20 08:08:44,355] 39 root - INFO - [Attacker] Label flip: 0 samples class 1 \u2192 class 0
[2026-06-20 08:08:44,366] 39 root - INFO - [Attacker] Label flip: 0 samples class 1 \u2192 class 0
[2026-06-20 08:08:44,374] 39 root - INFO - [Attacker] Label flip: 0 samples class 1 \u2192 class 0
[2026-06-20 08:08:44,381] 39 root - INFO - [Attacker] Label flip: 0 samples class 1 \u2192 class 0
[2026-06-20 08:08:44,384] 39 root - INFO - [Attacker] Label flip: 0 samples class 1 \u2192 class 0
[2026-06-20 08:08:44,393] 39 root - INFO - [Attacker] Label flip: 0 samples class 1 \u2192 class 0
[2026-06-20 08:08:44,402] 39 root - INFO - [Attacker] Label flip: 0 samples class 1 \u2192 class 0
[2026-06-20 08:08:44,405] 39 root - INFO - [Attacker] Label flip: 0 samples class 1 \u2192 class 0
[2026-06-20 08:08:44,410] 39 root - INFO - [Attacker] Label flip: 0 samples class 1 \u2192 class 0
[2026-06-20 08:08:44,419] 39 root - INFO - [Attacker] Label flip: 0 samples class 1 \u2192 class 0
[2026-06-20 08:08:44,427] 39 root - INFO - [Attacker] Label flip: 0 samples class 1 \u2192 class 0
[2026-06-20 08:08:44,429] 39 root - INFO - [Attacker] Label flip: 0 samples class 1 \u2192 class 0
[2026-06-20 08:08:44,436] 39 root - INFO - [Attacker] Label flip: 0 samples class 1 \u2192 class 0
[2026-06-20 08:08:44,444] 39 root - INFO - [Attacker] Label flip: 0 samples class 1 \u2192 class 0
[2026-06-20 08:08:44,455] 39 root - INFO - [Attacker] Label flip: 0 samples class 1 \u2192 class 0
[2026-06-20 08:08:44,456] 39 root - INFO - [Attacker] Label flip: 0 samples class 1 \u2192 class 0
[2026-06-20 08:08:44,464] 39 root - INFO - [Attacker] Label flip: 0 samples class 1 \u2192 class 0
[2026-06-20 08:08:44,473] 39 root - INFO - [Attacker] Label flip: 0 samples class 1 \u2192 class 0
[2026-06-20 08:08:44,478] 39 root - INFO - [Attacker] Label flip: 0 samples class 1 \u2192 class 0
[2026-06-20 08:08:44,482] 39 root - INFO - [Attacker] Label flip: 0 samples class 1 \u2192 class 0
[2026-06-20 08:08:44,491] 39 root - INFO - [Attacker] Label flip: 0 samples class 1 \u2192 class 0
[2026-06-20 08:08:44,495] 39 root - INFO - [Attacker] Label flip: 0 samples class 1 \u2192 class 0
[2026-06-20 08:08:44,500] 39 root - INFO - [Attacker] Label flip: 0 samples class 1 \u2192 class 0
[2026-06-20 08:08:44,509] 39 root - INFO - [Attacker] Label flip: 0 samples class 1 \u2192 class 0
[2026-06-20 08:08:44,510] 39 root - INFO - [Attacker] Label flip: 0 samples class 1 \u2192 class 0
[2026-06-20 08:08:44,517] 39 root - INFO - [Attacker] Label flip: 0 samples class 1 \u2192 class 0
[2026-06-20 08:08:44,526] 39 root - INFO - [Attacker] Label flip: 0 samples class 1 \u2192 class 0
[2026-06-20 08:08:44,530] 39 root - INFO - [Attacker] Label flip: 0 samples class 1 \u2192 class 0
[2026-06-20 08:08:44,534] 39 root - INFO - [Attacker] Label flip: 0 samples class 1 \u2192 class 0
[2026-06-20 08:08:44,543] 39 root - INFO - [Attacker] Label flip: 0 samples class 1 \u2192 class 0
[2026-06-20 08:08:44,547] 39 root - INFO - [Attacker] Label flip: 0 samples class 1 \u2192 class 0
[2026-06-20 08:08:44,553] 39 root - INFO - [Attacker] Label flip: 0 samples class 1 \u2192 class 0
[2026-06-20 08:08:44,561] 39 root - INFO - [Attacker] Label flip: 0 samples class 1 \u2192 class 0
[2026-06-20 08:08:44,562] 39 root - INFO - [Attacker] Label flip: 0 samples class 1 \u2192 class 0
[2026-06-20 08:08:44,570] 39 root - INFO - [Attacker] Label flip: 0 samples class 1 \u2192 class 0
[2026-06-20 08:08:44,578] 39 root - INFO - [Attacker] Label flip: 0 samples class 1 \u2192 class 0
[2026-06-20 08:08:44,581] 39 root - INFO - [Attacker] Label flip: 0 samples class 1 \u2192 class 0
[2026-06-20 08:08:44,589] 39 root - INFO - [Attacker] Label flip: 0 samples class 1 \u2192 class 0
[2026-06-20 08:08:44,589] 39 root - INFO - [Attacker] Label flip: 0 samples class 1 \u2192 class 0
[2026-06-20 08:08:44,599] 39 root - INFO - [Attacker] Label flip: 0 samples class 1 \u2192 class 0
[2026-06-20 08:08:44,604] 39 root - INFO - [Attacker] Label flip: 0 samples class 1 \u2192 class 0
[2026-06-20 08:08:44,607] 39 root - INFO - [Attacker] Label flip: 0 samples class 1 \u2192 class 0
[2026-06-20 08:08:44,615] 39 root - INFO - [Attacker] Label flip: 0 samples class 1 \u2192 class 0
[2026-06-20 08:08:44,618] 39 root - INFO - [Attacker] Label flip: 0 samples class 1 \u2192 class 0
[2026-06-20 08:08:44,624] 39 root - INFO - [Attacker] Label flip: 0 samples class 1 \u2192 class 0
[2026-06-20 08:08:44,634] 39 root - INFO - [Attacker] Label flip: 0 samples class 1 \u2192 class 0
[2026-06-20 08:08:44,635] 39 root - INFO - [Attacker] Label flip: 0 samples class 1 \u2192 class 0
[2026-06-20 08:08:44,642] 39 root - INFO - [Attacker] Label flip: 0 samples class 1 \u2192 class 0
[2026-06-20 08:08:44,648] 39 root - INFO - [Attacker] Label flip: 0 samples class 1 \u2192 class 0
[2026-06-20 08:08:44,651] 39 root - INFO - [Attacker] Label flip: 0 samples class 1 \u2192 class 0
[2026-06-20 08:08:44,659] 39 root - INFO - [Attacker] Label flip: 0 samples class 1 \u2192 class 0
[2026-06-20 08:08:44,662] 39 root - INFO - [Attacker] Label flip: 0 samples class 1 \u2192 class 0
[2026-06-20 08:08:44,668] 39 root - INFO - [Attacker] Label flip: 0 samples class 1 \u2192 class 0
[2026-06-20 08:08:44,678] 39 root - INFO - [Attacker] Label flip: 0 samples class 1 \u2192 class 0
[2026-06-20 08:08:44,678] 39 root - INFO - [Attacker] Label flip: 0 samples class 1 \u2192 class 0
[2026-06-20 08:08:44,686] 39 root - INFO - [Attacker] Label flip: 0 samples class 1 \u2192 class 0
[2026-06-20 08:08:44,694] 39 root - INFO - [Attacker] Label flip: 0 samples class 1 \u2192 class 0
[2026-06-20 08:08:44,696] 39 root - INFO - [Attacker] Label flip: 0 samples class 1 \u2192 class 0
[2026-06-20 08:08:44,703] 39 root - INFO - [Attacker] Label flip: 0 samples class 1 \u2192 class 0
[2026-06-20 08:08:44,708] 39 root - INFO - [Attacker] Label flip: 0 samples class 1 \u2192 class 0
[2026-06-20 08:08:44,713] 39 root - INFO - [Attacker] Label flip: 0 samples class 1 \u2192 class 0
[2026-06-20 08:08:44,721] 39 root - INFO - [Attacker] Label flip: 0 samples class 1 \u2192 class 0
[2026-06-20 08:08:44,725] 39 root - INFO - [Attacker] Label flip: 0 samples class 1 \u2192 class 0
[2026-06-20 08:08:44,731] 39 root - INFO - [Attacker] Label flip: 0 samples class 1 \u2192 class 0
[2026-06-20 08:08:44,739] 39 root - INFO - [Attacker] Label flip: 0 samples class 1 \u2192 class 0
[2026-06-20 08:08:44,743] 39 root - INFO - [Attacker] Label flip: 0 samples class 1 \u2192 class 0
[2026-06-20 08:08:44,750] 39 root - INFO - [Attacker] Label flip: 0 samples class 1 \u2192 class 0
[2026-06-20 08:08:44,759] 39 root - INFO - [Attacker] Label flip: 0 samples class 1 \u2192 class 0
[2026-06-20 08:08:44,759] 39 root - INFO - [Attacker] Label flip: 0 samples class 1 \u2192 class 0
[2026-06-20 08:08:44,768] 39 root - INFO - [Attacker] Label flip: 0 samples class 1 \u2192 class 0
[2026-06-20 08:08:44,770] 39 root - INFO - [Attacker] Label flip: 0 samples class 1 \u2192 class 0
[2026-06-20 08:08:44,776] 39 root - INFO - [Attacker] Label flip: 0 samples class 1 \u2192 class 0
[2026-06-20 08:08:44,780] 39 root - INFO - [Attacker] Label flip: 0 samples class 1 \u2192 class 0
[2026-06-20 08:08:44,787] 39 root - INFO - [Attacker] Label flip: 0 samples class 1 \u2192 class 0
[2026-06-20 08:08:44,788] 39 root - INFO - [Attacker] Label flip: 0 samples class 1 \u2192 class 0
[2026-06-20 08:08:44,791] 268 flwr - WARNING - DEPRECATED FEATURE: `client_fn` now expects a signature `def client_fn(context: Context)`.The provided `client_fn` has signature: {'cid': <Parameter "cid: str">}. You can import the `Context` like this: `from flwr.common import Context`

            This is a deprecated feature. It will be removed
            entirely in future versions of Flower.
        
[2026-06-20 08:08:44,797] 39 root - INFO - [Attacker] Label flip: 0 samples class 1 \u2192 class 0
[2026-06-20 08:08:44,798] 39 root - INFO - [Attacker] Label flip: 0 samples class 1 \u2192 class 0
[2026-06-20 08:08:44,804] 39 root - INFO - [Attacker] Label flip: 0 samples class 1 \u2192 class 0
[2026-06-20 08:08:44,805] 39 root - INFO - [Attacker] Label flip: 0 samples class 1 \u2192 class 0
[2026-06-20 08:08:44,813] 39 root - INFO - [Attacker] Label flip: 0 samples class 1 \u2192 class 0
[2026-06-20 08:08:44,814] 39 root - INFO - [Attacker] Label flip: 0 samples class 1 \u2192 class 0
[2026-06-20 08:08:44,821] 39 root - INFO - [Attacker] Label flip: 0 samples class 1 \u2192 class 0
[2026-06-20 08:08:44,822] 39 root - INFO - [Attacker] Label flip: 0 samples class 1 \u2192 class 0
[2026-06-20 08:08:44,830] 39 root - INFO - [Attacker] Label flip: 0 samples class 1 \u2192 class 0
[2026-06-20 08:08:44,831] 39 root - INFO - [Attacker] Label flip: 0 samples class 1 \u2192 class 0
[2026-06-20 08:08:44,838] 39 root - INFO - [Attacker] Label flip: 0 samples class 1 \u2192 class 0
[2026-06-20 08:08:44,839] 39 root - INFO - [Attacker] Label flip: 0 samples class 1 \u2192 class 0
[2026-06-20 08:08:44,847] 39 root - INFO - [Attacker] Label flip: 0 samples class 1 \u2192 class 0
[2026-06-20 08:08:44,849] 39 root - INFO - [Attacker] Label flip: 0 samples class 1 \u2192 class 0
[2026-06-20 08:08:44,856] 39 root - INFO - [Attacker] Label flip: 0 samples class 1 \u2192 class 0
[2026-06-20 08:08:44,858] 39 root - INFO - [Attacker] Label flip: 0 samples class 1 \u2192 class 0
[2026-06-20 08:08:44,864] 39 root - INFO - [Attacker] Label flip: 0 samples class 1 \u2192 class 0
[2026-06-20 08:08:44,866] 39 root - INFO - [Attacker] Label flip: 0 samples class 1 \u2192 class 0
[2026-06-20 08:08:44,872] 39 root - INFO - [Attacker] Label flip: 0 samples class 1 \u2192 class 0
[2026-06-20 08:08:44,876] 39 root - INFO - [Attacker] Label flip: 0 samples class 1 \u2192 class 0
[2026-06-20 08:08:44,882] 39 root - INFO - [Attacker] Label flip: 0 samples class 1 \u2192 class 0
[2026-06-20 08:08:44,885] 39 root - INFO - [Attacker] Label flip: 0 samples class 1 \u2192 class 0
[2026-06-20 08:08:44,892] 39 root - INFO - [Attacker] Label flip: 0 samples class 1 \u2192 class 0
[2026-06-20 08:08:44,894] 39 root - INFO - [Attacker] Label flip: 0 samples class 1 \u2192 class 0
[2026-06-20 08:08:44,900] 39 root - INFO - [Attacker] Label flip: 0 samples class 1 \u2192 class 0
[2026-06-20 08:08:44,904] 39 root - INFO - [Attacker] Label flip: 0 samples class 1 \u2192 class 0
[2026-06-20 08:08:44,909] 39 root - INFO - [Attacker] Label flip: 0 samples class 1 \u2192 class 0
[2026-06-20 08:08:44,915] 39 root - INFO - [Attacker] Label flip: 0 samples class 1 \u2192 class 0
[2026-06-20 08:08:44,918] 39 root - INFO - [Attacker] Label flip: 0 samples class 1 \u2192 class 0
[2026-06-20 08:08:44,924] 39 root - INFO - [Attacker] Label flip: 0 samples class 1 \u2192 class 0
[2026-06-20 08:08:44,927] 39 root - INFO - [Attacker] Label flip: 0 samples class 1 \u2192 class 0
[2026-06-20 08:08:44,937] 39 root - INFO - [Attacker] Label flip: 0 samples class 1 \u2192 class 0
[2026-06-20 08:08:44,942] 39 root - INFO - [Attacker] Label flip: 0 samples class 1 \u2192 class 0
[2026-06-20 08:08:44,950] 39 root - INFO - [Attacker] Label flip: 0 samples class 1 \u2192 class 0
[2026-06-20 08:08:44,963] 39 root - INFO - [Attacker] Label flip: 0 samples class 1 \u2192 class 0
[2026-06-20 08:08:44,975] 39 root - INFO - [Attacker] Label flip: 0 samples class 1 \u2192 class 0
[2026-06-20 08:08:44,984] 39 root - INFO - [Attacker] Label flip: 0 samples class 1 \u2192 class 0
[2026-06-20 08:08:44,994] 39 root - INFO - [Attacker] Label flip: 0 samples class 1 \u2192 class 0
[2026-06-20 08:08:45,002] 39 root - INFO - [Attacker] Label flip: 0 samples class 1 \u2192 class 0
[2026-06-20 08:08:45,012] 39 root - INFO - [Attacker] Label flip: 0 samples class 1 \u2192 class 0
[2026-06-20 08:08:45,024] 39 root - INFO - [Attacker] Label flip: 0 samples class 1 \u2192 class 0
[2026-06-20 08:08:45,032] 39 root - INFO - [Attacker] Label flip: 0 samples class 1 \u2192 class 0
[2026-06-20 08:08:45,042] 39 root - INFO - [Attacker] Label flip: 0 samples class 1 \u2192 class 0
[2026-06-20 08:08:45,051] 39 root - INFO - [Attacker] Label flip: 0 samples class 1 \u2192 class 0
[2026-06-20 08:08:45,059] 39 root - INFO - [Attacker] Label flip: 0 samples class 1 \u2192 class 0
[2026-06-20 08:08:45,068] 39 root - INFO - [Attacker] Label flip: 0 samples class 1 \u2192 class 0
[2026-06-20 08:08:45,076] 39 root - INFO - [Attacker] Label flip: 0 samples class 1 \u2192 class 0
[2026-06-20 08:08:45,085] 39 root - INFO - [Attacker] Label flip: 0 samples class 1 \u2192 class 0
[2026-06-20 08:08:45,093] 39 root - INFO - [Attacker] Label flip: 0 samples class 1 \u2192 class 0
[2026-06-20 08:08:45,103] 39 root - INFO - [Attacker] Label flip: 0 samples class 1 \u2192 class 0
[2026-06-20 08:08:45,111] 39 root - INFO - [Attacker] Label flip: 0 samples class 1 \u2192 class 0
[2026-06-20 08:08:45,121] 39 root - INFO - [Attacker] Label flip: 0 samples class 1 \u2192 class 0
[2026-06-20 08:08:45,128] 39 root - INFO - [Attacker] Label flip: 0 samples class 1 \u2192 class 0
[2026-06-20 08:08:45,137] 39 root - INFO - [Attacker] Label flip: 0 samples class 1 \u2192 class 0
[2026-06-20 08:08:45,144] 39 root - INFO - [Attacker] Label flip: 0 samples class 1 \u2192 class 0
[2026-06-20 08:08:45,155] 39 root - INFO - [Attacker] Label flip: 0 samples class 1 \u2192 class 0
[2026-06-20 08:08:45,164] 39 root - INFO - [Attacker] Label flip: 0 samples class 1 \u2192 class 0
[2026-06-20 08:08:45,177] 39 root - INFO - [Attacker] Label flip: 0 samples class 1 \u2192 class 0
[2026-06-20 08:08:45,179] 39 root - INFO - [Attacker] Label flip: 0 samples class 1 \u2192 class 0
[2026-06-20 08:08:45,192] 39 root - INFO - [Attacker] Label flip: 0 samples class 1 \u2192 class 0
[2026-06-20 08:08:45,197] 39 root - INFO - [Attacker] Label flip: 0 samples class 1 \u2192 class 0
[2026-06-20 08:08:45,208] 39 root - INFO - [Attacker] Label flip: 0 samples class 1 \u2192 class 0
[2026-06-20 08:08:45,209] 39 root - INFO - [Attacker] Label flip: 0 samples class 1 \u2192 class 0
[2026-06-20 08:08:45,217] 39 root - INFO - [Attacker] Label flip: 0 samples class 1 \u2192 class 0
[2026-06-20 08:08:45,220] 39 root - INFO - [Attacker] Label flip: 0 samples class 1 \u2192 class 0
[2026-06-20 08:08:45,226] 39 root - INFO - [Attacker] Label flip: 0 samples class 1 \u2192 class 0
[2026-06-20 08:08:45,230] 39 root - INFO - [Attacker] Label flip: 0 samples class 1 \u2192 class 0
[2026-06-20 08:08:45,235] 39 root - INFO - [Attacker] Label flip: 0 samples class 1 \u2192 class 0
[2026-06-20 08:08:45,238] 39 root - INFO - [Attacker] Label flip: 0 samples class 1 \u2192 class 0
[2026-06-20 08:08:45,243] 39 root - INFO - [Attacker] Label flip: 0 samples class 1 \u2192 class 0
[2026-06-20 08:08:45,249] 39 root - INFO - [Attacker] Label flip: 0 samples class 1 \u2192 class 0
[2026-06-20 08:08:45,256] 39 root - INFO - [Attacker] Label flip: 0 samples class 1 \u2192 class 0
[2026-06-20 08:08:45,259] 39 root - INFO - [Attacker] Label flip: 0 samples class 1 \u2192 class 0
[2026-06-20 08:08:45,272] 39 root - INFO - [Attacker] Label flip: 0 samples class 1 \u2192 class 0
[2026-06-20 08:08:45,273] 39 root - INFO - [Attacker] Label flip: 0 samples class 1 \u2192 class 0
[2026-06-20 08:08:45,286] 39 root - INFO - [Attacker] Label flip: 0 samples class 1 \u2192 class 0
[2026-06-20 08:08:45,288] 39 root - INFO - [Attacker] Label flip: 0 samples class 1 \u2192 class 0
[2026-06-20 08:08:45,298] 39 root - INFO - [Attacker] Label flip: 0 samples class 1 \u2192 class 0
[2026-06-20 08:08:45,301] 39 root - INFO - [Attacker] Label flip: 0 samples class 1 \u2192 class 0
[2026-06-20 08:08:45,309] 39 root - INFO - [Attacker] Label flip: 0 samples class 1 \u2192 class 0
[2026-06-20 08:08:45,313] 39 root - INFO - [Attacker] Label flip: 0 samples class 1 \u2192 class 0
[2026-06-20 08:08:45,319] 39 root - INFO - [Attacker] Label flip: 0 samples class 1 \u2192 class 0
[2026-06-20 08:08:45,322] 39 root - INFO - [Attacker] Label flip: 0 samples class 1 \u2192 class 0
[2026-06-20 08:08:45,329] 39 root - INFO - [Attacker] Label flip: 0 samples class 1 \u2192 class 0
[2026-06-20 08:08:45,331] 39 root - INFO - [Attacker] Label flip: 0 samples class 1 \u2192 class 0
[2026-06-20 08:08:45,337] 39 root - INFO - [Attacker] Label flip: 0 samples class 1 \u2192 class 0
[2026-06-20 08:08:45,339] 39 root - INFO - [Attacker] Label flip: 0 samples class 1 \u2192 class 0
[2026-06-20 08:08:45,347] 39 root - INFO - [Attacker] Label flip: 0 samples class 1 \u2192 class 0
[2026-06-20 08:08:45,348] 39 root - INFO - [Attacker] Label flip: 0 samples class 1 \u2192 class 0
[2026-06-20 08:08:45,354] 39 root - INFO - [Attacker] Label flip: 0 samples class 1 \u2192 class 0
[2026-06-20 08:08:45,355] 39 root - INFO - [Attacker] Label flip: 0 samples class 1 \u2192 class 0
[2026-06-20 08:08:45,362] 39 root - INFO - [Attacker] Label flip: 0 samples class 1 \u2192 class 0
[2026-06-20 08:08:45,362] 39 root - INFO - [Attacker] Label flip: 0 samples class 1 \u2192 class 0
[2026-06-20 08:08:45,371] 39 root - INFO - [Attacker] Label flip: 0 samples class 1 \u2192 class 0
[2026-06-20 08:08:45,372] 39 root - INFO - [Attacker] Label flip: 0 samples class 1 \u2192 class 0
[2026-06-20 08:08:45,378] 39 root - INFO - [Attacker] Label flip: 0 samples class 1 \u2192 class 0
[2026-06-20 08:08:45,379] 39 root - INFO - [Attacker] Label flip: 0 samples class 1 \u2192 class 0
[2026-06-20 08:08:45,387] 39 root - INFO - [Attacker] Label flip: 0 samples class 1 \u2192 class 0
[2026-06-20 08:08:45,388] 39 root - INFO - [Attacker] Label flip: 0 samples class 1 \u2192 class 0
[2026-06-20 08:08:45,396] 39 root - INFO - [Attacker] Label flip: 0 samples class 1 \u2192 class 0
[2026-06-20 08:08:45,403] 39 root - INFO - [Attacker] Label flip: 0 samples class 1 \u2192 class 0
[2026-06-20 08:08:45,404] 39 root - INFO - [Attacker] Label flip: 0 samples class 1 \u2192 class 0
[2026-06-20 08:08:45,413] 39 root - INFO - [Attacker] Label flip: 0 samples class 1 \u2192 class 0
[2026-06-20 08:08:45,413] 39 root - INFO - [Attacker] Label flip: 0 samples class 1 \u2192 class 0
[2026-06-20 08:08:45,421] 39 root - INFO - [Attacker] Label flip: 0 samples class 1 \u2192 class 0
[2026-06-20 08:08:45,421] 39 root - INFO - [Attacker] Label flip: 0 samples class 1 \u2192 class 0
[2026-06-20 08:08:45,430] 39 root - INFO - [Attacker] Label flip: 0 samples class 1 \u2192 class 0
[2026-06-20 08:08:45,430] 39 root - INFO - [Attacker] Label flip: 0 samples class 1 \u2192 class 0
[2026-06-20 08:08:45,438] 39 root - INFO - [Attacker] Label flip: 0 samples class 1 \u2192 class 0
[2026-06-20 08:08:45,439] 39 root - INFO - [Attacker] Label flip: 0 samples class 1 \u2192 class 0
[2026-06-20 08:08:45,447] 39 root - INFO - [Attacker] Label flip: 0 samples class 1 \u2192 class 0
[2026-06-20 08:08:45,447] 39 root - INFO - [Attacker] Label flip: 0 samples class 1 \u2192 class 0
[2026-06-20 08:08:45,456] 39 root - INFO - [Attacker] Label flip: 0 samples class 1 \u2192 class 0
[2026-06-20 08:08:45,456] 39 root - INFO - [Attacker] Label flip: 0 samples class 1 \u2192 class 0
[2026-06-20 08:08:45,464] 39 root - INFO - [Attacker] Label flip: 0 samples class 1 \u2192 class 0
[2026-06-20 08:08:45,465] 39 root - INFO - [Attacker] Label flip: 0 samples class 1 \u2192 class 0
[2026-06-20 08:08:45,473] 39 root - INFO - [Attacker] Label flip: 0 samples class 1 \u2192 class 0
[2026-06-20 08:08:45,473] 39 root - INFO - [Attacker] Label flip: 0 samples class 1 \u2192 class 0
[2026-06-20 08:08:45,481] 39 root - INFO - [Attacker] Label flip: 0 samples class 1 \u2192 class 0
[2026-06-20 08:08:45,482] 39 root - INFO - [Attacker] Label flip: 0 samples class 1 \u2192 class 0
[2026-06-20 08:08:45,489] 39 root - INFO - [Attacker] Label flip: 0 samples class 1 \u2192 class 0
[2026-06-20 08:08:45,491] 39 root - INFO - [Attacker] Label flip: 0 samples class 1 \u2192 class 0
[2026-06-20 08:08:45,497] 39 root - INFO - [Attacker] Label flip: 0 samples class 1 \u2192 class 0
[2026-06-20 08:08:45,500] 39 root - INFO - [Attacker] Label flip: 0 samples class 1 \u2192 class 0
[2026-06-20 08:08:45,505] 39 root - INFO - [Attacker] Label flip: 0 samples class 1 \u2192 class 0
[2026-06-20 08:08:45,510] 39 root - INFO - [Attacker] Label flip: 0 samples class 1 \u2192 class 0
[2026-06-20 08:08:45,513] 39 root - INFO - [Attacker] Label flip: 0 samples class 1 \u2192 class 0
[2026-06-20 08:08:45,518] 39 root - INFO - [Attacker] Label flip: 0 samples class 1 \u2192 class 0
[2026-06-20 08:08:45,524] 39 root - INFO - [Attacker] Label flip: 0 samples class 1 \u2192 class 0
[2026-06-20 08:08:45,528] 39 root - INFO - [Attacker] Label flip: 0 samples class 1 \u2192 class 0
[2026-06-20 08:08:45,534] 39 root - INFO - [Attacker] Label flip: 0 samples class 1 \u2192 class 0
[2026-06-20 08:08:45,537] 39 root - INFO - [Attacker] Label flip: 0 samples class 1 \u2192 class 0
[2026-06-20 08:08:45,542] 39 root - INFO - [Attacker] Label flip: 1 samples class 1 \u2192 class 0
[2026-06-20 08:08:45,545] 39 root - INFO - [Attacker] Label flip: 0 samples class 1 \u2192 class 0
[2026-06-20 08:08:45,550] 39 root - INFO - [Attacker] Label flip: 1 samples class 1 \u2192 class 0
[2026-06-20 08:08:45,555] 39 root - INFO - [Attacker] Label flip: 0 samples class 1 \u2192 class 0
[2026-06-20 08:08:45,559] 39 root - INFO - [Attacker] Label flip: 0 samples class 1 \u2192 class 0
[2026-06-20 08:08:45,566] 39 root - INFO - [Attacker] Label flip: 0 samples class 1 \u2192 class 0
[2026-06-20 08:08:45,571] 39 root - INFO - [Attacker] Label flip: 0 samples class 1 \u2192 class 0
[2026-06-20 08:08:45,577] 39 root - INFO - [Attacker] Label flip: 0 samples class 1 \u2192 class 0
[2026-06-20 08:08:45,581] 39 root - INFO - [Attacker] Label flip: 0 samples class 1 \u2192 class 0
[2026-06-20 08:08:45,584] 39 root - INFO - [Attacker] Label flip: 0 samples class 1 \u2192 class 0
[2026-06-20 08:08:45,589] 39 root - INFO - [Attacker] Label flip: 0 samples class 1 \u2192 class 0
[2026-06-20 08:08:45,592] 39 root - INFO - [Attacker] Label flip: 0 samples class 1 \u2192 class 0
[2026-06-20 08:08:45,599] 39 root - INFO - [Attacker] Label flip: 1 samples class 1 \u2192 class 0
[2026-06-20 08:08:45,601] 39 root - INFO - [Attacker] Label flip: 0 samples class 1 \u2192 class 0
[2026-06-20 08:08:45,608] 39 root - INFO - [Attacker] Label flip: 0 samples class 1 \u2192 class 0
[2026-06-20 08:08:45,609] 39 root - INFO - [Attacker] Label flip: 0 samples class 1 \u2192 class 0
[2026-06-20 08:08:45,616] 39 root - INFO - [Attacker] Label flip: 0 samples class 1 \u2192 class 0
[2026-06-20 08:08:45,619] 39 root - INFO - [Attacker] Label flip: 0 samples class 1 \u2192 class 0
[2026-06-20 08:08:45,626] 39 root - INFO - [Attacker] Label flip: 0 samples class 1 \u2192 class 0
[2026-06-20 08:08:45,627] 39 root - INFO - [Attacker] Label flip: 0 samples class 1 \u2192 class 0
[2026-06-20 08:08:45,634] 39 root - INFO - [Attacker] Label flip: 0 samples class 1 \u2192 class 0
[2026-06-20 08:08:45,636] 39 root - INFO - [Attacker] Label flip: 0 samples class 1 \u2192 class 0
[2026-06-20 08:08:45,642] 39 root - INFO - [Attacker] Label flip: 0 samples class 1 \u2192 class 0
[2026-06-20 08:08:45,643] 39 root - INFO - [Attacker] Label flip: 0 samples class 1 \u2192 class 0
[2026-06-20 08:08:45,650] 39 root - INFO - [Attacker] Label flip: 0 samples class 1 \u2192 class 0
[2026-06-20 08:08:45,651] 39 root - INFO - [Attacker] Label flip: 0 samples class 1 \u2192 class 0
[2026-06-20 08:08:45,658] 39 root - INFO - [Attacker] Label flip: 0 samples class 1 \u2192 class 0
[2026-06-20 08:08:45,660] 39 root - INFO - [Attacker] Label flip: 0 samples class 1 \u2192 class 0
[2026-06-20 08:08:45,666] 39 root - INFO - [Attacker] Label flip: 0 samples class 1 \u2192 class 0
[2026-06-20 08:08:45,667] 39 root - INFO - [Attacker] Label flip: 0 samples class 1 \u2192 class 0
[2026-06-20 08:08:45,676] 39 root - INFO - [Attacker] Label flip: 0 samples class 1 \u2192 class 0
[2026-06-20 08:08:45,676] 39 root - INFO - [Attacker] Label flip: 0 samples class 1 \u2192 class 0
[2026-06-20 08:08:45,683] 39 root - INFO - [Attacker] Label flip: 0 samples class 1 \u2192 class 0
[2026-06-20 08:08:45,684] 39 root - INFO - [Attacker] Label flip: 1 samples class 1 \u2192 class 0
[2026-06-20 08:08:45,691] 39 root - INFO - [Attacker] Label flip: 0 samples class 1 \u2192 class 0
[2026-06-20 08:08:45,692] 39 root - INFO - [Attacker] Label flip: 0 samples class 1 \u2192 class 0
[2026-06-20 08:08:45,700] 39 root - INFO - [Attacker] Label flip: 0 samples class 1 \u2192 class 0
[2026-06-20 08:08:45,702] 39 root - INFO - [Attacker] Label flip: 0 samples class 1 \u2192 class 0
[2026-06-20 08:08:45,707] 39 root - INFO - [Attacker] Label flip: 0 samples class 1 \u2192 class 0
[2026-06-20 08:08:45,711] 39 root - INFO - [Attacker] Label flip: 0 samples class 1 \u2192 class 0
[2026-06-20 08:08:45,715] 39 root - INFO - [Attacker] Label flip: 0 samples class 1 \u2192 class 0
[2026-06-20 08:08:45,720] 39 root - INFO - [Attacker] Label flip: 0 samples class 1 \u2192 class 0
[2026-06-20 08:08:45,722] 39 root - INFO - [Attacker] Label flip: 0 samples class 1 \u2192 class 0
[2026-06-20 08:08:45,730] 39 root - INFO - [Attacker] Label flip: 0 samples class 1 \u2192 class 0
[2026-06-20 08:08:45,732] 39 root - INFO - [Attacker] Label flip: 0 samples class 1 \u2192 class 0
[2026-06-20 08:08:45,739] 39 root - INFO - [Attacker] Label flip: 0 samples class 1 \u2192 class 0
[2026-06-20 08:08:45,741] 39 root - INFO - [Attacker] Label flip: 0 samples class 1 \u2192 class 0
[2026-06-20 08:08:45,747] 39 root - INFO - [Attacker] Label flip: 0 samples class 1 \u2192 class 0
[2026-06-20 08:08:45,749] 39 root - INFO - [Attacker] Label flip: 0 samples class 1 \u2192 class 0
[2026-06-20 08:08:45,756] 39 root - INFO - [Attacker] Label flip: 0 samples class 1 \u2192 class 0
[2026-06-20 08:08:45,758] 39 root - INFO - [Attacker] Label flip: 0 samples class 1 \u2192 class 0
[2026-06-20 08:08:45,765] 39 root - INFO - [Attacker] Label flip: 0 samples class 1 \u2192 class 0
[2026-06-20 08:08:45,765] 39 root - INFO - [Attacker] Label flip: 0 samples class 1 \u2192 class 0
[2026-06-20 08:08:45,772] 39 root - INFO - [Attacker] Label flip: 0 samples class 1 \u2192 class 0
[2026-06-20 08:08:45,774] 39 root - INFO - [Attacker] Label flip: 0 samples class 1 \u2192 class 0
[2026-06-20 08:08:45,782] 39 root - INFO - [Attacker] Label flip: 0 samples class 1 \u2192 class 0
[2026-06-20 08:08:45,783] 39 root - INFO - [Attacker] Label flip: 0 samples class 1 \u2192 class 0
[2026-06-20 08:08:45,791] 39 root - INFO - [Attacker] Label flip: 0 samples class 1 \u2192 class 0
[2026-06-20 08:08:45,792] 39 root - INFO - [Attacker] Label flip: 0 samples class 1 \u2192 class 0
[2026-06-20 08:08:45,799] 39 root - INFO - [Attacker] Label flip: 0 samples class 1 \u2192 class 0
[2026-06-20 08:08:45,801] 39 root - INFO - [Attacker] Label flip: 0 samples class 1 \u2192 class 0
[2026-06-20 08:08:45,807] 39 root - INFO - [Attacker] Label flip: 0 samples class 1 \u2192 class 0
[2026-06-20 08:08:45,810] 39 root - INFO - [Attacker] Label flip: 0 samples class 1 \u2192 class 0
[2026-06-20 08:08:45,816] 39 root - INFO - [Attacker] Label flip: 0 samples class 1 \u2192 class 0
[2026-06-20 08:08:45,818] 39 root - INFO - [Attacker] Label flip: 0 samples class 1 \u2192 class 0
[2026-06-20 08:08:45,825] 39 root - INFO - [Attacker] Label flip: 0 samples class 1 \u2192 class 0
[2026-06-20 08:08:45,827] 39 root - INFO - [Attacker] Label flip: 0 samples class 1 \u2192 class 0
[2026-06-20 08:08:45,833] 39 root - INFO - [Attacker] Label flip: 0 samples class 1 \u2192 class 0
[2026-06-20 08:08:45,836] 39 root - INFO - [Attacker] Label flip: 0 samples class 1 \u2192 class 0
[2026-06-20 08:08:45,842] 39 root - INFO - [Attacker] Label flip: 0 samples class 1 \u2192 class 0
[2026-06-20 08:08:45,852] 39 root - INFO - [Attacker] Label flip: 0 samples class 1 \u2192 class 0
[2026-06-20 08:08:45,861] 39 root - INFO - [Attacker] Label flip: 0 samples class 1 \u2192 class 0
[2026-06-20 08:08:45,870] 39 root - INFO - [Attacker] Label flip: 0 samples class 1 \u2192 class 0
[2026-06-20 08:08:45,879] 39 root - INFO - [Attacker] Label flip: 0 samples class 1 \u2192 class 0
[2026-06-20 08:08:45,888] 39 root - INFO - [Attacker] Label flip: 0 samples class 1 \u2192 class 0
[2026-06-20 08:08:45,897] 39 root - INFO - [Attacker] Label flip: 0 samples class 1 \u2192 class 0
[2026-06-20 08:08:45,905] 39 root - INFO - [Attacker] Label flip: 0 samples class 1 \u2192 class 0
[2026-06-20 08:08:45,912] 39 root - INFO - [Attacker] Label flip: 0 samples class 1 \u2192 class 0
[2026-06-20 08:08:45,928] 39 root - INFO - [Attacker] Label flip: 0 samples class 1 \u2192 class 0
[2026-06-20 08:08:45,938] 39 root - INFO - [Attacker] Label flip: 0 samples class 1 \u2192 class 0
[2026-06-20 08:08:45,946] 39 root - INFO - [Attacker] Label flip: 0 samples class 1 \u2192 class 0
[2026-06-20 08:08:45,955] 39 root - INFO - [Attacker] Label flip: 0 samples class 1 \u2192 class 0
[2026-06-20 08:08:45,965] 39 root - INFO - [Attacker] Label flip: 0 samples class 1 \u2192 class 0
[2026-06-20 08:08:45,974] 39 root - INFO - [Attacker] Label flip: 0 samples class 1 \u2192 class 0
[2026-06-20 08:08:45,982] 39 root - INFO - [Attacker] Label flip: 0 samples class 1 \u2192 class 0
[2026-06-20 08:08:45,992] 39 root - INFO - [Attacker] Label flip: 0 samples class 1 \u2192 class 0
[2026-06-20 08:08:46,000] 39 root - INFO - [Attacker] Label flip: 0 samples class 1 \u2192 class 0
[2026-06-20 08:08:46,009] 39 root - INFO - [Attacker] Label flip: 0 samples class 1 \u2192 class 0
[2026-06-20 08:08:46,017] 39 root - INFO - [Attacker] Label flip: 0 samples class 1 \u2192 class 0
[2026-06-20 08:08:46,027] 39 root - INFO - [Attacker] Label flip: 0 samples class 1 \u2192 class 0
[2026-06-20 08:08:46,036] 39 root - INFO - [Attacker] Label flip: 0 samples class 1 \u2192 class 0
[2026-06-20 08:08:46,045] 39 root - INFO - [Attacker] Label flip: 0 samples class 1 \u2192 class 0
[2026-06-20 08:08:46,053] 39 root - INFO - [Attacker] Label flip: 0 samples class 1 \u2192 class 0
[2026-06-20 08:08:46,062] 39 root - INFO - [Attacker] Label flip: 0 samples class 1 \u2192 class 0
[2026-06-20 08:08:46,072] 39 root - INFO - [Attacker] Label flip: 0 samples class 1 \u2192 class 0
[2026-06-20 08:08:46,080] 39 root - INFO - [Attacker] Label flip: 0 samples class 1 \u2192 class 0
[2026-06-20 08:08:46,088] 39 root - INFO - [Attacker] Label flip: 0 samples class 1 \u2192 class 0
[2026-06-20 08:08:46,098] 39 root - INFO - [Attacker] Label flip: 0 samples class 1 \u2192 class 0
[2026-06-20 08:08:46,109] 39 root - INFO - [Attacker] Label flip: 0 samples class 1 \u2192 class 0
[2026-06-20 08:08:46,117] 39 root - INFO - [Attacker] Label flip: 0 samples class 1 \u2192 class 0
[2026-06-20 08:08:46,127] 39 root - INFO - [Attacker] Label flip: 0 samples class 1 \u2192 class 0
[2026-06-20 08:08:46,134] 39 root - INFO - [Attacker] Label flip: 0 samples class 1 \u2192 class 0
[2026-06-20 08:08:46,144] 39 root - INFO - [Attacker] Label flip: 0 samples class 1 \u2192 class 0
[2026-06-20 08:08:46,154] 39 root - INFO - [Attacker] Label flip: 0 samples class 1 \u2192 class 0
[2026-06-20 08:08:46,162] 39 root - INFO - [Attacker] Label flip: 0 samples class 1 \u2192 class 0
[2026-06-20 08:08:46,170] 39 root - INFO - [Attacker] Label flip: 0 samples class 1 \u2192 class 0
[2026-06-20 08:08:46,179] 39 root - INFO - [Attacker] Label flip: 0 samples class 1 \u2192 class 0
[2026-06-20 08:08:46,188] 39 root - INFO - [Attacker] Label flip: 0 samples class 1 \u2192 class 0
[2026-06-20 08:08:46,197] 39 root - INFO - [Attacker] Label flip: 0 samples class 1 \u2192 class 0
[2026-06-20 08:08:46,209] 39 root - INFO - [Attacker] Label flip: 0 samples class 1 \u2192 class 0
[2026-06-20 08:08:46,221] 39 root - INFO - [Attacker] Label flip: 0 samples class 1 \u2192 class 0
[2026-06-20 08:08:46,229] 39 root - INFO - [Attacker] Label flip: 1 samples class 1 \u2192 class 0
[2026-06-20 08:08:46,238] 39 root - INFO - [Attacker] Label flip: 0 samples class 1 \u2192 class 0
[2026-06-20 08:08:46,247] 39 root - INFO - [Attacker] Label flip: 0 samples class 1 \u2192 class 0
[2026-06-20 08:08:46,254] 39 root - INFO - [Attacker] Label flip: 0 samples class 1 \u2192 class 0
[2026-06-20 08:08:46,262] 39 root - INFO - [Attacker] Label flip: 0 samples class 1 \u2192 class 0
[2026-06-20 08:08:46,270] 39 root - INFO - [Attacker] Label flip: 0 samples class 1 \u2192 class 0
[2026-06-20 08:08:46,277] 39 root - INFO - [Attacker] Label flip: 0 samples class 1 \u2192 class 0
[2026-06-20 08:08:46,286] 39 root - INFO - [Attacker] Label flip: 0 samples class 1 \u2192 class 0
[2026-06-20 08:08:46,293] 39 root - INFO - [Attacker] Label flip: 0 samples class 1 \u2192 class 0
[2026-06-20 08:08:46,301] 39 root - INFO - [Attacker] Label flip: 0 samples class 1 \u2192 class 0
[2026-06-20 08:08:46,309] 39 root - INFO - [Attacker] Label flip: 0 samples class 1 \u2192 class 0
[2026-06-20 08:08:46,318] 39 root - INFO - [Attacker] Label flip: 0 samples class 1 \u2192 class 0
[2026-06-20 08:08:46,326] 39 root - INFO - [Attacker] Label flip: 0 samples class 1 \u2192 class 0
[2026-06-20 08:08:46,334] 39 root - INFO - [Attacker] Label flip: 0 samples class 1 \u2192 class 0
[2026-06-20 08:08:46,342] 39 root - INFO - [Attacker] Label flip: 0 samples class 1 \u2192 class 0
[2026-06-20 08:08:46,349] 39 root - INFO - [Attacker] Label flip: 0 samples class 1 \u2192 class 0
[2026-06-20 08:08:46,358] 39 root - INFO - [Attacker] Label flip: 0 samples class 1 \u2192 class 0
[2026-06-20 08:08:46,365] 39 root - INFO - [Attacker] Label flip: 0 samples class 1 \u2192 class 0
[2026-06-20 08:08:46,372] 39 root - INFO - [Attacker] Label flip: 0 samples class 1 \u2192 class 0
[2026-06-20 08:08:46,381] 39 root - INFO - [Attacker] Label flip: 0 samples class 1 \u2192 class 0
[2026-06-20 08:08:46,388] 39 root - INFO - [Attacker] Label flip: 0 samples class 1 \u2192 class 0
[2026-06-20 08:08:46,396] 39 root - INFO - [Attacker] Label flip: 0 samples class 1 \u2192 class 0
[2026-06-20 08:08:46,403] 39 root - INFO - [Attacker] Label flip: 0 samples class 1 \u2192 class 0
[2026-06-20 08:08:46,410] 39 root - INFO - [Attacker] Label flip: 0 samples class 1 \u2192 class 0
[2026-06-20 08:08:46,418] 39 root - INFO - [Attacker] Label flip: 0 samples class 1 \u2192 class 0
[2026-06-20 08:08:46,426] 39 root - INFO - [Attacker] Label flip: 0 samples class 1 \u2192 class 0
[2026-06-20 08:08:46,434] 39 root - INFO - [Attacker] Label flip: 0 samples class 1 \u2192 class 0
[2026-06-20 08:08:46,441] 39 root - INFO - [Attacker] Label flip: 0 samples class 1 \u2192 class 0
[2026-06-20 08:08:46,450] 39 root - INFO - [Attacker] Label flip: 0 samples class 1 \u2192 class 0
[2026-06-20 08:08:46,458] 39 root - INFO - [Attacker] Label flip: 0 samples class 1 \u2192 class 0
[2026-06-20 08:08:46,466] 39 root - INFO - [Attacker] Label flip: 0 samples class 1 \u2192 class 0
[2026-06-20 08:08:46,473] 39 root - INFO - [Attacker] Label flip: 0 samples class 1 \u2192 class 0
[2026-06-20 08:08:46,480] 39 root - INFO - [Attacker] Label flip: 0 samples class 1 \u2192 class 0
[2026-06-20 08:08:46,488] 39 root - INFO - [Attacker] Label flip: 0 samples class 1 \u2192 class 0
[2026-06-20 08:08:46,495] 39 root - INFO - [Attacker] Label flip: 1 samples class 1 \u2192 class 0
[2026-06-20 08:08:46,503] 39 root - INFO - [Attacker] Label flip: 0 samples class 1 \u2192 class 0
[2026-06-20 08:08:46,510] 39 root - INFO - [Attacker] Label flip: 0 samples class 1 \u2192 class 0
[2026-06-20 08:08:46,518] 39 root - INFO - [Attacker] Label flip: 0 samples class 1 \u2192 class 0
[2026-06-20 08:08:46,525] 39 root - INFO - [Attacker] Label flip: 0 samples class 1 \u2192 class 0
[2026-06-20 08:08:46,532] 39 root - INFO - [Attacker] Label flip: 0 samples class 1 \u2192 class 0
[2026-06-20 08:08:46,541] 39 root - INFO - [Attacker] Label flip: 0 samples class 1 \u2192 class 0
[2026-06-20 08:08:46,550] 39 root - INFO - [Attacker] Label flip: 0 samples class 1 \u2192 class 0
[2026-06-20 08:08:46,561] 39 root - INFO - [Attacker] Label flip: 0 samples class 1 \u2192 class 0
[2026-06-20 08:08:46,571] 39 root - INFO - [Attacker] Label flip: 0 samples class 1 \u2192 class 0
[2026-06-20 08:08:46,582] 39 root - INFO - [Attacker] Label flip: 0 samples class 1 \u2192 class 0
[2026-06-20 08:08:46,609] 39 root - INFO - [Attacker] Label flip: 0 samples class 1 \u2192 class 0
[2026-06-20 08:08:46,619] 39 root - INFO - [Attacker] Label flip: 0 samples class 1 \u2192 class 0
[2026-06-20 08:08:46,631] 39 root - INFO - [Attacker] Label flip: 0 samples class 1 \u2192 class 0
[2026-06-20 08:08:46,639] 39 root - INFO - [Attacker] Label flip: 0 samples class 1 \u2192 class 0
[2026-06-20 08:08:46,655] 39 root - INFO - [Attacker] Label flip: 0 samples class 1 \u2192 class 0
[2026-06-20 08:08:46,663] 39 root - INFO - [Attacker] Label flip: 0 samples class 1 \u2192 class 0
[2026-06-20 08:08:46,673] 39 root - INFO - [Attacker] Label flip: 0 samples class 1 \u2192 class 0
[2026-06-20 08:08:46,686] 39 root - INFO - [Attacker] Label flip: 0 samples class 1 \u2192 class 0
[2026-06-20 08:08:46,694] 39 root - INFO - [Attacker] Label flip: 0 samples class 1 \u2192 class 0
[2026-06-20 08:08:46,703] 39 root - INFO - [Attacker] Label flip: 0 samples class 1 \u2192 class 0
[2026-06-20 08:08:46,712] 39 root - INFO - [Attacker] Label flip: 0 samples class 1 \u2192 class 0
[2026-06-20 08:08:46,723] 39 root - INFO - [Attacker] Label flip: 0 samples class 1 \u2192 class 0
[2026-06-20 08:08:46,753] 39 root - INFO - [Attacker] Label flip: 0 samples class 1 \u2192 class 0
[2026-06-20 08:08:46,766] 39 root - INFO - [Attacker] Label flip: 0 samples class 1 \u2192 class 0
[2026-06-20 08:08:46,776] 39 root - INFO - [Attacker] Label flip: 0 samples class 1 \u2192 class 0
[2026-06-20 08:08:46,786] 39 root - INFO - [Attacker] Label flip: 0 samples class 1 \u2192 class 0
[2026-06-20 08:08:46,795] 39 root - INFO - [Attacker] Label flip: 0 samples class 1 \u2192 class 0
[2026-06-20 08:08:46,803] 39 root - INFO - [Attacker] Label flip: 0 samples class 1 \u2192 class 0
[2026-06-20 08:08:46,814] 39 root - INFO - [Attacker] Label flip: 0 samples class 1 \u2192 class 0
[2026-06-20 08:08:46,822] 39 root - INFO - [Attacker] Label flip: 0 samples class 1 \u2192 class 0
[2026-06-20 08:08:46,832] 39 root - INFO - [Attacker] Label flip: 0 samples class 1 \u2192 class 0
[2026-06-20 08:08:46,842] 39 root - INFO - [Attacker] Label flip: 0 samples class 1 \u2192 class 0
[2026-06-20 08:08:46,852] 39 root - INFO - [Attacker] Label flip: 0 samples class 1 \u2192 class 0
[2026-06-20 08:08:46,863] 39 root - INFO - [Attacker] Label flip: 0 samples class 1 \u2192 class 0
[2026-06-20 08:08:46,872] 39 root - INFO - [Attacker] Label flip: 0 samples class 1 \u2192 class 0
[2026-06-20 08:08:46,882] 39 root - INFO - [Attacker] Label flip: 0 samples class 1 \u2192 class 0
[2026-06-20 08:08:46,892] 39 root - INFO - [Attacker] Label flip: 0 samples class 1 \u2192 class 0
[2026-06-20 08:08:46,903] 39 root - INFO - [Attacker] Label flip: 0 samples class 1 \u2192 class 0
[2026-06-20 08:08:46,912] 39 root - INFO - [Attacker] Label flip: 0 samples class 1 \u2192 class 0
[2026-06-20 08:08:46,922] 39 root - INFO - [Attacker] Label flip: 0 samples class 1 \u2192 class 0
[2026-06-20 08:08:46,946] 39 root - INFO - [Attacker] Label flip: 0 samples class 1 \u2192 class 0
[2026-06-20 08:08:47,049] 39 root - INFO - [Attacker] Label flip: 0 samples class 1 \u2192 class 0
[2026-06-20 08:08:47,060] 39 root - INFO - [Attacker] Label flip: 0 samples class 1 \u2192 class 0
[2026-06-20 08:08:47,070] 39 root - INFO - [Attacker] Label flip: 0 samples class 1 \u2192 class 0
[2026-06-20 08:08:47,080] 39 root - INFO - [Attacker] Label flip: 0 samples class 1 \u2192 class 0
[2026-06-20 08:08:47,090] 39 root - INFO - [Attacker] Label flip: 0 samples class 1 \u2192 class 0
[2026-06-20 08:08:47,099] 39 root - INFO - [Attacker] Label flip: 0 samples class 1 \u2192 class 0
[2026-06-20 08:08:47,108] 39 root - INFO - [Attacker] Label flip: 0 samples class 1 \u2192 class 0
[2026-06-20 08:08:47,118] 39 root - INFO - [Attacker] Label flip: 1 samples class 1 \u2192 class 0
[2026-06-20 08:08:47,129] 39 root - INFO - [Attacker] Label flip: 0 samples class 1 \u2192 class 0
[2026-06-20 08:08:47,138] 39 root - INFO - [Attacker] Label flip: 0 samples class 1 \u2192 class 0
[2026-06-20 08:08:47,149] 39 root - INFO - [Attacker] Label flip: 0 samples class 1 \u2192 class 0
[2026-06-20 08:08:47,159] 39 root - INFO - [Attacker] Label flip: 1 samples class 1 \u2192 class 0
[2026-06-20 08:08:47,168] 39 root - INFO - [Attacker] Label flip: 0 samples class 1 \u2192 class 0
[2026-06-20 08:08:47,179] 39 root - INFO - [Attacker] Label flip: 1 samples class 1 \u2192 class 0
[2026-06-20 08:08:47,189] 39 root - INFO - [Attacker] Label flip: 0 samples class 1 \u2192 class 0
[2026-06-20 08:08:47,199] 39 root - INFO - [Attacker] Label flip: 0 samples class 1 \u2192 class 0
[2026-06-20 08:08:47,208] 39 root - INFO - [Attacker] Label flip: 0 samples class 1 \u2192 class 0
[2026-06-20 08:08:47,218] 39 root - INFO - [Attacker] Label flip: 0 samples class 1 \u2192 class 0
[2026-06-20 08:08:47,226] 39 root - INFO - [Attacker] Label flip: 0 samples class 1 \u2192 class 0
[2026-06-20 08:08:47,240] 39 root - INFO - [Attacker] Label flip: 0 samples class 1 \u2192 class 0
[2026-06-20 08:08:47,252] 39 root - INFO - [Attacker] Label flip: 0 samples class 1 \u2192 class 0
[2026-06-20 08:08:47,267] 39 root - INFO - [Attacker] Label flip: 0 samples class 1 \u2192 class 0
[2026-06-20 08:08:47,278] 39 root - INFO - [Attacker] Label flip: 0 samples class 1 \u2192 class 0
[2026-06-20 08:08:47,291] 39 root - INFO - [Attacker] Label flip: 0 samples class 1 \u2192 class 0
[2026-06-20 08:08:47,303] 39 root - INFO - [Attacker] Label flip: 0 samples class 1 \u2192 class 0
[2026-06-20 08:08:47,322] 39 root - INFO - [Attacker] Label flip: 0 samples class 1 \u2192 class 0
[2026-06-20 08:08:47,335] 39 root - INFO - [Attacker] Label flip: 0 samples class 1 \u2192 class 0
[2026-06-20 08:08:47,351] 39 root - INFO - [Attacker] Label flip: 0 samples class 1 \u2192 class 0
[2026-06-20 08:08:47,365] 39 root - INFO - [Attacker] Label flip: 0 samples class 1 \u2192 class 0
[2026-06-20 08:08:47,380] 39 root - INFO - [Attacker] Label flip: 0 samples class 1 \u2192 class 0
[2026-06-20 08:08:47,390] 39 root - INFO - [Attacker] Label flip: 0 samples class 1 \u2192 class 0
[2026-06-20 08:08:47,398] 39 root - INFO - [Attacker] Label flip: 0 samples class 1 \u2192 class 0
[2026-06-20 08:08:47,406] 39 root - INFO - [Attacker] Label flip: 0 samples class 1 \u2192 class 0
[2026-06-20 08:08:47,414] 39 root - INFO - [Attacker] Label flip: 0 samples class 1 \u2192 class 0
[2026-06-20 08:08:47,431] 39 root - INFO - [Attacker] Label flip: 0 samples class 1 \u2192 class 0
[2026-06-20 08:08:47,443] 39 root - INFO - [Attacker] Label flip: 0 samples class 1 \u2192 class 0
[2026-06-20 08:08:47,452] 39 root - INFO - [Attacker] Label flip: 0 samples class 1 \u2192 class 0
[2026-06-20 08:08:47,464] 39 root - INFO - [Attacker] Label flip: 0 samples class 1 \u2192 class 0
[2026-06-20 08:08:47,474] 39 root - INFO - [Attacker] Label flip: 0 samples class 1 \u2192 class 0
[2026-06-20 08:08:47,484] 39 root - INFO - [Attacker] Label flip: 0 samples class 1 \u2192 class 0
[2026-06-20 08:08:47,494] 39 root - INFO - [Attacker] Label flip: 0 samples class 1 \u2192 class 0
[2026-06-20 08:08:47,502] 39 root - INFO - [Attacker] Label flip: 0 samples class 1 \u2192 class 0
[2026-06-20 08:08:47,512] 39 root - INFO - [Attacker] Label flip: 0 samples class 1 \u2192 class 0
[2026-06-20 08:08:47,522] 39 root - INFO - [Attacker] Label flip: 0 samples class 1 \u2192 class 0
[2026-06-20 08:08:47,533] 39 root - INFO - [Attacker] Label flip: 0 samples class 1 \u2192 class 0
[2026-06-20 08:08:47,545] 39 root - INFO - [Attacker] Label flip: 0 samples class 1 \u2192 class 0
[2026-06-20 08:08:47,553] 39 root - INFO - [Attacker] Label flip: 0 samples class 1 \u2192 class 0
[2026-06-20 08:08:47,562] 39 root - INFO - [Attacker] Label flip: 0 samples class 1 \u2192 class 0
[2026-06-20 08:08:47,576] 39 root - INFO - [Attacker] Label flip: 0 samples class 1 \u2192 class 0
[2026-06-20 08:08:47,589] 39 root - INFO - [Attacker] Label flip: 0 samples class 1 \u2192 class 0
[2026-06-20 08:08:47,599] 39 root - INFO - [Attacker] Label flip: 0 samples class 1 \u2192 class 0
[2026-06-20 08:08:47,606] 39 root - INFO - [Attacker] Label flip: 0 samples class 1 \u2192 class 0
[2026-06-20 08:08:47,616] 39 root - INFO - [Attacker] Label flip: 0 samples class 1 \u2192 class 0
[2026-06-20 08:08:47,626] 39 root - INFO - [Attacker] Label flip: 0 samples class 1 \u2192 class 0
[2026-06-20 08:08:47,635] 39 root - INFO - [Attacker] Label flip: 0 samples class 1 \u2192 class 0
[2026-06-20 08:08:47,645] 39 root - INFO - [Attacker] Label flip: 0 samples class 1 \u2192 class 0
[2026-06-20 08:08:47,653] 39 root - INFO - [Attacker] Label flip: 0 samples class 1 \u2192 class 0
[2026-06-20 08:08:47,664] 39 root - INFO - [Attacker] Label flip: 0 samples class 1 \u2192 class 0
[2026-06-20 08:08:47,672] 39 root - INFO - [Attacker] Label flip: 0 samples class 1 \u2192 class 0
[2026-06-20 08:08:47,684] 39 root - INFO - [Attacker] Label flip: 0 samples class 1 \u2192 class 0
[2026-06-20 08:08:47,699] 39 root - INFO - [Attacker] Label flip: 0 samples class 1 \u2192 class 0
[2026-06-20 08:08:47,710] 39 root - INFO - [Attacker] Label flip: 0 samples class 1 \u2192 class 0
[2026-06-20 08:08:47,718] 39 root - INFO - [Attacker] Label flip: 0 samples class 1 \u2192 class 0
[2026-06-20 08:08:47,727] 39 root - INFO - [Attacker] Label flip: 0 samples class 1 \u2192 class 0
[2026-06-20 08:08:47,736] 39 root - INFO - [Attacker] Label flip: 0 samples class 1 \u2192 class 0
[2026-06-20 08:08:47,746] 39 root - INFO - [Attacker] Label flip: 0 samples class 1 \u2192 class 0
[2026-06-20 08:08:47,754] 39 root - INFO - [Attacker] Label flip: 0 samples class 1 \u2192 class 0
[2026-06-20 08:08:47,763] 39 root - INFO - [Attacker] Label flip: 0 samples class 1 \u2192 class 0
[2026-06-20 08:08:47,771] 39 root - INFO - [Attacker] Label flip: 0 samples class 1 \u2192 class 0
[2026-06-20 08:08:47,780] 39 root - INFO - [Attacker] Label flip: 0 samples class 1 \u2192 class 0
[2026-06-20 08:08:47,791] 39 root - INFO - [Attacker] Label flip: 0 samples class 1 \u2192 class 0
[2026-06-20 08:08:47,822] 39 root - INFO - [Attacker] Label flip: 0 samples class 1 \u2192 class 0
[2026-06-20 08:08:47,838] 39 root - INFO - [Attacker] Label flip: 0 samples class 1 \u2192 class 0
[2026-06-20 08:08:47,847] 39 root - INFO - [Attacker] Label flip: 0 samples class 1 \u2192 class 0
[2026-06-20 08:08:47,858] 39 root - INFO - [Attacker] Label flip: 0 samples class 1 \u2192 class 0
[2026-06-20 08:08:47,866] 39 root - INFO - [Attacker] Label flip: 0 samples class 1 \u2192 class 0
[2026-06-20 08:08:47,879] 39 root - INFO - [Attacker] Label flip: 0 samples class 1 \u2192 class 0
[2026-06-20 08:08:47,888] 39 root - INFO - [Attacker] Label flip: 0 samples class 1 \u2192 class 0
[2026-06-20 08:08:47,898] 39 root - INFO - [Attacker] Label flip: 0 samples class 1 \u2192 class 0
[2026-06-20 08:08:47,913] 39 root - INFO - [Attacker] Label flip: 0 samples class 1 \u2192 class 0
[2026-06-20 08:08:47,923] 39 root - INFO - [Attacker] Label flip: 0 samples class 1 \u2192 class 0
[2026-06-20 08:08:47,933] 39 root - INFO - [Attacker] Label flip: 0 samples class 1 \u2192 class 0
[2026-06-20 08:08:47,942] 39 root - INFO - [Attacker] Label flip: 0 samples class 1 \u2192 class 0
[2026-06-20 08:08:47,953] 39 root - INFO - [Attacker] Label flip: 0 samples class 1 \u2192 class 0
[2026-06-20 08:08:47,963] 39 root - INFO - [Attacker] Label flip: 0 samples class 1 \u2192 class 0
[2026-06-20 08:08:47,973] 39 root - INFO - [Attacker] Label flip: 0 samples class 1 \u2192 class 0
[2026-06-20 08:08:47,985] 39 root - INFO - [Attacker] Label flip: 0 samples class 1 \u2192 class 0
[2026-06-20 08:08:48,000] 39 root - INFO - [Attacker] Label flip: 0 samples class 1 \u2192 class 0
[2026-06-20 08:08:48,011] 39 root - INFO - [Attacker] Label flip: 0 samples class 1 \u2192 class 0
[2026-06-20 08:08:48,020] 39 root - INFO - [Attacker] Label flip: 0 samples class 1 \u2192 class 0
[2026-06-20 08:08:48,031] 39 root - INFO - [Attacker] Label flip: 0 samples class 1 \u2192 class 0
[2026-06-20 08:08:48,043] 39 root - INFO - [Attacker] Label flip: 0 samples class 1 \u2192 class 0
[2026-06-20 08:08:48,055] 39 root - INFO - [Attacker] Label flip: 0 samples class 1 \u2192 class 0
[2026-06-20 08:08:48,064] 39 root - INFO - [Attacker] Label flip: 0 samples class 1 \u2192 class 0
[2026-06-20 08:08:48,077] 39 root - INFO - [Attacker] Label flip: 0 samples class 1 \u2192 class 0
[2026-06-20 08:08:48,091] 39 root - INFO - [Attacker] Label flip: 0 samples class 1 \u2192 class 0
[2026-06-20 08:08:48,102] 39 root - INFO - [Attacker] Label flip: 0 samples class 1 \u2192 class 0
[2026-06-20 08:08:48,116] 39 root - INFO - [Attacker] Label flip: 0 samples class 1 \u2192 class 0
[2026-06-20 08:08:48,126] 39 root - INFO - [Attacker] Label flip: 0 samples class 1 \u2192 class 0
[2026-06-20 08:08:48,136] 39 root - INFO - [Attacker] Label flip: 0 samples class 1 \u2192 class 0
[2026-06-20 08:08:48,144] 39 root - INFO - [Attacker] Label flip: 0 samples class 1 \u2192 class 0
[2026-06-20 08:08:48,152] 39 root - INFO - [Attacker] Label flip: 0 samples class 1 \u2192 class 0
[2026-06-20 08:08:48,163] 39 root - INFO - [Attacker] Label flip: 0 samples class 1 \u2192 class 0
[2026-06-20 08:08:48,172] 39 root - INFO - [Attacker] Label flip: 0 samples class 1 \u2192 class 0
[2026-06-20 08:08:48,181] 39 root - INFO - [Attacker] Label flip: 0 samples class 1 \u2192 class 0
[2026-06-20 08:08:48,189] 39 root - INFO - [Attacker] Label flip: 1 samples class 1 \u2192 class 0
[2026-06-20 08:08:48,199] 39 root - INFO - [Attacker] Label flip: 0 samples class 1 \u2192 class 0
[2026-06-20 08:08:48,208] 39 root - INFO - [Attacker] Label flip: 0 samples class 1 \u2192 class 0
[2026-06-20 08:08:48,218] 39 root - INFO - [Attacker] Label flip: 0 samples class 1 \u2192 class 0
[2026-06-20 08:08:48,229] 39 root - INFO - [Attacker] Label flip: 0 samples class 1 \u2192 class 0
[2026-06-20 08:08:48,239] 39 root - INFO - [Attacker] Label flip: 0 samples class 1 \u2192 class 0
[2026-06-20 08:08:48,247] 39 root - INFO - [Attacker] Label flip: 0 samples class 1 \u2192 class 0
[2026-06-20 08:08:48,258] 39 root - INFO - [Attacker] Label flip: 0 samples class 1 \u2192 class 0
[2026-06-20 08:08:48,266] 39 root - INFO - [Attacker] Label flip: 0 samples class 1 \u2192 class 0
[2026-06-20 08:08:48,276] 39 root - INFO - [Attacker] Label flip: 0 samples class 1 \u2192 class 0
[2026-06-20 08:08:48,284] 39 root - INFO - [Attacker] Label flip: 0 samples class 1 \u2192 class 0
[2026-06-20 08:08:48,295] 39 root - INFO - [Attacker] Label flip: 0 samples class 1 \u2192 class 0
[2026-06-20 08:08:48,303] 39 root - INFO - [Attacker] Label flip: 0 samples class 1 \u2192 class 0
[2026-06-20 08:08:48,316] 39 root - INFO - [Attacker] Label flip: 0 samples class 1 \u2192 class 0
[2026-06-20 08:08:48,326] 39 root - INFO - [Attacker] Label flip: 0 samples class 1 \u2192 class 0
[2026-06-20 08:08:48,336] 39 root - INFO - [Attacker] Label flip: 0 samples class 1 \u2192 class 0
[2026-06-20 08:08:48,344] 39 root - INFO - [Attacker] Label flip: 1 samples class 1 \u2192 class 0
[2026-06-20 08:08:48,354] 39 root - INFO - [Attacker] Label flip: 0 samples class 1 \u2192 class 0
[2026-06-20 08:08:48,363] 39 root - INFO - [Attacker] Label flip: 0 samples class 1 \u2192 class 0
[2026-06-20 08:08:48,372] 39 root - INFO - [Attacker] Label flip: 0 samples class 1 \u2192 class 0
[2026-06-20 08:08:48,382] 39 root - INFO - [Attacker] Label flip: 0 samples class 1 \u2192 class 0
[2026-06-20 08:08:48,390] 39 root - INFO - [Attacker] Label flip: 0 samples class 1 \u2192 class 0
[2026-06-20 08:08:48,405] 39 root - INFO - [Attacker] Label flip: 0 samples class 1 \u2192 class 0
[2026-06-20 08:08:48,415] 39 root - INFO - [Attacker] Label flip: 0 samples class 1 \u2192 class 0
[2026-06-20 08:08:48,423] 39 root - INFO - [Attacker] Label flip: 0 samples class 1 \u2192 class 0
[2026-06-20 08:08:48,430] 39 root - INFO - [Attacker] Label flip: 0 samples class 1 \u2192 class 0
[2026-06-20 08:08:48,439] 39 root - INFO - [Attacker] Label flip: 0 samples class 1 \u2192 class 0
[2026-06-20 08:08:48,447] 39 root - INFO - [Attacker] Label flip: 0 samples class 1 \u2192 class 0
[2026-06-20 08:08:48,454] 39 root - INFO - [Attacker] Label flip: 0 samples class 1 \u2192 class 0
[2026-06-20 08:08:48,462] 39 root - INFO - [Attacker] Label flip: 0 samples class 1 \u2192 class 0
[2026-06-20 08:08:48,471] 39 root - INFO - [Attacker] Label flip: 0 samples class 1 \u2192 class 0
[2026-06-20 08:08:48,478] 39 root - INFO - [Attacker] Label flip: 0 samples class 1 \u2192 class 0
[2026-06-20 08:08:48,486] 39 root - INFO - [Attacker] Label flip: 0 samples class 1 \u2192 class 0
[2026-06-20 08:08:48,494] 39 root - INFO - [Attacker] Label flip: 0 samples class 1 \u2192 class 0
[2026-06-20 08:08:48,502] 39 root - INFO - [Attacker] Label flip: 0 samples class 1 \u2192 class 0
[2026-06-20 08:08:48,511] 39 root - INFO - [Attacker] Label flip: 0 samples class 1 \u2192 class 0
[2026-06-20 08:08:48,519] 39 root - INFO - [Attacker] Label flip: 0 samples class 1 \u2192 class 0
[2026-06-20 08:08:48,527] 39 root - INFO - [Attacker] Label flip: 0 samples class 1 \u2192 class 0
[2026-06-20 08:08:48,535] 39 root - INFO - [Attacker] Label flip: 0 samples class 1 \u2192 class 0
[2026-06-20 08:08:48,542] 39 root - INFO - [Attacker] Label flip: 0 samples class 1 \u2192 class 0
[2026-06-20 08:08:48,549] 39 root - INFO - [Attacker] Label flip: 0 samples class 1 \u2192 class 0
[2026-06-20 08:08:48,557] 39 root - INFO - [Attacker] Label flip: 0 samples class 1 \u2192 class 0
[2026-06-20 08:08:48,564] 39 root - INFO - [Attacker] Label flip: 0 samples class 1 \u2192 class 0
[2026-06-20 08:08:48,571] 39 root - INFO - [Attacker] Label flip: 0 samples class 1 \u2192 class 0
[2026-06-20 08:08:48,579] 39 root - INFO - [Attacker] Label flip: 0 samples class 1 \u2192 class 0
[2026-06-20 08:08:48,586] 39 root - INFO - [Attacker] Label flip: 0 samples class 1 \u2192 class 0
[2026-06-20 08:08:48,596] 39 root - INFO - [Attacker] Label flip: 0 samples class 1 \u2192 class 0
[2026-06-20 08:08:48,604] 39 root - INFO - [Attacker] Label flip: 1 samples class 1 \u2192 class 0
[2026-06-20 08:08:48,611] 39 root - INFO - [Attacker] Label flip: 0 samples class 1 \u2192 class 0
[2026-06-20 08:08:48,619] 39 root - INFO - [Attacker] Label flip: 0 samples class 1 \u2192 class 0
[2026-06-20 08:08:48,626] 39 root - INFO - [Attacker] Label flip: 0 samples class 1 \u2192 class 0
[2026-06-20 08:08:48,635] 39 root - INFO - [Attacker] Label flip: 0 samples class 1 \u2192 class 0
[2026-06-20 08:08:48,642] 39 root - INFO - [Attacker] Label flip: 0 samples class 1 \u2192 class 0
[2026-06-20 08:08:48,649] 39 root - INFO - [Attacker] Label flip: 0 samples class 1 \u2192 class 0
[2026-06-20 08:08:48,657] 39 root - INFO - [Attacker] Label flip: 0 samples class 1 \u2192 class 0
[2026-06-20 08:08:48,666] 39 root - INFO - [Attacker] Label flip: 0 samples class 1 \u2192 class 0
[2026-06-20 08:08:48,673] 39 root - INFO - [Attacker] Label flip: 0 samples class 1 \u2192 class 0
[2026-06-20 08:08:48,680] 39 root - INFO - [Attacker] Label flip: 0 samples class 1 \u2192 class 0
[2026-06-20 08:08:48,688] 39 root - INFO - [Attacker] Label flip: 0 samples class 1 \u2192 class 0
[2026-06-20 08:08:48,696] 39 root - INFO - [Attacker] Label flip: 0 samples class 1 \u2192 class 0
[2026-06-20 08:08:48,706] 39 root - INFO - [Attacker] Label flip: 0 samples class 1 \u2192 class 0
[2026-06-20 08:08:48,714] 39 root - INFO - [Attacker] Label flip: 0 samples class 1 \u2192 class 0
[2026-06-20 08:08:48,722] 39 root - INFO - [Attacker] Label flip: 0 samples class 1 \u2192 class 0
[2026-06-20 08:08:48,730] 39 root - INFO - [Attacker] Label flip: 0 samples class 1 \u2192 class 0
[2026-06-20 08:08:48,738] 39 root - INFO - [Attacker] Label flip: 0 samples class 1 \u2192 class 0
[2026-06-20 08:08:48,747] 39 root - INFO - [Attacker] Label flip: 0 samples class 1 \u2192 class 0
[2026-06-20 08:08:48,755] 39 root - INFO - [Attacker] Label flip: 0 samples class 1 \u2192 class 0
[2026-06-20 08:08:48,762] 39 root - INFO - [Attacker] Label flip: 0 samples class 1 \u2192 class 0
[2026-06-20 08:08:48,772] 39 root - INFO - [Attacker] Label flip: 0 samples class 1 \u2192 class 0
[2026-06-20 08:08:48,779] 39 root - INFO - [Attacker] Label flip: 0 samples class 1 \u2192 class 0
[2026-06-20 08:08:48,786] 39 root - INFO - [Attacker] Label flip: 0 samples class 1 \u2192 class 0
[2026-06-20 08:08:48,794] 39 root - INFO - [Attacker] Label flip: 0 samples class 1 \u2192 class 0
[2026-06-20 08:08:48,801] 39 root - INFO - [Attacker] Label flip: 0 samples class 1 \u2192 class 0
[2026-06-20 08:08:48,809] 39 root - INFO - [Attacker] Label flip: 0 samples class 1 \u2192 class 0
[2026-06-20 08:08:48,816] 39 root - INFO - [Attacker] Label flip: 0 samples class 1 \u2192 class 0
[2026-06-20 08:08:48,825] 39 root - INFO - [Attacker] Label flip: 0 samples class 1 \u2192 class 0
[2026-06-20 08:08:48,834] 39 root - INFO - [Attacker] Label flip: 0 samples class 1 \u2192 class 0
[2026-06-20 08:08:48,842] 39 root - INFO - [Attacker] Label flip: 0 samples class 1 \u2192 class 0
[2026-06-20 08:08:48,850] 39 root - INFO - [Attacker] Label flip: 0 samples class 1 \u2192 class 0
[2026-06-20 08:08:48,857] 39 root - INFO - [Attacker] Label flip: 0 samples class 1 \u2192 class 0
[2026-06-20 08:08:48,866] 39 root - INFO - [Attacker] Label flip: 0 samples class 1 \u2192 class 0
[2026-06-20 08:08:48,874] 39 root - INFO - [Attacker] Label flip: 0 samples class 1 \u2192 class 0
[2026-06-20 08:08:48,882] 39 root - INFO - [Attacker] Label flip: 0 samples class 1 \u2192 class 0
[2026-06-20 08:08:48,889] 39 root - INFO - [Attacker] Label flip: 0 samples class 1 \u2192 class 0
[2026-06-20 08:08:48,897] 39 root - INFO - [Attacker] Label flip: 0 samples class 1 \u2192 class 0
[2026-06-20 08:08:48,904] 39 root - INFO - [Attacker] Label flip: 0 samples class 1 \u2192 class 0
[2026-06-20 08:08:48,912] 39 root - INFO - [Attacker] Label flip: 0 samples class 1 \u2192 class 0
[2026-06-20 08:08:48,920] 39 root - INFO - [Attacker] Label flip: 0 samples class 1 \u2192 class 0
[2026-06-20 08:08:48,928] 39 root - INFO - [Attacker] Label flip: 0 samples class 1 \u2192 class 0
[2026-06-20 08:08:48,935] 39 root - INFO - [Attacker] Label flip: 0 samples class 1 \u2192 class 0
[2026-06-20 08:08:48,943] 39 root - INFO - [Attacker] Label flip: 0 samples class 1 \u2192 class 0
[2026-06-20 08:08:48,951] 39 root - INFO - [Attacker] Label flip: 0 samples class 1 \u2192 class 0
[2026-06-20 08:08:48,959] 39 root - INFO - [Attacker] Label flip: 0 samples class 1 \u2192 class 0
[2026-06-20 08:08:48,967] 39 root - INFO - [Attacker] Label flip: 0 samples class 1 \u2192 class 0
[2026-06-20 08:08:48,978] 39 root - INFO - [Attacker] Label flip: 0 samples class 1 \u2192 class 0
[2026-06-20 08:08:48,986] 39 root - INFO - [Attacker] Label flip: 0 samples class 1 \u2192 class 0
[2026-06-20 08:08:48,995] 39 root - INFO - [Attacker] Label flip: 0 samples class 1 \u2192 class 0
[2026-06-20 08:08:49,003] 39 root - INFO - [Attacker] Label flip: 0 samples class 1 \u2192 class 0
[2026-06-20 08:08:49,010] 39 root - INFO - [Attacker] Label flip: 0 samples class 1 \u2192 class 0
[2026-06-20 08:08:49,019] 39 root - INFO - [Attacker] Label flip: 0 samples class 1 \u2192 class 0
[2026-06-20 08:08:49,026] 39 root - INFO - [Attacker] Label flip: 0 samples class 1 \u2192 class 0
[2026-06-20 08:08:49,035] 39 root - INFO - [Attacker] Label flip: 0 samples class 1 \u2192 class 0
[2026-06-20 08:08:49,043] 39 root - INFO - [Attacker] Label flip: 0 samples class 1 \u2192 class 0
[2026-06-20 08:08:49,052] 39 root - INFO - [Attacker] Label flip: 0 samples class 1 \u2192 class 0
[2026-06-20 08:08:49,061] 39 root - INFO - [Attacker] Label flip: 0 samples class 1 \u2192 class 0
[2026-06-20 08:08:49,069] 39 root - INFO - [Attacker] Label flip: 0 samples class 1 \u2192 class 0
[2026-06-20 08:08:49,077] 39 root - INFO - [Attacker] Label flip: 0 samples class 1 \u2192 class 0
[2026-06-20 08:08:49,085] 39 root - INFO - [Attacker] Label flip: 1 samples class 1 \u2192 class 0
[2026-06-20 08:08:49,094] 39 root - INFO - [Attacker] Label flip: 0 samples class 1 \u2192 class 0
[2026-06-20 08:08:49,103] 39 root - INFO - [Attacker] Label flip: 0 samples class 1 \u2192 class 0
[2026-06-20 08:08:49,111] 39 root - INFO - [Attacker] Label flip: 0 samples class 1 \u2192 class 0
[2026-06-20 08:08:49,120] 39 root - INFO - [Attacker] Label flip: 0 samples class 1 \u2192 class 0
[2026-06-20 08:08:49,127] 39 root - INFO - [Attacker] Label flip: 0 samples class 1 \u2192 class 0
[2026-06-20 08:08:49,136] 39 root - INFO - [Attacker] Label flip: 0 samples class 1 \u2192 class 0
[2026-06-20 08:08:49,145] 39 root - INFO - [Attacker] Label flip: 0 samples class 1 \u2192 class 0
[2026-06-20 08:08:49,153] 39 root - INFO - [Attacker] Label flip: 0 samples class 1 \u2192 class 0
[2026-06-20 08:08:49,160] 39 root - INFO - [Attacker] Label flip: 0 samples class 1 \u2192 class 0
[2026-06-20 08:08:49,169] 39 root - INFO - [Attacker] Label flip: 0 samples class 1 \u2192 class 0
[2026-06-20 08:08:49,177] 39 root - INFO - [Attacker] Label flip: 0 samples class 1 \u2192 class 0
[2026-06-20 08:08:49,184] 39 root - INFO - [Attacker] Label flip: 0 samples class 1 \u2192 class 0
[2026-06-20 08:08:49,192] 39 root - INFO - [Attacker] Label flip: 0 samples class 1 \u2192 class 0
[2026-06-20 08:08:49,201] 39 root - INFO - [Attacker] Label flip: 0 samples class 1 \u2192 class 0
[2026-06-20 08:08:49,210] 39 root - INFO - [Attacker] Label flip: 1 samples class 1 \u2192 class 0
[2026-06-20 08:08:49,219] 39 root - INFO - [Attacker] Label flip: 0 samples class 1 \u2192 class 0
[2026-06-20 08:08:49,227] 39 root - INFO - [Attacker] Label flip: 0 samples class 1 \u2192 class 0
[2026-06-20 08:08:49,234] 39 root - INFO - [Attacker] Label flip: 0 samples class 1 \u2192 class 0
[2026-06-20 08:08:49,242] 39 root - INFO - [Attacker] Label flip: 0 samples class 1 \u2192 class 0
[2026-06-20 08:08:49,250] 39 root - INFO - [Attacker] Label flip: 0 samples class 1 \u2192 class 0
[2026-06-20 08:08:49,258] 39 root - INFO - [Attacker] Label flip: 0 samples class 1 \u2192 class 0
[2026-06-20 08:08:49,265] 39 root - INFO - [Attacker] Label flip: 0 samples class 1 \u2192 class 0
[2026-06-20 08:08:49,274] 39 root - INFO - [Attacker] Label flip: 0 samples class 1 \u2192 class 0
[2026-06-20 08:08:49,282] 39 root - INFO - [Attacker] Label flip: 0 samples class 1 \u2192 class 0
[2026-06-20 08:08:49,290] 39 root - INFO - [Attacker] Label flip: 0 samples class 1 \u2192 class 0
[2026-06-20 08:08:49,299] 39 root - INFO - [Attacker] Label flip: 0 samples class 1 \u2192 class 0
[2026-06-20 08:08:49,306] 39 root - INFO - [Attacker] Label flip: 0 samples class 1 \u2192 class 0
[2026-06-20 08:08:49,315] 39 root - INFO - [Attacker] Label flip: 0 samples class 1 \u2192 class 0
[2026-06-20 08:08:49,325] 39 root - INFO - [Attacker] Label flip: 0 samples class 1 \u2192 class 0
[2026-06-20 08:08:49,334] 39 root - INFO - [Attacker] Label flip: 0 samples class 1 \u2192 class 0
[2026-06-20 08:08:49,343] 39 root - INFO - [Attacker] Label flip: 0 samples class 1 \u2192 class 0
[2026-06-20 08:08:49,351] 39 root - INFO - [Attacker] Label flip: 0 samples class 1 \u2192 class 0
[2026-06-20 08:08:49,359] 39 root - INFO - [Attacker] Label flip: 0 samples class 1 \u2192 class 0
[2026-06-20 08:08:49,367] 39 root - INFO - [Attacker] Label flip: 0 samples class 1 \u2192 class 0
[2026-06-20 08:08:49,375] 39 root - INFO - [Attacker] Label flip: 0 samples class 1 \u2192 class 0
[2026-06-20 08:08:49,383] 39 root - INFO - [Attacker] Label flip: 0 samples class 1 \u2192 class 0
[2026-06-20 08:08:49,391] 39 root - INFO - [Attacker] Label flip: 0 samples class 1 \u2192 class 0
[2026-06-20 08:08:49,399] 39 root - INFO - [Attacker] Label flip: 0 samples class 1 \u2192 class 0
[2026-06-20 08:08:49,409] 39 root - INFO - [Attacker] Label flip: 0 samples class 1 \u2192 class 0
[2026-06-20 08:08:49,417] 39 root - INFO - [Attacker] Label flip: 0 samples class 1 \u2192 class 0
[2026-06-20 08:08:49,433] 39 root - INFO - [Attacker] Label flip: 0 samples class 1 \u2192 class 0
[2026-06-20 08:08:49,443] 39 root - INFO - [Attacker] Label flip: 0 samples class 1 \u2192 class 0
[2026-06-20 08:08:49,458] 39 root - INFO - [Attacker] Label flip: 0 samples class 1 \u2192 class 0
[2026-06-20 08:08:49,468] 39 root - INFO - [Attacker] Label flip: 0 samples class 1 \u2192 class 0
[2026-06-20 08:08:49,476] 39 root - INFO - [Attacker] Label flip: 0 samples class 1 \u2192 class 0
[2026-06-20 08:08:49,485] 39 root - INFO - [Attacker] Label flip: 0 samples class 1 \u2192 class 0
[2026-06-20 08:08:49,494] 39 root - INFO - [Attacker] Label flip: 0 samples class 1 \u2192 class 0
[2026-06-20 08:08:49,506] 39 root - INFO - [Attacker] Label flip: 0 samples class 1 \u2192 class 0
[2026-06-20 08:08:49,519] 39 root - INFO - [Attacker] Label flip: 0 samples class 1 \u2192 class 0
[2026-06-20 08:08:49,528] 39 root - INFO - [Attacker] Label flip: 0 samples class 1 \u2192 class 0
[2026-06-20 08:08:49,552] 39 root - INFO - [Attacker] Label flip: 0 samples class 1 \u2192 class 0
[2026-06-20 08:08:49,562] 39 root - INFO - [Attacker] Label flip: 0 samples class 1 \u2192 class 0
[2026-06-20 08:08:49,571] 39 root - INFO - [Attacker] Label flip: 0 samples class 1 \u2192 class 0
[2026-06-20 08:08:49,580] 39 root - INFO - [Attacker] Label flip: 0 samples class 1 \u2192 class 0
[2026-06-20 08:08:49,591] 39 root - INFO - [Attacker] Label flip: 0 samples class 1 \u2192 class 0
[2026-06-20 08:08:49,600] 39 root - INFO - [Attacker] Label flip: 0 samples class 1 \u2192 class 0
[2026-06-20 08:08:49,611] 39 root - INFO - [Attacker] Label flip: 0 samples class 1 \u2192 class 0
[2026-06-20 08:08:49,620] 39 root - INFO - [Attacker] Label flip: 0 samples class 1 \u2192 class 0
[2026-06-20 08:08:49,629] 39 root - INFO - [Attacker] Label flip: 0 samples class 1 \u2192 class 0
[2026-06-20 08:08:49,637] 39 root - INFO - [Attacker] Label flip: 0 samples class 1 \u2192 class 0
[2026-06-20 08:08:49,646] 39 root - INFO - [Attacker] Label flip: 0 samples class 1 \u2192 class 0
[2026-06-20 08:08:49,655] 39 root - INFO - [Attacker] Label flip: 0 samples class 1 \u2192 class 0
[2026-06-20 08:08:49,663] 39 root - INFO - [Attacker] Label flip: 0 samples class 1 \u2192 class 0
[2026-06-20 08:08:49,671] 39 root - INFO - [Attacker] Label flip: 0 samples class 1 \u2192 class 0
[2026-06-20 08:08:49,680] 39 root - INFO - [Attacker] Label flip: 0 samples class 1 \u2192 class 0
[2026-06-20 08:08:49,689] 39 root - INFO - [Attacker] Label flip: 0 samples class 1 \u2192 class 0
[2026-06-20 08:08:49,699] 39 root - INFO - [Attacker] Label flip: 0 samples class 1 \u2192 class 0
[2026-06-20 08:08:49,707] 39 root - INFO - [Attacker] Label flip: 0 samples class 1 \u2192 class 0
[2026-06-20 08:08:49,716] 39 root - INFO - [Attacker] Label flip: 0 samples class 1 \u2192 class 0
[2026-06-20 08:08:49,726] 39 root - INFO - [Attacker] Label flip: 0 samples class 1 \u2192 class 0
[2026-06-20 08:08:49,735] 39 root - INFO - [Attacker] Label flip: 0 samples class 1 \u2192 class 0
[2026-06-20 08:08:49,742] 39 root - INFO - [Attacker] Label flip: 0 samples class 1 \u2192 class 0
[2026-06-20 08:08:49,754] 39 root - INFO - [Attacker] Label flip: 0 samples class 1 \u2192 class 0
[2026-06-20 08:08:49,766] 39 root - INFO - [Attacker] Label flip: 0 samples class 1 \u2192 class 0
[2026-06-20 08:08:49,775] 39 root - INFO - [Attacker] Label flip: 0 samples class 1 \u2192 class 0
[2026-06-20 08:08:49,798] 39 root - INFO - [Attacker] Label flip: 0 samples class 1 \u2192 class 0
[2026-06-20 08:08:49,812] 39 root - INFO - [Attacker] Label flip: 0 samples class 1 \u2192 class 0
[2026-06-20 08:08:49,823] 39 root - INFO - [Attacker] Label flip: 0 samples class 1 \u2192 class 0
[2026-06-20 08:08:49,833] 39 root - INFO - [Attacker] Label flip: 0 samples class 1 \u2192 class 0
[2026-06-20 08:08:49,843] 39 root - INFO - [Attacker] Label flip: 0 samples class 1 \u2192 class 0
[2026-06-20 08:08:49,851] 39 root - INFO - [Attacker] Label flip: 0 samples class 1 \u2192 class 0
[2026-06-20 08:08:49,861] 39 root - INFO - [Attacker] Label flip: 0 samples class 1 \u2192 class 0
[2026-06-20 08:08:49,870] 39 root - INFO - [Attacker] Label flip: 0 samples class 1 \u2192 class 0
[2026-06-20 08:08:49,878] 39 root - INFO - [Attacker] Label flip: 0 samples class 1 \u2192 class 0
[2026-06-20 08:08:49,888] 39 root - INFO - [Attacker] Label flip: 0 samples class 1 \u2192 class 0
[2026-06-20 08:08:49,896] 39 root - INFO - [Attacker] Label flip: 0 samples class 1 \u2192 class 0
[2026-06-20 08:08:49,906] 39 root - INFO - [Attacker] Label flip: 0 samples class 1 \u2192 class 0
[2026-06-20 08:08:49,914] 39 root - INFO - [Attacker] Label flip: 0 samples class 1 \u2192 class 0
[2026-06-20 08:08:49,923] 39 root - INFO - [Attacker] Label flip: 0 samples class 1 \u2192 class 0
[2026-06-20 08:08:49,931] 39 root - INFO - [Attacker] Label flip: 1 samples class 1 \u2192 class 0
[2026-06-20 08:08:49,939] 39 root - INFO - [Attacker] Label flip: 0 samples class 1 \u2192 class 0
[2026-06-20 08:08:49,948] 39 root - INFO - [Attacker] Label flip: 0 samples class 1 \u2192 class 0
[2026-06-20 08:08:49,958] 39 root - INFO - [Attacker] Label flip: 0 samples class 1 \u2192 class 0
[2026-06-20 08:08:49,967] 39 root - INFO - [Attacker] Label flip: 0 samples class 1 \u2192 class 0
[2026-06-20 08:08:49,975] 39 root - INFO - [Attacker] Label flip: 0 samples class 1 \u2192 class 0
[2026-06-20 08:08:49,984] 39 root - INFO - [Attacker] Label flip: 0 samples class 1 \u2192 class 0
[2026-06-20 08:08:49,992] 39 root - INFO - [Attacker] Label flip: 0 samples class 1 \u2192 class 0
[2026-06-20 08:08:50,001] 39 root - INFO - [Attacker] Label flip: 0 samples class 1 \u2192 class 0
[2026-06-20 08:08:50,009] 39 root - INFO - [Attacker] Label flip: 0 samples class 1 \u2192 class 0
[2026-06-20 08:08:50,019] 39 root - INFO - [Attacker] Label flip: 0 samples class 1 \u2192 class 0
[2026-06-20 08:08:50,027] 39 root - INFO - [Attacker] Label flip: 0 samples class 1 \u2192 class 0
[2026-06-20 08:08:50,037] 39 root - INFO - [Attacker] Label flip: 0 samples class 1 \u2192 class 0
[2026-06-20 08:08:50,049] 39 root - INFO - [Attacker] Label flip: 0 samples class 1 \u2192 class 0
[2026-06-20 08:08:50,058] 39 root - INFO - [Attacker] Label flip: 0 samples class 1 \u2192 class 0
[2026-06-20 08:08:50,068] 39 root - INFO - [Attacker] Label flip: 1 samples class 1 \u2192 class 0
[2026-06-20 08:08:50,080] 39 root - INFO - [Attacker] Label flip: 0 samples class 1 \u2192 class 0
[2026-06-20 08:08:50,090] 39 root - INFO - [Attacker] Label flip: 0 samples class 1 \u2192 class 0
[2026-06-20 08:08:50,100] 39 root - INFO - [Attacker] Label flip: 0 samples class 1 \u2192 class 0
[2026-06-20 08:08:50,109] 39 root - INFO - [Attacker] Label flip: 0 samples class 1 \u2192 class 0
[2026-06-20 08:08:50,119] 39 root - INFO - [Attacker] Label flip: 0 samples class 1 \u2192 class 0
[2026-06-20 08:08:50,130] 39 root - INFO - [Attacker] Label flip: 0 samples class 1 \u2192 class 0
[2026-06-20 08:08:50,140] 39 root - INFO - [Attacker] Label flip: 0 samples class 1 \u2192 class 0
[2026-06-20 08:08:50,151] 39 root - INFO - [Attacker] Label flip: 0 samples class 1 \u2192 class 0
[2026-06-20 08:08:50,160] 39 root - INFO - [Attacker] Label flip: 0 samples class 1 \u2192 class 0
[2026-06-20 08:08:50,168] 39 root - INFO - [Attacker] Label flip: 0 samples class 1 \u2192 class 0
[2026-06-20 08:08:50,178] 39 root - INFO - [Attacker] Label flip: 0 samples class 1 \u2192 class 0
[2026-06-20 08:08:50,187] 39 root - INFO - [Attacker] Label flip: 0 samples class 1 \u2192 class 0
[2026-06-20 08:08:50,197] 39 root - INFO - [Attacker] Label flip: 0 samples class 1 \u2192 class 0
[2026-06-20 08:08:50,205] 39 root - INFO - [Attacker] Label flip: 0 samples class 1 \u2192 class 0
[2026-06-20 08:08:50,214] 39 root - INFO - [Attacker] Label flip: 0 samples class 1 \u2192 class 0
[2026-06-20 08:08:50,223] 39 root - INFO - [Attacker] Label flip: 0 samples class 1 \u2192 class 0
[2026-06-20 08:08:50,232] 39 root - INFO - [Attacker] Label flip: 0 samples class 1 \u2192 class 0
[2026-06-20 08:08:50,241] 39 root - INFO - [Attacker] Label flip: 0 samples class 1 \u2192 class 0
[2026-06-20 08:08:50,250] 39 root - INFO - [Attacker] Label flip: 0 samples class 1 \u2192 class 0
[2026-06-20 08:08:50,259] 39 root - INFO - [Attacker] Label flip: 0 samples class 1 \u2192 class 0
[2026-06-20 08:08:50,269] 39 root - INFO - [Attacker] Label flip: 0 samples class 1 \u2192 class 0
[2026-06-20 08:08:50,280] 39 root - INFO - [Attacker] Label flip: 0 samples class 1 \u2192 class 0
[2026-06-20 08:08:50,290] 39 root - INFO - [Attacker] Label flip: 0 samples class 1 \u2192 class 0
[2026-06-20 08:08:50,299] 39 root - INFO - [Attacker] Label flip: 0 samples class 1 \u2192 class 0
[2026-06-20 08:08:50,307] 39 root - INFO - [Attacker] Label flip: 0 samples class 1 \u2192 class 0
[2026-06-20 08:08:50,315] 39 root - INFO - [Attacker] Label flip: 0 samples class 1 \u2192 class 0
[2026-06-20 08:08:50,324] 39 root - INFO - [Attacker] Label flip: 0 samples class 1 \u2192 class 0
[2026-06-20 08:08:50,333] 39 root - INFO - [Attacker] Label flip: 1 samples class 1 \u2192 class 0
[2026-06-20 08:08:50,340] 39 root - INFO - [Attacker] Label flip: 0 samples class 1 \u2192 class 0
[2026-06-20 08:08:50,349] 39 root - INFO - [Attacker] Label flip: 0 samples class 1 \u2192 class 0
[2026-06-20 08:08:50,356] 39 root - INFO - [Attacker] Label flip: 0 samples class 1 \u2192 class 0
[2026-06-20 08:08:50,365] 39 root - INFO - [Attacker] Label flip: 0 samples class 1 \u2192 class 0
[2026-06-20 08:08:50,372] 39 root - INFO - [Attacker] Label flip: 0 samples class 1 \u2192 class 0
[2026-06-20 08:08:50,381] 39 root - INFO - [Attacker] Label flip: 0 samples class 1 \u2192 class 0
[2026-06-20 08:08:50,389] 39 root - INFO - [Attacker] Label flip: 0 samples class 1 \u2192 class 0
[2026-06-20 08:08:50,396] 39 root - INFO - [Attacker] Label flip: 0 samples class 1 \u2192 class 0
[2026-06-20 08:08:50,404] 39 root - INFO - [Attacker] Label flip: 0 samples class 1 \u2192 class 0
[2026-06-20 08:08:50,412] 39 root - INFO - [Attacker] Label flip: 0 samples class 1 \u2192 class 0
[2026-06-20 08:08:50,421] 39 root - INFO - [Attacker] Label flip: 0 samples class 1 \u2192 class 0
[2026-06-20 08:08:50,428] 39 root - INFO - [Attacker] Label flip: 0 samples class 1 \u2192 class 0
[2026-06-20 08:08:50,436] 39 root - INFO - [Attacker] Label flip: 0 samples class 1 \u2192 class 0
[2026-06-20 08:08:50,444] 39 root - INFO - [Attacker] Label flip: 0 samples class 1 \u2192 class 0
[2026-06-20 08:08:50,455] 39 root - INFO - [Attacker] Label flip: 0 samples class 1 \u2192 class 0
[2026-06-20 08:08:50,465] 39 root - INFO - [Attacker] Label flip: 0 samples class 1 \u2192 class 0
[2026-06-20 08:08:50,480] 39 root - INFO - [Attacker] Label flip: 0 samples class 1 \u2192 class 0
[2026-06-20 08:08:50,497] 39 root - INFO - [Attacker] Label flip: 1 samples class 1 \u2192 class 0
[2026-06-20 08:08:50,506] 39 root - INFO - [Attacker] Label flip: 0 samples class 1 \u2192 class 0
[2026-06-20 08:08:50,514] 39 root - INFO - [Attacker] Label flip: 0 samples class 1 \u2192 class 0
[2026-06-20 08:08:50,523] 39 root - INFO - [Attacker] Label flip: 0 samples class 1 \u2192 class 0
[2026-06-20 08:08:50,532] 39 root - INFO - [Attacker] Label flip: 0 samples class 1 \u2192 class 0
[2026-06-20 08:08:50,540] 39 root - INFO - [Attacker] Label flip: 0 samples class 1 \u2192 class 0
[2026-06-20 08:08:50,548] 39 root - INFO - [Attacker] Label flip: 0 samples class 1 \u2192 class 0
[2026-06-20 08:08:50,557] 39 root - INFO - [Attacker] Label flip: 0 samples class 1 \u2192 class 0
[2026-06-20 08:08:50,564] 39 root - INFO - [Attacker] Label flip: 0 samples class 1 \u2192 class 0
[2026-06-20 08:08:50,572] 39 root - INFO - [Attacker] Label flip: 0 samples class 1 \u2192 class 0
[2026-06-20 08:08:50,582] 39 root - INFO - [Attacker] Label flip: 0 samples class 1 \u2192 class 0
[2026-06-20 08:08:50,590] 39 root - INFO - [Attacker] Label flip: 0 samples class 1 \u2192 class 0
[2026-06-20 08:08:50,598] 39 root - INFO - [Attacker] Label flip: 0 samples class 1 \u2192 class 0
[2026-06-20 08:08:50,607] 39 root - INFO - [Attacker] Label flip: 0 samples class 1 \u2192 class 0
[2026-06-20 08:08:50,615] 39 root - INFO - [Attacker] Label flip: 1 samples class 1 \u2192 class 0
[2026-06-20 08:08:50,624] 39 root - INFO - [Attacker] Label flip: 0 samples class 1 \u2192 class 0
[2026-06-20 08:08:50,633] 39 root - INFO - [Attacker] Label flip: 0 samples class 1 \u2192 class 0
[2026-06-20 08:08:50,641] 39 root - INFO - [Attacker] Label flip: 0 samples class 1 \u2192 class 0
[2026-06-20 08:08:50,649] 39 root - INFO - [Attacker] Label flip: 0 samples class 1 \u2192 class 0
[2026-06-20 08:08:50,658] 39 root - INFO - [Attacker] Label flip: 0 samples class 1 \u2192 class 0
[2026-06-20 08:08:50,665] 39 root - INFO - [Attacker] Label flip: 0 samples class 1 \u2192 class 0
[2026-06-20 08:08:50,673] 39 root - INFO - [Attacker] Label flip: 0 samples class 1 \u2192 class 0
[2026-06-20 08:08:50,682] 39 root - INFO - [Attacker] Label flip: 0 samples class 1 \u2192 class 0
[2026-06-20 08:08:50,689] 39 root - INFO - [Attacker] Label flip: 0 samples class 1 \u2192 class 0
[2026-06-20 08:08:50,698] 39 root - INFO - [Attacker] Label flip: 0 samples class 1 \u2192 class 0
[2026-06-20 08:08:50,707] 39 root - INFO - [Attacker] Label flip: 0 samples class 1 \u2192 class 0
[2026-06-20 08:08:50,714] 39 root - INFO - [Attacker] Label flip: 0 samples class 1 \u2192 class 0
[2026-06-20 08:08:50,724] 39 root - INFO - [Attacker] Label flip: 0 samples class 1 \u2192 class 0
[2026-06-20 08:08:50,731] 39 root - INFO - [Attacker] Label flip: 0 samples class 1 \u2192 class 0
[2026-06-20 08:08:50,739] 39 root - INFO - [Attacker] Label flip: 0 samples class 1 \u2192 class 0
[2026-06-20 08:08:50,746] 39 root - INFO - [Attacker] Label flip: 0 samples class 1 \u2192 class 0
[2026-06-20 08:08:50,756] 39 root - INFO - [Attacker] Label flip: 0 samples class 1 \u2192 class 0
[2026-06-20 08:08:50,764] 39 root - INFO - [Attacker] Label flip: 0 samples class 1 \u2192 class 0
[2026-06-20 08:08:50,772] 39 root - INFO - [Attacker] Label flip: 0 samples class 1 \u2192 class 0
[2026-06-20 08:08:50,780] 39 root - INFO - [Attacker] Label flip: 0 samples class 1 \u2192 class 0
[2026-06-20 08:08:50,788] 39 root - INFO - [Attacker] Label flip: 0 samples class 1 \u2192 class 0
[2026-06-20 08:08:50,795] 39 root - INFO - [Attacker] Label flip: 0 samples class 1 \u2192 class 0
[2026-06-20 08:08:50,803] 39 root - INFO - [Attacker] Label flip: 0 samples class 1 \u2192 class 0
[2026-06-20 08:08:50,812] 39 root - INFO - [Attacker] Label flip: 0 samples class 1 \u2192 class 0
[2026-06-20 08:08:50,820] 39 root - INFO - [Attacker] Label flip: 0 samples class 1 \u2192 class 0
[2026-06-20 08:08:50,829] 39 root - INFO - [Attacker] Label flip: 0 samples class 1 \u2192 class 0
[2026-06-20 08:08:50,838] 39 root - INFO - [Attacker] Label flip: 0 samples class 1 \u2192 class 0
[2026-06-20 08:08:50,846] 39 root - INFO - [Attacker] Label flip: 0 samples class 1 \u2192 class 0
[2026-06-20 08:08:50,854] 39 root - INFO - [Attacker] Label flip: 0 samples class 1 \u2192 class 0
[2026-06-20 08:08:50,862] 39 root - INFO - [Attacker] Label flip: 0 samples class 1 \u2192 class 0
[2026-06-20 08:08:50,871] 39 root - INFO - [Attacker] Label flip: 0 samples class 1 \u2192 class 0
[2026-06-20 08:08:50,879] 39 root - INFO - [Attacker] Label flip: 0 samples class 1 \u2192 class 0
[2026-06-20 08:08:50,888] 39 root - INFO - [Attacker] Label flip: 0 samples class 1 \u2192 class 0
[2026-06-20 08:08:50,896] 39 root - INFO - [Attacker] Label flip: 0 samples class 1 \u2192 class 0
[2026-06-20 08:08:50,905] 39 root - INFO - [Attacker] Label flip: 0 samples class 1 \u2192 class 0
[2026-06-20 08:08:50,913] 39 root - INFO - [Attacker] Label flip: 0 samples class 1 \u2192 class 0
[2026-06-20 08:08:50,922] 39 root - INFO - [Attacker] Label flip: 0 samples class 1 \u2192 class 0
[2026-06-20 08:08:50,930] 39 root - INFO - [Attacker] Label flip: 0 samples class 1 \u2192 class 0
[2026-06-20 08:08:50,940] 39 root - INFO - [Attacker] Label flip: 0 samples class 1 \u2192 class 0
[2026-06-20 08:08:50,949] 39 root - INFO - [Attacker] Label flip: 0 samples class 1 \u2192 class 0
[2026-06-20 08:08:50,957] 39 root - INFO - [Attacker] Label flip: 0 samples class 1 \u2192 class 0
[2026-06-20 08:08:50,967] 39 root - INFO - [Attacker] Label flip: 0 samples class 1 \u2192 class 0
[2026-06-20 08:08:50,975] 39 root - INFO - [Attacker] Label flip: 0 samples class 1 \u2192 class 0
[2026-06-20 08:08:50,984] 39 root - INFO - [Attacker] Label flip: 0 samples class 1 \u2192 class 0
[2026-06-20 08:08:50,992] 39 root - INFO - [Attacker] Label flip: 0 samples class 1 \u2192 class 0
[2026-06-20 08:08:51,000] 39 root - INFO - [Attacker] Label flip: 0 samples class 1 \u2192 class 0
[2026-06-20 08:08:51,009] 39 root - INFO - [Attacker] Label flip: 0 samples class 1 \u2192 class 0
[2026-06-20 08:08:51,017] 39 root - INFO - [Attacker] Label flip: 0 samples class 1 \u2192 class 0
[2026-06-20 08:08:51,026] 39 root - INFO - [Attacker] Label flip: 0 samples class 1 \u2192 class 0
[2026-06-20 08:08:51,034] 39 root - INFO - [Attacker] Label flip: 0 samples class 1 \u2192 class 0
[2026-06-20 08:08:51,043] 39 root - INFO - [Attacker] Label flip: 0 samples class 1 \u2192 class 0
[2026-06-20 08:08:51,053] 39 root - INFO - [Attacker] Label flip: 0 samples class 1 \u2192 class 0
[2026-06-20 08:08:51,061] 39 root - INFO - [Attacker] Label flip: 0 samples class 1 \u2192 class 0
[2026-06-20 08:08:51,070] 39 root - INFO - [Attacker] Label flip: 0 samples class 1 \u2192 class 0
[2026-06-20 08:08:51,079] 39 root - INFO - [Attacker] Label flip: 0 samples class 1 \u2192 class 0
[2026-06-20 08:08:51,089] 39 root - INFO - [Attacker] Label flip: 0 samples class 1 \u2192 class 0
[2026-06-20 08:08:51,096] 39 root - INFO - [Attacker] Label flip: 0 samples class 1 \u2192 class 0
[2026-06-20 08:08:51,105] 39 root - INFO - [Attacker] Label flip: 0 samples class 1 \u2192 class 0
[2026-06-20 08:08:51,112] 39 root - INFO - [Attacker] Label flip: 0 samples class 1 \u2192 class 0
[2026-06-20 08:08:51,121] 39 root - INFO - [Attacker] Label flip: 0 samples class 1 \u2192 class 0
[2026-06-20 08:08:51,130] 39 root - INFO - [Attacker] Label flip: 0 samples class 1 \u2192 class 0
[2026-06-20 08:08:51,139] 39 root - INFO - [Attacker] Label flip: 0 samples class 1 \u2192 class 0
[2026-06-20 08:08:51,148] 39 root - INFO - [Attacker] Label flip: 0 samples class 1 \u2192 class 0
[2026-06-20 08:08:51,157] 39 root - INFO - [Attacker] Label flip: 0 samples class 1 \u2192 class 0
[2026-06-20 08:08:51,166] 39 root - INFO - [Attacker] Label flip: 0 samples class 1 \u2192 class 0
[2026-06-20 08:08:51,174] 39 root - INFO - [Attacker] Label flip: 0 samples class 1 \u2192 class 0
[2026-06-20 08:08:51,184] 39 root - INFO - [Attacker] Label flip: 0 samples class 1 \u2192 class 0
[2026-06-20 08:08:51,193] 39 root - INFO - [Attacker] Label flip: 0 samples class 1 \u2192 class 0
[2026-06-20 08:08:51,260] 268 flwr - WARNING - DEPRECATED FEATURE: `client_fn` now expects a signature `def client_fn(context: Context)`.The provided `client_fn` has signature: {'cid': <Parameter "cid: str">}. You can import the `Context` like this: `from flwr.common import Context`

            This is a deprecated feature. It will be removed
            entirely in future versions of Flower.
        
[2026-06-20 08:08:51,263] 268 flwr - WARNING - DEPRECATED FEATURE: `client_fn` now expects a signature `def client_fn(context: Context)`.The provided `client_fn` has signature: {'cid': <Parameter "cid: str">}. You can import the `Context` like this: `from flwr.common import Context`

            This is a deprecated feature. It will be removed
            entirely in future versions of Flower.
        
[2026-06-20 08:08:51,269] 268 flwr - WARNING - DEPRECATED FEATURE: `client_fn` now expects a signature `def client_fn(context: Context)`.The provided `client_fn` has signature: {'cid': <Parameter "cid: str">}. You can import the `Context` like this: `from flwr.common import Context`

            This is a deprecated feature. It will be removed
            entirely in future versions of Flower.
        
[2026-06-20 08:08:51,279] 268 flwr - WARNING - DEPRECATED FEATURE: `client_fn` now expects a signature `def client_fn(context: Context)`.The provided `client_fn` has signature: {'cid': <Parameter "cid: str">}. You can import the `Context` like this: `from flwr.common import Context`

            This is a deprecated feature. It will be removed
            entirely in future versions of Flower.
        
[2026-06-20 08:08:51,282] 268 flwr - WARNING - DEPRECATED FEATURE: `client_fn` now expects a signature `def client_fn(context: Context)`.The provided `client_fn` has signature: {'cid': <Parameter "cid: str">}. You can import the `Context` like this: `from flwr.common import Context`

            This is a deprecated feature. It will be removed
            entirely in future versions of Flower.
        
[2026-06-20 08:08:51,300] 268 flwr - WARNING - DEPRECATED FEATURE: `client_fn` now expects a signature `def client_fn(context: Context)`.The provided `client_fn` has signature: {'cid': <Parameter "cid: str">}. You can import the `Context` like this: `from flwr.common import Context`

            This is a deprecated feature. It will be removed
            entirely in future versions of Flower.
        
[2026-06-20 08:08:51,327] 268 flwr - WARNING - DEPRECATED FEATURE: `client_fn` now expects a signature `def client_fn(context: Context)`.The provided `client_fn` has signature: {'cid': <Parameter "cid: str">}. You can import the `Context` like this: `from flwr.common import Context`

            This is a deprecated feature. It will be removed
            entirely in future versions of Flower.
        
[2026-06-20 08:08:51,375] 268 flwr - WARNING - DEPRECATED FEATURE: `client_fn` now expects a signature `def client_fn(context: Context)`.The provided `client_fn` has signature: {'cid': <Parameter "cid: str">}. You can import the `Context` like this: `from flwr.common import Context`

            This is a deprecated feature. It will be removed
            entirely in future versions of Flower.
        
[2026-06-20 08:08:51,430] 268 flwr - WARNING - DEPRECATED FEATURE: `client_fn` now expects a signature `def client_fn(context: Context)`.The provided `client_fn` has signature: {'cid': <Parameter "cid: str">}. You can import the `Context` like this: `from flwr.common import Context`

            This is a deprecated feature. It will be removed
            entirely in future versions of Flower.
        
[2026-06-20 08:08:51,467] 268 flwr - WARNING - DEPRECATED FEATURE: `client_fn` now expects a signature `def client_fn(context: Context)`.The provided `client_fn` has signature: {'cid': <Parameter "cid: str">}. You can import the `Context` like this: `from flwr.common import Context`

            This is a deprecated feature. It will be removed
            entirely in future versions of Flower.
        
[2026-06-20 08:08:51,911] 268 flwr - WARNING - DEPRECATED FEATURE: `client_fn` now expects a signature `def client_fn(context: Context)`.The provided `client_fn` has signature: {'cid': <Parameter "cid: str">}. You can import the `Context` like this: `from flwr.common import Context`

            This is a deprecated feature. It will be removed
            entirely in future versions of Flower.
        
[2026-06-20 08:08:51,913] 268 flwr - WARNING - DEPRECATED FEATURE: `client_fn` now expects a signature `def client_fn(context: Context)`.The provided `client_fn` has signature: {'cid': <Parameter "cid: str">}. You can import the `Context` like this: `from flwr.common import Context`

            This is a deprecated feature. It will be removed
            entirely in future versions of Flower.
        
[2026-06-20 08:08:51,915] 268 flwr - WARNING - DEPRECATED FEATURE: `client_fn` now expects a signature `def client_fn(context: Context)`.The provided `client_fn` has signature: {'cid': <Parameter "cid: str">}. You can import the `Context` like this: `from flwr.common import Context`

            This is a deprecated feature. It will be removed
            entirely in future versions of Flower.
        
[2026-06-20 08:08:52,259] 268 flwr - WARNING - DEPRECATED FEATURE: `client_fn` now expects a signature `def client_fn(context: Context)`.The provided `client_fn` has signature: {'cid': <Parameter "cid: str">}. You can import the `Context` like this: `from flwr.common import Context`

            This is a deprecated feature. It will be removed
            entirely in future versions of Flower.
        
[2026-06-20 08:08:52,414] 268 flwr - WARNING - DEPRECATED FEATURE: `client_fn` now expects a signature `def client_fn(context: Context)`.The provided `client_fn` has signature: {'cid': <Parameter "cid: str">}. You can import the `Context` like this: `from flwr.common import Context`

            This is a deprecated feature. It will be removed
            entirely in future versions of Flower.
        
[2026-06-20 08:08:52,418] 268 flwr - WARNING - DEPRECATED FEATURE: `client_fn` now expects a signature `def client_fn(context: Context)`.The provided `client_fn` has signature: {'cid': <Parameter "cid: str">}. You can import the `Context` like this: `from flwr.common import Context`

            This is a deprecated feature. It will be removed
            entirely in future versions of Flower.
        
[2026-06-20 08:08:52,422] 268 flwr - WARNING - DEPRECATED FEATURE: `client_fn` now expects a signature `def client_fn(context: Context)`.The provided `client_fn` has signature: {'cid': <Parameter "cid: str">}. You can import the `Context` like this: `from flwr.common import Context`

            This is a deprecated feature. It will be removed
            entirely in future versions of Flower.
        
[2026-06-20 08:08:52,445] 268 flwr - WARNING - DEPRECATED FEATURE: `client_fn` now expects a signature `def client_fn(context: Context)`.The provided `client_fn` has signature: {'cid': <Parameter "cid: str">}. You can import the `Context` like this: `from flwr.common import Context`

            This is a deprecated feature. It will be removed
            entirely in future versions of Flower.
        
[2026-06-20 08:08:52,444] 268 flwr - WARNING - DEPRECATED FEATURE: `client_fn` now expects a signature `def client_fn(context: Context)`.The provided `client_fn` has signature: {'cid': <Parameter "cid: str">}. You can import the `Context` like this: `from flwr.common import Context`

            This is a deprecated feature. It will be removed
            entirely in future versions of Flower.
        
[2026-06-20 08:08:52,635] 268 flwr - WARNING - DEPRECATED FEATURE: `client_fn` now expects a signature `def client_fn(context: Context)`.The provided `client_fn` has signature: {'cid': <Parameter "cid: str">}. You can import the `Context` like this: `from flwr.common import Context`

            This is a deprecated feature. It will be removed
            entirely in future versions of Flower.
        
[2026-06-20 08:08:52,638] 268 flwr - WARNING - DEPRECATED FEATURE: `client_fn` now expects a signature `def client_fn(context: Context)`.The provided `client_fn` has signature: {'cid': <Parameter "cid: str">}. You can import the `Context` like this: `from flwr.common import Context`

            This is a deprecated feature. It will be removed
            entirely in future versions of Flower.
        
[2026-06-20 08:08:52,642] 268 flwr - WARNING - DEPRECATED FEATURE: `client_fn` now expects a signature `def client_fn(context: Context)`.The provided `client_fn` has signature: {'cid': <Parameter "cid: str">}. You can import the `Context` like this: `from flwr.common import Context`

            This is a deprecated feature. It will be removed
            entirely in future versions of Flower.
        
[2026-06-20 08:08:52,692] 268 flwr - WARNING - DEPRECATED FEATURE: `client_fn` now expects a signature `def client_fn(context: Context)`.The provided `client_fn` has signature: {'cid': <Parameter "cid: str">}. You can import the `Context` like this: `from flwr.common import Context`

            This is a deprecated feature. It will be removed
            entirely in future versions of Flower.
        
[2026-06-20 08:08:52,696] 268 flwr - WARNING - DEPRECATED FEATURE: `client_fn` now expects a signature `def client_fn(context: Context)`.The provided `client_fn` has signature: {'cid': <Parameter "cid: str">}. You can import the `Context` like this: `from flwr.common import Context`

            This is a deprecated feature. It will be removed
            entirely in future versions of Flower.
        
[2026-06-20 08:08:52,696] 268 flwr - WARNING - DEPRECATED FEATURE: `client_fn` now expects a signature `def client_fn(context: Context)`.The provided `client_fn` has signature: {'cid': <Parameter "cid: str">}. You can import the `Context` like this: `from flwr.common import Context`

            This is a deprecated feature. It will be removed
            entirely in future versions of Flower.
        
[2026-06-20 08:08:53,055] 39 root - INFO - [Attacker] Label flip: 0 samples class 1 \u2192 class 0
[2026-06-20 08:08:53,148] 39 root - INFO - [Attacker] Label flip: 0 samples class 1 \u2192 class 0
[2026-06-20 08:08:53,207] 39 root - INFO - [Attacker] Label flip: 0 samples class 1 \u2192 class 0
[2026-06-20 08:08:53,239] 39 root - INFO - [Attacker] Label flip: 0 samples class 1 \u2192 class 0
[2026-06-20 08:08:53,273] 39 root - INFO - [Attacker] Label flip: 0 samples class 1 \u2192 class 0
[2026-06-20 08:08:53,314] 39 root - INFO - [Attacker] Label flip: 0 samples class 1 \u2192 class 0
[2026-06-20 08:08:53,344] 39 root - INFO - [Attacker] Label flip: 0 samples class 1 \u2192 class 0
[2026-06-20 08:08:53,375] 39 root - INFO - [Attacker] Label flip: 0 samples class 1 \u2192 class 0
[2026-06-20 08:08:53,419] 39 root - INFO - [Attacker] Label flip: 0 samples class 1 \u2192 class 0
[2026-06-20 08:08:53,442] 39 root - INFO - [Attacker] Label flip: 0 samples class 1 \u2192 class 0
[2026-06-20 08:08:53,478] 39 root - INFO - [Attacker] Label flip: 0 samples class 1 \u2192 class 0
[2026-06-20 08:08:53,512] 39 root - INFO - [Attacker] Label flip: 0 samples class 1 \u2192 class 0
[2026-06-20 08:08:53,544] 39 root - INFO - [Attacker] Label flip: 0 samples class 1 \u2192 class 0
[2026-06-20 08:08:53,591] 39 root - INFO - [Attacker] Label flip: 0 samples class 1 \u2192 class 0
[2026-06-20 08:08:53,613] 39 root - INFO - [Attacker] Label flip: 0 samples class 1 \u2192 class 0
[2026-06-20 08:08:53,639] 39 root - INFO - [Attacker] Label flip: 0 samples class 1 \u2192 class 0
[2026-06-20 08:08:53,672] 39 root - INFO - [Attacker] Label flip: 0 samples class 1 \u2192 class 0
[2026-06-20 08:08:53,710] 39 root - INFO - [Attacker] Label flip: 0 samples class 1 \u2192 class 0
[2026-06-20 08:08:53,739] 39 root - INFO - [Attacker] Label flip: 0 samples class 1 \u2192 class 0
[2026-06-20 08:08:53,768] 39 root - INFO - [Attacker] Label flip: 0 samples class 1 \u2192 class 0
[2026-06-20 08:08:53,801] 39 root - INFO - [Attacker] Label flip: 0 samples class 1 \u2192 class 0
[2026-06-20 08:08:53,834] 39 root - INFO - [Attacker] Label flip: 0 samples class 1 \u2192 class 0
[2026-06-20 08:08:53,857] 39 root - INFO - [Attacker] Label flip: 0 samples class 1 \u2192 class 0
[2026-06-20 08:08:53,885] 39 root - INFO - [Attacker] Label flip: 0 samples class 1 \u2192 class 0
[2026-06-20 08:08:53,912] 39 root - INFO - [Attacker] Label flip: 0 samples class 1 \u2192 class 0
[2026-06-20 08:08:53,935] 39 root - INFO - [Attacker] Label flip: 0 samples class 1 \u2192 class 0
[2026-06-20 08:08:53,973] 39 root - INFO - [Attacker] Label flip: 0 samples class 1 \u2192 class 0
[2026-06-20 08:08:53,992] 39 root - INFO - [Attacker] Label flip: 0 samples class 1 \u2192 class 0
[2026-06-20 08:08:54,022] 39 root - INFO - [Attacker] Label flip: 0 samples class 1 \u2192 class 0
[2026-06-20 08:08:54,072] 39 root - INFO - [Attacker] Label flip: 0 samples class 1 \u2192 class 0
[2026-06-20 08:08:54,123] 39 root - INFO - [Attacker] Label flip: 0 samples class 1 \u2192 class 0
[2026-06-20 08:08:54,182] 39 root - INFO - [Attacker] Label flip: 0 samples class 1 \u2192 class 0
[2026-06-20 08:08:54,254] 39 root - INFO - [Attacker] Label flip: 0 samples class 1 \u2192 class 0
[2026-06-20 08:08:54,301] 39 root - INFO - [Attacker] Label flip: 0 samples class 1 \u2192 class 0
[2026-06-20 08:08:54,346] 39 root - INFO - [Attacker] Label flip: 0 samples class 1 \u2192 class 0
[2026-06-20 08:08:54,379] 39 root - INFO - [Attacker] Label flip: 0 samples class 1 \u2192 class 0
[2026-06-20 08:08:54,406] 39 root - INFO - [Attacker] Label flip: 0 samples class 1 \u2192 class 0
[2026-06-20 08:08:54,439] 39 root - INFO - [Attacker] Label flip: 0 samples class 1 \u2192 class 0
[2026-06-20 08:08:54,469] 39 root - INFO - [Attacker] Label flip: 0 samples class 1 \u2192 class 0
[2026-06-20 08:08:54,503] 39 root - INFO - [Attacker] Label flip: 0 samples class 1 \u2192 class 0
[2026-06-20 08:08:54,524] 39 root - INFO - [Attacker] Label flip: 0 samples class 1 \u2192 class 0
[2026-06-20 08:08:54,548] 39 root - INFO - [Attacker] Label flip: 0 samples class 1 \u2192 class 0
[2026-06-20 08:08:54,575] 39 root - INFO - [Attacker] Label flip: 0 samples class 1 \u2192 class 0
[2026-06-20 08:08:54,605] 39 root - INFO - [Attacker] Label flip: 0 samples class 1 \u2192 class 0
[2026-06-20 08:08:54,676] 39 root - INFO - [Attacker] Label flip: 0 samples class 1 \u2192 class 0
[2026-06-20 08:08:54,704] 39 root - INFO - [Attacker] Label flip: 0 samples class 1 \u2192 class 0
[2026-06-20 08:08:54,716] 39 root - INFO - [Attacker] Label flip: 0 samples class 1 \u2192 class 0
[2026-06-20 08:08:54,725] 39 root - INFO - [Attacker] Label flip: 0 samples class 1 \u2192 class 0
[2026-06-20 08:08:54,751] 39 root - INFO - [Attacker] Label flip: 0 samples class 1 \u2192 class 0
[2026-06-20 08:08:54,774] 39 root - INFO - [Attacker] Label flip: 0 samples class 1 \u2192 class 0
[2026-06-20 08:08:54,786] 39 root - INFO - [Attacker] Label flip: 0 samples class 1 \u2192 class 0
[2026-06-20 08:08:54,820] 39 root - INFO - [Attacker] Label flip: 0 samples class 1 \u2192 class 0
[2026-06-20 08:08:54,842] 39 root - INFO - [Attacker] Label flip: 0 samples class 1 \u2192 class 0
[2026-06-20 08:08:54,858] 39 root - INFO - [Attacker] Label flip: 0 samples class 1 \u2192 class 0
[2026-06-20 08:08:54,880] 39 root - INFO - [Attacker] Label flip: 0 samples class 1 \u2192 class 0
[2026-06-20 08:08:54,909] 39 root - INFO - [Attacker] Label flip: 0 samples class 1 \u2192 class 0
[2026-06-20 08:08:54,941] 39 root - INFO - [Attacker] Label flip: 0 samples class 1 \u2192 class 0
[2026-06-20 08:08:54,978] 39 root - INFO - [Attacker] Label flip: 0 samples class 1 \u2192 class 0
[2026-06-20 08:08:55,014] 39 root - INFO - [Attacker] Label flip: 0 samples class 1 \u2192 class 0
[2026-06-20 08:08:55,048] 39 root - INFO - [Attacker] Label flip: 0 samples class 1 \u2192 class 0
[2026-06-20 08:08:55,069] 39 root - INFO - [Attacker] Label flip: 0 samples class 1 \u2192 class 0
[2026-06-20 08:08:55,089] 39 root - INFO - [Attacker] Label flip: 0 samples class 1 \u2192 class 0
[2026-06-20 08:08:55,123] 39 root - INFO - [Attacker] Label flip: 0 samples class 1 \u2192 class 0
[2026-06-20 08:08:55,173] 39 root - INFO - [Attacker] Label flip: 0 samples class 1 \u2192 class 0
[2026-06-20 08:08:55,213] 39 root - INFO - [Attacker] Label flip: 0 samples class 1 \u2192 class 0
[2026-06-20 08:08:55,253] 39 root - INFO - [Attacker] Label flip: 0 samples class 1 \u2192 class 0
[2026-06-20 08:08:55,324] 39 root - INFO - [Attacker] Label flip: 0 samples class 1 \u2192 class 0
[2026-06-20 08:08:55,388] 39 root - INFO - [Attacker] Label flip: 0 samples class 1 \u2192 class 0
[2026-06-20 08:08:55,461] 268 flwr - WARNING - DEPRECATED FEATURE: `client_fn` now expects a signature `def client_fn(context: Context)`.The provided `client_fn` has signature: {'cid': <Parameter "cid: str">}. You can import the `Context` like this: `from flwr.common import Context`

            This is a deprecated feature. It will be removed
            entirely in future versions of Flower.
        
[2026-06-20 08:08:55,463] 39 root - INFO - [Attacker] Label flip: 0 samples class 1 \u2192 class 0
[2026-06-20 08:08:55,507] 39 root - INFO - [Attacker] Label flip: 0 samples class 1 \u2192 class 0
[2026-06-20 08:08:55,536] 39 root - INFO - [Attacker] Label flip: 0 samples class 1 \u2192 class 0
[2026-06-20 08:08:55,556] 39 root - INFO - [Attacker] Label flip: 0 samples class 1 \u2192 class 0
[2026-06-20 08:08:55,578] 39 root - INFO - [Attacker] Label flip: 0 samples class 1 \u2192 class 0
[2026-06-20 08:08:55,606] 39 root - INFO - [Attacker] Label flip: 0 samples class 1 \u2192 class 0
[2026-06-20 08:08:55,625] 39 root - INFO - [Attacker] Label flip: 0 samples class 1 \u2192 class 0
[2026-06-20 08:08:55,648] 39 root - INFO - [Attacker] Label flip: 0 samples class 1 \u2192 class 0
[2026-06-20 08:08:55,658] 39 root - INFO - [Attacker] Label flip: 0 samples class 1 \u2192 class 0
[2026-06-20 08:08:55,684] 39 root - INFO - [Attacker] Label flip: 0 samples class 1 \u2192 class 0
[2026-06-20 08:08:55,711] 39 root - INFO - [Attacker] Label flip: 0 samples class 1 \u2192 class 0
[2026-06-20 08:08:55,725] 39 root - INFO - [Attacker] Label flip: 0 samples class 1 \u2192 class 0
[2026-06-20 08:08:55,741] 268 flwr - WARNING - DEPRECATED FEATURE: `client_fn` now expects a signature `def client_fn(context: Context)`.The provided `client_fn` has signature: {'cid': <Parameter "cid: str">}. You can import the `Context` like this: `from flwr.common import Context`

            This is a deprecated feature. It will be removed
            entirely in future versions of Flower.
        
[2026-06-20 08:08:55,766] 39 root - INFO - [Attacker] Label flip: 0 samples class 1 \u2192 class 0
[2026-06-20 08:08:55,790] 39 root - INFO - [Attacker] Label flip: 0 samples class 1 \u2192 class 0
[2026-06-20 08:08:55,809] 39 root - INFO - [Attacker] Label flip: 0 samples class 1 \u2192 class 0
[2026-06-20 08:08:55,821] 39 root - INFO - [Attacker] Label flip: 0 samples class 1 \u2192 class 0
[2026-06-20 08:08:55,824] 39 root - INFO - [Attacker] Label flip: 0 samples class 1 \u2192 class 0
[2026-06-20 08:08:55,837] 39 root - INFO - [Attacker] Label flip: 0 samples class 1 \u2192 class 0
[2026-06-20 08:08:55,849] 39 root - INFO - [Attacker] Label flip: 0 samples class 1 \u2192 class 0
[2026-06-20 08:08:55,850] 39 root - INFO - [Attacker] Label flip: 0 samples class 1 \u2192 class 0
[2026-06-20 08:08:55,860] 39 root - INFO - [Attacker] Label flip: 0 samples class 1 \u2192 class 0
[2026-06-20 08:08:55,873] 39 root - INFO - [Attacker] Label flip: 0 samples class 1 \u2192 class 0
[2026-06-20 08:08:55,881] 268 flwr - WARNING - DEPRECATED FEATURE: `client_fn` now expects a signature `def client_fn(context: Context)`.The provided `client_fn` has signature: {'cid': <Parameter "cid: str">}. You can import the `Context` like this: `from flwr.common import Context`

            This is a deprecated feature. It will be removed
            entirely in future versions of Flower.
        
[2026-06-20 08:08:55,886] 39 root - INFO - [Attacker] Label flip: 1 samples class 1 \u2192 class 0
[2026-06-20 08:08:55,902] 39 root - INFO - [Attacker] Label flip: 0 samples class 1 \u2192 class 0
[2026-06-20 08:08:55,912] 39 root - INFO - [Attacker] Label flip: 0 samples class 1 \u2192 class 0
[2026-06-20 08:08:55,925] 39 root - INFO - [Attacker] Label flip: 0 samples class 1 \u2192 class 0
[2026-06-20 08:08:55,941] 39 root - INFO - [Attacker] Label flip: 0 samples class 1 \u2192 class 0
[2026-06-20 08:08:55,954] 39 root - INFO - [Attacker] Label flip: 0 samples class 1 \u2192 class 0
[2026-06-20 08:08:55,970] 39 root - INFO - [Attacker] Label flip: 0 samples class 1 \u2192 class 0
[2026-06-20 08:08:55,984] 39 root - INFO - [Attacker] Label flip: 0 samples class 1 \u2192 class 0
[2026-06-20 08:08:55,996] 39 root - INFO - [Attacker] Label flip: 0 samples class 1 \u2192 class 0
[2026-06-20 08:08:56,011] 39 root - INFO - [Attacker] Label flip: 0 samples class 1 \u2192 class 0
[2026-06-20 08:08:56,021] 39 root - INFO - [Attacker] Label flip: 0 samples class 1 \u2192 class 0
[2026-06-20 08:08:56,035] 39 root - INFO - [Attacker] Label flip: 0 samples class 1 \u2192 class 0
[2026-06-20 08:08:56,046] 39 root - INFO - [Attacker] Label flip: 0 samples class 1 \u2192 class 0
[2026-06-20 08:08:56,059] 39 root - INFO - [Attacker] Label flip: 0 samples class 1 \u2192 class 0
[2026-06-20 08:08:56,073] 39 root - INFO - [Attacker] Label flip: 0 samples class 1 \u2192 class 0
[2026-06-20 08:08:56,085] 39 root - INFO - [Attacker] Label flip: 0 samples class 1 \u2192 class 0
[2026-06-20 08:08:56,099] 39 root - INFO - [Attacker] Label flip: 0 samples class 1 \u2192 class 0
[2026-06-20 08:08:56,110] 39 root - INFO - [Attacker] Label flip: 0 samples class 1 \u2192 class 0
[2026-06-20 08:08:56,123] 39 root - INFO - [Attacker] Label flip: 1 samples class 1 \u2192 class 0
[2026-06-20 08:08:56,132] 39 root - INFO - [Attacker] Label flip: 0 samples class 1 \u2192 class 0
[2026-06-20 08:08:56,147] 39 root - INFO - [Attacker] Label flip: 0 samples class 1 \u2192 class 0
[2026-06-20 08:08:56,163] 39 root - INFO - [Attacker] Label flip: 0 samples class 1 \u2192 class 0
[2026-06-20 08:08:56,175] 39 root - INFO - [Attacker] Label flip: 0 samples class 1 \u2192 class 0
[2026-06-20 08:08:56,186] 39 root - INFO - [Attacker] Label flip: 0 samples class 1 \u2192 class 0
[2026-06-20 08:08:56,202] 39 root - INFO - [Attacker] Label flip: 0 samples class 1 \u2192 class 0
[2026-06-20 08:08:56,211] 39 root - INFO - [Attacker] Label flip: 0 samples class 1 \u2192 class 0
[2026-06-20 08:08:56,219] 39 root - INFO - [Attacker] Label flip: 0 samples class 1 \u2192 class 0
[2026-06-20 08:08:56,227] 39 root - INFO - [Attacker] Label flip: 1 samples class 1 \u2192 class 0
[2026-06-20 08:08:56,243] 39 root - INFO - [Attacker] Label flip: 0 samples class 1 \u2192 class 0
[2026-06-20 08:08:56,250] 39 root - INFO - [Attacker] Label flip: 0 samples class 1 \u2192 class 0
[2026-06-20 08:08:56,259] 39 root - INFO - [Attacker] Label flip: 0 samples class 1 \u2192 class 0
[2026-06-20 08:08:56,266] 39 root - INFO - [Attacker] Label flip: 0 samples class 1 \u2192 class 0
[2026-06-20 08:08:56,275] 39 root - INFO - [Attacker] Label flip: 0 samples class 1 \u2192 class 0
[2026-06-20 08:08:56,284] 39 root - INFO - [Attacker] Label flip: 0 samples class 1 \u2192 class 0
[2026-06-20 08:08:56,292] 39 root - INFO - [Attacker] Label flip: 0 samples class 1 \u2192 class 0
[2026-06-20 08:08:56,306] 39 root - INFO - [Attacker] Label flip: 0 samples class 1 \u2192 class 0
[2026-06-20 08:08:56,315] 39 root - INFO - [Attacker] Label flip: 0 samples class 1 \u2192 class 0
[2026-06-20 08:08:56,324] 39 root - INFO - [Attacker] Label flip: 0 samples class 1 \u2192 class 0
[2026-06-20 08:08:56,334] 39 root - INFO - [Attacker] Label flip: 0 samples class 1 \u2192 class 0
[2026-06-20 08:08:56,344] 39 root - INFO - [Attacker] Label flip: 0 samples class 1 \u2192 class 0
[2026-06-20 08:08:56,352] 39 root - INFO - [Attacker] Label flip: 0 samples class 1 \u2192 class 0
[2026-06-20 08:08:56,363] 39 root - INFO - [Attacker] Label flip: 0 samples class 1 \u2192 class 0
[2026-06-20 08:08:56,371] 39 root - INFO - [Attacker] Label flip: 0 samples class 1 \u2192 class 0
[2026-06-20 08:08:56,374] 39 root - INFO - [Attacker] Label flip: 0 samples class 1 \u2192 class 0
[2026-06-20 08:08:56,381] 39 root - INFO - [Attacker] Label flip: 0 samples class 1 \u2192 class 0
[2026-06-20 08:08:56,385] 39 root - INFO - [Attacker] Label flip: 0 samples class 1 \u2192 class 0
[2026-06-20 08:08:56,390] 39 root - INFO - [Attacker] Label flip: 0 samples class 1 \u2192 class 0
[2026-06-20 08:08:56,395] 39 root - INFO - [Attacker] Label flip: 0 samples class 1 \u2192 class 0
[2026-06-20 08:08:56,398] 39 root - INFO - [Attacker] Label flip: 0 samples class 1 \u2192 class 0
[2026-06-20 08:08:56,407] 39 root - INFO - [Attacker] Label flip: 0 samples class 1 \u2192 class 0
[2026-06-20 08:08:56,408] 39 root - INFO - [Attacker] Label flip: 0 samples class 1 \u2192 class 0
[2026-06-20 08:08:56,417] 39 root - INFO - [Attacker] Label flip: 0 samples class 1 \u2192 class 0
[2026-06-20 08:08:56,419] 39 root - INFO - [Attacker] Label flip: 0 samples class 1 \u2192 class 0
[2026-06-20 08:08:56,425] 39 root - INFO - [Attacker] Label flip: 0 samples class 1 \u2192 class 0
[2026-06-20 08:08:56,434] 39 root - INFO - [Attacker] Label flip: 0 samples class 1 \u2192 class 0
[2026-06-20 08:08:56,439] 39 root - INFO - [Attacker] Label flip: 0 samples class 1 \u2192 class 0
[2026-06-20 08:08:56,447] 39 root - INFO - [Attacker] Label flip: 0 samples class 1 \u2192 class 0
[2026-06-20 08:08:56,451] 39 root - INFO - [Attacker] Label flip: 0 samples class 1 \u2192 class 0
[2026-06-20 08:08:56,459] 39 root - INFO - [Attacker] Label flip: 1 samples class 1 \u2192 class 0
[2026-06-20 08:08:56,459] 39 root - INFO - [Attacker] Label flip: 0 samples class 1 \u2192 class 0
[2026-06-20 08:08:56,474] 39 root - INFO - [Attacker] Label flip: 0 samples class 1 \u2192 class 0
[2026-06-20 08:08:56,481] 39 root - INFO - [Attacker] Label flip: 0 samples class 1 \u2192 class 0
[2026-06-20 08:08:56,482] 39 root - INFO - [Attacker] Label flip: 0 samples class 1 \u2192 class 0
[2026-06-20 08:08:56,491] 39 root - INFO - [Attacker] Label flip: 0 samples class 1 \u2192 class 0
[2026-06-20 08:08:56,498] 39 root - INFO - [Attacker] Label flip: 0 samples class 1 \u2192 class 0
[2026-06-20 08:08:56,504] 39 root - INFO - [Attacker] Label flip: 0 samples class 1 \u2192 class 0
[2026-06-20 08:08:56,514] 39 root - INFO - [Attacker] Label flip: 0 samples class 1 \u2192 class 0
[2026-06-20 08:08:56,518] 39 root - INFO - [Attacker] Label flip: 0 samples class 1 \u2192 class 0
[2026-06-20 08:08:56,523] 39 root - INFO - [Attacker] Label flip: 0 samples class 1 \u2192 class 0
[2026-06-20 08:08:56,532] 39 root - INFO - [Attacker] Label flip: 0 samples class 1 \u2192 class 0
[2026-06-20 08:08:56,536] 39 root - INFO - [Attacker] Label flip: 0 samples class 1 \u2192 class 0
[2026-06-20 08:08:56,540] 39 root - INFO - [Attacker] Label flip: 1 samples class 1 \u2192 class 0
[2026-06-20 08:08:56,548] 39 root - INFO - [Attacker] Label flip: 0 samples class 1 \u2192 class 0
[2026-06-20 08:08:56,549] 39 root - INFO - [Attacker] Label flip: 0 samples class 1 \u2192 class 0
[2026-06-20 08:08:56,558] 39 root - INFO - [Attacker] Label flip: 0 samples class 1 \u2192 class 0
[2026-06-20 08:08:56,559] 39 root - INFO - [Attacker] Label flip: 0 samples class 1 \u2192 class 0
[2026-06-20 08:08:56,568] 39 root - INFO - [Attacker] Label flip: 0 samples class 1 \u2192 class 0
[2026-06-20 08:08:56,573] 39 root - INFO - [Attacker] Label flip: 0 samples class 1 \u2192 class 0
[2026-06-20 08:08:56,577] 39 root - INFO - [Attacker] Label flip: 0 samples class 1 \u2192 class 0
[2026-06-20 08:08:56,582] 39 root - INFO - [Attacker] Label flip: 0 samples class 1 \u2192 class 0
[2026-06-20 08:08:56,586] 39 root - INFO - [Attacker] Label flip: 0 samples class 1 \u2192 class 0
[2026-06-20 08:08:56,591] 39 root - INFO - [Attacker] Label flip: 0 samples class 1 \u2192 class 0
[2026-06-20 08:08:56,596] 39 root - INFO - [Attacker] Label flip: 0 samples class 1 \u2192 class 0
[2026-06-20 08:08:56,605] 39 root - INFO - [Attacker] Label flip: 0 samples class 1 \u2192 class 0
[2026-06-20 08:08:56,607] 39 root - INFO - [Attacker] Label flip: 0 samples class 1 \u2192 class 0
[2026-06-20 08:08:56,613] 39 root - INFO - [Attacker] Label flip: 0 samples class 1 \u2192 class 0
[2026-06-20 08:08:56,617] 39 root - INFO - [Attacker] Label flip: 0 samples class 1 \u2192 class 0
[2026-06-20 08:08:56,623] 39 root - INFO - [Attacker] Label flip: 0 samples class 1 \u2192 class 0
[2026-06-20 08:08:56,626] 39 root - INFO - [Attacker] Label flip: 0 samples class 1 \u2192 class 0
[2026-06-20 08:08:56,634] 39 root - INFO - [Attacker] Label flip: 0 samples class 1 \u2192 class 0
[2026-06-20 08:08:56,642] 39 root - INFO - [Attacker] Label flip: 0 samples class 1 \u2192 class 0
[2026-06-20 08:08:56,643] 39 root - INFO - [Attacker] Label flip: 0 samples class 1 \u2192 class 0
[2026-06-20 08:08:56,653] 39 root - INFO - [Attacker] Label flip: 0 samples class 1 \u2192 class 0
[2026-06-20 08:08:56,653] 39 root - INFO - [Attacker] Label flip: 0 samples class 1 \u2192 class 0
[2026-06-20 08:08:56,663] 39 root - INFO - [Attacker] Label flip: 0 samples class 1 \u2192 class 0
[2026-06-20 08:08:56,663] 39 root - INFO - [Attacker] Label flip: 0 samples class 1 \u2192 class 0
[2026-06-20 08:08:56,673] 39 root - INFO - [Attacker] Label flip: 0 samples class 1 \u2192 class 0
[2026-06-20 08:08:56,674] 39 root - INFO - [Attacker] Label flip: 0 samples class 1 \u2192 class 0
[2026-06-20 08:08:56,685] 39 root - INFO - [Attacker] Label flip: 1 samples class 1 \u2192 class 0
[2026-06-20 08:08:56,686] 39 root - INFO - [Attacker] Label flip: 0 samples class 1 \u2192 class 0
[2026-06-20 08:08:56,697] 39 root - INFO - [Attacker] Label flip: 0 samples class 1 \u2192 class 0
[2026-06-20 08:08:56,698] 39 root - INFO - [Attacker] Label flip: 0 samples class 1 \u2192 class 0
[2026-06-20 08:08:56,706] 39 root - INFO - [Attacker] Label flip: 0 samples class 1 \u2192 class 0
[2026-06-20 08:08:56,708] 39 root - INFO - [Attacker] Label flip: 0 samples class 1 \u2192 class 0
[2026-06-20 08:08:56,714] 39 root - INFO - [Attacker] Label flip: 0 samples class 1 \u2192 class 0
[2026-06-20 08:08:56,716] 39 root - INFO - [Attacker] Label flip: 0 samples class 1 \u2192 class 0
[2026-06-20 08:08:56,724] 39 root - INFO - [Attacker] Label flip: 0 samples class 1 \u2192 class 0
[2026-06-20 08:08:56,724] 39 root - INFO - [Attacker] Label flip: 0 samples class 1 \u2192 class 0
[2026-06-20 08:08:56,738] 39 root - INFO - [Attacker] Label flip: 0 samples class 1 \u2192 class 0
[2026-06-20 08:08:56,740] 39 root - INFO - [Attacker] Label flip: 0 samples class 1 \u2192 class 0
[2026-06-20 08:08:56,748] 39 root - INFO - [Attacker] Label flip: 0 samples class 1 \u2192 class 0
[2026-06-20 08:08:56,748] 39 root - INFO - [Attacker] Label flip: 0 samples class 1 \u2192 class 0
[2026-06-20 08:08:56,756] 39 root - INFO - [Attacker] Label flip: 0 samples class 1 \u2192 class 0
[2026-06-20 08:08:56,757] 39 root - INFO - [Attacker] Label flip: 0 samples class 1 \u2192 class 0
[2026-06-20 08:08:56,774] 39 root - INFO - [Attacker] Label flip: 0 samples class 1 \u2192 class 0
[2026-06-20 08:08:56,776] 39 root - INFO - [Attacker] Label flip: 0 samples class 1 \u2192 class 0
[2026-06-20 08:08:56,782] 39 root - INFO - [Attacker] Label flip: 0 samples class 1 \u2192 class 0
[2026-06-20 08:08:56,785] 39 root - INFO - [Attacker] Label flip: 0 samples class 1 \u2192 class 0
[2026-06-20 08:08:56,792] 39 root - INFO - [Attacker] Label flip: 0 samples class 1 \u2192 class 0
[2026-06-20 08:08:56,798] 39 root - INFO - [Attacker] Label flip: 0 samples class 1 \u2192 class 0
[2026-06-20 08:08:56,804] 39 root - INFO - [Attacker] Label flip: 0 samples class 1 \u2192 class 0
[2026-06-20 08:08:56,813] 39 root - INFO - [Attacker] Label flip: 0 samples class 1 \u2192 class 0
[2026-06-20 08:08:56,816] 39 root - INFO - [Attacker] Label flip: 1 samples class 1 \u2192 class 0
[2026-06-20 08:08:56,825] 39 root - INFO - [Attacker] Label flip: 0 samples class 1 \u2192 class 0
[2026-06-20 08:08:56,833] 39 root - INFO - [Attacker] Label flip: 0 samples class 1 \u2192 class 0
[2026-06-20 08:08:56,841] 39 root - INFO - [Attacker] Label flip: 0 samples class 1 \u2192 class 0
[2026-06-20 08:08:56,843] 39 root - INFO - [Attacker] Label flip: 0 samples class 1 \u2192 class 0
[2026-06-20 08:08:56,850] 39 root - INFO - [Attacker] Label flip: 0 samples class 1 \u2192 class 0
[2026-06-20 08:08:56,852] 39 root - INFO - [Attacker] Label flip: 0 samples class 1 \u2192 class 0
[2026-06-20 08:08:56,858] 39 root - INFO - [Attacker] Label flip: 0 samples class 1 \u2192 class 0
[2026-06-20 08:08:56,862] 39 root - INFO - [Attacker] Label flip: 0 samples class 1 \u2192 class 0
[2026-06-20 08:08:56,870] 39 root - INFO - [Attacker] Label flip: 0 samples class 1 \u2192 class 0
[2026-06-20 08:08:56,873] 39 root - INFO - [Attacker] Label flip: 0 samples class 1 \u2192 class 0
[2026-06-20 08:08:56,879] 39 root - INFO - [Attacker] Label flip: 0 samples class 1 \u2192 class 0
[2026-06-20 08:08:56,881] 39 root - INFO - [Attacker] Label flip: 0 samples class 1 \u2192 class 0
[2026-06-20 08:08:56,888] 39 root - INFO - [Attacker] Label flip: 0 samples class 1 \u2192 class 0
[2026-06-20 08:08:56,890] 39 root - INFO - [Attacker] Label flip: 0 samples class 1 \u2192 class 0
[2026-06-20 08:08:56,900] 39 root - INFO - [Attacker] Label flip: 0 samples class 1 \u2192 class 0
[2026-06-20 08:08:56,902] 39 root - INFO - [Attacker] Label flip: 0 samples class 1 \u2192 class 0
[2026-06-20 08:08:56,909] 39 root - INFO - [Attacker] Label flip: 1 samples class 1 \u2192 class 0
[2026-06-20 08:08:56,910] 39 root - INFO - [Attacker] Label flip: 0 samples class 1 \u2192 class 0
[2026-06-20 08:08:56,918] 39 root - INFO - [Attacker] Label flip: 0 samples class 1 \u2192 class 0
[2026-06-20 08:08:56,918] 39 root - INFO - [Attacker] Label flip: 0 samples class 1 \u2192 class 0
[2026-06-20 08:08:56,931] 39 root - INFO - [Attacker] Label flip: 0 samples class 1 \u2192 class 0
[2026-06-20 08:08:56,931] 39 root - INFO - [Attacker] Label flip: 0 samples class 1 \u2192 class 0
[2026-06-20 08:08:56,939] 39 root - INFO - [Attacker] Label flip: 0 samples class 1 \u2192 class 0
[2026-06-20 08:08:56,944] 39 root - INFO - [Attacker] Label flip: 0 samples class 1 \u2192 class 0
[2026-06-20 08:08:56,949] 39 root - INFO - [Attacker] Label flip: 0 samples class 1 \u2192 class 0
[2026-06-20 08:08:56,956] 39 root - INFO - [Attacker] Label flip: 0 samples class 1 \u2192 class 0
[2026-06-20 08:08:56,960] 39 root - INFO - [Attacker] Label flip: 0 samples class 1 \u2192 class 0
[2026-06-20 08:08:56,967] 39 root - INFO - [Attacker] Label flip: 0 samples class 1 \u2192 class 0
[2026-06-20 08:08:56,968] 39 root - INFO - [Attacker] Label flip: 0 samples class 1 \u2192 class 0
[2026-06-20 08:08:56,977] 268 flwr - WARNING - DEPRECATED FEATURE: `client_fn` now expects a signature `def client_fn(context: Context)`.The provided `client_fn` has signature: {'cid': <Parameter "cid: str">}. You can import the `Context` like this: `from flwr.common import Context`

            This is a deprecated feature. It will be removed
            entirely in future versions of Flower.
        
[2026-06-20 08:08:56,979] 39 root - INFO - [Attacker] Label flip: 0 samples class 1 \u2192 class 0
[2026-06-20 08:08:56,980] 39 root - INFO - [Attacker] Label flip: 0 samples class 1 \u2192 class 0
[2026-06-20 08:08:56,987] 39 root - INFO - [Attacker] Label flip: 0 samples class 1 \u2192 class 0
[2026-06-20 08:08:56,990] 39 root - INFO - [Attacker] Label flip: 0 samples class 1 \u2192 class 0
[2026-06-20 08:08:56,998] 39 root - INFO - [Attacker] Label flip: 0 samples class 1 \u2192 class 0
[2026-06-20 08:08:57,005] 39 root - INFO - [Attacker] Label flip: 0 samples class 1 \u2192 class 0
[2026-06-20 08:08:57,007] 39 root - INFO - [Attacker] Label flip: 0 samples class 1 \u2192 class 0
[2026-06-20 08:08:57,015] 39 root - INFO - [Attacker] Label flip: 0 samples class 1 \u2192 class 0
[2026-06-20 08:08:57,016] 39 root - INFO - [Attacker] Label flip: 0 samples class 1 \u2192 class 0
[2026-06-20 08:08:57,025] 39 root - INFO - [Attacker] Label flip: 0 samples class 1 \u2192 class 0
[2026-06-20 08:08:57,025] 39 root - INFO - [Attacker] Label flip: 0 samples class 1 \u2192 class 0
[2026-06-20 08:08:57,040] 39 root - INFO - [Attacker] Label flip: 0 samples class 1 \u2192 class 0
[2026-06-20 08:08:57,040] 39 root - INFO - [Attacker] Label flip: 0 samples class 1 \u2192 class 0
[2026-06-20 08:08:57,050] 39 root - INFO - [Attacker] Label flip: 0 samples class 1 \u2192 class 0
[2026-06-20 08:08:57,051] 39 root - INFO - [Attacker] Label flip: 0 samples class 1 \u2192 class 0
[2026-06-20 08:08:57,057] 39 root - INFO - [Attacker] Label flip: 0 samples class 1 \u2192 class 0
[2026-06-20 08:08:57,067] 39 root - INFO - [Attacker] Label flip: 0 samples class 1 \u2192 class 0
[2026-06-20 08:08:57,069] 39 root - INFO - [Attacker] Label flip: 0 samples class 1 \u2192 class 0
[2026-06-20 08:08:57,075] 39 root - INFO - [Attacker] Label flip: 0 samples class 1 \u2192 class 0
[2026-06-20 08:08:57,080] 39 root - INFO - [Attacker] Label flip: 0 samples class 1 \u2192 class 0
[2026-06-20 08:08:57,084] 39 root - INFO - [Attacker] Label flip: 0 samples class 1 \u2192 class 0
[2026-06-20 08:08:57,092] 39 root - INFO - [Attacker] Label flip: 1 samples class 1 \u2192 class 0
[2026-06-20 08:08:57,093] 39 root - INFO - [Attacker] Label flip: 0 samples class 1 \u2192 class 0
[2026-06-20 08:08:57,107] 39 root - INFO - [Attacker] Label flip: 0 samples class 1 \u2192 class 0
[2026-06-20 08:08:57,109] 39 root - INFO - [Attacker] Label flip: 0 samples class 1 \u2192 class 0
[2026-06-20 08:08:57,115] 39 root - INFO - [Attacker] Label flip: 0 samples class 1 \u2192 class 0
[2026-06-20 08:08:57,122] 39 root - INFO - [Attacker] Label flip: 0 samples class 1 \u2192 class 0
[2026-06-20 08:08:57,137] 39 root - INFO - [Attacker] Label flip: 0 samples class 1 \u2192 class 0
[2026-06-20 08:08:57,137] 39 root - INFO - [Attacker] Label flip: 0 samples class 1 \u2192 class 0
[2026-06-20 08:08:57,145] 39 root - INFO - [Attacker] Label flip: 0 samples class 1 \u2192 class 0
[2026-06-20 08:08:57,146] 39 root - INFO - [Attacker] Label flip: 0 samples class 1 \u2192 class 0
[2026-06-20 08:08:57,153] 39 root - INFO - [Attacker] Label flip: 0 samples class 1 \u2192 class 0
[2026-06-20 08:08:57,154] 39 root - INFO - [Attacker] Label flip: 0 samples class 1 \u2192 class 0
[2026-06-20 08:08:57,162] 39 root - INFO - [Attacker] Label flip: 0 samples class 1 \u2192 class 0
[2026-06-20 08:08:57,164] 39 root - INFO - [Attacker] Label flip: 0 samples class 1 \u2192 class 0
[2026-06-20 08:08:57,171] 39 root - INFO - [Attacker] Label flip: 0 samples class 1 \u2192 class 0
[2026-06-20 08:08:57,173] 268 flwr - WARNING - DEPRECATED FEATURE: `client_fn` now expects a signature `def client_fn(context: Context)`.The provided `client_fn` has signature: {'cid': <Parameter "cid: str">}. You can import the `Context` like this: `from flwr.common import Context`

            This is a deprecated feature. It will be removed
            entirely in future versions of Flower.
        
[2026-06-20 08:08:57,177] 39 root - INFO - [Attacker] Label flip: 0 samples class 1 \u2192 class 0
[2026-06-20 08:08:57,180] 39 root - INFO - [Attacker] Label flip: 0 samples class 1 \u2192 class 0
[2026-06-20 08:08:57,185] 39 root - INFO - [Attacker] Label flip: 0 samples class 1 \u2192 class 0
[2026-06-20 08:08:57,188] 39 root - INFO - [Attacker] Label flip: 0 samples class 1 \u2192 class 0
[2026-06-20 08:08:57,200] 39 root - INFO - [Attacker] Label flip: 0 samples class 1 \u2192 class 0
[2026-06-20 08:08:57,201] 39 root - INFO - [Attacker] Label flip: 0 samples class 1 \u2192 class 0
[2026-06-20 08:08:57,207] 39 root - INFO - [Attacker] Label flip: 0 samples class 1 \u2192 class 0
[2026-06-20 08:08:57,209] 39 root - INFO - [Attacker] Label flip: 0 samples class 1 \u2192 class 0
[2026-06-20 08:08:57,216] 39 root - INFO - [Attacker] Label flip: 0 samples class 1 \u2192 class 0
[2026-06-20 08:08:57,220] 39 root - INFO - [Attacker] Label flip: 0 samples class 1 \u2192 class 0
[2026-06-20 08:08:57,224] 39 root - INFO - [Attacker] Label flip: 0 samples class 1 \u2192 class 0
[2026-06-20 08:08:57,229] 39 root - INFO - [Attacker] Label flip: 0 samples class 1 \u2192 class 0
[2026-06-20 08:08:57,236] 39 root - INFO - [Attacker] Label flip: 0 samples class 1 \u2192 class 0
[2026-06-20 08:08:57,241] 39 root - INFO - [Attacker] Label flip: 0 samples class 1 \u2192 class 0
[2026-06-20 08:08:57,244] 39 root - INFO - [Attacker] Label flip: 0 samples class 1 \u2192 class 0
[2026-06-20 08:08:57,249] 39 root - INFO - [Attacker] Label flip: 0 samples class 1 \u2192 class 0
[2026-06-20 08:08:57,253] 39 root - INFO - [Attacker] Label flip: 0 samples class 1 \u2192 class 0
[2026-06-20 08:08:57,259] 39 root - INFO - [Attacker] Label flip: 0 samples class 1 \u2192 class 0
[2026-06-20 08:08:57,270] 39 root - INFO - [Attacker] Label flip: 0 samples class 1 \u2192 class 0
[2026-06-20 08:08:57,276] 39 root - INFO - [Attacker] Label flip: 0 samples class 1 \u2192 class 0
[2026-06-20 08:08:57,277] 39 root - INFO - [Attacker] Label flip: 0 samples class 1 \u2192 class 0
[2026-06-20 08:08:57,283] 39 root - INFO - [Attacker] Label flip: 0 samples class 1 \u2192 class 0
[2026-06-20 08:08:57,284] 39 root - INFO - [Attacker] Label flip: 0 samples class 1 \u2192 class 0
[2026-06-20 08:08:57,292] 39 root - INFO - [Attacker] Label flip: 0 samples class 1 \u2192 class 0
[2026-06-20 08:08:57,293] 39 root - INFO - [Attacker] Label flip: 0 samples class 1 \u2192 class 0
[2026-06-20 08:08:57,306] 39 root - INFO - [Attacker] Label flip: 0 samples class 1 \u2192 class 0
[2026-06-20 08:08:57,307] 39 root - INFO - [Attacker] Label flip: 0 samples class 1 \u2192 class 0
[2026-06-20 08:08:57,315] 39 root - INFO - [Attacker] Label flip: 1 samples class 1 \u2192 class 0
[2026-06-20 08:08:57,323] 39 root - INFO - [Attacker] Label flip: 0 samples class 1 \u2192 class 0
[2026-06-20 08:08:57,324] 39 root - INFO - [Attacker] Label flip: 0 samples class 1 \u2192 class 0
[2026-06-20 08:08:57,332] 39 root - INFO - [Attacker] Label flip: 0 samples class 1 \u2192 class 0
[2026-06-20 08:08:57,334] 39 root - INFO - [Attacker] Label flip: 0 samples class 1 \u2192 class 0
[2026-06-20 08:08:57,341] 39 root - INFO - [Attacker] Label flip: 0 samples class 1 \u2192 class 0
[2026-06-20 08:08:57,342] 39 root - INFO - [Attacker] Label flip: 0 samples class 1 \u2192 class 0
[2026-06-20 08:08:57,350] 39 root - INFO - [Attacker] Label flip: 0 samples class 1 \u2192 class 0
[2026-06-20 08:08:57,351] 39 root - INFO - [Attacker] Label flip: 0 samples class 1 \u2192 class 0
[2026-06-20 08:08:57,360] 39 root - INFO - [Attacker] Label flip: 0 samples class 1 \u2192 class 0
[2026-06-20 08:08:57,365] 39 root - INFO - [Attacker] Label flip: 0 samples class 1 \u2192 class 0
[2026-06-20 08:08:57,370] 39 root - INFO - [Attacker] Label flip: 0 samples class 1 \u2192 class 0
[2026-06-20 08:08:57,379] 39 root - INFO - [Attacker] Label flip: 0 samples class 1 \u2192 class 0
[2026-06-20 08:08:57,380] 39 root - INFO - [Attacker] Label flip: 0 samples class 1 \u2192 class 0
[2026-06-20 08:08:57,388] 39 root - INFO - [Attacker] Label flip: 0 samples class 1 \u2192 class 0
[2026-06-20 08:08:57,399] 39 root - INFO - [Attacker] Label flip: 0 samples class 1 \u2192 class 0
[2026-06-20 08:08:57,400] 39 root - INFO - [Attacker] Label flip: 0 samples class 1 \u2192 class 0
[2026-06-20 08:08:57,408] 39 root - INFO - [Attacker] Label flip: 0 samples class 1 \u2192 class 0
[2026-06-20 08:08:57,411] 39 root - INFO - [Attacker] Label flip: 0 samples class 1 \u2192 class 0
[2026-06-20 08:08:57,416] 39 root - INFO - [Attacker] Label flip: 0 samples class 1 \u2192 class 0
[2026-06-20 08:08:57,423] 39 root - INFO - [Attacker] Label flip: 0 samples class 1 \u2192 class 0
[2026-06-20 08:08:57,426] 39 root - INFO - [Attacker] Label flip: 0 samples class 1 \u2192 class 0
[2026-06-20 08:08:57,434] 39 root - INFO - [Attacker] Label flip: 0 samples class 1 \u2192 class 0
[2026-06-20 08:08:57,440] 39 root - INFO - [Attacker] Label flip: 0 samples class 1 \u2192 class 0
[2026-06-20 08:08:57,446] 39 root - INFO - [Attacker] Label flip: 1 samples class 1 \u2192 class 0
[2026-06-20 08:08:57,449] 39 root - INFO - [Attacker] Label flip: 0 samples class 1 \u2192 class 0
[2026-06-20 08:08:57,454] 39 root - INFO - [Attacker] Label flip: 0 samples class 1 \u2192 class 0
[2026-06-20 08:08:57,457] 39 root - INFO - [Attacker] Label flip: 0 samples class 1 \u2192 class 0
[2026-06-20 08:08:57,472] 39 root - INFO - [Attacker] Label flip: 0 samples class 1 \u2192 class 0
[2026-06-20 08:08:57,474] 39 root - INFO - [Attacker] Label flip: 0 samples class 1 \u2192 class 0
[2026-06-20 08:08:57,482] 39 root - INFO - [Attacker] Label flip: 0 samples class 1 \u2192 class 0
[2026-06-20 08:08:57,486] 39 root - INFO - [Attacker] Label flip: 0 samples class 1 \u2192 class 0
[2026-06-20 08:08:57,489] 39 root - INFO - [Attacker] Label flip: 0 samples class 1 \u2192 class 0
[2026-06-20 08:08:57,503] 39 root - INFO - [Attacker] Label flip: 0 samples class 1 \u2192 class 0
[2026-06-20 08:08:57,505] 39 root - INFO - [Attacker] Label flip: 0 samples class 1 \u2192 class 0
[2026-06-20 08:08:57,510] 39 root - INFO - [Attacker] Label flip: 0 samples class 1 \u2192 class 0
[2026-06-20 08:08:57,513] 39 root - INFO - [Attacker] Label flip: 0 samples class 1 \u2192 class 0
[2026-06-20 08:08:57,519] 39 root - INFO - [Attacker] Label flip: 0 samples class 1 \u2192 class 0
[2026-06-20 08:08:57,521] 39 root - INFO - [Attacker] Label flip: 0 samples class 1 \u2192 class 0
[2026-06-20 08:08:57,541] 39 root - INFO - [Attacker] Label flip: 0 samples class 1 \u2192 class 0
[2026-06-20 08:08:57,542] 39 root - INFO - [Attacker] Label flip: 0 samples class 1 \u2192 class 0
[2026-06-20 08:08:57,551] 39 root - INFO - [Attacker] Label flip: 0 samples class 1 \u2192 class 0
[2026-06-20 08:08:57,557] 39 root - INFO - [Attacker] Label flip: 0 samples class 1 \u2192 class 0
[2026-06-20 08:08:57,560] 39 root - INFO - [Attacker] Label flip: 0 samples class 1 \u2192 class 0
[2026-06-20 08:08:57,568] 39 root - INFO - [Attacker] Label flip: 0 samples class 1 \u2192 class 0
[2026-06-20 08:08:57,574] 39 root - INFO - [Attacker] Label flip: 0 samples class 1 \u2192 class 0
[2026-06-20 08:08:57,576] 39 root - INFO - [Attacker] Label flip: 0 samples class 1 \u2192 class 0
[2026-06-20 08:08:57,586] 39 root - INFO - [Attacker] Label flip: 0 samples class 1 \u2192 class 0
[2026-06-20 08:08:57,588] 39 root - INFO - [Attacker] Label flip: 0 samples class 1 \u2192 class 0
[2026-06-20 08:08:57,596] 39 root - INFO - [Attacker] Label flip: 0 samples class 1 \u2192 class 0
[2026-06-20 08:08:57,605] 39 root - INFO - [Attacker] Label flip: 0 samples class 1 \u2192 class 0
[2026-06-20 08:08:57,605] 39 root - INFO - [Attacker] Label flip: 0 samples class 1 \u2192 class 0
[2026-06-20 08:08:57,612] 39 root - INFO - [Attacker] Label flip: 0 samples class 1 \u2192 class 0
[2026-06-20 08:08:57,614] 39 root - INFO - [Attacker] Label flip: 0 samples class 1 \u2192 class 0
[2026-06-20 08:08:57,621] 39 root - INFO - [Attacker] Label flip: 0 samples class 1 \u2192 class 0
[2026-06-20 08:08:57,623] 39 root - INFO - [Attacker] Label flip: 0 samples class 1 \u2192 class 0
[2026-06-20 08:08:57,634] 39 root - INFO - [Attacker] Label flip: 1 samples class 1 \u2192 class 0
[2026-06-20 08:08:57,636] 268 flwr - WARNING - DEPRECATED FEATURE: `client_fn` now expects a signature `def client_fn(context: Context)`.The provided `client_fn` has signature: {'cid': <Parameter "cid: str">}. You can import the `Context` like this: `from flwr.common import Context`

            This is a deprecated feature. It will be removed
            entirely in future versions of Flower.
        
[2026-06-20 08:08:57,637] 39 root - INFO - [Attacker] Label flip: 0 samples class 1 \u2192 class 0
[2026-06-20 08:08:57,644] 39 root - INFO - [Attacker] Label flip: 0 samples class 1 \u2192 class 0
[2026-06-20 08:08:57,646] 39 root - INFO - [Attacker] Label flip: 0 samples class 1 \u2192 class 0
[2026-06-20 08:08:57,654] 39 root - INFO - [Attacker] Label flip: 0 samples class 1 \u2192 class 0
[2026-06-20 08:08:57,654] 39 root - INFO - [Attacker] Label flip: 0 samples class 1 \u2192 class 0
[2026-06-20 08:08:57,666] 39 root - INFO - [Attacker] Label flip: 0 samples class 1 \u2192 class 0
[2026-06-20 08:08:57,667] 39 root - INFO - [Attacker] Label flip: 0 samples class 1 \u2192 class 0
[2026-06-20 08:08:57,675] 39 root - INFO - [Attacker] Label flip: 0 samples class 1 \u2192 class 0
[2026-06-20 08:08:57,678] 39 root - INFO - [Attacker] Label flip: 0 samples class 1 \u2192 class 0
[2026-06-20 08:08:57,687] 39 root - INFO - [Attacker] Label flip: 0 samples class 1 \u2192 class 0
[2026-06-20 08:08:57,688] 39 root - INFO - [Attacker] Label flip: 0 samples class 1 \u2192 class 0
[2026-06-20 08:08:57,695] 39 root - INFO - [Attacker] Label flip: 0 samples class 1 \u2192 class 0
[2026-06-20 08:08:57,700] 39 root - INFO - [Attacker] Label flip: 0 samples class 1 \u2192 class 0
[2026-06-20 08:08:57,704] 39 root - INFO - [Attacker] Label flip: 0 samples class 1 \u2192 class 0
[2026-06-20 08:08:57,709] 39 root - INFO - [Attacker] Label flip: 0 samples class 1 \u2192 class 0
[2026-06-20 08:08:57,713] 39 root - INFO - [Attacker] Label flip: 0 samples class 1 \u2192 class 0
[2026-06-20 08:08:57,717] 39 root - INFO - [Attacker] Label flip: 0 samples class 1 \u2192 class 0
[2026-06-20 08:08:57,720] 39 root - INFO - [Attacker] Label flip: 1 samples class 1 \u2192 class 0
[2026-06-20 08:08:57,725] 39 root - INFO - [Attacker] Label flip: 0 samples class 1 \u2192 class 0
[2026-06-20 08:08:57,731] 39 root - INFO - [Attacker] Label flip: 0 samples class 1 \u2192 class 0
[2026-06-20 08:08:57,740] 39 root - INFO - [Attacker] Label flip: 1 samples class 1 \u2192 class 0
[2026-06-20 08:08:57,747] 39 root - INFO - [Attacker] Label flip: 0 samples class 1 \u2192 class 0
[2026-06-20 08:08:57,747] 39 root - INFO - [Attacker] Label flip: 0 samples class 1 \u2192 class 0
[2026-06-20 08:08:57,755] 39 root - INFO - [Attacker] Label flip: 0 samples class 1 \u2192 class 0
[2026-06-20 08:08:57,755] 39 root - INFO - [Attacker] Label flip: 0 samples class 1 \u2192 class 0
[2026-06-20 08:08:57,766] 39 root - INFO - [Attacker] Label flip: 0 samples class 1 \u2192 class 0
[2026-06-20 08:08:57,769] 39 root - INFO - [Attacker] Label flip: 0 samples class 1 \u2192 class 0
[2026-06-20 08:08:57,776] 39 root - INFO - [Attacker] Label flip: 0 samples class 1 \u2192 class 0
[2026-06-20 08:08:57,777] 39 root - INFO - [Attacker] Label flip: 0 samples class 1 \u2192 class 0
[2026-06-20 08:08:57,784] 39 root - INFO - [Attacker] Label flip: 0 samples class 1 \u2192 class 0
[2026-06-20 08:08:57,786] 39 root - INFO - [Attacker] Label flip: 0 samples class 1 \u2192 class 0
[2026-06-20 08:08:57,794] 39 root - INFO - [Attacker] Label flip: 0 samples class 1 \u2192 class 0
[2026-06-20 08:08:57,801] 39 root - INFO - [Attacker] Label flip: 0 samples class 1 \u2192 class 0
[2026-06-20 08:08:57,807] 39 root - INFO - [Attacker] Label flip: 0 samples class 1 \u2192 class 0
[2026-06-20 08:08:57,811] 39 root - INFO - [Attacker] Label flip: 0 samples class 1 \u2192 class 0
[2026-06-20 08:08:57,815] 39 root - INFO - [Attacker] Label flip: 0 samples class 1 \u2192 class 0
[2026-06-20 08:08:57,819] 39 root - INFO - [Attacker] Label flip: 0 samples class 1 \u2192 class 0
[2026-06-20 08:08:57,823] 39 root - INFO - [Attacker] Label flip: 0 samples class 1 \u2192 class 0
[2026-06-20 08:08:57,831] 39 root - INFO - [Attacker] Label flip: 0 samples class 1 \u2192 class 0
[2026-06-20 08:08:57,834] 39 root - INFO - [Attacker] Label flip: 0 samples class 1 \u2192 class 0
[2026-06-20 08:08:57,841] 39 root - INFO - [Attacker] Label flip: 0 samples class 1 \u2192 class 0
[2026-06-20 08:08:57,842] 39 root - INFO - [Attacker] Label flip: 0 samples class 1 \u2192 class 0
[2026-06-20 08:08:57,850] 39 root - INFO - [Attacker] Label flip: 0 samples class 1 \u2192 class 0
[2026-06-20 08:08:57,851] 39 root - INFO - [Attacker] Label flip: 0 samples class 1 \u2192 class 0
[2026-06-20 08:08:57,857] 39 root - INFO - [Attacker] Label flip: 1 samples class 1 \u2192 class 0
[2026-06-20 08:08:57,858] 39 root - INFO - [Attacker] Label flip: 0 samples class 1 \u2192 class 0
[2026-06-20 08:08:57,868] 39 root - INFO - [Attacker] Label flip: 0 samples class 1 \u2192 class 0
[2026-06-20 08:08:57,872] 39 root - INFO - [Attacker] Label flip: 0 samples class 1 \u2192 class 0
[2026-06-20 08:08:57,878] 39 root - INFO - [Attacker] Label flip: 0 samples class 1 \u2192 class 0
[2026-06-20 08:08:57,879] 39 root - INFO - [Attacker] Label flip: 0 samples class 1 \u2192 class 0
[2026-06-20 08:08:57,887] 39 root - INFO - [Attacker] Label flip: 0 samples class 1 \u2192 class 0
[2026-06-20 08:08:57,888] 39 root - INFO - [Attacker] Label flip: 0 samples class 1 \u2192 class 0
[2026-06-20 08:08:57,894] 39 root - INFO - [Attacker] Label flip: 0 samples class 1 \u2192 class 0
[2026-06-20 08:08:57,898] 39 root - INFO - [Attacker] Label flip: 0 samples class 1 \u2192 class 0
[2026-06-20 08:08:57,905] 39 root - INFO - [Attacker] Label flip: 0 samples class 1 \u2192 class 0
[2026-06-20 08:08:57,909] 39 root - INFO - [Attacker] Label flip: 0 samples class 1 \u2192 class 0
[2026-06-20 08:08:57,916] 39 root - INFO - [Attacker] Label flip: 0 samples class 1 \u2192 class 0
[2026-06-20 08:08:57,918] 39 root - INFO - [Attacker] Label flip: 0 samples class 1 \u2192 class 0
[2026-06-20 08:08:57,923] 39 root - INFO - [Attacker] Label flip: 0 samples class 1 \u2192 class 0
[2026-06-20 08:08:57,925] 39 root - INFO - [Attacker] Label flip: 0 samples class 1 \u2192 class 0
[2026-06-20 08:08:57,934] 39 root - INFO - [Attacker] Label flip: 0 samples class 1 \u2192 class 0
[2026-06-20 08:08:57,941] 39 root - INFO - [Attacker] Label flip: 0 samples class 1 \u2192 class 0
[2026-06-20 08:08:57,944] 39 root - INFO - [Attacker] Label flip: 0 samples class 1 \u2192 class 0
[2026-06-20 08:08:57,948] 39 root - INFO - [Attacker] Label flip: 0 samples class 1 \u2192 class 0
[2026-06-20 08:08:57,952] 39 root - INFO - [Attacker] Label flip: 0 samples class 1 \u2192 class 0
[2026-06-20 08:08:57,956] 39 root - INFO - [Attacker] Label flip: 0 samples class 1 \u2192 class 0
[2026-06-20 08:08:57,961] 39 root - INFO - [Attacker] Label flip: 0 samples class 1 \u2192 class 0
[2026-06-20 08:08:57,969] 39 root - INFO - [Attacker] Label flip: 0 samples class 1 \u2192 class 0
[2026-06-20 08:08:57,972] 39 root - INFO - [Attacker] Label flip: 0 samples class 1 \u2192 class 0
[2026-06-20 08:08:57,978] 39 root - INFO - [Attacker] Label flip: 0 samples class 1 \u2192 class 0
[2026-06-20 08:08:57,981] 39 root - INFO - [Attacker] Label flip: 0 samples class 1 \u2192 class 0
[2026-06-20 08:08:57,986] 39 root - INFO - [Attacker] Label flip: 0 samples class 1 \u2192 class 0
[2026-06-20 08:08:57,990] 39 root - INFO - [Attacker] Label flip: 0 samples class 1 \u2192 class 0
[2026-06-20 08:08:57,996] 39 root - INFO - [Attacker] Label flip: 0 samples class 1 \u2192 class 0
[2026-06-20 08:08:58,002] 39 root - INFO - [Attacker] Label flip: 0 samples class 1 \u2192 class 0
[2026-06-20 08:08:58,004] 39 root - INFO - [Attacker] Label flip: 0 samples class 1 \u2192 class 0
[2026-06-20 08:08:58,011] 39 root - INFO - [Attacker] Label flip: 0 samples class 1 \u2192 class 0
[2026-06-20 08:08:58,013] 39 root - INFO - [Attacker] Label flip: 0 samples class 1 \u2192 class 0
[2026-06-20 08:08:58,018] 39 root - INFO - [Attacker] Label flip: 0 samples class 1 \u2192 class 0
[2026-06-20 08:08:58,020] 39 root - INFO - [Attacker] Label flip: 0 samples class 1 \u2192 class 0
[2026-06-20 08:08:58,026] 39 root - INFO - [Attacker] Label flip: 0 samples class 1 \u2192 class 0
[2026-06-20 08:08:58,032] 39 root - INFO - [Attacker] Label flip: 0 samples class 1 \u2192 class 0
[2026-06-20 08:08:58,041] 39 root - INFO - [Attacker] Label flip: 0 samples class 1 \u2192 class 0
[2026-06-20 08:08:58,042] 39 root - INFO - [Attacker] Label flip: 0 samples class 1 \u2192 class 0
[2026-06-20 08:08:58,049] 39 root - INFO - [Attacker] Label flip: 0 samples class 1 \u2192 class 0
[2026-06-20 08:08:58,050] 39 root - INFO - [Attacker] Label flip: 0 samples class 1 \u2192 class 0
[2026-06-20 08:08:58,056] 39 root - INFO - [Attacker] Label flip: 0 samples class 1 \u2192 class 0
[2026-06-20 08:08:58,061] 39 root - INFO - [Attacker] Label flip: 0 samples class 1 \u2192 class 0
[2026-06-20 08:08:58,073] 39 root - INFO - [Attacker] Label flip: 0 samples class 1 \u2192 class 0
[2026-06-20 08:08:58,079] 39 root - INFO - [Attacker] Label flip: 0 samples class 1 \u2192 class 0
[2026-06-20 08:08:58,080] 39 root - INFO - [Attacker] Label flip: 0 samples class 1 \u2192 class 0
[2026-06-20 08:08:58,088] 39 root - INFO - [Attacker] Label flip: 0 samples class 1 \u2192 class 0
[2026-06-20 08:08:58,090] 39 root - INFO - [Attacker] Label flip: 0 samples class 1 \u2192 class 0
[2026-06-20 08:08:58,097] 39 root - INFO - [Attacker] Label flip: 0 samples class 1 \u2192 class 0
[2026-06-20 08:08:58,105] 39 root - INFO - [Attacker] Label flip: 0 samples class 1 \u2192 class 0
[2026-06-20 08:08:58,107] 39 root - INFO - [Attacker] Label flip: 0 samples class 1 \u2192 class 0
[2026-06-20 08:08:58,115] 39 root - INFO - [Attacker] Label flip: 0 samples class 1 \u2192 class 0
[2026-06-20 08:08:58,115] 39 root - INFO - [Attacker] Label flip: 0 samples class 1 \u2192 class 0
[2026-06-20 08:08:58,123] 39 root - INFO - [Attacker] Label flip: 0 samples class 1 \u2192 class 0
[2026-06-20 08:08:58,123] 39 root - INFO - [Attacker] Label flip: 0 samples class 1 \u2192 class 0
[2026-06-20 08:08:58,134] 39 root - INFO - [Attacker] Label flip: 0 samples class 1 \u2192 class 0
[2026-06-20 08:08:58,135] 39 root - INFO - [Attacker] Label flip: 0 samples class 1 \u2192 class 0
[2026-06-20 08:08:58,142] 39 root - INFO - [Attacker] Label flip: 0 samples class 1 \u2192 class 0
[2026-06-20 08:08:58,143] 39 root - INFO - [Attacker] Label flip: 0 samples class 1 \u2192 class 0
[2026-06-20 08:08:58,151] 39 root - INFO - [Attacker] Label flip: 0 samples class 1 \u2192 class 0
[2026-06-20 08:08:58,154] 39 root - INFO - [Attacker] Label flip: 0 samples class 1 \u2192 class 0
[2026-06-20 08:08:58,158] 39 root - INFO - [Attacker] Label flip: 0 samples class 1 \u2192 class 0
[2026-06-20 08:08:58,167] 39 root - INFO - [Attacker] Label flip: 0 samples class 1 \u2192 class 0
[2026-06-20 08:08:58,169] 39 root - INFO - [Attacker] Label flip: 0 samples class 1 \u2192 class 0
[2026-06-20 08:08:58,176] 39 root - INFO - [Attacker] Label flip: 0 samples class 1 \u2192 class 0
[2026-06-20 08:08:58,180] 39 root - INFO - [Attacker] Label flip: 1 samples class 1 \u2192 class 0
[2026-06-20 08:08:58,186] 39 root - INFO - [Attacker] Label flip: 0 samples class 1 \u2192 class 0
[2026-06-20 08:08:58,188] 39 root - INFO - [Attacker] Label flip: 0 samples class 1 \u2192 class 0
[2026-06-20 08:08:58,199] 39 root - INFO - [Attacker] Label flip: 0 samples class 1 \u2192 class 0
[2026-06-20 08:08:58,202] 39 root - INFO - [Attacker] Label flip: 0 samples class 1 \u2192 class 0
[2026-06-20 08:08:58,209] 39 root - INFO - [Attacker] Label flip: 0 samples class 1 \u2192 class 0
[2026-06-20 08:08:58,211] 39 root - INFO - [Attacker] Label flip: 0 samples class 1 \u2192 class 0
[2026-06-20 08:08:58,217] 39 root - INFO - [Attacker] Label flip: 0 samples class 1 \u2192 class 0
[2026-06-20 08:08:58,220] 39 root - INFO - [Attacker] Label flip: 0 samples class 1 \u2192 class 0
[2026-06-20 08:08:58,225] 39 root - INFO - [Attacker] Label flip: 0 samples class 1 \u2192 class 0
[2026-06-20 08:08:58,234] 39 root - INFO - [Attacker] Label flip: 0 samples class 1 \u2192 class 0
[2026-06-20 08:08:58,235] 39 root - INFO - [Attacker] Label flip: 0 samples class 1 \u2192 class 0
[2026-06-20 08:08:58,244] 39 root - INFO - [Attacker] Label flip: 0 samples class 1 \u2192 class 0
[2026-06-20 08:08:58,245] 39 root - INFO - [Attacker] Label flip: 0 samples class 1 \u2192 class 0
[2026-06-20 08:08:58,253] 39 root - INFO - [Attacker] Label flip: 0 samples class 1 \u2192 class 0
[2026-06-20 08:08:58,254] 39 root - INFO - [Attacker] Label flip: 0 samples class 1 \u2192 class 0
[2026-06-20 08:08:58,262] 39 root - INFO - [Attacker] Label flip: 0 samples class 1 \u2192 class 0
[2026-06-20 08:08:58,270] 39 root - INFO - [Attacker] Label flip: 0 samples class 1 \u2192 class 0
[2026-06-20 08:08:58,272] 39 root - INFO - [Attacker] Label flip: 0 samples class 1 \u2192 class 0
[2026-06-20 08:08:58,281] 39 root - INFO - [Attacker] Label flip: 0 samples class 1 \u2192 class 0
[2026-06-20 08:08:58,284] 39 root - INFO - [Attacker] Label flip: 0 samples class 1 \u2192 class 0
[2026-06-20 08:08:58,288] 39 root - INFO - [Attacker] Label flip: 0 samples class 1 \u2192 class 0
[2026-06-20 08:08:58,294] 39 root - INFO - [Attacker] Label flip: 0 samples class 1 \u2192 class 0
[2026-06-20 08:08:58,302] 39 root - INFO - [Attacker] Label flip: 0 samples class 1 \u2192 class 0
[2026-06-20 08:08:58,311] 39 root - INFO - [Attacker] Label flip: 0 samples class 1 \u2192 class 0
[2026-06-20 08:08:58,311] 39 root - INFO - [Attacker] Label flip: 0 samples class 1 \u2192 class 0
[2026-06-20 08:08:58,319] 39 root - INFO - [Attacker] Label flip: 1 samples class 1 \u2192 class 0
[2026-06-20 08:08:58,320] 39 root - INFO - [Attacker] Label flip: 0 samples class 1 \u2192 class 0
[2026-06-20 08:08:58,331] 39 root - INFO - [Attacker] Label flip: 0 samples class 1 \u2192 class 0
[2026-06-20 08:08:58,336] 39 root - INFO - [Attacker] Label flip: 0 samples class 1 \u2192 class 0
[2026-06-20 08:08:58,341] 39 root - INFO - [Attacker] Label flip: 0 samples class 1 \u2192 class 0
[2026-06-20 08:08:58,348] 39 root - INFO - [Attacker] Label flip: 0 samples class 1 \u2192 class 0
[2026-06-20 08:08:58,352] 268 flwr - WARNING - DEPRECATED FEATURE: `client_fn` now expects a signature `def client_fn(context: Context)`.The provided `client_fn` has signature: {'cid': <Parameter "cid: str">}. You can import the `Context` like this: `from flwr.common import Context`

            This is a deprecated feature. It will be removed
            entirely in future versions of Flower.
        
[2026-06-20 08:08:58,354] 39 root - INFO - [Attacker] Label flip: 0 samples class 1 \u2192 class 0
[2026-06-20 08:08:58,359] 39 root - INFO - [Attacker] Label flip: 0 samples class 1 \u2192 class 0
[2026-06-20 08:08:58,363] 39 root - INFO - [Attacker] Label flip: 0 samples class 1 \u2192 class 0
[2026-06-20 08:08:58,375] 39 root - INFO - [Attacker] Label flip: 0 samples class 1 \u2192 class 0
[2026-06-20 08:08:58,376] 39 root - INFO - [Attacker] Label flip: 0 samples class 1 \u2192 class 0
[2026-06-20 08:08:58,384] 39 root - INFO - [Attacker] Label flip: 0 samples class 1 \u2192 class 0
[2026-06-20 08:08:58,390] 39 root - INFO - [Attacker] Label flip: 0 samples class 1 \u2192 class 0
[2026-06-20 08:08:58,393] 39 root - INFO - [Attacker] Label flip: 0 samples class 1 \u2192 class 0
[2026-06-20 08:08:58,405] 39 root - INFO - [Attacker] Label flip: 0 samples class 1 \u2192 class 0
[2026-06-20 08:08:58,415] 39 root - INFO - [Attacker] Label flip: 0 samples class 1 \u2192 class 0
[2026-06-20 08:08:58,421] 39 root - INFO - [Attacker] Label flip: 0 samples class 1 \u2192 class 0
[2026-06-20 08:08:58,440] 39 root - INFO - [Attacker] Label flip: 0 samples class 1 \u2192 class 0
[2026-06-20 08:08:58,442] 39 root - INFO - [Attacker] Label flip: 0 samples class 1 \u2192 class 0
[2026-06-20 08:08:58,455] 39 root - INFO - [Attacker] Label flip: 0 samples class 1 \u2192 class 0
[2026-06-20 08:08:58,458] 39 root - INFO - [Attacker] Label flip: 0 samples class 1 \u2192 class 0
[2026-06-20 08:08:58,473] 39 root - INFO - [Attacker] Label flip: 0 samples class 1 \u2192 class 0
[2026-06-20 08:08:58,476] 39 root - INFO - [Attacker] Label flip: 0 samples class 1 \u2192 class 0
[2026-06-20 08:08:58,487] 39 root - INFO - [Attacker] Label flip: 0 samples class 1 \u2192 class 0
[2026-06-20 08:08:58,489] 39 root - INFO - [Attacker] Label flip: 0 samples class 1 \u2192 class 0
[2026-06-20 08:08:58,490] 268 flwr - WARNING - DEPRECATED FEATURE: `client_fn` now expects a signature `def client_fn(context: Context)`.The provided `client_fn` has signature: {'cid': <Parameter "cid: str">}. You can import the `Context` like this: `from flwr.common import Context`

            This is a deprecated feature. It will be removed
            entirely in future versions of Flower.
        
[2026-06-20 08:08:58,496] 39 root - INFO - [Attacker] Label flip: 0 samples class 1 \u2192 class 0
[2026-06-20 08:08:58,504] 39 root - INFO - [Attacker] Label flip: 0 samples class 1 \u2192 class 0
[2026-06-20 08:08:58,504] 39 root - INFO - [Attacker] Label flip: 0 samples class 1 \u2192 class 0
[2026-06-20 08:08:58,513] 39 root - INFO - [Attacker] Label flip: 0 samples class 1 \u2192 class 0
[2026-06-20 08:08:58,513] 39 root - INFO - [Attacker] Label flip: 0 samples class 1 \u2192 class 0
[2026-06-20 08:08:58,522] 39 root - INFO - [Attacker] Label flip: 0 samples class 1 \u2192 class 0
[2026-06-20 08:08:58,522] 39 root - INFO - [Attacker] Label flip: 0 samples class 1 \u2192 class 0
[2026-06-20 08:08:58,534] 39 root - INFO - [Attacker] Label flip: 0 samples class 1 \u2192 class 0
[2026-06-20 08:08:58,542] 39 root - INFO - [Attacker] Label flip: 0 samples class 1 \u2192 class 0
[2026-06-20 08:08:58,551] 39 root - INFO - [Attacker] Label flip: 0 samples class 1 \u2192 class 0
[2026-06-20 08:08:58,560] 39 root - INFO - [Attacker] Label flip: 0 samples class 1 \u2192 class 0
[2026-06-20 08:08:58,563] 39 root - INFO - [Attacker] Label flip: 0 samples class 1 \u2192 class 0
[2026-06-20 08:08:58,584] 39 root - INFO - [Attacker] Label flip: 0 samples class 1 \u2192 class 0
[2026-06-20 08:08:58,593] 39 root - INFO - [Attacker] Label flip: 0 samples class 1 \u2192 class 0
[2026-06-20 08:08:58,602] 39 root - INFO - [Attacker] Label flip: 0 samples class 1 \u2192 class 0
[2026-06-20 08:08:58,610] 39 root - INFO - [Attacker] Label flip: 0 samples class 1 \u2192 class 0
[2026-06-20 08:08:58,615] 39 root - INFO - [Attacker] Label flip: 0 samples class 1 \u2192 class 0
[2026-06-20 08:08:58,619] 39 root - INFO - [Attacker] Label flip: 0 samples class 1 \u2192 class 0
[2026-06-20 08:08:58,628] 39 root - INFO - [Attacker] Label flip: 0 samples class 1 \u2192 class 0
[2026-06-20 08:08:58,640] 39 root - INFO - [Attacker] Label flip: 0 samples class 1 \u2192 class 0
[2026-06-20 08:08:58,649] 39 root - INFO - [Attacker] Label flip: 0 samples class 1 \u2192 class 0
[2026-06-20 08:08:58,659] 39 root - INFO - [Attacker] Label flip: 0 samples class 1 \u2192 class 0
[2026-06-20 08:08:58,667] 39 root - INFO - [Attacker] Label flip: 0 samples class 1 \u2192 class 0
[2026-06-20 08:08:58,679] 39 root - INFO - [Attacker] Label flip: 0 samples class 1 \u2192 class 0
[2026-06-20 08:08:58,682] 39 root - INFO - [Attacker] Label flip: 0 samples class 1 \u2192 class 0
[2026-06-20 08:08:58,688] 39 root - INFO - [Attacker] Label flip: 0 samples class 1 \u2192 class 0
[2026-06-20 08:08:58,698] 39 root - INFO - [Attacker] Label flip: 0 samples class 1 \u2192 class 0
[2026-06-20 08:08:58,709] 39 root - INFO - [Attacker] Label flip: 0 samples class 1 \u2192 class 0
[2026-06-20 08:08:58,718] 39 root - INFO - [Attacker] Label flip: 0 samples class 1 \u2192 class 0
[2026-06-20 08:08:58,720] 39 root - INFO - [Attacker] Label flip: 0 samples class 1 \u2192 class 0
[2026-06-20 08:08:58,728] 39 root - INFO - [Attacker] Label flip: 0 samples class 1 \u2192 class 0
[2026-06-20 08:08:58,737] 39 root - INFO - [Attacker] Label flip: 0 samples class 1 \u2192 class 0
[2026-06-20 08:08:58,745] 39 root - INFO - [Attacker] Label flip: 0 samples class 1 \u2192 class 0
[2026-06-20 08:08:58,753] 39 root - INFO - [Attacker] Label flip: 0 samples class 1 \u2192 class 0
[2026-06-20 08:08:58,761] 39 root - INFO - [Attacker] Label flip: 0 samples class 1 \u2192 class 0
[2026-06-20 08:08:58,762] 39 root - INFO - [Attacker] Label flip: 0 samples class 1 \u2192 class 0
[2026-06-20 08:08:58,773] 39 root - INFO - [Attacker] Label flip: 0 samples class 1 \u2192 class 0
[2026-06-20 08:08:58,782] 39 root - INFO - [Attacker] Label flip: 0 samples class 1 \u2192 class 0
[2026-06-20 08:08:58,792] 39 root - INFO - [Attacker] Label flip: 0 samples class 1 \u2192 class 0
[2026-06-20 08:08:58,795] 39 root - INFO - [Attacker] Label flip: 0 samples class 1 \u2192 class 0
[2026-06-20 08:08:58,799] 39 root - INFO - [Attacker] Label flip: 0 samples class 1 \u2192 class 0
[2026-06-20 08:08:58,813] 39 root - INFO - [Attacker] Label flip: 0 samples class 1 \u2192 class 0
[2026-06-20 08:08:58,821] 39 root - INFO - [Attacker] Label flip: 0 samples class 1 \u2192 class 0
[2026-06-20 08:08:58,825] 39 root - INFO - [Attacker] Label flip: 0 samples class 1 \u2192 class 0
[2026-06-20 08:08:58,832] 39 root - INFO - [Attacker] Label flip: 0 samples class 1 \u2192 class 0
[2026-06-20 08:08:58,848] 39 root - INFO - [Attacker] Label flip: 0 samples class 1 \u2192 class 0
[2026-06-20 08:08:58,856] 39 root - INFO - [Attacker] Label flip: 0 samples class 1 \u2192 class 0
[2026-06-20 08:08:58,857] 39 root - INFO - [Attacker] Label flip: 0 samples class 1 \u2192 class 0
[2026-06-20 08:08:58,865] 39 root - INFO - [Attacker] Label flip: 0 samples class 1 \u2192 class 0
[2026-06-20 08:08:58,875] 39 root - INFO - [Attacker] Label flip: 0 samples class 1 \u2192 class 0
[2026-06-20 08:08:58,884] 39 root - INFO - [Attacker] Label flip: 0 samples class 1 \u2192 class 0
[2026-06-20 08:08:58,894] 39 root - INFO - [Attacker] Label flip: 0 samples class 1 \u2192 class 0
[2026-06-20 08:08:58,904] 39 root - INFO - [Attacker] Label flip: 1 samples class 1 \u2192 class 0
[2026-06-20 08:08:58,911] 39 root - INFO - [Attacker] Label flip: 0 samples class 1 \u2192 class 0
[2026-06-20 08:08:58,915] 39 root - INFO - [Attacker] Label flip: 0 samples class 1 \u2192 class 0
[2026-06-20 08:08:58,923] 39 root - INFO - [Attacker] Label flip: 0 samples class 1 \u2192 class 0
[2026-06-20 08:08:58,931] 39 root - INFO - [Attacker] Label flip: 0 samples class 1 \u2192 class 0
[2026-06-20 08:08:58,932] 39 root - INFO - [Attacker] Label flip: 0 samples class 1 \u2192 class 0
[2026-06-20 08:08:58,943] 39 root - INFO - [Attacker] Label flip: 0 samples class 1 \u2192 class 0
[2026-06-20 08:08:58,954] 39 root - INFO - [Attacker] Label flip: 0 samples class 1 \u2192 class 0
[2026-06-20 08:08:58,956] 39 root - INFO - [Attacker] Label flip: 0 samples class 1 \u2192 class 0
[2026-06-20 08:08:58,964] 39 root - INFO - [Attacker] Label flip: 2 samples class 1 \u2192 class 0
[2026-06-20 08:08:58,975] 39 root - INFO - [Attacker] Label flip: 0 samples class 1 \u2192 class 0
[2026-06-20 08:08:58,982] 39 root - INFO - [Attacker] Label flip: 0 samples class 1 \u2192 class 0
[2026-06-20 08:08:58,984] 39 root - INFO - [Attacker] Label flip: 0 samples class 1 \u2192 class 0
[2026-06-20 08:08:58,992] 39 root - INFO - [Attacker] Label flip: 0 samples class 1 \u2192 class 0
[2026-06-20 08:08:58,999] 39 root - INFO - [Attacker] Label flip: 0 samples class 1 \u2192 class 0
[2026-06-20 08:08:59,002] 39 root - INFO - [Attacker] Label flip: 0 samples class 1 \u2192 class 0
[2026-06-20 08:08:59,011] 39 root - INFO - [Attacker] Label flip: 0 samples class 1 \u2192 class 0
[2026-06-20 08:08:59,021] 39 root - INFO - [Attacker] Label flip: 0 samples class 1 \u2192 class 0
[2026-06-20 08:08:59,025] 39 root - INFO - [Attacker] Label flip: 0 samples class 1 \u2192 class 0
[2026-06-20 08:08:59,030] 39 root - INFO - [Attacker] Label flip: 0 samples class 1 \u2192 class 0
[2026-06-20 08:08:59,041] 39 root - INFO - [Attacker] Label flip: 0 samples class 1 \u2192 class 0
[2026-06-20 08:08:59,049] 39 root - INFO - [Attacker] Label flip: 0 samples class 1 \u2192 class 0
[2026-06-20 08:08:59,050] 39 root - INFO - [Attacker] Label flip: 0 samples class 1 \u2192 class 0
[2026-06-20 08:08:59,057] 39 root - INFO - [Attacker] Label flip: 0 samples class 1 \u2192 class 0
[2026-06-20 08:08:59,063] 39 root - INFO - [Attacker] Label flip: 0 samples class 1 \u2192 class 0
[2026-06-20 08:08:59,070] 39 root - INFO - [Attacker] Label flip: 0 samples class 1 \u2192 class 0
[2026-06-20 08:08:59,079] 39 root - INFO - [Attacker] Label flip: 0 samples class 1 \u2192 class 0
[2026-06-20 08:08:59,088] 39 root - INFO - [Attacker] Label flip: 0 samples class 1 \u2192 class 0
[2026-06-20 08:08:59,090] 39 root - INFO - [Attacker] Label flip: 0 samples class 1 \u2192 class 0
[2026-06-20 08:08:59,096] 39 root - INFO - [Attacker] Label flip: 0 samples class 1 \u2192 class 0
[2026-06-20 08:08:59,113] 39 root - INFO - [Attacker] Label flip: 0 samples class 1 \u2192 class 0
[2026-06-20 08:08:59,117] 39 root - INFO - [Attacker] Label flip: 0 samples class 1 \u2192 class 0
[2026-06-20 08:08:59,121] 39 root - INFO - [Attacker] Label flip: 0 samples class 1 \u2192 class 0
[2026-06-20 08:08:59,130] 39 root - INFO - [Attacker] Label flip: 0 samples class 1 \u2192 class 0
[2026-06-20 08:08:59,131] 39 root - INFO - [Attacker] Label flip: 0 samples class 1 \u2192 class 0
[2026-06-20 08:08:59,139] 39 root - INFO - [Attacker] Label flip: 0 samples class 1 \u2192 class 0
[2026-06-20 08:08:59,148] 39 root - INFO - [Attacker] Label flip: 0 samples class 1 \u2192 class 0
[2026-06-20 08:08:59,152] 39 root - INFO - [Attacker] Label flip: 0 samples class 1 \u2192 class 0
[2026-06-20 08:08:59,156] 39 root - INFO - [Attacker] Label flip: 0 samples class 1 \u2192 class 0
[2026-06-20 08:08:59,166] 39 root - INFO - [Attacker] Label flip: 0 samples class 1 \u2192 class 0
[2026-06-20 08:08:59,173] 39 root - INFO - [Attacker] Label flip: 0 samples class 1 \u2192 class 0
[2026-06-20 08:08:59,176] 39 root - INFO - [Attacker] Label flip: 0 samples class 1 \u2192 class 0
[2026-06-20 08:08:59,185] 39 root - INFO - [Attacker] Label flip: 0 samples class 1 \u2192 class 0
[2026-06-20 08:08:59,190] 39 root - INFO - [Attacker] Label flip: 0 samples class 1 \u2192 class 0
[2026-06-20 08:08:59,193] 39 root - INFO - [Attacker] Label flip: 0 samples class 1 \u2192 class 0
[2026-06-20 08:08:59,204] 39 root - INFO - [Attacker] Label flip: 0 samples class 1 \u2192 class 0
[2026-06-20 08:08:59,213] 39 root - INFO - [Attacker] Label flip: 0 samples class 1 \u2192 class 0
[2026-06-20 08:08:59,221] 39 root - INFO - [Attacker] Label flip: 0 samples class 1 \u2192 class 0
[2026-06-20 08:08:59,225] 39 root - INFO - [Attacker] Label flip: 0 samples class 1 \u2192 class 0
[2026-06-20 08:08:59,235] 39 root - INFO - [Attacker] Label flip: 0 samples class 1 \u2192 class 0
[2026-06-20 08:08:59,244] 39 root - INFO - [Attacker] Label flip: 0 samples class 1 \u2192 class 0
[2026-06-20 08:08:59,252] 39 root - INFO - [Attacker] Label flip: 0 samples class 1 \u2192 class 0
[2026-06-20 08:08:59,256] 39 root - INFO - [Attacker] Label flip: 0 samples class 1 \u2192 class 0
[2026-06-20 08:08:59,266] 39 root - INFO - [Attacker] Label flip: 0 samples class 1 \u2192 class 0
[2026-06-20 08:08:59,276] 39 root - INFO - [Attacker] Label flip: 0 samples class 1 \u2192 class 0
[2026-06-20 08:08:59,283] 39 root - INFO - [Attacker] Label flip: 0 samples class 1 \u2192 class 0
[2026-06-20 08:08:59,285] 39 root - INFO - [Attacker] Label flip: 0 samples class 1 \u2192 class 0
[2026-06-20 08:08:59,293] 39 root - INFO - [Attacker] Label flip: 0 samples class 1 \u2192 class 0
[2026-06-20 08:08:59,304] 39 root - INFO - [Attacker] Label flip: 0 samples class 1 \u2192 class 0
[2026-06-20 08:08:59,313] 39 root - INFO - [Attacker] Label flip: 0 samples class 1 \u2192 class 0
[2026-06-20 08:08:59,313] 39 root - INFO - [Attacker] Label flip: 0 samples class 1 \u2192 class 0
[2026-06-20 08:08:59,322] 39 root - INFO - [Attacker] Label flip: 0 samples class 1 \u2192 class 0
[2026-06-20 08:08:59,330] 39 root - INFO - [Attacker] Label flip: 0 samples class 1 \u2192 class 0
[2026-06-20 08:08:59,343] 39 root - INFO - [Attacker] Label flip: 0 samples class 1 \u2192 class 0
[2026-06-20 08:08:59,346] 39 root - INFO - [Attacker] Label flip: 0 samples class 1 \u2192 class 0
[2026-06-20 08:08:59,353] 39 root - INFO - [Attacker] Label flip: 1 samples class 1 \u2192 class 0
[2026-06-20 08:08:59,362] 39 root - INFO - [Attacker] Label flip: 0 samples class 1 \u2192 class 0
[2026-06-20 08:08:59,377] 39 root - INFO - [Attacker] Label flip: 0 samples class 1 \u2192 class 0
[2026-06-20 08:08:59,381] 39 root - INFO - [Attacker] Label flip: 0 samples class 1 \u2192 class 0
[2026-06-20 08:08:59,388] 39 root - INFO - [Attacker] Label flip: 0 samples class 1 \u2192 class 0
[2026-06-20 08:08:59,395] 39 root - INFO - [Attacker] Label flip: 0 samples class 1 \u2192 class 0
[2026-06-20 08:08:59,404] 39 root - INFO - [Attacker] Label flip: 0 samples class 1 \u2192 class 0
[2026-06-20 08:08:59,414] 39 root - INFO - [Attacker] Label flip: 0 samples class 1 \u2192 class 0
[2026-06-20 08:08:59,415] 39 root - INFO - [Attacker] Label flip: 0 samples class 1 \u2192 class 0
[2026-06-20 08:08:59,423] 39 root - INFO - [Attacker] Label flip: 0 samples class 1 \u2192 class 0
[2026-06-20 08:08:59,433] 39 root - INFO - [Attacker] Label flip: 0 samples class 1 \u2192 class 0
[2026-06-20 08:08:59,445] 39 root - INFO - [Attacker] Label flip: 0 samples class 1 \u2192 class 0
[2026-06-20 08:08:59,446] 39 root - INFO - [Attacker] Label flip: 0 samples class 1 \u2192 class 0
[2026-06-20 08:08:59,458] 39 root - INFO - [Attacker] Label flip: 0 samples class 1 \u2192 class 0
[2026-06-20 08:08:59,470] 39 root - INFO - [Attacker] Label flip: 0 samples class 1 \u2192 class 0
[2026-06-20 08:08:59,476] 39 root - INFO - [Attacker] Label flip: 0 samples class 1 \u2192 class 0
[2026-06-20 08:08:59,481] 39 root - INFO - [Attacker] Label flip: 0 samples class 1 \u2192 class 0
[2026-06-20 08:08:59,489] 39 root - INFO - [Attacker] Label flip: 0 samples class 1 \u2192 class 0
[2026-06-20 08:08:59,499] 39 root - INFO - [Attacker] Label flip: 0 samples class 1 \u2192 class 0
[2026-06-20 08:08:59,508] 39 root - INFO - [Attacker] Label flip: 0 samples class 1 \u2192 class 0
[2026-06-20 08:08:59,518] 39 root - INFO - [Attacker] Label flip: 1 samples class 1 \u2192 class 0
[2026-06-20 08:08:59,520] 39 root - INFO - [Attacker] Label flip: 0 samples class 1 \u2192 class 0
[2026-06-20 08:08:59,527] 39 root - INFO - [Attacker] Label flip: 0 samples class 1 \u2192 class 0
[2026-06-20 08:08:59,536] 39 root - INFO - [Attacker] Label flip: 0 samples class 1 \u2192 class 0
[2026-06-20 08:08:59,544] 39 root - INFO - [Attacker] Label flip: 0 samples class 1 \u2192 class 0
[2026-06-20 08:08:59,553] 39 root - INFO - [Attacker] Label flip: 0 samples class 1 \u2192 class 0
[2026-06-20 08:08:59,563] 39 root - INFO - [Attacker] Label flip: 0 samples class 1 \u2192 class 0
[2026-06-20 08:08:59,565] 39 root - INFO - [Attacker] Label flip: 0 samples class 1 \u2192 class 0
[2026-06-20 08:08:59,576] 39 root - INFO - [Attacker] Label flip: 0 samples class 1 \u2192 class 0
[2026-06-20 08:08:59,585] 39 root - INFO - [Attacker] Label flip: 0 samples class 1 \u2192 class 0
[2026-06-20 08:08:59,595] 39 root - INFO - [Attacker] Label flip: 0 samples class 1 \u2192 class 0
[2026-06-20 08:08:59,612] 39 root - INFO - [Attacker] Label flip: 0 samples class 1 \u2192 class 0
[2026-06-20 08:08:59,621] 39 root - INFO - [Attacker] Label flip: 0 samples class 1 \u2192 class 0
[2026-06-20 08:08:59,622] 39 root - INFO - [Attacker] Label flip: 0 samples class 1 \u2192 class 0
[2026-06-20 08:08:59,630] 39 root - INFO - [Attacker] Label flip: 0 samples class 1 \u2192 class 0
[2026-06-20 08:08:59,657] 39 root - INFO - [Attacker] Label flip: 0 samples class 1 \u2192 class 0
[2026-06-20 08:08:59,667] 39 root - INFO - [Attacker] Label flip: 0 samples class 1 \u2192 class 0
[2026-06-20 08:08:59,675] 39 root - INFO - [Attacker] Label flip: 0 samples class 1 \u2192 class 0
[2026-06-20 08:08:59,681] 39 root - INFO - [Attacker] Label flip: 0 samples class 1 \u2192 class 0
[2026-06-20 08:08:59,684] 39 root - INFO - [Attacker] Label flip: 0 samples class 1 \u2192 class 0
[2026-06-20 08:08:59,693] 39 root - INFO - [Attacker] Label flip: 0 samples class 1 \u2192 class 0
[2026-06-20 08:08:59,704] 39 root - INFO - [Attacker] Label flip: 0 samples class 1 \u2192 class 0
[2026-06-20 08:08:59,712] 39 root - INFO - [Attacker] Label flip: 0 samples class 1 \u2192 class 0
[2026-06-20 08:08:59,721] 39 root - INFO - [Attacker] Label flip: 1 samples class 1 \u2192 class 0
[2026-06-20 08:08:59,724] 39 root - INFO - [Attacker] Label flip: 0 samples class 1 \u2192 class 0
[2026-06-20 08:08:59,730] 39 root - INFO - [Attacker] Label flip: 0 samples class 1 \u2192 class 0
[2026-06-20 08:08:59,741] 39 root - INFO - [Attacker] Label flip: 0 samples class 1 \u2192 class 0
[2026-06-20 08:08:59,749] 39 root - INFO - [Attacker] Label flip: 0 samples class 1 \u2192 class 0
[2026-06-20 08:08:59,757] 39 root - INFO - [Attacker] Label flip: 0 samples class 1 \u2192 class 0
[2026-06-20 08:08:59,758] 39 root - INFO - [Attacker] Label flip: 0 samples class 1 \u2192 class 0
[2026-06-20 08:08:59,766] 39 root - INFO - [Attacker] Label flip: 0 samples class 1 \u2192 class 0
[2026-06-20 08:08:59,776] 39 root - INFO - [Attacker] Label flip: 0 samples class 1 \u2192 class 0
[2026-06-20 08:08:59,781] 39 root - INFO - [Attacker] Label flip: 0 samples class 1 \u2192 class 0
[2026-06-20 08:08:59,785] 39 root - INFO - [Attacker] Label flip: 0 samples class 1 \u2192 class 0
[2026-06-20 08:08:59,795] 39 root - INFO - [Attacker] Label flip: 0 samples class 1 \u2192 class 0
[2026-06-20 08:08:59,796] 39 root - INFO - [Attacker] Label flip: 0 samples class 1 \u2192 class 0
[2026-06-20 08:08:59,806] 39 root - INFO - [Attacker] Label flip: 0 samples class 1 \u2192 class 0
[2026-06-20 08:08:59,815] 39 root - INFO - [Attacker] Label flip: 0 samples class 1 \u2192 class 0
[2026-06-20 08:08:59,823] 39 root - INFO - [Attacker] Label flip: 0 samples class 1 \u2192 class 0
[2026-06-20 08:08:59,833] 39 root - INFO - [Attacker] Label flip: 0 samples class 1 \u2192 class 0
[2026-06-20 08:08:59,843] 39 root - INFO - [Attacker] Label flip: 0 samples class 1 \u2192 class 0
[2026-06-20 08:08:59,846] 39 root - INFO - [Attacker] Label flip: 0 samples class 1 \u2192 class 0
[2026-06-20 08:08:59,855] 39 root - INFO - [Attacker] Label flip: 0 samples class 1 \u2192 class 0
[2026-06-20 08:08:59,864] 39 root - INFO - [Attacker] Label flip: 0 samples class 1 \u2192 class 0
[2026-06-20 08:08:59,869] 39 root - INFO - [Attacker] Label flip: 0 samples class 1 \u2192 class 0
[2026-06-20 08:08:59,874] 39 root - INFO - [Attacker] Label flip: 0 samples class 1 \u2192 class 0
[2026-06-20 08:08:59,883] 39 root - INFO - [Attacker] Label flip: 1 samples class 1 \u2192 class 0
[2026-06-20 08:08:59,892] 39 root - INFO - [Attacker] Label flip: 0 samples class 1 \u2192 class 0
[2026-06-20 08:08:59,904] 39 root - INFO - [Attacker] Label flip: 0 samples class 1 \u2192 class 0
[2026-06-20 08:08:59,909] 39 root - INFO - [Attacker] Label flip: 0 samples class 1 \u2192 class 0
[2026-06-20 08:08:59,913] 39 root - INFO - [Attacker] Label flip: 0 samples class 1 \u2192 class 0
[2026-06-20 08:08:59,923] 39 root - INFO - [Attacker] Label flip: 0 samples class 1 \u2192 class 0
[2026-06-20 08:08:59,932] 39 root - INFO - [Attacker] Label flip: 1 samples class 1 \u2192 class 0
[2026-06-20 08:08:59,944] 39 root - INFO - [Attacker] Label flip: 0 samples class 1 \u2192 class 0
[2026-06-20 08:08:59,951] 39 root - INFO - [Attacker] Label flip: 0 samples class 1 \u2192 class 0
[2026-06-20 08:08:59,953] 39 root - INFO - [Attacker] Label flip: 0 samples class 1 \u2192 class 0
[2026-06-20 08:08:59,962] 39 root - INFO - [Attacker] Label flip: 0 samples class 1 \u2192 class 0
[2026-06-20 08:08:59,972] 39 root - INFO - [Attacker] Label flip: 0 samples class 1 \u2192 class 0
[2026-06-20 08:08:59,992] 39 root - INFO - [Attacker] Label flip: 0 samples class 1 \u2192 class 0
[2026-06-20 08:09:00,021] 268 flwr - WARNING - DEPRECATED FEATURE: `client_fn` now expects a signature `def client_fn(context: Context)`.The provided `client_fn` has signature: {'cid': <Parameter "cid: str">}. You can import the `Context` like this: `from flwr.common import Context`

            This is a deprecated feature. It will be removed
            entirely in future versions of Flower.
        
[2026-06-20 08:09:00,031] 39 root - INFO - [Attacker] Label flip: 0 samples class 1 \u2192 class 0
[2026-06-20 08:09:00,058] 39 root - INFO - [Attacker] Label flip: 0 samples class 1 \u2192 class 0
[2026-06-20 08:09:00,082] 39 root - INFO - [Attacker] Label flip: 0 samples class 1 \u2192 class 0
[2026-06-20 08:09:00,098] 39 root - INFO - [Attacker] Label flip: 0 samples class 1 \u2192 class 0
[2026-06-20 08:09:00,125] 39 root - INFO - [Attacker] Label flip: 0 samples class 1 \u2192 class 0
[2026-06-20 08:09:00,143] 39 root - INFO - [Attacker] Label flip: 0 samples class 1 \u2192 class 0
[2026-06-20 08:09:00,162] 39 root - INFO - [Attacker] Label flip: 0 samples class 1 \u2192 class 0
[2026-06-20 08:09:00,184] 39 root - INFO - [Attacker] Label flip: 0 samples class 1 \u2192 class 0
[2026-06-20 08:09:00,210] 39 root - INFO - [Attacker] Label flip: 0 samples class 1 \u2192 class 0
[2026-06-20 08:09:00,228] 39 root - INFO - [Attacker] Label flip: 0 samples class 1 \u2192 class 0
[2026-06-20 08:09:00,245] 39 root - INFO - [Attacker] Label flip: 0 samples class 1 \u2192 class 0
[2026-06-20 08:09:00,259] 39 root - INFO - [Attacker] Label flip: 0 samples class 1 \u2192 class 0
[2026-06-20 08:09:00,281] 39 root - INFO - [Attacker] Label flip: 0 samples class 1 \u2192 class 0
[2026-06-20 08:09:00,293] 39 root - INFO - [Attacker] Label flip: 0 samples class 1 \u2192 class 0
[2026-06-20 08:09:00,319] 39 root - INFO - [Attacker] Label flip: 0 samples class 1 \u2192 class 0
[2026-06-20 08:09:00,334] 39 root - INFO - [Attacker] Label flip: 0 samples class 1 \u2192 class 0
[2026-06-20 08:09:00,352] 39 root - INFO - [Attacker] Label flip: 0 samples class 1 \u2192 class 0
[2026-06-20 08:09:00,365] 39 root - INFO - [Attacker] Label flip: 0 samples class 1 \u2192 class 0
[2026-06-20 08:09:00,385] 39 root - INFO - [Attacker] Label flip: 0 samples class 1 \u2192 class 0
[2026-06-20 08:09:00,396] 39 root - INFO - [Attacker] Label flip: 0 samples class 1 \u2192 class 0
[2026-06-20 08:09:00,414] 39 root - INFO - [Attacker] Label flip: 0 samples class 1 \u2192 class 0
[2026-06-20 08:09:00,425] 39 root - INFO - [Attacker] Label flip: 0 samples class 1 \u2192 class 0
[2026-06-20 08:09:00,442] 39 root - INFO - [Attacker] Label flip: 0 samples class 1 \u2192 class 0
[2026-06-20 08:09:00,458] 39 root - INFO - [Attacker] Label flip: 0 samples class 1 \u2192 class 0
[2026-06-20 08:09:00,475] 39 root - INFO - [Attacker] Label flip: 0 samples class 1 \u2192 class 0
[2026-06-20 08:09:00,493] 39 root - INFO - [Attacker] Label flip: 0 samples class 1 \u2192 class 0
[2026-06-20 08:09:00,516] 39 root - INFO - [Attacker] Label flip: 0 samples class 1 \u2192 class 0
[2026-06-20 08:09:00,530] 39 root - INFO - [Attacker] Label flip: 0 samples class 1 \u2192 class 0
[2026-06-20 08:09:00,552] 39 root - INFO - [Attacker] Label flip: 0 samples class 1 \u2192 class 0
[2026-06-20 08:09:00,566] 39 root - INFO - [Attacker] Label flip: 0 samples class 1 \u2192 class 0
[2026-06-20 08:09:00,583] 39 root - INFO - [Attacker] Label flip: 0 samples class 1 \u2192 class 0
[2026-06-20 08:09:00,598] 39 root - INFO - [Attacker] Label flip: 0 samples class 1 \u2192 class 0
[2026-06-20 08:09:00,624] 39 root - INFO - [Attacker] Label flip: 0 samples class 1 \u2192 class 0
[2026-06-20 08:09:00,641] 39 root - INFO - [Attacker] Label flip: 0 samples class 1 \u2192 class 0
[2026-06-20 08:09:00,658] 39 root - INFO - [Attacker] Label flip: 0 samples class 1 \u2192 class 0
[2026-06-20 08:09:00,682] 39 root - INFO - [Attacker] Label flip: 0 samples class 1 \u2192 class 0
[2026-06-20 08:09:00,696] 39 root - INFO - [Attacker] Label flip: 0 samples class 1 \u2192 class 0
[2026-06-20 08:09:00,724] 39 root - INFO - [Attacker] Label flip: 0 samples class 1 \u2192 class 0
[2026-06-20 08:09:00,738] 39 root - INFO - [Attacker] Label flip: 0 samples class 1 \u2192 class 0
[2026-06-20 08:09:00,754] 39 root - INFO - [Attacker] Label flip: 0 samples class 1 \u2192 class 0
[2026-06-20 08:09:00,777] 39 root - INFO - [Attacker] Label flip: 0 samples class 1 \u2192 class 0
[2026-06-20 08:09:00,797] 39 root - INFO - [Attacker] Label flip: 0 samples class 1 \u2192 class 0
[2026-06-20 08:09:00,814] 39 root - INFO - [Attacker] Label flip: 0 samples class 1 \u2192 class 0
[2026-06-20 08:09:00,832] 39 root - INFO - [Attacker] Label flip: 0 samples class 1 \u2192 class 0
[2026-06-20 08:09:00,858] 39 root - INFO - [Attacker] Label flip: 0 samples class 1 \u2192 class 0
[2026-06-20 08:09:00,893] 39 root - INFO - [Attacker] Label flip: 0 samples class 1 \u2192 class 0
[2026-06-20 08:09:00,920] 39 root - INFO - [Attacker] Label flip: 0 samples class 1 \u2192 class 0
[2026-06-20 08:09:00,951] 39 root - INFO - [Attacker] Label flip: 0 samples class 1 \u2192 class 0
[2026-06-20 08:09:00,970] 39 root - INFO - [Attacker] Label flip: 0 samples class 1 \u2192 class 0
[2026-06-20 08:09:00,989] 39 root - INFO - [Attacker] Label flip: 0 samples class 1 \u2192 class 0
[2026-06-20 08:09:01,012] 39 root - INFO - [Attacker] Label flip: 0 samples class 1 \u2192 class 0
[2026-06-20 08:09:01,025] 39 root - INFO - [Attacker] Label flip: 0 samples class 1 \u2192 class 0
[2026-06-20 08:09:01,060] 39 root - INFO - [Attacker] Label flip: 0 samples class 1 \u2192 class 0
[2026-06-20 08:09:01,091] 39 root - INFO - [Attacker] Label flip: 0 samples class 1 \u2192 class 0
[2026-06-20 08:09:01,113] 39 root - INFO - [Attacker] Label flip: 0 samples class 1 \u2192 class 0
[2026-06-20 08:09:01,129] 39 root - INFO - [Attacker] Label flip: 0 samples class 1 \u2192 class 0
[2026-06-20 08:09:01,154] 39 root - INFO - [Attacker] Label flip: 0 samples class 1 \u2192 class 0
[2026-06-20 08:09:01,177] 39 root - INFO - [Attacker] Label flip: 0 samples class 1 \u2192 class 0
[2026-06-20 08:09:01,191] 39 root - INFO - [Attacker] Label flip: 0 samples class 1 \u2192 class 0
[2026-06-20 08:09:01,208] 39 root - INFO - [Attacker] Label flip: 0 samples class 1 \u2192 class 0
[2026-06-20 08:09:01,251] 39 root - INFO - [Attacker] Label flip: 0 samples class 1 \u2192 class 0
[2026-06-20 08:09:01,292] 39 root - INFO - [Attacker] Label flip: 0 samples class 1 \u2192 class 0
[2026-06-20 08:09:01,335] 39 root - INFO - [Attacker] Label flip: 0 samples class 1 \u2192 class 0
[2026-06-20 08:09:01,376] 39 root - INFO - [Attacker] Label flip: 0 samples class 1 \u2192 class 0
[2026-06-20 08:09:01,420] 268 flwr - WARNING - DEPRECATED FEATURE: `client_fn` now expects a signature `def client_fn(context: Context)`.The provided `client_fn` has signature: {'cid': <Parameter "cid: str">}. You can import the `Context` like this: `from flwr.common import Context`

            This is a deprecated feature. It will be removed
            entirely in future versions of Flower.
        
[2026-06-20 08:09:01,440] 39 root - INFO - [Attacker] Label flip: 0 samples class 1 \u2192 class 0
[2026-06-20 08:09:01,463] 39 root - INFO - [Attacker] Label flip: 0 samples class 1 \u2192 class 0
[2026-06-20 08:09:01,489] 39 root - INFO - [Attacker] Label flip: 0 samples class 1 \u2192 class 0
[2026-06-20 08:09:01,525] 39 root - INFO - [Attacker] Label flip: 0 samples class 1 \u2192 class 0
[2026-06-20 08:09:01,562] 39 root - INFO - [Attacker] Label flip: 0 samples class 1 \u2192 class 0
[2026-06-20 08:09:01,583] 39 root - INFO - [Attacker] Label flip: 0 samples class 1 \u2192 class 0
[2026-06-20 08:09:01,615] 39 root - INFO - [Attacker] Label flip: 0 samples class 1 \u2192 class 0
[2026-06-20 08:09:01,642] 39 root - INFO - [Attacker] Label flip: 0 samples class 1 \u2192 class 0
[2026-06-20 08:09:01,663] 39 root - INFO - [Attacker] Label flip: 0 samples class 1 \u2192 class 0
[2026-06-20 08:09:01,686] 39 root - INFO - [Attacker] Label flip: 0 samples class 1 \u2192 class 0
[2026-06-20 08:09:01,712] 39 root - INFO - [Attacker] Label flip: 0 samples class 1 \u2192 class 0
[2026-06-20 08:09:01,732] 39 root - INFO - [Attacker] Label flip: 0 samples class 1 \u2192 class 0
[2026-06-20 08:09:01,758] 39 root - INFO - [Attacker] Label flip: 0 samples class 1 \u2192 class 0
[2026-06-20 08:09:01,798] 39 root - INFO - [Attacker] Label flip: 0 samples class 1 \u2192 class 0
[2026-06-20 08:09:01,815] 39 root - INFO - [Attacker] Label flip: 0 samples class 1 \u2192 class 0
[2026-06-20 08:09:01,830] 39 root - INFO - [Attacker] Label flip: 0 samples class 1 \u2192 class 0
[2026-06-20 08:09:01,849] 39 root - INFO - [Attacker] Label flip: 0 samples class 1 \u2192 class 0
[2026-06-20 08:09:01,881] 39 root - INFO - [Attacker] Label flip: 0 samples class 1 \u2192 class 0
[2026-06-20 08:09:01,900] 39 root - INFO - [Attacker] Label flip: 0 samples class 1 \u2192 class 0
[2026-06-20 08:09:01,931] 39 root - INFO - [Attacker] Label flip: 0 samples class 1 \u2192 class 0
[2026-06-20 08:09:01,957] 39 root - INFO - [Attacker] Label flip: 0 samples class 1 \u2192 class 0
[2026-06-20 08:09:01,975] 39 root - INFO - [Attacker] Label flip: 0 samples class 1 \u2192 class 0
[2026-06-20 08:09:02,003] 39 root - INFO - [Attacker] Label flip: 0 samples class 1 \u2192 class 0
[2026-06-20 08:09:02,048] 39 root - INFO - [Attacker] Label flip: 0 samples class 1 \u2192 class 0
[2026-06-20 08:09:02,081] 39 root - INFO - [Attacker] Label flip: 0 samples class 1 \u2192 class 0
[2026-06-20 08:09:02,101] 39 root - INFO - [Attacker] Label flip: 0 samples class 1 \u2192 class 0
[2026-06-20 08:09:02,130] 39 root - INFO - [Attacker] Label flip: 0 samples class 1 \u2192 class 0
[2026-06-20 08:09:02,161] 39 root - INFO - [Attacker] Label flip: 0 samples class 1 \u2192 class 0
[2026-06-20 08:09:02,195] 39 root - INFO - [Attacker] Label flip: 0 samples class 1 \u2192 class 0
[2026-06-20 08:09:02,225] 39 root - INFO - [Attacker] Label flip: 0 samples class 1 \u2192 class 0
[2026-06-20 08:09:02,255] 39 root - INFO - [Attacker] Label flip: 0 samples class 1 \u2192 class 0
[2026-06-20 08:09:02,288] 39 root - INFO - [Attacker] Label flip: 0 samples class 1 \u2192 class 0
[2026-06-20 08:09:02,324] 39 root - INFO - [Attacker] Label flip: 0 samples class 1 \u2192 class 0
[2026-06-20 08:09:02,359] 39 root - INFO - [Attacker] Label flip: 0 samples class 1 \u2192 class 0
[2026-06-20 08:09:02,391] 39 root - INFO - [Attacker] Label flip: 0 samples class 1 \u2192 class 0
[2026-06-20 08:09:02,426] 268 flwr - WARNING - DEPRECATED FEATURE: `client_fn` now expects a signature `def client_fn(context: Context)`.The provided `client_fn` has signature: {'cid': <Parameter "cid: str">}. You can import the `Context` like this: `from flwr.common import Context`

            This is a deprecated feature. It will be removed
            entirely in future versions of Flower.
        
[2026-06-20 08:09:02,431] 39 root - INFO - [Attacker] Label flip: 0 samples class 1 \u2192 class 0
[2026-06-20 08:09:02,458] 39 root - INFO - [Attacker] Label flip: 0 samples class 1 \u2192 class 0
[2026-06-20 08:09:02,491] 39 root - INFO - [Attacker] Label flip: 0 samples class 1 \u2192 class 0
[2026-06-20 08:09:02,514] 39 root - INFO - [Attacker] Label flip: 0 samples class 1 \u2192 class 0
[2026-06-20 08:09:02,526] 39 root - INFO - [Attacker] Label flip: 0 samples class 1 \u2192 class 0
[2026-06-20 08:09:02,538] 39 root - INFO - [Attacker] Label flip: 0 samples class 1 \u2192 class 0
[2026-06-20 08:09:02,564] 39 root - INFO - [Attacker] Label flip: 0 samples class 1 \u2192 class 0
[2026-06-20 08:09:02,594] 39 root - INFO - [Attacker] Label flip: 0 samples class 1 \u2192 class 0
[2026-06-20 08:09:02,630] 39 root - INFO - [Attacker] Label flip: 0 samples class 1 \u2192 class 0
[2026-06-20 08:09:02,673] 39 root - INFO - [Attacker] Label flip: 0 samples class 1 \u2192 class 0
[2026-06-20 08:09:02,695] 39 root - INFO - [Attacker] Label flip: 0 samples class 1 \u2192 class 0
[2026-06-20 08:09:02,710] 39 root - INFO - [Attacker] Label flip: 0 samples class 1 \u2192 class 0
[2026-06-20 08:09:02,726] 39 root - INFO - [Attacker] Label flip: 0 samples class 1 \u2192 class 0
[2026-06-20 08:09:02,737] 39 root - INFO - [Attacker] Label flip: 0 samples class 1 \u2192 class 0
[2026-06-20 08:09:02,754] 39 root - INFO - [Attacker] Label flip: 0 samples class 1 \u2192 class 0
[2026-06-20 08:09:02,764] 39 root - INFO - [Attacker] Label flip: 0 samples class 1 \u2192 class 0
[2026-06-20 08:09:02,786] 39 root - INFO - [Attacker] Label flip: 0 samples class 1 \u2192 class 0
[2026-06-20 08:09:02,801] 39 root - INFO - [Attacker] Label flip: 0 samples class 1 \u2192 class 0
[2026-06-20 08:09:02,818] 39 root - INFO - [Attacker] Label flip: 0 samples class 1 \u2192 class 0
[2026-06-20 08:09:02,837] 39 root - INFO - [Attacker] Label flip: 0 samples class 1 \u2192 class 0
[2026-06-20 08:09:02,868] 39 root - INFO - [Attacker] Label flip: 0 samples class 1 \u2192 class 0
[2026-06-20 08:09:02,880] 39 root - INFO - [Attacker] Label flip: 0 samples class 1 \u2192 class 0
[2026-06-20 08:09:02,890] 39 root - INFO - [Attacker] Label flip: 0 samples class 1 \u2192 class 0
[2026-06-20 08:09:02,903] 39 root - INFO - [Attacker] Label flip: 0 samples class 1 \u2192 class 0
[2026-06-20 08:09:02,917] 39 root - INFO - [Attacker] Label flip: 0 samples class 1 \u2192 class 0
[2026-06-20 08:09:02,931] 39 root - INFO - [Attacker] Label flip: 0 samples class 1 \u2192 class 0
[2026-06-20 08:09:02,950] 39 root - INFO - [Attacker] Label flip: 0 samples class 1 \u2192 class 0
[2026-06-20 08:09:02,966] 39 root - INFO - [Attacker] Label flip: 0 samples class 1 \u2192 class 0
[2026-06-20 08:09:02,991] 39 root - INFO - [Attacker] Label flip: 0 samples class 1 \u2192 class 0
[2026-06-20 08:09:03,085] 39 root - INFO - [Attacker] Label flip: 0 samples class 1 \u2192 class 0
[2026-06-20 08:09:03,277] 39 root - INFO - [Attacker] Label flip: 0 samples class 1 \u2192 class 0
[2026-06-20 08:09:03,354] 39 root - INFO - [Attacker] Label flip: 0 samples class 1 \u2192 class 0
[2026-06-20 08:09:03,413] 39 root - INFO - [Attacker] Label flip: 0 samples class 1 \u2192 class 0
[2026-06-20 08:09:03,527] 39 root - INFO - [Attacker] Label flip: 0 samples class 1 \u2192 class 0
[2026-06-20 08:09:03,590] 39 root - INFO - [Attacker] Label flip: 0 samples class 1 \u2192 class 0
[2026-06-20 08:09:03,599] 39 root - INFO - [Attacker] Label flip: 0 samples class 1 \u2192 class 0
[2026-06-20 08:09:03,619] 39 root - INFO - [Attacker] Label flip: 0 samples class 1 \u2192 class 0
[2026-06-20 08:09:03,631] 39 root - INFO - [Attacker] Label flip: 0 samples class 1 \u2192 class 0
[2026-06-20 08:09:03,648] 39 root - INFO - [Attacker] Label flip: 0 samples class 1 \u2192 class 0
[2026-06-20 08:09:03,660] 39 root - INFO - [Attacker] Label flip: 0 samples class 1 \u2192 class 0
[2026-06-20 08:09:03,678] 39 root - INFO - [Attacker] Label flip: 0 samples class 1 \u2192 class 0
[2026-06-20 08:09:03,692] 39 root - INFO - [Attacker] Label flip: 0 samples class 1 \u2192 class 0
[2026-06-20 08:09:03,703] 39 root - INFO - [Attacker] Label flip: 0 samples class 1 \u2192 class 0
[2026-06-20 08:09:03,715] 39 root - INFO - [Attacker] Label flip: 0 samples class 1 \u2192 class 0
[2026-06-20 08:09:03,726] 39 root - INFO - [Attacker] Label flip: 0 samples class 1 \u2192 class 0
[2026-06-20 08:09:03,743] 39 root - INFO - [Attacker] Label flip: 0 samples class 1 \u2192 class 0
[2026-06-20 08:09:03,754] 39 root - INFO - [Attacker] Label flip: 0 samples class 1 \u2192 class 0
[2026-06-20 08:09:03,766] 39 root - INFO - [Attacker] Label flip: 0 samples class 1 \u2192 class 0
[2026-06-20 08:09:03,784] 39 root - INFO - [Attacker] Label flip: 0 samples class 1 \u2192 class 0
[2026-06-20 08:09:03,793] 39 root - INFO - [Attacker] Label flip: 0 samples class 1 \u2192 class 0
[2026-06-20 08:09:03,800] 39 root - INFO - [Attacker] Label flip: 0 samples class 1 \u2192 class 0
[2026-06-20 08:09:03,820] 39 root - INFO - [Attacker] Label flip: 0 samples class 1 \u2192 class 0
[2026-06-20 08:09:03,827] 39 root - INFO - [Attacker] Label flip: 0 samples class 1 \u2192 class 0
[2026-06-20 08:09:03,836] 39 root - INFO - [Attacker] Label flip: 0 samples class 1 \u2192 class 0
[2026-06-20 08:09:03,848] 39 root - INFO - [Attacker] Label flip: 0 samples class 1 \u2192 class 0
[2026-06-20 08:09:03,855] 39 root - INFO - [Attacker] Label flip: 0 samples class 1 \u2192 class 0
[2026-06-20 08:09:03,863] 39 root - INFO - [Attacker] Label flip: 0 samples class 1 \u2192 class 0
[2026-06-20 08:09:03,877] 39 root - INFO - [Attacker] Label flip: 0 samples class 1 \u2192 class 0
[2026-06-20 08:09:03,886] 39 root - INFO - [Attacker] Label flip: 0 samples class 1 \u2192 class 0
[2026-06-20 08:09:03,893] 39 root - INFO - [Attacker] Label flip: 0 samples class 1 \u2192 class 0
[2026-06-20 08:09:03,910] 39 root - INFO - [Attacker] Label flip: 0 samples class 1 \u2192 class 0
[2026-06-20 08:09:03,918] 39 root - INFO - [Attacker] Label flip: 0 samples class 1 \u2192 class 0
[2026-06-20 08:09:03,926] 39 root - INFO - [Attacker] Label flip: 0 samples class 1 \u2192 class 0
[2026-06-20 08:09:03,934] 39 root - INFO - [Attacker] Label flip: 0 samples class 1 \u2192 class 0
[2026-06-20 08:09:03,948] 39 root - INFO - [Attacker] Label flip: 0 samples class 1 \u2192 class 0
[2026-06-20 08:09:03,957] 39 root - INFO - [Attacker] Label flip: 0 samples class 1 \u2192 class 0
[2026-06-20 08:09:03,965] 39 root - INFO - [Attacker] Label flip: 0 samples class 1 \u2192 class 0
[2026-06-20 08:09:03,979] 39 root - INFO - [Attacker] Label flip: 0 samples class 1 \u2192 class 0
[2026-06-20 08:09:03,986] 39 root - INFO - [Attacker] Label flip: 0 samples class 1 \u2192 class 0
[2026-06-20 08:09:03,994] 39 root - INFO - [Attacker] Label flip: 0 samples class 1 \u2192 class 0
[2026-06-20 08:09:04,009] 39 root - INFO - [Attacker] Label flip: 0 samples class 1 \u2192 class 0
[2026-06-20 08:09:04,018] 39 root - INFO - [Attacker] Label flip: 0 samples class 1 \u2192 class 0
[2026-06-20 08:09:04,026] 39 root - INFO - [Attacker] Label flip: 0 samples class 1 \u2192 class 0
[2026-06-20 08:09:04,042] 39 root - INFO - [Attacker] Label flip: 0 samples class 1 \u2192 class 0
[2026-06-20 08:09:04,050] 39 root - INFO - [Attacker] Label flip: 0 samples class 1 \u2192 class 0
[2026-06-20 08:09:04,059] 39 root - INFO - [Attacker] Label flip: 0 samples class 1 \u2192 class 0
[2026-06-20 08:09:04,066] 39 root - INFO - [Attacker] Label flip: 0 samples class 1 \u2192 class 0
[2026-06-20 08:09:04,087] 39 root - INFO - [Attacker] Label flip: 0 samples class 1 \u2192 class 0
[2026-06-20 08:09:04,094] 39 root - INFO - [Attacker] Label flip: 0 samples class 1 \u2192 class 0
[2026-06-20 08:09:04,104] 39 root - INFO - [Attacker] Label flip: 0 samples class 1 \u2192 class 0
[2026-06-20 08:09:04,114] 39 root - INFO - [Attacker] Label flip: 0 samples class 1 \u2192 class 0
[2026-06-20 08:09:04,122] 39 root - INFO - [Attacker] Label flip: 0 samples class 1 \u2192 class 0
[2026-06-20 08:09:04,130] 39 root - INFO - [Attacker] Label flip: 0 samples class 1 \u2192 class 0
[2026-06-20 08:09:04,144] 39 root - INFO - [Attacker] Label flip: 0 samples class 1 \u2192 class 0
[2026-06-20 08:09:04,153] 39 root - INFO - [Attacker] Label flip: 0 samples class 1 \u2192 class 0
[2026-06-20 08:09:04,160] 39 root - INFO - [Attacker] Label flip: 0 samples class 1 \u2192 class 0
[2026-06-20 08:09:04,176] 39 root - INFO - [Attacker] Label flip: 0 samples class 1 \u2192 class 0
[2026-06-20 08:09:04,183] 39 root - INFO - [Attacker] Label flip: 0 samples class 1 \u2192 class 0
[2026-06-20 08:09:04,198] 39 root - INFO - [Attacker] Label flip: 0 samples class 1 \u2192 class 0
[2026-06-20 08:09:04,211] 39 root - INFO - [Attacker] Label flip: 0 samples class 1 \u2192 class 0
[2026-06-20 08:09:04,219] 39 root - INFO - [Attacker] Label flip: 0 samples class 1 \u2192 class 0
[2026-06-20 08:09:04,227] 39 root - INFO - [Attacker] Label flip: 0 samples class 1 \u2192 class 0
[2026-06-20 08:09:04,239] 39 root - INFO - [Attacker] Label flip: 0 samples class 1 \u2192 class 0
[2026-06-20 08:09:04,249] 39 root - INFO - [Attacker] Label flip: 0 samples class 1 \u2192 class 0
[2026-06-20 08:09:04,256] 39 root - INFO - [Attacker] Label flip: 0 samples class 1 \u2192 class 0
[2026-06-20 08:09:04,266] 39 root - INFO - [Attacker] Label flip: 0 samples class 1 \u2192 class 0
[2026-06-20 08:09:04,280] 39 root - INFO - [Attacker] Label flip: 0 samples class 1 \u2192 class 0
[2026-06-20 08:09:04,289] 39 root - INFO - [Attacker] Label flip: 0 samples class 1 \u2192 class 0
[2026-06-20 08:09:04,297] 39 root - INFO - [Attacker] Label flip: 0 samples class 1 \u2192 class 0
[2026-06-20 08:09:04,312] 39 root - INFO - [Attacker] Label flip: 0 samples class 1 \u2192 class 0
[2026-06-20 08:09:04,321] 39 root - INFO - [Attacker] Label flip: 0 samples class 1 \u2192 class 0
[2026-06-20 08:09:04,329] 39 root - INFO - [Attacker] Label flip: 0 samples class 1 \u2192 class 0
[2026-06-20 08:09:04,346] 39 root - INFO - [Attacker] Label flip: 0 samples class 1 \u2192 class 0
[2026-06-20 08:09:04,354] 39 root - INFO - [Attacker] Label flip: 0 samples class 1 \u2192 class 0
[2026-06-20 08:09:04,363] 39 root - INFO - [Attacker] Label flip: 0 samples class 1 \u2192 class 0
[2026-06-20 08:09:04,374] 39 root - INFO - [Attacker] Label flip: 0 samples class 1 \u2192 class 0
[2026-06-20 08:09:04,384] 39 root - INFO - [Attacker] Label flip: 0 samples class 1 \u2192 class 0
[2026-06-20 08:09:04,391] 39 root - INFO - [Attacker] Label flip: 0 samples class 1 \u2192 class 0
[2026-06-20 08:09:04,399] 39 root - INFO - [Attacker] Label flip: 0 samples class 1 \u2192 class 0
[2026-06-20 08:09:04,414] 39 root - INFO - [Attacker] Label flip: 0 samples class 1 \u2192 class 0
[2026-06-20 08:09:04,428] 39 root - INFO - [Attacker] Label flip: 0 samples class 1 \u2192 class 0
[2026-06-20 08:09:04,446] 39 root - INFO - [Attacker] Label flip: 0 samples class 1 \u2192 class 0
[2026-06-20 08:09:04,457] 39 root - INFO - [Attacker] Label flip: 0 samples class 1 \u2192 class 0
[2026-06-20 08:09:04,467] 39 root - INFO - [Attacker] Label flip: 0 samples class 1 \u2192 class 0
[2026-06-20 08:09:04,481] 39 root - INFO - [Attacker] Label flip: 0 samples class 1 \u2192 class 0
[2026-06-20 08:09:04,489] 39 root - INFO - [Attacker] Label flip: 0 samples class 1 \u2192 class 0
[2026-06-20 08:09:04,497] 39 root - INFO - [Attacker] Label flip: 0 samples class 1 \u2192 class 0
[2026-06-20 08:09:04,510] 39 root - INFO - [Attacker] Label flip: 0 samples class 1 \u2192 class 0
[2026-06-20 08:09:04,519] 39 root - INFO - [Attacker] Label flip: 0 samples class 1 \u2192 class 0
[2026-06-20 08:09:04,526] 39 root - INFO - [Attacker] Label flip: 0 samples class 1 \u2192 class 0
[2026-06-20 08:09:04,540] 39 root - INFO - [Attacker] Label flip: 0 samples class 1 \u2192 class 0
[2026-06-20 08:09:04,550] 39 root - INFO - [Attacker] Label flip: 0 samples class 1 \u2192 class 0
[2026-06-20 08:09:04,557] 39 root - INFO - [Attacker] Label flip: 0 samples class 1 \u2192 class 0
[2026-06-20 08:09:04,565] 39 root - INFO - [Attacker] Label flip: 0 samples class 1 \u2192 class 0
[2026-06-20 08:09:04,584] 39 root - INFO - [Attacker] Label flip: 0 samples class 1 \u2192 class 0
[2026-06-20 08:09:04,594] 39 root - INFO - [Attacker] Label flip: 0 samples class 1 \u2192 class 0
[2026-06-20 08:09:04,619] 39 root - INFO - [Attacker] Label flip: 0 samples class 1 \u2192 class 0
[2026-06-20 08:09:04,630] 39 root - INFO - [Attacker] Label flip: 0 samples class 1 \u2192 class 0
[2026-06-20 08:09:04,641] 39 root - INFO - [Attacker] Label flip: 0 samples class 1 \u2192 class 0
[2026-06-20 08:09:04,650] 39 root - INFO - [Attacker] Label flip: 0 samples class 1 \u2192 class 0
[2026-06-20 08:09:04,658] 39 root - INFO - [Attacker] Label flip: 0 samples class 1 \u2192 class 0
[2026-06-20 08:09:04,666] 39 root - INFO - [Attacker] Label flip: 0 samples class 1 \u2192 class 0
[2026-06-20 08:09:04,681] 39 root - INFO - [Attacker] Label flip: 0 samples class 1 \u2192 class 0
[2026-06-20 08:09:04,689] 39 root - INFO - [Attacker] Label flip: 0 samples class 1 \u2192 class 0
[2026-06-20 08:09:04,697] 39 root - INFO - [Attacker] Label flip: 0 samples class 1 \u2192 class 0
[2026-06-20 08:09:04,713] 39 root - INFO - [Attacker] Label flip: 0 samples class 1 \u2192 class 0
[2026-06-20 08:09:04,721] 39 root - INFO - [Attacker] Label flip: 0 samples class 1 \u2192 class 0
[2026-06-20 08:09:04,729] 39 root - INFO - [Attacker] Label flip: 0 samples class 1 \u2192 class 0
[2026-06-20 08:09:04,743] 39 root - INFO - [Attacker] Label flip: 0 samples class 1 \u2192 class 0
[2026-06-20 08:09:04,751] 39 root - INFO - [Attacker] Label flip: 0 samples class 1 \u2192 class 0
[2026-06-20 08:09:04,760] 39 root - INFO - [Attacker] Label flip: 0 samples class 1 \u2192 class 0
[2026-06-20 08:09:04,767] 39 root - INFO - [Attacker] Label flip: 0 samples class 1 \u2192 class 0
[2026-06-20 08:09:04,780] 39 root - INFO - [Attacker] Label flip: 0 samples class 1 \u2192 class 0
[2026-06-20 08:09:04,788] 39 root - INFO - [Attacker] Label flip: 0 samples class 1 \u2192 class 0
[2026-06-20 08:09:04,796] 39 root - INFO - [Attacker] Label flip: 0 samples class 1 \u2192 class 0
[2026-06-20 08:09:04,813] 39 root - INFO - [Attacker] Label flip: 0 samples class 1 \u2192 class 0
[2026-06-20 08:09:04,821] 39 root - INFO - [Attacker] Label flip: 0 samples class 1 \u2192 class 0
[2026-06-20 08:09:04,828] 39 root - INFO - [Attacker] Label flip: 0 samples class 1 \u2192 class 0
[2026-06-20 08:09:04,839] 39 root - INFO - [Attacker] Label flip: 0 samples class 1 \u2192 class 0
[2026-06-20 08:09:04,849] 39 root - INFO - [Attacker] Label flip: 0 samples class 1 \u2192 class 0
[2026-06-20 08:09:04,857] 39 root - INFO - [Attacker] Label flip: 0 samples class 1 \u2192 class 0
[2026-06-20 08:09:04,866] 39 root - INFO - [Attacker] Label flip: 0 samples class 1 \u2192 class 0
[2026-06-20 08:09:04,881] 39 root - INFO - [Attacker] Label flip: 0 samples class 1 \u2192 class 0
[2026-06-20 08:09:04,888] 39 root - INFO - [Attacker] Label flip: 0 samples class 1 \u2192 class 0
[2026-06-20 08:09:04,897] 39 root - INFO - [Attacker] Label flip: 0 samples class 1 \u2192 class 0
[2026-06-20 08:09:04,914] 39 root - INFO - [Attacker] Label flip: 0 samples class 1 \u2192 class 0
[2026-06-20 08:09:04,924] 39 root - INFO - [Attacker] Label flip: 0 samples class 1 \u2192 class 0
[2026-06-20 08:09:04,939] 39 root - INFO - [Attacker] Label flip: 0 samples class 1 \u2192 class 0
[2026-06-20 08:09:04,948] 39 root - INFO - [Attacker] Label flip: 0 samples class 1 \u2192 class 0
[2026-06-20 08:09:04,956] 39 root - INFO - [Attacker] Label flip: 0 samples class 1 \u2192 class 0
[2026-06-20 08:09:04,964] 39 root - INFO - [Attacker] Label flip: 0 samples class 1 \u2192 class 0
[2026-06-20 08:09:04,981] 39 root - INFO - [Attacker] Label flip: 0 samples class 1 \u2192 class 0
[2026-06-20 08:09:04,989] 39 root - INFO - [Attacker] Label flip: 0 samples class 1 \u2192 class 0
[2026-06-20 08:09:04,997] 39 root - INFO - [Attacker] Label flip: 0 samples class 1 \u2192 class 0
[2026-06-20 08:09:05,009] 39 root - INFO - [Attacker] Label flip: 0 samples class 1 \u2192 class 0
[2026-06-20 08:09:05,017] 39 root - INFO - [Attacker] Label flip: 0 samples class 1 \u2192 class 0
[2026-06-20 08:09:05,024] 39 root - INFO - [Attacker] Label flip: 0 samples class 1 \u2192 class 0
[2026-06-20 08:09:05,034] 39 root - INFO - [Attacker] Label flip: 0 samples class 1 \u2192 class 0
[2026-06-20 08:09:05,049] 39 root - INFO - [Attacker] Label flip: 0 samples class 1 \u2192 class 0
[2026-06-20 08:09:05,057] 39 root - INFO - [Attacker] Label flip: 0 samples class 1 \u2192 class 0
[2026-06-20 08:09:05,064] 39 root - INFO - [Attacker] Label flip: 0 samples class 1 \u2192 class 0
[2026-06-20 08:09:05,080] 39 root - INFO - [Attacker] Label flip: 0 samples class 1 \u2192 class 0
[2026-06-20 08:09:05,089] 39 root - INFO - [Attacker] Label flip: 0 samples class 1 \u2192 class 0
[2026-06-20 08:09:05,097] 39 root - INFO - [Attacker] Label flip: 0 samples class 1 \u2192 class 0
[2026-06-20 08:09:05,108] 39 root - INFO - [Attacker] Label flip: 0 samples class 1 \u2192 class 0
[2026-06-20 08:09:05,117] 39 root - INFO - [Attacker] Label flip: 0 samples class 1 \u2192 class 0
[2026-06-20 08:09:05,125] 39 root - INFO - [Attacker] Label flip: 0 samples class 1 \u2192 class 0
[2026-06-20 08:09:05,133] 39 root - INFO - [Attacker] Label flip: 0 samples class 1 \u2192 class 0
[2026-06-20 08:09:05,149] 39 root - INFO - [Attacker] Label flip: 0 samples class 1 \u2192 class 0
[2026-06-20 08:09:05,158] 39 root - INFO - [Attacker] Label flip: 0 samples class 1 \u2192 class 0
[2026-06-20 08:09:05,165] 39 root - INFO - [Attacker] Label flip: 0 samples class 1 \u2192 class 0
[2026-06-20 08:09:05,178] 39 root - INFO - [Attacker] Label flip: 0 samples class 1 \u2192 class 0
[2026-06-20 08:09:05,187] 39 root - INFO - [Attacker] Label flip: 0 samples class 1 \u2192 class 0
[2026-06-20 08:09:05,195] 39 root - INFO - [Attacker] Label flip: 0 samples class 1 \u2192 class 0
[2026-06-20 08:09:05,217] 39 root - INFO - [Attacker] Label flip: 0 samples class 1 \u2192 class 0
[2026-06-20 08:09:05,226] 39 root - INFO - [Attacker] Label flip: 0 samples class 1 \u2192 class 0
[2026-06-20 08:09:05,234] 39 root - INFO - [Attacker] Label flip: 0 samples class 1 \u2192 class 0
[2026-06-20 08:09:05,268] 39 root - INFO - [Attacker] Label flip: 0 samples class 1 \u2192 class 0
[2026-06-20 08:09:05,284] 39 root - INFO - [Attacker] Label flip: 0 samples class 1 \u2192 class 0
[2026-06-20 08:09:05,285] 268 flwr - WARNING - DEPRECATED FEATURE: `client_fn` now expects a signature `def client_fn(context: Context)`.The provided `client_fn` has signature: {'cid': <Parameter "cid: str">}. You can import the `Context` like this: `from flwr.common import Context`

            This is a deprecated feature. It will be removed
            entirely in future versions of Flower.
        
[2026-06-20 08:09:05,292] 39 root - INFO - [Attacker] Label flip: 0 samples class 1 \u2192 class 0
[2026-06-20 08:09:05,301] 39 root - INFO - [Attacker] Label flip: 0 samples class 1 \u2192 class 0
[2026-06-20 08:09:05,308] 39 root - INFO - [Attacker] Label flip: 0 samples class 1 \u2192 class 0
[2026-06-20 08:09:05,318] 39 root - INFO - [Attacker] Label flip: 0 samples class 1 \u2192 class 0
[2026-06-20 08:09:05,326] 39 root - INFO - [Attacker] Label flip: 0 samples class 1 \u2192 class 0
[2026-06-20 08:09:05,335] 39 root - INFO - [Attacker] Label flip: 0 samples class 1 \u2192 class 0
[2026-06-20 08:09:05,344] 39 root - INFO - [Attacker] Label flip: 0 samples class 1 \u2192 class 0
[2026-06-20 08:09:05,352] 39 root - INFO - [Attacker] Label flip: 0 samples class 1 \u2192 class 0
[2026-06-20 08:09:05,361] 39 root - INFO - [Attacker] Label flip: 0 samples class 1 \u2192 class 0
[2026-06-20 08:09:05,372] 39 root - INFO - [Attacker] Label flip: 0 samples class 1 \u2192 class 0
[2026-06-20 08:09:05,382] 39 root - INFO - [Attacker] Label flip: 0 samples class 1 \u2192 class 0
[2026-06-20 08:09:05,390] 39 root - INFO - [Attacker] Label flip: 0 samples class 1 \u2192 class 0
[2026-06-20 08:09:05,399] 39 root - INFO - [Attacker] Label flip: 0 samples class 1 \u2192 class 0
[2026-06-20 08:09:05,408] 39 root - INFO - [Attacker] Label flip: 0 samples class 1 \u2192 class 0
[2026-06-20 08:09:05,417] 39 root - INFO - [Attacker] Label flip: 0 samples class 1 \u2192 class 0
[2026-06-20 08:09:05,426] 39 root - INFO - [Attacker] Label flip: 0 samples class 1 \u2192 class 0
[2026-06-20 08:09:05,434] 39 root - INFO - [Attacker] Label flip: 0 samples class 1 \u2192 class 0
[2026-06-20 08:09:05,443] 39 root - INFO - [Attacker] Label flip: 0 samples class 1 \u2192 class 0
[2026-06-20 08:09:05,451] 39 root - INFO - [Attacker] Label flip: 0 samples class 1 \u2192 class 0
[2026-06-20 08:09:05,461] 39 root - INFO - [Attacker] Label flip: 0 samples class 1 \u2192 class 0
[2026-06-20 08:09:05,468] 39 root - INFO - [Attacker] Label flip: 0 samples class 1 \u2192 class 0
[2026-06-20 08:09:05,478] 39 root - INFO - [Attacker] Label flip: 0 samples class 1 \u2192 class 0
[2026-06-20 08:09:05,486] 39 root - INFO - [Attacker] Label flip: 0 samples class 1 \u2192 class 0
[2026-06-20 08:09:05,494] 39 root - INFO - [Attacker] Label flip: 0 samples class 1 \u2192 class 0
[2026-06-20 08:09:05,505] 39 root - INFO - [Attacker] Label flip: 0 samples class 1 \u2192 class 0
[2026-06-20 08:09:05,514] 39 root - INFO - [Attacker] Label flip: 0 samples class 1 \u2192 class 0
[2026-06-20 08:09:05,523] 39 root - INFO - [Attacker] Label flip: 0 samples class 1 \u2192 class 0
[2026-06-20 08:09:05,531] 39 root - INFO - [Attacker] Label flip: 0 samples class 1 \u2192 class 0
[2026-06-20 08:09:05,539] 39 root - INFO - [Attacker] Label flip: 0 samples class 1 \u2192 class 0
[2026-06-20 08:09:05,549] 39 root - INFO - [Attacker] Label flip: 0 samples class 1 \u2192 class 0
[2026-06-20 08:09:05,557] 39 root - INFO - [Attacker] Label flip: 0 samples class 1 \u2192 class 0
[2026-06-20 08:09:05,565] 39 root - INFO - [Attacker] Label flip: 0 samples class 1 \u2192 class 0
[2026-06-20 08:09:05,574] 39 root - INFO - [Attacker] Label flip: 0 samples class 1 \u2192 class 0
[2026-06-20 08:09:05,582] 39 root - INFO - [Attacker] Label flip: 0 samples class 1 \u2192 class 0
[2026-06-20 08:09:05,591] 39 root - INFO - [Attacker] Label flip: 0 samples class 1 \u2192 class 0
[2026-06-20 08:09:05,598] 39 root - INFO - [Attacker] Label flip: 0 samples class 1 \u2192 class 0
[2026-06-20 08:09:05,607] 39 root - INFO - [Attacker] Label flip: 0 samples class 1 \u2192 class 0
[2026-06-20 08:09:05,616] 39 root - INFO - [Attacker] Label flip: 0 samples class 1 \u2192 class 0
[2026-06-20 08:09:05,624] 39 root - INFO - [Attacker] Label flip: 0 samples class 1 \u2192 class 0
[2026-06-20 08:09:05,632] 39 root - INFO - [Attacker] Label flip: 0 samples class 1 \u2192 class 0
[2026-06-20 08:09:05,640] 39 root - INFO - [Attacker] Label flip: 0 samples class 1 \u2192 class 0
[2026-06-20 08:09:05,649] 39 root - INFO - [Attacker] Label flip: 0 samples class 1 \u2192 class 0
[2026-06-20 08:09:05,658] 39 root - INFO - [Attacker] Label flip: 0 samples class 1 \u2192 class 0
[2026-06-20 08:09:05,669] 39 root - INFO - [Attacker] Label flip: 0 samples class 1 \u2192 class 0
[2026-06-20 08:09:05,680] 39 root - INFO - [Attacker] Label flip: 0 samples class 1 \u2192 class 0
[2026-06-20 08:09:05,690] 39 root - INFO - [Attacker] Label flip: 0 samples class 1 \u2192 class 0
[2026-06-20 08:09:05,700] 39 root - INFO - [Attacker] Label flip: 0 samples class 1 \u2192 class 0
[2026-06-20 08:09:05,708] 39 root - INFO - [Attacker] Label flip: 0 samples class 1 \u2192 class 0
[2026-06-20 08:09:05,717] 39 root - INFO - [Attacker] Label flip: 0 samples class 1 \u2192 class 0
[2026-06-20 08:09:05,725] 39 root - INFO - [Attacker] Label flip: 0 samples class 1 \u2192 class 0
[2026-06-20 08:09:05,733] 39 root - INFO - [Attacker] Label flip: 0 samples class 1 \u2192 class 0
[2026-06-20 08:09:05,742] 39 root - INFO - [Attacker] Label flip: 0 samples class 1 \u2192 class 0
[2026-06-20 08:09:05,750] 39 root - INFO - [Attacker] Label flip: 0 samples class 1 \u2192 class 0
[2026-06-20 08:09:05,757] 39 root - INFO - [Attacker] Label flip: 0 samples class 1 \u2192 class 0
[2026-06-20 08:09:05,766] 39 root - INFO - [Attacker] Label flip: 0 samples class 1 \u2192 class 0
[2026-06-20 08:09:05,774] 39 root - INFO - [Attacker] Label flip: 0 samples class 1 \u2192 class 0
[2026-06-20 08:09:05,783] 39 root - INFO - [Attacker] Label flip: 0 samples class 1 \u2192 class 0
[2026-06-20 08:09:05,792] 39 root - INFO - [Attacker] Label flip: 0 samples class 1 \u2192 class 0
[2026-06-20 08:09:05,800] 39 root - INFO - [Attacker] Label flip: 0 samples class 1 \u2192 class 0
[2026-06-20 08:09:05,809] 39 root - INFO - [Attacker] Label flip: 0 samples class 1 \u2192 class 0
[2026-06-20 08:09:05,820] 39 root - INFO - [Attacker] Label flip: 0 samples class 1 \u2192 class 0
[2026-06-20 08:09:05,827] 39 root - INFO - [Attacker] Label flip: 0 samples class 1 \u2192 class 0
[2026-06-20 08:09:05,836] 39 root - INFO - [Attacker] Label flip: 0 samples class 1 \u2192 class 0
[2026-06-20 08:09:05,845] 39 root - INFO - [Attacker] Label flip: 0 samples class 1 \u2192 class 0
[2026-06-20 08:09:05,853] 39 root - INFO - [Attacker] Label flip: 0 samples class 1 \u2192 class 0
[2026-06-20 08:09:05,862] 39 root - INFO - [Attacker] Label flip: 0 samples class 1 \u2192 class 0
[2026-06-20 08:09:05,869] 39 root - INFO - [Attacker] Label flip: 0 samples class 1 \u2192 class 0
[2026-06-20 08:09:05,879] 39 root - INFO - [Attacker] Label flip: 0 samples class 1 \u2192 class 0
[2026-06-20 08:09:05,887] 39 root - INFO - [Attacker] Label flip: 0 samples class 1 \u2192 class 0
[2026-06-20 08:09:05,896] 39 root - INFO - [Attacker] Label flip: 0 samples class 1 \u2192 class 0
[2026-06-20 08:09:05,906] 39 root - INFO - [Attacker] Label flip: 0 samples class 1 \u2192 class 0
[2026-06-20 08:09:05,915] 39 root - INFO - [Attacker] Label flip: 0 samples class 1 \u2192 class 0
[2026-06-20 08:09:05,925] 39 root - INFO - [Attacker] Label flip: 0 samples class 1 \u2192 class 0
[2026-06-20 08:09:05,933] 39 root - INFO - [Attacker] Label flip: 0 samples class 1 \u2192 class 0
[2026-06-20 08:09:05,942] 39 root - INFO - [Attacker] Label flip: 0 samples class 1 \u2192 class 0
[2026-06-20 08:09:05,951] 39 root - INFO - [Attacker] Label flip: 0 samples class 1 \u2192 class 0
[2026-06-20 08:09:05,959] 39 root - INFO - [Attacker] Label flip: 0 samples class 1 \u2192 class 0
[2026-06-20 08:09:05,969] 39 root - INFO - [Attacker] Label flip: 0 samples class 1 \u2192 class 0
[2026-06-20 08:09:05,979] 39 root - INFO - [Attacker] Label flip: 0 samples class 1 \u2192 class 0
[2026-06-20 08:09:05,990] 39 root - INFO - [Attacker] Label flip: 0 samples class 1 \u2192 class 0
[2026-06-20 08:09:05,998] 39 root - INFO - [Attacker] Label flip: 0 samples class 1 \u2192 class 0
[2026-06-20 08:09:06,009] 39 root - INFO - [Attacker] Label flip: 0 samples class 1 \u2192 class 0
[2026-06-20 08:09:06,016] 39 root - INFO - [Attacker] Label flip: 0 samples class 1 \u2192 class 0
[2026-06-20 08:09:06,025] 39 root - INFO - [Attacker] Label flip: 0 samples class 1 \u2192 class 0
[2026-06-20 08:09:06,034] 39 root - INFO - [Attacker] Label flip: 0 samples class 1 \u2192 class 0
[2026-06-20 08:09:06,043] 39 root - INFO - [Attacker] Label flip: 0 samples class 1 \u2192 class 0
[2026-06-20 08:09:06,053] 39 root - INFO - [Attacker] Label flip: 0 samples class 1 \u2192 class 0
[2026-06-20 08:09:06,063] 39 root - INFO - [Attacker] Label flip: 0 samples class 1 \u2192 class 0
[2026-06-20 08:09:06,071] 39 root - INFO - [Attacker] Label flip: 0 samples class 1 \u2192 class 0
[2026-06-20 08:09:06,081] 39 root - INFO - [Attacker] Label flip: 0 samples class 1 \u2192 class 0
[2026-06-20 08:09:06,089] 39 root - INFO - [Attacker] Label flip: 0 samples class 1 \u2192 class 0
[2026-06-20 08:09:06,099] 39 root - INFO - [Attacker] Label flip: 0 samples class 1 \u2192 class 0
[2026-06-20 08:09:06,109] 39 root - INFO - [Attacker] Label flip: 0 samples class 1 \u2192 class 0
[2026-06-20 08:09:06,118] 39 root - INFO - [Attacker] Label flip: 0 samples class 1 \u2192 class 0
[2026-06-20 08:09:06,127] 39 root - INFO - [Attacker] Label flip: 0 samples class 1 \u2192 class 0
[2026-06-20 08:09:06,136] 39 root - INFO - [Attacker] Label flip: 0 samples class 1 \u2192 class 0
[2026-06-20 08:09:06,144] 39 root - INFO - [Attacker] Label flip: 0 samples class 1 \u2192 class 0
[2026-06-20 08:09:06,154] 39 root - INFO - [Attacker] Label flip: 0 samples class 1 \u2192 class 0
[2026-06-20 08:09:06,163] 39 root - INFO - [Attacker] Label flip: 0 samples class 1 \u2192 class 0
[2026-06-20 08:09:06,171] 39 root - INFO - [Attacker] Label flip: 0 samples class 1 \u2192 class 0
[2026-06-20 08:09:06,180] 39 root - INFO - [Attacker] Label flip: 0 samples class 1 \u2192 class 0
[2026-06-20 08:09:06,187] 39 root - INFO - [Attacker] Label flip: 0 samples class 1 \u2192 class 0
[2026-06-20 08:09:06,196] 39 root - INFO - [Attacker] Label flip: 0 samples class 1 \u2192 class 0
[2026-06-20 08:09:06,205] 39 root - INFO - [Attacker] Label flip: 0 samples class 1 \u2192 class 0
[2026-06-20 08:09:06,213] 39 root - INFO - [Attacker] Label flip: 0 samples class 1 \u2192 class 0
[2026-06-20 08:09:06,222] 39 root - INFO - [Attacker] Label flip: 0 samples class 1 \u2192 class 0
[2026-06-20 08:09:06,231] 39 root - INFO - [Attacker] Label flip: 0 samples class 1 \u2192 class 0
[2026-06-20 08:09:06,240] 39 root - INFO - [Attacker] Label flip: 0 samples class 1 \u2192 class 0
[2026-06-20 08:09:06,249] 39 root - INFO - [Attacker] Label flip: 0 samples class 1 \u2192 class 0
[2026-06-20 08:09:06,257] 39 root - INFO - [Attacker] Label flip: 0 samples class 1 \u2192 class 0
[2026-06-20 08:09:06,266] 39 root - INFO - [Attacker] Label flip: 0 samples class 1 \u2192 class 0
[2026-06-20 08:09:06,278] 39 root - INFO - [Attacker] Label flip: 0 samples class 1 \u2192 class 0
[2026-06-20 08:09:06,288] 39 root - INFO - [Attacker] Label flip: 0 samples class 1 \u2192 class 0
[2026-06-20 08:09:06,296] 39 root - INFO - [Attacker] Label flip: 0 samples class 1 \u2192 class 0
[2026-06-20 08:09:06,304] 39 root - INFO - [Attacker] Label flip: 0 samples class 1 \u2192 class 0
[2026-06-20 08:09:06,313] 39 root - INFO - [Attacker] Label flip: 0 samples class 1 \u2192 class 0
[2026-06-20 08:09:06,323] 39 root - INFO - [Attacker] Label flip: 0 samples class 1 \u2192 class 0
[2026-06-20 08:09:06,331] 39 root - INFO - [Attacker] Label flip: 0 samples class 1 \u2192 class 0
[2026-06-20 08:09:06,340] 39 root - INFO - [Attacker] Label flip: 0 samples class 1 \u2192 class 0
[2026-06-20 08:09:06,347] 39 root - INFO - [Attacker] Label flip: 0 samples class 1 \u2192 class 0
[2026-06-20 08:09:06,357] 39 root - INFO - [Attacker] Label flip: 0 samples class 1 \u2192 class 0
[2026-06-20 08:09:06,366] 39 root - INFO - [Attacker] Label flip: 0 samples class 1 \u2192 class 0
[2026-06-20 08:09:06,374] 39 root - INFO - [Attacker] Label flip: 0 samples class 1 \u2192 class 0
[2026-06-20 08:09:06,383] 39 root - INFO - [Attacker] Label flip: 0 samples class 1 \u2192 class 0
[2026-06-20 08:09:06,392] 39 root - INFO - [Attacker] Label flip: 0 samples class 1 \u2192 class 0
[2026-06-20 08:09:06,400] 39 root - INFO - [Attacker] Label flip: 0 samples class 1 \u2192 class 0
[2026-06-20 08:09:06,409] 39 root - INFO - [Attacker] Label flip: 0 samples class 1 \u2192 class 0
[2026-06-20 08:09:06,418] 39 root - INFO - [Attacker] Label flip: 0 samples class 1 \u2192 class 0
[2026-06-20 08:09:06,428] 39 root - INFO - [Attacker] Label flip: 0 samples class 1 \u2192 class 0
[2026-06-20 08:09:06,436] 39 root - INFO - [Attacker] Label flip: 0 samples class 1 \u2192 class 0
[2026-06-20 08:09:06,445] 39 root - INFO - [Attacker] Label flip: 0 samples class 1 \u2192 class 0
[2026-06-20 08:09:06,455] 39 root - INFO - [Attacker] Label flip: 0 samples class 1 \u2192 class 0
[2026-06-20 08:09:06,464] 39 root - INFO - [Attacker] Label flip: 0 samples class 1 \u2192 class 0
[2026-06-20 08:09:06,472] 39 root - INFO - [Attacker] Label flip: 0 samples class 1 \u2192 class 0
[2026-06-20 08:09:06,482] 39 root - INFO - [Attacker] Label flip: 0 samples class 1 \u2192 class 0
[2026-06-20 08:09:06,490] 39 root - INFO - [Attacker] Label flip: 0 samples class 1 \u2192 class 0
[2026-06-20 08:09:06,499] 39 root - INFO - [Attacker] Label flip: 0 samples class 1 \u2192 class 0
[2026-06-20 08:09:06,506] 39 root - INFO - [Attacker] Label flip: 0 samples class 1 \u2192 class 0
[2026-06-20 08:09:06,516] 39 root - INFO - [Attacker] Label flip: 0 samples class 1 \u2192 class 0
[2026-06-20 08:09:06,524] 39 root - INFO - [Attacker] Label flip: 0 samples class 1 \u2192 class 0
[2026-06-20 08:09:06,533] 39 root - INFO - [Attacker] Label flip: 0 samples class 1 \u2192 class 0
[2026-06-20 08:09:06,544] 39 root - INFO - [Attacker] Label flip: 0 samples class 1 \u2192 class 0
[2026-06-20 08:09:06,554] 39 root - INFO - [Attacker] Label flip: 0 samples class 1 \u2192 class 0
[2026-06-20 08:09:06,562] 39 root - INFO - [Attacker] Label flip: 0 samples class 1 \u2192 class 0
[2026-06-20 08:09:06,572] 39 root - INFO - [Attacker] Label flip: 0 samples class 1 \u2192 class 0
[2026-06-20 08:09:06,582] 39 root - INFO - [Attacker] Label flip: 0 samples class 1 \u2192 class 0
[2026-06-20 08:09:06,593] 39 root - INFO - [Attacker] Label flip: 0 samples class 1 \u2192 class 0
[2026-06-20 08:09:06,601] 39 root - INFO - [Attacker] Label flip: 0 samples class 1 \u2192 class 0
[2026-06-20 08:09:06,611] 39 root - INFO - [Attacker] Label flip: 0 samples class 1 \u2192 class 0
[2026-06-20 08:09:06,620] 39 root - INFO - [Attacker] Label flip: 0 samples class 1 \u2192 class 0
[2026-06-20 08:09:06,631] 39 root - INFO - [Attacker] Label flip: 0 samples class 1 \u2192 class 0
[2026-06-20 08:09:06,640] 39 root - INFO - [Attacker] Label flip: 0 samples class 1 \u2192 class 0
[2026-06-20 08:09:06,647] 39 root - INFO - [Attacker] Label flip: 0 samples class 1 \u2192 class 0
[2026-06-20 08:09:06,656] 39 root - INFO - [Attacker] Label flip: 0 samples class 1 \u2192 class 0
[2026-06-20 08:09:06,664] 39 root - INFO - [Attacker] Label flip: 0 samples class 1 \u2192 class 0
[2026-06-20 08:09:06,674] 39 root - INFO - [Attacker] Label flip: 0 samples class 1 \u2192 class 0
[2026-06-20 08:09:06,682] 39 root - INFO - [Attacker] Label flip: 0 samples class 1 \u2192 class 0
[2026-06-20 08:09:06,690] 39 root - INFO - [Attacker] Label flip: 0 samples class 1 \u2192 class 0
[2026-06-20 08:09:06,699] 39 root - INFO - [Attacker] Label flip: 0 samples class 1 \u2192 class 0
[2026-06-20 08:09:06,708] 39 root - INFO - [Attacker] Label flip: 0 samples class 1 \u2192 class 0
[2026-06-20 08:09:06,718] 39 root - INFO - [Attacker] Label flip: 0 samples class 1 \u2192 class 0
[2026-06-20 08:09:06,725] 39 root - INFO - [Attacker] Label flip: 0 samples class 1 \u2192 class 0
[2026-06-20 08:09:06,734] 39 root - INFO - [Attacker] Label flip: 0 samples class 1 \u2192 class 0
[2026-06-20 08:09:06,742] 39 root - INFO - [Attacker] Label flip: 0 samples class 1 \u2192 class 0
[2026-06-20 08:09:06,751] 39 root - INFO - [Attacker] Label flip: 0 samples class 1 \u2192 class 0
[2026-06-20 08:09:06,759] 39 root - INFO - [Attacker] Label flip: 0 samples class 1 \u2192 class 0
[2026-06-20 08:09:06,767] 39 root - INFO - [Attacker] Label flip: 0 samples class 1 \u2192 class 0
[2026-06-20 08:09:06,774] 39 root - INFO - [Attacker] Label flip: 0 samples class 1 \u2192 class 0
[2026-06-20 08:09:06,785] 39 root - INFO - [Attacker] Label flip: 0 samples class 1 \u2192 class 0
[2026-06-20 08:09:06,792] 39 root - INFO - [Attacker] Label flip: 0 samples class 1 \u2192 class 0
[2026-06-20 08:09:06,802] 39 root - INFO - [Attacker] Label flip: 0 samples class 1 \u2192 class 0
[2026-06-20 08:09:06,810] 39 root - INFO - [Attacker] Label flip: 0 samples class 1 \u2192 class 0
[2026-06-20 08:09:06,819] 39 root - INFO - [Attacker] Label flip: 0 samples class 1 \u2192 class 0
[2026-06-20 08:09:06,826] 39 root - INFO - [Attacker] Label flip: 0 samples class 1 \u2192 class 0
[2026-06-20 08:09:06,836] 39 root - INFO - [Attacker] Label flip: 0 samples class 1 \u2192 class 0
[2026-06-20 08:09:06,844] 39 root - INFO - [Attacker] Label flip: 0 samples class 1 \u2192 class 0
[2026-06-20 08:09:06,853] 39 root - INFO - [Attacker] Label flip: 0 samples class 1 \u2192 class 0
[2026-06-20 08:09:06,861] 39 root - INFO - [Attacker] Label flip: 0 samples class 1 \u2192 class 0
[2026-06-20 08:09:06,870] 39 root - INFO - [Attacker] Label flip: 0 samples class 1 \u2192 class 0
[2026-06-20 08:09:06,878] 39 root - INFO - [Attacker] Label flip: 0 samples class 1 \u2192 class 0
[2026-06-20 08:09:06,887] 39 root - INFO - [Attacker] Label flip: 0 samples class 1 \u2192 class 0
[2026-06-20 08:09:06,895] 39 root - INFO - [Attacker] Label flip: 0 samples class 1 \u2192 class 0
[2026-06-20 08:09:06,903] 39 root - INFO - [Attacker] Label flip: 0 samples class 1 \u2192 class 0
[2026-06-20 08:09:06,912] 39 root - INFO - [Attacker] Label flip: 0 samples class 1 \u2192 class 0
[2026-06-20 08:09:06,920] 39 root - INFO - [Attacker] Label flip: 0 samples class 1 \u2192 class 0
[2026-06-20 08:09:06,929] 39 root - INFO - [Attacker] Label flip: 0 samples class 1 \u2192 class 0
[2026-06-20 08:09:06,936] 39 root - INFO - [Attacker] Label flip: 0 samples class 1 \u2192 class 0
[2026-06-20 08:09:06,946] 39 root - INFO - [Attacker] Label flip: 0 samples class 1 \u2192 class 0
[2026-06-20 08:09:06,954] 39 root - INFO - [Attacker] Label flip: 0 samples class 1 \u2192 class 0
[2026-06-20 08:09:06,962] 39 root - INFO - [Attacker] Label flip: 0 samples class 1 \u2192 class 0
[2026-06-20 08:09:06,970] 39 root - INFO - [Attacker] Label flip: 0 samples class 1 \u2192 class 0
[2026-06-20 08:09:06,980] 39 root - INFO - [Attacker] Label flip: 0 samples class 1 \u2192 class 0
[2026-06-20 08:09:06,989] 39 root - INFO - [Attacker] Label flip: 0 samples class 1 \u2192 class 0
[2026-06-20 08:09:07,002] 39 root - INFO - [Attacker] Label flip: 0 samples class 1 \u2192 class 0
[2026-06-20 08:09:07,014] 39 root - INFO - [Attacker] Label flip: 0 samples class 1 \u2192 class 0
[2026-06-20 08:09:07,023] 39 root - INFO - [Attacker] Label flip: 0 samples class 1 \u2192 class 0
[2026-06-20 08:09:07,032] 39 root - INFO - [Attacker] Label flip: 0 samples class 1 \u2192 class 0
[2026-06-20 08:09:07,040] 39 root - INFO - [Attacker] Label flip: 0 samples class 1 \u2192 class 0
[2026-06-20 08:09:07,049] 39 root - INFO - [Attacker] Label flip: 0 samples class 1 \u2192 class 0
[2026-06-20 08:09:07,056] 39 root - INFO - [Attacker] Label flip: 0 samples class 1 \u2192 class 0
[2026-06-20 08:09:07,065] 39 root - INFO - [Attacker] Label flip: 0 samples class 1 \u2192 class 0
[2026-06-20 08:09:07,073] 39 root - INFO - [Attacker] Label flip: 0 samples class 1 \u2192 class 0
[2026-06-20 08:09:07,081] 39 root - INFO - [Attacker] Label flip: 0 samples class 1 \u2192 class 0
[2026-06-20 08:09:07,090] 39 root - INFO - [Attacker] Label flip: 0 samples class 1 \u2192 class 0
[2026-06-20 08:09:07,098] 39 root - INFO - [Attacker] Label flip: 0 samples class 1 \u2192 class 0
[2026-06-20 08:09:07,106] 39 root - INFO - [Attacker] Label flip: 0 samples class 1 \u2192 class 0
[2026-06-20 08:09:07,115] 39 root - INFO - [Attacker] Label flip: 0 samples class 1 \u2192 class 0
[2026-06-20 08:09:07,123] 39 root - INFO - [Attacker] Label flip: 0 samples class 1 \u2192 class 0
[2026-06-20 08:09:07,131] 39 root - INFO - [Attacker] Label flip: 0 samples class 1 \u2192 class 0
[2026-06-20 08:09:07,139] 39 root - INFO - [Attacker] Label flip: 0 samples class 1 \u2192 class 0
[2026-06-20 08:09:07,150] 39 root - INFO - [Attacker] Label flip: 0 samples class 1 \u2192 class 0
[2026-06-20 08:09:07,157] 39 root - INFO - [Attacker] Label flip: 0 samples class 1 \u2192 class 0
[2026-06-20 08:09:07,164] 39 root - INFO - [Attacker] Label flip: 0 samples class 1 \u2192 class 0
[2026-06-20 08:09:07,174] 39 root - INFO - [Attacker] Label flip: 0 samples class 1 \u2192 class 0
[2026-06-20 08:09:07,183] 39 root - INFO - [Attacker] Label flip: 0 samples class 1 \u2192 class 0
[2026-06-20 08:09:07,191] 39 root - INFO - [Attacker] Label flip: 0 samples class 1 \u2192 class 0
[2026-06-20 08:09:07,199] 39 root - INFO - [Attacker] Label flip: 0 samples class 1 \u2192 class 0
[2026-06-20 08:09:07,208] 39 root - INFO - [Attacker] Label flip: 0 samples class 1 \u2192 class 0
[2026-06-20 08:09:07,218] 39 root - INFO - [Attacker] Label flip: 0 samples class 1 \u2192 class 0
[2026-06-20 08:09:07,225] 39 root - INFO - [Attacker] Label flip: 0 samples class 1 \u2192 class 0
[2026-06-20 08:09:07,233] 39 root - INFO - [Attacker] Label flip: 0 samples class 1 \u2192 class 0
[2026-06-20 08:09:07,243] 39 root - INFO - [Attacker] Label flip: 0 samples class 1 \u2192 class 0
[2026-06-20 08:09:07,251] 39 root - INFO - [Attacker] Label flip: 0 samples class 1 \u2192 class 0
[2026-06-20 08:09:07,260] 39 root - INFO - [Attacker] Label flip: 0 samples class 1 \u2192 class 0
[2026-06-20 08:09:07,268] 39 root - INFO - [Attacker] Label flip: 0 samples class 1 \u2192 class 0
[2026-06-20 08:09:07,277] 39 root - INFO - [Attacker] Label flip: 0 samples class 1 \u2192 class 0
[2026-06-20 08:09:07,285] 39 root - INFO - [Attacker] Label flip: 0 samples class 1 \u2192 class 0
[2026-06-20 08:09:07,294] 39 root - INFO - [Attacker] Label flip: 0 samples class 1 \u2192 class 0
[2026-06-20 08:09:07,302] 39 root - INFO - [Attacker] Label flip: 0 samples class 1 \u2192 class 0
[2026-06-20 08:09:07,310] 39 root - INFO - [Attacker] Label flip: 0 samples class 1 \u2192 class 0
[2026-06-20 08:09:07,329] 39 root - INFO - [Attacker] Label flip: 0 samples class 1 \u2192 class 0
[2026-06-20 08:09:07,340] 39 root - INFO - [Attacker] Label flip: 0 samples class 1 \u2192 class 0
[2026-06-20 08:09:07,348] 39 root - INFO - [Attacker] Label flip: 0 samples class 1 \u2192 class 0
[2026-06-20 08:09:07,359] 39 root - INFO - [Attacker] Label flip: 0 samples class 1 \u2192 class 0
[2026-06-20 08:09:07,366] 39 root - INFO - [Attacker] Label flip: 0 samples class 1 \u2192 class 0
[2026-06-20 08:09:07,374] 39 root - INFO - [Attacker] Label flip: 0 samples class 1 \u2192 class 0
[2026-06-20 08:09:07,383] 39 root - INFO - [Attacker] Label flip: 0 samples class 1 \u2192 class 0
[2026-06-20 08:09:07,392] 39 root - INFO - [Attacker] Label flip: 0 samples class 1 \u2192 class 0
[2026-06-20 08:09:07,401] 39 root - INFO - [Attacker] Label flip: 0 samples class 1 \u2192 class 0
[2026-06-20 08:09:07,409] 39 root - INFO - [Attacker] Label flip: 0 samples class 1 \u2192 class 0
[2026-06-20 08:09:07,419] 39 root - INFO - [Attacker] Label flip: 0 samples class 1 \u2192 class 0
[2026-06-20 08:09:07,428] 39 root - INFO - [Attacker] Label flip: 0 samples class 1 \u2192 class 0
[2026-06-20 08:09:07,435] 39 root - INFO - [Attacker] Label flip: 0 samples class 1 \u2192 class 0
[2026-06-20 08:09:07,444] 39 root - INFO - [Attacker] Label flip: 0 samples class 1 \u2192 class 0
[2026-06-20 08:09:07,455] 39 root - INFO - [Attacker] Label flip: 0 samples class 1 \u2192 class 0
[2026-06-20 08:09:07,465] 39 root - INFO - [Attacker] Label flip: 0 samples class 1 \u2192 class 0
[2026-06-20 08:09:07,474] 39 root - INFO - [Attacker] Label flip: 0 samples class 1 \u2192 class 0
[2026-06-20 08:09:07,482] 39 root - INFO - [Attacker] Label flip: 0 samples class 1 \u2192 class 0
[2026-06-20 08:09:07,491] 39 root - INFO - [Attacker] Label flip: 0 samples class 1 \u2192 class 0
[2026-06-20 08:09:07,498] 39 root - INFO - [Attacker] Label flip: 0 samples class 1 \u2192 class 0
[2026-06-20 08:09:07,507] 39 root - INFO - [Attacker] Label flip: 0 samples class 1 \u2192 class 0
[2026-06-20 08:09:07,516] 39 root - INFO - [Attacker] Label flip: 0 samples class 1 \u2192 class 0
[2026-06-20 08:09:07,524] 39 root - INFO - [Attacker] Label flip: 0 samples class 1 \u2192 class 0
[2026-06-20 08:09:07,534] 39 root - INFO - [Attacker] Label flip: 0 samples class 1 \u2192 class 0
[2026-06-20 08:09:07,542] 39 root - INFO - [Attacker] Label flip: 0 samples class 1 \u2192 class 0
[2026-06-20 08:09:07,551] 39 root - INFO - [Attacker] Label flip: 0 samples class 1 \u2192 class 0
[2026-06-20 08:09:07,559] 39 root - INFO - [Attacker] Label flip: 0 samples class 1 \u2192 class 0
[2026-06-20 08:09:07,570] 39 root - INFO - [Attacker] Label flip: 0 samples class 1 \u2192 class 0
[2026-06-20 08:09:07,579] 268 flwr - WARNING - DEPRECATED FEATURE: `client_fn` now expects a signature `def client_fn(context: Context)`.The provided `client_fn` has signature: {'cid': <Parameter "cid: str">}. You can import the `Context` like this: `from flwr.common import Context`

            This is a deprecated feature. It will be removed
            entirely in future versions of Flower.
        
[2026-06-20 08:09:07,580] 39 root - INFO - [Attacker] Label flip: 0 samples class 1 \u2192 class 0
[2026-06-20 08:09:07,590] 39 root - INFO - [Attacker] Label flip: 0 samples class 1 \u2192 class 0
[2026-06-20 08:09:07,600] 39 root - INFO - [Attacker] Label flip: 0 samples class 1 \u2192 class 0
[2026-06-20 08:09:07,609] 39 root - INFO - [Attacker] Label flip: 0 samples class 1 \u2192 class 0
[2026-06-20 08:09:07,620] 39 root - INFO - [Attacker] Label flip: 0 samples class 1 \u2192 class 0
[2026-06-20 08:09:07,629] 39 root - INFO - [Attacker] Label flip: 0 samples class 1 \u2192 class 0
[2026-06-20 08:09:07,638] 39 root - INFO - [Attacker] Label flip: 0 samples class 1 \u2192 class 0
[2026-06-20 08:09:07,646] 39 root - INFO - [Attacker] Label flip: 0 samples class 1 \u2192 class 0
[2026-06-20 08:09:07,655] 39 root - INFO - [Attacker] Label flip: 0 samples class 1 \u2192 class 0
[2026-06-20 08:09:07,666] 39 root - INFO - [Attacker] Label flip: 0 samples class 1 \u2192 class 0
[2026-06-20 08:09:07,677] 39 root - INFO - [Attacker] Label flip: 0 samples class 1 \u2192 class 0
[2026-06-20 08:09:07,686] 39 root - INFO - [Attacker] Label flip: 0 samples class 1 \u2192 class 0
[2026-06-20 08:09:07,694] 39 root - INFO - [Attacker] Label flip: 0 samples class 1 \u2192 class 0
[2026-06-20 08:09:07,706] 39 root - INFO - [Attacker] Label flip: 0 samples class 1 \u2192 class 0
[2026-06-20 08:09:07,714] 39 root - INFO - [Attacker] Label flip: 0 samples class 1 \u2192 class 0
[2026-06-20 08:09:07,724] 39 root - INFO - [Attacker] Label flip: 0 samples class 1 \u2192 class 0
[2026-06-20 08:09:07,734] 39 root - INFO - [Attacker] Label flip: 0 samples class 1 \u2192 class 0
[2026-06-20 08:09:07,744] 39 root - INFO - [Attacker] Label flip: 0 samples class 1 \u2192 class 0
[2026-06-20 08:09:07,755] 39 root - INFO - [Attacker] Label flip: 0 samples class 1 \u2192 class 0
[2026-06-20 08:09:07,764] 39 root - INFO - [Attacker] Label flip: 0 samples class 1 \u2192 class 0
[2026-06-20 08:09:07,773] 39 root - INFO - [Attacker] Label flip: 0 samples class 1 \u2192 class 0
[2026-06-20 08:09:07,786] 39 root - INFO - [Attacker] Label flip: 0 samples class 1 \u2192 class 0
[2026-06-20 08:09:07,795] 39 root - INFO - [Attacker] Label flip: 0 samples class 1 \u2192 class 0
[2026-06-20 08:09:07,805] 39 root - INFO - [Attacker] Label flip: 0 samples class 1 \u2192 class 0
[2026-06-20 08:09:07,815] 39 root - INFO - [Attacker] Label flip: 0 samples class 1 \u2192 class 0
[2026-06-20 08:09:07,824] 39 root - INFO - [Attacker] Label flip: 0 samples class 1 \u2192 class 0
[2026-06-20 08:09:07,832] 39 root - INFO - [Attacker] Label flip: 0 samples class 1 \u2192 class 0
[2026-06-20 08:09:07,841] 39 root - INFO - [Attacker] Label flip: 0 samples class 1 \u2192 class 0
[2026-06-20 08:09:07,851] 39 root - INFO - [Attacker] Label flip: 0 samples class 1 \u2192 class 0
[2026-06-20 08:09:07,860] 39 root - INFO - [Attacker] Label flip: 0 samples class 1 \u2192 class 0
[2026-06-20 08:09:07,869] 39 root - INFO - [Attacker] Label flip: 0 samples class 1 \u2192 class 0
[2026-06-20 08:09:07,879] 39 root - INFO - [Attacker] Label flip: 0 samples class 1 \u2192 class 0
[2026-06-20 08:09:07,887] 39 root - INFO - [Attacker] Label flip: 0 samples class 1 \u2192 class 0
[2026-06-20 08:09:07,897] 39 root - INFO - [Attacker] Label flip: 0 samples class 1 \u2192 class 0
[2026-06-20 08:09:07,907] 39 root - INFO - [Attacker] Label flip: 0 samples class 1 \u2192 class 0
[2026-06-20 08:09:07,916] 39 root - INFO - [Attacker] Label flip: 0 samples class 1 \u2192 class 0
[2026-06-20 08:09:07,924] 39 root - INFO - [Attacker] Label flip: 0 samples class 1 \u2192 class 0
[2026-06-20 08:09:07,934] 39 root - INFO - [Attacker] Label flip: 0 samples class 1 \u2192 class 0
[2026-06-20 08:09:07,943] 39 root - INFO - [Attacker] Label flip: 0 samples class 1 \u2192 class 0
[2026-06-20 08:09:07,954] 39 root - INFO - [Attacker] Label flip: 0 samples class 1 \u2192 class 0
[2026-06-20 08:09:07,962] 39 root - INFO - [Attacker] Label flip: 0 samples class 1 \u2192 class 0
[2026-06-20 08:09:07,972] 39 root - INFO - [Attacker] Label flip: 0 samples class 1 \u2192 class 0
[2026-06-20 08:09:07,983] 39 root - INFO - [Attacker] Label flip: 0 samples class 1 \u2192 class 0
[2026-06-20 08:09:07,992] 39 root - INFO - [Attacker] Label flip: 0 samples class 1 \u2192 class 0
[2026-06-20 08:09:08,002] 39 root - INFO - [Attacker] Label flip: 0 samples class 1 \u2192 class 0
[2026-06-20 08:09:08,011] 39 root - INFO - [Attacker] Label flip: 0 samples class 1 \u2192 class 0
[2026-06-20 08:09:08,021] 39 root - INFO - [Attacker] Label flip: 0 samples class 1 \u2192 class 0
[2026-06-20 08:09:08,029] 39 root - INFO - [Attacker] Label flip: 0 samples class 1 \u2192 class 0
[2026-06-20 08:09:08,038] 39 root - INFO - [Attacker] Label flip: 0 samples class 1 \u2192 class 0
[2026-06-20 08:09:08,046] 39 root - INFO - [Attacker] Label flip: 0 samples class 1 \u2192 class 0
[2026-06-20 08:09:08,055] 39 root - INFO - [Attacker] Label flip: 0 samples class 1 \u2192 class 0
[2026-06-20 08:09:08,063] 39 root - INFO - [Attacker] Label flip: 0 samples class 1 \u2192 class 0
[2026-06-20 08:09:08,071] 39 root - INFO - [Attacker] Label flip: 0 samples class 1 \u2192 class 0
[2026-06-20 08:09:08,080] 39 root - INFO - [Attacker] Label flip: 0 samples class 1 \u2192 class 0
[2026-06-20 08:09:08,090] 39 root - INFO - [Attacker] Label flip: 0 samples class 1 \u2192 class 0
[2026-06-20 08:09:08,098] 39 root - INFO - [Attacker] Label flip: 0 samples class 1 \u2192 class 0
[2026-06-20 08:09:08,121] 268 flwr - WARNING - DEPRECATED FEATURE: `client_fn` now expects a signature `def client_fn(context: Context)`.The provided `client_fn` has signature: {'cid': <Parameter "cid: str">}. You can import the `Context` like this: `from flwr.common import Context`

            This is a deprecated feature. It will be removed
            entirely in future versions of Flower.
        
[2026-06-20 08:09:08,225] 39 root - INFO - [Attacker] Label flip: 0 samples class 1 \u2192 class 0
[2026-06-20 08:09:08,241] 39 root - INFO - [Attacker] Label flip: 0 samples class 1 \u2192 class 0
[2026-06-20 08:09:08,249] 39 root - INFO - [Attacker] Label flip: 0 samples class 1 \u2192 class 0
[2026-06-20 08:09:08,257] 39 root - INFO - [Attacker] Label flip: 0 samples class 1 \u2192 class 0
[2026-06-20 08:09:08,264] 39 root - INFO - [Attacker] Label flip: 0 samples class 1 \u2192 class 0
[2026-06-20 08:09:08,278] 39 root - INFO - [Attacker] Label flip: 0 samples class 1 \u2192 class 0
[2026-06-20 08:09:08,286] 39 root - INFO - [Attacker] Label flip: 0 samples class 1 \u2192 class 0
[2026-06-20 08:09:08,294] 39 root - INFO - [Attacker] Label flip: 0 samples class 1 \u2192 class 0
[2026-06-20 08:09:08,306] 39 root - INFO - [Attacker] Label flip: 0 samples class 1 \u2192 class 0
[2026-06-20 08:09:08,314] 39 root - INFO - [Attacker] Label flip: 0 samples class 1 \u2192 class 0
[2026-06-20 08:09:08,322] 39 root - INFO - [Attacker] Label flip: 0 samples class 1 \u2192 class 0
[2026-06-20 08:09:08,330] 39 root - INFO - [Attacker] Label flip: 0 samples class 1 \u2192 class 0
[2026-06-20 08:09:08,341] 39 root - INFO - [Attacker] Label flip: 0 samples class 1 \u2192 class 0
[2026-06-20 08:09:08,349] 39 root - INFO - [Attacker] Label flip: 0 samples class 1 \u2192 class 0
[2026-06-20 08:09:08,358] 39 root - INFO - [Attacker] Label flip: 0 samples class 1 \u2192 class 0
[2026-06-20 08:09:08,365] 39 root - INFO - [Attacker] Label flip: 0 samples class 1 \u2192 class 0
[2026-06-20 08:09:08,381] 39 root - INFO - [Attacker] Label flip: 0 samples class 1 \u2192 class 0
[2026-06-20 08:09:08,388] 39 root - INFO - [Attacker] Label flip: 0 samples class 1 \u2192 class 0
[2026-06-20 08:09:08,396] 39 root - INFO - [Attacker] Label flip: 0 samples class 1 \u2192 class 0
[2026-06-20 08:09:08,415] 39 root - INFO - [Attacker] Label flip: 0 samples class 1 \u2192 class 0
[2026-06-20 08:09:08,424] 39 root - INFO - [Attacker] Label flip: 0 samples class 1 \u2192 class 0
[2026-06-20 08:09:08,432] 39 root - INFO - [Attacker] Label flip: 0 samples class 1 \u2192 class 0
[2026-06-20 08:09:08,456] 39 root - INFO - [Attacker] Label flip: 0 samples class 1 \u2192 class 0
[2026-06-20 08:09:08,464] 39 root - INFO - [Attacker] Label flip: 0 samples class 1 \u2192 class 0
[2026-06-20 08:09:08,476] 39 root - INFO - [Attacker] Label flip: 0 samples class 1 \u2192 class 0
[2026-06-20 08:09:08,484] 39 root - INFO - [Attacker] Label flip: 0 samples class 1 \u2192 class 0
[2026-06-20 08:09:08,493] 39 root - INFO - [Attacker] Label flip: 0 samples class 1 \u2192 class 0
[2026-06-20 08:09:08,507] 39 root - INFO - [Attacker] Label flip: 0 samples class 1 \u2192 class 0
[2026-06-20 08:09:08,518] 39 root - INFO - [Attacker] Label flip: 0 samples class 1 \u2192 class 0
[2026-06-20 08:09:08,526] 39 root - INFO - [Attacker] Label flip: 0 samples class 1 \u2192 class 0
[2026-06-20 08:09:08,543] 39 root - INFO - [Attacker] Label flip: 0 samples class 1 \u2192 class 0
[2026-06-20 08:09:08,552] 39 root - INFO - [Attacker] Label flip: 1 samples class 1 \u2192 class 0
[2026-06-20 08:09:08,560] 39 root - INFO - [Attacker] Label flip: 0 samples class 1 \u2192 class 0
[2026-06-20 08:09:08,572] 39 root - INFO - [Attacker] Label flip: 0 samples class 1 \u2192 class 0
[2026-06-20 08:09:08,583] 39 root - INFO - [Attacker] Label flip: 0 samples class 1 \u2192 class 0
[2026-06-20 08:09:08,590] 39 root - INFO - [Attacker] Label flip: 0 samples class 1 \u2192 class 0
[2026-06-20 08:09:08,598] 39 root - INFO - [Attacker] Label flip: 0 samples class 1 \u2192 class 0
[2026-06-20 08:09:08,611] 39 root - INFO - [Attacker] Label flip: 0 samples class 1 \u2192 class 0
[2026-06-20 08:09:08,618] 39 root - INFO - [Attacker] Label flip: 0 samples class 1 \u2192 class 0
[2026-06-20 08:09:08,626] 39 root - INFO - [Attacker] Label flip: 0 samples class 1 \u2192 class 0
[2026-06-20 08:09:08,634] 39 root - INFO - [Attacker] Label flip: 0 samples class 1 \u2192 class 0
[2026-06-20 08:09:08,650] 39 root - INFO - [Attacker] Label flip: 0 samples class 1 \u2192 class 0
[2026-06-20 08:09:08,658] 39 root - INFO - [Attacker] Label flip: 0 samples class 1 \u2192 class 0
[2026-06-20 08:09:08,665] 39 root - INFO - [Attacker] Label flip: 0 samples class 1 \u2192 class 0
[2026-06-20 08:09:08,680] 39 root - INFO - [Attacker] Label flip: 0 samples class 1 \u2192 class 0
[2026-06-20 08:09:08,688] 39 root - INFO - [Attacker] Label flip: 0 samples class 1 \u2192 class 0
[2026-06-20 08:09:08,697] 39 root - INFO - [Attacker] Label flip: 0 samples class 1 \u2192 class 0
[2026-06-20 08:09:08,714] 39 root - INFO - [Attacker] Label flip: 0 samples class 1 \u2192 class 0
[2026-06-20 08:09:08,724] 39 root - INFO - [Attacker] Label flip: 0 samples class 1 \u2192 class 0
[2026-06-20 08:09:08,731] 39 root - INFO - [Attacker] Label flip: 0 samples class 1 \u2192 class 0
[2026-06-20 08:09:08,740] 39 root - INFO - [Attacker] Label flip: 0 samples class 1 \u2192 class 0
[2026-06-20 08:09:08,747] 39 root - INFO - [Attacker] Label flip: 0 samples class 1 \u2192 class 0
[2026-06-20 08:09:08,756] 39 root - INFO - [Attacker] Label flip: 0 samples class 1 \u2192 class 0
[2026-06-20 08:09:08,767] 39 root - INFO - [Attacker] Label flip: 0 samples class 1 \u2192 class 0
[2026-06-20 08:09:08,775] 39 root - INFO - [Attacker] Label flip: 0 samples class 1 \u2192 class 0
[2026-06-20 08:09:08,784] 39 root - INFO - [Attacker] Label flip: 0 samples class 1 \u2192 class 0
[2026-06-20 08:09:08,793] 39 root - INFO - [Attacker] Label flip: 0 samples class 1 \u2192 class 0
[2026-06-20 08:09:08,801] 39 root - INFO - [Attacker] Label flip: 2 samples class 1 \u2192 class 0
[2026-06-20 08:09:08,810] 39 root - INFO - [Attacker] Label flip: 0 samples class 1 \u2192 class 0
[2026-06-20 08:09:08,817] 39 root - INFO - [Attacker] Label flip: 0 samples class 1 \u2192 class 0
[2026-06-20 08:09:08,826] 39 root - INFO - [Attacker] Label flip: 0 samples class 1 \u2192 class 0
[2026-06-20 08:09:08,834] 39 root - INFO - [Attacker] Label flip: 0 samples class 1 \u2192 class 0
[2026-06-20 08:09:08,844] 39 root - INFO - [Attacker] Label flip: 0 samples class 1 \u2192 class 0
[2026-06-20 08:09:08,851] 39 root - INFO - [Attacker] Label flip: 0 samples class 1 \u2192 class 0
[2026-06-20 08:09:08,860] 39 root - INFO - [Attacker] Label flip: 0 samples class 1 \u2192 class 0
[2026-06-20 08:09:08,870] 39 root - INFO - [Attacker] Label flip: 0 samples class 1 \u2192 class 0
[2026-06-20 08:09:08,879] 39 root - INFO - [Attacker] Label flip: 1 samples class 1 \u2192 class 0
[2026-06-20 08:09:08,888] 39 root - INFO - [Attacker] Label flip: 0 samples class 1 \u2192 class 0
[2026-06-20 08:09:08,896] 39 root - INFO - [Attacker] Label flip: 0 samples class 1 \u2192 class 0
[2026-06-20 08:09:08,911] 39 root - INFO - [Attacker] Label flip: 0 samples class 1 \u2192 class 0
[2026-06-20 08:09:08,920] 39 root - INFO - [Attacker] Label flip: 0 samples class 1 \u2192 class 0
[2026-06-20 08:09:08,928] 39 root - INFO - [Attacker] Label flip: 0 samples class 1 \u2192 class 0
[2026-06-20 08:09:08,936] 39 root - INFO - [Attacker] Label flip: 0 samples class 1 \u2192 class 0
[2026-06-20 08:09:08,944] 39 root - INFO - [Attacker] Label flip: 0 samples class 1 \u2192 class 0
[2026-06-20 08:09:08,953] 39 root - INFO - [Attacker] Label flip: 0 samples class 1 \u2192 class 0
[2026-06-20 08:09:08,962] 39 root - INFO - [Attacker] Label flip: 0 samples class 1 \u2192 class 0
[2026-06-20 08:09:08,970] 39 root - INFO - [Attacker] Label flip: 0 samples class 1 \u2192 class 0
[2026-06-20 08:09:08,979] 39 root - INFO - [Attacker] Label flip: 0 samples class 1 \u2192 class 0
[2026-06-20 08:09:08,988] 39 root - INFO - [Attacker] Label flip: 0 samples class 1 \u2192 class 0
[2026-06-20 08:09:08,996] 39 root - INFO - [Attacker] Label flip: 0 samples class 1 \u2192 class 0
[2026-06-20 08:09:09,008] 39 root - INFO - [Attacker] Label flip: 0 samples class 1 \u2192 class 0
[2026-06-20 08:09:09,018] 39 root - INFO - [Attacker] Label flip: 0 samples class 1 \u2192 class 0
[2026-06-20 08:09:09,027] 39 root - INFO - [Attacker] Label flip: 0 samples class 1 \u2192 class 0
[2026-06-20 08:09:09,049] 39 root - INFO - [Attacker] Label flip: 0 samples class 1 \u2192 class 0
[2026-06-20 08:09:09,065] 39 root - INFO - [Attacker] Label flip: 0 samples class 1 \u2192 class 0
[2026-06-20 08:09:09,099] 39 root - INFO - [Attacker] Label flip: 0 samples class 1 \u2192 class 0
[2026-06-20 08:09:09,121] 39 root - INFO - [Attacker] Label flip: 0 samples class 1 \u2192 class 0
[2026-06-20 08:09:09,149] 39 root - INFO - [Attacker] Label flip: 0 samples class 1 \u2192 class 0
[2026-06-20 08:09:09,183] 39 root - INFO - [Attacker] Label flip: 0 samples class 1 \u2192 class 0
[2026-06-20 08:09:09,200] 39 root - INFO - [Attacker] Label flip: 0 samples class 1 \u2192 class 0
[2026-06-20 08:09:09,237] 39 root - INFO - [Attacker] Label flip: 0 samples class 1 \u2192 class 0
[2026-06-20 08:09:09,259] 39 root - INFO - [Attacker] Label flip: 0 samples class 1 \u2192 class 0
[2026-06-20 08:09:09,293] 39 root - INFO - [Attacker] Label flip: 0 samples class 1 \u2192 class 0
[2026-06-20 08:09:09,321] 39 root - INFO - [Attacker] Label flip: 0 samples class 1 \u2192 class 0
[2026-06-20 08:09:09,337] 39 root - INFO - [Attacker] Label flip: 0 samples class 1 \u2192 class 0
[2026-06-20 08:09:09,355] 39 root - INFO - [Attacker] Label flip: 0 samples class 1 \u2192 class 0
[2026-06-20 08:09:09,378] 39 root - INFO - [Attacker] Label flip: 0 samples class 1 \u2192 class 0
[2026-06-20 08:09:09,394] 39 root - INFO - [Attacker] Label flip: 0 samples class 1 \u2192 class 0
[2026-06-20 08:09:09,425] 39 root - INFO - [Attacker] Label flip: 0 samples class 1 \u2192 class 0
[2026-06-20 08:09:09,459] 39 root - INFO - [Attacker] Label flip: 0 samples class 1 \u2192 class 0
[2026-06-20 08:09:09,482] 39 root - INFO - [Attacker] Label flip: 0 samples class 1 \u2192 class 0
[2026-06-20 08:09:09,497] 39 root - INFO - [Attacker] Label flip: 0 samples class 1 \u2192 class 0
[2026-06-20 08:09:09,532] 39 root - INFO - [Attacker] Label flip: 0 samples class 1 \u2192 class 0
[2026-06-20 08:09:09,561] 39 root - INFO - [Attacker] Label flip: 0 samples class 1 \u2192 class 0
[2026-06-20 08:09:09,582] 39 root - INFO - [Attacker] Label flip: 0 samples class 1 \u2192 class 0
[2026-06-20 08:09:09,594] 39 root - INFO - [Attacker] Label flip: 0 samples class 1 \u2192 class 0
[2026-06-20 08:09:09,620] 39 root - INFO - [Attacker] Label flip: 0 samples class 1 \u2192 class 0
[2026-06-20 08:09:09,648] 39 root - INFO - [Attacker] Label flip: 0 samples class 1 \u2192 class 0
[2026-06-20 08:09:09,661] 39 root - INFO - [Attacker] Label flip: 0 samples class 1 \u2192 class 0
[2026-06-20 08:09:09,687] 39 root - INFO - [Attacker] Label flip: 0 samples class 1 \u2192 class 0
[2026-06-20 08:09:09,699] 39 root - INFO - [Attacker] Label flip: 0 samples class 1 \u2192 class 0
[2026-06-20 08:09:09,717] 39 root - INFO - [Attacker] Label flip: 0 samples class 1 \u2192 class 0
[2026-06-20 08:09:09,733] 39 root - INFO - [Attacker] Label flip: 0 samples class 1 \u2192 class 0
[2026-06-20 08:09:09,756] 39 root - INFO - [Attacker] Label flip: 0 samples class 1 \u2192 class 0
[2026-06-20 08:09:09,767] 39 root - INFO - [Attacker] Label flip: 0 samples class 1 \u2192 class 0
[2026-06-20 08:09:09,791] 39 root - INFO - [Attacker] Label flip: 0 samples class 1 \u2192 class 0
[2026-06-20 08:09:09,803] 39 root - INFO - [Attacker] Label flip: 0 samples class 1 \u2192 class 0
[2026-06-20 08:09:09,819] 39 root - INFO - [Attacker] Label flip: 0 samples class 1 \u2192 class 0
[2026-06-20 08:09:09,832] 39 root - INFO - [Attacker] Label flip: 0 samples class 1 \u2192 class 0
[2026-06-20 08:09:09,850] 39 root - INFO - [Attacker] Label flip: 0 samples class 1 \u2192 class 0
[2026-06-20 08:09:09,862] 39 root - INFO - [Attacker] Label flip: 0 samples class 1 \u2192 class 0
[2026-06-20 08:09:09,873] 39 root - INFO - [Attacker] Label flip: 0 samples class 1 \u2192 class 0
[2026-06-20 08:09:09,884] 39 root - INFO - [Attacker] Label flip: 0 samples class 1 \u2192 class 0
[2026-06-20 08:09:09,951] 39 root - INFO - [Attacker] Label flip: 0 samples class 1 \u2192 class 0
[2026-06-20 08:09:09,968] 39 root - INFO - [Attacker] Label flip: 0 samples class 1 \u2192 class 0
[2026-06-20 08:09:09,980] 39 root - INFO - [Attacker] Label flip: 0 samples class 1 \u2192 class 0
[2026-06-20 08:09:09,992] 39 root - INFO - [Attacker] Label flip: 0 samples class 1 \u2192 class 0
[2026-06-20 08:09:10,005] 39 root - INFO - [Attacker] Label flip: 0 samples class 1 \u2192 class 0
[2026-06-20 08:09:10,025] 39 root - INFO - [Attacker] Label flip: 0 samples class 1 \u2192 class 0
[2026-06-20 08:09:10,037] 39 root - INFO - [Attacker] Label flip: 0 samples class 1 \u2192 class 0
[2026-06-20 08:09:10,068] 39 root - INFO - [Attacker] Label flip: 0 samples class 1 \u2192 class 0
[2026-06-20 08:09:10,084] 39 root - INFO - [Attacker] Label flip: 0 samples class 1 \u2192 class 0
[2026-06-20 08:09:10,100] 39 root - INFO - [Attacker] Label flip: 0 samples class 1 \u2192 class 0
[2026-06-20 08:09:10,118] 39 root - INFO - [Attacker] Label flip: 0 samples class 1 \u2192 class 0
[2026-06-20 08:09:10,134] 39 root - INFO - [Attacker] Label flip: 0 samples class 1 \u2192 class 0
[2026-06-20 08:09:10,144] 39 root - INFO - [Attacker] Label flip: 0 samples class 1 \u2192 class 0
[2026-06-20 08:09:10,170] 39 root - INFO - [Attacker] Label flip: 0 samples class 1 \u2192 class 0
[2026-06-20 08:09:10,195] 39 root - INFO - [Attacker] Label flip: 0 samples class 1 \u2192 class 0
[2026-06-20 08:09:10,209] 39 root - INFO - [Attacker] Label flip: 0 samples class 1 \u2192 class 0
[2026-06-20 08:09:10,228] 39 root - INFO - [Attacker] Label flip: 0 samples class 1 \u2192 class 0
[2026-06-20 08:09:10,261] 39 root - INFO - [Attacker] Label flip: 0 samples class 1 \u2192 class 0
[2026-06-20 08:09:10,273] 39 root - INFO - [Attacker] Label flip: 1 samples class 1 \u2192 class 0
[2026-06-20 08:09:10,311] 39 root - INFO - [Attacker] Label flip: 0 samples class 1 \u2192 class 0
[2026-06-20 08:09:10,341] 39 root - INFO - [Attacker] Label flip: 0 samples class 1 \u2192 class 0
[2026-06-20 08:09:10,355] 39 root - INFO - [Attacker] Label flip: 0 samples class 1 \u2192 class 0
[2026-06-20 08:09:10,367] 39 root - INFO - [Attacker] Label flip: 0 samples class 1 \u2192 class 0
[2026-06-20 08:09:10,399] 39 root - INFO - [Attacker] Label flip: 0 samples class 1 \u2192 class 0
[2026-06-20 08:09:10,417] 39 root - INFO - [Attacker] Label flip: 0 samples class 1 \u2192 class 0
[2026-06-20 08:09:10,429] 39 root - INFO - [Attacker] Label flip: 0 samples class 1 \u2192 class 0
[2026-06-20 08:09:10,459] 39 root - INFO - [Attacker] Label flip: 0 samples class 1 \u2192 class 0
[2026-06-20 08:09:10,491] 39 root - INFO - [Attacker] Label flip: 0 samples class 1 \u2192 class 0
[2026-06-20 08:09:10,541] 39 root - INFO - [Attacker] Label flip: 0 samples class 1 \u2192 class 0
[2026-06-20 08:09:10,554] 39 root - INFO - [Attacker] Label flip: 0 samples class 1 \u2192 class 0
[2026-06-20 08:09:10,577] 39 root - INFO - [Attacker] Label flip: 0 samples class 1 \u2192 class 0
[2026-06-20 08:09:10,591] 39 root - INFO - [Attacker] Label flip: 0 samples class 1 \u2192 class 0
[2026-06-20 08:09:10,621] 39 root - INFO - [Attacker] Label flip: 0 samples class 1 \u2192 class 0
[2026-06-20 08:09:10,645] 39 root - INFO - [Attacker] Label flip: 0 samples class 1 \u2192 class 0
[2026-06-20 08:09:10,656] 39 root - INFO - [Attacker] Label flip: 0 samples class 1 \u2192 class 0
[2026-06-20 08:09:10,679] 39 root - INFO - [Attacker] Label flip: 0 samples class 1 \u2192 class 0
[2026-06-20 08:09:10,694] 39 root - INFO - [Attacker] Label flip: 0 samples class 1 \u2192 class 0
[2026-06-20 08:09:10,722] 39 root - INFO - [Attacker] Label flip: 0 samples class 1 \u2192 class 0
[2026-06-20 08:09:10,754] 39 root - INFO - [Attacker] Label flip: 0 samples class 1 \u2192 class 0
[2026-06-20 08:09:10,772] 39 root - INFO - [Attacker] Label flip: 0 samples class 1 \u2192 class 0
[2026-06-20 08:09:10,791] 39 root - INFO - [Attacker] Label flip: 0 samples class 1 \u2192 class 0
[2026-06-20 08:09:10,814] 39 root - INFO - [Attacker] Label flip: 0 samples class 1 \u2192 class 0
[2026-06-20 08:09:10,828] 39 root - INFO - [Attacker] Label flip: 0 samples class 1 \u2192 class 0
[2026-06-20 08:09:10,852] 39 root - INFO - [Attacker] Label flip: 0 samples class 1 \u2192 class 0
[2026-06-20 08:09:10,863] 39 root - INFO - [Attacker] Label flip: 0 samples class 1 \u2192 class 0
[2026-06-20 08:09:10,884] 39 root - INFO - [Attacker] Label flip: 0 samples class 1 \u2192 class 0
[2026-06-20 08:09:10,896] 39 root - INFO - [Attacker] Label flip: 0 samples class 1 \u2192 class 0
[2026-06-20 08:09:10,918] 39 root - INFO - [Attacker] Label flip: 0 samples class 1 \u2192 class 0
[2026-06-20 08:09:10,944] 39 root - INFO - [Attacker] Label flip: 0 samples class 1 \u2192 class 0
[2026-06-20 08:09:10,960] 39 root - INFO - [Attacker] Label flip: 0 samples class 1 \u2192 class 0
[2026-06-20 08:09:10,995] 39 root - INFO - [Attacker] Label flip: 0 samples class 1 \u2192 class 0
[2026-06-20 08:09:11,010] 39 root - INFO - [Attacker] Label flip: 0 samples class 1 \u2192 class 0
[2026-06-20 08:09:11,023] 39 root - INFO - [Attacker] Label flip: 0 samples class 1 \u2192 class 0
[2026-06-20 08:09:11,039] 39 root - INFO - [Attacker] Label flip: 0 samples class 1 \u2192 class 0
[2026-06-20 08:09:11,052] 39 root - INFO - [Attacker] Label flip: 0 samples class 1 \u2192 class 0
[2026-06-20 08:09:11,063] 39 root - INFO - [Attacker] Label flip: 0 samples class 1 \u2192 class 0
[2026-06-20 08:09:11,084] 39 root - INFO - [Attacker] Label flip: 0 samples class 1 \u2192 class 0
[2026-06-20 08:09:11,097] 39 root - INFO - [Attacker] Label flip: 0 samples class 1 \u2192 class 0
[2026-06-20 08:09:11,121] 39 root - INFO - [Attacker] Label flip: 0 samples class 1 \u2192 class 0
[2026-06-20 08:09:11,134] 39 root - INFO - [Attacker] Label flip: 0 samples class 1 \u2192 class 0
[2026-06-20 08:09:11,152] 39 root - INFO - [Attacker] Label flip: 0 samples class 1 \u2192 class 0
[2026-06-20 08:09:11,168] 39 root - INFO - [Attacker] Label flip: 0 samples class 1 \u2192 class 0
[2026-06-20 08:09:11,195] 39 root - INFO - [Attacker] Label flip: 0 samples class 1 \u2192 class 0
[2026-06-20 08:09:11,221] 39 root - INFO - [Attacker] Label flip: 0 samples class 1 \u2192 class 0
[2026-06-20 08:09:11,234] 39 root - INFO - [Attacker] Label flip: 0 samples class 1 \u2192 class 0
[2026-06-20 08:09:11,251] 39 root - INFO - [Attacker] Label flip: 0 samples class 1 \u2192 class 0
[2026-06-20 08:09:11,265] 39 root - INFO - [Attacker] Label flip: 0 samples class 1 \u2192 class 0
[2026-06-20 08:09:11,285] 39 root - INFO - [Attacker] Label flip: 1 samples class 1 \u2192 class 0
[2026-06-20 08:09:11,299] 39 root - INFO - [Attacker] Label flip: 0 samples class 1 \u2192 class 0
[2026-06-20 08:09:11,328] 39 root - INFO - [Attacker] Label flip: 0 samples class 1 \u2192 class 0
[2026-06-20 08:09:11,358] 39 root - INFO - [Attacker] Label flip: 0 samples class 1 \u2192 class 0
[2026-06-20 08:09:11,389] 39 root - INFO - [Attacker] Label flip: 0 samples class 1 \u2192 class 0
[2026-06-20 08:09:11,433] 39 root - INFO - [Attacker] Label flip: 0 samples class 1 \u2192 class 0
[2026-06-20 08:09:11,483] 39 root - INFO - [Attacker] Label flip: 0 samples class 1 \u2192 class 0
[2026-06-20 08:09:11,499] 39 root - INFO - [Attacker] Label flip: 0 samples class 1 \u2192 class 0
[2026-06-20 08:09:11,521] 39 root - INFO - [Attacker] Label flip: 0 samples class 1 \u2192 class 0
[2026-06-20 08:09:11,535] 39 root - INFO - [Attacker] Label flip: 0 samples class 1 \u2192 class 0
[2026-06-20 08:09:11,560] 39 root - INFO - [Attacker] Label flip: 0 samples class 1 \u2192 class 0
[2026-06-20 08:09:11,581] 39 root - INFO - [Attacker] Label flip: 0 samples class 1 \u2192 class 0
[2026-06-20 08:09:11,593] 39 root - INFO - [Attacker] Label flip: 0 samples class 1 \u2192 class 0
[2026-06-20 08:09:11,610] 39 root - INFO - [Attacker] Label flip: 0 samples class 1 \u2192 class 0
[2026-06-20 08:09:11,622] 39 root - INFO - [Attacker] Label flip: 0 samples class 1 \u2192 class 0
[2026-06-20 08:09:11,647] 39 root - INFO - [Attacker] Label flip: 0 samples class 1 \u2192 class 0
[2026-06-20 08:09:11,658] 39 root - INFO - [Attacker] Label flip: 0 samples class 1 \u2192 class 0
[2026-06-20 08:09:11,683] 39 root - INFO - [Attacker] Label flip: 0 samples class 1 \u2192 class 0
[2026-06-20 08:09:11,697] 39 root - INFO - [Attacker] Label flip: 0 samples class 1 \u2192 class 0
[2026-06-20 08:09:11,726] 39 root - INFO - [Attacker] Label flip: 0 samples class 1 \u2192 class 0
[2026-06-20 08:09:11,748] 39 root - INFO - [Attacker] Label flip: 0 samples class 1 \u2192 class 0
[2026-06-20 08:09:11,758] 39 root - INFO - [Attacker] Label flip: 0 samples class 1 \u2192 class 0
[2026-06-20 08:09:11,779] 39 root - INFO - [Attacker] Label flip: 0 samples class 1 \u2192 class 0
[2026-06-20 08:09:11,804] 39 root - INFO - [Attacker] Label flip: 0 samples class 1 \u2192 class 0
[2026-06-20 08:09:11,816] 39 root - INFO - [Attacker] Label flip: 0 samples class 1 \u2192 class 0
[2026-06-20 08:09:11,849] 39 root - INFO - [Attacker] Label flip: 0 samples class 1 \u2192 class 0
[2026-06-20 08:09:11,865] 39 root - INFO - [Attacker] Label flip: 0 samples class 1 \u2192 class 0
[2026-06-20 08:09:11,876] 39 root - INFO - [Attacker] Label flip: 0 samples class 1 \u2192 class 0
[2026-06-20 08:09:11,889] 39 root - INFO - [Attacker] Label flip: 0 samples class 1 \u2192 class 0
[2026-06-20 08:09:11,901] 39 root - INFO - [Attacker] Label flip: 0 samples class 1 \u2192 class 0
[2026-06-20 08:09:11,921] 39 root - INFO - [Attacker] Label flip: 0 samples class 1 \u2192 class 0
[2026-06-20 08:09:11,931] 39 root - INFO - [Attacker] Label flip: 0 samples class 1 \u2192 class 0
[2026-06-20 08:09:11,946] 39 root - INFO - [Attacker] Label flip: 0 samples class 1 \u2192 class 0
[2026-06-20 08:09:12,957] 39 root - INFO - [Attacker] Label flip: 0 samples class 1 \u2192 class 0
[2026-06-20 08:09:12,035] 39 root - INFO - [Attacker] Label flip: 0 samples class 1 \u2192 class 0
[2026-06-20 08:09:12,049] 39 root - INFO - [Attacker] Label flip: 0 samples class 1 \u2192 class 0
[2026-06-20 08:09:12,065] 39 root - INFO - [Attacker] Label flip: 1 samples class 1 \u2192 class 0
[2026-06-20 08:09:12,079] 39 root - INFO - [Attacker] Label flip: 0 samples class 1 \u2192 class 0
[2026-06-20 08:09:12,091] 39 root - INFO - [Attacker] Label flip: 0 samples class 1 \u2192 class 0
[2026-06-20 08:09:12,103] 39 root - INFO - [Attacker] Label flip: 0 samples class 1 \u2192 class 0
[2026-06-20 08:09:12,123] 39 root - INFO - [Attacker] Label flip: 0 samples class 1 \u2192 class 0
[2026-06-20 08:09:12,134] 39 root - INFO - [Attacker] Label flip: 0 samples class 1 \u2192 class 0
[2026-06-20 08:09:12,150] 39 root - INFO - [Attacker] Label flip: 0 samples class 1 \u2192 class 0
[2026-06-20 08:09:12,160] 39 root - INFO - [Attacker] Label flip: 0 samples class 1 \u2192 class 0
[2026-06-20 08:09:12,168] 39 root - INFO - [Attacker] Label flip: 0 samples class 1 \u2192 class 0
[2026-06-20 08:09:12,177] 39 root - INFO - [Attacker] Label flip: 0 samples class 1 \u2192 class 0
[2026-06-20 08:09:12,186] 39 root - INFO - [Attacker] Label flip: 0 samples class 1 \u2192 class 0
[2026-06-20 08:09:12,194] 39 root - INFO - [Attacker] Label flip: 0 samples class 1 \u2192 class 0
[2026-06-20 08:09:12,202] 39 root - INFO - [Attacker] Label flip: 0 samples class 1 \u2192 class 0
[2026-06-20 08:09:12,211] 39 root - INFO - [Attacker] Label flip: 1 samples class 1 \u2192 class 0
[2026-06-20 08:09:12,219] 39 root - INFO - [Attacker] Label flip: 0 samples class 1 \u2192 class 0
[2026-06-20 08:09:12,228] 39 root - INFO - [Attacker] Label flip: 0 samples class 1 \u2192 class 0
[2026-06-20 08:09:12,235] 39 root - INFO - [Attacker] Label flip: 0 samples class 1 \u2192 class 0
[2026-06-20 08:09:12,249] 39 root - INFO - [Attacker] Label flip: 0 samples class 1 \u2192 class 0
[2026-06-20 08:09:12,257] 39 root - INFO - [Attacker] Label flip: 0 samples class 1 \u2192 class 0
[2026-06-20 08:09:12,265] 39 root - INFO - [Attacker] Label flip: 0 samples class 1 \u2192 class 0
[2026-06-20 08:09:12,273] 39 root - INFO - [Attacker] Label flip: 0 samples class 1 \u2192 class 0
[2026-06-20 08:09:12,282] 39 root - INFO - [Attacker] Label flip: 0 samples class 1 \u2192 class 0
[2026-06-20 08:09:12,290] 39 root - INFO - [Attacker] Label flip: 0 samples class 1 \u2192 class 0
[2026-06-20 08:09:12,298] 39 root - INFO - [Attacker] Label flip: 0 samples class 1 \u2192 class 0
[2026-06-20 08:09:12,306] 39 root - INFO - [Attacker] Label flip: 0 samples class 1 \u2192 class 0
[2026-06-20 08:09:12,314] 39 root - INFO - [Attacker] Label flip: 0 samples class 1 \u2192 class 0
[2026-06-20 08:09:12,322] 39 root - INFO - [Attacker] Label flip: 0 samples class 1 \u2192 class 0
[2026-06-20 08:09:12,330] 39 root - INFO - [Attacker] Label flip: 0 samples class 1 \u2192 class 0
[2026-06-20 08:09:12,338] 39 root - INFO - [Attacker] Label flip: 0 samples class 1 \u2192 class 0
[2026-06-20 08:09:12,346] 39 root - INFO - [Attacker] Label flip: 0 samples class 1 \u2192 class 0
[2026-06-20 08:09:12,356] 39 root - INFO - [Attacker] Label flip: 0 samples class 1 \u2192 class 0
[2026-06-20 08:09:12,363] 39 root - INFO - [Attacker] Label flip: 0 samples class 1 \u2192 class 0
[2026-06-20 08:09:12,372] 39 root - INFO - [Attacker] Label flip: 0 samples class 1 \u2192 class 0
[2026-06-20 08:09:12,381] 39 root - INFO - [Attacker] Label flip: 0 samples class 1 \u2192 class 0
[2026-06-20 08:09:12,389] 39 root - INFO - [Attacker] Label flip: 0 samples class 1 \u2192 class 0
[2026-06-20 08:09:12,397] 39 root - INFO - [Attacker] Label flip: 0 samples class 1 \u2192 class 0
[2026-06-20 08:09:12,405] 39 root - INFO - [Attacker] Label flip: 0 samples class 1 \u2192 class 0
[2026-06-20 08:09:12,412] 39 root - INFO - [Attacker] Label flip: 0 samples class 1 \u2192 class 0
[2026-06-20 08:09:12,421] 39 root - INFO - [Attacker] Label flip: 0 samples class 1 \u2192 class 0
[2026-06-20 08:09:12,429] 39 root - INFO - [Attacker] Label flip: 0 samples class 1 \u2192 class 0
[2026-06-20 08:09:12,437] 39 root - INFO - [Attacker] Label flip: 0 samples class 1 \u2192 class 0
[2026-06-20 08:09:12,445] 39 root - INFO - [Attacker] Label flip: 0 samples class 1 \u2192 class 0
[2026-06-20 08:09:12,454] 39 root - INFO - [Attacker] Label flip: 0 samples class 1 \u2192 class 0
[2026-06-20 08:09:12,462] 39 root - INFO - [Attacker] Label flip: 0 samples class 1 \u2192 class 0
[2026-06-20 08:09:12,469] 39 root - INFO - [Attacker] Label flip: 0 samples class 1 \u2192 class 0
[2026-06-20 08:09:12,478] 39 root - INFO - [Attacker] Label flip: 0 samples class 1 \u2192 class 0
[2026-06-20 08:09:12,487] 39 root - INFO - [Attacker] Label flip: 0 samples class 1 \u2192 class 0
[2026-06-20 08:09:12,496] 39 root - INFO - [Attacker] Label flip: 0 samples class 1 \u2192 class 0
[2026-06-20 08:09:12,503] 39 root - INFO - [Attacker] Label flip: 0 samples class 1 \u2192 class 0
[2026-06-20 08:09:12,511] 39 root - INFO - [Attacker] Label flip: 0 samples class 1 \u2192 class 0
[2026-06-20 08:09:12,521] 39 root - INFO - [Attacker] Label flip: 0 samples class 1 \u2192 class 0
[2026-06-20 08:09:12,528] 39 root - INFO - [Attacker] Label flip: 0 samples class 1 \u2192 class 0
[2026-06-20 08:09:12,536] 39 root - INFO - [Attacker] Label flip: 0 samples class 1 \u2192 class 0
[2026-06-20 08:09:12,544] 39 root - INFO - [Attacker] Label flip: 0 samples class 1 \u2192 class 0
[2026-06-20 08:09:12,553] 39 root - INFO - [Attacker] Label flip: 0 samples class 1 \u2192 class 0
[2026-06-20 08:09:12,561] 39 root - INFO - [Attacker] Label flip: 0 samples class 1 \u2192 class 0
[2026-06-20 08:09:12,568] 39 root - INFO - [Attacker] Label flip: 0 samples class 1 \u2192 class 0
[2026-06-20 08:09:12,579] 39 root - INFO - [Attacker] Label flip: 0 samples class 1 \u2192 class 0
[2026-06-20 08:09:12,589] 39 root - INFO - [Attacker] Label flip: 0 samples class 1 \u2192 class 0
[2026-06-20 08:09:12,596] 39 root - INFO - [Attacker] Label flip: 0 samples class 1 \u2192 class 0
[2026-06-20 08:09:12,604] 39 root - INFO - [Attacker] Label flip: 0 samples class 1 \u2192 class 0
[2026-06-20 08:09:12,634] 39 root - INFO - [Attacker] Label flip: 0 samples class 1 \u2192 class 0
[2026-06-20 08:09:12,642] 39 root - INFO - [Attacker] Label flip: 0 samples class 1 \u2192 class 0
[2026-06-20 08:09:12,651] 39 root - INFO - [Attacker] Label flip: 0 samples class 1 \u2192 class 0
[2026-06-20 08:09:12,659] 39 root - INFO - [Attacker] Label flip: 0 samples class 1 \u2192 class 0
[2026-06-20 08:09:12,666] 39 root - INFO - [Attacker] Label flip: 0 samples class 1 \u2192 class 0
[2026-06-20 08:09:12,674] 39 root - INFO - [Attacker] Label flip: 0 samples class 1 \u2192 class 0
[2026-06-20 08:09:12,688] 39 root - INFO - [Attacker] Label flip: 0 samples class 1 \u2192 class 0
[2026-06-20 08:09:12,695] 39 root - INFO - [Attacker] Label flip: 0 samples class 1 \u2192 class 0
[2026-06-20 08:09:12,703] 39 root - INFO - [Attacker] Label flip: 0 samples class 1 \u2192 class 0
[2026-06-20 08:09:12,711] 39 root - INFO - [Attacker] Label flip: 0 samples class 1 \u2192 class 0
[2026-06-20 08:09:12,719] 39 root - INFO - [Attacker] Label flip: 0 samples class 1 \u2192 class 0
[2026-06-20 08:09:12,728] 39 root - INFO - [Attacker] Label flip: 0 samples class 1 \u2192 class 0
[2026-06-20 08:09:12,736] 39 root - INFO - [Attacker] Label flip: 0 samples class 1 \u2192 class 0
[2026-06-20 08:09:12,744] 39 root - INFO - [Attacker] Label flip: 0 samples class 1 \u2192 class 0
[2026-06-20 08:09:12,753] 39 root - INFO - [Attacker] Label flip: 0 samples class 1 \u2192 class 0
[2026-06-20 08:09:12,761] 39 root - INFO - [Attacker] Label flip: 0 samples class 1 \u2192 class 0
[2026-06-20 08:09:12,768] 39 root - INFO - [Attacker] Label flip: 0 samples class 1 \u2192 class 0
[2026-06-20 08:09:12,781] 39 root - INFO - [Attacker] Label flip: 0 samples class 1 \u2192 class 0
[2026-06-20 08:09:12,790] 39 root - INFO - [Attacker] Label flip: 0 samples class 1 \u2192 class 0
[2026-06-20 08:09:12,799] 39 root - INFO - [Attacker] Label flip: 0 samples class 1 \u2192 class 0
[2026-06-20 08:09:12,806] 39 root - INFO - [Attacker] Label flip: 0 samples class 1 \u2192 class 0
[2026-06-20 08:09:12,832] 39 root - INFO - [Attacker] Label flip: 0 samples class 1 \u2192 class 0
[2026-06-20 08:09:12,860] 39 root - INFO - [Attacker] Label flip: 0 samples class 1 \u2192 class 0
[2026-06-20 08:09:12,885] 39 root - INFO - [Attacker] Label flip: 0 samples class 1 \u2192 class 0
[2026-06-20 08:09:12,898] 39 root - INFO - [Attacker] Label flip: 0 samples class 1 \u2192 class 0
[2026-06-20 08:09:12,912] 39 root - INFO - [Attacker] Label flip: 0 samples class 1 \u2192 class 0
[2026-06-20 08:09:12,927] 39 root - INFO - [Attacker] Label flip: 0 samples class 1 \u2192 class 0
[2026-06-20 08:09:12,941] 39 root - INFO - [Attacker] Label flip: 0 samples class 1 \u2192 class 0
[2026-06-20 08:09:12,965] 39 root - INFO - [Attacker] Label flip: 0 samples class 1 \u2192 class 0
[2026-06-20 08:09:12,975] 39 root - INFO - [Attacker] Label flip: 0 samples class 1 \u2192 class 0
[2026-06-20 08:09:12,985] 39 root - INFO - [Attacker] Label flip: 0 samples class 1 \u2192 class 0
[2026-06-20 08:09:12,994] 39 root - INFO - [Attacker] Label flip: 0 samples class 1 \u2192 class 0
[2026-06-20 08:09:13,002] 39 root - INFO - [Attacker] Label flip: 0 samples class 1 \u2192 class 0
[2026-06-20 08:09:13,010] 39 root - INFO - [Attacker] Label flip: 0 samples class 1 \u2192 class 0
[2026-06-20 08:09:13,019] 39 root - INFO - [Attacker] Label flip: 0 samples class 1 \u2192 class 0
[2026-06-20 08:09:13,027] 39 root - INFO - [Attacker] Label flip: 0 samples class 1 \u2192 class 0
[2026-06-20 08:09:13,038] 39 root - INFO - [Attacker] Label flip: 0 samples class 1 \u2192 class 0
[2026-06-20 08:09:13,046] 39 root - INFO - [Attacker] Label flip: 0 samples class 1 \u2192 class 0
[2026-06-20 08:09:13,054] 39 root - INFO - [Attacker] Label flip: 0 samples class 1 \u2192 class 0
[2026-06-20 08:09:13,064] 39 root - INFO - [Attacker] Label flip: 0 samples class 1 \u2192 class 0
[2026-06-20 08:09:13,073] 39 root - INFO - [Attacker] Label flip: 0 samples class 1 \u2192 class 0
[2026-06-20 08:09:13,084] 39 root - INFO - [Attacker] Label flip: 0 samples class 1 \u2192 class 0
[2026-06-20 08:09:13,093] 39 root - INFO - [Attacker] Label flip: 0 samples class 1 \u2192 class 0
[2026-06-20 08:09:13,101] 39 root - INFO - [Attacker] Label flip: 0 samples class 1 \u2192 class 0
[2026-06-20 08:09:13,110] 39 root - INFO - [Attacker] Label flip: 0 samples class 1 \u2192 class 0
[2026-06-20 08:09:13,118] 39 root - INFO - [Attacker] Label flip: 0 samples class 1 \u2192 class 0
[2026-06-20 08:09:13,126] 39 root - INFO - [Attacker] Label flip: 0 samples class 1 \u2192 class 0
[2026-06-20 08:09:13,135] 39 root - INFO - [Attacker] Label flip: 0 samples class 1 \u2192 class 0
[2026-06-20 08:09:13,142] 39 root - INFO - [Attacker] Label flip: 0 samples class 1 \u2192 class 0
[2026-06-20 08:09:13,152] 39 root - INFO - [Attacker] Label flip: 0 samples class 1 \u2192 class 0
[2026-06-20 08:09:13,162] 39 root - INFO - [Attacker] Label flip: 0 samples class 1 \u2192 class 0
[2026-06-20 08:09:13,171] 39 root - INFO - [Attacker] Label flip: 0 samples class 1 \u2192 class 0
[2026-06-20 08:09:13,181] 39 root - INFO - [Attacker] Label flip: 0 samples class 1 \u2192 class 0
[2026-06-20 08:09:13,191] 39 root - INFO - [Attacker] Label flip: 0 samples class 1 \u2192 class 0
[2026-06-20 08:09:13,200] 39 root - INFO - [Attacker] Label flip: 0 samples class 1 \u2192 class 0
[2026-06-20 08:09:13,210] 39 root - INFO - [Attacker] Label flip: 0 samples class 1 \u2192 class 0
[2026-06-20 08:09:13,218] 39 root - INFO - [Attacker] Label flip: 0 samples class 1 \u2192 class 0
[2026-06-20 08:09:13,227] 39 root - INFO - [Attacker] Label flip: 0 samples class 1 \u2192 class 0
[2026-06-20 08:09:13,235] 39 root - INFO - [Attacker] Label flip: 0 samples class 1 \u2192 class 0
[2026-06-20 08:09:13,244] 39 root - INFO - [Attacker] Label flip: 0 samples class 1 \u2192 class 0
[2026-06-20 08:09:13,254] 39 root - INFO - [Attacker] Label flip: 0 samples class 1 \u2192 class 0
[2026-06-20 08:09:13,264] 39 root - INFO - [Attacker] Label flip: 0 samples class 1 \u2192 class 0
[2026-06-20 08:09:13,273] 39 root - INFO - [Attacker] Label flip: 0 samples class 1 \u2192 class 0
[2026-06-20 08:09:13,282] 39 root - INFO - [Attacker] Label flip: 0 samples class 1 \u2192 class 0
[2026-06-20 08:09:13,291] 39 root - INFO - [Attacker] Label flip: 0 samples class 1 \u2192 class 0
[2026-06-20 08:09:13,299] 39 root - INFO - [Attacker] Label flip: 0 samples class 1 \u2192 class 0
[2026-06-20 08:09:13,308] 39 root - INFO - [Attacker] Label flip: 0 samples class 1 \u2192 class 0
[2026-06-20 08:09:13,316] 39 root - INFO - [Attacker] Label flip: 0 samples class 1 \u2192 class 0
[2026-06-20 08:09:13,324] 39 root - INFO - [Attacker] Label flip: 0 samples class 1 \u2192 class 0
[2026-06-20 08:09:13,334] 39 root - INFO - [Attacker] Label flip: 0 samples class 1 \u2192 class 0
[2026-06-20 08:09:13,343] 39 root - INFO - [Attacker] Label flip: 0 samples class 1 \u2192 class 0
[2026-06-20 08:09:13,352] 39 root - INFO - [Attacker] Label flip: 0 samples class 1 \u2192 class 0
[2026-06-20 08:09:13,360] 39 root - INFO - [Attacker] Label flip: 0 samples class 1 \u2192 class 0
[2026-06-20 08:09:13,370] 39 root - INFO - [Attacker] Label flip: 0 samples class 1 \u2192 class 0
[2026-06-20 08:09:13,377] 39 root - INFO - [Attacker] Label flip: 0 samples class 1 \u2192 class 0
[2026-06-20 08:09:13,388] 39 root - INFO - [Attacker] Label flip: 0 samples class 1 \u2192 class 0
[2026-06-20 08:09:13,398] 39 root - INFO - [Attacker] Label flip: 0 samples class 1 \u2192 class 0
[2026-06-20 08:09:13,405] 39 root - INFO - [Attacker] Label flip: 0 samples class 1 \u2192 class 0
[2026-06-20 08:09:13,415] 39 root - INFO - [Attacker] Label flip: 0 samples class 1 \u2192 class 0
[2026-06-20 08:09:13,424] 39 root - INFO - [Attacker] Label flip: 0 samples class 1 \u2192 class 0
[2026-06-20 08:09:13,433] 39 root - INFO - [Attacker] Label flip: 1 samples class 1 \u2192 class 0
[2026-06-20 08:09:13,442] 39 root - INFO - [Attacker] Label flip: 0 samples class 1 \u2192 class 0
[2026-06-20 08:09:13,450] 39 root - INFO - [Attacker] Label flip: 0 samples class 1 \u2192 class 0
[2026-06-20 08:09:13,464] 39 root - INFO - [Attacker] Label flip: 0 samples class 1 \u2192 class 0
[2026-06-20 08:09:13,475] 39 root - INFO - [Attacker] Label flip: 0 samples class 1 \u2192 class 0
[2026-06-20 08:09:13,485] 39 root - INFO - [Attacker] Label flip: 0 samples class 1 \u2192 class 0
[2026-06-20 08:09:13,493] 39 root - INFO - [Attacker] Label flip: 0 samples class 1 \u2192 class 0
[2026-06-20 08:09:13,503] 39 root - INFO - [Attacker] Label flip: 0 samples class 1 \u2192 class 0
[2026-06-20 08:09:13,514] 39 root - INFO - [Attacker] Label flip: 0 samples class 1 \u2192 class 0
[2026-06-20 08:09:13,523] 39 root - INFO - [Attacker] Label flip: 0 samples class 1 \u2192 class 0
[2026-06-20 08:09:13,532] 39 root - INFO - [Attacker] Label flip: 0 samples class 1 \u2192 class 0
[2026-06-20 08:09:13,541] 39 root - INFO - [Attacker] Label flip: 0 samples class 1 \u2192 class 0
[2026-06-20 08:09:13,551] 39 root - INFO - [Attacker] Label flip: 0 samples class 1 \u2192 class 0
[2026-06-20 08:09:13,559] 39 root - INFO - [Attacker] Label flip: 0 samples class 1 \u2192 class 0
[2026-06-20 08:09:13,567] 39 root - INFO - [Attacker] Label flip: 1 samples class 1 \u2192 class 0
[2026-06-20 08:09:13,577] 39 root - INFO - [Attacker] Label flip: 0 samples class 1 \u2192 class 0
[2026-06-20 08:09:13,586] 39 root - INFO - [Attacker] Label flip: 0 samples class 1 \u2192 class 0
[2026-06-20 08:09:13,596] 39 root - INFO - [Attacker] Label flip: 0 samples class 1 \u2192 class 0
[2026-06-20 08:09:13,604] 39 root - INFO - [Attacker] Label flip: 0 samples class 1 \u2192 class 0
[2026-06-20 08:09:13,612] 39 root - INFO - [Attacker] Label flip: 0 samples class 1 \u2192 class 0
[2026-06-20 08:09:13,621] 39 root - INFO - [Attacker] Label flip: 0 samples class 1 \u2192 class 0
[2026-06-20 08:09:13,630] 39 root - INFO - [Attacker] Label flip: 0 samples class 1 \u2192 class 0
[2026-06-20 08:09:13,639] 39 root - INFO - [Attacker] Label flip: 0 samples class 1 \u2192 class 0
[2026-06-20 08:09:13,648] 39 root - INFO - [Attacker] Label flip: 0 samples class 1 \u2192 class 0
[2026-06-20 08:09:13,657] 39 root - INFO - [Attacker] Label flip: 0 samples class 1 \u2192 class 0
[2026-06-20 08:09:13,666] 39 root - INFO - [Attacker] Label flip: 0 samples class 1 \u2192 class 0
[2026-06-20 08:09:13,676] 39 root - INFO - [Attacker] Label flip: 0 samples class 1 \u2192 class 0
[2026-06-20 08:09:13,684] 39 root - INFO - [Attacker] Label flip: 0 samples class 1 \u2192 class 0
[2026-06-20 08:09:13,694] 39 root - INFO - [Attacker] Label flip: 0 samples class 1 \u2192 class 0
[2026-06-20 08:09:13,703] 39 root - INFO - [Attacker] Label flip: 0 samples class 1 \u2192 class 0
[2026-06-20 08:09:13,713] 39 root - INFO - [Attacker] Label flip: 0 samples class 1 \u2192 class 0
[2026-06-20 08:09:13,722] 39 root - INFO - [Attacker] Label flip: 0 samples class 1 \u2192 class 0
[2026-06-20 08:09:13,731] 39 root - INFO - [Attacker] Label flip: 0 samples class 1 \u2192 class 0
[2026-06-20 08:09:13,738] 39 root - INFO - [Attacker] Label flip: 0 samples class 1 \u2192 class 0
[2026-06-20 08:09:13,747] 39 root - INFO - [Attacker] Label flip: 0 samples class 1 \u2192 class 0
[2026-06-20 08:09:13,755] 39 root - INFO - [Attacker] Label flip: 0 samples class 1 \u2192 class 0
[2026-06-20 08:09:13,764] 39 root - INFO - [Attacker] Label flip: 0 samples class 1 \u2192 class 0
[2026-06-20 08:09:13,773] 39 root - INFO - [Attacker] Label flip: 0 samples class 1 \u2192 class 0
[2026-06-20 08:09:13,784] 39 root - INFO - [Attacker] Label flip: 0 samples class 1 \u2192 class 0
[2026-06-20 08:09:13,792] 39 root - INFO - [Attacker] Label flip: 0 samples class 1 \u2192 class 0
[2026-06-20 08:09:13,804] 39 root - INFO - [Attacker] Label flip: 0 samples class 1 \u2192 class 0
[2026-06-20 08:09:13,813] 39 root - INFO - [Attacker] Label flip: 0 samples class 1 \u2192 class 0
[2026-06-20 08:09:13,823] 39 root - INFO - [Attacker] Label flip: 0 samples class 1 \u2192 class 0
[2026-06-20 08:09:13,832] 39 root - INFO - [Attacker] Label flip: 0 samples class 1 \u2192 class 0
[2026-06-20 08:09:13,842] 39 root - INFO - [Attacker] Label flip: 0 samples class 1 \u2192 class 0
[2026-06-20 08:09:13,851] 39 root - INFO - [Attacker] Label flip: 0 samples class 1 \u2192 class 0
[2026-06-20 08:09:13,860] 39 root - INFO - [Attacker] Label flip: 0 samples class 1 \u2192 class 0
[2026-06-20 08:09:13,867] 39 root - INFO - [Attacker] Label flip: 0 samples class 1 \u2192 class 0
[2026-06-20 08:09:13,877] 39 root - INFO - [Attacker] Label flip: 0 samples class 1 \u2192 class 0
[2026-06-20 08:09:13,886] 39 root - INFO - [Attacker] Label flip: 0 samples class 1 \u2192 class 0
[2026-06-20 08:09:13,894] 39 root - INFO - [Attacker] Label flip: 0 samples class 1 \u2192 class 0
[2026-06-20 08:09:13,903] 39 root - INFO - [Attacker] Label flip: 0 samples class 1 \u2192 class 0
[2026-06-20 08:09:13,913] 39 root - INFO - [Attacker] Label flip: 0 samples class 1 \u2192 class 0
[2026-06-20 08:09:13,921] 39 root - INFO - [Attacker] Label flip: 1 samples class 1 \u2192 class 0
[2026-06-20 08:09:13,929] 39 root - INFO - [Attacker] Label flip: 0 samples class 1 \u2192 class 0
[2026-06-20 08:09:13,938] 39 root - INFO - [Attacker] Label flip: 0 samples class 1 \u2192 class 0
[2026-06-20 08:09:13,946] 39 root - INFO - [Attacker] Label flip: 0 samples class 1 \u2192 class 0
[2026-06-20 08:09:13,955] 39 root - INFO - [Attacker] Label flip: 0 samples class 1 \u2192 class 0
[2026-06-20 08:09:13,965] 39 root - INFO - [Attacker] Label flip: 0 samples class 1 \u2192 class 0
[2026-06-20 08:09:13,975] 39 root - INFO - [Attacker] Label flip: 0 samples class 1 \u2192 class 0
[2026-06-20 08:09:13,984] 39 root - INFO - [Attacker] Label flip: 0 samples class 1 \u2192 class 0
[2026-06-20 08:09:13,994] 39 root - INFO - [Attacker] Label flip: 0 samples class 1 \u2192 class 0
[2026-06-20 08:09:14,003] 39 root - INFO - [Attacker] Label flip: 0 samples class 1 \u2192 class 0
[2026-06-20 08:09:14,014] 39 root - INFO - [Attacker] Label flip: 0 samples class 1 \u2192 class 0
[2026-06-20 08:09:14,024] 39 root - INFO - [Attacker] Label flip: 0 samples class 1 \u2192 class 0
[2026-06-20 08:09:14,032] 39 root - INFO - [Attacker] Label flip: 0 samples class 1 \u2192 class 0
[2026-06-20 08:09:14,043] 39 root - INFO - [Attacker] Label flip: 0 samples class 1 \u2192 class 0
[2026-06-20 08:09:14,052] 39 root - INFO - [Attacker] Label flip: 0 samples class 1 \u2192 class 0
[2026-06-20 08:09:14,060] 39 root - INFO - [Attacker] Label flip: 0 samples class 1 \u2192 class 0
[2026-06-20 08:09:14,070] 39 root - INFO - [Attacker] Label flip: 0 samples class 1 \u2192 class 0
[2026-06-20 08:09:14,079] 39 root - INFO - [Attacker] Label flip: 0 samples class 1 \u2192 class 0
[2026-06-20 08:09:14,087] 39 root - INFO - [Attacker] Label flip: 0 samples class 1 \u2192 class 0
[2026-06-20 08:09:14,095] 39 root - INFO - [Attacker] Label flip: 0 samples class 1 \u2192 class 0
[2026-06-20 08:09:14,105] 39 root - INFO - [Attacker] Label flip: 0 samples class 1 \u2192 class 0
[2026-06-20 08:09:14,114] 39 root - INFO - [Attacker] Label flip: 0 samples class 1 \u2192 class 0
[2026-06-20 08:09:14,123] 39 root - INFO - [Attacker] Label flip: 0 samples class 1 \u2192 class 0
[2026-06-20 08:09:14,134] 39 root - INFO - [Attacker] Label flip: 0 samples class 1 \u2192 class 0
[2026-06-20 08:09:14,142] 39 root - INFO - [Attacker] Label flip: 0 samples class 1 \u2192 class 0
[2026-06-20 08:09:14,151] 39 root - INFO - [Attacker] Label flip: 0 samples class 1 \u2192 class 0
[2026-06-20 08:09:14,159] 39 root - INFO - [Attacker] Label flip: 0 samples class 1 \u2192 class 0
[2026-06-20 08:09:14,168] 39 root - INFO - [Attacker] Label flip: 0 samples class 1 \u2192 class 0
[2026-06-20 08:09:14,176] 39 root - INFO - [Attacker] Label flip: 0 samples class 1 \u2192 class 0
[2026-06-20 08:09:14,186] 39 root - INFO - [Attacker] Label flip: 0 samples class 1 \u2192 class 0
[2026-06-20 08:09:14,194] 39 root - INFO - [Attacker] Label flip: 0 samples class 1 \u2192 class 0
[2026-06-20 08:09:14,204] 39 root - INFO - [Attacker] Label flip: 0 samples class 1 \u2192 class 0
[2026-06-20 08:09:14,213] 39 root - INFO - [Attacker] Label flip: 0 samples class 1 \u2192 class 0
[2026-06-20 08:09:14,220] 39 root - INFO - [Attacker] Label flip: 1 samples class 1 \u2192 class 0
[2026-06-20 08:09:14,229] 39 root - INFO - [Attacker] Label flip: 0 samples class 1 \u2192 class 0
[2026-06-20 08:09:14,238] 39 root - INFO - [Attacker] Label flip: 0 samples class 1 \u2192 class 0
[2026-06-20 08:09:14,249] 39 root - INFO - [Attacker] Label flip: 0 samples class 1 \u2192 class 0
[2026-06-20 08:09:14,256] 39 root - INFO - [Attacker] Label flip: 0 samples class 1 \u2192 class 0
[2026-06-20 08:09:14,265] 39 root - INFO - [Attacker] Label flip: 0 samples class 1 \u2192 class 0
[2026-06-20 08:09:14,274] 39 root - INFO - [Attacker] Label flip: 0 samples class 1 \u2192 class 0
[2026-06-20 08:09:14,282] 39 root - INFO - [Attacker] Label flip: 0 samples class 1 \u2192 class 0
[2026-06-20 08:09:14,291] 39 root - INFO - [Attacker] Label flip: 0 samples class 1 \u2192 class 0
[2026-06-20 08:09:14,302] 39 root - INFO - [Attacker] Label flip: 0 samples class 1 \u2192 class 0
[2026-06-20 08:09:14,313] 39 root - INFO - [Attacker] Label flip: 0 samples class 1 \u2192 class 0
[2026-06-20 08:09:14,326] 39 root - INFO - [Attacker] Label flip: 0 samples class 1 \u2192 class 0
[2026-06-20 08:09:14,338] 39 root - INFO - [Attacker] Label flip: 0 samples class 1 \u2192 class 0
[2026-06-20 08:09:14,348] 39 root - INFO - [Attacker] Label flip: 0 samples class 1 \u2192 class 0
[2026-06-20 08:09:14,358] 39 root - INFO - [Attacker] Label flip: 0 samples class 1 \u2192 class 0
[2026-06-20 08:09:14,367] 39 root - INFO - [Attacker] Label flip: 0 samples class 1 \u2192 class 0
[2026-06-20 08:09:14,376] 39 root - INFO - [Attacker] Label flip: 0 samples class 1 \u2192 class 0
[2026-06-20 08:09:14,384] 39 root - INFO - [Attacker] Label flip: 0 samples class 1 \u2192 class 0
[2026-06-20 08:09:14,394] 39 root - INFO - [Attacker] Label flip: 0 samples class 1 \u2192 class 0
[2026-06-20 08:09:14,403] 39 root - INFO - [Attacker] Label flip: 0 samples class 1 \u2192 class 0
[2026-06-20 08:09:14,417] 39 root - INFO - [Attacker] Label flip: 0 samples class 1 \u2192 class 0
[2026-06-20 08:09:14,432] 39 root - INFO - [Attacker] Label flip: 0 samples class 1 \u2192 class 0
[2026-06-20 08:09:14,450] 39 root - INFO - [Attacker] Label flip: 0 samples class 1 \u2192 class 0
[2026-06-20 08:09:14,469] 39 root - INFO - [Attacker] Label flip: 0 samples class 1 \u2192 class 0
[2026-06-20 08:09:14,484] 39 root - INFO - [Attacker] Label flip: 0 samples class 1 \u2192 class 0
[2026-06-20 08:09:14,494] 39 root - INFO - [Attacker] Label flip: 0 samples class 1 \u2192 class 0
[2026-06-20 08:09:14,504] 39 root - INFO - [Attacker] Label flip: 0 samples class 1 \u2192 class 0
[2026-06-20 08:09:14,513] 39 root - INFO - [Attacker] Label flip: 0 samples class 1 \u2192 class 0
[2026-06-20 08:09:14,522] 39 root - INFO - [Attacker] Label flip: 0 samples class 1 \u2192 class 0
[2026-06-20 08:09:14,531] 39 root - INFO - [Attacker] Label flip: 0 samples class 1 \u2192 class 0
[2026-06-20 08:09:14,540] 39 root - INFO - [Attacker] Label flip: 0 samples class 1 \u2192 class 0
[2026-06-20 08:09:14,549] 39 root - INFO - [Attacker] Label flip: 0 samples class 1 \u2192 class 0
[2026-06-20 08:09:14,558] 39 root - INFO - [Attacker] Label flip: 0 samples class 1 \u2192 class 0
[2026-06-20 08:09:14,567] 39 root - INFO - [Attacker] Label flip: 0 samples class 1 \u2192 class 0
[2026-06-20 08:09:14,576] 39 root - INFO - [Attacker] Label flip: 0 samples class 1 \u2192 class 0
[2026-06-20 08:09:14,584] 39 root - INFO - [Attacker] Label flip: 0 samples class 1 \u2192 class 0
[2026-06-20 08:09:14,593] 39 root - INFO - [Attacker] Label flip: 0 samples class 1 \u2192 class 0
[2026-06-20 08:09:14,603] 39 root - INFO - [Attacker] Label flip: 0 samples class 1 \u2192 class 0
[2026-06-20 08:09:14,611] 39 root - INFO - [Attacker] Label flip: 0 samples class 1 \u2192 class 0
[2026-06-20 08:09:14,622] 39 root - INFO - [Attacker] Label flip: 0 samples class 1 \u2192 class 0
[2026-06-20 08:09:14,634] 39 root - INFO - [Attacker] Label flip: 0 samples class 1 \u2192 class 0
[2026-06-20 08:09:14,643] 39 root - INFO - [Attacker] Label flip: 0 samples class 1 \u2192 class 0
[2026-06-20 08:09:14,653] 39 root - INFO - [Attacker] Label flip: 0 samples class 1 \u2192 class 0
[2026-06-20 08:09:14,664] 39 root - INFO - [Attacker] Label flip: 0 samples class 1 \u2192 class 0
[2026-06-20 08:09:14,672] 39 root - INFO - [Attacker] Label flip: 0 samples class 1 \u2192 class 0
[2026-06-20 08:09:14,684] 39 root - INFO - [Attacker] Label flip: 0 samples class 1 \u2192 class 0
[2026-06-20 08:09:14,693] 39 root - INFO - [Attacker] Label flip: 0 samples class 1 \u2192 class 0
[2026-06-20 08:09:14,702] 39 root - INFO - [Attacker] Label flip: 0 samples class 1 \u2192 class 0
[2026-06-20 08:09:14,712] 39 root - INFO - [Attacker] Label flip: 0 samples class 1 \u2192 class 0
[2026-06-20 08:09:14,722] 39 root - INFO - [Attacker] Label flip: 1 samples class 1 \u2192 class 0
[2026-06-20 08:09:14,732] 39 root - INFO - [Attacker] Label flip: 0 samples class 1 \u2192 class 0
[2026-06-20 08:09:14,741] 39 root - INFO - [Attacker] Label flip: 0 samples class 1 \u2192 class 0
[2026-06-20 08:09:14,751] 39 root - INFO - [Attacker] Label flip: 0 samples class 1 \u2192 class 0
[2026-06-20 08:09:14,759] 39 root - INFO - [Attacker] Label flip: 0 samples class 1 \u2192 class 0
[2026-06-20 08:09:14,768] 39 root - INFO - [Attacker] Label flip: 0 samples class 1 \u2192 class 0
[2026-06-20 08:09:14,777] 39 root - INFO - [Attacker] Label flip: 0 samples class 1 \u2192 class 0
[2026-06-20 08:09:14,787] 39 root - INFO - [Attacker] Label flip: 0 samples class 1 \u2192 class 0
[2026-06-20 08:09:14,796] 39 root - INFO - [Attacker] Label flip: 0 samples class 1 \u2192 class 0
[2026-06-20 08:09:14,806] 39 root - INFO - [Attacker] Label flip: 0 samples class 1 \u2192 class 0
[2026-06-20 08:09:14,817] 39 root - INFO - [Attacker] Label flip: 0 samples class 1 \u2192 class 0
[2026-06-20 08:09:14,826] 39 root - INFO - [Attacker] Label flip: 0 samples class 1 \u2192 class 0
[2026-06-20 08:09:14,837] 39 root - INFO - [Attacker] Label flip: 0 samples class 1 \u2192 class 0
[2026-06-20 08:09:14,847] 39 root - INFO - [Attacker] Label flip: 0 samples class 1 \u2192 class 0
[2026-06-20 08:09:14,856] 39 root - INFO - [Attacker] Label flip: 0 samples class 1 \u2192 class 0
[2026-06-20 08:09:14,865] 39 root - INFO - [Attacker] Label flip: 0 samples class 1 \u2192 class 0
[2026-06-20 08:09:14,875] 39 root - INFO - [Attacker] Label flip: 0 samples class 1 \u2192 class 0
[2026-06-20 08:09:14,883] 39 root - INFO - [Attacker] Label flip: 0 samples class 1 \u2192 class 0
[2026-06-20 08:09:14,893] 39 root - INFO - [Attacker] Label flip: 0 samples class 1 \u2192 class 0
[2026-06-20 08:09:14,903] 39 root - INFO - [Attacker] Label flip: 1 samples class 1 \u2192 class 0
[2026-06-20 08:09:14,913] 39 root - INFO - [Attacker] Label flip: 0 samples class 1 \u2192 class 0
[2026-06-20 08:09:14,922] 39 root - INFO - [Attacker] Label flip: 0 samples class 1 \u2192 class 0
[2026-06-20 08:09:14,932] 39 root - INFO - [Attacker] Label flip: 0 samples class 1 \u2192 class 0
[2026-06-20 08:09:14,942] 39 root - INFO - [Attacker] Label flip: 0 samples class 1 \u2192 class 0
[2026-06-20 08:09:14,952] 39 root - INFO - [Attacker] Label flip: 0 samples class 1 \u2192 class 0
[2026-06-20 08:09:14,961] 39 root - INFO - [Attacker] Label flip: 0 samples class 1 \u2192 class 0
[2026-06-20 08:09:14,971] 39 root - INFO - [Attacker] Label flip: 0 samples class 1 \u2192 class 0
[2026-06-20 08:09:14,981] 39 root - INFO - [Attacker] Label flip: 0 samples class 1 \u2192 class 0
[2026-06-20 08:09:14,991] 39 root - INFO - [Attacker] Label flip: 0 samples class 1 \u2192 class 0
[2026-06-20 08:09:14,999] 39 root - INFO - [Attacker] Label flip: 0 samples class 1 \u2192 class 0
[2026-06-20 08:09:15,008] 39 root - INFO - [Attacker] Label flip: 0 samples class 1 \u2192 class 0
[2026-06-20 08:09:15,017] 39 root - INFO - [Attacker] Label flip: 0 samples class 1 \u2192 class 0
[2026-06-20 08:09:15,026] 39 root - INFO - [Attacker] Label flip: 0 samples class 1 \u2192 class 0
[2026-06-20 08:09:15,035] 39 root - INFO - [Attacker] Label flip: 0 samples class 1 \u2192 class 0
[2026-06-20 08:09:15,045] 39 root - INFO - [Attacker] Label flip: 0 samples class 1 \u2192 class 0
[2026-06-20 08:09:15,055] 39 root - INFO - [Attacker] Label flip: 0 samples class 1 \u2192 class 0
[2026-06-20 08:09:15,065] 39 root - INFO - [Attacker] Label flip: 0 samples class 1 \u2192 class 0
[2026-06-20 08:09:15,078] 39 root - INFO - [Attacker] Label flip: 0 samples class 1 \u2192 class 0
[2026-06-20 08:09:15,087] 39 root - INFO - [Attacker] Label flip: 0 samples class 1 \u2192 class 0
[2026-06-20 08:09:15,103] 39 root - INFO - [Attacker] Label flip: 0 samples class 1 \u2192 class 0
[2026-06-20 08:09:15,114] 39 root - INFO - [Attacker] Label flip: 0 samples class 1 \u2192 class 0
[2026-06-20 08:09:15,124] 39 root - INFO - [Attacker] Label flip: 0 samples class 1 \u2192 class 0
[2026-06-20 08:09:15,133] 39 root - INFO - [Attacker] Label flip: 0 samples class 1 \u2192 class 0
[2026-06-20 08:09:15,143] 39 root - INFO - [Attacker] Label flip: 0 samples class 1 \u2192 class 0
[2026-06-20 08:09:15,155] 39 root - INFO - [Attacker] Label flip: 0 samples class 1 \u2192 class 0
[2026-06-20 08:09:15,165] 39 root - INFO - [Attacker] Label flip: 0 samples class 1 \u2192 class 0
[2026-06-20 08:09:15,174] 39 root - INFO - [Attacker] Label flip: 0 samples class 1 \u2192 class 0
[2026-06-20 08:09:15,185] 39 root - INFO - [Attacker] Label flip: 0 samples class 1 \u2192 class 0
[2026-06-20 08:09:15,193] 39 root - INFO - [Attacker] Label flip: 0 samples class 1 \u2192 class 0
[2026-06-20 08:09:15,203] 39 root - INFO - [Attacker] Label flip: 0 samples class 1 \u2192 class 0
[2026-06-20 08:09:15,211] 39 root - INFO - [Attacker] Label flip: 0 samples class 1 \u2192 class 0
[2026-06-20 08:09:15,221] 39 root - INFO - [Attacker] Label flip: 0 samples class 1 \u2192 class 0
[2026-06-20 08:09:15,231] 39 root - INFO - [Attacker] Label flip: 0 samples class 1 \u2192 class 0
[2026-06-20 08:09:15,243] 39 root - INFO - [Attacker] Label flip: 0 samples class 1 \u2192 class 0
[2026-06-20 08:09:15,253] 39 root - INFO - [Attacker] Label flip: 0 samples class 1 \u2192 class 0
[2026-06-20 08:09:15,263] 39 root - INFO - [Attacker] Label flip: 0 samples class 1 \u2192 class 0
[2026-06-20 08:09:15,272] 39 root - INFO - [Attacker] Label flip: 0 samples class 1 \u2192 class 0
[2026-06-20 08:09:15,281] 39 root - INFO - [Attacker] Label flip: 0 samples class 1 \u2192 class 0
[2026-06-20 08:09:15,291] 39 root - INFO - [Attacker] Label flip: 0 samples class 1 \u2192 class 0
[2026-06-20 08:09:15,299] 39 root - INFO - [Attacker] Label flip: 0 samples class 1 \u2192 class 0
[2026-06-20 08:09:15,308] 39 root - INFO - [Attacker] Label flip: 0 samples class 1 \u2192 class 0
[2026-06-20 08:09:15,317] 39 root - INFO - [Attacker] Label flip: 0 samples class 1 \u2192 class 0
[2026-06-20 08:09:15,326] 39 root - INFO - [Attacker] Label flip: 0 samples class 1 \u2192 class 0
[2026-06-20 08:09:15,334] 39 root - INFO - [Attacker] Label flip: 0 samples class 1 \u2192 class 0
[2026-06-20 08:09:15,342] 39 root - INFO - [Attacker] Label flip: 0 samples class 1 \u2192 class 0
[2026-06-20 08:09:15,353] 39 root - INFO - [Attacker] Label flip: 0 samples class 1 \u2192 class 0
[2026-06-20 08:09:15,362] 39 root - INFO - [Attacker] Label flip: 0 samples class 1 \u2192 class 0
[2026-06-20 08:09:15,371] 39 root - INFO - [Attacker] Label flip: 0 samples class 1 \u2192 class 0
[2026-06-20 08:09:15,381] 39 root - INFO - [Attacker] Label flip: 1 samples class 1 \u2192 class 0
[2026-06-20 08:09:15,389] 39 root - INFO - [Attacker] Label flip: 1 samples class 1 \u2192 class 0
[2026-06-20 08:09:15,400] 39 root - INFO - [Attacker] Label flip: 0 samples class 1 \u2192 class 0
[2026-06-20 08:09:15,410] 39 root - INFO - [Attacker] Label flip: 0 samples class 1 \u2192 class 0
[2026-06-20 08:09:15,418] 39 root - INFO - [Attacker] Label flip: 0 samples class 1 \u2192 class 0
[2026-06-20 08:09:15,428] 39 root - INFO - [Attacker] Label flip: 0 samples class 1 \u2192 class 0
[2026-06-20 08:09:15,437] 39 root - INFO - [Attacker] Label flip: 0 samples class 1 \u2192 class 0
[2026-06-20 08:09:15,445] 39 root - INFO - [Attacker] Label flip: 0 samples class 1 \u2192 class 0
[2026-06-20 08:09:15,454] 39 root - INFO - [Attacker] Label flip: 0 samples class 1 \u2192 class 0
[2026-06-20 08:09:15,463] 39 root - INFO - [Attacker] Label flip: 0 samples class 1 \u2192 class 0
[2026-06-20 08:09:15,472] 39 root - INFO - [Attacker] Label flip: 0 samples class 1 \u2192 class 0
[2026-06-20 08:09:15,481] 39 root - INFO - [Attacker] Label flip: 0 samples class 1 \u2192 class 0
[2026-06-20 08:09:15,490] 39 root - INFO - [Attacker] Label flip: 0 samples class 1 \u2192 class 0
[2026-06-20 08:09:15,498] 39 root - INFO - [Attacker] Label flip: 0 samples class 1 \u2192 class 0
[2026-06-20 08:09:15,507] 39 root - INFO - [Attacker] Label flip: 0 samples class 1 \u2192 class 0
[2026-06-20 08:09:15,517] 39 root - INFO - [Attacker] Label flip: 0 samples class 1 \u2192 class 0
[2026-06-20 08:09:15,527] 39 root - INFO - [Attacker] Label flip: 0 samples class 1 \u2192 class 0
[2026-06-20 08:09:15,536] 39 root - INFO - [Attacker] Label flip: 1 samples class 1 \u2192 class 0
[2026-06-20 08:09:15,548] 39 root - INFO - [Attacker] Label flip: 0 samples class 1 \u2192 class 0
[2026-06-20 08:09:15,557] 39 root - INFO - [Attacker] Label flip: 0 samples class 1 \u2192 class 0
[2026-06-20 08:09:15,568] 39 root - INFO - [Attacker] Label flip: 0 samples class 1 \u2192 class 0
[2026-06-20 08:09:15,578] 39 root - INFO - [Attacker] Label flip: 0 samples class 1 \u2192 class 0
[2026-06-20 08:09:15,588] 39 root - INFO - [Attacker] Label flip: 0 samples class 1 \u2192 class 0
[2026-06-20 08:09:15,597] 39 root - INFO - [Attacker] Label flip: 0 samples class 1 \u2192 class 0
[2026-06-20 08:09:15,606] 39 root - INFO - [Attacker] Label flip: 0 samples class 1 \u2192 class 0
[2026-06-20 08:09:15,616] 39 root - INFO - [Attacker] Label flip: 0 samples class 1 \u2192 class 0
[2026-06-20 08:09:15,623] 39 root - INFO - [Attacker] Label flip: 0 samples class 1 \u2192 class 0
[2026-06-20 08:09:15,632] 39 root - INFO - [Attacker] Label flip: 0 samples class 1 \u2192 class 0
[2026-06-20 08:09:15,642] 39 root - INFO - [Attacker] Label flip: 0 samples class 1 \u2192 class 0
[2026-06-20 08:09:15,651] 39 root - INFO - [Attacker] Label flip: 0 samples class 1 \u2192 class 0
[2026-06-20 08:09:15,660] 39 root - INFO - [Attacker] Label flip: 0 samples class 1 \u2192 class 0
[2026-06-20 08:09:15,668] 39 root - INFO - [Attacker] Label flip: 0 samples class 1 \u2192 class 0
[2026-06-20 08:09:15,675] 39 root - INFO - [Attacker] Label flip: 0 samples class 1 \u2192 class 0
[2026-06-20 08:09:15,683] 39 root - INFO - [Attacker] Label flip: 0 samples class 1 \u2192 class 0
[2026-06-20 08:09:15,692] 39 root - INFO - [Attacker] Label flip: 0 samples class 1 \u2192 class 0
[2026-06-20 08:09:15,700] 39 root - INFO - [Attacker] Label flip: 0 samples class 1 \u2192 class 0
[2026-06-20 08:09:15,708] 39 root - INFO - [Attacker] Label flip: 0 samples class 1 \u2192 class 0
[2026-06-20 08:09:15,717] 39 root - INFO - [Attacker] Label flip: 0 samples class 1 \u2192 class 0
[2026-06-20 08:09:15,725] 39 root - INFO - [Attacker] Label flip: 0 samples class 1 \u2192 class 0
[2026-06-20 08:09:15,733] 39 root - INFO - [Attacker] Label flip: 0 samples class 1 \u2192 class 0
[2026-06-20 08:09:15,741] 39 root - INFO - [Attacker] Label flip: 0 samples class 1 \u2192 class 0
[2026-06-20 08:09:15,748] 39 root - INFO - [Attacker] Label flip: 0 samples class 1 \u2192 class 0
[2026-06-20 08:09:15,758] 39 root - INFO - [Attacker] Label flip: 0 samples class 1 \u2192 class 0
[2026-06-20 08:09:15,766] 39 root - INFO - [Attacker] Label flip: 0 samples class 1 \u2192 class 0
[2026-06-20 08:09:15,774] 39 root - INFO - [Attacker] Label flip: 0 samples class 1 \u2192 class 0
[2026-06-20 08:09:15,782] 39 root - INFO - [Attacker] Label flip: 0 samples class 1 \u2192 class 0
[2026-06-20 08:09:15,790] 39 root - INFO - [Attacker] Label flip: 0 samples class 1 \u2192 class 0
[2026-06-20 08:09:15,799] 39 root - INFO - [Attacker] Label flip: 0 samples class 1 \u2192 class 0
[2026-06-20 08:09:15,807] 39 root - INFO - [Attacker] Label flip: 0 samples class 1 \u2192 class 0
[2026-06-20 08:09:15,834] 39 root - INFO - [Attacker] Label flip: 0 samples class 1 \u2192 class 0
[2026-06-20 08:09:15,843] 39 root - INFO - [Attacker] Label flip: 0 samples class 1 \u2192 class 0
[2026-06-20 08:09:15,851] 39 root - INFO - [Attacker] Label flip: 0 samples class 1 \u2192 class 0
[2026-06-20 08:09:15,861] 39 root - INFO - [Attacker] Label flip: 0 samples class 1 \u2192 class 0
[2026-06-20 08:09:15,869] 39 root - INFO - [Attacker] Label flip: 0 samples class 1 \u2192 class 0
[2026-06-20 08:09:15,877] 39 root - INFO - [Attacker] Label flip: 0 samples class 1 \u2192 class 0
[2026-06-20 08:09:15,890] 39 root - INFO - [Attacker] Label flip: 0 samples class 1 \u2192 class 0
[2026-06-20 08:09:15,897] 39 root - INFO - [Attacker] Label flip: 0 samples class 1 \u2192 class 0
[2026-06-20 08:09:15,905] 39 root - INFO - [Attacker] Label flip: 0 samples class 1 \u2192 class 0
[2026-06-20 08:09:15,913] 39 root - INFO - [Attacker] Label flip: 0 samples class 1 \u2192 class 0
[2026-06-20 08:09:15,926] 39 root - INFO - [Attacker] Label flip: 0 samples class 1 \u2192 class 0
[2026-06-20 08:09:15,934] 39 root - INFO - [Attacker] Label flip: 0 samples class 1 \u2192 class 0
[2026-06-20 08:09:15,941] 39 root - INFO - [Attacker] Label flip: 0 samples class 1 \u2192 class 0
[2026-06-20 08:09:15,954] 39 root - INFO - [Attacker] Label flip: 0 samples class 1 \u2192 class 0
[2026-06-20 08:09:15,962] 39 root - INFO - [Attacker] Label flip: 0 samples class 1 \u2192 class 0
[2026-06-20 08:09:15,970] 39 root - INFO - [Attacker] Label flip: 0 samples class 1 \u2192 class 0
[2026-06-20 08:09:15,977] 39 root - INFO - [Attacker] Label flip: 0 samples class 1 \u2192 class 0
[2026-06-20 08:09:15,986] 39 root - INFO - [Attacker] Label flip: 0 samples class 1 \u2192 class 0
[2026-06-20 08:09:15,994] 39 root - INFO - [Attacker] Label flip: 0 samples class 1 \u2192 class 0
[2026-06-20 08:09:16,001] 39 root - INFO - [Attacker] Label flip: 0 samples class 1 \u2192 class 0
[2026-06-20 08:09:16,010] 39 root - INFO - [Attacker] Label flip: 0 samples class 1 \u2192 class 0
[2026-06-20 08:09:16,018] 39 root - INFO - [Attacker] Label flip: 0 samples class 1 \u2192 class 0
[2026-06-20 08:09:16,027] 39 root - INFO - [Attacker] Label flip: 0 samples class 1 \u2192 class 0
[2026-06-20 08:09:16,035] 39 root - INFO - [Attacker] Label flip: 0 samples class 1 \u2192 class 0
[2026-06-20 08:09:16,043] 39 root - INFO - [Attacker] Label flip: 0 samples class 1 \u2192 class 0
[2026-06-20 08:09:16,058] 39 root - INFO - [Attacker] Label flip: 0 samples class 1 \u2192 class 0
[2026-06-20 08:09:16,066] 39 root - INFO - [Attacker] Label flip: 0 samples class 1 \u2192 class 0
[2026-06-20 08:09:16,074] 39 root - INFO - [Attacker] Label flip: 0 samples class 1 \u2192 class 0
[2026-06-20 08:09:16,090] 39 root - INFO - [Attacker] Label flip: 0 samples class 1 \u2192 class 0
[2026-06-20 08:09:16,099] 39 root - INFO - [Attacker] Label flip: 0 samples class 1 \u2192 class 0
[2026-06-20 08:09:16,106] 39 root - INFO - [Attacker] Label flip: 0 samples class 1 \u2192 class 0
[2026-06-20 08:09:16,116] 39 root - INFO - [Attacker] Label flip: 0 samples class 1 \u2192 class 0
[2026-06-20 08:09:16,124] 39 root - INFO - [Attacker] Label flip: 0 samples class 1 \u2192 class 0
[2026-06-20 08:09:16,132] 39 root - INFO - [Attacker] Label flip: 0 samples class 1 \u2192 class 0
[2026-06-20 08:09:16,140] 39 root - INFO - [Attacker] Label flip: 0 samples class 1 \u2192 class 0
[2026-06-20 08:09:16,148] 39 root - INFO - [Attacker] Label flip: 0 samples class 1 \u2192 class 0
[2026-06-20 08:09:16,156] 39 root - INFO - [Attacker] Label flip: 0 samples class 1 \u2192 class 0
[2026-06-20 08:09:16,164] 39 root - INFO - [Attacker] Label flip: 0 samples class 1 \u2192 class 0
[2026-06-20 08:09:16,172] 39 root - INFO - [Attacker] Label flip: 0 samples class 1 \u2192 class 0
[2026-06-20 08:09:16,180] 39 root - INFO - [Attacker] Label flip: 0 samples class 1 \u2192 class 0
[2026-06-20 08:09:16,191] 39 root - INFO - [Attacker] Label flip: 0 samples class 1 \u2192 class 0
[2026-06-20 08:09:16,199] 39 root - INFO - [Attacker] Label flip: 0 samples class 1 \u2192 class 0
[2026-06-20 08:09:16,208] 39 root - INFO - [Attacker] Label flip: 0 samples class 1 \u2192 class 0
[2026-06-20 08:09:16,215] 39 root - INFO - [Attacker] Label flip: 0 samples class 1 \u2192 class 0
[2026-06-20 08:09:16,224] 39 root - INFO - [Attacker] Label flip: 0 samples class 1 \u2192 class 0
[2026-06-20 08:09:16,233] 39 root - INFO - [Attacker] Label flip: 0 samples class 1 \u2192 class 0
[2026-06-20 08:09:16,241] 39 root - INFO - [Attacker] Label flip: 0 samples class 1 \u2192 class 0
[2026-06-20 08:09:16,250] 39 root - INFO - [Attacker] Label flip: 0 samples class 1 \u2192 class 0
[2026-06-20 08:09:16,258] 39 root - INFO - [Attacker] Label flip: 0 samples class 1 \u2192 class 0
[2026-06-20 08:09:16,267] 39 root - INFO - [Attacker] Label flip: 0 samples class 1 \u2192 class 0
[2026-06-20 08:09:16,274] 39 root - INFO - [Attacker] Label flip: 0 samples class 1 \u2192 class 0
[2026-06-20 08:09:16,283] 39 root - INFO - [Attacker] Label flip: 0 samples class 1 \u2192 class 0
[2026-06-20 08:09:16,292] 39 root - INFO - [Attacker] Label flip: 0 samples class 1 \u2192 class 0
[2026-06-20 08:09:16,300] 39 root - INFO - [Attacker] Label flip: 0 samples class 1 \u2192 class 0
[2026-06-20 08:09:16,308] 39 root - INFO - [Attacker] Label flip: 0 samples class 1 \u2192 class 0
[2026-06-20 08:09:16,317] 39 root - INFO - [Attacker] Label flip: 0 samples class 1 \u2192 class 0
[2026-06-20 08:09:16,325] 39 root - INFO - [Attacker] Label flip: 0 samples class 1 \u2192 class 0
[2026-06-20 08:09:16,334] 39 root - INFO - [Attacker] Label flip: 0 samples class 1 \u2192 class 0
[2026-06-20 08:09:16,344] 39 root - INFO - [Attacker] Label flip: 0 samples class 1 \u2192 class 0
[2026-06-20 08:09:16,368] 39 root - INFO - [Attacker] Label flip: 0 samples class 1 \u2192 class 0
[2026-06-20 08:09:16,378] 39 root - INFO - [Attacker] Label flip: 0 samples class 1 \u2192 class 0
[2026-06-20 08:09:16,388] 39 root - INFO - [Attacker] Label flip: 0 samples class 1 \u2192 class 0
[2026-06-20 08:09:16,396] 39 root - INFO - [Attacker] Label flip: 0 samples class 1 \u2192 class 0
[2026-06-20 08:09:16,404] 39 root - INFO - [Attacker] Label flip: 0 samples class 1 \u2192 class 0
[2026-06-20 08:09:16,413] 39 root - INFO - [Attacker] Label flip: 1 samples class 1 \u2192 class 0
[2026-06-20 08:09:16,429] 39 root - INFO - [Attacker] Label flip: 0 samples class 1 \u2192 class 0
[2026-06-20 08:09:16,438] 39 root - INFO - [Attacker] Label flip: 0 samples class 1 \u2192 class 0
[2026-06-20 08:09:16,445] 39 root - INFO - [Attacker] Label flip: 0 samples class 1 \u2192 class 0
[2026-06-20 08:09:16,459] 39 root - INFO - [Attacker] Label flip: 0 samples class 1 \u2192 class 0
[2026-06-20 08:09:16,467] 39 root - INFO - [Attacker] Label flip: 0 samples class 1 \u2192 class 0
[2026-06-20 08:09:16,476] 39 root - INFO - [Attacker] Label flip: 0 samples class 1 \u2192 class 0
[2026-06-20 08:09:16,484] 39 root - INFO - [Attacker] Label flip: 0 samples class 1 \u2192 class 0
[2026-06-20 08:09:16,493] 39 root - INFO - [Attacker] Label flip: 0 samples class 1 \u2192 class 0
[2026-06-20 08:09:16,500] 39 root - INFO - [Attacker] Label flip: 0 samples class 1 \u2192 class 0
[2026-06-20 08:09:16,508] 39 root - INFO - [Attacker] Label flip: 0 samples class 1 \u2192 class 0
[2026-06-20 08:09:16,516] 39 root - INFO - [Attacker] Label flip: 0 samples class 1 \u2192 class 0
[2026-06-20 08:09:16,524] 39 root - INFO - [Attacker] Label flip: 0 samples class 1 \u2192 class 0
[2026-06-20 08:09:16,533] 39 root - INFO - [Attacker] Label flip: 0 samples class 1 \u2192 class 0
[2026-06-20 08:09:16,540] 39 root - INFO - [Attacker] Label flip: 0 samples class 1 \u2192 class 0
[2026-06-20 08:09:16,553] 39 root - INFO - [Attacker] Label flip: 0 samples class 1 \u2192 class 0
[2026-06-20 08:09:16,561] 39 root - INFO - [Attacker] Label flip: 0 samples class 1 \u2192 class 0
[2026-06-20 08:09:16,569] 39 root - INFO - [Attacker] Label flip: 0 samples class 1 \u2192 class 0
[2026-06-20 08:09:16,577] 39 root - INFO - [Attacker] Label flip: 0 samples class 1 \u2192 class 0
[2026-06-20 08:09:16,590] 39 root - INFO - [Attacker] Label flip: 0 samples class 1 \u2192 class 0
[2026-06-20 08:09:16,599] 39 root - INFO - [Attacker] Label flip: 0 samples class 1 \u2192 class 0
[2026-06-20 08:09:16,606] 39 root - INFO - [Attacker] Label flip: 0 samples class 1 \u2192 class 0
[2026-06-20 08:09:16,614] 39 root - INFO - [Attacker] Label flip: 0 samples class 1 \u2192 class 0
[2026-06-20 08:09:16,630] 39 root - INFO - [Attacker] Label flip: 0 samples class 1 \u2192 class 0
[2026-06-20 08:09:16,638] 39 root - INFO - [Attacker] Label flip: 0 samples class 1 \u2192 class 0
[2026-06-20 08:09:16,646] 39 root - INFO - [Attacker] Label flip: 0 samples class 1 \u2192 class 0
[2026-06-20 08:09:16,654] 39 root - INFO - [Attacker] Label flip: 0 samples class 1 \u2192 class 0
[2026-06-20 08:09:16,664] 39 root - INFO - [Attacker] Label flip: 0 samples class 1 \u2192 class 0
[2026-06-20 08:09:16,671] 39 root - INFO - [Attacker] Label flip: 0 samples class 1 \u2192 class 0
[2026-06-20 08:09:16,678] 39 root - INFO - [Attacker] Label flip: 0 samples class 1 \u2192 class 0
[2026-06-20 08:09:16,687] 39 root - INFO - [Attacker] Label flip: 1 samples class 1 \u2192 class 0
[2026-06-20 08:09:16,696] 39 root - INFO - [Attacker] Label flip: 0 samples class 1 \u2192 class 0
[2026-06-20 08:09:16,704] 39 root - INFO - [Attacker] Label flip: 0 samples class 1 \u2192 class 0
[2026-06-20 08:09:16,711] 39 root - INFO - [Attacker] Label flip: 0 samples class 1 \u2192 class 0
[2026-06-20 08:09:16,720] 39 root - INFO - [Attacker] Label flip: 0 samples class 1 \u2192 class 0
[2026-06-20 08:09:16,728] 39 root - INFO - [Attacker] Label flip: 0 samples class 1 \u2192 class 0
[2026-06-20 08:09:16,736] 39 root - INFO - [Attacker] Label flip: 0 samples class 1 \u2192 class 0
[2026-06-20 08:09:16,744] 39 root - INFO - [Attacker] Label flip: 0 samples class 1 \u2192 class 0
[2026-06-20 08:09:16,752] 39 root - INFO - [Attacker] Label flip: 0 samples class 1 \u2192 class 0
[2026-06-20 08:09:16,761] 39 root - INFO - [Attacker] Label flip: 0 samples class 1 \u2192 class 0
[2026-06-20 08:09:16,769] 39 root - INFO - [Attacker] Label flip: 0 samples class 1 \u2192 class 0
[2026-06-20 08:09:16,777] 39 root - INFO - [Attacker] Label flip: 0 samples class 1 \u2192 class 0
[2026-06-20 08:09:16,785] 39 root - INFO - [Attacker] Label flip: 0 samples class 1 \u2192 class 0
[2026-06-20 08:09:16,794] 39 root - INFO - [Attacker] Label flip: 0 samples class 1 \u2192 class 0
[2026-06-20 08:09:16,802] 39 root - INFO - [Attacker] Label flip: 0 samples class 1 \u2192 class 0
[2026-06-20 08:09:16,810] 39 root - INFO - [Attacker] Label flip: 0 samples class 1 \u2192 class 0
[2026-06-20 08:09:16,818] 39 root - INFO - [Attacker] Label flip: 0 samples class 1 \u2192 class 0
[2026-06-20 08:09:16,827] 39 root - INFO - [Attacker] Label flip: 0 samples class 1 \u2192 class 0
[2026-06-20 08:09:16,834] 39 root - INFO - [Attacker] Label flip: 0 samples class 1 \u2192 class 0
[2026-06-20 08:09:16,842] 39 root - INFO - [Attacker] Label flip: 0 samples class 1 \u2192 class 0
[2026-06-20 08:09:16,850] 39 root - INFO - [Attacker] Label flip: 0 samples class 1 \u2192 class 0
[2026-06-20 08:09:16,858] 39 root - INFO - [Attacker] Label flip: 0 samples class 1 \u2192 class 0
[2026-06-20 08:09:16,867] 39 root - INFO - [Attacker] Label flip: 0 samples class 1 \u2192 class 0
[2026-06-20 08:09:16,875] 39 root - INFO - [Attacker] Label flip: 0 samples class 1 \u2192 class 0
[2026-06-20 08:09:16,884] 39 root - INFO - [Attacker] Label flip: 0 samples class 1 \u2192 class 0
[2026-06-20 08:09:16,892] 39 root - INFO - [Attacker] Label flip: 0 samples class 1 \u2192 class 0
[2026-06-20 08:09:16,902] 39 root - INFO - [Attacker] Label flip: 0 samples class 1 \u2192 class 0
[2026-06-20 08:09:16,914] 39 root - INFO - [Attacker] Label flip: 0 samples class 1 \u2192 class 0
[2026-06-20 08:09:16,923] 39 root - INFO - [Attacker] Label flip: 0 samples class 1 \u2192 class 0
[2026-06-20 08:09:16,932] 39 root - INFO - [Attacker] Label flip: 0 samples class 1 \u2192 class 0
[2026-06-20 08:09:16,940] 39 root - INFO - [Attacker] Label flip: 0 samples class 1 \u2192 class 0
[2026-06-20 08:09:16,949] 39 root - INFO - [Attacker] Label flip: 0 samples class 1 \u2192 class 0
[2026-06-20 08:09:16,957] 39 root - INFO - [Attacker] Label flip: 0 samples class 1 \u2192 class 0
[2026-06-20 08:09:16,964] 39 root - INFO - [Attacker] Label flip: 0 samples class 1 \u2192 class 0
[2026-06-20 08:09:16,973] 39 root - INFO - [Attacker] Label flip: 0 samples class 1 \u2192 class 0
[2026-06-20 08:09:16,982] 39 root - INFO - [Attacker] Label flip: 0 samples class 1 \u2192 class 0
[2026-06-20 08:09:16,991] 39 root - INFO - [Attacker] Label flip: 0 samples class 1 \u2192 class 0
[2026-06-20 08:09:16,998] 39 root - INFO - [Attacker] Label flip: 0 samples class 1 \u2192 class 0
[2026-06-20 08:09:17,006] 39 root - INFO - [Attacker] Label flip: 0 samples class 1 \u2192 class 0
[2026-06-20 08:09:17,014] 39 root - INFO - [Attacker] Label flip: 0 samples class 1 \u2192 class 0
[2026-06-20 08:09:17,023] 39 root - INFO - [Attacker] Label flip: 0 samples class 1 \u2192 class 0
[2026-06-20 08:09:17,031] 39 root - INFO - [Attacker] Label flip: 0 samples class 1 \u2192 class 0
[2026-06-20 08:09:17,039] 39 root - INFO - [Attacker] Label flip: 0 samples class 1 \u2192 class 0
[2026-06-20 08:09:17,046] 39 root - INFO - [Attacker] Label flip: 0 samples class 1 \u2192 class 0
[2026-06-20 08:09:17,054] 39 root - INFO - [Attacker] Label flip: 0 samples class 1 \u2192 class 0
[2026-06-20 08:09:17,063] 39 root - INFO - [Attacker] Label flip: 0 samples class 1 \u2192 class 0
[2026-06-20 08:09:17,070] 39 root - INFO - [Attacker] Label flip: 0 samples class 1 \u2192 class 0
[2026-06-20 08:09:17,078] 39 root - INFO - [Attacker] Label flip: 0 samples class 1 \u2192 class 0
[2026-06-20 08:09:17,086] 39 root - INFO - [Attacker] Label flip: 0 samples class 1 \u2192 class 0
[2026-06-20 08:09:17,095] 39 root - INFO - [Attacker] Label flip: 0 samples class 1 \u2192 class 0
[2026-06-20 08:09:17,102] 39 root - INFO - [Attacker] Label flip: 0 samples class 1 \u2192 class 0
[2026-06-20 08:09:17,110] 39 root - INFO - [Attacker] Label flip: 0 samples class 1 \u2192 class 0
[2026-06-20 08:09:17,118] 39 root - INFO - [Attacker] Label flip: 0 samples class 1 \u2192 class 0
[2026-06-20 08:09:17,126] 39 root - INFO - [Attacker] Label flip: 0 samples class 1 \u2192 class 0
[2026-06-20 08:09:17,134] 39 root - INFO - [Attacker] Label flip: 0 samples class 1 \u2192 class 0
[2026-06-20 08:09:17,141] 39 root - INFO - [Attacker] Label flip: 0 samples class 1 \u2192 class 0
[2026-06-20 08:09:17,156] 39 root - INFO - [Attacker] Label flip: 0 samples class 1 \u2192 class 0
[2026-06-20 08:09:17,164] 39 root - INFO - [Attacker] Label flip: 0 samples class 1 \u2192 class 0
[2026-06-20 08:09:17,172] 39 root - INFO - [Attacker] Label flip: 0 samples class 1 \u2192 class 0
[2026-06-20 08:09:17,180] 39 root - INFO - [Attacker] Label flip: 0 samples class 1 \u2192 class 0
[2026-06-20 08:09:17,190] 39 root - INFO - [Attacker] Label flip: 0 samples class 1 \u2192 class 0
[2026-06-20 08:09:17,198] 39 root - INFO - [Attacker] Label flip: 0 samples class 1 \u2192 class 0
[2026-06-20 08:09:17,205] 39 root - INFO - [Attacker] Label flip: 0 samples class 1 \u2192 class 0
[2026-06-20 08:09:17,213] 39 root - INFO - [Attacker] Label flip: 0 samples class 1 \u2192 class 0
[2026-06-20 08:09:17,225] 39 root - INFO - [Attacker] Label flip: 0 samples class 1 \u2192 class 0
[2026-06-20 08:09:17,233] 39 root - INFO - [Attacker] Label flip: 0 samples class 1 \u2192 class 0
[2026-06-20 08:09:17,241] 39 root - INFO - [Attacker] Label flip: 0 samples class 1 \u2192 class 0
[2026-06-20 08:09:17,253] 39 root - INFO - [Attacker] Label flip: 0 samples class 1 \u2192 class 0
[2026-06-20 08:09:17,262] 39 root - INFO - [Attacker] Label flip: 0 samples class 1 \u2192 class 0
[2026-06-20 08:09:17,271] 39 root - INFO - [Attacker] Label flip: 0 samples class 1 \u2192 class 0
[2026-06-20 08:09:17,278] 39 root - INFO - [Attacker] Label flip: 0 samples class 1 \u2192 class 0
[2026-06-20 08:09:17,286] 39 root - INFO - [Attacker] Label flip: 0 samples class 1 \u2192 class 0
[2026-06-20 08:09:17,295] 39 root - INFO - [Attacker] Label flip: 0 samples class 1 \u2192 class 0
[2026-06-20 08:09:17,302] 39 root - INFO - [Attacker] Label flip: 0 samples class 1 \u2192 class 0
[2026-06-20 08:09:17,310] 39 root - INFO - [Attacker] Label flip: 0 samples class 1 \u2192 class 0
[2026-06-20 08:09:17,319] 39 root - INFO - [Attacker] Label flip: 0 samples class 1 \u2192 class 0
[2026-06-20 08:09:17,327] 39 root - INFO - [Attacker] Label flip: 0 samples class 1 \u2192 class 0
[2026-06-20 08:09:17,334] 39 root - INFO - [Attacker] Label flip: 0 samples class 1 \u2192 class 0
[2026-06-20 08:09:17,343] 39 root - INFO - [Attacker] Label flip: 0 samples class 1 \u2192 class 0
[2026-06-20 08:09:17,356] 39 root - INFO - [Attacker] Label flip: 0 samples class 1 \u2192 class 0
[2026-06-20 08:09:17,364] 39 root - INFO - [Attacker] Label flip: 0 samples class 1 \u2192 class 0
[2026-06-20 08:09:17,372] 39 root - INFO - [Attacker] Label flip: 0 samples class 1 \u2192 class 0
[2026-06-20 08:09:17,379] 39 root - INFO - [Attacker] Label flip: 0 samples class 1 \u2192 class 0
[2026-06-20 08:09:17,388] 39 root - INFO - [Attacker] Label flip: 0 samples class 1 \u2192 class 0
[2026-06-20 08:09:17,396] 39 root - INFO - [Attacker] Label flip: 0 samples class 1 \u2192 class 0
[2026-06-20 08:09:17,403] 39 root - INFO - [Attacker] Label flip: 0 samples class 1 \u2192 class 0
[2026-06-20 08:09:17,412] 39 root - INFO - [Attacker] Label flip: 0 samples class 1 \u2192 class 0
[2026-06-20 08:09:17,421] 39 root - INFO - [Attacker] Label flip: 0 samples class 1 \u2192 class 0
[2026-06-20 08:09:17,430] 39 root - INFO - [Attacker] Label flip: 0 samples class 1 \u2192 class 0
[2026-06-20 08:09:17,438] 39 root - INFO - [Attacker] Label flip: 0 samples class 1 \u2192 class 0
[2026-06-20 08:09:17,446] 39 root - INFO - [Attacker] Label flip: 0 samples class 1 \u2192 class 0
[2026-06-20 08:09:17,455] 39 root - INFO - [Attacker] Label flip: 0 samples class 1 \u2192 class 0
[2026-06-20 08:09:17,463] 39 root - INFO - [Attacker] Label flip: 0 samples class 1 \u2192 class 0
[2026-06-20 08:09:17,471] 39 root - INFO - [Attacker] Label flip: 0 samples class 1 \u2192 class 0
[2026-06-20 08:09:17,480] 39 root - INFO - [Attacker] Label flip: 0 samples class 1 \u2192 class 0
[2026-06-20 08:09:17,487] 39 root - INFO - [Attacker] Label flip: 0 samples class 1 \u2192 class 0
[2026-06-20 08:09:17,497] 39 root - INFO - [Attacker] Label flip: 0 samples class 1 \u2192 class 0
[2026-06-20 08:09:17,505] 39 root - INFO - [Attacker] Label flip: 0 samples class 1 \u2192 class 0
[2026-06-20 08:09:17,512] 39 root - INFO - [Attacker] Label flip: 0 samples class 1 \u2192 class 0
[2026-06-20 08:09:17,522] 39 root - INFO - [Attacker] Label flip: 0 samples class 1 \u2192 class 0
[2026-06-20 08:09:17,531] 39 root - INFO - [Attacker] Label flip: 0 samples class 1 \u2192 class 0
[2026-06-20 08:09:17,538] 39 root - INFO - [Attacker] Label flip: 0 samples class 1 \u2192 class 0
[2026-06-20 08:09:17,546] 39 root - INFO - [Attacker] Label flip: 0 samples class 1 \u2192 class 0
[2026-06-20 08:09:17,555] 39 root - INFO - [Attacker] Label flip: 0 samples class 1 \u2192 class 0
[2026-06-20 08:09:17,562] 39 root - INFO - [Attacker] Label flip: 0 samples class 1 \u2192 class 0
[2026-06-20 08:09:17,570] 39 root - INFO - [Attacker] Label flip: 0 samples class 1 \u2192 class 0
[2026-06-20 08:09:17,578] 39 root - INFO - [Attacker] Label flip: 0 samples class 1 \u2192 class 0
[2026-06-20 08:09:17,586] 39 root - INFO - [Attacker] Label flip: 0 samples class 1 \u2192 class 0
[2026-06-20 08:09:17,594] 39 root - INFO - [Attacker] Label flip: 0 samples class 1 \u2192 class 0
[2026-06-20 08:09:17,602] 39 root - INFO - [Attacker] Label flip: 0 samples class 1 \u2192 class 0
[2026-06-20 08:09:17,609] 39 root - INFO - [Attacker] Label flip: 0 samples class 1 \u2192 class 0
[2026-06-20 08:09:17,623] 39 root - INFO - [Attacker] Label flip: 0 samples class 1 \u2192 class 0
[2026-06-20 08:09:17,631] 39 root - INFO - [Attacker] Label flip: 0 samples class 1 \u2192 class 0
[2026-06-20 08:09:17,639] 39 root - INFO - [Attacker] Label flip: 0 samples class 1 \u2192 class 0
[2026-06-20 08:09:17,647] 39 root - INFO - [Attacker] Label flip: 0 samples class 1 \u2192 class 0
[2026-06-20 08:09:17,662] 39 root - INFO - [Attacker] Label flip: 0 samples class 1 \u2192 class 0
[2026-06-20 08:09:17,670] 39 root - INFO - [Attacker] Label flip: 0 samples class 1 \u2192 class 0
[2026-06-20 08:09:17,677] 39 root - INFO - [Attacker] Label flip: 0 samples class 1 \u2192 class 0
[2026-06-20 08:09:17,695] 39 root - INFO - [Attacker] Label flip: 0 samples class 1 \u2192 class 0
[2026-06-20 08:09:17,703] 39 root - INFO - [Attacker] Label flip: 0 samples class 1 \u2192 class 0
[2026-06-20 08:09:17,711] 39 root - INFO - [Attacker] Label flip: 0 samples class 1 \u2192 class 0
[2026-06-20 08:09:17,720] 39 root - INFO - [Attacker] Label flip: 0 samples class 1 \u2192 class 0
[2026-06-20 08:09:17,727] 39 root - INFO - [Attacker] Label flip: 0 samples class 1 \u2192 class 0
[2026-06-20 08:09:17,734] 39 root - INFO - [Attacker] Label flip: 0 samples class 1 \u2192 class 0
[2026-06-20 08:09:17,744] 39 root - INFO - [Attacker] Label flip: 0 samples class 1 \u2192 class 0
[2026-06-20 08:09:17,757] 39 root - INFO - [Attacker] Label flip: 1 samples class 1 \u2192 class 0
[2026-06-20 08:09:17,765] 39 root - INFO - [Attacker] Label flip: 0 samples class 1 \u2192 class 0
[2026-06-20 08:09:17,772] 39 root - INFO - [Attacker] Label flip: 0 samples class 1 \u2192 class 0
[2026-06-20 08:09:17,780] 39 root - INFO - [Attacker] Label flip: 0 samples class 1 \u2192 class 0
[2026-06-20 08:09:17,788] 39 root - INFO - [Attacker] Label flip: 0 samples class 1 \u2192 class 0
[2026-06-20 08:09:17,796] 39 root - INFO - [Attacker] Label flip: 0 samples class 1 \u2192 class 0
[2026-06-20 08:09:17,804] 39 root - INFO - [Attacker] Label flip: 0 samples class 1 \u2192 class 0
[2026-06-20 08:09:17,812] 39 root - INFO - [Attacker] Label flip: 2 samples class 1 \u2192 class 0
[2026-06-20 08:09:17,820] 39 root - INFO - [Attacker] Label flip: 0 samples class 1 \u2192 class 0
[2026-06-20 08:09:17,828] 39 root - INFO - [Attacker] Label flip: 0 samples class 1 \u2192 class 0
[2026-06-20 08:09:17,837] 39 root - INFO - [Attacker] Label flip: 0 samples class 1 \u2192 class 0
[2026-06-20 08:09:17,845] 39 root - INFO - [Attacker] Label flip: 0 samples class 1 \u2192 class 0
[2026-06-20 08:09:17,854] 39 root - INFO - [Attacker] Label flip: 0 samples class 1 \u2192 class 0
[2026-06-20 08:09:17,862] 39 root - INFO - [Attacker] Label flip: 0 samples class 1 \u2192 class 0
[2026-06-20 08:09:17,870] 39 root - INFO - [Attacker] Label flip: 0 samples class 1 \u2192 class 0
[2026-06-20 08:09:17,878] 39 root - INFO - [Attacker] Label flip: 0 samples class 1 \u2192 class 0
[2026-06-20 08:09:17,892] 39 root - INFO - [Attacker] Label flip: 0 samples class 1 \u2192 class 0
[2026-06-20 08:09:17,901] 39 root - INFO - [Attacker] Label flip: 0 samples class 1 \u2192 class 0
[2026-06-20 08:09:17,908] 39 root - INFO - [Attacker] Label flip: 0 samples class 1 \u2192 class 0
[2026-06-20 08:09:17,918] 39 root - INFO - [Attacker] Label flip: 0 samples class 1 \u2192 class 0
[2026-06-20 08:09:17,925] 39 root - INFO - [Attacker] Label flip: 0 samples class 1 \u2192 class 0
[2026-06-20 08:09:17,935] 39 root - INFO - [Attacker] Label flip: 1 samples class 1 \u2192 class 0
[2026-06-20 08:09:17,941] 39 root - INFO - [Attacker] Label flip: 0 samples class 1 \u2192 class 0
[2026-06-20 08:09:17,950] 39 root - INFO - [Attacker] Label flip: 0 samples class 1 \u2192 class 0
[2026-06-20 08:09:17,958] 39 root - INFO - [Attacker] Label flip: 0 samples class 1 \u2192 class 0
[2026-06-20 08:09:17,968] 39 root - INFO - [Attacker] Label flip: 0 samples class 1 \u2192 class 0
[2026-06-20 08:09:17,974] 39 root - INFO - [Attacker] Label flip: 0 samples class 1 \u2192 class 0
[2026-06-20 08:09:17,983] 39 root - INFO - [Attacker] Label flip: 0 samples class 1 \u2192 class 0
[2026-06-20 08:09:17,991] 39 root - INFO - [Attacker] Label flip: 0 samples class 1 \u2192 class 0
[2026-06-20 08:09:18,000] 39 root - INFO - [Attacker] Label flip: 0 samples class 1 \u2192 class 0
[2026-06-20 08:09:18,007] 39 root - INFO - [Attacker] Label flip: 0 samples class 1 \u2192 class 0
[2026-06-20 08:09:18,019] 39 root - INFO - [Attacker] Label flip: 0 samples class 1 \u2192 class 0
[2026-06-20 08:09:18,027] 39 root - INFO - [Attacker] Label flip: 0 samples class 1 \u2192 class 0
[2026-06-20 08:09:18,035] 39 root - INFO - [Attacker] Label flip: 0 samples class 1 \u2192 class 0
[2026-06-20 08:09:18,042] 39 root - INFO - [Attacker] Label flip: 0 samples class 1 \u2192 class 0
[2026-06-20 08:09:18,056] 39 root - INFO - [Attacker] Label flip: 0 samples class 1 \u2192 class 0
[2026-06-20 08:09:18,063] 39 root - INFO - [Attacker] Label flip: 0 samples class 1 \u2192 class 0
[2026-06-20 08:09:18,072] 39 root - INFO - [Attacker] Label flip: 0 samples class 1 \u2192 class 0
[2026-06-20 08:09:18,079] 39 root - INFO - [Attacker] Label flip: 0 samples class 1 \u2192 class 0
[2026-06-20 08:09:18,093] 39 root - INFO - [Attacker] Label flip: 0 samples class 1 \u2192 class 0
[2026-06-20 08:09:18,100] 39 root - INFO - [Attacker] Label flip: 0 samples class 1 \u2192 class 0
[2026-06-20 08:09:18,108] 39 root - INFO - [Attacker] Label flip: 0 samples class 1 \u2192 class 0
[2026-06-20 08:09:18,116] 39 root - INFO - [Attacker] Label flip: 0 samples class 1 \u2192 class 0
[2026-06-20 08:09:18,124] 39 root - INFO - [Attacker] Label flip: 0 samples class 1 \u2192 class 0
[2026-06-20 08:09:18,132] 39 root - INFO - [Attacker] Label flip: 0 samples class 1 \u2192 class 0
[2026-06-20 08:09:18,140] 39 root - INFO - [Attacker] Label flip: 0 samples class 1 \u2192 class 0
[2026-06-20 08:09:18,147] 39 root - INFO - [Attacker] Label flip: 0 samples class 1 \u2192 class 0
[2026-06-20 08:09:18,160] 39 root - INFO - [Attacker] Label flip: 0 samples class 1 \u2192 class 0
[2026-06-20 08:09:18,167] 39 root - INFO - [Attacker] Label flip: 0 samples class 1 \u2192 class 0
[2026-06-20 08:09:18,175] 39 root - INFO - [Attacker] Label flip: 0 samples class 1 \u2192 class 0
[2026-06-20 08:09:18,189] 39 root - INFO - [Attacker] Label flip: 0 samples class 1 \u2192 class 0
[2026-06-20 08:09:18,196] 39 root - INFO - [Attacker] Label flip: 0 samples class 1 \u2192 class 0
[2026-06-20 08:09:18,204] 39 root - INFO - [Attacker] Label flip: 0 samples class 1 \u2192 class 0
[2026-06-20 08:09:18,212] 39 root - INFO - [Attacker] Label flip: 0 samples class 1 \u2192 class 0
[2026-06-20 08:09:18,220] 39 root - INFO - [Attacker] Label flip: 0 samples class 1 \u2192 class 0
[2026-06-20 08:09:18,229] 39 root - INFO - [Attacker] Label flip: 0 samples class 1 \u2192 class 0
[2026-06-20 08:09:18,237] 39 root - INFO - [Attacker] Label flip: 0 samples class 1 \u2192 class 0
[2026-06-20 08:09:18,244] 39 root - INFO - [Attacker] Label flip: 0 samples class 1 \u2192 class 0
[2026-06-20 08:09:18,254] 39 root - INFO - [Attacker] Label flip: 0 samples class 1 \u2192 class 0
[2026-06-20 08:09:18,262] 39 root - INFO - [Attacker] Label flip: 0 samples class 1 \u2192 class 0
[2026-06-20 08:09:18,270] 39 root - INFO - [Attacker] Label flip: 0 samples class 1 \u2192 class 0
[2026-06-20 08:09:18,278] 39 root - INFO - [Attacker] Label flip: 0 samples class 1 \u2192 class 0
[2026-06-20 08:09:18,286] 39 root - INFO - [Attacker] Label flip: 0 samples class 1 \u2192 class 0
[2026-06-20 08:09:18,295] 39 root - INFO - [Attacker] Label flip: 0 samples class 1 \u2192 class 0
[2026-06-20 08:09:18,302] 39 root - INFO - [Attacker] Label flip: 0 samples class 1 \u2192 class 0
[2026-06-20 08:09:18,310] 39 root - INFO - [Attacker] Label flip: 1 samples class 1 \u2192 class 0
[2026-06-20 08:09:18,318] 39 root - INFO - [Attacker] Label flip: 0 samples class 1 \u2192 class 0
[2026-06-20 08:09:18,327] 39 root - INFO - [Attacker] Label flip: 0 samples class 1 \u2192 class 0
[2026-06-20 08:09:18,334] 39 root - INFO - [Attacker] Label flip: 0 samples class 1 \u2192 class 0
[2026-06-20 08:09:18,341] 39 root - INFO - [Attacker] Label flip: 0 samples class 1 \u2192 class 0
[2026-06-20 08:09:18,348] 39 root - INFO - [Attacker] Label flip: 0 samples class 1 \u2192 class 0
[2026-06-20 08:09:18,357] 39 root - INFO - [Attacker] Label flip: 0 samples class 1 \u2192 class 0
[2026-06-20 08:09:18,365] 39 root - INFO - [Attacker] Label flip: 0 samples class 1 \u2192 class 0
[2026-06-20 08:09:18,372] 39 root - INFO - [Attacker] Label flip: 0 samples class 1 \u2192 class 0
[2026-06-20 08:09:18,571] 39 root - INFO - [Attacker] Label flip: 0 samples class 1 \u2192 class 0
[2026-06-20 08:09:18,580] 39 root - INFO - [Attacker] Label flip: 0 samples class 1 \u2192 class 0
[2026-06-20 08:09:18,593] 39 root - INFO - [Attacker] Label flip: 0 samples class 1 \u2192 class 0
[2026-06-20 08:09:18,601] 39 root - INFO - [Attacker] Label flip: 0 samples class 1 \u2192 class 0
[2026-06-20 08:09:18,608] 39 root - INFO - [Attacker] Label flip: 0 samples class 1 \u2192 class 0
[2026-06-20 08:09:18,616] 39 root - INFO - [Attacker] Label flip: 0 samples class 1 \u2192 class 0
[2026-06-20 08:09:18,625] 39 root - INFO - [Attacker] Label flip: 0 samples class 1 \u2192 class 0
[2026-06-20 08:09:18,632] 39 root - INFO - [Attacker] Label flip: 0 samples class 1 \u2192 class 0
[2026-06-20 08:09:18,640] 39 root - INFO - [Attacker] Label flip: 0 samples class 1 \u2192 class 0
[2026-06-20 08:09:18,648] 39 root - INFO - [Attacker] Label flip: 0 samples class 1 \u2192 class 0
[2026-06-20 08:09:18,656] 39 root - INFO - [Attacker] Label flip: 0 samples class 1 \u2192 class 0
[2026-06-20 08:09:18,664] 39 root - INFO - [Attacker] Label flip: 0 samples class 1 \u2192 class 0
[2026-06-20 08:09:18,672] 39 root - INFO - [Attacker] Label flip: 0 samples class 1 \u2192 class 0
[2026-06-20 08:09:24,864] 268 flwr - WARNING - DEPRECATED FEATURE: `client_fn` now expects a signature `def client_fn(context: Context)`.The provided `client_fn` has signature: {'cid': <Parameter "cid: str">}. You can import the `Context` like this: `from flwr.common import Context`

            This is a deprecated feature. It will be removed
            entirely in future versions of Flower.
        
[2026-06-20 08:09:24,870] 268 flwr - WARNING - DEPRECATED FEATURE: `client_fn` now expects a signature `def client_fn(context: Context)`.The provided `client_fn` has signature: {'cid': <Parameter "cid: str">}. You can import the `Context` like this: `from flwr.common import Context`

            This is a deprecated feature. It will be removed
            entirely in future versions of Flower.
        
[2026-06-20 08:09:24,880] 268 flwr - WARNING - DEPRECATED FEATURE: `client_fn` now expects a signature `def client_fn(context: Context)`.The provided `client_fn` has signature: {'cid': <Parameter "cid: str">}. You can import the `Context` like this: `from flwr.common import Context`

            This is a deprecated feature. It will be removed
            entirely in future versions of Flower.
        
[2026-06-20 08:09:24,882] 268 flwr - WARNING - DEPRECATED FEATURE: `client_fn` now expects a signature `def client_fn(context: Context)`.The provided `client_fn` has signature: {'cid': <Parameter "cid: str">}. You can import the `Context` like this: `from flwr.common import Context`

            This is a deprecated feature. It will be removed
            entirely in future versions of Flower.
        
[2026-06-20 08:09:24,890] 268 flwr - WARNING - DEPRECATED FEATURE: `client_fn` now expects a signature `def client_fn(context: Context)`.The provided `client_fn` has signature: {'cid': <Parameter "cid: str">}. You can import the `Context` like this: `from flwr.common import Context`

            This is a deprecated feature. It will be removed
            entirely in future versions of Flower.
        
[2026-06-20 08:09:24,899] 268 flwr - WARNING - DEPRECATED FEATURE: `client_fn` now expects a signature `def client_fn(context: Context)`.The provided `client_fn` has signature: {'cid': <Parameter "cid: str">}. You can import the `Context` like this: `from flwr.common import Context`

            This is a deprecated feature. It will be removed
            entirely in future versions of Flower.
        
[2026-06-20 08:09:24,921] 268 flwr - WARNING - DEPRECATED FEATURE: `client_fn` now expects a signature `def client_fn(context: Context)`.The provided `client_fn` has signature: {'cid': <Parameter "cid: str">}. You can import the `Context` like this: `from flwr.common import Context`

            This is a deprecated feature. It will be removed
            entirely in future versions of Flower.
        
[2026-06-20 08:09:24,985] 268 flwr - WARNING - DEPRECATED FEATURE: `client_fn` now expects a signature `def client_fn(context: Context)`.The provided `client_fn` has signature: {'cid': <Parameter "cid: str">}. You can import the `Context` like this: `from flwr.common import Context`

            This is a deprecated feature. It will be removed
            entirely in future versions of Flower.
        
[2026-06-20 08:09:25,017] 268 flwr - WARNING - DEPRECATED FEATURE: `client_fn` now expects a signature `def client_fn(context: Context)`.The provided `client_fn` has signature: {'cid': <Parameter "cid: str">}. You can import the `Context` like this: `from flwr.common import Context`

            This is a deprecated feature. It will be removed
            entirely in future versions of Flower.
        
[2026-06-20 08:09:25,042] 268 flwr - WARNING - DEPRECATED FEATURE: `client_fn` now expects a signature `def client_fn(context: Context)`.The provided `client_fn` has signature: {'cid': <Parameter "cid: str">}. You can import the `Context` like this: `from flwr.common import Context`

            This is a deprecated feature. It will be removed
            entirely in future versions of Flower.
        
[2026-06-20 08:09:25,060] 268 flwr - WARNING - DEPRECATED FEATURE: `client_fn` now expects a signature `def client_fn(context: Context)`.The provided `client_fn` has signature: {'cid': <Parameter "cid: str">}. You can import the `Context` like this: `from flwr.common import Context`

            This is a deprecated feature. It will be removed
            entirely in future versions of Flower.
        
[2026-06-20 08:09:25,136] 268 flwr - WARNING - DEPRECATED FEATURE: `client_fn` now expects a signature `def client_fn(context: Context)`.The provided `client_fn` has signature: {'cid': <Parameter "cid: str">}. You can import the `Context` like this: `from flwr.common import Context`

            This is a deprecated feature. It will be removed
            entirely in future versions of Flower.
        
[2026-06-20 08:09:25,146] 268 flwr - WARNING - DEPRECATED FEATURE: `client_fn` now expects a signature `def client_fn(context: Context)`.The provided `client_fn` has signature: {'cid': <Parameter "cid: str">}. You can import the `Context` like this: `from flwr.common import Context`

            This is a deprecated feature. It will be removed
            entirely in future versions of Flower.
        
[2026-06-20 08:09:25,151] 268 flwr - WARNING - DEPRECATED FEATURE: `client_fn` now expects a signature `def client_fn(context: Context)`.The provided `client_fn` has signature: {'cid': <Parameter "cid: str">}. You can import the `Context` like this: `from flwr.common import Context`

            This is a deprecated feature. It will be removed
            entirely in future versions of Flower.
        
[2026-06-20 08:09:25,190] 268 flwr - WARNING - DEPRECATED FEATURE: `client_fn` now expects a signature `def client_fn(context: Context)`.The provided `client_fn` has signature: {'cid': <Parameter "cid: str">}. You can import the `Context` like this: `from flwr.common import Context`

            This is a deprecated feature. It will be removed
            entirely in future versions of Flower.
        
[2026-06-20 08:09:25,246] 268 flwr - WARNING - DEPRECATED FEATURE: `client_fn` now expects a signature `def client_fn(context: Context)`.The provided `client_fn` has signature: {'cid': <Parameter "cid: str">}. You can import the `Context` like this: `from flwr.common import Context`

            This is a deprecated feature. It will be removed
            entirely in future versions of Flower.
        
[2026-06-20 08:09:25,285] 268 flwr - WARNING - DEPRECATED FEATURE: `client_fn` now expects a signature `def client_fn(context: Context)`.The provided `client_fn` has signature: {'cid': <Parameter "cid: str">}. You can import the `Context` like this: `from flwr.common import Context`

            This is a deprecated feature. It will be removed
            entirely in future versions of Flower.
        
[2026-06-20 08:09:25,360] 268 flwr - WARNING - DEPRECATED FEATURE: `client_fn` now expects a signature `def client_fn(context: Context)`.The provided `client_fn` has signature: {'cid': <Parameter "cid: str">}. You can import the `Context` like this: `from flwr.common import Context`

            This is a deprecated feature. It will be removed
            entirely in future versions of Flower.
        
[2026-06-20 08:09:25,370] 268 flwr - WARNING - DEPRECATED FEATURE: `client_fn` now expects a signature `def client_fn(context: Context)`.The provided `client_fn` has signature: {'cid': <Parameter "cid: str">}. You can import the `Context` like this: `from flwr.common import Context`

            This is a deprecated feature. It will be removed
            entirely in future versions of Flower.
        
[2026-06-20 08:09:25,381] 268 flwr - WARNING - DEPRECATED FEATURE: `client_fn` now expects a signature `def client_fn(context: Context)`.The provided `client_fn` has signature: {'cid': <Parameter "cid: str">}. You can import the `Context` like this: `from flwr.common import Context`

            This is a deprecated feature. It will be removed
            entirely in future versions of Flower.
        
[2026-06-20 08:09:25,865] 268 flwr - WARNING - DEPRECATED FEATURE: `client_fn` now expects a signature `def client_fn(context: Context)`.The provided `client_fn` has signature: {'cid': <Parameter "cid: str">}. You can import the `Context` like this: `from flwr.common import Context`

            This is a deprecated feature. It will be removed
            entirely in future versions of Flower.
        
[2026-06-20 08:09:25,868] 268 flwr - WARNING - DEPRECATED FEATURE: `client_fn` now expects a signature `def client_fn(context: Context)`.The provided `client_fn` has signature: {'cid': <Parameter "cid: str">}. You can import the `Context` like this: `from flwr.common import Context`

            This is a deprecated feature. It will be removed
            entirely in future versions of Flower.
        
[2026-06-20 08:09:25,875] 268 flwr - WARNING - DEPRECATED FEATURE: `client_fn` now expects a signature `def client_fn(context: Context)`.The provided `client_fn` has signature: {'cid': <Parameter "cid: str">}. You can import the `Context` like this: `from flwr.common import Context`

            This is a deprecated feature. It will be removed
            entirely in future versions of Flower.
        
[2026-06-20 08:09:25,884] 268 flwr - WARNING - DEPRECATED FEATURE: `client_fn` now expects a signature `def client_fn(context: Context)`.The provided `client_fn` has signature: {'cid': <Parameter "cid: str">}. You can import the `Context` like this: `from flwr.common import Context`

            This is a deprecated feature. It will be removed
            entirely in future versions of Flower.
        
[2026-06-20 08:09:25,887] 268 flwr - WARNING - DEPRECATED FEATURE: `client_fn` now expects a signature `def client_fn(context: Context)`.The provided `client_fn` has signature: {'cid': <Parameter "cid: str">}. You can import the `Context` like this: `from flwr.common import Context`

            This is a deprecated feature. It will be removed
            entirely in future versions of Flower.
        
[2026-06-20 08:09:25,890] 268 flwr - WARNING - DEPRECATED FEATURE: `client_fn` now expects a signature `def client_fn(context: Context)`.The provided `client_fn` has signature: {'cid': <Parameter "cid: str">}. You can import the `Context` like this: `from flwr.common import Context`

            This is a deprecated feature. It will be removed
            entirely in future versions of Flower.
        
[2026-06-20 08:09:27,621] 268 flwr - WARNING - DEPRECATED FEATURE: `client_fn` now expects a signature `def client_fn(context: Context)`.The provided `client_fn` has signature: {'cid': <Parameter "cid: str">}. You can import the `Context` like this: `from flwr.common import Context`

            This is a deprecated feature. It will be removed
            entirely in future versions of Flower.
        
[2026-06-20 08:09:29,110] 268 flwr - WARNING - DEPRECATED FEATURE: `client_fn` now expects a signature `def client_fn(context: Context)`.The provided `client_fn` has signature: {'cid': <Parameter "cid: str">}. You can import the `Context` like this: `from flwr.common import Context`

            This is a deprecated feature. It will be removed
            entirely in future versions of Flower.
        
[2026-06-20 08:09:29,853] 268 flwr - WARNING - DEPRECATED FEATURE: `client_fn` now expects a signature `def client_fn(context: Context)`.The provided `client_fn` has signature: {'cid': <Parameter "cid: str">}. You can import the `Context` like this: `from flwr.common import Context`

            This is a deprecated feature. It will be removed
            entirely in future versions of Flower.
        
[2026-06-20 08:09:30,362] 268 flwr - WARNING - DEPRECATED FEATURE: `client_fn` now expects a signature `def client_fn(context: Context)`.The provided `client_fn` has signature: {'cid': <Parameter "cid: str">}. You can import the `Context` like this: `from flwr.common import Context`

            This is a deprecated feature. It will be removed
            entirely in future versions of Flower.
        
[2026-06-20 08:09:31,258] 268 flwr - WARNING - DEPRECATED FEATURE: `client_fn` now expects a signature `def client_fn(context: Context)`.The provided `client_fn` has signature: {'cid': <Parameter "cid: str">}. You can import the `Context` like this: `from flwr.common import Context`

            This is a deprecated feature. It will be removed
            entirely in future versions of Flower.
        
[2026-06-20 08:09:31,317] 268 flwr - WARNING - DEPRECATED FEATURE: `client_fn` now expects a signature `def client_fn(context: Context)`.The provided `client_fn` has signature: {'cid': <Parameter "cid: str">}. You can import the `Context` like this: `from flwr.common import Context`

            This is a deprecated feature. It will be removed
            entirely in future versions of Flower.
        
[2026-06-20 08:09:31,507] 39 root - INFO - [Attacker] Label flip: 0 samples class 1 \u2192 class 0
[2026-06-20 08:09:31,517] 39 root - INFO - [Attacker] Label flip: 0 samples class 1 \u2192 class 0
[2026-06-20 08:09:31,525] 39 root - INFO - [Attacker] Label flip: 0 samples class 1 \u2192 class 0
[2026-06-20 08:09:31,532] 39 root - INFO - [Attacker] Label flip: 0 samples class 1 \u2192 class 0
[2026-06-20 08:09:31,541] 39 root - INFO - [Attacker] Label flip: 0 samples class 1 \u2192 class 0
[2026-06-20 08:09:31,550] 39 root - INFO - [Attacker] Label flip: 0 samples class 1 \u2192 class 0
[2026-06-20 08:09:31,558] 39 root - INFO - [Attacker] Label flip: 0 samples class 1 \u2192 class 0
[2026-06-20 08:09:31,565] 39 root - INFO - [Attacker] Label flip: 0 samples class 1 \u2192 class 0
[2026-06-20 08:09:31,574] 39 root - INFO - [Attacker] Label flip: 0 samples class 1 \u2192 class 0
[2026-06-20 08:09:31,586] 39 root - INFO - [Attacker] Label flip: 0 samples class 1 \u2192 class 0
[2026-06-20 08:09:31,596] 39 root - INFO - [Attacker] Label flip: 0 samples class 1 \u2192 class 0
[2026-06-20 08:09:31,605] 39 root - INFO - [Attacker] Label flip: 1 samples class 1 \u2192 class 0
[2026-06-20 08:09:31,614] 39 root - INFO - [Attacker] Label flip: 1 samples class 1 \u2192 class 0
[2026-06-20 08:09:31,623] 39 root - INFO - [Attacker] Label flip: 0 samples class 1 \u2192 class 0
[2026-06-20 08:09:31,631] 39 root - INFO - [Attacker] Label flip: 0 samples class 1 \u2192 class 0
[2026-06-20 08:09:31,640] 39 root - INFO - [Attacker] Label flip: 0 samples class 1 \u2192 class 0
[2026-06-20 08:09:31,650] 39 root - INFO - [Attacker] Label flip: 0 samples class 1 \u2192 class 0
[2026-06-20 08:09:31,659] 39 root - INFO - [Attacker] Label flip: 0 samples class 1 \u2192 class 0
[2026-06-20 08:09:31,668] 39 root - INFO - [Attacker] Label flip: 0 samples class 1 \u2192 class 0
[2026-06-20 08:09:31,677] 39 root - INFO - [Attacker] Label flip: 0 samples class 1 \u2192 class 0
[2026-06-20 08:09:31,686] 39 root - INFO - [Attacker] Label flip: 0 samples class 1 \u2192 class 0
[2026-06-20 08:09:31,694] 39 root - INFO - [Attacker] Label flip: 0 samples class 1 \u2192 class 0
[2026-06-20 08:09:31,704] 39 root - INFO - [Attacker] Label flip: 0 samples class 1 \u2192 class 0
[2026-06-20 08:09:31,714] 39 root - INFO - [Attacker] Label flip: 0 samples class 1 \u2192 class 0
[2026-06-20 08:09:31,723] 39 root - INFO - [Attacker] Label flip: 0 samples class 1 \u2192 class 0
[2026-06-20 08:09:31,732] 39 root - INFO - [Attacker] Label flip: 0 samples class 1 \u2192 class 0
[2026-06-20 08:09:31,741] 39 root - INFO - [Attacker] Label flip: 0 samples class 1 \u2192 class 0
[2026-06-20 08:09:31,751] 39 root - INFO - [Attacker] Label flip: 0 samples class 1 \u2192 class 0
[2026-06-20 08:09:31,761] 39 root - INFO - [Attacker] Label flip: 0 samples class 1 \u2192 class 0
[2026-06-20 08:09:31,770] 39 root - INFO - [Attacker] Label flip: 0 samples class 1 \u2192 class 0
[2026-06-20 08:09:31,778] 39 root - INFO - [Attacker] Label flip: 0 samples class 1 \u2192 class 0
[2026-06-20 08:09:31,788] 39 root - INFO - [Attacker] Label flip: 0 samples class 1 \u2192 class 0
[2026-06-20 08:09:31,797] 39 root - INFO - [Attacker] Label flip: 0 samples class 1 \u2192 class 0
[2026-06-20 08:09:31,808] 39 root - INFO - [Attacker] Label flip: 0 samples class 1 \u2192 class 0
[2026-06-20 08:09:31,817] 39 root - INFO - [Attacker] Label flip: 0 samples class 1 \u2192 class 0
[2026-06-20 08:09:31,825] 39 root - INFO - [Attacker] Label flip: 0 samples class 1 \u2192 class 0
[2026-06-20 08:09:31,835] 39 root - INFO - [Attacker] Label flip: 1 samples class 1 \u2192 class 0
[2026-06-20 08:09:31,844] 39 root - INFO - [Attacker] Label flip: 0 samples class 1 \u2192 class 0
[2026-06-20 08:09:31,854] 39 root - INFO - [Attacker] Label flip: 0 samples class 1 \u2192 class 0
[2026-06-20 08:09:31,862] 39 root - INFO - [Attacker] Label flip: 0 samples class 1 \u2192 class 0
[2026-06-20 08:09:31,871] 39 root - INFO - [Attacker] Label flip: 0 samples class 1 \u2192 class 0
[2026-06-20 08:09:31,879] 39 root - INFO - [Attacker] Label flip: 0 samples class 1 \u2192 class 0
[2026-06-20 08:09:31,889] 39 root - INFO - [Attacker] Label flip: 0 samples class 1 \u2192 class 0
[2026-06-20 08:09:31,899] 39 root - INFO - [Attacker] Label flip: 0 samples class 1 \u2192 class 0
[2026-06-20 08:09:31,908] 39 root - INFO - [Attacker] Label flip: 0 samples class 1 \u2192 class 0
[2026-06-20 08:09:31,918] 39 root - INFO - [Attacker] Label flip: 0 samples class 1 \u2192 class 0
[2026-06-20 08:09:31,928] 39 root - INFO - [Attacker] Label flip: 0 samples class 1 \u2192 class 0
[2026-06-20 08:09:31,940] 39 root - INFO - [Attacker] Label flip: 1 samples class 1 \u2192 class 0
[2026-06-20 08:09:31,950] 39 root - INFO - [Attacker] Label flip: 0 samples class 1 \u2192 class 0
[2026-06-20 08:09:31,957] 39 root - INFO - [Attacker] Label flip: 0 samples class 1 \u2192 class 0
[2026-06-20 08:09:31,968] 39 root - INFO - [Attacker] Label flip: 0 samples class 1 \u2192 class 0
[2026-06-20 08:09:31,978] 39 root - INFO - [Attacker] Label flip: 0 samples class 1 \u2192 class 0
[2026-06-20 08:09:31,987] 39 root - INFO - [Attacker] Label flip: 0 samples class 1 \u2192 class 0
[2026-06-20 08:09:31,996] 39 root - INFO - [Attacker] Label flip: 0 samples class 1 \u2192 class 0
[2026-06-20 08:09:32,007] 39 root - INFO - [Attacker] Label flip: 0 samples class 1 \u2192 class 0
[2026-06-20 08:09:32,018] 39 root - INFO - [Attacker] Label flip: 0 samples class 1 \u2192 class 0
[2026-06-20 08:09:32,029] 39 root - INFO - [Attacker] Label flip: 0 samples class 1 \u2192 class 0
[2026-06-20 08:09:32,039] 39 root - INFO - [Attacker] Label flip: 0 samples class 1 \u2192 class 0
[2026-06-20 08:09:32,048] 39 root - INFO - [Attacker] Label flip: 0 samples class 1 \u2192 class 0
[2026-06-20 08:09:32,056] 39 root - INFO - [Attacker] Label flip: 0 samples class 1 \u2192 class 0
[2026-06-20 08:09:32,064] 39 root - INFO - [Attacker] Label flip: 0 samples class 1 \u2192 class 0
[2026-06-20 08:09:32,074] 39 root - INFO - [Attacker] Label flip: 0 samples class 1 \u2192 class 0
[2026-06-20 08:09:32,082] 39 root - INFO - [Attacker] Label flip: 0 samples class 1 \u2192 class 0
[2026-06-20 08:09:32,098] 39 root - INFO - [Attacker] Label flip: 0 samples class 1 \u2192 class 0
[2026-06-20 08:09:32,111] 39 root - INFO - [Attacker] Label flip: 0 samples class 1 \u2192 class 0
[2026-06-20 08:09:32,121] 39 root - INFO - [Attacker] Label flip: 0 samples class 1 \u2192 class 0
[2026-06-20 08:09:32,130] 39 root - INFO - [Attacker] Label flip: 0 samples class 1 \u2192 class 0
[2026-06-20 08:09:32,147] 39 root - INFO - [Attacker] Label flip: 0 samples class 1 \u2192 class 0
[2026-06-20 08:09:32,156] 39 root - INFO - [Attacker] Label flip: 0 samples class 1 \u2192 class 0
[2026-06-20 08:09:32,164] 39 root - INFO - [Attacker] Label flip: 1 samples class 1 \u2192 class 0
[2026-06-20 08:09:32,174] 39 root - INFO - [Attacker] Label flip: 0 samples class 1 \u2192 class 0
[2026-06-20 08:09:32,184] 39 root - INFO - [Attacker] Label flip: 0 samples class 1 \u2192 class 0
[2026-06-20 08:09:32,193] 39 root - INFO - [Attacker] Label flip: 0 samples class 1 \u2192 class 0
[2026-06-20 08:09:32,201] 39 root - INFO - [Attacker] Label flip: 0 samples class 1 \u2192 class 0
[2026-06-20 08:09:32,209] 39 root - INFO - [Attacker] Label flip: 0 samples class 1 \u2192 class 0
[2026-06-20 08:09:32,220] 39 root - INFO - [Attacker] Label flip: 0 samples class 1 \u2192 class 0
[2026-06-20 08:09:32,229] 39 root - INFO - [Attacker] Label flip: 0 samples class 1 \u2192 class 0
[2026-06-20 08:09:32,240] 39 root - INFO - [Attacker] Label flip: 0 samples class 1 \u2192 class 0
[2026-06-20 08:09:32,254] 39 root - INFO - [Attacker] Label flip: 0 samples class 1 \u2192 class 0
[2026-06-20 08:09:32,263] 39 root - INFO - [Attacker] Label flip: 0 samples class 1 \u2192 class 0
[2026-06-20 08:09:32,272] 39 root - INFO - [Attacker] Label flip: 0 samples class 1 \u2192 class 0
[2026-06-20 08:09:32,281] 39 root - INFO - [Attacker] Label flip: 0 samples class 1 \u2192 class 0
[2026-06-20 08:09:32,288] 39 root - INFO - [Attacker] Label flip: 0 samples class 1 \u2192 class 0
[2026-06-20 08:09:32,297] 39 root - INFO - [Attacker] Label flip: 0 samples class 1 \u2192 class 0
[2026-06-20 08:09:32,304] 39 root - INFO - [Attacker] Label flip: 0 samples class 1 \u2192 class 0
[2026-06-20 08:09:32,326] 39 root - INFO - [Attacker] Label flip: 1 samples class 1 \u2192 class 0
[2026-06-20 08:09:32,337] 39 root - INFO - [Attacker] Label flip: 0 samples class 1 \u2192 class 0
[2026-06-20 08:09:32,346] 39 root - INFO - [Attacker] Label flip: 0 samples class 1 \u2192 class 0
[2026-06-20 08:09:32,354] 39 root - INFO - [Attacker] Label flip: 0 samples class 1 \u2192 class 0
[2026-06-20 08:09:32,368] 39 root - INFO - [Attacker] Label flip: 0 samples class 1 \u2192 class 0
[2026-06-20 08:09:32,377] 39 root - INFO - [Attacker] Label flip: 1 samples class 1 \u2192 class 0
[2026-06-20 08:09:32,385] 39 root - INFO - [Attacker] Label flip: 0 samples class 1 \u2192 class 0
[2026-06-20 08:09:32,393] 39 root - INFO - [Attacker] Label flip: 1 samples class 1 \u2192 class 0
[2026-06-20 08:09:32,404] 39 root - INFO - [Attacker] Label flip: 0 samples class 1 \u2192 class 0
[2026-06-20 08:09:32,413] 39 root - INFO - [Attacker] Label flip: 0 samples class 1 \u2192 class 0
[2026-06-20 08:09:32,422] 39 root - INFO - [Attacker] Label flip: 0 samples class 1 \u2192 class 0
[2026-06-20 08:09:32,430] 39 root - INFO - [Attacker] Label flip: 0 samples class 1 \u2192 class 0
[2026-06-20 08:09:32,440] 39 root - INFO - [Attacker] Label flip: 0 samples class 1 \u2192 class 0
[2026-06-20 08:09:32,447] 39 root - INFO - [Attacker] Label flip: 0 samples class 1 \u2192 class 0
[2026-06-20 08:09:32,456] 39 root - INFO - [Attacker] Label flip: 0 samples class 1 \u2192 class 0
[2026-06-20 08:09:32,463] 39 root - INFO - [Attacker] Label flip: 0 samples class 1 \u2192 class 0
[2026-06-20 08:09:32,476] 39 root - INFO - [Attacker] Label flip: 0 samples class 1 \u2192 class 0
[2026-06-20 08:09:32,486] 39 root - INFO - [Attacker] Label flip: 0 samples class 1 \u2192 class 0
[2026-06-20 08:09:32,493] 39 root - INFO - [Attacker] Label flip: 1 samples class 1 \u2192 class 0
[2026-06-20 08:09:32,502] 39 root - INFO - [Attacker] Label flip: 0 samples class 1 \u2192 class 0
[2026-06-20 08:09:32,510] 39 root - INFO - [Attacker] Label flip: 0 samples class 1 \u2192 class 0
[2026-06-20 08:09:32,518] 39 root - INFO - [Attacker] Label flip: 0 samples class 1 \u2192 class 0
[2026-06-20 08:09:32,526] 39 root - INFO - [Attacker] Label flip: 0 samples class 1 \u2192 class 0
[2026-06-20 08:09:32,534] 39 root - INFO - [Attacker] Label flip: 0 samples class 1 \u2192 class 0
[2026-06-20 08:09:32,544] 39 root - INFO - [Attacker] Label flip: 0 samples class 1 \u2192 class 0
[2026-06-20 08:09:32,552] 39 root - INFO - [Attacker] Label flip: 0 samples class 1 \u2192 class 0
[2026-06-20 08:09:32,560] 39 root - INFO - [Attacker] Label flip: 0 samples class 1 \u2192 class 0
[2026-06-20 08:09:32,569] 39 root - INFO - [Attacker] Label flip: 0 samples class 1 \u2192 class 0
[2026-06-20 08:09:32,580] 39 root - INFO - [Attacker] Label flip: 0 samples class 1 \u2192 class 0
[2026-06-20 08:09:32,590] 39 root - INFO - [Attacker] Label flip: 0 samples class 1 \u2192 class 0
[2026-06-20 08:09:32,594] 39 root - INFO - [Attacker] Label flip: 0 samples class 1 \u2192 class 0
[2026-06-20 08:09:32,597] 39 root - INFO - [Attacker] Label flip: 0 samples class 1 \u2192 class 0
[2026-06-20 08:09:32,606] 39 root - INFO - [Attacker] Label flip: 0 samples class 1 \u2192 class 0
[2026-06-20 08:09:32,613] 39 root - INFO - [Attacker] Label flip: 0 samples class 1 \u2192 class 0
[2026-06-20 08:09:32,621] 39 root - INFO - [Attacker] Label flip: 0 samples class 1 \u2192 class 0
[2026-06-20 08:09:32,623] 39 root - INFO - [Attacker] Label flip: 0 samples class 1 \u2192 class 0
[2026-06-20 08:09:32,630] 39 root - INFO - [Attacker] Label flip: 0 samples class 1 \u2192 class 0
[2026-06-20 08:09:32,638] 39 root - INFO - [Attacker] Label flip: 0 samples class 1 \u2192 class 0
[2026-06-20 08:09:32,646] 39 root - INFO - [Attacker] Label flip: 0 samples class 1 \u2192 class 0
[2026-06-20 08:09:32,647] 39 root - INFO - [Attacker] Label flip: 0 samples class 1 \u2192 class 0
[2026-06-20 08:09:32,657] 39 root - INFO - [Attacker] Label flip: 0 samples class 1 \u2192 class 0
[2026-06-20 08:09:32,660] 39 root - INFO - [Attacker] Label flip: 0 samples class 1 \u2192 class 0
[2026-06-20 08:09:32,666] 39 root - INFO - [Attacker] Label flip: 0 samples class 1 \u2192 class 0
[2026-06-20 08:09:32,676] 39 root - INFO - [Attacker] Label flip: 0 samples class 1 \u2192 class 0
[2026-06-20 08:09:32,682] 39 root - INFO - [Attacker] Label flip: 0 samples class 1 \u2192 class 0
[2026-06-20 08:09:32,685] 39 root - INFO - [Attacker] Label flip: 0 samples class 1 \u2192 class 0
[2026-06-20 08:09:32,693] 39 root - INFO - [Attacker] Label flip: 0 samples class 1 \u2192 class 0
[2026-06-20 08:09:32,699] 39 root - INFO - [Attacker] Label flip: 0 samples class 1 \u2192 class 0
[2026-06-20 08:09:32,708] 39 root - INFO - [Attacker] Label flip: 0 samples class 1 \u2192 class 0
[2026-06-20 08:09:32,712] 39 root - INFO - [Attacker] Label flip: 0 samples class 1 \u2192 class 0
[2026-06-20 08:09:32,716] 39 root - INFO - [Attacker] Label flip: 0 samples class 1 \u2192 class 0
[2026-06-20 08:09:32,722] 39 root - INFO - [Attacker] Label flip: 0 samples class 1 \u2192 class 0
[2026-06-20 08:09:32,724] 39 root - INFO - [Attacker] Label flip: 0 samples class 1 \u2192 class 0
[2026-06-20 08:09:32,732] 39 root - INFO - [Attacker] Label flip: 0 samples class 1 \u2192 class 0
[2026-06-20 08:09:32,734] 39 root - INFO - [Attacker] Label flip: 1 samples class 1 \u2192 class 0
[2026-06-20 08:09:32,743] 39 root - INFO - [Attacker] Label flip: 0 samples class 1 \u2192 class 0
[2026-06-20 08:09:32,749] 39 root - INFO - [Attacker] Label flip: 0 samples class 1 \u2192 class 0
[2026-06-20 08:09:32,752] 39 root - INFO - [Attacker] Label flip: 0 samples class 1 \u2192 class 0
[2026-06-20 08:09:32,758] 39 root - INFO - [Attacker] Label flip: 0 samples class 1 \u2192 class 0
[2026-06-20 08:09:32,762] 39 root - INFO - [Attacker] Label flip: 0 samples class 1 \u2192 class 0
[2026-06-20 08:09:32,771] 39 root - INFO - [Attacker] Label flip: 0 samples class 1 \u2192 class 0
[2026-06-20 08:09:32,780] 39 root - INFO - [Attacker] Label flip: 0 samples class 1 \u2192 class 0
[2026-06-20 08:09:32,782] 39 root - INFO - [Attacker] Label flip: 0 samples class 1 \u2192 class 0
[2026-06-20 08:09:32,787] 39 root - INFO - [Attacker] Label flip: 0 samples class 1 \u2192 class 0
[2026-06-20 08:09:32,791] 39 root - INFO - [Attacker] Label flip: 0 samples class 1 \u2192 class 0
[2026-06-20 08:09:32,796] 39 root - INFO - [Attacker] Label flip: 0 samples class 1 \u2192 class 0
[2026-06-20 08:09:32,798] 39 root - INFO - [Attacker] Label flip: 0 samples class 1 \u2192 class 0
[2026-06-20 08:09:32,804] 39 root - INFO - [Attacker] Label flip: 0 samples class 1 \u2192 class 0
[2026-06-20 08:09:32,808] 39 root - INFO - [Attacker] Label flip: 0 samples class 1 \u2192 class 0
[2026-06-20 08:09:32,817] 39 root - INFO - [Attacker] Label flip: 0 samples class 1 \u2192 class 0
[2026-06-20 08:09:32,818] 39 root - INFO - [Attacker] Label flip: 0 samples class 1 \u2192 class 0
[2026-06-20 08:09:32,825] 39 root - INFO - [Attacker] Label flip: 0 samples class 1 \u2192 class 0
[2026-06-20 08:09:32,826] 39 root - INFO - [Attacker] Label flip: 0 samples class 1 \u2192 class 0
[2026-06-20 08:09:32,834] 39 root - INFO - [Attacker] Label flip: 0 samples class 1 \u2192 class 0
[2026-06-20 08:09:32,840] 39 root - INFO - [Attacker] Label flip: 0 samples class 1 \u2192 class 0
[2026-06-20 08:09:32,849] 39 root - INFO - [Attacker] Label flip: 0 samples class 1 \u2192 class 0
[2026-06-20 08:09:32,850] 39 root - INFO - [Attacker] Label flip: 0 samples class 1 \u2192 class 0
[2026-06-20 08:09:32,860] 39 root - INFO - [Attacker] Label flip: 0 samples class 1 \u2192 class 0
[2026-06-20 08:09:32,861] 39 root - INFO - [Attacker] Label flip: 0 samples class 1 \u2192 class 0
[2026-06-20 08:09:32,869] 39 root - INFO - [Attacker] Label flip: 0 samples class 1 \u2192 class 0
[2026-06-20 08:09:32,877] 39 root - INFO - [Attacker] Label flip: 0 samples class 1 \u2192 class 0
[2026-06-20 08:09:32,884] 39 root - INFO - [Attacker] Label flip: 0 samples class 1 \u2192 class 0
[2026-06-20 08:09:32,888] 39 root - INFO - [Attacker] Label flip: 0 samples class 1 \u2192 class 0
[2026-06-20 08:09:32,894] 39 root - INFO - [Attacker] Label flip: 0 samples class 1 \u2192 class 0
[2026-06-20 08:09:32,896] 39 root - INFO - [Attacker] Label flip: 0 samples class 1 \u2192 class 0
[2026-06-20 08:09:32,905] 39 root - INFO - [Attacker] Label flip: 0 samples class 1 \u2192 class 0
[2026-06-20 08:09:32,912] 39 root - INFO - [Attacker] Label flip: 0 samples class 1 \u2192 class 0
[2026-06-20 08:09:32,916] 268 flwr - WARNING - DEPRECATED FEATURE: `client_fn` now expects a signature `def client_fn(context: Context)`.The provided `client_fn` has signature: {'cid': <Parameter "cid: str">}. You can import the `Context` like this: `from flwr.common import Context`

            This is a deprecated feature. It will be removed
            entirely in future versions of Flower.
        
[2026-06-20 08:09:32,931] 39 root - INFO - [Attacker] Label flip: 0 samples class 1 \u2192 class 0
[2026-06-20 08:09:32,942] 39 root - INFO - [Attacker] Label flip: 0 samples class 1 \u2192 class 0
[2026-06-20 08:09:32,946] 39 root - INFO - [Attacker] Label flip: 0 samples class 1 \u2192 class 0
[2026-06-20 08:09:32,952] 39 root - INFO - [Attacker] Label flip: 0 samples class 1 \u2192 class 0
[2026-06-20 08:09:32,954] 39 root - INFO - [Attacker] Label flip: 0 samples class 1 \u2192 class 0
[2026-06-20 08:09:32,961] 39 root - INFO - [Attacker] Label flip: 0 samples class 1 \u2192 class 0
[2026-06-20 08:09:32,963] 39 root - INFO - [Attacker] Label flip: 0 samples class 1 \u2192 class 0
[2026-06-20 08:09:32,983] 39 root - INFO - [Attacker] Label flip: 0 samples class 1 \u2192 class 0
[2026-06-20 08:09:32,989] 39 root - INFO - [Attacker] Label flip: 0 samples class 1 \u2192 class 0
[2026-06-20 08:09:32,992] 39 root - INFO - [Attacker] Label flip: 0 samples class 1 \u2192 class 0
[2026-06-20 08:09:32,997] 39 root - INFO - [Attacker] Label flip: 0 samples class 1 \u2192 class 0
[2026-06-20 08:09:33,002] 39 root - INFO - [Attacker] Label flip: 0 samples class 1 \u2192 class 0
[2026-06-20 08:09:33,005] 39 root - INFO - [Attacker] Label flip: 0 samples class 1 \u2192 class 0
[2026-06-20 08:09:33,012] 39 root - INFO - [Attacker] Label flip: 0 samples class 1 \u2192 class 0
[2026-06-20 08:09:33,017] 39 root - INFO - [Attacker] Label flip: 0 samples class 1 \u2192 class 0
[2026-06-20 08:09:33,023] 39 root - INFO - [Attacker] Label flip: 0 samples class 1 \u2192 class 0
[2026-06-20 08:09:33,043] 39 root - INFO - [Attacker] Label flip: 0 samples class 1 \u2192 class 0
[2026-06-20 08:09:33,051] 39 root - INFO - [Attacker] Label flip: 1 samples class 1 \u2192 class 0
[2026-06-20 08:09:33,056] 39 root - INFO - [Attacker] Label flip: 0 samples class 1 \u2192 class 0
[2026-06-20 08:09:33,060] 39 root - INFO - [Attacker] Label flip: 0 samples class 1 \u2192 class 0
[2026-06-20 08:09:33,069] 39 root - INFO - [Attacker] Label flip: 0 samples class 1 \u2192 class 0
[2026-06-20 08:09:33,078] 39 root - INFO - [Attacker] Label flip: 0 samples class 1 \u2192 class 0
[2026-06-20 08:09:33,079] 39 root - INFO - [Attacker] Label flip: 0 samples class 1 \u2192 class 0
[2026-06-20 08:09:33,088] 39 root - INFO - [Attacker] Label flip: 0 samples class 1 \u2192 class 0
[2026-06-20 08:09:33,098] 39 root - INFO - [Attacker] Label flip: 0 samples class 1 \u2192 class 0
[2026-06-20 08:09:33,118] 39 root - INFO - [Attacker] Label flip: 0 samples class 1 \u2192 class 0
[2026-06-20 08:09:33,118] 39 root - INFO - [Attacker] Label flip: 0 samples class 1 \u2192 class 0
[2026-06-20 08:09:33,127] 39 root - INFO - [Attacker] Label flip: 0 samples class 1 \u2192 class 0
[2026-06-20 08:09:33,129] 39 root - INFO - [Attacker] Label flip: 0 samples class 1 \u2192 class 0
[2026-06-20 08:09:33,136] 39 root - INFO - [Attacker] Label flip: 0 samples class 1 \u2192 class 0
[2026-06-20 08:09:33,136] 39 root - INFO - [Attacker] Label flip: 0 samples class 1 \u2192 class 0
[2026-06-20 08:09:33,147] 39 root - INFO - [Attacker] Label flip: 0 samples class 1 \u2192 class 0
[2026-06-20 08:09:33,157] 39 root - INFO - [Attacker] Label flip: 0 samples class 1 \u2192 class 0
[2026-06-20 08:09:33,160] 39 root - INFO - [Attacker] Label flip: 0 samples class 1 \u2192 class 0
[2026-06-20 08:09:33,165] 39 root - INFO - [Attacker] Label flip: 0 samples class 1 \u2192 class 0
[2026-06-20 08:09:33,169] 39 root - INFO - [Attacker] Label flip: 0 samples class 1 \u2192 class 0
[2026-06-20 08:09:33,176] 39 root - INFO - [Attacker] Label flip: 0 samples class 1 \u2192 class 0
[2026-06-20 08:09:33,184] 39 root - INFO - [Attacker] Label flip: 0 samples class 1 \u2192 class 0
[2026-06-20 08:09:33,184] 39 root - INFO - [Attacker] Label flip: 0 samples class 1 \u2192 class 0
[2026-06-20 08:09:33,193] 39 root - INFO - [Attacker] Label flip: 0 samples class 1 \u2192 class 0
[2026-06-20 08:09:33,199] 39 root - INFO - [Attacker] Label flip: 0 samples class 1 \u2192 class 0
[2026-06-20 08:09:33,209] 39 root - INFO - [Attacker] Label flip: 1 samples class 1 \u2192 class 0
[2026-06-20 08:09:33,210] 39 root - INFO - [Attacker] Label flip: 0 samples class 1 \u2192 class 0
[2026-06-20 08:09:33,217] 39 root - INFO - [Attacker] Label flip: 0 samples class 1 \u2192 class 0
[2026-06-20 08:09:33,218] 39 root - INFO - [Attacker] Label flip: 0 samples class 1 \u2192 class 0
[2026-06-20 08:09:33,228] 39 root - INFO - [Attacker] Label flip: 0 samples class 1 \u2192 class 0
[2026-06-20 08:09:33,229] 39 root - INFO - [Attacker] Label flip: 0 samples class 1 \u2192 class 0
[2026-06-20 08:09:33,238] 39 root - INFO - [Attacker] Label flip: 0 samples class 1 \u2192 class 0
[2026-06-20 08:09:33,248] 39 root - INFO - [Attacker] Label flip: 0 samples class 1 \u2192 class 0
[2026-06-20 08:09:33,257] 39 root - INFO - [Attacker] Label flip: 0 samples class 1 \u2192 class 0
[2026-06-20 08:09:33,268] 39 root - INFO - [Attacker] Label flip: 0 samples class 1 \u2192 class 0
[2026-06-20 08:09:33,266] 39 root - INFO - [Attacker] Label flip: 0 samples class 1 \u2192 class 0
[2026-06-20 08:09:33,276] 39 root - INFO - [Attacker] Label flip: 0 samples class 1 \u2192 class 0
[2026-06-20 08:09:33,283] 39 root - INFO - [Attacker] Label flip: 0 samples class 1 \u2192 class 0
[2026-06-20 08:09:33,284] 39 root - INFO - [Attacker] Label flip: 0 samples class 1 \u2192 class 0
[2026-06-20 08:09:33,292] 39 root - INFO - [Attacker] Label flip: 0 samples class 1 \u2192 class 0
[2026-06-20 08:09:33,292] 39 root - INFO - [Attacker] Label flip: 0 samples class 1 \u2192 class 0
[2026-06-20 08:09:33,308] 39 root - INFO - [Attacker] Label flip: 0 samples class 1 \u2192 class 0
[2026-06-20 08:09:33,310] 39 root - INFO - [Attacker] Label flip: 0 samples class 1 \u2192 class 0
[2026-06-20 08:09:33,316] 39 root - INFO - [Attacker] Label flip: 0 samples class 1 \u2192 class 0
[2026-06-20 08:09:33,317] 39 root - INFO - [Attacker] Label flip: 0 samples class 1 \u2192 class 0
[2026-06-20 08:09:33,324] 39 root - INFO - [Attacker] Label flip: 0 samples class 1 \u2192 class 0
[2026-06-20 08:09:33,326] 39 root - INFO - [Attacker] Label flip: 0 samples class 1 \u2192 class 0
[2026-06-20 08:09:33,335] 39 root - INFO - [Attacker] Label flip: 0 samples class 1 \u2192 class 0
[2026-06-20 08:09:33,340] 39 root - INFO - [Attacker] Label flip: 0 samples class 1 \u2192 class 0
[2026-06-20 08:09:33,348] 39 root - INFO - [Attacker] Label flip: 0 samples class 1 \u2192 class 0
[2026-06-20 08:09:33,349] 39 root - INFO - [Attacker] Label flip: 0 samples class 1 \u2192 class 0
[2026-06-20 08:09:33,357] 39 root - INFO - [Attacker] Label flip: 0 samples class 1 \u2192 class 0
[2026-06-20 08:09:33,360] 39 root - INFO - [Attacker] Label flip: 0 samples class 1 \u2192 class 0
[2026-06-20 08:09:33,365] 39 root - INFO - [Attacker] Label flip: 0 samples class 1 \u2192 class 0
[2026-06-20 08:09:33,368] 39 root - INFO - [Attacker] Label flip: 0 samples class 1 \u2192 class 0
[2026-06-20 08:09:33,379] 39 root - INFO - [Attacker] Label flip: 0 samples class 1 \u2192 class 0
[2026-06-20 08:09:33,384] 39 root - INFO - [Attacker] Label flip: 0 samples class 1 \u2192 class 0
[2026-06-20 08:09:33,389] 39 root - INFO - [Attacker] Label flip: 0 samples class 1 \u2192 class 0
[2026-06-20 08:09:33,393] 39 root - INFO - [Attacker] Label flip: 0 samples class 1 \u2192 class 0
[2026-06-20 08:09:33,399] 39 root - INFO - [Attacker] Label flip: 1 samples class 1 \u2192 class 0
[2026-06-20 08:09:33,410] 39 root - INFO - [Attacker] Label flip: 0 samples class 1 \u2192 class 0
[2026-06-20 08:09:33,420] 39 root - INFO - [Attacker] Label flip: 0 samples class 1 \u2192 class 0
[2026-06-20 08:09:33,429] 39 root - INFO - [Attacker] Label flip: 0 samples class 1 \u2192 class 0
[2026-06-20 08:09:33,437] 39 root - INFO - [Attacker] Label flip: 0 samples class 1 \u2192 class 0
[2026-06-20 08:09:33,444] 39 root - INFO - [Attacker] Label flip: 0 samples class 1 \u2192 class 0
[2026-06-20 08:09:33,457] 39 root - INFO - [Attacker] Label flip: 0 samples class 1 \u2192 class 0
[2026-06-20 08:09:33,465] 39 root - INFO - [Attacker] Label flip: 0 samples class 1 \u2192 class 0
[2026-06-20 08:09:33,473] 39 root - INFO - [Attacker] Label flip: 0 samples class 1 \u2192 class 0
[2026-06-20 08:09:33,484] 39 root - INFO - [Attacker] Label flip: 0 samples class 1 \u2192 class 0
[2026-06-20 08:09:33,491] 39 root - INFO - [Attacker] Label flip: 0 samples class 1 \u2192 class 0
[2026-06-20 08:09:33,493] 39 root - INFO - [Attacker] Label flip: 0 samples class 1 \u2192 class 0
[2026-06-20 08:09:33,499] 39 root - INFO - [Attacker] Label flip: 0 samples class 1 \u2192 class 0
[2026-06-20 08:09:33,502] 39 root - INFO - [Attacker] Label flip: 0 samples class 1 \u2192 class 0
[2026-06-20 08:09:33,510] 39 root - INFO - [Attacker] Label flip: 0 samples class 1 \u2192 class 0
[2026-06-20 08:09:33,520] 39 root - INFO - [Attacker] Label flip: 0 samples class 1 \u2192 class 0
[2026-06-20 08:09:33,521] 39 root - INFO - [Attacker] Label flip: 0 samples class 1 \u2192 class 0
[2026-06-20 08:09:33,528] 39 root - INFO - [Attacker] Label flip: 1 samples class 1 \u2192 class 0
[2026-06-20 08:09:33,529] 39 root - INFO - [Attacker] Label flip: 0 samples class 1 \u2192 class 0
[2026-06-20 08:09:33,537] 39 root - INFO - [Attacker] Label flip: 0 samples class 1 \u2192 class 0
[2026-06-20 08:09:33,546] 39 root - INFO - [Attacker] Label flip: 0 samples class 1 \u2192 class 0
[2026-06-20 08:09:33,547] 39 root - INFO - [Attacker] Label flip: 0 samples class 1 \u2192 class 0
[2026-06-20 08:09:33,554] 39 root - INFO - [Attacker] Label flip: 1 samples class 1 \u2192 class 0
[2026-06-20 08:09:33,555] 39 root - INFO - [Attacker] Label flip: 0 samples class 1 \u2192 class 0
[2026-06-20 08:09:33,562] 39 root - INFO - [Attacker] Label flip: 0 samples class 1 \u2192 class 0
[2026-06-20 08:09:33,563] 39 root - INFO - [Attacker] Label flip: 0 samples class 1 \u2192 class 0
[2026-06-20 08:09:33,571] 39 root - INFO - [Attacker] Label flip: 0 samples class 1 \u2192 class 0
[2026-06-20 08:09:33,578] 39 root - INFO - [Attacker] Label flip: 0 samples class 1 \u2192 class 0
[2026-06-20 08:09:33,579] 39 root - INFO - [Attacker] Label flip: 0 samples class 1 \u2192 class 0
[2026-06-20 08:09:33,587] 39 root - INFO - [Attacker] Label flip: 0 samples class 1 \u2192 class 0
[2026-06-20 08:09:33,587] 39 root - INFO - [Attacker] Label flip: 0 samples class 1 \u2192 class 0
[2026-06-20 08:09:33,594] 39 root - INFO - [Attacker] Label flip: 0 samples class 1 \u2192 class 0
[2026-06-20 08:09:33,594] 39 root - INFO - [Attacker] Label flip: 0 samples class 1 \u2192 class 0
[2026-06-20 08:09:33,604] 39 root - INFO - [Attacker] Label flip: 0 samples class 1 \u2192 class 0
[2026-06-20 08:09:33,612] 39 root - INFO - [Attacker] Label flip: 0 samples class 1 \u2192 class 0
[2026-06-20 08:09:33,617] 39 root - INFO - [Attacker] Label flip: 0 samples class 1 \u2192 class 0
[2026-06-20 08:09:33,620] 39 root - INFO - [Attacker] Label flip: 0 samples class 1 \u2192 class 0
[2026-06-20 08:09:33,626] 39 root - INFO - [Attacker] Label flip: 0 samples class 1 \u2192 class 0
[2026-06-20 08:09:33,628] 39 root - INFO - [Attacker] Label flip: 0 samples class 1 \u2192 class 0
[2026-06-20 08:09:33,633] 39 root - INFO - [Attacker] Label flip: 0 samples class 1 \u2192 class 0
[2026-06-20 08:09:33,637] 39 root - INFO - [Attacker] Label flip: 0 samples class 1 \u2192 class 0
[2026-06-20 08:09:33,645] 39 root - INFO - [Attacker] Label flip: 0 samples class 1 \u2192 class 0
[2026-06-20 08:09:33,649] 39 root - INFO - [Attacker] Label flip: 0 samples class 1 \u2192 class 0
[2026-06-20 08:09:33,656] 39 root - INFO - [Attacker] Label flip: 0 samples class 1 \u2192 class 0
[2026-06-20 08:09:33,661] 39 root - INFO - [Attacker] Label flip: 0 samples class 1 \u2192 class 0
[2026-06-20 08:09:33,671] 39 root - INFO - [Attacker] Label flip: 0 samples class 1 \u2192 class 0
[2026-06-20 08:09:33,682] 39 root - INFO - [Attacker] Label flip: 0 samples class 1 \u2192 class 0
[2026-06-20 08:09:33,684] 39 root - INFO - [Attacker] Label flip: 0 samples class 1 \u2192 class 0
[2026-06-20 08:09:33,692] 39 root - INFO - [Attacker] Label flip: 0 samples class 1 \u2192 class 0
[2026-06-20 08:09:33,694] 39 root - INFO - [Attacker] Label flip: 0 samples class 1 \u2192 class 0
[2026-06-20 08:09:33,703] 39 root - INFO - [Attacker] Label flip: 0 samples class 1 \u2192 class 0
[2026-06-20 08:09:33,704] 39 root - INFO - [Attacker] Label flip: 0 samples class 1 \u2192 class 0
[2026-06-20 08:09:33,713] 39 root - INFO - [Attacker] Label flip: 0 samples class 1 \u2192 class 0
[2026-06-20 08:09:33,721] 39 root - INFO - [Attacker] Label flip: 0 samples class 1 \u2192 class 0
[2026-06-20 08:09:33,729] 39 root - INFO - [Attacker] Label flip: 0 samples class 1 \u2192 class 0
[2026-06-20 08:09:33,732] 39 root - INFO - [Attacker] Label flip: 0 samples class 1 \u2192 class 0
[2026-06-20 08:09:33,741] 39 root - INFO - [Attacker] Label flip: 0 samples class 1 \u2192 class 0
[2026-06-20 08:09:33,743] 39 root - INFO - [Attacker] Label flip: 0 samples class 1 \u2192 class 0
[2026-06-20 08:09:33,754] 39 root - INFO - [Attacker] Label flip: 0 samples class 1 \u2192 class 0
[2026-06-20 08:09:33,756] 39 root - INFO - [Attacker] Label flip: 0 samples class 1 \u2192 class 0
[2026-06-20 08:09:33,764] 39 root - INFO - [Attacker] Label flip: 0 samples class 1 \u2192 class 0
[2026-06-20 08:09:33,764] 39 root - INFO - [Attacker] Label flip: 0 samples class 1 \u2192 class 0
[2026-06-20 08:09:33,773] 39 root - INFO - [Attacker] Label flip: 0 samples class 1 \u2192 class 0
[2026-06-20 08:09:33,792] 39 root - INFO - [Attacker] Label flip: 0 samples class 1 \u2192 class 0
[2026-06-20 08:09:33,792] 39 root - INFO - [Attacker] Label flip: 1 samples class 1 \u2192 class 0
[2026-06-20 08:09:33,804] 39 root - INFO - [Attacker] Label flip: 0 samples class 1 \u2192 class 0
[2026-06-20 08:09:33,820] 39 root - INFO - [Attacker] Label flip: 0 samples class 1 \u2192 class 0
[2026-06-20 08:09:33,821] 39 root - INFO - [Attacker] Label flip: 0 samples class 1 \u2192 class 0
[2026-06-20 08:09:33,829] 39 root - INFO - [Attacker] Label flip: 0 samples class 1 \u2192 class 0
[2026-06-20 08:09:33,845] 39 root - INFO - [Attacker] Label flip: 0 samples class 1 \u2192 class 0
[2026-06-20 08:09:33,855] 39 root - INFO - [Attacker] Label flip: 0 samples class 1 \u2192 class 0
[2026-06-20 08:09:33,864] 39 root - INFO - [Attacker] Label flip: 0 samples class 1 \u2192 class 0
[2026-06-20 08:09:33,873] 39 root - INFO - [Attacker] Label flip: 0 samples class 1 \u2192 class 0
[2026-06-20 08:09:33,883] 39 root - INFO - [Attacker] Label flip: 0 samples class 1 \u2192 class 0
[2026-06-20 08:09:33,891] 39 root - INFO - [Attacker] Label flip: 0 samples class 1 \u2192 class 0
[2026-06-20 08:09:33,900] 39 root - INFO - [Attacker] Label flip: 0 samples class 1 \u2192 class 0
[2026-06-20 08:09:33,909] 39 root - INFO - [Attacker] Label flip: 0 samples class 1 \u2192 class 0
[2026-06-20 08:09:33,920] 39 root - INFO - [Attacker] Label flip: 0 samples class 1 \u2192 class 0
[2026-06-20 08:09:33,929] 39 root - INFO - [Attacker] Label flip: 0 samples class 1 \u2192 class 0
[2026-06-20 08:09:33,931] 39 root - INFO - [Attacker] Label flip: 0 samples class 1 \u2192 class 0
[2026-06-20 08:09:33,936] 39 root - INFO - [Attacker] Label flip: 0 samples class 1 \u2192 class 0
[2026-06-20 08:09:33,946] 39 root - INFO - [Attacker] Label flip: 0 samples class 1 \u2192 class 0
[2026-06-20 08:09:33,957] 39 root - INFO - [Attacker] Label flip: 0 samples class 1 \u2192 class 0
[2026-06-20 08:09:33,967] 39 root - INFO - [Attacker] Label flip: 0 samples class 1 \u2192 class 0
[2026-06-20 08:09:33,971] 39 root - INFO - [Attacker] Label flip: 0 samples class 1 \u2192 class 0
[2026-06-20 08:09:33,975] 39 root - INFO - [Attacker] Label flip: 0 samples class 1 \u2192 class 0
[2026-06-20 08:09:33,983] 39 root - INFO - [Attacker] Label flip: 0 samples class 1 \u2192 class 0
[2026-06-20 08:09:33,994] 39 root - INFO - [Attacker] Label flip: 0 samples class 1 \u2192 class 0
[2026-06-20 08:09:34,003] 39 root - INFO - [Attacker] Label flip: 0 samples class 1 \u2192 class 0
[2026-06-20 08:09:34,013] 39 root - INFO - [Attacker] Label flip: 0 samples class 1 \u2192 class 0
[2026-06-20 08:09:34,021] 39 root - INFO - [Attacker] Label flip: 0 samples class 1 \u2192 class 0
[2026-06-20 08:09:34,022] 39 root - INFO - [Attacker] Label flip: 0 samples class 1 \u2192 class 0
[2026-06-20 08:09:34,042] 39 root - INFO - [Attacker] Label flip: 0 samples class 1 \u2192 class 0
[2026-06-20 08:09:34,052] 39 root - INFO - [Attacker] Label flip: 0 samples class 1 \u2192 class 0
[2026-06-20 08:09:34,064] 39 root - INFO - [Attacker] Label flip: 0 samples class 1 \u2192 class 0
[2026-06-20 08:09:34,071] 39 root - INFO - [Attacker] Label flip: 0 samples class 1 \u2192 class 0
[2026-06-20 08:09:34,075] 39 root - INFO - [Attacker] Label flip: 0 samples class 1 \u2192 class 0
[2026-06-20 08:09:34,083] 39 root - INFO - [Attacker] Label flip: 0 samples class 1 \u2192 class 0
[2026-06-20 08:09:34,092] 39 root - INFO - [Attacker] Label flip: 0 samples class 1 \u2192 class 0
[2026-06-20 08:09:34,101] 39 root - INFO - [Attacker] Label flip: 0 samples class 1 \u2192 class 0
[2026-06-20 08:09:34,108] 39 root - INFO - [Attacker] Label flip: 0 samples class 1 \u2192 class 0
[2026-06-20 08:09:34,110] 39 root - INFO - [Attacker] Label flip: 0 samples class 1 \u2192 class 0
[2026-06-20 08:09:34,122] 39 root - INFO - [Attacker] Label flip: 0 samples class 1 \u2192 class 0
[2026-06-20 08:09:34,129] 39 root - INFO - [Attacker] Label flip: 0 samples class 1 \u2192 class 0
[2026-06-20 08:09:34,139] 39 root - INFO - [Attacker] Label flip: 0 samples class 1 \u2192 class 0
[2026-06-20 08:09:34,150] 39 root - INFO - [Attacker] Label flip: 1 samples class 1 \u2192 class 0
[2026-06-20 08:09:34,156] 268 flwr - WARNING - DEPRECATED FEATURE: `client_fn` now expects a signature `def client_fn(context: Context)`.The provided `client_fn` has signature: {'cid': <Parameter "cid: str">}. You can import the `Context` like this: `from flwr.common import Context`

            This is a deprecated feature. It will be removed
            entirely in future versions of Flower.
        
[2026-06-20 08:09:34,159] 39 root - INFO - [Attacker] Label flip: 0 samples class 1 \u2192 class 0
[2026-06-20 08:09:34,164] 39 root - INFO - [Attacker] Label flip: 0 samples class 1 \u2192 class 0
[2026-06-20 08:09:34,170] 39 root - INFO - [Attacker] Label flip: 0 samples class 1 \u2192 class 0
[2026-06-20 08:09:34,178] 39 root - INFO - [Attacker] Label flip: 0 samples class 1 \u2192 class 0
[2026-06-20 08:09:34,187] 39 root - INFO - [Attacker] Label flip: 0 samples class 1 \u2192 class 0
[2026-06-20 08:09:34,187] 39 root - INFO - [Attacker] Label flip: 0 samples class 1 \u2192 class 0
[2026-06-20 08:09:34,197] 39 root - INFO - [Attacker] Label flip: 0 samples class 1 \u2192 class 0
[2026-06-20 08:09:34,199] 39 root - INFO - [Attacker] Label flip: 0 samples class 1 \u2192 class 0
[2026-06-20 08:09:34,207] 39 root - INFO - [Attacker] Label flip: 0 samples class 1 \u2192 class 0
[2026-06-20 08:09:34,210] 39 root - INFO - [Attacker] Label flip: 0 samples class 1 \u2192 class 0
[2026-06-20 08:09:34,214] 39 root - INFO - [Attacker] Label flip: 0 samples class 1 \u2192 class 0
[2026-06-20 08:09:34,227] 39 root - INFO - [Attacker] Label flip: 0 samples class 1 \u2192 class 0
[2026-06-20 08:09:34,235] 39 root - INFO - [Attacker] Label flip: 0 samples class 1 \u2192 class 0
[2026-06-20 08:09:34,235] 39 root - INFO - [Attacker] Label flip: 0 samples class 1 \u2192 class 0
[2026-06-20 08:09:34,244] 39 root - INFO - [Attacker] Label flip: 0 samples class 1 \u2192 class 0
[2026-06-20 08:09:34,248] 39 root - INFO - [Attacker] Label flip: 0 samples class 1 \u2192 class 0
[2026-06-20 08:09:34,254] 39 root - INFO - [Attacker] Label flip: 0 samples class 1 \u2192 class 0
[2026-06-20 08:09:34,259] 39 root - INFO - [Attacker] Label flip: 0 samples class 1 \u2192 class 0
[2026-06-20 08:09:34,262] 39 root - INFO - [Attacker] Label flip: 0 samples class 1 \u2192 class 0
[2026-06-20 08:09:34,270] 39 root - INFO - [Attacker] Label flip: 0 samples class 1 \u2192 class 0
[2026-06-20 08:09:34,271] 39 root - INFO - [Attacker] Label flip: 0 samples class 1 \u2192 class 0
[2026-06-20 08:09:34,278] 39 root - INFO - [Attacker] Label flip: 0 samples class 1 \u2192 class 0
[2026-06-20 08:09:34,287] 39 root - INFO - [Attacker] Label flip: 0 samples class 1 \u2192 class 0
[2026-06-20 08:09:34,288] 39 root - INFO - [Attacker] Label flip: 0 samples class 1 \u2192 class 0
[2026-06-20 08:09:34,295] 39 root - INFO - [Attacker] Label flip: 0 samples class 1 \u2192 class 0
[2026-06-20 08:09:34,303] 39 root - INFO - [Attacker] Label flip: 0 samples class 1 \u2192 class 0
[2026-06-20 08:09:34,304] 39 root - INFO - [Attacker] Label flip: 0 samples class 1 \u2192 class 0
[2026-06-20 08:09:34,310] 39 root - INFO - [Attacker] Label flip: 0 samples class 1 \u2192 class 0
[2026-06-20 08:09:34,312] 39 root - INFO - [Attacker] Label flip: 1 samples class 1 \u2192 class 0
[2026-06-20 08:09:34,321] 39 root - INFO - [Attacker] Label flip: 0 samples class 1 \u2192 class 0
[2026-06-20 08:09:34,326] 39 root - INFO - [Attacker] Label flip: 0 samples class 1 \u2192 class 0
[2026-06-20 08:09:34,330] 39 root - INFO - [Attacker] Label flip: 0 samples class 1 \u2192 class 0
[2026-06-20 08:09:34,334] 39 root - INFO - [Attacker] Label flip: 0 samples class 1 \u2192 class 0
[2026-06-20 08:09:34,338] 39 root - INFO - [Attacker] Label flip: 0 samples class 1 \u2192 class 0
[2026-06-20 08:09:34,342] 39 root - INFO - [Attacker] Label flip: 0 samples class 1 \u2192 class 0
[2026-06-20 08:09:34,346] 39 root - INFO - [Attacker] Label flip: 0 samples class 1 \u2192 class 0
[2026-06-20 08:09:34,354] 39 root - INFO - [Attacker] Label flip: 1 samples class 1 \u2192 class 0
[2026-06-20 08:09:34,357] 39 root - INFO - [Attacker] Label flip: 0 samples class 1 \u2192 class 0
[2026-06-20 08:09:34,363] 39 root - INFO - [Attacker] Label flip: 0 samples class 1 \u2192 class 0
[2026-06-20 08:09:34,364] 39 root - INFO - [Attacker] Label flip: 0 samples class 1 \u2192 class 0
[2026-06-20 08:09:34,371] 39 root - INFO - [Attacker] Label flip: 0 samples class 1 \u2192 class 0
[2026-06-20 08:09:34,371] 39 root - INFO - [Attacker] Label flip: 0 samples class 1 \u2192 class 0
[2026-06-20 08:09:34,380] 39 root - INFO - [Attacker] Label flip: 0 samples class 1 \u2192 class 0
[2026-06-20 08:09:34,386] 39 root - INFO - [Attacker] Label flip: 0 samples class 1 \u2192 class 0
[2026-06-20 08:09:34,388] 39 root - INFO - [Attacker] Label flip: 0 samples class 1 \u2192 class 0
[2026-06-20 08:09:34,394] 39 root - INFO - [Attacker] Label flip: 0 samples class 1 \u2192 class 0
[2026-06-20 08:09:34,398] 39 root - INFO - [Attacker] Label flip: 0 samples class 1 \u2192 class 0
[2026-06-20 08:09:34,402] 39 root - INFO - [Attacker] Label flip: 0 samples class 1 \u2192 class 0
[2026-06-20 08:09:34,406] 39 root - INFO - [Attacker] Label flip: 0 samples class 1 \u2192 class 0
[2026-06-20 08:09:34,410] 39 root - INFO - [Attacker] Label flip: 0 samples class 1 \u2192 class 0
[2026-06-20 08:09:34,413] 39 root - INFO - [Attacker] Label flip: 0 samples class 1 \u2192 class 0
[2026-06-20 08:09:34,422] 39 root - INFO - [Attacker] Label flip: 0 samples class 1 \u2192 class 0
[2026-06-20 08:09:34,428] 39 root - INFO - [Attacker] Label flip: 0 samples class 1 \u2192 class 0
[2026-06-20 08:09:34,430] 39 root - INFO - [Attacker] Label flip: 0 samples class 1 \u2192 class 0
[2026-06-20 08:09:34,436] 39 root - INFO - [Attacker] Label flip: 0 samples class 1 \u2192 class 0
[2026-06-20 08:09:34,438] 39 root - INFO - [Attacker] Label flip: 1 samples class 1 \u2192 class 0
[2026-06-20 08:09:34,447] 39 root - INFO - [Attacker] Label flip: 0 samples class 1 \u2192 class 0
[2026-06-20 08:09:34,444] 39 root - INFO - [Attacker] Label flip: 0 samples class 1 \u2192 class 0
[2026-06-20 08:09:34,457] 39 root - INFO - [Attacker] Label flip: 0 samples class 1 \u2192 class 0
[2026-06-20 08:09:34,465] 39 root - INFO - [Attacker] Label flip: 0 samples class 1 \u2192 class 0
[2026-06-20 08:09:34,465] 39 root - INFO - [Attacker] Label flip: 0 samples class 1 \u2192 class 0
[2026-06-20 08:09:34,473] 39 root - INFO - [Attacker] Label flip: 0 samples class 1 \u2192 class 0
[2026-06-20 08:09:34,473] 39 root - INFO - [Attacker] Label flip: 0 samples class 1 \u2192 class 0
[2026-06-20 08:09:34,485] 39 root - INFO - [Attacker] Label flip: 0 samples class 1 \u2192 class 0
[2026-06-20 08:09:34,495] 39 root - INFO - [Attacker] Label flip: 0 samples class 1 \u2192 class 0
[2026-06-20 08:09:34,504] 39 root - INFO - [Attacker] Label flip: 0 samples class 1 \u2192 class 0
[2026-06-20 08:09:34,507] 39 root - INFO - [Attacker] Label flip: 0 samples class 1 \u2192 class 0
[2026-06-20 08:09:34,518] 39 root - INFO - [Attacker] Label flip: 0 samples class 1 \u2192 class 0
[2026-06-20 08:09:34,528] 39 root - INFO - [Attacker] Label flip: 0 samples class 1 \u2192 class 0
[2026-06-20 08:09:34,530] 39 root - INFO - [Attacker] Label flip: 0 samples class 1 \u2192 class 0
[2026-06-20 08:09:34,537] 39 root - INFO - [Attacker] Label flip: 0 samples class 1 \u2192 class 0
[2026-06-20 08:09:34,539] 39 root - INFO - [Attacker] Label flip: 0 samples class 1 \u2192 class 0
[2026-06-20 08:09:34,548] 39 root - INFO - [Attacker] Label flip: 0 samples class 1 \u2192 class 0
[2026-06-20 08:09:34,553] 39 root - INFO - [Attacker] Label flip: 0 samples class 1 \u2192 class 0
[2026-06-20 08:09:34,557] 39 root - INFO - [Attacker] Label flip: 0 samples class 1 \u2192 class 0
[2026-06-20 08:09:34,566] 39 root - INFO - [Attacker] Label flip: 1 samples class 1 \u2192 class 0
[2026-06-20 08:09:34,566] 39 root - INFO - [Attacker] Label flip: 0 samples class 1 \u2192 class 0
[2026-06-20 08:09:34,573] 39 root - INFO - [Attacker] Label flip: 0 samples class 1 \u2192 class 0
[2026-06-20 08:09:34,578] 39 root - INFO - [Attacker] Label flip: 0 samples class 1 \u2192 class 0
[2026-06-20 08:09:34,583] 39 root - INFO - [Attacker] Label flip: 0 samples class 1 \u2192 class 0
[2026-06-20 08:09:34,593] 39 root - INFO - [Attacker] Label flip: 0 samples class 1 \u2192 class 0
[2026-06-20 08:09:34,596] 39 root - INFO - [Attacker] Label flip: 0 samples class 1 \u2192 class 0
[2026-06-20 08:09:34,601] 39 root - INFO - [Attacker] Label flip: 0 samples class 1 \u2192 class 0
[2026-06-20 08:09:34,606] 39 root - INFO - [Attacker] Label flip: 0 samples class 1 \u2192 class 0
[2026-06-20 08:09:34,609] 39 root - INFO - [Attacker] Label flip: 0 samples class 1 \u2192 class 0
[2026-06-20 08:09:34,618] 39 root - INFO - [Attacker] Label flip: 1 samples class 1 \u2192 class 0
[2026-06-20 08:09:34,621] 39 root - INFO - [Attacker] Label flip: 0 samples class 1 \u2192 class 0
[2026-06-20 08:09:34,628] 39 root - INFO - [Attacker] Label flip: 0 samples class 1 \u2192 class 0
[2026-06-20 08:09:34,629] 39 root - INFO - [Attacker] Label flip: 0 samples class 1 \u2192 class 0
[2026-06-20 08:09:34,637] 39 root - INFO - [Attacker] Label flip: 0 samples class 1 \u2192 class 0
[2026-06-20 08:09:34,637] 39 root - INFO - [Attacker] Label flip: 1 samples class 1 \u2192 class 0
[2026-06-20 08:09:34,645] 39 root - INFO - [Attacker] Label flip: 0 samples class 1 \u2192 class 0
[2026-06-20 08:09:34,650] 39 root - INFO - [Attacker] Label flip: 0 samples class 1 \u2192 class 0
[2026-06-20 08:09:34,654] 39 root - INFO - [Attacker] Label flip: 0 samples class 1 \u2192 class 0
[2026-06-20 08:09:34,659] 39 root - INFO - [Attacker] Label flip: 0 samples class 1 \u2192 class 0
[2026-06-20 08:09:34,662] 39 root - INFO - [Attacker] Label flip: 0 samples class 1 \u2192 class 0
[2026-06-20 08:09:34,668] 39 root - INFO - [Attacker] Label flip: 0 samples class 1 \u2192 class 0
[2026-06-20 08:09:34,670] 39 root - INFO - [Attacker] Label flip: 0 samples class 1 \u2192 class 0
[2026-06-20 08:09:34,676] 39 root - INFO - [Attacker] Label flip: 0 samples class 1 \u2192 class 0
[2026-06-20 08:09:34,677] 39 root - INFO - [Attacker] Label flip: 0 samples class 1 \u2192 class 0
[2026-06-20 08:09:34,685] 39 root - INFO - [Attacker] Label flip: 0 samples class 1 \u2192 class 0
[2026-06-20 08:09:34,690] 39 root - INFO - [Attacker] Label flip: 0 samples class 1 \u2192 class 0
[2026-06-20 08:09:34,692] 39 root - INFO - [Attacker] Label flip: 0 samples class 1 \u2192 class 0
[2026-06-20 08:09:34,699] 39 root - INFO - [Attacker] Label flip: 0 samples class 1 \u2192 class 0
[2026-06-20 08:09:34,701] 39 root - INFO - [Attacker] Label flip: 0 samples class 1 \u2192 class 0
[2026-06-20 08:09:34,706] 39 root - INFO - [Attacker] Label flip: 0 samples class 1 \u2192 class 0
[2026-06-20 08:09:34,707] 39 root - INFO - [Attacker] Label flip: 0 samples class 1 \u2192 class 0
[2026-06-20 08:09:34,708] 39 root - INFO - [Attacker] Label flip: 0 samples class 1 \u2192 class 0
[2026-06-20 08:09:34,714] 39 root - INFO - [Attacker] Label flip: 0 samples class 1 \u2192 class 0
[2026-06-20 08:09:34,725] 39 root - INFO - [Attacker] Label flip: 0 samples class 1 \u2192 class 0
[2026-06-20 08:09:34,726] 39 root - INFO - [Attacker] Label flip: 0 samples class 1 \u2192 class 0
[2026-06-20 08:09:34,732] 39 root - INFO - [Attacker] Label flip: 0 samples class 1 \u2192 class 0
[2026-06-20 08:09:34,732] 39 root - INFO - [Attacker] Label flip: 0 samples class 1 \u2192 class 0
[2026-06-20 08:09:34,734] 39 root - INFO - [Attacker] Label flip: 0 samples class 1 \u2192 class 0
[2026-06-20 08:09:34,741] 39 root - INFO - [Attacker] Label flip: 0 samples class 1 \u2192 class 0
[2026-06-20 08:09:34,742] 39 root - INFO - [Attacker] Label flip: 0 samples class 1 \u2192 class 0
[2026-06-20 08:09:34,743] 39 root - INFO - [Attacker] Label flip: 0 samples class 1 \u2192 class 0
[2026-06-20 08:09:34,752] 39 root - INFO - [Attacker] Label flip: 0 samples class 1 \u2192 class 0
[2026-06-20 08:09:34,758] 39 root - INFO - [Attacker] Label flip: 0 samples class 1 \u2192 class 0
[2026-06-20 08:09:34,758] 39 root - INFO - [Attacker] Label flip: 0 samples class 1 \u2192 class 0
[2026-06-20 08:09:34,760] 39 root - INFO - [Attacker] Label flip: 0 samples class 1 \u2192 class 0
[2026-06-20 08:09:34,768] 39 root - INFO - [Attacker] Label flip: 0 samples class 1 \u2192 class 0
[2026-06-20 08:09:34,769] 39 root - INFO - [Attacker] Label flip: 0 samples class 1 \u2192 class 0
[2026-06-20 08:09:34,769] 39 root - INFO - [Attacker] Label flip: 0 samples class 1 \u2192 class 0
[2026-06-20 08:09:34,777] 39 root - INFO - [Attacker] Label flip: 0 samples class 1 \u2192 class 0
[2026-06-20 08:09:34,777] 39 root - INFO - [Attacker] Label flip: 0 samples class 1 \u2192 class 0
[2026-06-20 08:09:34,787] 39 root - INFO - [Attacker] Label flip: 0 samples class 1 \u2192 class 0
[2026-06-20 08:09:34,787] 39 root - INFO - [Attacker] Label flip: 0 samples class 1 \u2192 class 0
[2026-06-20 08:09:34,797] 39 root - INFO - [Attacker] Label flip: 0 samples class 1 \u2192 class 0
[2026-06-20 08:09:34,802] 39 root - INFO - [Attacker] Label flip: 0 samples class 1 \u2192 class 0
[2026-06-20 08:09:34,805] 39 root - INFO - [Attacker] Label flip: 0 samples class 1 \u2192 class 0
[2026-06-20 08:09:34,806] 39 root - INFO - [Attacker] Label flip: 0 samples class 1 \u2192 class 0
[2026-06-20 08:09:34,814] 39 root - INFO - [Attacker] Label flip: 0 samples class 1 \u2192 class 0
[2026-06-20 08:09:34,820] 39 root - INFO - [Attacker] Label flip: 0 samples class 1 \u2192 class 0
[2026-06-20 08:09:34,821] 39 root - INFO - [Attacker] Label flip: 0 samples class 1 \u2192 class 0
[2026-06-20 08:09:34,821] 39 root - INFO - [Attacker] Label flip: 0 samples class 1 \u2192 class 0
[2026-06-20 08:09:34,830] 39 root - INFO - [Attacker] Label flip: 0 samples class 1 \u2192 class 0
[2026-06-20 08:09:34,832] 39 root - INFO - [Attacker] Label flip: 0 samples class 1 \u2192 class 0
[2026-06-20 08:09:34,832] 39 root - INFO - [Attacker] Label flip: 0 samples class 1 \u2192 class 0
[2026-06-20 08:09:34,837] 39 root - INFO - [Attacker] Label flip: 0 samples class 1 \u2192 class 0
[2026-06-20 08:09:34,843] 39 root - INFO - [Attacker] Label flip: 0 samples class 1 \u2192 class 0
[2026-06-20 08:09:34,843] 39 root - INFO - [Attacker] Label flip: 0 samples class 1 \u2192 class 0
[2026-06-20 08:09:34,846] 39 root - INFO - [Attacker] Label flip: 0 samples class 1 \u2192 class 0
[2026-06-20 08:09:34,855] 39 root - INFO - [Attacker] Label flip: 0 samples class 1 \u2192 class 0
[2026-06-20 08:09:34,859] 39 root - INFO - [Attacker] Label flip: 0 samples class 1 \u2192 class 0
[2026-06-20 08:09:34,859] 39 root - INFO - [Attacker] Label flip: 0 samples class 1 \u2192 class 0
[2026-06-20 08:09:34,864] 39 root - INFO - [Attacker] Label flip: 0 samples class 1 \u2192 class 0
[2026-06-20 08:09:34,869] 39 root - INFO - [Attacker] Label flip: 0 samples class 1 \u2192 class 0
[2026-06-20 08:09:34,870] 39 root - INFO - [Attacker] Label flip: 0 samples class 1 \u2192 class 0
[2026-06-20 08:09:34,872] 39 root - INFO - [Attacker] Label flip: 0 samples class 1 \u2192 class 0
[2026-06-20 08:09:34,883] 39 root - INFO - [Attacker] Label flip: 0 samples class 1 \u2192 class 0
[2026-06-20 08:09:34,886] 39 root - INFO - [Attacker] Label flip: 0 samples class 1 \u2192 class 0
[2026-06-20 08:09:34,897] 39 root - INFO - [Attacker] Label flip: 0 samples class 1 \u2192 class 0
[2026-06-20 08:09:34,897] 39 root - INFO - [Attacker] Label flip: 0 samples class 1 \u2192 class 0
[2026-06-20 08:09:34,906] 39 root - INFO - [Attacker] Label flip: 0 samples class 1 \u2192 class 0
[2026-06-20 08:09:34,907] 39 root - INFO - [Attacker] Label flip: 0 samples class 1 \u2192 class 0
[2026-06-20 08:09:34,908] 39 root - INFO - [Attacker] Label flip: 0 samples class 1 \u2192 class 0
[2026-06-20 08:09:34,914] 39 root - INFO - [Attacker] Label flip: 0 samples class 1 \u2192 class 0
[2026-06-20 08:09:34,923] 39 root - INFO - [Attacker] Label flip: 0 samples class 1 \u2192 class 0
[2026-06-20 08:09:34,926] 39 root - INFO - [Attacker] Label flip: 0 samples class 1 \u2192 class 0
[2026-06-20 08:09:34,928] 39 root - INFO - [Attacker] Label flip: 0 samples class 1 \u2192 class 0
[2026-06-20 08:09:34,932] 39 root - INFO - [Attacker] Label flip: 0 samples class 1 \u2192 class 0
[2026-06-20 08:09:34,937] 39 root - INFO - [Attacker] Label flip: 1 samples class 1 \u2192 class 0
[2026-06-20 08:09:34,938] 39 root - INFO - [Attacker] Label flip: 0 samples class 1 \u2192 class 0
[2026-06-20 08:09:34,941] 39 root - INFO - [Attacker] Label flip: 0 samples class 1 \u2192 class 0
[2026-06-20 08:09:34,951] 39 root - INFO - [Attacker] Label flip: 0 samples class 1 \u2192 class 0
[2026-06-20 08:09:34,959] 39 root - INFO - [Attacker] Label flip: 0 samples class 1 \u2192 class 0
[2026-06-20 08:09:34,960] 39 root - INFO - [Attacker] Label flip: 0 samples class 1 \u2192 class 0
[2026-06-20 08:09:34,963] 39 root - INFO - [Attacker] Label flip: 0 samples class 1 \u2192 class 0
[2026-06-20 08:09:34,968] 39 root - INFO - [Attacker] Label flip: 0 samples class 1 \u2192 class 0
[2026-06-20 08:09:34,970] 39 root - INFO - [Attacker] Label flip: 0 samples class 1 \u2192 class 0
[2026-06-20 08:09:34,975] 39 root - INFO - [Attacker] Label flip: 0 samples class 1 \u2192 class 0
[2026-06-20 08:09:34,976] 39 root - INFO - [Attacker] Label flip: 0 samples class 1 \u2192 class 0
[2026-06-20 08:09:34,981] 39 root - INFO - [Attacker] Label flip: 0 samples class 1 \u2192 class 0
[2026-06-20 08:09:34,984] 39 root - INFO - [Attacker] Label flip: 0 samples class 1 \u2192 class 0
[2026-06-20 08:09:34,992] 39 root - INFO - [Attacker] Label flip: 0 samples class 1 \u2192 class 0
[2026-06-20 08:09:34,993] 39 root - INFO - [Attacker] Label flip: 0 samples class 1 \u2192 class 0
[2026-06-20 08:09:34,994] 39 root - INFO - [Attacker] Label flip: 0 samples class 1 \u2192 class 0
[2026-06-20 08:09:35,001] 39 root - INFO - [Attacker] Label flip: 0 samples class 1 \u2192 class 0
[2026-06-20 08:09:35,003] 39 root - INFO - [Attacker] Label flip: 0 samples class 1 \u2192 class 0
[2026-06-20 08:09:35,005] 39 root - INFO - [Attacker] Label flip: 0 samples class 1 \u2192 class 0
[2026-06-20 08:09:35,010] 39 root - INFO - [Attacker] Label flip: 0 samples class 1 \u2192 class 0
[2026-06-20 08:09:35,019] 39 root - INFO - [Attacker] Label flip: 0 samples class 1 \u2192 class 0
[2026-06-20 08:09:35,020] 39 root - INFO - [Attacker] Label flip: 0 samples class 1 \u2192 class 0
[2026-06-20 08:09:35,022] 39 root - INFO - [Attacker] Label flip: 0 samples class 1 \u2192 class 0
[2026-06-20 08:09:35,027] 39 root - INFO - [Attacker] Label flip: 0 samples class 1 \u2192 class 0
[2026-06-20 08:09:35,032] 39 root - INFO - [Attacker] Label flip: 0 samples class 1 \u2192 class 0
[2026-06-20 08:09:35,036] 39 root - INFO - [Attacker] Label flip: 0 samples class 1 \u2192 class 0
[2026-06-20 08:09:35,043] 39 root - INFO - [Attacker] Label flip: 0 samples class 1 \u2192 class 0
[2026-06-20 08:09:35,044] 39 root - INFO - [Attacker] Label flip: 0 samples class 1 \u2192 class 0
[2026-06-20 08:09:35,050] 39 root - INFO - [Attacker] Label flip: 0 samples class 1 \u2192 class 0
[2026-06-20 08:09:35,058] 39 root - INFO - [Attacker] Label flip: 0 samples class 1 \u2192 class 0
[2026-06-20 08:09:35,059] 39 root - INFO - [Attacker] Label flip: 0 samples class 1 \u2192 class 0
[2026-06-20 08:09:35,060] 39 root - INFO - [Attacker] Label flip: 0 samples class 1 \u2192 class 0
[2026-06-20 08:09:35,069] 39 root - INFO - [Attacker] Label flip: 0 samples class 1 \u2192 class 0
[2026-06-20 08:09:35,069] 39 root - INFO - [Attacker] Label flip: 0 samples class 1 \u2192 class 0
[2026-06-20 08:09:35,070] 39 root - INFO - [Attacker] Label flip: 0 samples class 1 \u2192 class 0
[2026-06-20 08:09:35,076] 39 root - INFO - [Attacker] Label flip: 0 samples class 1 \u2192 class 0
[2026-06-20 08:09:35,080] 39 root - INFO - [Attacker] Label flip: 0 samples class 1 \u2192 class 0
[2026-06-20 08:09:35,082] 39 root - INFO - [Attacker] Label flip: 0 samples class 1 \u2192 class 0
[2026-06-20 08:09:35,084] 39 root - INFO - [Attacker] Label flip: 0 samples class 1 \u2192 class 0
[2026-06-20 08:09:35,093] 39 root - INFO - [Attacker] Label flip: 0 samples class 1 \u2192 class 0
[2026-06-20 08:09:35,097] 39 root - INFO - [Attacker] Label flip: 0 samples class 1 \u2192 class 0
[2026-06-20 08:09:35,098] 39 root - INFO - [Attacker] Label flip: 0 samples class 1 \u2192 class 0
[2026-06-20 08:09:35,102] 39 root - INFO - [Attacker] Label flip: 0 samples class 1 \u2192 class 0
[2026-06-20 08:09:35,107] 39 root - INFO - [Attacker] Label flip: 0 samples class 1 \u2192 class 0
[2026-06-20 08:09:35,109] 39 root - INFO - [Attacker] Label flip: 0 samples class 1 \u2192 class 0
[2026-06-20 08:09:35,110] 39 root - INFO - [Attacker] Label flip: 0 samples class 1 \u2192 class 0
[2026-06-20 08:09:35,119] 39 root - INFO - [Attacker] Label flip: 0 samples class 1 \u2192 class 0
[2026-06-20 08:09:35,125] 39 root - INFO - [Attacker] Label flip: 0 samples class 1 \u2192 class 0
[2026-06-20 08:09:35,128] 39 root - INFO - [Attacker] Label flip: 0 samples class 1 \u2192 class 0
[2026-06-20 08:09:35,128] 39 root - INFO - [Attacker] Label flip: 0 samples class 1 \u2192 class 0
[2026-06-20 08:09:35,135] 39 root - INFO - [Attacker] Label flip: 0 samples class 1 \u2192 class 0
[2026-06-20 08:09:35,136] 39 root - INFO - [Attacker] Label flip: 0 samples class 1 \u2192 class 0
[2026-06-20 08:09:35,137] 39 root - INFO - [Attacker] Label flip: 0 samples class 1 \u2192 class 0
[2026-06-20 08:09:35,144] 39 root - INFO - [Attacker] Label flip: 0 samples class 1 \u2192 class 0
[2026-06-20 08:09:35,153] 39 root - INFO - [Attacker] Label flip: 0 samples class 1 \u2192 class 0
[2026-06-20 08:09:35,153] 39 root - INFO - [Attacker] Label flip: 0 samples class 1 \u2192 class 0
[2026-06-20 08:09:35,155] 39 root - INFO - [Attacker] Label flip: 0 samples class 1 \u2192 class 0
[2026-06-20 08:09:35,162] 39 root - INFO - [Attacker] Label flip: 0 samples class 1 \u2192 class 0
[2026-06-20 08:09:35,164] 39 root - INFO - [Attacker] Label flip: 0 samples class 1 \u2192 class 0
[2026-06-20 08:09:35,166] 39 root - INFO - [Attacker] Label flip: 0 samples class 1 \u2192 class 0
[2026-06-20 08:09:35,170] 39 root - INFO - [Attacker] Label flip: 0 samples class 1 \u2192 class 0
[2026-06-20 08:09:35,177] 39 root - INFO - [Attacker] Label flip: 0 samples class 1 \u2192 class 0
[2026-06-20 08:09:35,180] 39 root - INFO - [Attacker] Label flip: 0 samples class 1 \u2192 class 0
[2026-06-20 08:09:35,178] 39 root - INFO - [Attacker] Label flip: 0 samples class 1 \u2192 class 0
[2026-06-20 08:09:35,188] 39 root - INFO - [Attacker] Label flip: 0 samples class 1 \u2192 class 0
[2026-06-20 08:09:35,197] 39 root - INFO - [Attacker] Label flip: 0 samples class 1 \u2192 class 0
[2026-06-20 08:09:35,199] 39 root - INFO - [Attacker] Label flip: 0 samples class 1 \u2192 class 0
[2026-06-20 08:09:35,199] 39 root - INFO - [Attacker] Label flip: 0 samples class 1 \u2192 class 0
[2026-06-20 08:09:35,208] 39 root - INFO - [Attacker] Label flip: 0 samples class 1 \u2192 class 0
[2026-06-20 08:09:35,209] 39 root - INFO - [Attacker] Label flip: 0 samples class 1 \u2192 class 0
[2026-06-20 08:09:35,211] 39 root - INFO - [Attacker] Label flip: 0 samples class 1 \u2192 class 0
[2026-06-20 08:09:35,219] 39 root - INFO - [Attacker] Label flip: 0 samples class 1 \u2192 class 0
[2026-06-20 08:09:35,219] 39 root - INFO - [Attacker] Label flip: 0 samples class 1 \u2192 class 0
[2026-06-20 08:09:35,224] 39 root - INFO - [Attacker] Label flip: 0 samples class 1 \u2192 class 0
[2026-06-20 08:09:35,228] 39 root - INFO - [Attacker] Label flip: 0 samples class 1 \u2192 class 0
[2026-06-20 08:09:35,229] 39 root - INFO - [Attacker] Label flip: 0 samples class 1 \u2192 class 0
[2026-06-20 08:09:35,236] 39 root - INFO - [Attacker] Label flip: 0 samples class 1 \u2192 class 0
[2026-06-20 08:09:35,236] 39 root - INFO - [Attacker] Label flip: 0 samples class 1 \u2192 class 0
[2026-06-20 08:09:35,238] 39 root - INFO - [Attacker] Label flip: 0 samples class 1 \u2192 class 0
[2026-06-20 08:09:35,244] 39 root - INFO - [Attacker] Label flip: 0 samples class 1 \u2192 class 0
[2026-06-20 08:09:35,252] 39 root - INFO - [Attacker] Label flip: 0 samples class 1 \u2192 class 0
[2026-06-20 08:09:35,253] 39 root - INFO - [Attacker] Label flip: 0 samples class 1 \u2192 class 0
[2026-06-20 08:09:35,257] 39 root - INFO - [Attacker] Label flip: 0 samples class 1 \u2192 class 0
[2026-06-20 08:09:35,261] 39 root - INFO - [Attacker] Label flip: 0 samples class 1 \u2192 class 0
[2026-06-20 08:09:35,261] 39 root - INFO - [Attacker] Label flip: 0 samples class 1 \u2192 class 0
[2026-06-20 08:09:35,268] 39 root - INFO - [Attacker] Label flip: 0 samples class 1 \u2192 class 0
[2026-06-20 08:09:35,269] 39 root - INFO - [Attacker] Label flip: 0 samples class 1 \u2192 class 0
[2026-06-20 08:09:35,271] 39 root - INFO - [Attacker] Label flip: 0 samples class 1 \u2192 class 0
[2026-06-20 08:09:35,276] 39 root - INFO - [Attacker] Label flip: 0 samples class 1 \u2192 class 0
[2026-06-20 08:09:35,277] 39 root - INFO - [Attacker] Label flip: 0 samples class 1 \u2192 class 0
[2026-06-20 08:09:35,287] 39 root - INFO - [Attacker] Label flip: 0 samples class 1 \u2192 class 0
[2026-06-20 08:09:35,288] 39 root - INFO - [Attacker] Label flip: 0 samples class 1 \u2192 class 0
[2026-06-20 08:09:35,294] 39 root - INFO - [Attacker] Label flip: 1 samples class 1 \u2192 class 0
[2026-06-20 08:09:35,295] 39 root - INFO - [Attacker] Label flip: 0 samples class 1 \u2192 class 0
[2026-06-20 08:09:35,297] 39 root - INFO - [Attacker] Label flip: 0 samples class 1 \u2192 class 0
[2026-06-20 08:09:35,302] 39 root - INFO - [Attacker] Label flip: 0 samples class 1 \u2192 class 0
[2026-06-20 08:09:35,303] 39 root - INFO - [Attacker] Label flip: 0 samples class 1 \u2192 class 0
[2026-06-20 08:09:35,308] 39 root - INFO - [Attacker] Label flip: 0 samples class 1 \u2192 class 0
[2026-06-20 08:09:35,311] 39 root - INFO - [Attacker] Label flip: 0 samples class 1 \u2192 class 0
[2026-06-20 08:09:35,320] 39 root - INFO - [Attacker] Label flip: 0 samples class 1 \u2192 class 0
[2026-06-20 08:09:35,320] 39 root - INFO - [Attacker] Label flip: 0 samples class 1 \u2192 class 0
[2026-06-20 08:09:35,324] 39 root - INFO - [Attacker] Label flip: 0 samples class 1 \u2192 class 0
[2026-06-20 08:09:35,329] 39 root - INFO - [Attacker] Label flip: 0 samples class 1 \u2192 class 0
[2026-06-20 08:09:35,331] 39 root - INFO - [Attacker] Label flip: 0 samples class 1 \u2192 class 0
[2026-06-20 08:09:35,334] 39 root - INFO - [Attacker] Label flip: 0 samples class 1 \u2192 class 0
[2026-06-20 08:09:35,338] 39 root - INFO - [Attacker] Label flip: 0 samples class 1 \u2192 class 0
[2026-06-20 08:09:35,342] 39 root - INFO - [Attacker] Label flip: 0 samples class 1 \u2192 class 0
[2026-06-20 08:09:35,347] 39 root - INFO - [Attacker] Label flip: 0 samples class 1 \u2192 class 0
[2026-06-20 08:09:35,352] 39 root - INFO - [Attacker] Label flip: 0 samples class 1 \u2192 class 0
[2026-06-20 08:09:35,355] 39 root - INFO - [Attacker] Label flip: 0 samples class 1 \u2192 class 0
[2026-06-20 08:09:35,364] 39 root - INFO - [Attacker] Label flip: 0 samples class 1 \u2192 class 0
[2026-06-20 08:09:35,365] 39 root - INFO - [Attacker] Label flip: 0 samples class 1 \u2192 class 0
[2026-06-20 08:09:35,373] 268 flwr - WARNING - DEPRECATED FEATURE: `client_fn` now expects a signature `def client_fn(context: Context)`.The provided `client_fn` has signature: {'cid': <Parameter "cid: str">}. You can import the `Context` like this: `from flwr.common import Context`

            This is a deprecated feature. It will be removed
            entirely in future versions of Flower.
        
[2026-06-20 08:09:35,376] 39 root - INFO - [Attacker] Label flip: 0 samples class 1 \u2192 class 0
[2026-06-20 08:09:35,378] 39 root - INFO - [Attacker] Label flip: 0 samples class 1 \u2192 class 0
[2026-06-20 08:09:35,402] 39 root - INFO - [Attacker] Label flip: 0 samples class 1 \u2192 class 0
[2026-06-20 08:09:35,403] 39 root - INFO - [Attacker] Label flip: 0 samples class 1 \u2192 class 0
[2026-06-20 08:09:35,436] 39 root - INFO - [Attacker] Label flip: 0 samples class 1 \u2192 class 0
[2026-06-20 08:09:35,438] 39 root - INFO - [Attacker] Label flip: 0 samples class 1 \u2192 class 0
[2026-06-20 08:09:35,447] 39 root - INFO - [Attacker] Label flip: 0 samples class 1 \u2192 class 0
[2026-06-20 08:09:35,452] 39 root - INFO - [Attacker] Label flip: 0 samples class 1 \u2192 class 0
[2026-06-20 08:09:35,458] 39 root - INFO - [Attacker] Label flip: 0 samples class 1 \u2192 class 0
[2026-06-20 08:09:35,463] 39 root - INFO - [Attacker] Label flip: 0 samples class 1 \u2192 class 0
[2026-06-20 08:09:35,467] 39 root - INFO - [Attacker] Label flip: 0 samples class 1 \u2192 class 0
[2026-06-20 08:09:35,474] 39 root - INFO - [Attacker] Label flip: 0 samples class 1 \u2192 class 0
[2026-06-20 08:09:35,478] 39 root - INFO - [Attacker] Label flip: 0 samples class 1 \u2192 class 0
[2026-06-20 08:09:35,487] 39 root - INFO - [Attacker] Label flip: 0 samples class 1 \u2192 class 0
[2026-06-20 08:09:35,493] 39 root - INFO - [Attacker] Label flip: 0 samples class 1 \u2192 class 0
[2026-06-20 08:09:35,496] 39 root - INFO - [Attacker] Label flip: 0 samples class 1 \u2192 class 0
[2026-06-20 08:09:35,505] 39 root - INFO - [Attacker] Label flip: 0 samples class 1 \u2192 class 0
[2026-06-20 08:09:35,506] 39 root - INFO - [Attacker] Label flip: 0 samples class 1 \u2192 class 0
[2026-06-20 08:09:35,514] 39 root - INFO - [Attacker] Label flip: 0 samples class 1 \u2192 class 0
[2026-06-20 08:09:35,525] 39 root - INFO - [Attacker] Label flip: 0 samples class 1 \u2192 class 0
[2026-06-20 08:09:35,527] 39 root - INFO - [Attacker] Label flip: 0 samples class 1 \u2192 class 0
[2026-06-20 08:09:35,534] 39 root - INFO - [Attacker] Label flip: 0 samples class 1 \u2192 class 0
[2026-06-20 08:09:35,538] 39 root - INFO - [Attacker] Label flip: 0 samples class 1 \u2192 class 0
[2026-06-20 08:09:35,543] 39 root - INFO - [Attacker] Label flip: 0 samples class 1 \u2192 class 0
[2026-06-20 08:09:35,552] 39 root - INFO - [Attacker] Label flip: 0 samples class 1 \u2192 class 0
[2026-06-20 08:09:35,558] 39 root - INFO - [Attacker] Label flip: 0 samples class 1 \u2192 class 0
[2026-06-20 08:09:35,561] 39 root - INFO - [Attacker] Label flip: 0 samples class 1 \u2192 class 0
[2026-06-20 08:09:35,568] 39 root - INFO - [Attacker] Label flip: 0 samples class 1 \u2192 class 0
[2026-06-20 08:09:35,569] 39 root - INFO - [Attacker] Label flip: 0 samples class 1 \u2192 class 0
[2026-06-20 08:09:35,578] 39 root - INFO - [Attacker] Label flip: 0 samples class 1 \u2192 class 0
[2026-06-20 08:09:35,580] 39 root - INFO - [Attacker] Label flip: 0 samples class 1 \u2192 class 0
[2026-06-20 08:09:35,586] 39 root - INFO - [Attacker] Label flip: 0 samples class 1 \u2192 class 0
[2026-06-20 08:09:35,594] 39 root - INFO - [Attacker] Label flip: 0 samples class 1 \u2192 class 0
[2026-06-20 08:09:35,596] 39 root - INFO - [Attacker] Label flip: 0 samples class 1 \u2192 class 0
[2026-06-20 08:09:35,601] 39 root - INFO - [Attacker] Label flip: 0 samples class 1 \u2192 class 0
[2026-06-20 08:09:35,604] 39 root - INFO - [Attacker] Label flip: 0 samples class 1 \u2192 class 0
[2026-06-20 08:09:35,609] 39 root - INFO - [Attacker] Label flip: 0 samples class 1 \u2192 class 0
[2026-06-20 08:09:35,612] 39 root - INFO - [Attacker] Label flip: 0 samples class 1 \u2192 class 0
[2026-06-20 08:09:35,621] 39 root - INFO - [Attacker] Label flip: 0 samples class 1 \u2192 class 0
[2026-06-20 08:09:35,625] 39 root - INFO - [Attacker] Label flip: 0 samples class 1 \u2192 class 0
[2026-06-20 08:09:35,628] 39 root - INFO - [Attacker] Label flip: 0 samples class 1 \u2192 class 0
[2026-06-20 08:09:35,632] 39 root - INFO - [Attacker] Label flip: 0 samples class 1 \u2192 class 0
[2026-06-20 08:09:35,637] 39 root - INFO - [Attacker] Label flip: 0 samples class 1 \u2192 class 0
[2026-06-20 08:09:35,641] 39 root - INFO - [Attacker] Label flip: 0 samples class 1 \u2192 class 0
[2026-06-20 08:09:35,645] 39 root - INFO - [Attacker] Label flip: 0 samples class 1 \u2192 class 0
[2026-06-20 08:09:35,653] 39 root - INFO - [Attacker] Label flip: 0 samples class 1 \u2192 class 0
[2026-06-20 08:09:35,661] 39 root - INFO - [Attacker] Label flip: 0 samples class 1 \u2192 class 0
[2026-06-20 08:09:35,663] 39 root - INFO - [Attacker] Label flip: 0 samples class 1 \u2192 class 0
[2026-06-20 08:09:35,671] 39 root - INFO - [Attacker] Label flip: 0 samples class 1 \u2192 class 0
[2026-06-20 08:09:35,677] 39 root - INFO - [Attacker] Label flip: 0 samples class 1 \u2192 class 0
[2026-06-20 08:09:35,681] 39 root - INFO - [Attacker] Label flip: 0 samples class 1 \u2192 class 0
[2026-06-20 08:09:35,690] 39 root - INFO - [Attacker] Label flip: 0 samples class 1 \u2192 class 0
[2026-06-20 08:09:35,698] 39 root - INFO - [Attacker] Label flip: 0 samples class 1 \u2192 class 0
[2026-06-20 08:09:35,700] 39 root - INFO - [Attacker] Label flip: 0 samples class 1 \u2192 class 0
[2026-06-20 08:09:35,708] 39 root - INFO - [Attacker] Label flip: 0 samples class 1 \u2192 class 0
[2026-06-20 08:09:35,714] 39 root - INFO - [Attacker] Label flip: 0 samples class 1 \u2192 class 0
[2026-06-20 08:09:35,716] 39 root - INFO - [Attacker] Label flip: 0 samples class 1 \u2192 class 0
[2026-06-20 08:09:35,725] 39 root - INFO - [Attacker] Label flip: 0 samples class 1 \u2192 class 0
[2026-06-20 08:09:35,725] 39 root - INFO - [Attacker] Label flip: 0 samples class 1 \u2192 class 0
[2026-06-20 08:09:35,733] 39 root - INFO - [Attacker] Label flip: 0 samples class 1 \u2192 class 0
[2026-06-20 08:09:35,734] 39 root - INFO - [Attacker] Label flip: 0 samples class 1 \u2192 class 0
[2026-06-20 08:09:35,742] 39 root - INFO - [Attacker] Label flip: 0 samples class 1 \u2192 class 0
[2026-06-20 08:09:35,743] 39 root - INFO - [Attacker] Label flip: 0 samples class 1 \u2192 class 0
[2026-06-20 08:09:35,753] 39 root - INFO - [Attacker] Label flip: 0 samples class 1 \u2192 class 0
[2026-06-20 08:09:35,756] 39 root - INFO - [Attacker] Label flip: 0 samples class 1 \u2192 class 0
[2026-06-20 08:09:35,764] 39 root - INFO - [Attacker] Label flip: 0 samples class 1 \u2192 class 0
[2026-06-20 08:09:35,765] 39 root - INFO - [Attacker] Label flip: 0 samples class 1 \u2192 class 0
[2026-06-20 08:09:35,773] 39 root - INFO - [Attacker] Label flip: 0 samples class 1 \u2192 class 0
[2026-06-20 08:09:35,773] 39 root - INFO - [Attacker] Label flip: 0 samples class 1 \u2192 class 0
[2026-06-20 08:09:35,782] 39 root - INFO - [Attacker] Label flip: 0 samples class 1 \u2192 class 0
[2026-06-20 08:09:35,787] 39 root - INFO - [Attacker] Label flip: 0 samples class 1 \u2192 class 0
[2026-06-20 08:09:35,792] 39 root - INFO - [Attacker] Label flip: 0 samples class 1 \u2192 class 0
[2026-06-20 08:09:35,797] 39 root - INFO - [Attacker] Label flip: 0 samples class 1 \u2192 class 0
[2026-06-20 08:09:35,800] 39 root - INFO - [Attacker] Label flip: 0 samples class 1 \u2192 class 0
[2026-06-20 08:09:35,806] 39 root - INFO - [Attacker] Label flip: 0 samples class 1 \u2192 class 0
[2026-06-20 08:09:35,808] 39 root - INFO - [Attacker] Label flip: 0 samples class 1 \u2192 class 0
[2026-06-20 08:09:35,816] 39 root - INFO - [Attacker] Label flip: 0 samples class 1 \u2192 class 0
[2026-06-20 08:09:35,820] 39 root - INFO - [Attacker] Label flip: 0 samples class 1 \u2192 class 0
[2026-06-20 08:09:35,824] 39 root - INFO - [Attacker] Label flip: 0 samples class 1 \u2192 class 0
[2026-06-20 08:09:35,830] 39 root - INFO - [Attacker] Label flip: 0 samples class 1 \u2192 class 0
[2026-06-20 08:09:35,833] 39 root - INFO - [Attacker] Label flip: 0 samples class 1 \u2192 class 0
[2026-06-20 08:09:35,837] 39 root - INFO - [Attacker] Label flip: 0 samples class 1 \u2192 class 0
[2026-06-20 08:09:35,840] 39 root - INFO - [Attacker] Label flip: 0 samples class 1 \u2192 class 0
[2026-06-20 08:09:35,848] 39 root - INFO - [Attacker] Label flip: 0 samples class 1 \u2192 class 0
[2026-06-20 08:09:35,849] 39 root - INFO - [Attacker] Label flip: 0 samples class 1 \u2192 class 0
[2026-06-20 08:09:35,859] 39 root - INFO - [Attacker] Label flip: 0 samples class 1 \u2192 class 0
[2026-06-20 08:09:35,862] 39 root - INFO - [Attacker] Label flip: 0 samples class 1 \u2192 class 0
[2026-06-20 08:09:35,867] 39 root - INFO - [Attacker] Label flip: 0 samples class 1 \u2192 class 0
[2026-06-20 08:09:35,870] 39 root - INFO - [Attacker] Label flip: 0 samples class 1 \u2192 class 0
[2026-06-20 08:09:35,875] 39 root - INFO - [Attacker] Label flip: 0 samples class 1 \u2192 class 0
[2026-06-20 08:09:35,883] 39 root - INFO - [Attacker] Label flip: 0 samples class 1 \u2192 class 0
[2026-06-20 08:09:35,885] 39 root - INFO - [Attacker] Label flip: 0 samples class 1 \u2192 class 0
[2026-06-20 08:09:35,893] 39 root - INFO - [Attacker] Label flip: 0 samples class 1 \u2192 class 0
[2026-06-20 08:09:35,895] 39 root - INFO - [Attacker] Label flip: 0 samples class 1 \u2192 class 0
[2026-06-20 08:09:35,901] 39 root - INFO - [Attacker] Label flip: 0 samples class 1 \u2192 class 0
[2026-06-20 08:09:35,905] 39 root - INFO - [Attacker] Label flip: 0 samples class 1 \u2192 class 0
[2026-06-20 08:09:35,909] 39 root - INFO - [Attacker] Label flip: 0 samples class 1 \u2192 class 0
[2026-06-20 08:09:35,918] 39 root - INFO - [Attacker] Label flip: 0 samples class 1 \u2192 class 0
[2026-06-20 08:09:35,921] 39 root - INFO - [Attacker] Label flip: 0 samples class 1 \u2192 class 0
[2026-06-20 08:09:35,925] 39 root - INFO - [Attacker] Label flip: 0 samples class 1 \u2192 class 0
[2026-06-20 08:09:35,929] 39 root - INFO - [Attacker] Label flip: 0 samples class 1 \u2192 class 0
[2026-06-20 08:09:35,933] 39 root - INFO - [Attacker] Label flip: 0 samples class 1 \u2192 class 0
[2026-06-20 08:09:35,937] 39 root - INFO - [Attacker] Label flip: 0 samples class 1 \u2192 class 0
[2026-06-20 08:09:35,942] 39 root - INFO - [Attacker] Label flip: 0 samples class 1 \u2192 class 0
[2026-06-20 08:09:35,950] 39 root - INFO - [Attacker] Label flip: 0 samples class 1 \u2192 class 0
[2026-06-20 08:09:35,956] 39 root - INFO - [Attacker] Label flip: 0 samples class 1 \u2192 class 0
[2026-06-20 08:09:35,959] 39 root - INFO - [Attacker] Label flip: 0 samples class 1 \u2192 class 0
[2026-06-20 08:09:35,965] 39 root - INFO - [Attacker] Label flip: 0 samples class 1 \u2192 class 0
[2026-06-20 08:09:35,967] 39 root - INFO - [Attacker] Label flip: 0 samples class 1 \u2192 class 0
[2026-06-20 08:09:35,973] 39 root - INFO - [Attacker] Label flip: 0 samples class 1 \u2192 class 0
[2026-06-20 08:09:35,975] 39 root - INFO - [Attacker] Label flip: 0 samples class 1 \u2192 class 0
[2026-06-20 08:09:35,983] 39 root - INFO - [Attacker] Label flip: 0 samples class 1 \u2192 class 0
[2026-06-20 08:09:35,988] 39 root - INFO - [Attacker] Label flip: 0 samples class 1 \u2192 class 0
[2026-06-20 08:09:35,993] 39 root - INFO - [Attacker] Label flip: 0 samples class 1 \u2192 class 0
[2026-06-20 08:09:35,998] 39 root - INFO - [Attacker] Label flip: 0 samples class 1 \u2192 class 0
[2026-06-20 08:09:36,003] 39 root - INFO - [Attacker] Label flip: 0 samples class 1 \u2192 class 0
[2026-06-20 08:09:36,008] 39 root - INFO - [Attacker] Label flip: 0 samples class 1 \u2192 class 0
[2026-06-20 08:09:36,011] 39 root - INFO - [Attacker] Label flip: 0 samples class 1 \u2192 class 0
[2026-06-20 08:09:36,020] 39 root - INFO - [Attacker] Label flip: 0 samples class 1 \u2192 class 0
[2026-06-20 08:09:36,024] 39 root - INFO - [Attacker] Label flip: 0 samples class 1 \u2192 class 0
[2026-06-20 08:09:36,029] 39 root - INFO - [Attacker] Label flip: 0 samples class 1 \u2192 class 0
[2026-06-20 08:09:36,035] 39 root - INFO - [Attacker] Label flip: 0 samples class 1 \u2192 class 0
[2026-06-20 08:09:36,037] 39 root - INFO - [Attacker] Label flip: 0 samples class 1 \u2192 class 0
[2026-06-20 08:09:36,044] 39 root - INFO - [Attacker] Label flip: 0 samples class 1 \u2192 class 0
[2026-06-20 08:09:36,047] 39 root - INFO - [Attacker] Label flip: 0 samples class 1 \u2192 class 0
[2026-06-20 08:09:36,055] 39 root - INFO - [Attacker] Label flip: 0 samples class 1 \u2192 class 0
[2026-06-20 08:09:36,063] 39 root - INFO - [Attacker] Label flip: 0 samples class 1 \u2192 class 0
[2026-06-20 08:09:36,063] 39 root - INFO - [Attacker] Label flip: 0 samples class 1 \u2192 class 0
[2026-06-20 08:09:36,073] 39 root - INFO - [Attacker] Label flip: 0 samples class 1 \u2192 class 0
[2026-06-20 08:09:36,074] 39 root - INFO - [Attacker] Label flip: 0 samples class 1 \u2192 class 0
[2026-06-20 08:09:36,081] 39 root - INFO - [Attacker] Label flip: 0 samples class 1 \u2192 class 0
[2026-06-20 08:09:36,091] 39 root - INFO - [Attacker] Label flip: 0 samples class 1 \u2192 class 0
[2026-06-20 08:09:36,092] 39 root - INFO - [Attacker] Label flip: 0 samples class 1 \u2192 class 0
[2026-06-20 08:09:36,099] 39 root - INFO - [Attacker] Label flip: 0 samples class 1 \u2192 class 0
[2026-06-20 08:09:36,102] 39 root - INFO - [Attacker] Label flip: 0 samples class 1 \u2192 class 0
[2026-06-20 08:09:36,109] 39 root - INFO - [Attacker] Label flip: 0 samples class 1 \u2192 class 0
[2026-06-20 08:09:36,114] 39 root - INFO - [Attacker] Label flip: 0 samples class 1 \u2192 class 0
[2026-06-20 08:09:36,122] 39 root - INFO - [Attacker] Label flip: 0 samples class 1 \u2192 class 0
[2026-06-20 08:09:36,128] 39 root - INFO - [Attacker] Label flip: 0 samples class 1 \u2192 class 0
[2026-06-20 08:09:36,130] 39 root - INFO - [Attacker] Label flip: 0 samples class 1 \u2192 class 0
[2026-06-20 08:09:36,138] 39 root - INFO - [Attacker] Label flip: 0 samples class 1 \u2192 class 0
[2026-06-20 08:09:36,139] 39 root - INFO - [Attacker] Label flip: 0 samples class 1 \u2192 class 0
[2026-06-20 08:09:36,146] 39 root - INFO - [Attacker] Label flip: 0 samples class 1 \u2192 class 0
[2026-06-20 08:09:36,153] 39 root - INFO - [Attacker] Label flip: 0 samples class 1 \u2192 class 0
[2026-06-20 08:09:36,155] 39 root - INFO - [Attacker] Label flip: 0 samples class 1 \u2192 class 0
[2026-06-20 08:09:36,165] 39 root - INFO - [Attacker] Label flip: 0 samples class 1 \u2192 class 0
[2026-06-20 08:09:36,166] 39 root - INFO - [Attacker] Label flip: 0 samples class 1 \u2192 class 0
[2026-06-20 08:09:36,173] 39 root - INFO - [Attacker] Label flip: 0 samples class 1 \u2192 class 0
[2026-06-20 08:09:36,177] 39 root - INFO - [Attacker] Label flip: 0 samples class 1 \u2192 class 0
[2026-06-20 08:09:36,182] 39 root - INFO - [Attacker] Label flip: 0 samples class 1 \u2192 class 0
[2026-06-20 08:09:36,189] 39 root - INFO - [Attacker] Label flip: 0 samples class 1 \u2192 class 0
[2026-06-20 08:09:36,194] 39 root - INFO - [Attacker] Label flip: 0 samples class 1 \u2192 class 0
[2026-06-20 08:09:36,197] 39 root - INFO - [Attacker] Label flip: 0 samples class 1 \u2192 class 0
[2026-06-20 08:09:36,204] 39 root - INFO - [Attacker] Label flip: 0 samples class 1 \u2192 class 0
[2026-06-20 08:09:36,207] 39 root - INFO - [Attacker] Label flip: 0 samples class 1 \u2192 class 0
[2026-06-20 08:09:36,216] 39 root - INFO - [Attacker] Label flip: 0 samples class 1 \u2192 class 0
[2026-06-20 08:09:36,225] 39 root - INFO - [Attacker] Label flip: 0 samples class 1 \u2192 class 0
[2026-06-20 08:09:36,225] 39 root - INFO - [Attacker] Label flip: 0 samples class 1 \u2192 class 0
[2026-06-20 08:09:36,234] 39 root - INFO - [Attacker] Label flip: 0 samples class 1 \u2192 class 0
[2026-06-20 08:09:36,237] 39 root - INFO - [Attacker] Label flip: 0 samples class 1 \u2192 class 0
[2026-06-20 08:09:36,244] 39 root - INFO - [Attacker] Label flip: 0 samples class 1 \u2192 class 0
[2026-06-20 08:09:36,248] 39 root - INFO - [Attacker] Label flip: 0 samples class 1 \u2192 class 0
[2026-06-20 08:09:36,252] 39 root - INFO - [Attacker] Label flip: 0 samples class 1 \u2192 class 0
[2026-06-20 08:09:36,261] 39 root - INFO - [Attacker] Label flip: 0 samples class 1 \u2192 class 0
[2026-06-20 08:09:36,262] 39 root - INFO - [Attacker] Label flip: 0 samples class 1 \u2192 class 0
[2026-06-20 08:09:36,269] 39 root - INFO - [Attacker] Label flip: 0 samples class 1 \u2192 class 0
[2026-06-20 08:09:36,272] 39 root - INFO - [Attacker] Label flip: 0 samples class 1 \u2192 class 0
[2026-06-20 08:09:36,278] 39 root - INFO - [Attacker] Label flip: 0 samples class 1 \u2192 class 0
[2026-06-20 08:09:36,286] 39 root - INFO - [Attacker] Label flip: 0 samples class 1 \u2192 class 0
[2026-06-20 08:09:36,288] 39 root - INFO - [Attacker] Label flip: 0 samples class 1 \u2192 class 0
[2026-06-20 08:09:36,294] 39 root - INFO - [Attacker] Label flip: 0 samples class 1 \u2192 class 0
[2026-06-20 08:09:36,298] 39 root - INFO - [Attacker] Label flip: 0 samples class 1 \u2192 class 0
[2026-06-20 08:09:36,303] 39 root - INFO - [Attacker] Label flip: 0 samples class 1 \u2192 class 0
[2026-06-20 08:09:36,309] 39 root - INFO - [Attacker] Label flip: 0 samples class 1 \u2192 class 0
[2026-06-20 08:09:36,314] 39 root - INFO - [Attacker] Label flip: 0 samples class 1 \u2192 class 0
[2026-06-20 08:09:36,323] 39 root - INFO - [Attacker] Label flip: 0 samples class 1 \u2192 class 0
[2026-06-20 08:09:36,332] 39 root - INFO - [Attacker] Label flip: 0 samples class 1 \u2192 class 0
[2026-06-20 08:09:36,333] 39 root - INFO - [Attacker] Label flip: 0 samples class 1 \u2192 class 0
[2026-06-20 08:09:36,343] 39 root - INFO - [Attacker] Label flip: 0 samples class 1 \u2192 class 0
[2026-06-20 08:09:36,344] 39 root - INFO - [Attacker] Label flip: 0 samples class 1 \u2192 class 0
[2026-06-20 08:09:36,352] 39 root - INFO - [Attacker] Label flip: 0 samples class 1 \u2192 class 0
[2026-06-20 08:09:36,362] 39 root - INFO - [Attacker] Label flip: 0 samples class 1 \u2192 class 0
[2026-06-20 08:09:36,363] 39 root - INFO - [Attacker] Label flip: 0 samples class 1 \u2192 class 0
[2026-06-20 08:09:36,371] 39 root - INFO - [Attacker] Label flip: 0 samples class 1 \u2192 class 0
[2026-06-20 08:09:36,373] 39 root - INFO - [Attacker] Label flip: 0 samples class 1 \u2192 class 0
[2026-06-20 08:09:36,387] 39 root - INFO - [Attacker] Label flip: 0 samples class 1 \u2192 class 0
[2026-06-20 08:09:36,387] 39 root - INFO - [Attacker] Label flip: 0 samples class 1 \u2192 class 0
[2026-06-20 08:09:36,395] 39 root - INFO - [Attacker] Label flip: 0 samples class 1 \u2192 class 0
[2026-06-20 08:09:36,398] 39 root - INFO - [Attacker] Label flip: 0 samples class 1 \u2192 class 0
[2026-06-20 08:09:36,407] 39 root - INFO - [Attacker] Label flip: 0 samples class 1 \u2192 class 0
[2026-06-20 08:09:36,409] 39 root - INFO - [Attacker] Label flip: 0 samples class 1 \u2192 class 0
[2026-06-20 08:09:36,419] 39 root - INFO - [Attacker] Label flip: 0 samples class 1 \u2192 class 0
[2026-06-20 08:09:36,425] 39 root - INFO - [Attacker] Label flip: 0 samples class 1 \u2192 class 0
[2026-06-20 08:09:36,428] 39 root - INFO - [Attacker] Label flip: 0 samples class 1 \u2192 class 0
[2026-06-20 08:09:36,434] 39 root - INFO - [Attacker] Label flip: 0 samples class 1 \u2192 class 0
[2026-06-20 08:09:36,437] 39 root - INFO - [Attacker] Label flip: 0 samples class 1 \u2192 class 0
[2026-06-20 08:09:36,444] 39 root - INFO - [Attacker] Label flip: 0 samples class 1 \u2192 class 0
[2026-06-20 08:09:36,453] 39 root - INFO - [Attacker] Label flip: 0 samples class 1 \u2192 class 0
[2026-06-20 08:09:36,459] 39 root - INFO - [Attacker] Label flip: 0 samples class 1 \u2192 class 0
[2026-06-20 08:09:36,463] 39 root - INFO - [Attacker] Label flip: 0 samples class 1 \u2192 class 0
[2026-06-20 08:09:36,470] 39 root - INFO - [Attacker] Label flip: 0 samples class 1 \u2192 class 0
[2026-06-20 08:09:36,471] 39 root - INFO - [Attacker] Label flip: 0 samples class 1 \u2192 class 0
[2026-06-20 08:09:36,480] 39 root - INFO - [Attacker] Label flip: 0 samples class 1 \u2192 class 0
[2026-06-20 08:09:36,488] 39 root - INFO - [Attacker] Label flip: 0 samples class 1 \u2192 class 0
[2026-06-20 08:09:36,496] 39 root - INFO - [Attacker] Label flip: 0 samples class 1 \u2192 class 0
[2026-06-20 08:09:36,503] 39 root - INFO - [Attacker] Label flip: 0 samples class 1 \u2192 class 0
[2026-06-20 08:09:36,504] 39 root - INFO - [Attacker] Label flip: 0 samples class 1 \u2192 class 0
[2026-06-20 08:09:36,513] 39 root - INFO - [Attacker] Label flip: 0 samples class 1 \u2192 class 0
[2026-06-20 08:09:36,518] 39 root - INFO - [Attacker] Label flip: 0 samples class 1 \u2192 class 0
[2026-06-20 08:09:36,522] 39 root - INFO - [Attacker] Label flip: 0 samples class 1 \u2192 class 0
[2026-06-20 08:09:36,531] 39 root - INFO - [Attacker] Label flip: 0 samples class 1 \u2192 class 0
[2026-06-20 08:09:36,531] 39 root - INFO - [Attacker] Label flip: 0 samples class 1 \u2192 class 0
[2026-06-20 08:09:36,539] 39 root - INFO - [Attacker] Label flip: 0 samples class 1 \u2192 class 0
[2026-06-20 08:09:36,543] 39 root - INFO - [Attacker] Label flip: 0 samples class 1 \u2192 class 0
[2026-06-20 08:09:36,549] 39 root - INFO - [Attacker] Label flip: 0 samples class 1 \u2192 class 0
[2026-06-20 08:09:36,558] 39 root - INFO - [Attacker] Label flip: 0 samples class 1 \u2192 class 0
[2026-06-20 08:09:36,560] 39 root - INFO - [Attacker] Label flip: 0 samples class 1 \u2192 class 0
[2026-06-20 08:09:36,567] 39 root - INFO - [Attacker] Label flip: 0 samples class 1 \u2192 class 0
[2026-06-20 08:09:36,571] 39 root - INFO - [Attacker] Label flip: 0 samples class 1 \u2192 class 0
[2026-06-20 08:09:36,575] 39 root - INFO - [Attacker] Label flip: 0 samples class 1 \u2192 class 0
[2026-06-20 08:09:36,584] 39 root - INFO - [Attacker] Label flip: 0 samples class 1 \u2192 class 0
[2026-06-20 08:09:36,585] 39 root - INFO - [Attacker] Label flip: 0 samples class 1 \u2192 class 0
[2026-06-20 08:09:36,593] 39 root - INFO - [Attacker] Label flip: 0 samples class 1 \u2192 class 0
[2026-06-20 08:09:36,596] 39 root - INFO - [Attacker] Label flip: 0 samples class 1 \u2192 class 0
[2026-06-20 08:09:36,601] 39 root - INFO - [Attacker] Label flip: 0 samples class 1 \u2192 class 0
[2026-06-20 08:09:36,606] 39 root - INFO - [Attacker] Label flip: 0 samples class 1 \u2192 class 0
[2026-06-20 08:09:36,610] 39 root - INFO - [Attacker] Label flip: 0 samples class 1 \u2192 class 0
[2026-06-20 08:09:36,619] 39 root - INFO - [Attacker] Label flip: 0 samples class 1 \u2192 class 0
[2026-06-20 08:09:36,621] 39 root - INFO - [Attacker] Label flip: 0 samples class 1 \u2192 class 0
[2026-06-20 08:09:36,628] 39 root - INFO - [Attacker] Label flip: 0 samples class 1 \u2192 class 0
[2026-06-20 08:09:36,632] 39 root - INFO - [Attacker] Label flip: 0 samples class 1 \u2192 class 0
[2026-06-20 08:09:36,636] 39 root - INFO - [Attacker] Label flip: 0 samples class 1 \u2192 class 0
[2026-06-20 08:09:36,642] 39 root - INFO - [Attacker] Label flip: 0 samples class 1 \u2192 class 0
[2026-06-20 08:09:36,643] 39 root - INFO - [Attacker] Label flip: 0 samples class 1 \u2192 class 0
[2026-06-20 08:09:36,653] 39 root - INFO - [Attacker] Label flip: 0 samples class 1 \u2192 class 0
[2026-06-20 08:09:36,659] 39 root - INFO - [Attacker] Label flip: 0 samples class 1 \u2192 class 0
[2026-06-20 08:09:36,662] 39 root - INFO - [Attacker] Label flip: 0 samples class 1 \u2192 class 0
[2026-06-20 08:09:36,669] 39 root - INFO - [Attacker] Label flip: 0 samples class 1 \u2192 class 0
[2026-06-20 08:09:36,671] 39 root - INFO - [Attacker] Label flip: 0 samples class 1 \u2192 class 0
[2026-06-20 08:09:36,680] 39 root - INFO - [Attacker] Label flip: 0 samples class 1 \u2192 class 0
[2026-06-20 08:09:36,688] 39 root - INFO - [Attacker] Label flip: 0 samples class 1 \u2192 class 0
[2026-06-20 08:09:36,690] 39 root - INFO - [Attacker] Label flip: 0 samples class 1 \u2192 class 0
[2026-06-20 08:09:36,698] 39 root - INFO - [Attacker] Label flip: 0 samples class 1 \u2192 class 0
[2026-06-20 08:09:36,699] 39 root - INFO - [Attacker] Label flip: 0 samples class 1 \u2192 class 0
[2026-06-20 08:09:36,707] 39 root - INFO - [Attacker] Label flip: 0 samples class 1 \u2192 class 0
[2026-06-20 08:09:36,708] 39 root - INFO - [Attacker] Label flip: 0 samples class 1 \u2192 class 0
[2026-06-20 08:09:36,717] 39 root - INFO - [Attacker] Label flip: 0 samples class 1 \u2192 class 0
[2026-06-20 08:09:36,721] 39 root - INFO - [Attacker] Label flip: 0 samples class 1 \u2192 class 0
[2026-06-20 08:09:36,726] 39 root - INFO - [Attacker] Label flip: 0 samples class 1 \u2192 class 0
[2026-06-20 08:09:36,731] 39 root - INFO - [Attacker] Label flip: 0 samples class 1 \u2192 class 0
[2026-06-20 08:09:36,733] 39 root - INFO - [Attacker] Label flip: 0 samples class 1 \u2192 class 0
[2026-06-20 08:09:36,742] 39 root - INFO - [Attacker] Label flip: 0 samples class 1 \u2192 class 0
[2026-06-20 08:09:36,743] 39 root - INFO - [Attacker] Label flip: 0 samples class 1 \u2192 class 0
[2026-06-20 08:09:36,752] 39 root - INFO - [Attacker] Label flip: 0 samples class 1 \u2192 class 0
[2026-06-20 08:09:36,759] 39 root - INFO - [Attacker] Label flip: 0 samples class 1 \u2192 class 0
[2026-06-20 08:09:36,760] 39 root - INFO - [Attacker] Label flip: 0 samples class 1 \u2192 class 0
[2026-06-20 08:09:36,768] 39 root - INFO - [Attacker] Label flip: 0 samples class 1 \u2192 class 0
[2026-06-20 08:09:36,770] 39 root - INFO - [Attacker] Label flip: 0 samples class 1 \u2192 class 0
[2026-06-20 08:09:36,776] 39 root - INFO - [Attacker] Label flip: 0 samples class 1 \u2192 class 0
[2026-06-20 08:09:36,785] 39 root - INFO - [Attacker] Label flip: 0 samples class 1 \u2192 class 0
[2026-06-20 08:09:36,789] 39 root - INFO - [Attacker] Label flip: 0 samples class 1 \u2192 class 0
[2026-06-20 08:09:36,792] 39 root - INFO - [Attacker] Label flip: 0 samples class 1 \u2192 class 0
[2026-06-20 08:09:36,800] 39 root - INFO - [Attacker] Label flip: 0 samples class 1 \u2192 class 0
[2026-06-20 08:09:36,801] 39 root - INFO - [Attacker] Label flip: 0 samples class 1 \u2192 class 0
[2026-06-20 08:09:36,808] 39 root - INFO - [Attacker] Label flip: 0 samples class 1 \u2192 class 0
[2026-06-20 08:09:36,809] 39 root - INFO - [Attacker] Label flip: 0 samples class 1 \u2192 class 0
[2026-06-20 08:09:36,817] 39 root - INFO - [Attacker] Label flip: 0 samples class 1 \u2192 class 0
[2026-06-20 08:09:36,817] 39 root - INFO - [Attacker] Label flip: 0 samples class 1 \u2192 class 0
[2026-06-20 08:09:36,828] 39 root - INFO - [Attacker] Label flip: 0 samples class 1 \u2192 class 0
[2026-06-20 08:09:36,828] 39 root - INFO - [Attacker] Label flip: 0 samples class 1 \u2192 class 0
[2026-06-20 08:09:36,836] 39 root - INFO - [Attacker] Label flip: 0 samples class 1 \u2192 class 0
[2026-06-20 08:09:36,836] 39 root - INFO - [Attacker] Label flip: 0 samples class 1 \u2192 class 0
[2026-06-20 08:09:36,843] 39 root - INFO - [Attacker] Label flip: 0 samples class 1 \u2192 class 0
[2026-06-20 08:09:36,843] 39 root - INFO - [Attacker] Label flip: 0 samples class 1 \u2192 class 0
[2026-06-20 08:09:36,852] 39 root - INFO - [Attacker] Label flip: 0 samples class 1 \u2192 class 0
[2026-06-20 08:09:36,857] 39 root - INFO - [Attacker] Label flip: 0 samples class 1 \u2192 class 0
[2026-06-20 08:09:36,860] 39 root - INFO - [Attacker] Label flip: 0 samples class 1 \u2192 class 0
[2026-06-20 08:09:36,866] 39 root - INFO - [Attacker] Label flip: 0 samples class 1 \u2192 class 0
[2026-06-20 08:09:36,869] 39 root - INFO - [Attacker] Label flip: 0 samples class 1 \u2192 class 0
[2026-06-20 08:09:36,874] 39 root - INFO - [Attacker] Label flip: 0 samples class 1 \u2192 class 0
[2026-06-20 08:09:36,877] 39 root - INFO - [Attacker] Label flip: 0 samples class 1 \u2192 class 0
[2026-06-20 08:09:36,884] 39 root - INFO - [Attacker] Label flip: 0 samples class 1 \u2192 class 0
[2026-06-20 08:09:36,891] 39 root - INFO - [Attacker] Label flip: 0 samples class 1 \u2192 class 0
[2026-06-20 08:09:36,894] 39 root - INFO - [Attacker] Label flip: 0 samples class 1 \u2192 class 0
[2026-06-20 08:09:36,898] 39 root - INFO - [Attacker] Label flip: 0 samples class 1 \u2192 class 0
[2026-06-20 08:09:36,902] 39 root - INFO - [Attacker] Label flip: 0 samples class 1 \u2192 class 0
[2026-06-20 08:09:36,907] 39 root - INFO - [Attacker] Label flip: 0 samples class 1 \u2192 class 0
[2026-06-20 08:09:36,911] 39 root - INFO - [Attacker] Label flip: 0 samples class 1 \u2192 class 0
[2026-06-20 08:09:36,920] 39 root - INFO - [Attacker] Label flip: 0 samples class 1 \u2192 class 0
[2026-06-20 08:09:36,927] 39 root - INFO - [Attacker] Label flip: 0 samples class 1 \u2192 class 0
[2026-06-20 08:09:36,930] 39 root - INFO - [Attacker] Label flip: 0 samples class 1 \u2192 class 0
[2026-06-20 08:09:36,934] 39 root - INFO - [Attacker] Label flip: 0 samples class 1 \u2192 class 0
[2026-06-20 08:09:36,938] 39 root - INFO - [Attacker] Label flip: 0 samples class 1 \u2192 class 0
[2026-06-20 08:09:36,942] 39 root - INFO - [Attacker] Label flip: 0 samples class 1 \u2192 class 0
[2026-06-20 08:09:36,947] 39 root - INFO - [Attacker] Label flip: 0 samples class 1 \u2192 class 0
[2026-06-20 08:09:36,951] 39 root - INFO - [Attacker] Label flip: 0 samples class 1 \u2192 class 0
[2026-06-20 08:09:36,955] 39 root - INFO - [Attacker] Label flip: 0 samples class 1 \u2192 class 0
[2026-06-20 08:09:36,960] 39 root - INFO - [Attacker] Label flip: 0 samples class 1 \u2192 class 0
[2026-06-20 08:09:36,963] 39 root - INFO - [Attacker] Label flip: 0 samples class 1 \u2192 class 0
[2026-06-20 08:09:36,969] 39 root - INFO - [Attacker] Label flip: 0 samples class 1 \u2192 class 0
[2026-06-20 08:09:36,971] 39 root - INFO - [Attacker] Label flip: 0 samples class 1 \u2192 class 0
[2026-06-20 08:09:36,976] 39 root - INFO - [Attacker] Label flip: 0 samples class 1 \u2192 class 0
[2026-06-20 08:09:36,979] 39 root - INFO - [Attacker] Label flip: 0 samples class 1 \u2192 class 0
[2026-06-20 08:09:36,988] 39 root - INFO - [Attacker] Label flip: 0 samples class 1 \u2192 class 0
[2026-06-20 08:09:36,992] 39 root - INFO - [Attacker] Label flip: 0 samples class 1 \u2192 class 0
[2026-06-20 08:09:36,997] 39 root - INFO - [Attacker] Label flip: 0 samples class 1 \u2192 class 0
[2026-06-20 08:09:37,000] 39 root - INFO - [Attacker] Label flip: 0 samples class 1 \u2192 class 0
[2026-06-20 08:09:37,005] 39 root - INFO - [Attacker] Label flip: 0 samples class 1 \u2192 class 0
[2026-06-20 08:09:37,009] 39 root - INFO - [Attacker] Label flip: 0 samples class 1 \u2192 class 0
[2026-06-20 08:09:37,013] 39 root - INFO - [Attacker] Label flip: 0 samples class 1 \u2192 class 0
[2026-06-20 08:09:37,021] 39 root - INFO - [Attacker] Label flip: 0 samples class 1 \u2192 class 0
[2026-06-20 08:09:37,023] 39 root - INFO - [Attacker] Label flip: 0 samples class 1 \u2192 class 0
[2026-06-20 08:09:37,030] 39 root - INFO - [Attacker] Label flip: 0 samples class 1 \u2192 class 0
[2026-06-20 08:09:37,031] 39 root - INFO - [Attacker] Label flip: 0 samples class 1 \u2192 class 0
[2026-06-20 08:09:37,041] 39 root - INFO - [Attacker] Label flip: 0 samples class 1 \u2192 class 0
[2026-06-20 08:09:37,041] 39 root - INFO - [Attacker] Label flip: 0 samples class 1 \u2192 class 0
[2026-06-20 08:09:37,048] 39 root - INFO - [Attacker] Label flip: 0 samples class 1 \u2192 class 0
[2026-06-20 08:09:37,055] 39 root - INFO - [Attacker] Label flip: 0 samples class 1 \u2192 class 0
[2026-06-20 08:09:37,059] 39 root - INFO - [Attacker] Label flip: 0 samples class 1 \u2192 class 0
[2026-06-20 08:09:37,063] 39 root - INFO - [Attacker] Label flip: 0 samples class 1 \u2192 class 0
[2026-06-20 08:09:37,066] 39 root - INFO - [Attacker] Label flip: 0 samples class 1 \u2192 class 0
[2026-06-20 08:09:37,071] 39 root - INFO - [Attacker] Label flip: 0 samples class 1 \u2192 class 0
[2026-06-20 08:09:37,074] 39 root - INFO - [Attacker] Label flip: 0 samples class 1 \u2192 class 0
[2026-06-20 08:09:37,083] 39 root - INFO - [Attacker] Label flip: 0 samples class 1 \u2192 class 0
[2026-06-20 08:09:37,084] 39 root - INFO - [Attacker] Label flip: 0 samples class 1 \u2192 class 0
[2026-06-20 08:09:37,091] 39 root - INFO - [Attacker] Label flip: 0 samples class 1 \u2192 class 0
[2026-06-20 08:09:37,093] 39 root - INFO - [Attacker] Label flip: 0 samples class 1 \u2192 class 0
[2026-06-20 08:09:37,100] 39 root - INFO - [Attacker] Label flip: 0 samples class 1 \u2192 class 0
[2026-06-20 08:09:37,101] 39 root - INFO - [Attacker] Label flip: 0 samples class 1 \u2192 class 0
[2026-06-20 08:09:37,108] 39 root - INFO - [Attacker] Label flip: 0 samples class 1 \u2192 class 0
[2026-06-20 08:09:37,110] 39 root - INFO - [Attacker] Label flip: 0 samples class 1 \u2192 class 0
[2026-06-20 08:09:37,116] 39 root - INFO - [Attacker] Label flip: 0 samples class 1 \u2192 class 0
[2026-06-20 08:09:37,124] 39 root - INFO - [Attacker] Label flip: 0 samples class 1 \u2192 class 0
[2026-06-20 08:09:37,127] 39 root - INFO - [Attacker] Label flip: 0 samples class 1 \u2192 class 0
[2026-06-20 08:09:37,133] 39 root - INFO - [Attacker] Label flip: 0 samples class 1 \u2192 class 0
[2026-06-20 08:09:37,134] 39 root - INFO - [Attacker] Label flip: 0 samples class 1 \u2192 class 0
[2026-06-20 08:09:37,143] 39 root - INFO - [Attacker] Label flip: 0 samples class 1 \u2192 class 0
[2026-06-20 08:09:37,143] 39 root - INFO - [Attacker] Label flip: 0 samples class 1 \u2192 class 0
[2026-06-20 08:09:37,151] 39 root - INFO - [Attacker] Label flip: 0 samples class 1 \u2192 class 0
[2026-06-20 08:09:37,160] 39 root - INFO - [Attacker] Label flip: 0 samples class 1 \u2192 class 0
[2026-06-20 08:09:37,161] 39 root - INFO - [Attacker] Label flip: 0 samples class 1 \u2192 class 0
[2026-06-20 08:09:37,169] 39 root - INFO - [Attacker] Label flip: 0 samples class 1 \u2192 class 0
[2026-06-20 08:09:37,170] 39 root - INFO - [Attacker] Label flip: 0 samples class 1 \u2192 class 0
[2026-06-20 08:09:37,176] 39 root - INFO - [Attacker] Label flip: 0 samples class 1 \u2192 class 0
[2026-06-20 08:09:37,177] 39 root - INFO - [Attacker] Label flip: 0 samples class 1 \u2192 class 0
[2026-06-20 08:09:37,185] 39 root - INFO - [Attacker] Label flip: 0 samples class 1 \u2192 class 0
[2026-06-20 08:09:37,189] 39 root - INFO - [Attacker] Label flip: 0 samples class 1 \u2192 class 0
[2026-06-20 08:09:37,194] 39 root - INFO - [Attacker] Label flip: 0 samples class 1 \u2192 class 0
[2026-06-20 08:09:37,197] 39 root - INFO - [Attacker] Label flip: 0 samples class 1 \u2192 class 0
[2026-06-20 08:09:37,202] 39 root - INFO - [Attacker] Label flip: 0 samples class 1 \u2192 class 0
[2026-06-20 08:09:37,205] 39 root - INFO - [Attacker] Label flip: 0 samples class 1 \u2192 class 0
[2026-06-20 08:09:37,210] 39 root - INFO - [Attacker] Label flip: 0 samples class 1 \u2192 class 0
[2026-06-20 08:09:37,219] 39 root - INFO - [Attacker] Label flip: 0 samples class 1 \u2192 class 0
[2026-06-20 08:09:37,220] 39 root - INFO - [Attacker] Label flip: 0 samples class 1 \u2192 class 0
[2026-06-20 08:09:37,227] 39 root - INFO - [Attacker] Label flip: 0 samples class 1 \u2192 class 0
[2026-06-20 08:09:37,228] 39 root - INFO - [Attacker] Label flip: 0 samples class 1 \u2192 class 0
[2026-06-20 08:09:37,235] 39 root - INFO - [Attacker] Label flip: 0 samples class 1 \u2192 class 0
[2026-06-20 08:09:37,236] 39 root - INFO - [Attacker] Label flip: 0 samples class 1 \u2192 class 0
[2026-06-20 08:09:37,243] 39 root - INFO - [Attacker] Label flip: 0 samples class 1 \u2192 class 0
[2026-06-20 08:09:37,244] 39 root - INFO - [Attacker] Label flip: 0 samples class 1 \u2192 class 0
[2026-06-20 08:09:37,253] 39 root - INFO - [Attacker] Label flip: 0 samples class 1 \u2192 class 0
[2026-06-20 08:09:37,259] 39 root - INFO - [Attacker] Label flip: 0 samples class 1 \u2192 class 0
[2026-06-20 08:09:37,261] 39 root - INFO - [Attacker] Label flip: 0 samples class 1 \u2192 class 0
[2026-06-20 08:09:37,269] 39 root - INFO - [Attacker] Label flip: 0 samples class 1 \u2192 class 0
[2026-06-20 08:09:37,269] 39 root - INFO - [Attacker] Label flip: 0 samples class 1 \u2192 class 0
[2026-06-20 08:09:37,277] 39 root - INFO - [Attacker] Label flip: 0 samples class 1 \u2192 class 0
[2026-06-20 08:09:37,277] 39 root - INFO - [Attacker] Label flip: 0 samples class 1 \u2192 class 0
[2026-06-20 08:09:37,286] 39 root - INFO - [Attacker] Label flip: 0 samples class 1 \u2192 class 0
[2026-06-20 08:09:37,288] 39 root - INFO - [Attacker] Label flip: 0 samples class 1 \u2192 class 0
[2026-06-20 08:09:37,295] 39 root - INFO - [Attacker] Label flip: 0 samples class 1 \u2192 class 0
[2026-06-20 08:09:37,296] 39 root - INFO - [Attacker] Label flip: 0 samples class 1 \u2192 class 0
[2026-06-20 08:09:37,303] 39 root - INFO - [Attacker] Label flip: 0 samples class 1 \u2192 class 0
[2026-06-20 08:09:37,304] 39 root - INFO - [Attacker] Label flip: 0 samples class 1 \u2192 class 0
[2026-06-20 08:09:37,311] 39 root - INFO - [Attacker] Label flip: 0 samples class 1 \u2192 class 0
[2026-06-20 08:09:37,320] 39 root - INFO - [Attacker] Label flip: 0 samples class 1 \u2192 class 0
[2026-06-20 08:09:37,321] 39 root - INFO - [Attacker] Label flip: 0 samples class 1 \u2192 class 0
[2026-06-20 08:09:37,328] 39 root - INFO - [Attacker] Label flip: 0 samples class 1 \u2192 class 0
[2026-06-20 08:09:37,329] 39 root - INFO - [Attacker] Label flip: 0 samples class 1 \u2192 class 0
[2026-06-20 08:09:37,336] 39 root - INFO - [Attacker] Label flip: 0 samples class 1 \u2192 class 0
[2026-06-20 08:09:37,338] 39 root - INFO - [Attacker] Label flip: 0 samples class 1 \u2192 class 0
[2026-06-20 08:09:37,344] 39 root - INFO - [Attacker] Label flip: 0 samples class 1 \u2192 class 0
[2026-06-20 08:09:37,344] 39 root - INFO - [Attacker] Label flip: 0 samples class 1 \u2192 class 0
[2026-06-20 08:09:37,354] 39 root - INFO - [Attacker] Label flip: 0 samples class 1 \u2192 class 0
[2026-06-20 08:09:37,363] 39 root - INFO - [Attacker] Label flip: 0 samples class 1 \u2192 class 0
[2026-06-20 08:09:37,365] 39 root - INFO - [Attacker] Label flip: 0 samples class 1 \u2192 class 0
[2026-06-20 08:09:37,370] 39 root - INFO - [Attacker] Label flip: 0 samples class 1 \u2192 class 0
[2026-06-20 08:09:37,373] 39 root - INFO - [Attacker] Label flip: 0 samples class 1 \u2192 class 0
[2026-06-20 08:09:37,379] 39 root - INFO - [Attacker] Label flip: 0 samples class 1 \u2192 class 0
[2026-06-20 08:09:37,387] 39 root - INFO - [Attacker] Label flip: 0 samples class 1 \u2192 class 0
[2026-06-20 08:09:37,396] 39 root - INFO - [Attacker] Label flip: 0 samples class 1 \u2192 class 0
[2026-06-20 08:09:37,400] 39 root - INFO - [Attacker] Label flip: 0 samples class 1 \u2192 class 0
[2026-06-20 08:09:37,404] 39 root - INFO - [Attacker] Label flip: 0 samples class 1 \u2192 class 0
[2026-06-20 08:09:37,409] 39 root - INFO - [Attacker] Label flip: 0 samples class 1 \u2192 class 0
[2026-06-20 08:09:37,412] 39 root - INFO - [Attacker] Label flip: 0 samples class 1 \u2192 class 0
[2026-06-20 08:09:37,421] 39 root - INFO - [Attacker] Label flip: 0 samples class 1 \u2192 class 0
[2026-06-20 08:09:37,423] 39 root - INFO - [Attacker] Label flip: 0 samples class 1 \u2192 class 0
[2026-06-20 08:09:37,430] 39 root - INFO - [Attacker] Label flip: 0 samples class 1 \u2192 class 0
[2026-06-20 08:09:37,432] 39 root - INFO - [Attacker] Label flip: 0 samples class 1 \u2192 class 0
[2026-06-20 08:09:37,437] 39 root - INFO - [Attacker] Label flip: 0 samples class 1 \u2192 class 0
[2026-06-20 08:09:37,439] 39 root - INFO - [Attacker] Label flip: 0 samples class 1 \u2192 class 0
[2026-06-20 08:09:37,448] 39 root - INFO - [Attacker] Label flip: 0 samples class 1 \u2192 class 0
[2026-06-20 08:09:37,450] 39 root - INFO - [Attacker] Label flip: 0 samples class 1 \u2192 class 0
[2026-06-20 08:09:37,459] 39 root - INFO - [Attacker] Label flip: 0 samples class 1 \u2192 class 0
[2026-06-20 08:09:37,460] 39 root - INFO - [Attacker] Label flip: 0 samples class 1 \u2192 class 0
[2026-06-20 08:09:37,467] 39 root - INFO - [Attacker] Label flip: 0 samples class 1 \u2192 class 0
[2026-06-20 08:09:37,474] 39 root - INFO - [Attacker] Label flip: 0 samples class 1 \u2192 class 0
[2026-06-20 08:09:37,484] 39 root - INFO - [Attacker] Label flip: 0 samples class 1 \u2192 class 0
[2026-06-20 08:09:37,489] 39 root - INFO - [Attacker] Label flip: 0 samples class 1 \u2192 class 0
[2026-06-20 08:09:37,492] 39 root - INFO - [Attacker] Label flip: 0 samples class 1 \u2192 class 0
[2026-06-20 08:09:37,497] 39 root - INFO - [Attacker] Label flip: 0 samples class 1 \u2192 class 0
[2026-06-20 08:09:37,500] 39 root - INFO - [Attacker] Label flip: 0 samples class 1 \u2192 class 0
[2026-06-20 08:09:37,504] 39 root - INFO - [Attacker] Label flip: 0 samples class 1 \u2192 class 0
[2026-06-20 08:09:37,508] 39 root - INFO - [Attacker] Label flip: 0 samples class 1 \u2192 class 0
[2026-06-20 08:09:37,516] 39 root - INFO - [Attacker] Label flip: 0 samples class 1 \u2192 class 0
[2026-06-20 08:09:37,517] 39 root - INFO - [Attacker] Label flip: 0 samples class 1 \u2192 class 0
[2026-06-20 08:09:37,524] 39 root - INFO - [Attacker] Label flip: 0 samples class 1 \u2192 class 0
[2026-06-20 08:09:37,527] 39 root - INFO - [Attacker] Label flip: 0 samples class 1 \u2192 class 0
[2026-06-20 08:09:37,533] 39 root - INFO - [Attacker] Label flip: 0 samples class 1 \u2192 class 0
[2026-06-20 08:09:37,535] 39 root - INFO - [Attacker] Label flip: 0 samples class 1 \u2192 class 0
[2026-06-20 08:09:37,541] 39 root - INFO - [Attacker] Label flip: 0 samples class 1 \u2192 class 0
[2026-06-20 08:09:37,543] 39 root - INFO - [Attacker] Label flip: 0 samples class 1 \u2192 class 0
[2026-06-20 08:09:37,551] 39 root - INFO - [Attacker] Label flip: 0 samples class 1 \u2192 class 0
[2026-06-20 08:09:37,556] 39 root - INFO - [Attacker] Label flip: 0 samples class 1 \u2192 class 0
[2026-06-20 08:09:37,559] 39 root - INFO - [Attacker] Label flip: 0 samples class 1 \u2192 class 0
[2026-06-20 08:09:37,563] 39 root - INFO - [Attacker] Label flip: 0 samples class 1 \u2192 class 0
[2026-06-20 08:09:37,567] 39 root - INFO - [Attacker] Label flip: 0 samples class 1 \u2192 class 0
[2026-06-20 08:09:37,573] 39 root - INFO - [Attacker] Label flip: 0 samples class 1 \u2192 class 0
[2026-06-20 08:09:37,575] 39 root - INFO - [Attacker] Label flip: 0 samples class 1 \u2192 class 0
[2026-06-20 08:09:37,584] 39 root - INFO - [Attacker] Label flip: 0 samples class 1 \u2192 class 0
[2026-06-20 08:09:37,588] 39 root - INFO - [Attacker] Label flip: 0 samples class 1 \u2192 class 0
[2026-06-20 08:09:37,592] 39 root - INFO - [Attacker] Label flip: 0 samples class 1 \u2192 class 0
[2026-06-20 08:09:37,595] 39 root - INFO - [Attacker] Label flip: 0 samples class 1 \u2192 class 0
[2026-06-20 08:09:37,601] 39 root - INFO - [Attacker] Label flip: 0 samples class 1 \u2192 class 0
[2026-06-20 08:09:37,604] 39 root - INFO - [Attacker] Label flip: 0 samples class 1 \u2192 class 0
[2026-06-20 08:09:37,608] 39 root - INFO - [Attacker] Label flip: 0 samples class 1 \u2192 class 0
[2026-06-20 08:09:37,617] 39 root - INFO - [Attacker] Label flip: 0 samples class 1 \u2192 class 0
[2026-06-20 08:09:37,620] 39 root - INFO - [Attacker] Label flip: 0 samples class 1 \u2192 class 0
[2026-06-20 08:09:37,626] 39 root - INFO - [Attacker] Label flip: 0 samples class 1 \u2192 class 0
[2026-06-20 08:09:37,628] 39 root - INFO - [Attacker] Label flip: 0 samples class 1 \u2192 class 0
[2026-06-20 08:09:37,634] 39 root - INFO - [Attacker] Label flip: 0 samples class 1 \u2192 class 0
[2026-06-20 08:09:37,637] 39 root - INFO - [Attacker] Label flip: 0 samples class 1 \u2192 class 0
[2026-06-20 08:09:37,643] 39 root - INFO - [Attacker] Label flip: 0 samples class 1 \u2192 class 0
[2026-06-20 08:09:37,644] 39 root - INFO - [Attacker] Label flip: 0 samples class 1 \u2192 class 0
[2026-06-20 08:09:37,651] 39 root - INFO - [Attacker] Label flip: 0 samples class 1 \u2192 class 0
[2026-06-20 08:09:37,661] 39 root - INFO - [Attacker] Label flip: 0 samples class 1 \u2192 class 0
[2026-06-20 08:09:37,662] 39 root - INFO - [Attacker] Label flip: 0 samples class 1 \u2192 class 0
[2026-06-20 08:09:37,670] 39 root - INFO - [Attacker] Label flip: 0 samples class 1 \u2192 class 0
[2026-06-20 08:09:37,670] 39 root - INFO - [Attacker] Label flip: 0 samples class 1 \u2192 class 0
[2026-06-20 08:09:37,677] 39 root - INFO - [Attacker] Label flip: 0 samples class 1 \u2192 class 0
[2026-06-20 08:09:37,678] 39 root - INFO - [Attacker] Label flip: 0 samples class 1 \u2192 class 0
[2026-06-20 08:09:37,684] 39 root - INFO - [Attacker] Label flip: 0 samples class 1 \u2192 class 0
[2026-06-20 08:09:37,691] 39 root - INFO - [Attacker] Label flip: 0 samples class 1 \u2192 class 0
[2026-06-20 08:09:37,693] 39 root - INFO - [Attacker] Label flip: 0 samples class 1 \u2192 class 0
[2026-06-20 08:09:37,699] 39 root - INFO - [Attacker] Label flip: 0 samples class 1 \u2192 class 0
[2026-06-20 08:09:37,701] 39 root - INFO - [Attacker] Label flip: 0 samples class 1 \u2192 class 0
[2026-06-20 08:09:37,708] 39 root - INFO - [Attacker] Label flip: 0 samples class 1 \u2192 class 0
[2026-06-20 08:09:37,710] 39 root - INFO - [Attacker] Label flip: 0 samples class 1 \u2192 class 0
[2026-06-20 08:09:37,717] 39 root - INFO - [Attacker] Label flip: 0 samples class 1 \u2192 class 0
[2026-06-20 08:09:37,721] 39 root - INFO - [Attacker] Label flip: 0 samples class 1 \u2192 class 0
[2026-06-20 08:09:37,726] 39 root - INFO - [Attacker] Label flip: 0 samples class 1 \u2192 class 0
[2026-06-20 08:09:37,730] 39 root - INFO - [Attacker] Label flip: 0 samples class 1 \u2192 class 0
[2026-06-20 08:09:37,734] 39 root - INFO - [Attacker] Label flip: 0 samples class 1 \u2192 class 0
[2026-06-20 08:09:37,737] 39 root - INFO - [Attacker] Label flip: 0 samples class 1 \u2192 class 0
[2026-06-20 08:09:37,743] 39 root - INFO - [Attacker] Label flip: 0 samples class 1 \u2192 class 0
[2026-06-20 08:09:37,745] 39 root - INFO - [Attacker] Label flip: 0 samples class 1 \u2192 class 0
[2026-06-20 08:09:37,752] 39 root - INFO - [Attacker] Label flip: 0 samples class 1 \u2192 class 0
[2026-06-20 08:09:37,760] 39 root - INFO - [Attacker] Label flip: 0 samples class 1 \u2192 class 0
[2026-06-20 08:09:37,762] 39 root - INFO - [Attacker] Label flip: 0 samples class 1 \u2192 class 0
[2026-06-20 08:09:37,768] 39 root - INFO - [Attacker] Label flip: 0 samples class 1 \u2192 class 0
[2026-06-20 08:09:37,770] 39 root - INFO - [Attacker] Label flip: 0 samples class 1 \u2192 class 0
[2026-06-20 08:09:37,776] 39 root - INFO - [Attacker] Label flip: 0 samples class 1 \u2192 class 0
[2026-06-20 08:09:37,780] 39 root - INFO - [Attacker] Label flip: 0 samples class 1 \u2192 class 0
[2026-06-20 08:09:37,788] 39 root - INFO - [Attacker] Label flip: 0 samples class 1 \u2192 class 0
[2026-06-20 08:09:37,791] 39 root - INFO - [Attacker] Label flip: 0 samples class 1 \u2192 class 0
[2026-06-20 08:09:37,796] 39 root - INFO - [Attacker] Label flip: 0 samples class 1 \u2192 class 0
[2026-06-20 08:09:37,799] 39 root - INFO - [Attacker] Label flip: 0 samples class 1 \u2192 class 0
[2026-06-20 08:09:37,804] 39 root - INFO - [Attacker] Label flip: 0 samples class 1 \u2192 class 0
[2026-06-20 08:09:37,808] 39 root - INFO - [Attacker] Label flip: 0 samples class 1 \u2192 class 0
[2026-06-20 08:09:37,813] 39 root - INFO - [Attacker] Label flip: 0 samples class 1 \u2192 class 0
[2026-06-20 08:09:37,821] 39 root - INFO - [Attacker] Label flip: 0 samples class 1 \u2192 class 0
[2026-06-20 08:09:37,821] 39 root - INFO - [Attacker] Label flip: 0 samples class 1 \u2192 class 0
[2026-06-20 08:09:37,830] 39 root - INFO - [Attacker] Label flip: 0 samples class 1 \u2192 class 0
[2026-06-20 08:09:37,832] 39 root - INFO - [Attacker] Label flip: 0 samples class 1 \u2192 class 0
[2026-06-20 08:09:37,837] 39 root - INFO - [Attacker] Label flip: 0 samples class 1 \u2192 class 0
[2026-06-20 08:09:37,840] 39 root - INFO - [Attacker] Label flip: 0 samples class 1 \u2192 class 0
[2026-06-20 08:09:37,844] 39 root - INFO - [Attacker] Label flip: 0 samples class 1 \u2192 class 0
[2026-06-20 08:09:37,854] 39 root - INFO - [Attacker] Label flip: 0 samples class 1 \u2192 class 0
[2026-06-20 08:09:37,858] 39 root - INFO - [Attacker] Label flip: 0 samples class 1 \u2192 class 0
[2026-06-20 08:09:37,864] 39 root - INFO - [Attacker] Label flip: 0 samples class 1 \u2192 class 0
[2026-06-20 08:09:37,870] 268 flwr - WARNING - DEPRECATED FEATURE: `client_fn` now expects a signature `def client_fn(context: Context)`.The provided `client_fn` has signature: {'cid': <Parameter "cid: str">}. You can import the `Context` like this: `from flwr.common import Context`

            This is a deprecated feature. It will be removed
            entirely in future versions of Flower.
        
[2026-06-20 08:09:37,871] 39 root - INFO - [Attacker] Label flip: 0 samples class 1 \u2192 class 0
[2026-06-20 08:09:37,873] 39 root - INFO - [Attacker] Label flip: 0 samples class 1 \u2192 class 0
[2026-06-20 08:09:37,884] 39 root - INFO - [Attacker] Label flip: 0 samples class 1 \u2192 class 0
[2026-06-20 08:09:37,886] 39 root - INFO - [Attacker] Label flip: 0 samples class 1 \u2192 class 0
[2026-06-20 08:09:37,895] 39 root - INFO - [Attacker] Label flip: 0 samples class 1 \u2192 class 0
[2026-06-20 08:09:37,895] 39 root - INFO - [Attacker] Label flip: 0 samples class 1 \u2192 class 0
[2026-06-20 08:09:37,903] 39 root - INFO - [Attacker] Label flip: 0 samples class 1 \u2192 class 0
[2026-06-20 08:09:37,911] 39 root - INFO - [Attacker] Label flip: 0 samples class 1 \u2192 class 0
[2026-06-20 08:09:37,911] 39 root - INFO - [Attacker] Label flip: 0 samples class 1 \u2192 class 0
[2026-06-20 08:09:37,920] 39 root - INFO - [Attacker] Label flip: 0 samples class 1 \u2192 class 0
[2026-06-20 08:09:37,928] 39 root - INFO - [Attacker] Label flip: 0 samples class 1 \u2192 class 0
[2026-06-20 08:09:37,931] 39 root - INFO - [Attacker] Label flip: 0 samples class 1 \u2192 class 0
[2026-06-20 08:09:37,936] 39 root - INFO - [Attacker] Label flip: 0 samples class 1 \u2192 class 0
[2026-06-20 08:09:37,940] 39 root - INFO - [Attacker] Label flip: 0 samples class 1 \u2192 class 0
[2026-06-20 08:09:37,945] 39 root - INFO - [Attacker] Label flip: 0 samples class 1 \u2192 class 0
[2026-06-20 08:09:37,951] 39 root - INFO - [Attacker] Label flip: 0 samples class 1 \u2192 class 0
[2026-06-20 08:09:37,952] 39 root - INFO - [Attacker] Label flip: 0 samples class 1 \u2192 class 0
[2026-06-20 08:09:37,962] 39 root - INFO - [Attacker] Label flip: 0 samples class 1 \u2192 class 0
[2026-06-20 08:09:37,962] 39 root - INFO - [Attacker] Label flip: 0 samples class 1 \u2192 class 0
[2026-06-20 08:09:37,970] 39 root - INFO - [Attacker] Label flip: 0 samples class 1 \u2192 class 0
[2026-06-20 08:09:37,971] 39 root - INFO - [Attacker] Label flip: 0 samples class 1 \u2192 class 0
[2026-06-20 08:09:37,979] 39 root - INFO - [Attacker] Label flip: 0 samples class 1 \u2192 class 0
[2026-06-20 08:09:37,984] 39 root - INFO - [Attacker] Label flip: 0 samples class 1 \u2192 class 0
[2026-06-20 08:09:37,988] 39 root - INFO - [Attacker] Label flip: 0 samples class 1 \u2192 class 0
[2026-06-20 08:09:37,996] 39 root - INFO - [Attacker] Label flip: 0 samples class 1 \u2192 class 0
[2026-06-20 08:09:37,998] 39 root - INFO - [Attacker] Label flip: 0 samples class 1 \u2192 class 0
[2026-06-20 08:09:38,008] 39 root - INFO - [Attacker] Label flip: 0 samples class 1 \u2192 class 0
[2026-06-20 08:09:38,010] 39 root - INFO - [Attacker] Label flip: 0 samples class 1 \u2192 class 0
[2026-06-20 08:09:38,026] 39 root - INFO - [Attacker] Label flip: 0 samples class 1 \u2192 class 0
[2026-06-20 08:09:38,029] 39 root - INFO - [Attacker] Label flip: 0 samples class 1 \u2192 class 0
[2026-06-20 08:09:38,037] 39 root - INFO - [Attacker] Label flip: 0 samples class 1 \u2192 class 0
[2026-06-20 08:09:38,038] 39 root - INFO - [Attacker] Label flip: 0 samples class 1 \u2192 class 0
[2026-06-20 08:09:38,058] 39 root - INFO - [Attacker] Label flip: 0 samples class 1 \u2192 class 0
[2026-06-20 08:09:38,058] 39 root - INFO - [Attacker] Label flip: 0 samples class 1 \u2192 class 0
[2026-06-20 08:09:38,067] 39 root - INFO - [Attacker] Label flip: 0 samples class 1 \u2192 class 0
[2026-06-20 08:09:38,070] 39 root - INFO - [Attacker] Label flip: 0 samples class 1 \u2192 class 0
[2026-06-20 08:09:38,083] 39 root - INFO - [Attacker] Label flip: 0 samples class 1 \u2192 class 0
[2026-06-20 08:09:38,085] 39 root - INFO - [Attacker] Label flip: 0 samples class 1 \u2192 class 0
[2026-06-20 08:09:38,096] 39 root - INFO - [Attacker] Label flip: 0 samples class 1 \u2192 class 0
[2026-06-20 08:09:38,097] 39 root - INFO - [Attacker] Label flip: 0 samples class 1 \u2192 class 0
[2026-06-20 08:09:38,107] 39 root - INFO - [Attacker] Label flip: 0 samples class 1 \u2192 class 0
[2026-06-20 08:09:38,108] 39 root - INFO - [Attacker] Label flip: 0 samples class 1 \u2192 class 0
[2026-06-20 08:09:38,119] 39 root - INFO - [Attacker] Label flip: 0 samples class 1 \u2192 class 0
[2026-06-20 08:09:38,122] 39 root - INFO - [Attacker] Label flip: 0 samples class 1 \u2192 class 0
[2026-06-20 08:09:38,128] 39 root - INFO - [Attacker] Label flip: 0 samples class 1 \u2192 class 0
[2026-06-20 08:09:38,131] 39 root - INFO - [Attacker] Label flip: 0 samples class 1 \u2192 class 0
[2026-06-20 08:09:38,137] 39 root - INFO - [Attacker] Label flip: 0 samples class 1 \u2192 class 0
[2026-06-20 08:09:38,139] 39 root - INFO - [Attacker] Label flip: 0 samples class 1 \u2192 class 0
[2026-06-20 08:09:38,144] 39 root - INFO - [Attacker] Label flip: 0 samples class 1 \u2192 class 0
[2026-06-20 08:09:38,152] 39 root - INFO - [Attacker] Label flip: 0 samples class 1 \u2192 class 0
[2026-06-20 08:09:38,161] 39 root - INFO - [Attacker] Label flip: 0 samples class 1 \u2192 class 0
[2026-06-20 08:09:38,161] 39 root - INFO - [Attacker] Label flip: 0 samples class 1 \u2192 class 0
[2026-06-20 08:09:38,169] 39 root - INFO - [Attacker] Label flip: 0 samples class 1 \u2192 class 0
[2026-06-20 08:09:38,170] 39 root - INFO - [Attacker] Label flip: 0 samples class 1 \u2192 class 0
[2026-06-20 08:09:38,177] 39 root - INFO - [Attacker] Label flip: 0 samples class 1 \u2192 class 0
[2026-06-20 08:09:38,177] 39 root - INFO - [Attacker] Label flip: 0 samples class 1 \u2192 class 0
[2026-06-20 08:09:38,194] 39 root - INFO - [Attacker] Label flip: 0 samples class 1 \u2192 class 0
[2026-06-20 08:09:38,194] 39 root - INFO - [Attacker] Label flip: 0 samples class 1 \u2192 class 0
[2026-06-20 08:09:38,202] 39 root - INFO - [Attacker] Label flip: 0 samples class 1 \u2192 class 0
[2026-06-20 08:09:38,202] 39 root - INFO - [Attacker] Label flip: 0 samples class 1 \u2192 class 0
[2026-06-20 08:09:38,210] 39 root - INFO - [Attacker] Label flip: 0 samples class 1 \u2192 class 0
[2026-06-20 08:09:38,211] 39 root - INFO - [Attacker] Label flip: 0 samples class 1 \u2192 class 0
[2026-06-20 08:09:38,222] 39 root - INFO - [Attacker] Label flip: 0 samples class 1 \u2192 class 0
[2026-06-20 08:09:38,223] 39 root - INFO - [Attacker] Label flip: 0 samples class 1 \u2192 class 0
[2026-06-20 08:09:38,230] 39 root - INFO - [Attacker] Label flip: 0 samples class 1 \u2192 class 0
[2026-06-20 08:09:38,230] 39 root - INFO - [Attacker] Label flip: 0 samples class 1 \u2192 class 0
[2026-06-20 08:09:38,239] 39 root - INFO - [Attacker] Label flip: 0 samples class 1 \u2192 class 0
[2026-06-20 08:09:38,246] 39 root - INFO - [Attacker] Label flip: 0 samples class 1 \u2192 class 0
[2026-06-20 08:09:38,251] 39 root - INFO - [Attacker] Label flip: 0 samples class 1 \u2192 class 0
[2026-06-20 08:09:38,255] 39 root - INFO - [Attacker] Label flip: 0 samples class 1 \u2192 class 0
[2026-06-20 08:09:38,261] 39 root - INFO - [Attacker] Label flip: 0 samples class 1 \u2192 class 0
[2026-06-20 08:09:38,265] 39 root - INFO - [Attacker] Label flip: 0 samples class 1 \u2192 class 0
[2026-06-20 08:09:38,268] 39 root - INFO - [Attacker] Label flip: 0 samples class 1 \u2192 class 0
[2026-06-20 08:09:38,273] 39 root - INFO - [Attacker] Label flip: 0 samples class 1 \u2192 class 0
[2026-06-20 08:09:38,276] 39 root - INFO - [Attacker] Label flip: 0 samples class 1 \u2192 class 0
[2026-06-20 08:09:38,281] 39 root - INFO - [Attacker] Label flip: 0 samples class 1 \u2192 class 0
[2026-06-20 08:09:38,291] 39 root - INFO - [Attacker] Label flip: 0 samples class 1 \u2192 class 0
[2026-06-20 08:09:38,292] 39 root - INFO - [Attacker] Label flip: 0 samples class 1 \u2192 class 0
[2026-06-20 08:09:38,298] 39 root - INFO - [Attacker] Label flip: 0 samples class 1 \u2192 class 0
[2026-06-20 08:09:38,299] 39 root - INFO - [Attacker] Label flip: 0 samples class 1 \u2192 class 0
[2026-06-20 08:09:38,306] 39 root - INFO - [Attacker] Label flip: 0 samples class 1 \u2192 class 0
[2026-06-20 08:09:38,307] 39 root - INFO - [Attacker] Label flip: 0 samples class 1 \u2192 class 0
[2026-06-20 08:09:38,314] 39 root - INFO - [Attacker] Label flip: 0 samples class 1 \u2192 class 0
[2026-06-20 08:09:38,320] 39 root - INFO - [Attacker] Label flip: 0 samples class 1 \u2192 class 0
[2026-06-20 08:09:38,324] 39 root - INFO - [Attacker] Label flip: 0 samples class 1 \u2192 class 0
[2026-06-20 08:09:38,328] 39 root - INFO - [Attacker] Label flip: 0 samples class 1 \u2192 class 0
[2026-06-20 08:09:38,332] 39 root - INFO - [Attacker] Label flip: 0 samples class 1 \u2192 class 0
[2026-06-20 08:09:38,336] 39 root - INFO - [Attacker] Label flip: 0 samples class 1 \u2192 class 0
[2026-06-20 08:09:38,341] 39 root - INFO - [Attacker] Label flip: 0 samples class 1 \u2192 class 0
[2026-06-20 08:09:38,344] 39 root - INFO - [Attacker] Label flip: 0 samples class 1 \u2192 class 0
[2026-06-20 08:09:38,349] 39 root - INFO - [Attacker] Label flip: 0 samples class 1 \u2192 class 0
[2026-06-20 08:09:38,356] 39 root - INFO - [Attacker] Label flip: 0 samples class 1 \u2192 class 0
[2026-06-20 08:09:38,361] 39 root - INFO - [Attacker] Label flip: 0 samples class 1 \u2192 class 0
[2026-06-20 08:09:38,364] 39 root - INFO - [Attacker] Label flip: 0 samples class 1 \u2192 class 0
[2026-06-20 08:09:38,371] 39 root - INFO - [Attacker] Label flip: 0 samples class 1 \u2192 class 0
[2026-06-20 08:09:38,373] 39 root - INFO - [Attacker] Label flip: 0 samples class 1 \u2192 class 0
[2026-06-20 08:09:38,383] 39 root - INFO - [Attacker] Label flip: 0 samples class 1 \u2192 class 0
[2026-06-20 08:09:38,388] 39 root - INFO - [Attacker] Label flip: 0 samples class 1 \u2192 class 0
[2026-06-20 08:09:38,395] 39 root - INFO - [Attacker] Label flip: 0 samples class 1 \u2192 class 0
[2026-06-20 08:09:38,397] 39 root - INFO - [Attacker] Label flip: 0 samples class 1 \u2192 class 0
[2026-06-20 08:09:38,404] 39 root - INFO - [Attacker] Label flip: 0 samples class 1 \u2192 class 0
[2026-06-20 08:09:38,408] 39 root - INFO - [Attacker] Label flip: 0 samples class 1 \u2192 class 0
[2026-06-20 08:09:38,412] 39 root - INFO - [Attacker] Label flip: 0 samples class 1 \u2192 class 0
[2026-06-20 08:09:38,415] 39 root - INFO - [Attacker] Label flip: 0 samples class 1 \u2192 class 0
[2026-06-20 08:09:38,424] 39 root - INFO - [Attacker] Label flip: 0 samples class 1 \u2192 class 0
[2026-06-20 08:09:38,434] 39 root - INFO - [Attacker] Label flip: 0 samples class 1 \u2192 class 0
[2026-06-20 08:09:38,435] 39 root - INFO - [Attacker] Label flip: 0 samples class 1 \u2192 class 0
[2026-06-20 08:09:38,441] 39 root - INFO - [Attacker] Label flip: 0 samples class 1 \u2192 class 0
[2026-06-20 08:09:38,442] 39 root - INFO - [Attacker] Label flip: 0 samples class 1 \u2192 class 0
[2026-06-20 08:09:38,450] 39 root - INFO - [Attacker] Label flip: 0 samples class 1 \u2192 class 0
[2026-06-20 08:09:38,459] 39 root - INFO - [Attacker] Label flip: 0 samples class 1 \u2192 class 0
[2026-06-20 08:09:38,467] 39 root - INFO - [Attacker] Label flip: 0 samples class 1 \u2192 class 0
[2026-06-20 08:09:38,468] 39 root - INFO - [Attacker] Label flip: 0 samples class 1 \u2192 class 0
[2026-06-20 08:09:38,475] 39 root - INFO - [Attacker] Label flip: 0 samples class 1 \u2192 class 0
[2026-06-20 08:09:38,476] 39 root - INFO - [Attacker] Label flip: 0 samples class 1 \u2192 class 0
[2026-06-20 08:09:38,483] 39 root - INFO - [Attacker] Label flip: 0 samples class 1 \u2192 class 0
[2026-06-20 08:09:38,493] 39 root - INFO - [Attacker] Label flip: 0 samples class 1 \u2192 class 0
[2026-06-20 08:09:38,502] 39 root - INFO - [Attacker] Label flip: 0 samples class 1 \u2192 class 0
[2026-06-20 08:09:38,504] 39 root - INFO - [Attacker] Label flip: 0 samples class 1 \u2192 class 0
[2026-06-20 08:09:38,510] 39 root - INFO - [Attacker] Label flip: 0 samples class 1 \u2192 class 0
[2026-06-20 08:09:38,518] 39 root - INFO - [Attacker] Label flip: 0 samples class 1 \u2192 class 0
[2026-06-20 08:09:38,526] 39 root - INFO - [Attacker] Label flip: 0 samples class 1 \u2192 class 0
[2026-06-20 08:09:38,527] 39 root - INFO - [Attacker] Label flip: 0 samples class 1 \u2192 class 0
[2026-06-20 08:09:38,535] 39 root - INFO - [Attacker] Label flip: 0 samples class 1 \u2192 class 0
[2026-06-20 08:09:38,537] 39 root - INFO - [Attacker] Label flip: 0 samples class 1 \u2192 class 0
[2026-06-20 08:09:38,542] 39 root - INFO - [Attacker] Label flip: 0 samples class 1 \u2192 class 0
[2026-06-20 08:09:38,552] 39 root - INFO - [Attacker] Label flip: 0 samples class 1 \u2192 class 0
[2026-06-20 08:09:38,553] 39 root - INFO - [Attacker] Label flip: 0 samples class 1 \u2192 class 0
[2026-06-20 08:09:38,561] 39 root - INFO - [Attacker] Label flip: 0 samples class 1 \u2192 class 0
[2026-06-20 08:09:38,564] 39 root - INFO - [Attacker] Label flip: 0 samples class 1 \u2192 class 0
[2026-06-20 08:09:38,570] 39 root - INFO - [Attacker] Label flip: 0 samples class 1 \u2192 class 0
[2026-06-20 08:09:38,575] 39 root - INFO - [Attacker] Label flip: 0 samples class 1 \u2192 class 0
[2026-06-20 08:09:38,580] 39 root - INFO - [Attacker] Label flip: 0 samples class 1 \u2192 class 0
[2026-06-20 08:09:38,589] 39 root - INFO - [Attacker] Label flip: 0 samples class 1 \u2192 class 0
[2026-06-20 08:09:38,592] 39 root - INFO - [Attacker] Label flip: 0 samples class 1 \u2192 class 0
[2026-06-20 08:09:38,598] 39 root - INFO - [Attacker] Label flip: 0 samples class 1 \u2192 class 0
[2026-06-20 08:09:38,604] 39 root - INFO - [Attacker] Label flip: 0 samples class 1 \u2192 class 0
[2026-06-20 08:09:38,606] 39 root - INFO - [Attacker] Label flip: 0 samples class 1 \u2192 class 0
[2026-06-20 08:09:38,615] 39 root - INFO - [Attacker] Label flip: 0 samples class 1 \u2192 class 0
[2026-06-20 08:09:38,621] 39 root - INFO - [Attacker] Label flip: 0 samples class 1 \u2192 class 0
[2026-06-20 08:09:38,624] 39 root - INFO - [Attacker] Label flip: 0 samples class 1 \u2192 class 0
[2026-06-20 08:09:38,632] 39 root - INFO - [Attacker] Label flip: 0 samples class 1 \u2192 class 0
[2026-06-20 08:09:38,639] 39 root - INFO - [Attacker] Label flip: 0 samples class 1 \u2192 class 0
[2026-06-20 08:09:38,640] 39 root - INFO - [Attacker] Label flip: 0 samples class 1 \u2192 class 0
[2026-06-20 08:09:38,648] 39 root - INFO - [Attacker] Label flip: 0 samples class 1 \u2192 class 0
[2026-06-20 08:09:38,654] 39 root - INFO - [Attacker] Label flip: 0 samples class 1 \u2192 class 0
[2026-06-20 08:09:38,657] 39 root - INFO - [Attacker] Label flip: 0 samples class 1 \u2192 class 0
[2026-06-20 08:09:38,665] 39 root - INFO - [Attacker] Label flip: 0 samples class 1 \u2192 class 0
[2026-06-20 08:09:38,665] 39 root - INFO - [Attacker] Label flip: 0 samples class 1 \u2192 class 0
[2026-06-20 08:09:38,673] 39 root - INFO - [Attacker] Label flip: 0 samples class 1 \u2192 class 0
[2026-06-20 08:09:38,674] 39 root - INFO - [Attacker] Label flip: 0 samples class 1 \u2192 class 0
[2026-06-20 08:09:38,682] 39 root - INFO - [Attacker] Label flip: 0 samples class 1 \u2192 class 0
[2026-06-20 08:09:38,691] 39 root - INFO - [Attacker] Label flip: 0 samples class 1 \u2192 class 0
[2026-06-20 08:09:38,692] 39 root - INFO - [Attacker] Label flip: 0 samples class 1 \u2192 class 0
[2026-06-20 08:09:38,700] 39 root - INFO - [Attacker] Label flip: 0 samples class 1 \u2192 class 0
[2026-06-20 08:09:38,703] 39 root - INFO - [Attacker] Label flip: 0 samples class 1 \u2192 class 0
[2026-06-20 08:09:38,708] 39 root - INFO - [Attacker] Label flip: 0 samples class 1 \u2192 class 0
[2026-06-20 08:09:38,716] 39 root - INFO - [Attacker] Label flip: 0 samples class 1 \u2192 class 0
[2026-06-20 08:09:38,720] 39 root - INFO - [Attacker] Label flip: 0 samples class 1 \u2192 class 0
[2026-06-20 08:09:38,726] 39 root - INFO - [Attacker] Label flip: 0 samples class 1 \u2192 class 0
[2026-06-20 08:09:38,731] 39 root - INFO - [Attacker] Label flip: 0 samples class 1 \u2192 class 0
[2026-06-20 08:09:38,734] 39 root - INFO - [Attacker] Label flip: 0 samples class 1 \u2192 class 0
[2026-06-20 08:09:38,740] 39 root - INFO - [Attacker] Label flip: 0 samples class 1 \u2192 class 0
[2026-06-20 08:09:38,743] 39 root - INFO - [Attacker] Label flip: 0 samples class 1 \u2192 class 0
[2026-06-20 08:09:38,752] 39 root - INFO - [Attacker] Label flip: 0 samples class 1 \u2192 class 0
[2026-06-20 08:09:38,761] 39 root - INFO - [Attacker] Label flip: 0 samples class 1 \u2192 class 0
[2026-06-20 08:09:38,761] 39 root - INFO - [Attacker] Label flip: 0 samples class 1 \u2192 class 0
[2026-06-20 08:09:38,768] 39 root - INFO - [Attacker] Label flip: 0 samples class 1 \u2192 class 0
[2026-06-20 08:09:38,771] 39 root - INFO - [Attacker] Label flip: 0 samples class 1 \u2192 class 0
[2026-06-20 08:09:38,780] 39 root - INFO - [Attacker] Label flip: 0 samples class 1 \u2192 class 0
[2026-06-20 08:09:38,783] 39 root - INFO - [Attacker] Label flip: 0 samples class 1 \u2192 class 0
[2026-06-20 08:09:38,788] 39 root - INFO - [Attacker] Label flip: 0 samples class 1 \u2192 class 0
[2026-06-20 08:09:38,797] 39 root - INFO - [Attacker] Label flip: 0 samples class 1 \u2192 class 0
[2026-06-20 08:09:38,798] 39 root - INFO - [Attacker] Label flip: 0 samples class 1 \u2192 class 0
[2026-06-20 08:09:38,805] 39 root - INFO - [Attacker] Label flip: 0 samples class 1 \u2192 class 0
[2026-06-20 08:09:38,806] 39 root - INFO - [Attacker] Label flip: 0 samples class 1 \u2192 class 0
[2026-06-20 08:09:38,814] 39 root - INFO - [Attacker] Label flip: 0 samples class 1 \u2192 class 0
[2026-06-20 08:09:38,823] 39 root - INFO - [Attacker] Label flip: 0 samples class 1 \u2192 class 0
[2026-06-20 08:09:38,825] 39 root - INFO - [Attacker] Label flip: 0 samples class 1 \u2192 class 0
[2026-06-20 08:09:38,831] 39 root - INFO - [Attacker] Label flip: 0 samples class 1 \u2192 class 0
[2026-06-20 08:09:38,835] 39 root - INFO - [Attacker] Label flip: 0 samples class 1 \u2192 class 0
[2026-06-20 08:09:38,840] 39 root - INFO - [Attacker] Label flip: 0 samples class 1 \u2192 class 0
[2026-06-20 08:09:38,845] 39 root - INFO - [Attacker] Label flip: 0 samples class 1 \u2192 class 0
[2026-06-20 08:09:38,848] 39 root - INFO - [Attacker] Label flip: 0 samples class 1 \u2192 class 0
[2026-06-20 08:09:38,857] 39 root - INFO - [Attacker] Label flip: 0 samples class 1 \u2192 class 0
[2026-06-20 08:09:38,863] 39 root - INFO - [Attacker] Label flip: 0 samples class 1 \u2192 class 0
[2026-06-20 08:09:38,865] 39 root - INFO - [Attacker] Label flip: 0 samples class 1 \u2192 class 0
[2026-06-20 08:09:38,872] 39 root - INFO - [Attacker] Label flip: 0 samples class 1 \u2192 class 0
[2026-06-20 08:09:38,872] 39 root - INFO - [Attacker] Label flip: 0 samples class 1 \u2192 class 0
[2026-06-20 08:09:38,881] 39 root - INFO - [Attacker] Label flip: 0 samples class 1 \u2192 class 0
[2026-06-20 08:09:38,889] 39 root - INFO - [Attacker] Label flip: 0 samples class 1 \u2192 class 0
[2026-06-20 08:09:38,891] 39 root - INFO - [Attacker] Label flip: 0 samples class 1 \u2192 class 0
[2026-06-20 08:09:38,898] 39 root - INFO - [Attacker] Label flip: 0 samples class 1 \u2192 class 0
[2026-06-20 08:09:38,900] 39 root - INFO - [Attacker] Label flip: 0 samples class 1 \u2192 class 0
[2026-06-20 08:09:38,907] 39 root - INFO - [Attacker] Label flip: 0 samples class 1 \u2192 class 0
[2026-06-20 08:09:38,911] 39 root - INFO - [Attacker] Label flip: 0 samples class 1 \u2192 class 0
[2026-06-20 08:09:38,916] 39 root - INFO - [Attacker] Label flip: 0 samples class 1 \u2192 class 0
[2026-06-20 08:09:38,924] 39 root - INFO - [Attacker] Label flip: 0 samples class 1 \u2192 class 0
[2026-06-20 08:09:38,924] 39 root - INFO - [Attacker] Label flip: 0 samples class 1 \u2192 class 0
[2026-06-20 08:09:38,934] 39 root - INFO - [Attacker] Label flip: 0 samples class 1 \u2192 class 0
[2026-06-20 08:09:38,936] 39 root - INFO - [Attacker] Label flip: 0 samples class 1 \u2192 class 0
[2026-06-20 08:09:38,941] 39 root - INFO - [Attacker] Label flip: 0 samples class 1 \u2192 class 0
[2026-06-20 08:09:38,951] 39 root - INFO - [Attacker] Label flip: 0 samples class 1 \u2192 class 0
[2026-06-20 08:09:38,953] 39 root - INFO - [Attacker] Label flip: 0 samples class 1 \u2192 class 0
[2026-06-20 08:09:38,960] 39 root - INFO - [Attacker] Label flip: 0 samples class 1 \u2192 class 0
[2026-06-20 08:09:38,967] 39 root - INFO - [Attacker] Label flip: 0 samples class 1 \u2192 class 0
[2026-06-20 08:09:38,970] 39 root - INFO - [Attacker] Label flip: 0 samples class 1 \u2192 class 0
[2026-06-20 08:09:38,975] 39 root - INFO - [Attacker] Label flip: 0 samples class 1 \u2192 class 0
[2026-06-20 08:09:38,985] 39 root - INFO - [Attacker] Label flip: 0 samples class 1 \u2192 class 0
[2026-06-20 08:09:38,994] 39 root - INFO - [Attacker] Label flip: 0 samples class 1 \u2192 class 0
[2026-06-20 08:09:38,994] 39 root - INFO - [Attacker] Label flip: 0 samples class 1 \u2192 class 0
[2026-06-20 08:09:39,002] 39 root - INFO - [Attacker] Label flip: 0 samples class 1 \u2192 class 0
[2026-06-20 08:09:39,010] 39 root - INFO - [Attacker] Label flip: 0 samples class 1 \u2192 class 0
[2026-06-20 08:09:39,012] 39 root - INFO - [Attacker] Label flip: 0 samples class 1 \u2192 class 0
[2026-06-20 08:09:39,020] 39 root - INFO - [Attacker] Label flip: 0 samples class 1 \u2192 class 0
[2026-06-20 08:09:39,029] 39 root - INFO - [Attacker] Label flip: 0 samples class 1 \u2192 class 0
[2026-06-20 08:09:39,038] 39 root - INFO - [Attacker] Label flip: 0 samples class 1 \u2192 class 0
[2026-06-20 08:09:39,046] 39 root - INFO - [Attacker] Label flip: 0 samples class 1 \u2192 class 0
[2026-06-20 08:09:39,049] 39 root - INFO - [Attacker] Label flip: 0 samples class 1 \u2192 class 0
[2026-06-20 08:09:39,055] 39 root - INFO - [Attacker] Label flip: 0 samples class 1 \u2192 class 0
[2026-06-20 08:09:39,064] 39 root - INFO - [Attacker] Label flip: 0 samples class 1 \u2192 class 0
[2026-06-20 08:09:39,073] 39 root - INFO - [Attacker] Label flip: 0 samples class 1 \u2192 class 0
[2026-06-20 08:09:39,074] 39 root - INFO - [Attacker] Label flip: 0 samples class 1 \u2192 class 0
[2026-06-20 08:09:39,081] 39 root - INFO - [Attacker] Label flip: 0 samples class 1 \u2192 class 0
[2026-06-20 08:09:39,097] 39 root - INFO - [Attacker] Label flip: 0 samples class 1 \u2192 class 0
[2026-06-20 08:09:39,108] 39 root - INFO - [Attacker] Label flip: 0 samples class 1 \u2192 class 0
[2026-06-20 08:09:39,113] 39 root - INFO - [Attacker] Label flip: 0 samples class 1 \u2192 class 0
[2026-06-20 08:09:39,128] 39 root - INFO - [Attacker] Label flip: 0 samples class 1 \u2192 class 0
[2026-06-20 08:09:39,142] 39 root - INFO - [Attacker] Label flip: 0 samples class 1 \u2192 class 0
[2026-06-20 08:09:39,156] 39 root - INFO - [Attacker] Label flip: 0 samples class 1 \u2192 class 0
[2026-06-20 08:09:39,174] 39 root - INFO - [Attacker] Label flip: 0 samples class 1 \u2192 class 0
[2026-06-20 08:09:39,188] 39 root - INFO - [Attacker] Label flip: 0 samples class 1 \u2192 class 0
[2026-06-20 08:09:39,191] 39 root - INFO - [Attacker] Label flip: 0 samples class 1 \u2192 class 0
[2026-06-20 08:09:39,203] 39 root - INFO - [Attacker] Label flip: 0 samples class 1 \u2192 class 0
[2026-06-20 08:09:39,219] 39 root - INFO - [Attacker] Label flip: 0 samples class 1 \u2192 class 0
[2026-06-20 08:09:39,233] 39 root - INFO - [Attacker] Label flip: 0 samples class 1 \u2192 class 0
[2026-06-20 08:09:39,239] 39 root - INFO - [Attacker] Label flip: 0 samples class 1 \u2192 class 0
[2026-06-20 08:09:39,253] 39 root - INFO - [Attacker] Label flip: 0 samples class 1 \u2192 class 0
[2026-06-20 08:09:39,286] 39 root - INFO - [Attacker] Label flip: 0 samples class 1 \u2192 class 0
[2026-06-20 08:09:39,294] 39 root - INFO - [Attacker] Label flip: 0 samples class 1 \u2192 class 0
[2026-06-20 08:09:39,306] 39 root - INFO - [Attacker] Label flip: 0 samples class 1 \u2192 class 0
[2026-06-20 08:09:39,312] 39 root - INFO - [Attacker] Label flip: 0 samples class 1 \u2192 class 0
[2026-06-20 08:09:39,316] 39 root - INFO - [Attacker] Label flip: 0 samples class 1 \u2192 class 0
[2026-06-20 08:09:39,324] 39 root - INFO - [Attacker] Label flip: 0 samples class 1 \u2192 class 0
[2026-06-20 08:09:39,334] 39 root - INFO - [Attacker] Label flip: 0 samples class 1 \u2192 class 0
[2026-06-20 08:09:39,342] 39 root - INFO - [Attacker] Label flip: 0 samples class 1 \u2192 class 0
[2026-06-20 08:09:39,351] 39 root - INFO - [Attacker] Label flip: 0 samples class 1 \u2192 class 0
[2026-06-20 08:09:39,359] 39 root - INFO - [Attacker] Label flip: 0 samples class 1 \u2192 class 0
[2026-06-20 08:09:39,359] 39 root - INFO - [Attacker] Label flip: 0 samples class 1 \u2192 class 0
[2026-06-20 08:09:39,369] 39 root - INFO - [Attacker] Label flip: 0 samples class 1 \u2192 class 0
[2026-06-20 08:09:39,378] 39 root - INFO - [Attacker] Label flip: 0 samples class 1 \u2192 class 0
[2026-06-20 08:09:39,388] 39 root - INFO - [Attacker] Label flip: 0 samples class 1 \u2192 class 0
[2026-06-20 08:09:39,396] 39 root - INFO - [Attacker] Label flip: 0 samples class 1 \u2192 class 0
[2026-06-20 08:09:39,405] 39 root - INFO - [Attacker] Label flip: 0 samples class 1 \u2192 class 0
[2026-06-20 08:09:39,410] 39 root - INFO - [Attacker] Label flip: 0 samples class 1 \u2192 class 0
[2026-06-20 08:09:39,415] 39 root - INFO - [Attacker] Label flip: 0 samples class 1 \u2192 class 0
[2026-06-20 08:09:39,422] 39 root - INFO - [Attacker] Label flip: 0 samples class 1 \u2192 class 0
[2026-06-20 08:09:39,432] 39 root - INFO - [Attacker] Label flip: 0 samples class 1 \u2192 class 0
[2026-06-20 08:09:39,439] 39 root - INFO - [Attacker] Label flip: 0 samples class 1 \u2192 class 0
[2026-06-20 08:09:39,441] 39 root - INFO - [Attacker] Label flip: 0 samples class 1 \u2192 class 0
[2026-06-20 08:09:39,450] 39 root - INFO - [Attacker] Label flip: 0 samples class 1 \u2192 class 0
[2026-06-20 08:09:39,460] 39 root - INFO - [Attacker] Label flip: 0 samples class 1 \u2192 class 0
[2026-06-20 08:09:39,460] 39 root - INFO - [Attacker] Label flip: 0 samples class 1 \u2192 class 0
[2026-06-20 08:09:39,468] 39 root - INFO - [Attacker] Label flip: 0 samples class 1 \u2192 class 0
[2026-06-20 08:09:39,477] 39 root - INFO - [Attacker] Label flip: 0 samples class 1 \u2192 class 0
[2026-06-20 08:09:39,484] 39 root - INFO - [Attacker] Label flip: 0 samples class 1 \u2192 class 0
[2026-06-20 08:09:39,486] 39 root - INFO - [Attacker] Label flip: 0 samples class 1 \u2192 class 0
[2026-06-20 08:09:39,494] 39 root - INFO - [Attacker] Label flip: 0 samples class 1 \u2192 class 0
[2026-06-20 08:09:39,503] 39 root - INFO - [Attacker] Label flip: 0 samples class 1 \u2192 class 0
[2026-06-20 08:09:39,512] 39 root - INFO - [Attacker] Label flip: 0 samples class 1 \u2192 class 0
[2026-06-20 08:09:39,512] 39 root - INFO - [Attacker] Label flip: 0 samples class 1 \u2192 class 0
[2026-06-20 08:09:39,520] 39 root - INFO - [Attacker] Label flip: 0 samples class 1 \u2192 class 0
[2026-06-20 08:09:39,530] 39 root - INFO - [Attacker] Label flip: 0 samples class 1 \u2192 class 0
[2026-06-20 08:09:39,539] 39 root - INFO - [Attacker] Label flip: 0 samples class 1 \u2192 class 0
[2026-06-20 08:09:39,547] 39 root - INFO - [Attacker] Label flip: 0 samples class 1 \u2192 class 0
[2026-06-20 08:09:39,549] 39 root - INFO - [Attacker] Label flip: 0 samples class 1 \u2192 class 0
[2026-06-20 08:09:39,557] 39 root - INFO - [Attacker] Label flip: 0 samples class 1 \u2192 class 0
[2026-06-20 08:09:39,566] 39 root - INFO - [Attacker] Label flip: 0 samples class 1 \u2192 class 0
[2026-06-20 08:09:39,574] 39 root - INFO - [Attacker] Label flip: 0 samples class 1 \u2192 class 0
[2026-06-20 08:09:39,583] 39 root - INFO - [Attacker] Label flip: 0 samples class 1 \u2192 class 0
[2026-06-20 08:09:39,590] 39 root - INFO - [Attacker] Label flip: 0 samples class 1 \u2192 class 0
[2026-06-20 08:09:39,591] 39 root - INFO - [Attacker] Label flip: 0 samples class 1 \u2192 class 0
[2026-06-20 08:09:39,600] 39 root - INFO - [Attacker] Label flip: 0 samples class 1 \u2192 class 0
[2026-06-20 08:09:39,610] 39 root - INFO - [Attacker] Label flip: 0 samples class 1 \u2192 class 0
[2026-06-20 08:09:39,608] 39 root - INFO - [Attacker] Label flip: 0 samples class 1 \u2192 class 0
[2026-06-20 08:09:39,618] 39 root - INFO - [Attacker] Label flip: 0 samples class 1 \u2192 class 0
[2026-06-20 08:09:39,627] 39 root - INFO - [Attacker] Label flip: 0 samples class 1 \u2192 class 0
[2026-06-20 08:09:39,636] 39 root - INFO - [Attacker] Label flip: 0 samples class 1 \u2192 class 0
[2026-06-20 08:09:39,645] 39 root - INFO - [Attacker] Label flip: 0 samples class 1 \u2192 class 0
[2026-06-20 08:09:39,654] 39 root - INFO - [Attacker] Label flip: 0 samples class 1 \u2192 class 0
[2026-06-20 08:09:39,662] 39 root - INFO - [Attacker] Label flip: 0 samples class 1 \u2192 class 0
[2026-06-20 08:09:39,662] 39 root - INFO - [Attacker] Label flip: 0 samples class 1 \u2192 class 0
[2026-06-20 08:09:39,671] 39 root - INFO - [Attacker] Label flip: 0 samples class 1 \u2192 class 0
[2026-06-20 08:09:39,677] 39 root - INFO - [Attacker] Label flip: 0 samples class 1 \u2192 class 0
[2026-06-20 08:09:39,679] 39 root - INFO - [Attacker] Label flip: 0 samples class 1 \u2192 class 0
[2026-06-20 08:09:39,688] 39 root - INFO - [Attacker] Label flip: 0 samples class 1 \u2192 class 0
[2026-06-20 08:09:39,698] 39 root - INFO - [Attacker] Label flip: 0 samples class 1 \u2192 class 0
[2026-06-20 08:09:39,707] 39 root - INFO - [Attacker] Label flip: 0 samples class 1 \u2192 class 0
[2026-06-20 08:09:39,711] 39 root - INFO - [Attacker] Label flip: 0 samples class 1 \u2192 class 0
[2026-06-20 08:09:39,716] 39 root - INFO - [Attacker] Label flip: 0 samples class 1 \u2192 class 0
[2026-06-20 08:09:39,724] 39 root - INFO - [Attacker] Label flip: 0 samples class 1 \u2192 class 0
[2026-06-20 08:09:39,734] 39 root - INFO - [Attacker] Label flip: 0 samples class 1 \u2192 class 0
[2026-06-20 08:09:39,740] 39 root - INFO - [Attacker] Label flip: 0 samples class 1 \u2192 class 0
[2026-06-20 08:09:39,744] 39 root - INFO - [Attacker] Label flip: 0 samples class 1 \u2192 class 0
[2026-06-20 08:09:39,752] 39 root - INFO - [Attacker] Label flip: 0 samples class 1 \u2192 class 0
[2026-06-20 08:09:39,760] 39 root - INFO - [Attacker] Label flip: 0 samples class 1 \u2192 class 0
[2026-06-20 08:09:39,764] 39 root - INFO - [Attacker] Label flip: 0 samples class 1 \u2192 class 0
[2026-06-20 08:09:39,769] 39 root - INFO - [Attacker] Label flip: 0 samples class 1 \u2192 class 0
[2026-06-20 08:09:39,778] 39 root - INFO - [Attacker] Label flip: 0 samples class 1 \u2192 class 0
[2026-06-20 08:09:39,786] 39 root - INFO - [Attacker] Label flip: 0 samples class 1 \u2192 class 0
[2026-06-20 08:09:39,789] 39 root - INFO - [Attacker] Label flip: 0 samples class 1 \u2192 class 0
[2026-06-20 08:09:39,794] 39 root - INFO - [Attacker] Label flip: 0 samples class 1 \u2192 class 0
[2026-06-20 08:09:39,804] 39 root - INFO - [Attacker] Label flip: 0 samples class 1 \u2192 class 0
[2026-06-20 08:09:39,811] 39 root - INFO - [Attacker] Label flip: 0 samples class 1 \u2192 class 0
[2026-06-20 08:09:39,822] 39 root - INFO - [Attacker] Label flip: 0 samples class 1 \u2192 class 0
[2026-06-20 08:09:39,824] 39 root - INFO - [Attacker] Label flip: 0 samples class 1 \u2192 class 0
[2026-06-20 08:09:39,831] 39 root - INFO - [Attacker] Label flip: 0 samples class 1 \u2192 class 0
[2026-06-20 08:09:39,841] 39 root - INFO - [Attacker] Label flip: 0 samples class 1 \u2192 class 0
[2026-06-20 08:09:39,852] 39 root - INFO - [Attacker] Label flip: 0 samples class 1 \u2192 class 0
[2026-06-20 08:09:39,860] 39 root - INFO - [Attacker] Label flip: 0 samples class 1 \u2192 class 0
[2026-06-20 08:09:39,862] 39 root - INFO - [Attacker] Label flip: 0 samples class 1 \u2192 class 0
[2026-06-20 08:09:39,869] 39 root - INFO - [Attacker] Label flip: 0 samples class 1 \u2192 class 0
[2026-06-20 08:09:39,878] 39 root - INFO - [Attacker] Label flip: 0 samples class 1 \u2192 class 0
[2026-06-20 08:09:39,889] 39 root - INFO - [Attacker] Label flip: 0 samples class 1 \u2192 class 0
[2026-06-20 08:09:39,895] 39 root - INFO - [Attacker] Label flip: 0 samples class 1 \u2192 class 0
[2026-06-20 08:09:39,898] 39 root - INFO - [Attacker] Label flip: 0 samples class 1 \u2192 class 0
[2026-06-20 08:09:39,907] 39 root - INFO - [Attacker] Label flip: 0 samples class 1 \u2192 class 0
[2026-06-20 08:09:39,917] 39 root - INFO - [Attacker] Label flip: 0 samples class 1 \u2192 class 0
[2026-06-20 08:09:39,923] 39 root - INFO - [Attacker] Label flip: 0 samples class 1 \u2192 class 0
[2026-06-20 08:09:39,926] 39 root - INFO - [Attacker] Label flip: 0 samples class 1 \u2192 class 0
[2026-06-20 08:09:39,936] 39 root - INFO - [Attacker] Label flip: 0 samples class 1 \u2192 class 0
[2026-06-20 08:09:39,945] 39 root - INFO - [Attacker] Label flip: 0 samples class 1 \u2192 class 0
[2026-06-20 08:09:39,954] 39 root - INFO - [Attacker] Label flip: 0 samples class 1 \u2192 class 0
[2026-06-20 08:09:39,960] 39 root - INFO - [Attacker] Label flip: 0 samples class 1 \u2192 class 0
[2026-06-20 08:09:39,965] 39 root - INFO - [Attacker] Label flip: 0 samples class 1 \u2192 class 0
[2026-06-20 08:09:39,973] 39 root - INFO - [Attacker] Label flip: 0 samples class 1 \u2192 class 0
[2026-06-20 08:09:39,983] 39 root - INFO - [Attacker] Label flip: 0 samples class 1 \u2192 class 0
[2026-06-20 08:09:39,992] 39 root - INFO - [Attacker] Label flip: 0 samples class 1 \u2192 class 0
[2026-06-20 08:09:39,993] 39 root - INFO - [Attacker] Label flip: 0 samples class 1 \u2192 class 0
[2026-06-20 08:09:40,003] 39 root - INFO - [Attacker] Label flip: 0 samples class 1 \u2192 class 0
[2026-06-20 08:09:40,012] 39 root - INFO - [Attacker] Label flip: 0 samples class 1 \u2192 class 0
[2026-06-20 08:09:40,021] 39 root - INFO - [Attacker] Label flip: 0 samples class 1 \u2192 class 0
[2026-06-20 08:09:40,019] 39 root - INFO - [Attacker] Label flip: 0 samples class 1 \u2192 class 0
[2026-06-20 08:09:40,031] 39 root - INFO - [Attacker] Label flip: 0 samples class 1 \u2192 class 0
[2026-06-20 08:09:40,041] 39 root - INFO - [Attacker] Label flip: 0 samples class 1 \u2192 class 0
[2026-06-20 08:09:40,051] 39 root - INFO - [Attacker] Label flip: 0 samples class 1 \u2192 class 0
[2026-06-20 08:09:40,055] 39 root - INFO - [Attacker] Label flip: 0 samples class 1 \u2192 class 0
[2026-06-20 08:09:40,062] 39 root - INFO - [Attacker] Label flip: 0 samples class 1 \u2192 class 0
[2026-06-20 08:09:40,074] 39 root - INFO - [Attacker] Label flip: 0 samples class 1 \u2192 class 0
[2026-06-20 08:09:40,084] 39 root - INFO - [Attacker] Label flip: 0 samples class 1 \u2192 class 0
[2026-06-20 08:09:40,094] 39 root - INFO - [Attacker] Label flip: 0 samples class 1 \u2192 class 0
[2026-06-20 08:09:40,101] 39 root - INFO - [Attacker] Label flip: 0 samples class 1 \u2192 class 0
[2026-06-20 08:09:40,102] 39 root - INFO - [Attacker] Label flip: 0 samples class 1 \u2192 class 0
[2026-06-20 08:09:40,112] 39 root - INFO - [Attacker] Label flip: 0 samples class 1 \u2192 class 0
[2026-06-20 08:09:40,122] 39 root - INFO - [Attacker] Label flip: 0 samples class 1 \u2192 class 0
[2026-06-20 08:09:40,131] 39 root - INFO - [Attacker] Label flip: 0 samples class 1 \u2192 class 0
[2026-06-20 08:09:40,140] 39 root - INFO - [Attacker] Label flip: 0 samples class 1 \u2192 class 0
[2026-06-20 08:09:40,149] 39 root - INFO - [Attacker] Label flip: 0 samples class 1 \u2192 class 0
[2026-06-20 08:09:40,154] 39 root - INFO - [Attacker] Label flip: 0 samples class 1 \u2192 class 0
[2026-06-20 08:09:40,159] 39 root - INFO - [Attacker] Label flip: 0 samples class 1 \u2192 class 0
[2026-06-20 08:09:40,170] 39 root - INFO - [Attacker] Label flip: 0 samples class 1 \u2192 class 0
[2026-06-20 08:09:40,178] 39 root - INFO - [Attacker] Label flip: 0 samples class 1 \u2192 class 0
[2026-06-20 08:09:40,187] 39 root - INFO - [Attacker] Label flip: 0 samples class 1 \u2192 class 0
[2026-06-20 08:09:40,189] 39 root - INFO - [Attacker] Label flip: 0 samples class 1 \u2192 class 0
[2026-06-20 08:09:40,196] 39 root - INFO - [Attacker] Label flip: 0 samples class 1 \u2192 class 0
[2026-06-20 08:09:40,206] 39 root - INFO - [Attacker] Label flip: 0 samples class 1 \u2192 class 0
[2026-06-20 08:09:40,216] 39 root - INFO - [Attacker] Label flip: 0 samples class 1 \u2192 class 0
[2026-06-20 08:09:40,226] 39 root - INFO - [Attacker] Label flip: 0 samples class 1 \u2192 class 0
[2026-06-20 08:09:40,230] 39 root - INFO - [Attacker] Label flip: 0 samples class 1 \u2192 class 0
[2026-06-20 08:09:40,240] 39 root - INFO - [Attacker] Label flip: 0 samples class 1 \u2192 class 0
[2026-06-20 08:09:40,248] 39 root - INFO - [Attacker] Label flip: 0 samples class 1 \u2192 class 0
[2026-06-20 08:09:40,249] 39 root - INFO - [Attacker] Label flip: 0 samples class 1 \u2192 class 0
[2026-06-20 08:09:40,258] 39 root - INFO - [Attacker] Label flip: 0 samples class 1 \u2192 class 0
[2026-06-20 08:09:40,267] 39 root - INFO - [Attacker] Label flip: 0 samples class 1 \u2192 class 0
[2026-06-20 08:09:40,276] 39 root - INFO - [Attacker] Label flip: 0 samples class 1 \u2192 class 0
[2026-06-20 08:09:40,285] 39 root - INFO - [Attacker] Label flip: 0 samples class 1 \u2192 class 0
[2026-06-20 08:09:40,287] 39 root - INFO - [Attacker] Label flip: 0 samples class 1 \u2192 class 0
[2026-06-20 08:09:40,295] 39 root - INFO - [Attacker] Label flip: 0 samples class 1 \u2192 class 0
[2026-06-20 08:09:40,304] 39 root - INFO - [Attacker] Label flip: 0 samples class 1 \u2192 class 0
[2026-06-20 08:09:40,314] 39 root - INFO - [Attacker] Label flip: 0 samples class 1 \u2192 class 0
[2026-06-20 08:09:40,320] 39 root - INFO - [Attacker] Label flip: 0 samples class 1 \u2192 class 0
[2026-06-20 08:09:40,324] 39 root - INFO - [Attacker] Label flip: 0 samples class 1 \u2192 class 0
[2026-06-20 08:09:40,333] 39 root - INFO - [Attacker] Label flip: 0 samples class 1 \u2192 class 0
[2026-06-20 08:09:40,341] 39 root - INFO - [Attacker] Label flip: 0 samples class 1 \u2192 class 0
[2026-06-20 08:09:40,341] 39 root - INFO - [Attacker] Label flip: 0 samples class 1 \u2192 class 0
[2026-06-20 08:09:40,350] 39 root - INFO - [Attacker] Label flip: 0 samples class 1 \u2192 class 0
[2026-06-20 08:09:40,362] 39 root - INFO - [Attacker] Label flip: 0 samples class 1 \u2192 class 0
[2026-06-20 08:09:40,364] 39 root - INFO - [Attacker] Label flip: 0 samples class 1 \u2192 class 0
[2026-06-20 08:09:40,372] 39 root - INFO - [Attacker] Label flip: 0 samples class 1 \u2192 class 0
[2026-06-20 08:09:40,382] 39 root - INFO - [Attacker] Label flip: 0 samples class 1 \u2192 class 0
[2026-06-20 08:09:40,390] 39 root - INFO - [Attacker] Label flip: 0 samples class 1 \u2192 class 0
[2026-06-20 08:09:40,396] 39 root - INFO - [Attacker] Label flip: 0 samples class 1 \u2192 class 0
[2026-06-20 08:09:40,401] 39 root - INFO - [Attacker] Label flip: 0 samples class 1 \u2192 class 0
[2026-06-20 08:09:40,410] 39 root - INFO - [Attacker] Label flip: 0 samples class 1 \u2192 class 0
[2026-06-20 08:09:40,420] 39 root - INFO - [Attacker] Label flip: 0 samples class 1 \u2192 class 0
[2026-06-20 08:09:40,425] 39 root - INFO - [Attacker] Label flip: 0 samples class 1 \u2192 class 0
[2026-06-20 08:09:40,429] 39 root - INFO - [Attacker] Label flip: 0 samples class 1 \u2192 class 0
[2026-06-20 08:09:40,439] 39 root - INFO - [Attacker] Label flip: 0 samples class 1 \u2192 class 0
[2026-06-20 08:09:40,447] 39 root - INFO - [Attacker] Label flip: 0 samples class 1 \u2192 class 0
[2026-06-20 08:09:40,452] 39 root - INFO - [Attacker] Label flip: 0 samples class 1 \u2192 class 0
[2026-06-20 08:09:40,459] 39 root - INFO - [Attacker] Label flip: 0 samples class 1 \u2192 class 0
[2026-06-20 08:09:40,467] 39 root - INFO - [Attacker] Label flip: 0 samples class 1 \u2192 class 0
[2026-06-20 08:09:40,478] 39 root - INFO - [Attacker] Label flip: 0 samples class 1 \u2192 class 0
[2026-06-20 08:09:40,478] 39 root - INFO - [Attacker] Label flip: 0 samples class 1 \u2192 class 0
[2026-06-20 08:09:40,487] 39 root - INFO - [Attacker] Label flip: 0 samples class 1 \u2192 class 0
[2026-06-20 08:09:40,498] 39 root - INFO - [Attacker] Label flip: 0 samples class 1 \u2192 class 0
[2026-06-20 08:09:40,506] 39 root - INFO - [Attacker] Label flip: 0 samples class 1 \u2192 class 0
[2026-06-20 08:09:40,515] 39 root - INFO - [Attacker] Label flip: 0 samples class 1 \u2192 class 0
[2026-06-20 08:09:40,518] 39 root - INFO - [Attacker] Label flip: 0 samples class 1 \u2192 class 0
[2026-06-20 08:09:40,524] 39 root - INFO - [Attacker] Label flip: 0 samples class 1 \u2192 class 0
[2026-06-20 08:09:40,534] 39 root - INFO - [Attacker] Label flip: 0 samples class 1 \u2192 class 0
[2026-06-20 08:09:40,544] 39 root - INFO - [Attacker] Label flip: 0 samples class 1 \u2192 class 0
[2026-06-20 08:09:40,553] 39 root - INFO - [Attacker] Label flip: 0 samples class 1 \u2192 class 0
[2026-06-20 08:09:40,564] 39 root - INFO - [Attacker] Label flip: 0 samples class 1 \u2192 class 0
[2026-06-20 08:09:40,574] 39 root - INFO - [Attacker] Label flip: 0 samples class 1 \u2192 class 0
[2026-06-20 08:09:40,582] 39 root - INFO - [Attacker] Label flip: 0 samples class 1 \u2192 class 0
[2026-06-20 08:09:40,586] 39 root - INFO - [Attacker] Label flip: 0 samples class 1 \u2192 class 0
[2026-06-20 08:09:40,596] 39 root - INFO - [Attacker] Label flip: 0 samples class 1 \u2192 class 0
[2026-06-20 08:09:40,604] 39 root - INFO - [Attacker] Label flip: 0 samples class 1 \u2192 class 0
[2026-06-20 08:09:40,610] 39 root - INFO - [Attacker] Label flip: 0 samples class 1 \u2192 class 0
[2026-06-20 08:09:40,612] 39 root - INFO - [Attacker] Label flip: 0 samples class 1 \u2192 class 0
[2026-06-20 08:09:40,622] 39 root - INFO - [Attacker] Label flip: 0 samples class 1 \u2192 class 0
[2026-06-20 08:09:40,630] 39 root - INFO - [Attacker] Label flip: 0 samples class 1 \u2192 class 0
[2026-06-20 08:09:40,639] 39 root - INFO - [Attacker] Label flip: 0 samples class 1 \u2192 class 0
[2026-06-20 08:09:40,644] 39 root - INFO - [Attacker] Label flip: 0 samples class 1 \u2192 class 0
[2026-06-20 08:09:40,647] 39 root - INFO - [Attacker] Label flip: 0 samples class 1 \u2192 class 0
[2026-06-20 08:09:40,658] 39 root - INFO - [Attacker] Label flip: 0 samples class 1 \u2192 class 0
[2026-06-20 08:09:40,660] 39 root - INFO - [Attacker] Label flip: 0 samples class 1 \u2192 class 0
[2026-06-20 08:09:40,666] 39 root - INFO - [Attacker] Label flip: 0 samples class 1 \u2192 class 0
[2026-06-20 08:09:40,676] 39 root - INFO - [Attacker] Label flip: 0 samples class 1 \u2192 class 0
[2026-06-20 08:09:40,682] 39 root - INFO - [Attacker] Label flip: 0 samples class 1 \u2192 class 0
[2026-06-20 08:09:40,684] 39 root - INFO - [Attacker] Label flip: 0 samples class 1 \u2192 class 0
[2026-06-20 08:09:40,695] 39 root - INFO - [Attacker] Label flip: 0 samples class 1 \u2192 class 0
[2026-06-20 08:09:40,704] 39 root - INFO - [Attacker] Label flip: 0 samples class 1 \u2192 class 0
[2026-06-20 08:09:40,711] 39 root - INFO - [Attacker] Label flip: 0 samples class 1 \u2192 class 0
[2026-06-20 08:09:40,713] 39 root - INFO - [Attacker] Label flip: 0 samples class 1 \u2192 class 0
[2026-06-20 08:09:40,722] 39 root - INFO - [Attacker] Label flip: 0 samples class 1 \u2192 class 0
[2026-06-20 08:09:40,730] 39 root - INFO - [Attacker] Label flip: 0 samples class 1 \u2192 class 0
[2026-06-20 08:09:40,739] 39 root - INFO - [Attacker] Label flip: 0 samples class 1 \u2192 class 0
[2026-06-20 08:09:40,746] 39 root - INFO - [Attacker] Label flip: 0 samples class 1 \u2192 class 0
[2026-06-20 08:09:40,748] 39 root - INFO - [Attacker] Label flip: 0 samples class 1 \u2192 class 0
[2026-06-20 08:09:40,757] 39 root - INFO - [Attacker] Label flip: 0 samples class 1 \u2192 class 0
[2026-06-20 08:09:40,757] 39 root - INFO - [Attacker] Label flip: 0 samples class 1 \u2192 class 0
[2026-06-20 08:09:40,767] 39 root - INFO - [Attacker] Label flip: 0 samples class 1 \u2192 class 0
[2026-06-20 08:09:40,777] 39 root - INFO - [Attacker] Label flip: 0 samples class 1 \u2192 class 0
[2026-06-20 08:09:40,788] 39 root - INFO - [Attacker] Label flip: 0 samples class 1 \u2192 class 0
[2026-06-20 08:09:40,798] 39 root - INFO - [Attacker] Label flip: 0 samples class 1 \u2192 class 0
[2026-06-20 08:09:40,800] 39 root - INFO - [Attacker] Label flip: 0 samples class 1 \u2192 class 0
[2026-06-20 08:09:40,806] 39 root - INFO - [Attacker] Label flip: 0 samples class 1 \u2192 class 0
[2026-06-20 08:09:40,816] 39 root - INFO - [Attacker] Label flip: 0 samples class 1 \u2192 class 0
[2026-06-20 08:09:40,824] 39 root - INFO - [Attacker] Label flip: 0 samples class 1 \u2192 class 0
[2026-06-20 08:09:40,831] 39 root - INFO - [Attacker] Label flip: 0 samples class 1 \u2192 class 0
[2026-06-20 08:09:40,833] 39 root - INFO - [Attacker] Label flip: 0 samples class 1 \u2192 class 0
[2026-06-20 08:09:40,842] 39 root - INFO - [Attacker] Label flip: 0 samples class 1 \u2192 class 0
[2026-06-20 08:09:40,851] 39 root - INFO - [Attacker] Label flip: 0 samples class 1 \u2192 class 0
[2026-06-20 08:09:40,860] 39 root - INFO - [Attacker] Label flip: 0 samples class 1 \u2192 class 0
[2026-06-20 08:09:40,861] 39 root - INFO - [Attacker] Label flip: 0 samples class 1 \u2192 class 0
[2026-06-20 08:09:40,868] 39 root - INFO - [Attacker] Label flip: 0 samples class 1 \u2192 class 0
[2026-06-20 08:09:40,878] 39 root - INFO - [Attacker] Label flip: 0 samples class 1 \u2192 class 0
[2026-06-20 08:09:40,886] 39 root - INFO - [Attacker] Label flip: 0 samples class 1 \u2192 class 0
[2026-06-20 08:09:40,886] 39 root - INFO - [Attacker] Label flip: 0 samples class 1 \u2192 class 0
[2026-06-20 08:09:40,894] 39 root - INFO - [Attacker] Label flip: 0 samples class 1 \u2192 class 0
[2026-06-20 08:09:40,905] 39 root - INFO - [Attacker] Label flip: 0 samples class 1 \u2192 class 0
[2026-06-20 08:09:40,915] 39 root - INFO - [Attacker] Label flip: 0 samples class 1 \u2192 class 0
[2026-06-20 08:09:40,920] 39 root - INFO - [Attacker] Label flip: 0 samples class 1 \u2192 class 0
[2026-06-20 08:09:40,924] 39 root - INFO - [Attacker] Label flip: 0 samples class 1 \u2192 class 0
[2026-06-20 08:09:40,933] 39 root - INFO - [Attacker] Label flip: 0 samples class 1 \u2192 class 0
[2026-06-20 08:09:40,941] 39 root - INFO - [Attacker] Label flip: 0 samples class 1 \u2192 class 0
[2026-06-20 08:09:40,951] 39 root - INFO - [Attacker] Label flip: 0 samples class 1 \u2192 class 0
[2026-06-20 08:09:40,960] 39 root - INFO - [Attacker] Label flip: 0 samples class 1 \u2192 class 0
[2026-06-20 08:09:40,970] 39 root - INFO - [Attacker] Label flip: 0 samples class 1 \u2192 class 0
[2026-06-20 08:09:40,978] 39 root - INFO - [Attacker] Label flip: 0 samples class 1 \u2192 class 0
[2026-06-20 08:09:40,986] 39 root - INFO - [Attacker] Label flip: 0 samples class 1 \u2192 class 0
[2026-06-20 08:09:40,994] 39 root - INFO - [Attacker] Label flip: 0 samples class 1 \u2192 class 0
[2026-06-20 08:09:41,003] 39 root - INFO - [Attacker] Label flip: 0 samples class 1 \u2192 class 0
[2026-06-20 08:09:41,011] 39 root - INFO - [Attacker] Label flip: 0 samples class 1 \u2192 class 0
[2026-06-20 08:09:41,021] 39 root - INFO - [Attacker] Label flip: 0 samples class 1 \u2192 class 0
[2026-06-20 08:09:41,032] 39 root - INFO - [Attacker] Label flip: 0 samples class 1 \u2192 class 0
[2026-06-20 08:09:41,042] 39 root - INFO - [Attacker] Label flip: 0 samples class 1 \u2192 class 0
[2026-06-20 08:09:41,050] 39 root - INFO - [Attacker] Label flip: 0 samples class 1 \u2192 class 0
[2026-06-20 08:09:41,059] 39 root - INFO - [Attacker] Label flip: 0 samples class 1 \u2192 class 0
[2026-06-20 08:09:41,068] 39 root - INFO - [Attacker] Label flip: 0 samples class 1 \u2192 class 0
[2026-06-20 08:09:41,077] 39 root - INFO - [Attacker] Label flip: 0 samples class 1 \u2192 class 0
[2026-06-20 08:09:41,087] 39 root - INFO - [Attacker] Label flip: 0 samples class 1 \u2192 class 0
[2026-06-20 08:09:41,094] 39 root - INFO - [Attacker] Label flip: 0 samples class 1 \u2192 class 0
[2026-06-20 08:09:41,104] 39 root - INFO - [Attacker] Label flip: 0 samples class 1 \u2192 class 0
[2026-06-20 08:09:41,114] 39 root - INFO - [Attacker] Label flip: 0 samples class 1 \u2192 class 0
[2026-06-20 08:09:41,121] 39 root - INFO - [Attacker] Label flip: 0 samples class 1 \u2192 class 0
[2026-06-20 08:09:41,130] 39 root - INFO - [Attacker] Label flip: 0 samples class 1 \u2192 class 0
[2026-06-20 08:09:41,138] 39 root - INFO - [Attacker] Label flip: 0 samples class 1 \u2192 class 0
[2026-06-20 08:09:41,147] 39 root - INFO - [Attacker] Label flip: 0 samples class 1 \u2192 class 0
[2026-06-20 08:09:41,155] 39 root - INFO - [Attacker] Label flip: 0 samples class 1 \u2192 class 0
[2026-06-20 08:09:41,164] 39 root - INFO - [Attacker] Label flip: 0 samples class 1 \u2192 class 0
[2026-06-20 08:09:41,168] 39 root - INFO - [Attacker] Label flip: 0 samples class 1 \u2192 class 0
[2026-06-20 08:09:41,172] 39 root - INFO - [Attacker] Label flip: 0 samples class 1 \u2192 class 0
[2026-06-20 08:09:41,181] 39 root - INFO - [Attacker] Label flip: 0 samples class 1 \u2192 class 0
[2026-06-20 08:09:41,190] 39 root - INFO - [Attacker] Label flip: 0 samples class 1 \u2192 class 0
[2026-06-20 08:09:41,198] 39 root - INFO - [Attacker] Label flip: 0 samples class 1 \u2192 class 0
[2026-06-20 08:09:41,207] 39 root - INFO - [Attacker] Label flip: 0 samples class 1 \u2192 class 0
[2026-06-20 08:09:41,218] 39 root - INFO - [Attacker] Label flip: 0 samples class 1 \u2192 class 0
[2026-06-20 08:09:41,232] 39 root - INFO - [Attacker] Label flip: 0 samples class 1 \u2192 class 0
[2026-06-20 08:09:41,240] 39 root - INFO - [Attacker] Label flip: 0 samples class 1 \u2192 class 0
[2026-06-20 08:09:41,248] 39 root - INFO - [Attacker] Label flip: 0 samples class 1 \u2192 class 0
[2026-06-20 08:09:41,256] 39 root - INFO - [Attacker] Label flip: 0 samples class 1 \u2192 class 0
[2026-06-20 08:09:41,264] 39 root - INFO - [Attacker] Label flip: 0 samples class 1 \u2192 class 0
[2026-06-20 08:09:41,274] 39 root - INFO - [Attacker] Label flip: 0 samples class 1 \u2192 class 0
[2026-06-20 08:09:41,284] 39 root - INFO - [Attacker] Label flip: 0 samples class 1 \u2192 class 0
[2026-06-20 08:09:41,293] 39 root - INFO - [Attacker] Label flip: 0 samples class 1 \u2192 class 0
[2026-06-20 08:09:41,294] 39 root - INFO - [Attacker] Label flip: 0 samples class 1 \u2192 class 0
[2026-06-20 08:09:41,303] 39 root - INFO - [Attacker] Label flip: 0 samples class 1 \u2192 class 0
[2026-06-20 08:09:41,312] 39 root - INFO - [Attacker] Label flip: 0 samples class 1 \u2192 class 0
[2026-06-20 08:09:41,322] 39 root - INFO - [Attacker] Label flip: 0 samples class 1 \u2192 class 0
[2026-06-20 08:09:41,331] 39 root - INFO - [Attacker] Label flip: 0 samples class 1 \u2192 class 0
[2026-06-20 08:09:41,340] 39 root - INFO - [Attacker] Label flip: 0 samples class 1 \u2192 class 0
[2026-06-20 08:09:41,349] 39 root - INFO - [Attacker] Label flip: 0 samples class 1 \u2192 class 0
[2026-06-20 08:09:41,359] 39 root - INFO - [Attacker] Label flip: 0 samples class 1 \u2192 class 0
[2026-06-20 08:09:41,367] 39 root - INFO - [Attacker] Label flip: 0 samples class 1 \u2192 class 0
[2026-06-20 08:09:41,372] 39 root - INFO - [Attacker] Label flip: 0 samples class 1 \u2192 class 0
[2026-06-20 08:09:41,375] 39 root - INFO - [Attacker] Label flip: 0 samples class 1 \u2192 class 0
[2026-06-20 08:09:41,384] 39 root - INFO - [Attacker] Label flip: 0 samples class 1 \u2192 class 0
[2026-06-20 08:09:41,393] 39 root - INFO - [Attacker] Label flip: 0 samples class 1 \u2192 class 0
[2026-06-20 08:09:41,398] 39 root - INFO - [Attacker] Label flip: 0 samples class 1 \u2192 class 0
[2026-06-20 08:09:41,403] 39 root - INFO - [Attacker] Label flip: 0 samples class 1 \u2192 class 0
[2026-06-20 08:09:41,411] 39 root - INFO - [Attacker] Label flip: 0 samples class 1 \u2192 class 0
[2026-06-20 08:09:41,420] 39 root - INFO - [Attacker] Label flip: 0 samples class 1 \u2192 class 0
[2026-06-20 08:09:41,428] 39 root - INFO - [Attacker] Label flip: 0 samples class 1 \u2192 class 0
[2026-06-20 08:09:41,430] 39 root - INFO - [Attacker] Label flip: 0 samples class 1 \u2192 class 0
[2026-06-20 08:09:41,437] 39 root - INFO - [Attacker] Label flip: 0 samples class 1 \u2192 class 0
[2026-06-20 08:09:41,446] 39 root - INFO - [Attacker] Label flip: 0 samples class 1 \u2192 class 0
[2026-06-20 08:09:41,456] 39 root - INFO - [Attacker] Label flip: 0 samples class 1 \u2192 class 0
[2026-06-20 08:09:41,463] 39 root - INFO - [Attacker] Label flip: 0 samples class 1 \u2192 class 0
[2026-06-20 08:09:41,468] 39 root - INFO - [Attacker] Label flip: 0 samples class 1 \u2192 class 0
[2026-06-20 08:09:41,473] 39 root - INFO - [Attacker] Label flip: 0 samples class 1 \u2192 class 0
[2026-06-20 08:09:41,481] 39 root - INFO - [Attacker] Label flip: 0 samples class 1 \u2192 class 0
[2026-06-20 08:09:41,490] 39 root - INFO - [Attacker] Label flip: 0 samples class 1 \u2192 class 0
[2026-06-20 08:09:41,497] 39 root - INFO - [Attacker] Label flip: 0 samples class 1 \u2192 class 0
[2026-06-20 08:09:41,507] 39 root - INFO - [Attacker] Label flip: 0 samples class 1 \u2192 class 0
[2026-06-20 08:09:41,514] 39 root - INFO - [Attacker] Label flip: 0 samples class 1 \u2192 class 0
[2026-06-20 08:09:41,526] 39 root - INFO - [Attacker] Label flip: 0 samples class 1 \u2192 class 0
[2026-06-20 08:09:41,531] 39 root - INFO - [Attacker] Label flip: 0 samples class 1 \u2192 class 0
[2026-06-20 08:09:41,536] 39 root - INFO - [Attacker] Label flip: 0 samples class 1 \u2192 class 0
[2026-06-20 08:09:41,545] 39 root - INFO - [Attacker] Label flip: 0 samples class 1 \u2192 class 0
[2026-06-20 08:09:41,555] 39 root - INFO - [Attacker] Label flip: 0 samples class 1 \u2192 class 0
[2026-06-20 08:09:41,564] 39 root - INFO - [Attacker] Label flip: 0 samples class 1 \u2192 class 0
[2026-06-20 08:09:41,572] 39 root - INFO - [Attacker] Label flip: 0 samples class 1 \u2192 class 0
[2026-06-20 08:09:41,583] 39 root - INFO - [Attacker] Label flip: 0 samples class 1 \u2192 class 0
[2026-06-20 08:09:41,592] 39 root - INFO - [Attacker] Label flip: 0 samples class 1 \u2192 class 0
[2026-06-20 08:09:41,592] 39 root - INFO - [Attacker] Label flip: 0 samples class 1 \u2192 class 0
[2026-06-20 08:09:41,611] 39 root - INFO - [Attacker] Label flip: 0 samples class 1 \u2192 class 0
[2026-06-20 08:09:41,620] 39 root - INFO - [Attacker] Label flip: 0 samples class 1 \u2192 class 0
[2026-06-20 08:09:41,630] 39 root - INFO - [Attacker] Label flip: 0 samples class 1 \u2192 class 0
[2026-06-20 08:09:41,640] 268 flwr - WARNING - DEPRECATED FEATURE: `client_fn` now expects a signature `def client_fn(context: Context)`.The provided `client_fn` has signature: {'cid': <Parameter "cid: str">}. You can import the `Context` like this: `from flwr.common import Context`

            This is a deprecated feature. It will be removed
            entirely in future versions of Flower.
        
[2026-06-20 08:09:41,643] 39 root - INFO - [Attacker] Label flip: 0 samples class 1 \u2192 class 0
[2026-06-20 08:09:41,653] 39 root - INFO - [Attacker] Label flip: 0 samples class 1 \u2192 class 0
[2026-06-20 08:09:41,666] 39 root - INFO - [Attacker] Label flip: 0 samples class 1 \u2192 class 0
[2026-06-20 08:09:41,679] 39 root - INFO - [Attacker] Label flip: 0 samples class 1 \u2192 class 0
[2026-06-20 08:09:41,691] 39 root - INFO - [Attacker] Label flip: 0 samples class 1 \u2192 class 0
[2026-06-20 08:09:41,703] 39 root - INFO - [Attacker] Label flip: 0 samples class 1 \u2192 class 0
[2026-06-20 08:09:41,713] 39 root - INFO - [Attacker] Label flip: 0 samples class 1 \u2192 class 0
[2026-06-20 08:09:41,725] 39 root - INFO - [Attacker] Label flip: 0 samples class 1 \u2192 class 0
[2026-06-20 08:09:41,737] 39 root - INFO - [Attacker] Label flip: 0 samples class 1 \u2192 class 0
[2026-06-20 08:09:41,750] 39 root - INFO - [Attacker] Label flip: 0 samples class 1 \u2192 class 0
[2026-06-20 08:09:41,761] 39 root - INFO - [Attacker] Label flip: 0 samples class 1 \u2192 class 0
[2026-06-20 08:09:41,773] 39 root - INFO - [Attacker] Label flip: 0 samples class 1 \u2192 class 0
[2026-06-20 08:09:41,783] 39 root - INFO - [Attacker] Label flip: 0 samples class 1 \u2192 class 0
[2026-06-20 08:09:41,796] 39 root - INFO - [Attacker] Label flip: 0 samples class 1 \u2192 class 0
[2026-06-20 08:09:41,808] 39 root - INFO - [Attacker] Label flip: 0 samples class 1 \u2192 class 0
[2026-06-20 08:09:41,820] 39 root - INFO - [Attacker] Label flip: 0 samples class 1 \u2192 class 0
[2026-06-20 08:09:41,832] 39 root - INFO - [Attacker] Label flip: 0 samples class 1 \u2192 class 0
[2026-06-20 08:09:41,844] 39 root - INFO - [Attacker] Label flip: 0 samples class 1 \u2192 class 0
[2026-06-20 08:09:41,855] 39 root - INFO - [Attacker] Label flip: 0 samples class 1 \u2192 class 0
[2026-06-20 08:09:41,868] 39 root - INFO - [Attacker] Label flip: 0 samples class 1 \u2192 class 0
[2026-06-20 08:09:41,880] 39 root - INFO - [Attacker] Label flip: 0 samples class 1 \u2192 class 0
[2026-06-20 08:09:41,891] 39 root - INFO - [Attacker] Label flip: 0 samples class 1 \u2192 class 0
[2026-06-20 08:09:41,903] 39 root - INFO - [Attacker] Label flip: 0 samples class 1 \u2192 class 0
[2026-06-20 08:09:41,915] 39 root - INFO - [Attacker] Label flip: 0 samples class 1 \u2192 class 0
[2026-06-20 08:09:41,927] 39 root - INFO - [Attacker] Label flip: 0 samples class 1 \u2192 class 0
[2026-06-20 08:09:41,939] 39 root - INFO - [Attacker] Label flip: 0 samples class 1 \u2192 class 0
[2026-06-20 08:09:41,951] 39 root - INFO - [Attacker] Label flip: 0 samples class 1 \u2192 class 0
[2026-06-20 08:09:41,965] 39 root - INFO - [Attacker] Label flip: 0 samples class 1 \u2192 class 0
[2026-06-20 08:09:41,977] 39 root - INFO - [Attacker] Label flip: 0 samples class 1 \u2192 class 0
[2026-06-20 08:09:41,990] 39 root - INFO - [Attacker] Label flip: 0 samples class 1 \u2192 class 0
[2026-06-20 08:09:42,001] 39 root - INFO - [Attacker] Label flip: 0 samples class 1 \u2192 class 0
[2026-06-20 08:09:42,012] 39 root - INFO - [Attacker] Label flip: 0 samples class 1 \u2192 class 0
[2026-06-20 08:09:42,025] 39 root - INFO - [Attacker] Label flip: 0 samples class 1 \u2192 class 0
[2026-06-20 08:09:42,035] 39 root - INFO - [Attacker] Label flip: 0 samples class 1 \u2192 class 0
[2026-06-20 08:09:42,048] 39 root - INFO - [Attacker] Label flip: 0 samples class 1 \u2192 class 0
[2026-06-20 08:09:42,062] 39 root - INFO - [Attacker] Label flip: 0 samples class 1 \u2192 class 0
[2026-06-20 08:09:42,075] 39 root - INFO - [Attacker] Label flip: 0 samples class 1 \u2192 class 0
[2026-06-20 08:09:42,088] 39 root - INFO - [Attacker] Label flip: 0 samples class 1 \u2192 class 0
[2026-06-20 08:09:42,099] 39 root - INFO - [Attacker] Label flip: 0 samples class 1 \u2192 class 0
[2026-06-20 08:09:42,112] 39 root - INFO - [Attacker] Label flip: 0 samples class 1 \u2192 class 0
[2026-06-20 08:09:42,124] 39 root - INFO - [Attacker] Label flip: 0 samples class 1 \u2192 class 0
[2026-06-20 08:09:42,138] 39 root - INFO - [Attacker] Label flip: 0 samples class 1 \u2192 class 0
[2026-06-20 08:09:42,150] 39 root - INFO - [Attacker] Label flip: 0 samples class 1 \u2192 class 0
[2026-06-20 08:09:42,163] 39 root - INFO - [Attacker] Label flip: 0 samples class 1 \u2192 class 0
[2026-06-20 08:09:42,173] 39 root - INFO - [Attacker] Label flip: 0 samples class 1 \u2192 class 0
[2026-06-20 08:09:42,187] 39 root - INFO - [Attacker] Label flip: 0 samples class 1 \u2192 class 0
[2026-06-20 08:09:42,204] 39 root - INFO - [Attacker] Label flip: 0 samples class 1 \u2192 class 0
[2026-06-20 08:09:42,219] 39 root - INFO - [Attacker] Label flip: 0 samples class 1 \u2192 class 0
[2026-06-20 08:09:42,232] 39 root - INFO - [Attacker] Label flip: 0 samples class 1 \u2192 class 0
[2026-06-20 08:09:42,242] 39 root - INFO - [Attacker] Label flip: 0 samples class 1 \u2192 class 0
[2026-06-20 08:09:42,255] 39 root - INFO - [Attacker] Label flip: 0 samples class 1 \u2192 class 0
[2026-06-20 08:09:42,266] 39 root - INFO - [Attacker] Label flip: 0 samples class 1 \u2192 class 0
[2026-06-20 08:09:42,277] 39 root - INFO - [Attacker] Label flip: 0 samples class 1 \u2192 class 0
[2026-06-20 08:09:42,288] 39 root - INFO - [Attacker] Label flip: 0 samples class 1 \u2192 class 0
[2026-06-20 08:09:42,298] 39 root - INFO - [Attacker] Label flip: 0 samples class 1 \u2192 class 0
[2026-06-20 08:09:42,306] 39 root - INFO - [Attacker] Label flip: 0 samples class 1 \u2192 class 0
[2026-06-20 08:09:42,314] 39 root - INFO - [Attacker] Label flip: 0 samples class 1 \u2192 class 0
[2026-06-20 08:09:42,322] 39 root - INFO - [Attacker] Label flip: 0 samples class 1 \u2192 class 0
[2026-06-20 08:09:42,332] 39 root - INFO - [Attacker] Label flip: 0 samples class 1 \u2192 class 0
[2026-06-20 08:09:42,340] 39 root - INFO - [Attacker] Label flip: 0 samples class 1 \u2192 class 0
[2026-06-20 08:09:42,350] 39 root - INFO - [Attacker] Label flip: 0 samples class 1 \u2192 class 0
[2026-06-20 08:09:42,358] 39 root - INFO - [Attacker] Label flip: 0 samples class 1 \u2192 class 0
[2026-06-20 08:09:42,366] 39 root - INFO - [Attacker] Label flip: 0 samples class 1 \u2192 class 0
[2026-06-20 08:09:42,376] 39 root - INFO - [Attacker] Label flip: 0 samples class 1 \u2192 class 0
[2026-06-20 08:09:42,384] 39 root - INFO - [Attacker] Label flip: 0 samples class 1 \u2192 class 0
[2026-06-20 08:09:42,394] 39 root - INFO - [Attacker] Label flip: 0 samples class 1 \u2192 class 0
[2026-06-20 08:09:42,402] 39 root - INFO - [Attacker] Label flip: 0 samples class 1 \u2192 class 0
[2026-06-20 08:09:42,410] 39 root - INFO - [Attacker] Label flip: 0 samples class 1 \u2192 class 0
[2026-06-20 08:09:42,419] 39 root - INFO - [Attacker] Label flip: 0 samples class 1 \u2192 class 0
[2026-06-20 08:09:42,426] 39 root - INFO - [Attacker] Label flip: 0 samples class 1 \u2192 class 0
[2026-06-20 08:09:42,434] 39 root - INFO - [Attacker] Label flip: 0 samples class 1 \u2192 class 0
[2026-06-20 08:09:42,443] 39 root - INFO - [Attacker] Label flip: 0 samples class 1 \u2192 class 0
[2026-06-20 08:09:42,451] 39 root - INFO - [Attacker] Label flip: 0 samples class 1 \u2192 class 0
[2026-06-20 08:09:42,461] 39 root - INFO - [Attacker] Label flip: 0 samples class 1 \u2192 class 0
[2026-06-20 08:09:42,469] 39 root - INFO - [Attacker] Label flip: 0 samples class 1 \u2192 class 0
[2026-06-20 08:09:42,478] 39 root - INFO - [Attacker] Label flip: 0 samples class 1 \u2192 class 0
[2026-06-20 08:09:42,487] 39 root - INFO - [Attacker] Label flip: 0 samples class 1 \u2192 class 0
[2026-06-20 08:09:42,495] 39 root - INFO - [Attacker] Label flip: 0 samples class 1 \u2192 class 0
[2026-06-20 08:09:42,504] 39 root - INFO - [Attacker] Label flip: 0 samples class 1 \u2192 class 0
[2026-06-20 08:09:42,512] 39 root - INFO - [Attacker] Label flip: 0 samples class 1 \u2192 class 0
[2026-06-20 08:09:42,522] 39 root - INFO - [Attacker] Label flip: 0 samples class 1 \u2192 class 0
[2026-06-20 08:09:42,530] 39 root - INFO - [Attacker] Label flip: 0 samples class 1 \u2192 class 0
[2026-06-20 08:09:42,538] 39 root - INFO - [Attacker] Label flip: 0 samples class 1 \u2192 class 0
[2026-06-20 08:09:42,547] 39 root - INFO - [Attacker] Label flip: 0 samples class 1 \u2192 class 0
[2026-06-20 08:09:42,556] 39 root - INFO - [Attacker] Label flip: 0 samples class 1 \u2192 class 0
[2026-06-20 08:09:42,565] 39 root - INFO - [Attacker] Label flip: 0 samples class 1 \u2192 class 0
[2026-06-20 08:09:42,574] 39 root - INFO - [Attacker] Label flip: 0 samples class 1 \u2192 class 0
[2026-06-20 08:09:42,584] 39 root - INFO - [Attacker] Label flip: 0 samples class 1 \u2192 class 0
[2026-06-20 08:09:42,591] 39 root - INFO - [Attacker] Label flip: 0 samples class 1 \u2192 class 0
[2026-06-20 08:09:42,600] 39 root - INFO - [Attacker] Label flip: 0 samples class 1 \u2192 class 0
[2026-06-20 08:09:42,608] 39 root - INFO - [Attacker] Label flip: 0 samples class 1 \u2192 class 0
[2026-06-20 08:09:42,616] 39 root - INFO - [Attacker] Label flip: 0 samples class 1 \u2192 class 0
[2026-06-20 08:09:42,624] 39 root - INFO - [Attacker] Label flip: 0 samples class 1 \u2192 class 0
[2026-06-20 08:09:42,633] 39 root - INFO - [Attacker] Label flip: 0 samples class 1 \u2192 class 0
[2026-06-20 08:09:42,641] 39 root - INFO - [Attacker] Label flip: 0 samples class 1 \u2192 class 0
[2026-06-20 08:09:42,650] 39 root - INFO - [Attacker] Label flip: 0 samples class 1 \u2192 class 0
[2026-06-20 08:09:42,657] 39 root - INFO - [Attacker] Label flip: 0 samples class 1 \u2192 class 0
[2026-06-20 08:09:42,667] 39 root - INFO - [Attacker] Label flip: 0 samples class 1 \u2192 class 0
[2026-06-20 08:09:42,676] 39 root - INFO - [Attacker] Label flip: 0 samples class 1 \u2192 class 0
[2026-06-20 08:09:42,685] 39 root - INFO - [Attacker] Label flip: 0 samples class 1 \u2192 class 0
[2026-06-20 08:09:42,693] 39 root - INFO - [Attacker] Label flip: 0 samples class 1 \u2192 class 0
[2026-06-20 08:09:42,703] 39 root - INFO - [Attacker] Label flip: 0 samples class 1 \u2192 class 0
[2026-06-20 08:09:42,712] 39 root - INFO - [Attacker] Label flip: 0 samples class 1 \u2192 class 0
[2026-06-20 08:09:42,721] 39 root - INFO - [Attacker] Label flip: 0 samples class 1 \u2192 class 0
[2026-06-20 08:09:42,729] 39 root - INFO - [Attacker] Label flip: 0 samples class 1 \u2192 class 0
[2026-06-20 08:09:42,738] 39 root - INFO - [Attacker] Label flip: 0 samples class 1 \u2192 class 0
[2026-06-20 08:09:42,745] 39 root - INFO - [Attacker] Label flip: 0 samples class 1 \u2192 class 0
[2026-06-20 08:09:42,753] 39 root - INFO - [Attacker] Label flip: 0 samples class 1 \u2192 class 0
[2026-06-20 08:09:42,763] 39 root - INFO - [Attacker] Label flip: 0 samples class 1 \u2192 class 0
[2026-06-20 08:09:42,771] 39 root - INFO - [Attacker] Label flip: 0 samples class 1 \u2192 class 0
[2026-06-20 08:09:42,779] 39 root - INFO - [Attacker] Label flip: 0 samples class 1 \u2192 class 0
[2026-06-20 08:09:42,789] 39 root - INFO - [Attacker] Label flip: 0 samples class 1 \u2192 class 0
[2026-06-20 08:09:42,796] 39 root - INFO - [Attacker] Label flip: 0 samples class 1 \u2192 class 0
[2026-06-20 08:09:42,804] 39 root - INFO - [Attacker] Label flip: 0 samples class 1 \u2192 class 0
[2026-06-20 08:09:42,813] 39 root - INFO - [Attacker] Label flip: 0 samples class 1 \u2192 class 0
[2026-06-20 08:09:42,821] 39 root - INFO - [Attacker] Label flip: 0 samples class 1 \u2192 class 0
[2026-06-20 08:09:42,829] 39 root - INFO - [Attacker] Label flip: 0 samples class 1 \u2192 class 0
[2026-06-20 08:09:42,839] 39 root - INFO - [Attacker] Label flip: 0 samples class 1 \u2192 class 0
[2026-06-20 08:09:42,847] 39 root - INFO - [Attacker] Label flip: 0 samples class 1 \u2192 class 0
[2026-06-20 08:09:42,854] 39 root - INFO - [Attacker] Label flip: 0 samples class 1 \u2192 class 0
[2026-06-20 08:09:42,863] 39 root - INFO - [Attacker] Label flip: 0 samples class 1 \u2192 class 0
[2026-06-20 08:09:42,871] 39 root - INFO - [Attacker] Label flip: 0 samples class 1 \u2192 class 0
[2026-06-20 08:09:42,882] 39 root - INFO - [Attacker] Label flip: 0 samples class 1 \u2192 class 0
[2026-06-20 08:09:42,892] 39 root - INFO - [Attacker] Label flip: 0 samples class 1 \u2192 class 0
[2026-06-20 08:09:42,902] 39 root - INFO - [Attacker] Label flip: 0 samples class 1 \u2192 class 0
[2026-06-20 08:09:42,910] 39 root - INFO - [Attacker] Label flip: 0 samples class 1 \u2192 class 0
[2026-06-20 08:09:42,919] 39 root - INFO - [Attacker] Label flip: 0 samples class 1 \u2192 class 0
[2026-06-20 08:09:42,921] 268 flwr - WARNING - DEPRECATED FEATURE: `client_fn` now expects a signature `def client_fn(context: Context)`.The provided `client_fn` has signature: {'cid': <Parameter "cid: str">}. You can import the `Context` like this: `from flwr.common import Context`

            This is a deprecated feature. It will be removed
            entirely in future versions of Flower.
        
[2026-06-20 08:09:42,929] 39 root - INFO - [Attacker] Label flip: 0 samples class 1 \u2192 class 0
[2026-06-20 08:09:42,938] 39 root - INFO - [Attacker] Label flip: 0 samples class 1 \u2192 class 0
[2026-06-20 08:09:42,947] 39 root - INFO - [Attacker] Label flip: 0 samples class 1 \u2192 class 0
[2026-06-20 08:09:42,955] 39 root - INFO - [Attacker] Label flip: 0 samples class 1 \u2192 class 0
[2026-06-20 08:09:42,963] 39 root - INFO - [Attacker] Label flip: 0 samples class 1 \u2192 class 0
[2026-06-20 08:09:42,972] 39 root - INFO - [Attacker] Label flip: 0 samples class 1 \u2192 class 0
[2026-06-20 08:09:42,980] 39 root - INFO - [Attacker] Label flip: 0 samples class 1 \u2192 class 0
[2026-06-20 08:09:42,989] 39 root - INFO - [Attacker] Label flip: 0 samples class 1 \u2192 class 0
[2026-06-20 08:09:43,002] 39 root - INFO - [Attacker] Label flip: 0 samples class 1 \u2192 class 0
[2026-06-20 08:09:43,010] 39 root - INFO - [Attacker] Label flip: 0 samples class 1 \u2192 class 0
[2026-06-20 08:09:43,019] 39 root - INFO - [Attacker] Label flip: 0 samples class 1 \u2192 class 0
[2026-06-20 08:09:43,027] 39 root - INFO - [Attacker] Label flip: 0 samples class 1 \u2192 class 0
[2026-06-20 08:09:43,036] 39 root - INFO - [Attacker] Label flip: 0 samples class 1 \u2192 class 0
[2026-06-20 08:09:43,046] 39 root - INFO - [Attacker] Label flip: 0 samples class 1 \u2192 class 0
[2026-06-20 08:09:43,053] 39 root - INFO - [Attacker] Label flip: 0 samples class 1 \u2192 class 0
[2026-06-20 08:09:43,062] 39 root - INFO - [Attacker] Label flip: 0 samples class 1 \u2192 class 0
[2026-06-20 08:09:43,070] 39 root - INFO - [Attacker] Label flip: 0 samples class 1 \u2192 class 0
[2026-06-20 08:09:43,078] 39 root - INFO - [Attacker] Label flip: 0 samples class 1 \u2192 class 0
[2026-06-20 08:09:43,087] 39 root - INFO - [Attacker] Label flip: 0 samples class 1 \u2192 class 0
[2026-06-20 08:09:43,095] 39 root - INFO - [Attacker] Label flip: 0 samples class 1 \u2192 class 0
[2026-06-20 08:09:43,103] 39 root - INFO - [Attacker] Label flip: 0 samples class 1 \u2192 class 0
[2026-06-20 08:09:43,113] 39 root - INFO - [Attacker] Label flip: 0 samples class 1 \u2192 class 0
[2026-06-20 08:09:43,121] 39 root - INFO - [Attacker] Label flip: 0 samples class 1 \u2192 class 0
[2026-06-20 08:09:43,130] 39 root - INFO - [Attacker] Label flip: 0 samples class 1 \u2192 class 0
[2026-06-20 08:09:43,138] 39 root - INFO - [Attacker] Label flip: 0 samples class 1 \u2192 class 0
[2026-06-20 08:09:43,148] 39 root - INFO - [Attacker] Label flip: 0 samples class 1 \u2192 class 0
[2026-06-20 08:09:43,156] 39 root - INFO - [Attacker] Label flip: 0 samples class 1 \u2192 class 0
[2026-06-20 08:09:43,163] 39 root - INFO - [Attacker] Label flip: 0 samples class 1 \u2192 class 0
[2026-06-20 08:09:43,172] 39 root - INFO - [Attacker] Label flip: 0 samples class 1 \u2192 class 0
[2026-06-20 08:09:43,181] 39 root - INFO - [Attacker] Label flip: 0 samples class 1 \u2192 class 0
[2026-06-20 08:09:43,190] 39 root - INFO - [Attacker] Label flip: 0 samples class 1 \u2192 class 0
[2026-06-20 08:09:43,198] 39 root - INFO - [Attacker] Label flip: 0 samples class 1 \u2192 class 0
[2026-06-20 08:09:43,207] 39 root - INFO - [Attacker] Label flip: 0 samples class 1 \u2192 class 0
[2026-06-20 08:09:43,214] 39 root - INFO - [Attacker] Label flip: 0 samples class 1 \u2192 class 0
[2026-06-20 08:09:43,225] 39 root - INFO - [Attacker] Label flip: 0 samples class 1 \u2192 class 0
[2026-06-20 08:09:43,233] 39 root - INFO - [Attacker] Label flip: 0 samples class 1 \u2192 class 0
[2026-06-20 08:09:43,241] 39 root - INFO - [Attacker] Label flip: 0 samples class 1 \u2192 class 0
[2026-06-20 08:09:43,250] 39 root - INFO - [Attacker] Label flip: 0 samples class 1 \u2192 class 0
[2026-06-20 08:09:43,258] 39 root - INFO - [Attacker] Label flip: 0 samples class 1 \u2192 class 0
[2026-06-20 08:09:43,267] 39 root - INFO - [Attacker] Label flip: 0 samples class 1 \u2192 class 0
[2026-06-20 08:09:43,276] 39 root - INFO - [Attacker] Label flip: 0 samples class 1 \u2192 class 0
[2026-06-20 08:09:43,284] 39 root - INFO - [Attacker] Label flip: 0 samples class 1 \u2192 class 0
[2026-06-20 08:09:43,293] 39 root - INFO - [Attacker] Label flip: 0 samples class 1 \u2192 class 0
[2026-06-20 08:09:43,300] 39 root - INFO - [Attacker] Label flip: 0 samples class 1 \u2192 class 0
[2026-06-20 08:09:43,309] 39 root - INFO - [Attacker] Label flip: 0 samples class 1 \u2192 class 0
[2026-06-20 08:09:43,318] 39 root - INFO - [Attacker] Label flip: 0 samples class 1 \u2192 class 0
[2026-06-20 08:09:43,326] 39 root - INFO - [Attacker] Label flip: 0 samples class 1 \u2192 class 0
[2026-06-20 08:09:43,335] 39 root - INFO - [Attacker] Label flip: 0 samples class 1 \u2192 class 0
[2026-06-20 08:09:43,343] 39 root - INFO - [Attacker] Label flip: 0 samples class 1 \u2192 class 0
[2026-06-20 08:09:43,352] 39 root - INFO - [Attacker] Label flip: 0 samples class 1 \u2192 class 0
[2026-06-20 08:09:43,359] 39 root - INFO - [Attacker] Label flip: 0 samples class 1 \u2192 class 0
[2026-06-20 08:09:43,368] 39 root - INFO - [Attacker] Label flip: 0 samples class 1 \u2192 class 0
[2026-06-20 08:09:43,376] 39 root - INFO - [Attacker] Label flip: 0 samples class 1 \u2192 class 0
[2026-06-20 08:09:43,384] 39 root - INFO - [Attacker] Label flip: 0 samples class 1 \u2192 class 0
[2026-06-20 08:09:43,393] 39 root - INFO - [Attacker] Label flip: 0 samples class 1 \u2192 class 0
[2026-06-20 08:09:43,400] 39 root - INFO - [Attacker] Label flip: 0 samples class 1 \u2192 class 0
[2026-06-20 08:09:43,409] 39 root - INFO - [Attacker] Label flip: 0 samples class 1 \u2192 class 0
[2026-06-20 08:09:43,419] 39 root - INFO - [Attacker] Label flip: 0 samples class 1 \u2192 class 0
[2026-06-20 08:09:43,427] 39 root - INFO - [Attacker] Label flip: 0 samples class 1 \u2192 class 0
[2026-06-20 08:09:43,435] 39 root - INFO - [Attacker] Label flip: 0 samples class 1 \u2192 class 0
[2026-06-20 08:09:43,444] 39 root - INFO - [Attacker] Label flip: 0 samples class 1 \u2192 class 0
[2026-06-20 08:09:43,452] 39 root - INFO - [Attacker] Label flip: 0 samples class 1 \u2192 class 0
[2026-06-20 08:09:43,461] 39 root - INFO - [Attacker] Label flip: 0 samples class 1 \u2192 class 0
[2026-06-20 08:09:43,470] 39 root - INFO - [Attacker] Label flip: 0 samples class 1 \u2192 class 0
[2026-06-20 08:09:43,479] 39 root - INFO - [Attacker] Label flip: 0 samples class 1 \u2192 class 0
[2026-06-20 08:09:43,488] 39 root - INFO - [Attacker] Label flip: 0 samples class 1 \u2192 class 0
[2026-06-20 08:09:43,496] 39 root - INFO - [Attacker] Label flip: 0 samples class 1 \u2192 class 0
[2026-06-20 08:09:43,504] 39 root - INFO - [Attacker] Label flip: 0 samples class 1 \u2192 class 0
[2026-06-20 08:09:43,512] 39 root - INFO - [Attacker] Label flip: 0 samples class 1 \u2192 class 0
[2026-06-20 08:09:43,522] 39 root - INFO - [Attacker] Label flip: 0 samples class 1 \u2192 class 0
[2026-06-20 08:09:43,529] 39 root - INFO - [Attacker] Label flip: 0 samples class 1 \u2192 class 0
[2026-06-20 08:09:43,539] 39 root - INFO - [Attacker] Label flip: 0 samples class 1 \u2192 class 0
[2026-06-20 08:09:43,547] 39 root - INFO - [Attacker] Label flip: 0 samples class 1 \u2192 class 0
[2026-06-20 08:09:43,556] 39 root - INFO - [Attacker] Label flip: 0 samples class 1 \u2192 class 0
[2026-06-20 08:09:43,564] 39 root - INFO - [Attacker] Label flip: 0 samples class 1 \u2192 class 0
[2026-06-20 08:09:43,573] 39 root - INFO - [Attacker] Label flip: 0 samples class 1 \u2192 class 0
[2026-06-20 08:09:43,581] 39 root - INFO - [Attacker] Label flip: 0 samples class 1 \u2192 class 0
[2026-06-20 08:09:43,590] 39 root - INFO - [Attacker] Label flip: 0 samples class 1 \u2192 class 0
[2026-06-20 08:09:43,598] 39 root - INFO - [Attacker] Label flip: 0 samples class 1 \u2192 class 0
[2026-06-20 08:09:43,607] 39 root - INFO - [Attacker] Label flip: 0 samples class 1 \u2192 class 0
[2026-06-20 08:09:43,615] 39 root - INFO - [Attacker] Label flip: 0 samples class 1 \u2192 class 0
[2026-06-20 08:09:43,624] 39 root - INFO - [Attacker] Label flip: 0 samples class 1 \u2192 class 0
[2026-06-20 08:09:43,633] 39 root - INFO - [Attacker] Label flip: 0 samples class 1 \u2192 class 0
[2026-06-20 08:09:43,641] 39 root - INFO - [Attacker] Label flip: 0 samples class 1 \u2192 class 0
[2026-06-20 08:09:43,650] 39 root - INFO - [Attacker] Label flip: 0 samples class 1 \u2192 class 0
[2026-06-20 08:09:43,658] 39 root - INFO - [Attacker] Label flip: 0 samples class 1 \u2192 class 0
[2026-06-20 08:09:43,666] 39 root - INFO - [Attacker] Label flip: 0 samples class 1 \u2192 class 0
[2026-06-20 08:09:43,675] 39 root - INFO - [Attacker] Label flip: 0 samples class 1 \u2192 class 0
[2026-06-20 08:09:43,683] 39 root - INFO - [Attacker] Label flip: 0 samples class 1 \u2192 class 0
[2026-06-20 08:09:43,692] 39 root - INFO - [Attacker] Label flip: 0 samples class 1 \u2192 class 0
[2026-06-20 08:09:43,699] 39 root - INFO - [Attacker] Label flip: 0 samples class 1 \u2192 class 0
[2026-06-20 08:09:43,708] 39 root - INFO - [Attacker] Label flip: 0 samples class 1 \u2192 class 0
[2026-06-20 08:09:43,716] 39 root - INFO - [Attacker] Label flip: 0 samples class 1 \u2192 class 0
[2026-06-20 08:09:43,725] 39 root - INFO - [Attacker] Label flip: 0 samples class 1 \u2192 class 0
[2026-06-20 08:09:43,733] 39 root - INFO - [Attacker] Label flip: 0 samples class 1 \u2192 class 0
[2026-06-20 08:09:43,743] 39 root - INFO - [Attacker] Label flip: 0 samples class 1 \u2192 class 0
[2026-06-20 08:09:43,751] 39 root - INFO - [Attacker] Label flip: 0 samples class 1 \u2192 class 0
[2026-06-20 08:09:43,759] 39 root - INFO - [Attacker] Label flip: 0 samples class 1 \u2192 class 0
[2026-06-20 08:09:43,767] 39 root - INFO - [Attacker] Label flip: 0 samples class 1 \u2192 class 0
[2026-06-20 08:09:43,776] 39 root - INFO - [Attacker] Label flip: 0 samples class 1 \u2192 class 0
[2026-06-20 08:09:43,784] 39 root - INFO - [Attacker] Label flip: 0 samples class 1 \u2192 class 0
[2026-06-20 08:09:43,792] 39 root - INFO - [Attacker] Label flip: 0 samples class 1 \u2192 class 0
[2026-06-20 08:09:43,802] 39 root - INFO - [Attacker] Label flip: 0 samples class 1 \u2192 class 0
[2026-06-20 08:09:43,810] 39 root - INFO - [Attacker] Label flip: 0 samples class 1 \u2192 class 0
[2026-06-20 08:09:43,820] 39 root - INFO - [Attacker] Label flip: 0 samples class 1 \u2192 class 0
[2026-06-20 08:09:43,830] 39 root - INFO - [Attacker] Label flip: 0 samples class 1 \u2192 class 0
[2026-06-20 08:09:43,838] 39 root - INFO - [Attacker] Label flip: 0 samples class 1 \u2192 class 0
[2026-06-20 08:09:43,847] 39 root - INFO - [Attacker] Label flip: 0 samples class 1 \u2192 class 0
[2026-06-20 08:09:43,856] 39 root - INFO - [Attacker] Label flip: 0 samples class 1 \u2192 class 0
[2026-06-20 08:09:43,864] 39 root - INFO - [Attacker] Label flip: 0 samples class 1 \u2192 class 0
[2026-06-20 08:09:43,873] 39 root - INFO - [Attacker] Label flip: 0 samples class 1 \u2192 class 0
[2026-06-20 08:09:43,882] 39 root - INFO - [Attacker] Label flip: 0 samples class 1 \u2192 class 0
[2026-06-20 08:09:43,892] 39 root - INFO - [Attacker] Label flip: 0 samples class 1 \u2192 class 0
[2026-06-20 08:09:43,900] 39 root - INFO - [Attacker] Label flip: 0 samples class 1 \u2192 class 0
[2026-06-20 08:09:43,909] 39 root - INFO - [Attacker] Label flip: 0 samples class 1 \u2192 class 0
[2026-06-20 08:09:43,917] 39 root - INFO - [Attacker] Label flip: 0 samples class 1 \u2192 class 0
[2026-06-20 08:09:43,926] 39 root - INFO - [Attacker] Label flip: 0 samples class 1 \u2192 class 0
[2026-06-20 08:09:43,939] 39 root - INFO - [Attacker] Label flip: 0 samples class 1 \u2192 class 0
[2026-06-20 08:09:43,949] 39 root - INFO - [Attacker] Label flip: 0 samples class 1 \u2192 class 0
[2026-06-20 08:09:43,959] 39 root - INFO - [Attacker] Label flip: 0 samples class 1 \u2192 class 0
[2026-06-20 08:09:43,966] 39 root - INFO - [Attacker] Label flip: 0 samples class 1 \u2192 class 0
[2026-06-20 08:09:43,976] 39 root - INFO - [Attacker] Label flip: 0 samples class 1 \u2192 class 0
[2026-06-20 08:09:43,984] 39 root - INFO - [Attacker] Label flip: 0 samples class 1 \u2192 class 0
[2026-06-20 08:09:43,992] 39 root - INFO - [Attacker] Label flip: 0 samples class 1 \u2192 class 0
[2026-06-20 08:09:44,001] 39 root - INFO - [Attacker] Label flip: 0 samples class 1 \u2192 class 0
[2026-06-20 08:09:44,009] 39 root - INFO - [Attacker] Label flip: 0 samples class 1 \u2192 class 0
[2026-06-20 08:09:44,018] 39 root - INFO - [Attacker] Label flip: 0 samples class 1 \u2192 class 0
[2026-06-20 08:09:44,027] 39 root - INFO - [Attacker] Label flip: 0 samples class 1 \u2192 class 0
[2026-06-20 08:09:44,035] 39 root - INFO - [Attacker] Label flip: 0 samples class 1 \u2192 class 0
[2026-06-20 08:09:44,045] 39 root - INFO - [Attacker] Label flip: 0 samples class 1 \u2192 class 0
[2026-06-20 08:09:44,054] 39 root - INFO - [Attacker] Label flip: 0 samples class 1 \u2192 class 0
[2026-06-20 08:09:44,063] 39 root - INFO - [Attacker] Label flip: 0 samples class 1 \u2192 class 0
[2026-06-20 08:09:44,072] 39 root - INFO - [Attacker] Label flip: 0 samples class 1 \u2192 class 0
[2026-06-20 08:09:44,082] 39 root - INFO - [Attacker] Label flip: 0 samples class 1 \u2192 class 0
[2026-06-20 08:09:44,091] 39 root - INFO - [Attacker] Label flip: 0 samples class 1 \u2192 class 0
[2026-06-20 08:09:44,099] 39 root - INFO - [Attacker] Label flip: 0 samples class 1 \u2192 class 0
[2026-06-20 08:09:44,107] 39 root - INFO - [Attacker] Label flip: 0 samples class 1 \u2192 class 0
[2026-06-20 08:09:44,118] 39 root - INFO - [Attacker] Label flip: 0 samples class 1 \u2192 class 0
[2026-06-20 08:09:44,126] 39 root - INFO - [Attacker] Label flip: 0 samples class 1 \u2192 class 0
[2026-06-20 08:09:44,134] 39 root - INFO - [Attacker] Label flip: 0 samples class 1 \u2192 class 0
[2026-06-20 08:09:44,144] 39 root - INFO - [Attacker] Label flip: 0 samples class 1 \u2192 class 0
[2026-06-20 08:09:44,152] 39 root - INFO - [Attacker] Label flip: 0 samples class 1 \u2192 class 0
[2026-06-20 08:09:44,162] 39 root - INFO - [Attacker] Label flip: 0 samples class 1 \u2192 class 0
[2026-06-20 08:09:44,170] 39 root - INFO - [Attacker] Label flip: 0 samples class 1 \u2192 class 0
[2026-06-20 08:09:44,179] 39 root - INFO - [Attacker] Label flip: 0 samples class 1 \u2192 class 0
[2026-06-20 08:09:44,188] 39 root - INFO - [Attacker] Label flip: 0 samples class 1 \u2192 class 0
[2026-06-20 08:09:44,197] 39 root - INFO - [Attacker] Label flip: 0 samples class 1 \u2192 class 0
[2026-06-20 08:09:44,207] 39 root - INFO - [Attacker] Label flip: 0 samples class 1 \u2192 class 0
[2026-06-20 08:09:44,215] 39 root - INFO - [Attacker] Label flip: 0 samples class 1 \u2192 class 0
[2026-06-20 08:09:44,224] 39 root - INFO - [Attacker] Label flip: 0 samples class 1 \u2192 class 0
[2026-06-20 08:09:44,232] 39 root - INFO - [Attacker] Label flip: 0 samples class 1 \u2192 class 0
[2026-06-20 08:09:44,241] 39 root - INFO - [Attacker] Label flip: 0 samples class 1 \u2192 class 0
[2026-06-20 08:09:44,251] 39 root - INFO - [Attacker] Label flip: 0 samples class 1 \u2192 class 0
[2026-06-20 08:09:44,258] 39 root - INFO - [Attacker] Label flip: 0 samples class 1 \u2192 class 0
[2026-06-20 08:09:44,268] 39 root - INFO - [Attacker] Label flip: 0 samples class 1 \u2192 class 0
[2026-06-20 08:09:44,276] 39 root - INFO - [Attacker] Label flip: 0 samples class 1 \u2192 class 0
[2026-06-20 08:09:44,285] 39 root - INFO - [Attacker] Label flip: 0 samples class 1 \u2192 class 0
[2026-06-20 08:09:44,294] 39 root - INFO - [Attacker] Label flip: 0 samples class 1 \u2192 class 0
[2026-06-20 08:09:44,302] 39 root - INFO - [Attacker] Label flip: 0 samples class 1 \u2192 class 0
[2026-06-20 08:09:44,311] 39 root - INFO - [Attacker] Label flip: 0 samples class 1 \u2192 class 0
[2026-06-20 08:09:44,321] 39 root - INFO - [Attacker] Label flip: 0 samples class 1 \u2192 class 0
[2026-06-20 08:09:44,329] 39 root - INFO - [Attacker] Label flip: 0 samples class 1 \u2192 class 0
[2026-06-20 08:09:44,338] 39 root - INFO - [Attacker] Label flip: 0 samples class 1 \u2192 class 0
[2026-06-20 08:09:44,347] 39 root - INFO - [Attacker] Label flip: 0 samples class 1 \u2192 class 0
[2026-06-20 08:09:44,356] 39 root - INFO - [Attacker] Label flip: 0 samples class 1 \u2192 class 0
[2026-06-20 08:09:44,364] 39 root - INFO - [Attacker] Label flip: 0 samples class 1 \u2192 class 0
[2026-06-20 08:09:44,372] 39 root - INFO - [Attacker] Label flip: 0 samples class 1 \u2192 class 0
[2026-06-20 08:09:44,382] 39 root - INFO - [Attacker] Label flip: 0 samples class 1 \u2192 class 0
[2026-06-20 08:09:44,390] 39 root - INFO - [Attacker] Label flip: 0 samples class 1 \u2192 class 0
[2026-06-20 08:09:44,398] 39 root - INFO - [Attacker] Label flip: 0 samples class 1 \u2192 class 0
[2026-06-20 08:09:44,407] 39 root - INFO - [Attacker] Label flip: 0 samples class 1 \u2192 class 0
[2026-06-20 08:09:44,414] 39 root - INFO - [Attacker] Label flip: 0 samples class 1 \u2192 class 0
[2026-06-20 08:09:44,423] 39 root - INFO - [Attacker] Label flip: 0 samples class 1 \u2192 class 0
[2026-06-20 08:09:44,430] 39 root - INFO - [Attacker] Label flip: 0 samples class 1 \u2192 class 0
[2026-06-20 08:09:44,439] 39 root - INFO - [Attacker] Label flip: 0 samples class 1 \u2192 class 0
[2026-06-20 08:09:44,447] 39 root - INFO - [Attacker] Label flip: 0 samples class 1 \u2192 class 0
[2026-06-20 08:09:44,458] 39 root - INFO - [Attacker] Label flip: 0 samples class 1 \u2192 class 0
[2026-06-20 08:09:44,467] 39 root - INFO - [Attacker] Label flip: 0 samples class 1 \u2192 class 0
[2026-06-20 08:09:44,475] 39 root - INFO - [Attacker] Label flip: 0 samples class 1 \u2192 class 0
[2026-06-20 08:09:44,484] 39 root - INFO - [Attacker] Label flip: 0 samples class 1 \u2192 class 0
[2026-06-20 08:09:44,493] 39 root - INFO - [Attacker] Label flip: 0 samples class 1 \u2192 class 0
[2026-06-20 08:09:44,517] 268 flwr - WARNING - DEPRECATED FEATURE: `client_fn` now expects a signature `def client_fn(context: Context)`.The provided `client_fn` has signature: {'cid': <Parameter "cid: str">}. You can import the `Context` like this: `from flwr.common import Context`

            This is a deprecated feature. It will be removed
            entirely in future versions of Flower.
        
[2026-06-20 08:09:46,052] 268 flwr - WARNING - DEPRECATED FEATURE: `client_fn` now expects a signature `def client_fn(context: Context)`.The provided `client_fn` has signature: {'cid': <Parameter "cid: str">}. You can import the `Context` like this: `from flwr.common import Context`

            This is a deprecated feature. It will be removed
            entirely in future versions of Flower.
        
[2026-06-20 08:10:09,374] 268 flwr - WARNING - DEPRECATED FEATURE: `client_fn` now expects a signature `def client_fn(context: Context)`.The provided `client_fn` has signature: {'cid': <Parameter "cid: str">}. You can import the `Context` like this: `from flwr.common import Context`

            This is a deprecated feature. It will be removed
            entirely in future versions of Flower.
        
[2026-06-20 08:10:09,378] 268 flwr - WARNING - DEPRECATED FEATURE: `client_fn` now expects a signature `def client_fn(context: Context)`.The provided `client_fn` has signature: {'cid': <Parameter "cid: str">}. You can import the `Context` like this: `from flwr.common import Context`

            This is a deprecated feature. It will be removed
            entirely in future versions of Flower.
        
[2026-06-20 08:10:09,381] 268 flwr - WARNING - DEPRECATED FEATURE: `client_fn` now expects a signature `def client_fn(context: Context)`.The provided `client_fn` has signature: {'cid': <Parameter "cid: str">}. You can import the `Context` like this: `from flwr.common import Context`

            This is a deprecated feature. It will be removed
            entirely in future versions of Flower.
        
[2026-06-20 08:10:09,382] 268 flwr - WARNING - DEPRECATED FEATURE: `client_fn` now expects a signature `def client_fn(context: Context)`.The provided `client_fn` has signature: {'cid': <Parameter "cid: str">}. You can import the `Context` like this: `from flwr.common import Context`

            This is a deprecated feature. It will be removed
            entirely in future versions of Flower.
        
[2026-06-20 08:10:09,384] 268 flwr - WARNING - DEPRECATED FEATURE: `client_fn` now expects a signature `def client_fn(context: Context)`.The provided `client_fn` has signature: {'cid': <Parameter "cid: str">}. You can import the `Context` like this: `from flwr.common import Context`

            This is a deprecated feature. It will be removed
            entirely in future versions of Flower.
        
[2026-06-20 08:10:09,401] 268 flwr - WARNING - DEPRECATED FEATURE: `client_fn` now expects a signature `def client_fn(context: Context)`.The provided `client_fn` has signature: {'cid': <Parameter "cid: str">}. You can import the `Context` like this: `from flwr.common import Context`

            This is a deprecated feature. It will be removed
            entirely in future versions of Flower.
        
[2026-06-20 08:10:09,411] 268 flwr - WARNING - DEPRECATED FEATURE: `client_fn` now expects a signature `def client_fn(context: Context)`.The provided `client_fn` has signature: {'cid': <Parameter "cid: str">}. You can import the `Context` like this: `from flwr.common import Context`

            This is a deprecated feature. It will be removed
            entirely in future versions of Flower.
        
[2026-06-20 08:10:09,440] 268 flwr - WARNING - DEPRECATED FEATURE: `client_fn` now expects a signature `def client_fn(context: Context)`.The provided `client_fn` has signature: {'cid': <Parameter "cid: str">}. You can import the `Context` like this: `from flwr.common import Context`

            This is a deprecated feature. It will be removed
            entirely in future versions of Flower.
        
[2026-06-20 08:10:09,449] 268 flwr - WARNING - DEPRECATED FEATURE: `client_fn` now expects a signature `def client_fn(context: Context)`.The provided `client_fn` has signature: {'cid': <Parameter "cid: str">}. You can import the `Context` like this: `from flwr.common import Context`

            This is a deprecated feature. It will be removed
            entirely in future versions of Flower.
        
[2026-06-20 08:10:09,483] 268 flwr - WARNING - DEPRECATED FEATURE: `client_fn` now expects a signature `def client_fn(context: Context)`.The provided `client_fn` has signature: {'cid': <Parameter "cid: str">}. You can import the `Context` like this: `from flwr.common import Context`

            This is a deprecated feature. It will be removed
            entirely in future versions of Flower.
        
[2026-06-20 08:10:09,498] 268 flwr - WARNING - DEPRECATED FEATURE: `client_fn` now expects a signature `def client_fn(context: Context)`.The provided `client_fn` has signature: {'cid': <Parameter "cid: str">}. You can import the `Context` like this: `from flwr.common import Context`

            This is a deprecated feature. It will be removed
            entirely in future versions of Flower.
        
[2026-06-20 08:10:09,504] 268 flwr - WARNING - DEPRECATED FEATURE: `client_fn` now expects a signature `def client_fn(context: Context)`.The provided `client_fn` has signature: {'cid': <Parameter "cid: str">}. You can import the `Context` like this: `from flwr.common import Context`

            This is a deprecated feature. It will be removed
            entirely in future versions of Flower.
        
[2026-06-20 08:10:09,539] 268 flwr - WARNING - DEPRECATED FEATURE: `client_fn` now expects a signature `def client_fn(context: Context)`.The provided `client_fn` has signature: {'cid': <Parameter "cid: str">}. You can import the `Context` like this: `from flwr.common import Context`

            This is a deprecated feature. It will be removed
            entirely in future versions of Flower.
        
[2026-06-20 08:10:09,542] 268 flwr - WARNING - DEPRECATED FEATURE: `client_fn` now expects a signature `def client_fn(context: Context)`.The provided `client_fn` has signature: {'cid': <Parameter "cid: str">}. You can import the `Context` like this: `from flwr.common import Context`

            This is a deprecated feature. It will be removed
            entirely in future versions of Flower.
        
[2026-06-20 08:10:09,573] 268 flwr - WARNING - DEPRECATED FEATURE: `client_fn` now expects a signature `def client_fn(context: Context)`.The provided `client_fn` has signature: {'cid': <Parameter "cid: str">}. You can import the `Context` like this: `from flwr.common import Context`

            This is a deprecated feature. It will be removed
            entirely in future versions of Flower.
        
[2026-06-20 08:10:09,574] 268 flwr - WARNING - DEPRECATED FEATURE: `client_fn` now expects a signature `def client_fn(context: Context)`.The provided `client_fn` has signature: {'cid': <Parameter "cid: str">}. You can import the `Context` like this: `from flwr.common import Context`

            This is a deprecated feature. It will be removed
            entirely in future versions of Flower.
        
[2026-06-20 08:10:09,584] 268 flwr - WARNING - DEPRECATED FEATURE: `client_fn` now expects a signature `def client_fn(context: Context)`.The provided `client_fn` has signature: {'cid': <Parameter "cid: str">}. You can import the `Context` like this: `from flwr.common import Context`

            This is a deprecated feature. It will be removed
            entirely in future versions of Flower.
        
[2026-06-20 08:10:09,601] 268 flwr - WARNING - DEPRECATED FEATURE: `client_fn` now expects a signature `def client_fn(context: Context)`.The provided `client_fn` has signature: {'cid': <Parameter "cid: str">}. You can import the `Context` like this: `from flwr.common import Context`

            This is a deprecated feature. It will be removed
            entirely in future versions of Flower.
        
[2026-06-20 08:10:09,610] 268 flwr - WARNING - DEPRECATED FEATURE: `client_fn` now expects a signature `def client_fn(context: Context)`.The provided `client_fn` has signature: {'cid': <Parameter "cid: str">}. You can import the `Context` like this: `from flwr.common import Context`

            This is a deprecated feature. It will be removed
            entirely in future versions of Flower.
        
[2026-06-20 08:10:09,644] 268 flwr - WARNING - DEPRECATED FEATURE: `client_fn` now expects a signature `def client_fn(context: Context)`.The provided `client_fn` has signature: {'cid': <Parameter "cid: str">}. You can import the `Context` like this: `from flwr.common import Context`

            This is a deprecated feature. It will be removed
            entirely in future versions of Flower.
        
