[2026-07-19 13:45:45,806] 268 flwr - WARNING - DEPRECATED FEATURE: `client_fn` now expects a signature `def client_fn(context: Context)`.The provided `client_fn` has signature: {'cid': <Parameter "cid: str">}. You can import the `Context` like this: `from flwr.common import Context`

            This is a deprecated feature. It will be removed
            entirely in future versions of Flower.
        
[2026-07-19 13:45:48,952] 39 root - INFO - [Attacker] Label flip: 11 samples class 4 \u2192 class 0
[2026-07-19 13:45:48,962] 39 root - INFO - [Attacker] Label flip: 18 samples class 4 \u2192 class 0
[2026-07-19 13:45:48,974] 39 root - INFO - [Attacker] Label flip: 17 samples class 4 \u2192 class 0
[2026-07-19 13:45:48,984] 39 root - INFO - [Attacker] Label flip: 12 samples class 4 \u2192 class 0
[2026-07-19 13:45:48,992] 39 root - INFO - [Attacker] Label flip: 9 samples class 4 \u2192 class 0
[2026-07-19 13:45:49,000] 39 root - INFO - [Attacker] Label flip: 16 samples class 4 \u2192 class 0
[2026-07-19 13:45:49,008] 39 root - INFO - [Attacker] Label flip: 9 samples class 4 \u2192 class 0
[2026-07-19 13:45:49,016] 39 root - INFO - [Attacker] Label flip: 9 samples class 4 \u2192 class 0
[2026-07-19 13:45:49,022] 39 root - INFO - [Attacker] Label flip: 12 samples class 4 \u2192 class 0
[2026-07-19 13:45:49,030] 39 root - INFO - [Attacker] Label flip: 9 samples class 4 \u2192 class 0
[2026-07-19 13:45:49,043] 39 root - INFO - [Attacker] Label flip: 14 samples class 4 \u2192 class 0
[2026-07-19 13:45:49,051] 39 root - INFO - [Attacker] Label flip: 16 samples class 4 \u2192 class 0
[2026-07-19 13:45:49,059] 39 root - INFO - [Attacker] Label flip: 12 samples class 4 \u2192 class 0
[2026-07-19 13:45:49,067] 39 root - INFO - [Attacker] Label flip: 19 samples class 4 \u2192 class 0
[2026-07-19 13:45:49,074] 39 root - INFO - [Attacker] Label flip: 13 samples class 4 \u2192 class 0
[2026-07-19 13:45:49,082] 39 root - INFO - [Attacker] Label flip: 15 samples class 4 \u2192 class 0
[2026-07-19 13:45:49,090] 39 root - INFO - [Attacker] Label flip: 15 samples class 4 \u2192 class 0
[2026-07-19 13:45:49,096] 39 root - INFO - [Attacker] Label flip: 15 samples class 4 \u2192 class 0
[2026-07-19 13:45:49,106] 39 root - INFO - [Attacker] Label flip: 15 samples class 4 \u2192 class 0
[2026-07-19 13:45:49,114] 39 root - INFO - [Attacker] Label flip: 17 samples class 4 \u2192 class 0
[2026-07-19 13:45:49,122] 39 root - INFO - [Attacker] Label flip: 10 samples class 4 \u2192 class 0
[2026-07-19 13:45:49,128] 39 root - INFO - [Attacker] Label flip: 11 samples class 4 \u2192 class 0
[2026-07-19 13:45:49,136] 39 root - INFO - [Attacker] Label flip: 12 samples class 4 \u2192 class 0
[2026-07-19 13:45:49,144] 39 root - INFO - [Attacker] Label flip: 14 samples class 4 \u2192 class 0
[2026-07-19 13:45:49,151] 39 root - INFO - [Attacker] Label flip: 16 samples class 4 \u2192 class 0
[2026-07-19 13:45:49,159] 39 root - INFO - [Attacker] Label flip: 19 samples class 4 \u2192 class 0
[2026-07-19 13:45:49,167] 39 root - INFO - [Attacker] Label flip: 16 samples class 4 \u2192 class 0
[2026-07-19 13:45:49,189] 39 root - INFO - [Attacker] Label flip: 14 samples class 4 \u2192 class 0
[2026-07-19 13:45:49,197] 39 root - INFO - [Attacker] Label flip: 12 samples class 4 \u2192 class 0
[2026-07-19 13:45:49,205] 39 root - INFO - [Attacker] Label flip: 16 samples class 4 \u2192 class 0
[2026-07-19 13:45:49,213] 39 root - INFO - [Attacker] Label flip: 10 samples class 4 \u2192 class 0
[2026-07-19 13:45:49,221] 39 root - INFO - [Attacker] Label flip: 15 samples class 4 \u2192 class 0
[2026-07-19 13:45:49,229] 39 root - INFO - [Attacker] Label flip: 18 samples class 4 \u2192 class 0
[2026-07-19 13:45:49,236] 39 root - INFO - [Attacker] Label flip: 16 samples class 4 \u2192 class 0
[2026-07-19 13:45:49,244] 39 root - INFO - [Attacker] Label flip: 15 samples class 4 \u2192 class 0
[2026-07-19 13:45:49,254] 39 root - INFO - [Attacker] Label flip: 14 samples class 4 \u2192 class 0
[2026-07-19 13:45:49,262] 39 root - INFO - [Attacker] Label flip: 18 samples class 4 \u2192 class 0
[2026-07-19 13:45:49,270] 39 root - INFO - [Attacker] Label flip: 16 samples class 4 \u2192 class 0
[2026-07-19 13:45:49,278] 39 root - INFO - [Attacker] Label flip: 10 samples class 4 \u2192 class 0
[2026-07-19 13:45:49,286] 39 root - INFO - [Attacker] Label flip: 16 samples class 4 \u2192 class 0
[2026-07-19 13:45:49,294] 39 root - INFO - [Attacker] Label flip: 13 samples class 4 \u2192 class 0
[2026-07-19 13:45:49,302] 39 root - INFO - [Attacker] Label flip: 11 samples class 4 \u2192 class 0
[2026-07-19 13:45:49,309] 39 root - INFO - [Attacker] Label flip: 8 samples class 4 \u2192 class 0
[2026-07-19 13:45:49,317] 39 root - INFO - [Attacker] Label flip: 13 samples class 4 \u2192 class 0
[2026-07-19 13:45:49,327] 39 root - INFO - [Attacker] Label flip: 14 samples class 4 \u2192 class 0
[2026-07-19 13:45:49,335] 39 root - INFO - [Attacker] Label flip: 20 samples class 4 \u2192 class 0
[2026-07-19 13:45:49,343] 39 root - INFO - [Attacker] Label flip: 15 samples class 4 \u2192 class 0
[2026-07-19 13:45:49,351] 39 root - INFO - [Attacker] Label flip: 12 samples class 4 \u2192 class 0
[2026-07-19 13:45:49,374] 39 root - INFO - [Attacker] Label flip: 12 samples class 4 \u2192 class 0
[2026-07-19 13:45:49,394] 39 root - INFO - [Attacker] Label flip: 11 samples class 4 \u2192 class 0
[2026-07-19 13:45:49,401] 39 root - INFO - [Attacker] Label flip: 12 samples class 4 \u2192 class 0
[2026-07-19 13:45:49,410] 39 root - INFO - [Attacker] Label flip: 15 samples class 4 \u2192 class 0
[2026-07-19 13:45:49,420] 39 root - INFO - [Attacker] Label flip: 10 samples class 4 \u2192 class 0
[2026-07-19 13:45:49,426] 39 root - INFO - [Attacker] Label flip: 8 samples class 4 \u2192 class 0
[2026-07-19 13:45:49,436] 39 root - INFO - [Attacker] Label flip: 12 samples class 4 \u2192 class 0
[2026-07-19 13:45:49,442] 39 root - INFO - [Attacker] Label flip: 14 samples class 4 \u2192 class 0
[2026-07-19 13:45:49,452] 39 root - INFO - [Attacker] Label flip: 14 samples class 4 \u2192 class 0
[2026-07-19 13:45:49,460] 39 root - INFO - [Attacker] Label flip: 7 samples class 4 \u2192 class 0
[2026-07-19 13:45:49,468] 39 root - INFO - [Attacker] Label flip: 11 samples class 4 \u2192 class 0
[2026-07-19 13:45:49,476] 39 root - INFO - [Attacker] Label flip: 12 samples class 4 \u2192 class 0
[2026-07-19 13:45:49,487] 39 root - INFO - [Attacker] Label flip: 10 samples class 4 \u2192 class 0
[2026-07-19 13:45:49,495] 39 root - INFO - [Attacker] Label flip: 14 samples class 4 \u2192 class 0
[2026-07-19 13:45:49,501] 39 root - INFO - [Attacker] Label flip: 7 samples class 4 \u2192 class 0
[2026-07-19 13:45:49,509] 39 root - INFO - [Attacker] Label flip: 10 samples class 4 \u2192 class 0
[2026-07-19 13:45:49,517] 39 root - INFO - [Attacker] Label flip: 11 samples class 4 \u2192 class 0
[2026-07-19 13:45:49,529] 39 root - INFO - [Attacker] Label flip: 12 samples class 4 \u2192 class 0
[2026-07-19 13:45:49,535] 39 root - INFO - [Attacker] Label flip: 17 samples class 4 \u2192 class 0
[2026-07-19 13:45:49,543] 39 root - INFO - [Attacker] Label flip: 7 samples class 4 \u2192 class 0
[2026-07-19 13:45:49,550] 39 root - INFO - [Attacker] Label flip: 16 samples class 4 \u2192 class 0
[2026-07-19 13:45:49,561] 39 root - INFO - [Attacker] Label flip: 10 samples class 4 \u2192 class 0
[2026-07-19 13:45:49,569] 39 root - INFO - [Attacker] Label flip: 10 samples class 4 \u2192 class 0
[2026-07-19 13:45:49,577] 39 root - INFO - [Attacker] Label flip: 10 samples class 4 \u2192 class 0
[2026-07-19 13:45:49,585] 39 root - INFO - [Attacker] Label flip: 12 samples class 4 \u2192 class 0
[2026-07-19 13:45:49,593] 39 root - INFO - [Attacker] Label flip: 16 samples class 4 \u2192 class 0
[2026-07-19 13:45:49,601] 39 root - INFO - [Attacker] Label flip: 14 samples class 4 \u2192 class 0
[2026-07-19 13:45:49,608] 39 root - INFO - [Attacker] Label flip: 15 samples class 4 \u2192 class 0
[2026-07-19 13:45:49,616] 39 root - INFO - [Attacker] Label flip: 10 samples class 4 \u2192 class 0
[2026-07-19 13:45:49,629] 39 root - INFO - [Attacker] Label flip: 6 samples class 4 \u2192 class 0
[2026-07-19 13:45:49,635] 39 root - INFO - [Attacker] Label flip: 19 samples class 4 \u2192 class 0
[2026-07-19 13:45:49,644] 39 root - INFO - [Attacker] Label flip: 17 samples class 4 \u2192 class 0
[2026-07-19 13:45:49,650] 39 root - INFO - [Attacker] Label flip: 20 samples class 4 \u2192 class 0
[2026-07-19 13:45:49,660] 39 root - INFO - [Attacker] Label flip: 12 samples class 4 \u2192 class 0
[2026-07-19 13:45:49,666] 39 root - INFO - [Attacker] Label flip: 12 samples class 4 \u2192 class 0
[2026-07-19 13:45:49,674] 39 root - INFO - [Attacker] Label flip: 18 samples class 4 \u2192 class 0
[2026-07-19 13:45:49,682] 39 root - INFO - [Attacker] Label flip: 9 samples class 4 \u2192 class 0
[2026-07-19 13:45:49,690] 39 root - INFO - [Attacker] Label flip: 7 samples class 4 \u2192 class 0
[2026-07-19 13:45:49,700] 39 root - INFO - [Attacker] Label flip: 7 samples class 4 \u2192 class 0
[2026-07-19 13:45:49,707] 39 root - INFO - [Attacker] Label flip: 11 samples class 4 \u2192 class 0
[2026-07-19 13:45:49,713] 39 root - INFO - [Attacker] Label flip: 12 samples class 4 \u2192 class 0
[2026-07-19 13:45:49,721] 39 root - INFO - [Attacker] Label flip: 17 samples class 4 \u2192 class 0
[2026-07-19 13:45:49,730] 39 root - INFO - [Attacker] Label flip: 13 samples class 4 \u2192 class 0
[2026-07-19 13:45:49,737] 39 root - INFO - [Attacker] Label flip: 20 samples class 4 \u2192 class 0
[2026-07-19 13:45:49,745] 39 root - INFO - [Attacker] Label flip: 16 samples class 4 \u2192 class 0
[2026-07-19 13:45:49,753] 39 root - INFO - [Attacker] Label flip: 14 samples class 4 \u2192 class 0
[2026-07-19 13:45:49,763] 39 root - INFO - [Attacker] Label flip: 11 samples class 4 \u2192 class 0
[2026-07-19 13:45:49,775] 39 root - INFO - [Attacker] Label flip: 10 samples class 4 \u2192 class 0
[2026-07-19 13:45:49,783] 39 root - INFO - [Attacker] Label flip: 10 samples class 4 \u2192 class 0
[2026-07-19 13:45:49,789] 39 root - INFO - [Attacker] Label flip: 12 samples class 4 \u2192 class 0
[2026-07-19 13:45:49,797] 39 root - INFO - [Attacker] Label flip: 13 samples class 4 \u2192 class 0
[2026-07-19 13:45:49,807] 39 root - INFO - [Attacker] Label flip: 13 samples class 4 \u2192 class 0
[2026-07-19 13:45:49,813] 39 root - INFO - [Attacker] Label flip: 8 samples class 4 \u2192 class 0
[2026-07-19 13:45:49,820] 39 root - INFO - [Attacker] Label flip: 12 samples class 4 \u2192 class 0
[2026-07-19 13:45:49,828] 39 root - INFO - [Attacker] Label flip: 17 samples class 4 \u2192 class 0
[2026-07-19 13:45:49,865] 39 root - INFO - [Attacker] Label flip: 14 samples class 4 \u2192 class 0
[2026-07-19 13:45:49,873] 39 root - INFO - [Attacker] Label flip: 13 samples class 4 \u2192 class 0
[2026-07-19 13:45:49,881] 39 root - INFO - [Attacker] Label flip: 11 samples class 4 \u2192 class 0
[2026-07-19 13:45:49,889] 39 root - INFO - [Attacker] Label flip: 11 samples class 4 \u2192 class 0
[2026-07-19 13:45:49,899] 39 root - INFO - [Attacker] Label flip: 12 samples class 4 \u2192 class 0
[2026-07-19 13:45:49,905] 39 root - INFO - [Attacker] Label flip: 10 samples class 4 \u2192 class 0
[2026-07-19 13:45:49,913] 39 root - INFO - [Attacker] Label flip: 10 samples class 4 \u2192 class 0
[2026-07-19 13:45:49,921] 39 root - INFO - [Attacker] Label flip: 7 samples class 4 \u2192 class 0
[2026-07-19 13:45:49,937] 39 root - INFO - [Attacker] Label flip: 16 samples class 4 \u2192 class 0
[2026-07-19 13:45:49,944] 39 root - INFO - [Attacker] Label flip: 8 samples class 4 \u2192 class 0
[2026-07-19 13:45:49,952] 39 root - INFO - [Attacker] Label flip: 17 samples class 4 \u2192 class 0
[2026-07-19 13:45:49,958] 39 root - INFO - [Attacker] Label flip: 13 samples class 4 \u2192 class 0
[2026-07-19 13:45:49,968] 39 root - INFO - [Attacker] Label flip: 7 samples class 4 \u2192 class 0
[2026-07-19 13:45:49,976] 39 root - INFO - [Attacker] Label flip: 13 samples class 4 \u2192 class 0
[2026-07-19 13:45:49,984] 39 root - INFO - [Attacker] Label flip: 8 samples class 4 \u2192 class 0
[2026-07-19 13:45:49,992] 39 root - INFO - [Attacker] Label flip: 11 samples class 4 \u2192 class 0
[2026-07-19 13:45:50,008] 39 root - INFO - [Attacker] Label flip: 13 samples class 4 \u2192 class 0
[2026-07-19 13:45:50,016] 39 root - INFO - [Attacker] Label flip: 13 samples class 4 \u2192 class 0
[2026-07-19 13:45:50,023] 39 root - INFO - [Attacker] Label flip: 13 samples class 4 \u2192 class 0
[2026-07-19 13:45:50,031] 39 root - INFO - [Attacker] Label flip: 16 samples class 4 \u2192 class 0
[2026-07-19 13:45:50,039] 39 root - INFO - [Attacker] Label flip: 12 samples class 4 \u2192 class 0
[2026-07-19 13:45:50,049] 39 root - INFO - [Attacker] Label flip: 11 samples class 4 \u2192 class 0
[2026-07-19 13:45:50,067] 39 root - INFO - [Attacker] Label flip: 9 samples class 4 \u2192 class 0
[2026-07-19 13:45:50,075] 39 root - INFO - [Attacker] Label flip: 17 samples class 4 \u2192 class 0
[2026-07-19 13:45:50,082] 39 root - INFO - [Attacker] Label flip: 14 samples class 4 \u2192 class 0
[2026-07-19 13:45:50,093] 39 root - INFO - [Attacker] Label flip: 13 samples class 4 \u2192 class 0
[2026-07-19 13:45:50,101] 39 root - INFO - [Attacker] Label flip: 6 samples class 4 \u2192 class 0
[2026-07-19 13:45:50,110] 39 root - INFO - [Attacker] Label flip: 16 samples class 4 \u2192 class 0
[2026-07-19 13:45:50,116] 39 root - INFO - [Attacker] Label flip: 7 samples class 4 \u2192 class 0
[2026-07-19 13:45:50,126] 39 root - INFO - [Attacker] Label flip: 17 samples class 4 \u2192 class 0
[2026-07-19 13:45:50,132] 39 root - INFO - [Attacker] Label flip: 11 samples class 4 \u2192 class 0
[2026-07-19 13:45:50,140] 39 root - INFO - [Attacker] Label flip: 16 samples class 4 \u2192 class 0
[2026-07-19 13:45:50,148] 39 root - INFO - [Attacker] Label flip: 13 samples class 4 \u2192 class 0
[2026-07-19 13:45:50,155] 39 root - INFO - [Attacker] Label flip: 11 samples class 4 \u2192 class 0
[2026-07-19 13:45:50,163] 39 root - INFO - [Attacker] Label flip: 12 samples class 4 \u2192 class 0
[2026-07-19 13:45:50,171] 39 root - INFO - [Attacker] Label flip: 12 samples class 4 \u2192 class 0
[2026-07-19 13:45:50,179] 39 root - INFO - [Attacker] Label flip: 15 samples class 4 \u2192 class 0
[2026-07-19 13:45:50,187] 39 root - INFO - [Attacker] Label flip: 11 samples class 4 \u2192 class 0
[2026-07-19 13:45:50,195] 39 root - INFO - [Attacker] Label flip: 16 samples class 4 \u2192 class 0
[2026-07-19 13:45:50,202] 39 root - INFO - [Attacker] Label flip: 13 samples class 4 \u2192 class 0
[2026-07-19 13:45:50,208] 39 root - INFO - [Attacker] Label flip: 8 samples class 4 \u2192 class 0
[2026-07-19 13:45:50,228] 39 root - INFO - [Attacker] Label flip: 8 samples class 4 \u2192 class 0
[2026-07-19 13:45:50,236] 39 root - INFO - [Attacker] Label flip: 17 samples class 4 \u2192 class 0
[2026-07-19 13:45:50,244] 39 root - INFO - [Attacker] Label flip: 12 samples class 4 \u2192 class 0
[2026-07-19 13:45:50,252] 39 root - INFO - [Attacker] Label flip: 9 samples class 4 \u2192 class 0
[2026-07-19 13:45:50,260] 39 root - INFO - [Attacker] Label flip: 12 samples class 4 \u2192 class 0
[2026-07-19 13:45:50,278] 39 root - INFO - [Attacker] Label flip: 17 samples class 4 \u2192 class 0
[2026-07-19 13:45:50,286] 39 root - INFO - [Attacker] Label flip: 7 samples class 4 \u2192 class 0
[2026-07-19 13:45:50,294] 39 root - INFO - [Attacker] Label flip: 5 samples class 4 \u2192 class 0
[2026-07-19 13:45:50,301] 39 root - INFO - [Attacker] Label flip: 11 samples class 4 \u2192 class 0
[2026-07-19 13:45:50,312] 39 root - INFO - [Attacker] Label flip: 11 samples class 4 \u2192 class 0
[2026-07-19 13:45:50,319] 39 root - INFO - [Attacker] Label flip: 10 samples class 4 \u2192 class 0
[2026-07-19 13:45:50,327] 39 root - INFO - [Attacker] Label flip: 11 samples class 4 \u2192 class 0
[2026-07-19 13:45:50,333] 39 root - INFO - [Attacker] Label flip: 9 samples class 4 \u2192 class 0
[2026-07-19 13:45:50,343] 39 root - INFO - [Attacker] Label flip: 14 samples class 4 \u2192 class 0
[2026-07-19 13:45:50,351] 39 root - INFO - [Attacker] Label flip: 22 samples class 4 \u2192 class 0
[2026-07-19 13:45:50,359] 39 root - INFO - [Attacker] Label flip: 10 samples class 4 \u2192 class 0
[2026-07-19 13:45:50,367] 39 root - INFO - [Attacker] Label flip: 20 samples class 4 \u2192 class 0
[2026-07-19 13:45:50,376] 39 root - INFO - [Attacker] Label flip: 10 samples class 4 \u2192 class 0
[2026-07-19 13:45:50,384] 39 root - INFO - [Attacker] Label flip: 18 samples class 4 \u2192 class 0
[2026-07-19 13:45:50,392] 39 root - INFO - [Attacker] Label flip: 4 samples class 4 \u2192 class 0
[2026-07-19 13:45:50,400] 39 root - INFO - [Attacker] Label flip: 12 samples class 4 \u2192 class 0
[2026-07-19 13:45:50,408] 39 root - INFO - [Attacker] Label flip: 8 samples class 4 \u2192 class 0
[2026-07-19 13:45:50,416] 39 root - INFO - [Attacker] Label flip: 12 samples class 4 \u2192 class 0
[2026-07-19 13:45:50,424] 39 root - INFO - [Attacker] Label flip: 14 samples class 4 \u2192 class 0
[2026-07-19 13:45:50,432] 39 root - INFO - [Attacker] Label flip: 15 samples class 4 \u2192 class 0
[2026-07-19 13:45:50,440] 39 root - INFO - [Attacker] Label flip: 9 samples class 4 \u2192 class 0
[2026-07-19 13:45:50,454] 39 root - INFO - [Attacker] Label flip: 7 samples class 4 \u2192 class 0
[2026-07-19 13:45:50,461] 39 root - INFO - [Attacker] Label flip: 16 samples class 4 \u2192 class 0
[2026-07-19 13:45:50,469] 39 root - INFO - [Attacker] Label flip: 14 samples class 4 \u2192 class 0
[2026-07-19 13:45:50,477] 39 root - INFO - [Attacker] Label flip: 13 samples class 4 \u2192 class 0
[2026-07-19 13:45:50,487] 39 root - INFO - [Attacker] Label flip: 11 samples class 4 \u2192 class 0
[2026-07-19 13:45:50,496] 39 root - INFO - [Attacker] Label flip: 11 samples class 4 \u2192 class 0
[2026-07-19 13:45:50,503] 39 root - INFO - [Attacker] Label flip: 14 samples class 4 \u2192 class 0
[2026-07-19 13:45:50,511] 39 root - INFO - [Attacker] Label flip: 4 samples class 4 \u2192 class 0
[2026-07-19 13:45:50,521] 39 root - INFO - [Attacker] Label flip: 6 samples class 4 \u2192 class 0
[2026-07-19 13:45:50,527] 39 root - INFO - [Attacker] Label flip: 11 samples class 4 \u2192 class 0
[2026-07-19 13:45:50,535] 39 root - INFO - [Attacker] Label flip: 12 samples class 4 \u2192 class 0
[2026-07-19 13:45:50,543] 39 root - INFO - [Attacker] Label flip: 12 samples class 4 \u2192 class 0
[2026-07-19 13:45:50,552] 39 root - INFO - [Attacker] Label flip: 9 samples class 4 \u2192 class 0
[2026-07-19 13:45:50,560] 39 root - INFO - [Attacker] Label flip: 18 samples class 4 \u2192 class 0
[2026-07-19 13:45:50,568] 39 root - INFO - [Attacker] Label flip: 16 samples class 4 \u2192 class 0
[2026-07-19 13:45:50,576] 39 root - INFO - [Attacker] Label flip: 10 samples class 4 \u2192 class 0
[2026-07-19 13:45:50,584] 39 root - INFO - [Attacker] Label flip: 5 samples class 4 \u2192 class 0
[2026-07-19 13:45:50,592] 39 root - INFO - [Attacker] Label flip: 10 samples class 4 \u2192 class 0
[2026-07-19 13:45:50,600] 39 root - INFO - [Attacker] Label flip: 10 samples class 4 \u2192 class 0
[2026-07-19 13:45:50,608] 39 root - INFO - [Attacker] Label flip: 14 samples class 4 \u2192 class 0
[2026-07-19 13:45:50,616] 39 root - INFO - [Attacker] Label flip: 9 samples class 4 \u2192 class 0
[2026-07-19 13:45:50,624] 39 root - INFO - [Attacker] Label flip: 11 samples class 4 \u2192 class 0
[2026-07-19 13:45:50,632] 39 root - INFO - [Attacker] Label flip: 13 samples class 4 \u2192 class 0
[2026-07-19 13:45:50,641] 39 root - INFO - [Attacker] Label flip: 13 samples class 4 \u2192 class 0
[2026-07-19 13:45:50,648] 39 root - INFO - [Attacker] Label flip: 17 samples class 4 \u2192 class 0
[2026-07-19 13:45:50,656] 39 root - INFO - [Attacker] Label flip: 12 samples class 4 \u2192 class 0
[2026-07-19 13:45:50,664] 39 root - INFO - [Attacker] Label flip: 13 samples class 4 \u2192 class 0
[2026-07-19 13:45:50,672] 39 root - INFO - [Attacker] Label flip: 14 samples class 4 \u2192 class 0
[2026-07-19 13:45:50,679] 39 root - INFO - [Attacker] Label flip: 20 samples class 4 \u2192 class 0
[2026-07-19 13:45:50,687] 39 root - INFO - [Attacker] Label flip: 12 samples class 4 \u2192 class 0
[2026-07-19 13:45:50,695] 39 root - INFO - [Attacker] Label flip: 15 samples class 4 \u2192 class 0
[2026-07-19 13:45:50,703] 39 root - INFO - [Attacker] Label flip: 12 samples class 4 \u2192 class 0
[2026-07-19 13:45:50,711] 39 root - INFO - [Attacker] Label flip: 15 samples class 4 \u2192 class 0
[2026-07-19 13:45:50,718] 39 root - INFO - [Attacker] Label flip: 10 samples class 4 \u2192 class 0
[2026-07-19 13:45:50,726] 39 root - INFO - [Attacker] Label flip: 13 samples class 4 \u2192 class 0
[2026-07-19 13:45:50,734] 39 root - INFO - [Attacker] Label flip: 13 samples class 4 \u2192 class 0
[2026-07-19 13:45:50,742] 39 root - INFO - [Attacker] Label flip: 12 samples class 4 \u2192 class 0
[2026-07-19 13:45:50,750] 39 root - INFO - [Attacker] Label flip: 10 samples class 4 \u2192 class 0
[2026-07-19 13:45:50,758] 39 root - INFO - [Attacker] Label flip: 11 samples class 4 \u2192 class 0
[2026-07-19 13:45:50,766] 39 root - INFO - [Attacker] Label flip: 13 samples class 4 \u2192 class 0
[2026-07-19 13:45:50,774] 39 root - INFO - [Attacker] Label flip: 15 samples class 4 \u2192 class 0
[2026-07-19 13:45:50,780] 39 root - INFO - [Attacker] Label flip: 14 samples class 4 \u2192 class 0
[2026-07-19 13:45:50,790] 39 root - INFO - [Attacker] Label flip: 19 samples class 4 \u2192 class 0
[2026-07-19 13:45:50,798] 39 root - INFO - [Attacker] Label flip: 12 samples class 4 \u2192 class 0
[2026-07-19 13:45:50,805] 39 root - INFO - [Attacker] Label flip: 17 samples class 4 \u2192 class 0
[2026-07-19 13:45:50,813] 39 root - INFO - [Attacker] Label flip: 20 samples class 4 \u2192 class 0
[2026-07-19 13:45:50,821] 39 root - INFO - [Attacker] Label flip: 8 samples class 4 \u2192 class 0
[2026-07-19 13:45:50,828] 39 root - INFO - [Attacker] Label flip: 13 samples class 4 \u2192 class 0
[2026-07-19 13:45:50,835] 39 root - INFO - [Attacker] Label flip: 12 samples class 4 \u2192 class 0
[2026-07-19 13:45:50,843] 39 root - INFO - [Attacker] Label flip: 13 samples class 4 \u2192 class 0
[2026-07-19 13:45:50,853] 39 root - INFO - [Attacker] Label flip: 14 samples class 4 \u2192 class 0
[2026-07-19 13:45:50,861] 39 root - INFO - [Attacker] Label flip: 6 samples class 4 \u2192 class 0
[2026-07-19 13:45:50,869] 39 root - INFO - [Attacker] Label flip: 13 samples class 4 \u2192 class 0
[2026-07-19 13:45:50,877] 39 root - INFO - [Attacker] Label flip: 15 samples class 4 \u2192 class 0
[2026-07-19 13:45:50,885] 39 root - INFO - [Attacker] Label flip: 20 samples class 4 \u2192 class 0
[2026-07-19 13:45:50,893] 39 root - INFO - [Attacker] Label flip: 13 samples class 4 \u2192 class 0
[2026-07-19 13:45:50,900] 39 root - INFO - [Attacker] Label flip: 10 samples class 4 \u2192 class 0
[2026-07-19 13:45:50,908] 39 root - INFO - [Attacker] Label flip: 12 samples class 4 \u2192 class 0
[2026-07-19 13:45:50,918] 39 root - INFO - [Attacker] Label flip: 10 samples class 4 \u2192 class 0
[2026-07-19 13:45:50,926] 39 root - INFO - [Attacker] Label flip: 10 samples class 4 \u2192 class 0
[2026-07-19 13:45:50,934] 39 root - INFO - [Attacker] Label flip: 9 samples class 4 \u2192 class 0
[2026-07-19 13:45:50,942] 39 root - INFO - [Attacker] Label flip: 12 samples class 4 \u2192 class 0
[2026-07-19 13:45:50,951] 39 root - INFO - [Attacker] Label flip: 6 samples class 4 \u2192 class 0
[2026-07-19 13:45:50,957] 39 root - INFO - [Attacker] Label flip: 11 samples class 4 \u2192 class 0
[2026-07-19 13:45:50,966] 39 root - INFO - [Attacker] Label flip: 17 samples class 4 \u2192 class 0
[2026-07-19 13:45:50,974] 39 root - INFO - [Attacker] Label flip: 13 samples class 4 \u2192 class 0
[2026-07-19 13:45:50,982] 39 root - INFO - [Attacker] Label flip: 15 samples class 4 \u2192 class 0
[2026-07-19 13:45:50,990] 39 root - INFO - [Attacker] Label flip: 12 samples class 4 \u2192 class 0
[2026-07-19 13:45:50,997] 39 root - INFO - [Attacker] Label flip: 12 samples class 4 \u2192 class 0
[2026-07-19 13:45:51,005] 39 root - INFO - [Attacker] Label flip: 17 samples class 4 \u2192 class 0
[2026-07-19 13:45:51,013] 39 root - INFO - [Attacker] Label flip: 11 samples class 4 \u2192 class 0
[2026-07-19 13:45:51,025] 39 root - INFO - [Attacker] Label flip: 16 samples class 4 \u2192 class 0
[2026-07-19 13:45:51,033] 39 root - INFO - [Attacker] Label flip: 11 samples class 4 \u2192 class 0
[2026-07-19 13:45:51,041] 39 root - INFO - [Attacker] Label flip: 17 samples class 4 \u2192 class 0
[2026-07-19 13:45:51,049] 39 root - INFO - [Attacker] Label flip: 12 samples class 4 \u2192 class 0
[2026-07-19 13:45:51,061] 39 root - INFO - [Attacker] Label flip: 15 samples class 4 \u2192 class 0
[2026-07-19 13:45:51,069] 39 root - INFO - [Attacker] Label flip: 15 samples class 4 \u2192 class 0
[2026-07-19 13:45:51,077] 39 root - INFO - [Attacker] Label flip: 7 samples class 4 \u2192 class 0
[2026-07-19 13:45:51,083] 39 root - INFO - [Attacker] Label flip: 13 samples class 4 \u2192 class 0
[2026-07-19 13:45:51,100] 39 root - INFO - [Attacker] Label flip: 11 samples class 4 \u2192 class 0
[2026-07-19 13:45:51,108] 39 root - INFO - [Attacker] Label flip: 11 samples class 4 \u2192 class 0
[2026-07-19 13:45:51,116] 39 root - INFO - [Attacker] Label flip: 14 samples class 4 \u2192 class 0
[2026-07-19 13:45:51,124] 39 root - INFO - [Attacker] Label flip: 12 samples class 4 \u2192 class 0
[2026-07-19 13:45:51,136] 39 root - INFO - [Attacker] Label flip: 14 samples class 4 \u2192 class 0
[2026-07-19 13:45:51,142] 39 root - INFO - [Attacker] Label flip: 13 samples class 4 \u2192 class 0
[2026-07-19 13:45:51,152] 39 root - INFO - [Attacker] Label flip: 11 samples class 4 \u2192 class 0
[2026-07-19 13:45:51,160] 39 root - INFO - [Attacker] Label flip: 12 samples class 4 \u2192 class 0
[2026-07-19 13:45:51,168] 39 root - INFO - [Attacker] Label flip: 13 samples class 4 \u2192 class 0
[2026-07-19 13:45:51,175] 39 root - INFO - [Attacker] Label flip: 7 samples class 4 \u2192 class 0
[2026-07-19 13:45:51,182] 39 root - INFO - [Attacker] Label flip: 14 samples class 4 \u2192 class 0
[2026-07-19 13:45:51,191] 39 root - INFO - [Attacker] Label flip: 16 samples class 4 \u2192 class 0
[2026-07-19 13:45:51,199] 39 root - INFO - [Attacker] Label flip: 14 samples class 4 \u2192 class 0
[2026-07-19 13:45:51,205] 39 root - INFO - [Attacker] Label flip: 12 samples class 4 \u2192 class 0
[2026-07-19 13:45:51,212] 39 root - INFO - [Attacker] Label flip: 16 samples class 4 \u2192 class 0
[2026-07-19 13:45:51,220] 39 root - INFO - [Attacker] Label flip: 15 samples class 4 \u2192 class 0
[2026-07-19 13:45:51,228] 39 root - INFO - [Attacker] Label flip: 13 samples class 4 \u2192 class 0
[2026-07-19 13:45:51,236] 39 root - INFO - [Attacker] Label flip: 11 samples class 4 \u2192 class 0
[2026-07-19 13:45:51,244] 39 root - INFO - [Attacker] Label flip: 14 samples class 4 \u2192 class 0
[2026-07-19 13:45:51,252] 39 root - INFO - [Attacker] Label flip: 4 samples class 4 \u2192 class 0
[2026-07-19 13:45:51,260] 39 root - INFO - [Attacker] Label flip: 19 samples class 4 \u2192 class 0
[2026-07-19 13:45:51,268] 39 root - INFO - [Attacker] Label flip: 6 samples class 4 \u2192 class 0
[2026-07-19 13:45:51,276] 39 root - INFO - [Attacker] Label flip: 13 samples class 4 \u2192 class 0
[2026-07-19 13:45:51,282] 39 root - INFO - [Attacker] Label flip: 14 samples class 4 \u2192 class 0
[2026-07-19 13:45:51,290] 39 root - INFO - [Attacker] Label flip: 10 samples class 4 \u2192 class 0
[2026-07-19 13:45:51,309] 39 root - INFO - [Attacker] Label flip: 7 samples class 4 \u2192 class 0
[2026-07-19 13:45:51,317] 39 root - INFO - [Attacker] Label flip: 13 samples class 4 \u2192 class 0
[2026-07-19 13:45:51,323] 39 root - INFO - [Attacker] Label flip: 9 samples class 4 \u2192 class 0
[2026-07-19 13:45:51,331] 39 root - INFO - [Attacker] Label flip: 11 samples class 4 \u2192 class 0
[2026-07-19 13:45:51,351] 39 root - INFO - [Attacker] Label flip: 13 samples class 4 \u2192 class 0
[2026-07-19 13:45:51,361] 39 root - INFO - [Attacker] Label flip: 16 samples class 4 \u2192 class 0
[2026-07-19 13:45:51,369] 39 root - INFO - [Attacker] Label flip: 15 samples class 4 \u2192 class 0
[2026-07-19 13:45:51,377] 39 root - INFO - [Attacker] Label flip: 9 samples class 4 \u2192 class 0
[2026-07-19 13:45:51,388] 39 root - INFO - [Attacker] Label flip: 13 samples class 4 \u2192 class 0
[2026-07-19 13:45:51,398] 39 root - INFO - [Attacker] Label flip: 13 samples class 4 \u2192 class 0
[2026-07-19 13:45:51,406] 39 root - INFO - [Attacker] Label flip: 14 samples class 4 \u2192 class 0
[2026-07-19 13:45:51,414] 39 root - INFO - [Attacker] Label flip: 11 samples class 4 \u2192 class 0
[2026-07-19 13:45:51,422] 39 root - INFO - [Attacker] Label flip: 5 samples class 4 \u2192 class 0
[2026-07-19 13:45:51,430] 39 root - INFO - [Attacker] Label flip: 10 samples class 4 \u2192 class 0
[2026-07-19 13:45:51,436] 39 root - INFO - [Attacker] Label flip: 9 samples class 4 \u2192 class 0
[2026-07-19 13:45:51,446] 39 root - INFO - [Attacker] Label flip: 17 samples class 4 \u2192 class 0
[2026-07-19 13:45:51,454] 39 root - INFO - [Attacker] Label flip: 13 samples class 4 \u2192 class 0
[2026-07-19 13:45:51,462] 39 root - INFO - [Attacker] Label flip: 22 samples class 4 \u2192 class 0
[2026-07-19 13:45:51,468] 39 root - INFO - [Attacker] Label flip: 16 samples class 4 \u2192 class 0
[2026-07-19 13:45:51,475] 39 root - INFO - [Attacker] Label flip: 15 samples class 4 \u2192 class 0
[2026-07-19 13:45:51,483] 39 root - INFO - [Attacker] Label flip: 10 samples class 4 \u2192 class 0
[2026-07-19 13:45:51,497] 39 root - INFO - [Attacker] Label flip: 15 samples class 4 \u2192 class 0
[2026-07-19 13:45:51,503] 39 root - INFO - [Attacker] Label flip: 10 samples class 4 \u2192 class 0
[2026-07-19 13:45:51,511] 39 root - INFO - [Attacker] Label flip: 15 samples class 4 \u2192 class 0
[2026-07-19 13:45:51,519] 39 root - INFO - [Attacker] Label flip: 13 samples class 4 \u2192 class 0
[2026-07-19 13:45:51,539] 39 root - INFO - [Attacker] Label flip: 13 samples class 4 \u2192 class 0
[2026-07-19 13:45:51,547] 39 root - INFO - [Attacker] Label flip: 9 samples class 4 \u2192 class 0
[2026-07-19 13:45:51,554] 39 root - INFO - [Attacker] Label flip: 14 samples class 4 \u2192 class 0
[2026-07-19 13:45:51,562] 39 root - INFO - [Attacker] Label flip: 9 samples class 4 \u2192 class 0
[2026-07-19 13:45:51,573] 39 root - INFO - [Attacker] Label flip: 12 samples class 4 \u2192 class 0
[2026-07-19 13:45:51,581] 39 root - INFO - [Attacker] Label flip: 17 samples class 4 \u2192 class 0
[2026-07-19 13:45:51,587] 39 root - INFO - [Attacker] Label flip: 10 samples class 4 \u2192 class 0
[2026-07-19 13:45:51,595] 39 root - INFO - [Attacker] Label flip: 10 samples class 4 \u2192 class 0
[2026-07-19 13:45:51,603] 39 root - INFO - [Attacker] Label flip: 22 samples class 4 \u2192 class 0
[2026-07-19 13:45:51,613] 39 root - INFO - [Attacker] Label flip: 12 samples class 4 \u2192 class 0
[2026-07-19 13:45:51,619] 39 root - INFO - [Attacker] Label flip: 11 samples class 4 \u2192 class 0
[2026-07-19 13:45:51,626] 39 root - INFO - [Attacker] Label flip: 12 samples class 4 \u2192 class 0
[2026-07-19 13:45:51,634] 39 root - INFO - [Attacker] Label flip: 9 samples class 4 \u2192 class 0
[2026-07-19 13:45:51,644] 39 root - INFO - [Attacker] Label flip: 15 samples class 4 \u2192 class 0
[2026-07-19 13:45:51,652] 39 root - INFO - [Attacker] Label flip: 12 samples class 4 \u2192 class 0
[2026-07-19 13:45:51,660] 39 root - INFO - [Attacker] Label flip: 11 samples class 4 \u2192 class 0
[2026-07-19 13:45:51,668] 39 root - INFO - [Attacker] Label flip: 16 samples class 4 \u2192 class 0
[2026-07-19 13:45:51,679] 39 root - INFO - [Attacker] Label flip: 13 samples class 4 \u2192 class 0
[2026-07-19 13:45:51,687] 39 root - INFO - [Attacker] Label flip: 15 samples class 4 \u2192 class 0
[2026-07-19 13:45:51,696] 39 root - INFO - [Attacker] Label flip: 13 samples class 4 \u2192 class 0
[2026-07-19 13:45:51,705] 39 root - INFO - [Attacker] Label flip: 16 samples class 4 \u2192 class 0
[2026-07-19 13:45:51,711] 39 root - INFO - [Attacker] Label flip: 10 samples class 4 \u2192 class 0
[2026-07-19 13:45:51,721] 39 root - INFO - [Attacker] Label flip: 17 samples class 4 \u2192 class 0
[2026-07-19 13:45:51,729] 39 root - INFO - [Attacker] Label flip: 11 samples class 4 \u2192 class 0
[2026-07-19 13:45:51,734] 39 root - INFO - [Attacker] Label flip: 14 samples class 4 \u2192 class 0
[2026-07-19 13:45:51,742] 39 root - INFO - [Attacker] Label flip: 18 samples class 4 \u2192 class 0
[2026-07-19 13:45:51,753] 39 root - INFO - [Attacker] Label flip: 12 samples class 4 \u2192 class 0
[2026-07-19 13:45:51,760] 39 root - INFO - [Attacker] Label flip: 16 samples class 4 \u2192 class 0
[2026-07-19 13:45:51,768] 39 root - INFO - [Attacker] Label flip: 12 samples class 4 \u2192 class 0
[2026-07-19 13:45:51,776] 39 root - INFO - [Attacker] Label flip: 9 samples class 4 \u2192 class 0
[2026-07-19 13:45:51,790] 39 root - INFO - [Attacker] Label flip: 6 samples class 4 \u2192 class 0
[2026-07-19 13:45:51,796] 39 root - INFO - [Attacker] Label flip: 16 samples class 4 \u2192 class 0
[2026-07-19 13:45:51,806] 39 root - INFO - [Attacker] Label flip: 19 samples class 4 \u2192 class 0
[2026-07-19 13:45:51,823] 39 root - INFO - [Attacker] Label flip: 12 samples class 4 \u2192 class 0
[2026-07-19 13:45:51,833] 39 root - INFO - [Attacker] Label flip: 12 samples class 4 \u2192 class 0
[2026-07-19 13:45:51,841] 39 root - INFO - [Attacker] Label flip: 12 samples class 4 \u2192 class 0
[2026-07-19 13:45:51,849] 39 root - INFO - [Attacker] Label flip: 15 samples class 4 \u2192 class 0
[2026-07-19 13:45:51,859] 39 root - INFO - [Attacker] Label flip: 15 samples class 4 \u2192 class 0
[2026-07-19 13:45:51,870] 39 root - INFO - [Attacker] Label flip: 15 samples class 4 \u2192 class 0
[2026-07-19 13:45:51,876] 39 root - INFO - [Attacker] Label flip: 20 samples class 4 \u2192 class 0
[2026-07-19 13:45:51,884] 39 root - INFO - [Attacker] Label flip: 8 samples class 4 \u2192 class 0
[2026-07-19 13:45:51,891] 39 root - INFO - [Attacker] Label flip: 10 samples class 4 \u2192 class 0
[2026-07-19 13:45:51,899] 39 root - INFO - [Attacker] Label flip: 5 samples class 4 \u2192 class 0
[2026-07-19 13:45:51,907] 39 root - INFO - [Attacker] Label flip: 14 samples class 4 \u2192 class 0
[2026-07-19 13:45:51,915] 39 root - INFO - [Attacker] Label flip: 7 samples class 4 \u2192 class 0
[2026-07-19 13:45:51,923] 39 root - INFO - [Attacker] Label flip: 20 samples class 4 \u2192 class 0
[2026-07-19 13:45:51,931] 39 root - INFO - [Attacker] Label flip: 10 samples class 4 \u2192 class 0
[2026-07-19 13:45:51,941] 39 root - INFO - [Attacker] Label flip: 16 samples class 4 \u2192 class 0
[2026-07-19 13:45:51,947] 39 root - INFO - [Attacker] Label flip: 9 samples class 4 \u2192 class 0
[2026-07-19 13:45:51,954] 39 root - INFO - [Attacker] Label flip: 19 samples class 4 \u2192 class 0
[2026-07-19 13:45:51,962] 39 root - INFO - [Attacker] Label flip: 14 samples class 4 \u2192 class 0
[2026-07-19 13:45:51,970] 39 root - INFO - [Attacker] Label flip: 16 samples class 4 \u2192 class 0
[2026-07-19 13:45:51,978] 39 root - INFO - [Attacker] Label flip: 12 samples class 4 \u2192 class 0
[2026-07-19 13:45:51,986] 39 root - INFO - [Attacker] Label flip: 12 samples class 4 \u2192 class 0
[2026-07-19 13:45:51,994] 39 root - INFO - [Attacker] Label flip: 12 samples class 4 \u2192 class 0
[2026-07-19 13:45:52,002] 39 root - INFO - [Attacker] Label flip: 9 samples class 4 \u2192 class 0
[2026-07-19 13:45:52,010] 39 root - INFO - [Attacker] Label flip: 12 samples class 4 \u2192 class 0
[2026-07-19 13:45:52,018] 39 root - INFO - [Attacker] Label flip: 15 samples class 4 \u2192 class 0
[2026-07-19 13:45:52,026] 39 root - INFO - [Attacker] Label flip: 14 samples class 4 \u2192 class 0
[2026-07-19 13:45:52,033] 39 root - INFO - [Attacker] Label flip: 13 samples class 4 \u2192 class 0
[2026-07-19 13:45:52,041] 39 root - INFO - [Attacker] Label flip: 12 samples class 4 \u2192 class 0
[2026-07-19 13:45:52,049] 39 root - INFO - [Attacker] Label flip: 13 samples class 4 \u2192 class 0
[2026-07-19 13:45:52,057] 39 root - INFO - [Attacker] Label flip: 21 samples class 4 \u2192 class 0
[2026-07-19 13:45:52,065] 39 root - INFO - [Attacker] Label flip: 14 samples class 4 \u2192 class 0
[2026-07-19 13:45:52,073] 39 root - INFO - [Attacker] Label flip: 11 samples class 4 \u2192 class 0
[2026-07-19 13:45:52,081] 39 root - INFO - [Attacker] Label flip: 10 samples class 4 \u2192 class 0
[2026-07-19 13:45:52,087] 39 root - INFO - [Attacker] Label flip: 15 samples class 4 \u2192 class 0
[2026-07-19 13:45:52,095] 39 root - INFO - [Attacker] Label flip: 11 samples class 4 \u2192 class 0
[2026-07-19 13:45:52,104] 39 root - INFO - [Attacker] Label flip: 21 samples class 4 \u2192 class 0
[2026-07-19 13:45:52,112] 39 root - INFO - [Attacker] Label flip: 14 samples class 4 \u2192 class 0
[2026-07-19 13:45:52,120] 39 root - INFO - [Attacker] Label flip: 11 samples class 4 \u2192 class 0
[2026-07-19 13:45:52,128] 39 root - INFO - [Attacker] Label flip: 19 samples class 4 \u2192 class 0
[2026-07-19 13:45:52,134] 39 root - INFO - [Attacker] Label flip: 9 samples class 4 \u2192 class 0
[2026-07-19 13:45:52,146] 39 root - INFO - [Attacker] Label flip: 22 samples class 4 \u2192 class 0
[2026-07-19 13:45:52,154] 39 root - INFO - [Attacker] Label flip: 14 samples class 4 \u2192 class 0
[2026-07-19 13:45:52,160] 39 root - INFO - [Attacker] Label flip: 12 samples class 4 \u2192 class 0
[2026-07-19 13:45:52,168] 39 root - INFO - [Attacker] Label flip: 10 samples class 4 \u2192 class 0
[2026-07-19 13:45:52,177] 39 root - INFO - [Attacker] Label flip: 17 samples class 4 \u2192 class 0
[2026-07-19 13:45:52,185] 39 root - INFO - [Attacker] Label flip: 10 samples class 4 \u2192 class 0
[2026-07-19 13:45:52,191] 39 root - INFO - [Attacker] Label flip: 16 samples class 4 \u2192 class 0
[2026-07-19 13:45:52,199] 39 root - INFO - [Attacker] Label flip: 16 samples class 4 \u2192 class 0
[2026-07-19 13:45:52,209] 39 root - INFO - [Attacker] Label flip: 17 samples class 4 \u2192 class 0
[2026-07-19 13:45:52,215] 39 root - INFO - [Attacker] Label flip: 17 samples class 4 \u2192 class 0
[2026-07-19 13:45:52,224] 39 root - INFO - [Attacker] Label flip: 14 samples class 4 \u2192 class 0
[2026-07-19 13:45:52,233] 39 root - INFO - [Attacker] Label flip: 14 samples class 4 \u2192 class 0
[2026-07-19 13:45:52,241] 39 root - INFO - [Attacker] Label flip: 13 samples class 4 \u2192 class 0
[2026-07-19 13:45:52,250] 39 root - INFO - [Attacker] Label flip: 9 samples class 4 \u2192 class 0
[2026-07-19 13:45:52,256] 39 root - INFO - [Attacker] Label flip: 9 samples class 4 \u2192 class 0
[2026-07-19 13:45:52,264] 39 root - INFO - [Attacker] Label flip: 15 samples class 4 \u2192 class 0
[2026-07-19 13:45:52,272] 39 root - INFO - [Attacker] Label flip: 8 samples class 4 \u2192 class 0
[2026-07-19 13:45:52,281] 39 root - INFO - [Attacker] Label flip: 16 samples class 4 \u2192 class 0
[2026-07-19 13:45:52,288] 39 root - INFO - [Attacker] Label flip: 16 samples class 4 \u2192 class 0
[2026-07-19 13:45:52,297] 39 root - INFO - [Attacker] Label flip: 15 samples class 4 \u2192 class 0
[2026-07-19 13:45:52,303] 39 root - INFO - [Attacker] Label flip: 9 samples class 4 \u2192 class 0
[2026-07-19 13:45:52,313] 39 root - INFO - [Attacker] Label flip: 16 samples class 4 \u2192 class 0
[2026-07-19 13:45:52,319] 39 root - INFO - [Attacker] Label flip: 19 samples class 4 \u2192 class 0
[2026-07-19 13:45:52,329] 39 root - INFO - [Attacker] Label flip: 3 samples class 4 \u2192 class 0
[2026-07-19 13:45:52,335] 39 root - INFO - [Attacker] Label flip: 9 samples class 4 \u2192 class 0
[2026-07-19 13:45:52,346] 39 root - INFO - [Attacker] Label flip: 13 samples class 4 \u2192 class 0
[2026-07-19 13:45:52,353] 39 root - INFO - [Attacker] Label flip: 10 samples class 4 \u2192 class 0
[2026-07-19 13:45:52,360] 39 root - INFO - [Attacker] Label flip: 19 samples class 4 \u2192 class 0
[2026-07-19 13:45:52,368] 39 root - INFO - [Attacker] Label flip: 12 samples class 4 \u2192 class 0
[2026-07-19 13:45:52,380] 39 root - INFO - [Attacker] Label flip: 12 samples class 4 \u2192 class 0
[2026-07-19 13:45:52,388] 39 root - INFO - [Attacker] Label flip: 9 samples class 4 \u2192 class 0
[2026-07-19 13:45:52,396] 39 root - INFO - [Attacker] Label flip: 11 samples class 4 \u2192 class 0
[2026-07-19 13:45:52,404] 39 root - INFO - [Attacker] Label flip: 12 samples class 4 \u2192 class 0
[2026-07-19 13:45:52,424] 39 root - INFO - [Attacker] Label flip: 13 samples class 4 \u2192 class 0
[2026-07-19 13:45:52,432] 39 root - INFO - [Attacker] Label flip: 10 samples class 4 \u2192 class 0
[2026-07-19 13:45:52,439] 39 root - INFO - [Attacker] Label flip: 18 samples class 4 \u2192 class 0
[2026-07-19 13:45:52,448] 39 root - INFO - [Attacker] Label flip: 11 samples class 4 \u2192 class 0
[2026-07-19 13:45:52,457] 39 root - INFO - [Attacker] Label flip: 15 samples class 4 \u2192 class 0
[2026-07-19 13:45:52,465] 39 root - INFO - [Attacker] Label flip: 16 samples class 4 \u2192 class 0
[2026-07-19 13:45:52,473] 39 root - INFO - [Attacker] Label flip: 17 samples class 4 \u2192 class 0
[2026-07-19 13:45:52,479] 39 root - INFO - [Attacker] Label flip: 13 samples class 4 \u2192 class 0
[2026-07-19 13:45:52,491] 39 root - INFO - [Attacker] Label flip: 11 samples class 4 \u2192 class 0
[2026-07-19 13:45:52,499] 39 root - INFO - [Attacker] Label flip: 8 samples class 4 \u2192 class 0
[2026-07-19 13:45:52,507] 39 root - INFO - [Attacker] Label flip: 8 samples class 4 \u2192 class 0
[2026-07-19 13:45:52,515] 39 root - INFO - [Attacker] Label flip: 14 samples class 4 \u2192 class 0
[2026-07-19 13:45:52,523] 39 root - INFO - [Attacker] Label flip: 11 samples class 4 \u2192 class 0
[2026-07-19 13:45:52,530] 39 root - INFO - [Attacker] Label flip: 6 samples class 4 \u2192 class 0
[2026-07-19 13:45:52,538] 39 root - INFO - [Attacker] Label flip: 15 samples class 4 \u2192 class 0
[2026-07-19 13:45:52,546] 39 root - INFO - [Attacker] Label flip: 13 samples class 4 \u2192 class 0
[2026-07-19 13:45:52,555] 39 root - INFO - [Attacker] Label flip: 13 samples class 4 \u2192 class 0
[2026-07-19 13:45:52,570] 39 root - INFO - [Attacker] Label flip: 9 samples class 4 \u2192 class 0
[2026-07-19 13:45:52,578] 39 root - INFO - [Attacker] Label flip: 17 samples class 4 \u2192 class 0
[2026-07-19 13:45:52,586] 39 root - INFO - [Attacker] Label flip: 14 samples class 4 \u2192 class 0
[2026-07-19 13:45:52,604] 39 root - INFO - [Attacker] Label flip: 15 samples class 4 \u2192 class 0
[2026-07-19 13:45:52,616] 39 root - INFO - [Attacker] Label flip: 13 samples class 4 \u2192 class 0
[2026-07-19 13:45:52,624] 39 root - INFO - [Attacker] Label flip: 19 samples class 4 \u2192 class 0
[2026-07-19 13:45:52,631] 39 root - INFO - [Attacker] Label flip: 12 samples class 4 \u2192 class 0
[2026-07-19 13:45:52,640] 39 root - INFO - [Attacker] Label flip: 6 samples class 4 \u2192 class 0
[2026-07-19 13:45:52,663] 39 root - INFO - [Attacker] Label flip: 18 samples class 4 \u2192 class 0
[2026-07-19 13:45:52,671] 39 root - INFO - [Attacker] Label flip: 11 samples class 4 \u2192 class 0
[2026-07-19 13:45:52,679] 39 root - INFO - [Attacker] Label flip: 14 samples class 4 \u2192 class 0
[2026-07-19 13:45:52,687] 39 root - INFO - [Attacker] Label flip: 12 samples class 4 \u2192 class 0
[2026-07-19 13:45:52,695] 39 root - INFO - [Attacker] Label flip: 16 samples class 4 \u2192 class 0
[2026-07-19 13:45:52,703] 39 root - INFO - [Attacker] Label flip: 9 samples class 4 \u2192 class 0
[2026-07-19 13:45:52,711] 39 root - INFO - [Attacker] Label flip: 10 samples class 4 \u2192 class 0
[2026-07-19 13:45:52,719] 39 root - INFO - [Attacker] Label flip: 10 samples class 4 \u2192 class 0
[2026-07-19 13:45:52,729] 39 root - INFO - [Attacker] Label flip: 11 samples class 4 \u2192 class 0
[2026-07-19 13:45:52,736] 39 root - INFO - [Attacker] Label flip: 13 samples class 4 \u2192 class 0
[2026-07-19 13:45:52,744] 39 root - INFO - [Attacker] Label flip: 12 samples class 4 \u2192 class 0
[2026-07-19 13:45:52,752] 39 root - INFO - [Attacker] Label flip: 11 samples class 4 \u2192 class 0
[2026-07-19 13:45:52,759] 39 root - INFO - [Attacker] Label flip: 15 samples class 4 \u2192 class 0
[2026-07-19 13:45:52,768] 39 root - INFO - [Attacker] Label flip: 20 samples class 4 \u2192 class 0
[2026-07-19 13:45:52,776] 39 root - INFO - [Attacker] Label flip: 10 samples class 4 \u2192 class 0
[2026-07-19 13:45:52,784] 39 root - INFO - [Attacker] Label flip: 14 samples class 4 \u2192 class 0
[2026-07-19 13:45:52,792] 39 root - INFO - [Attacker] Label flip: 12 samples class 4 \u2192 class 0
[2026-07-19 13:45:52,802] 39 root - INFO - [Attacker] Label flip: 10 samples class 4 \u2192 class 0
[2026-07-19 13:45:52,810] 39 root - INFO - [Attacker] Label flip: 14 samples class 4 \u2192 class 0
[2026-07-19 13:45:52,817] 39 root - INFO - [Attacker] Label flip: 10 samples class 4 \u2192 class 0
[2026-07-19 13:45:52,825] 39 root - INFO - [Attacker] Label flip: 7 samples class 4 \u2192 class 0
[2026-07-19 13:45:52,833] 39 root - INFO - [Attacker] Label flip: 13 samples class 4 \u2192 class 0
[2026-07-19 13:45:52,841] 39 root - INFO - [Attacker] Label flip: 11 samples class 4 \u2192 class 0
[2026-07-19 13:45:52,849] 39 root - INFO - [Attacker] Label flip: 10 samples class 4 \u2192 class 0
[2026-07-19 13:45:52,857] 39 root - INFO - [Attacker] Label flip: 14 samples class 4 \u2192 class 0
[2026-07-19 13:45:52,867] 39 root - INFO - [Attacker] Label flip: 13 samples class 4 \u2192 class 0
[2026-07-19 13:45:52,873] 39 root - INFO - [Attacker] Label flip: 14 samples class 4 \u2192 class 0
[2026-07-19 13:45:52,883] 39 root - INFO - [Attacker] Label flip: 10 samples class 4 \u2192 class 0
[2026-07-19 13:45:52,891] 39 root - INFO - [Attacker] Label flip: 8 samples class 4 \u2192 class 0
[2026-07-19 13:45:52,898] 39 root - INFO - [Attacker] Label flip: 14 samples class 4 \u2192 class 0
[2026-07-19 13:45:52,906] 39 root - INFO - [Attacker] Label flip: 9 samples class 4 \u2192 class 0
[2026-07-19 13:45:52,914] 39 root - INFO - [Attacker] Label flip: 9 samples class 4 \u2192 class 0
[2026-07-19 13:45:52,922] 39 root - INFO - [Attacker] Label flip: 16 samples class 4 \u2192 class 0
[2026-07-19 13:45:52,932] 39 root - INFO - [Attacker] Label flip: 7 samples class 4 \u2192 class 0
[2026-07-19 13:45:52,940] 39 root - INFO - [Attacker] Label flip: 13 samples class 4 \u2192 class 0
[2026-07-19 13:45:52,947] 39 root - INFO - [Attacker] Label flip: 14 samples class 4 \u2192 class 0
[2026-07-19 13:45:52,956] 39 root - INFO - [Attacker] Label flip: 18 samples class 4 \u2192 class 0
[2026-07-19 13:45:52,963] 39 root - INFO - [Attacker] Label flip: 16 samples class 4 \u2192 class 0
[2026-07-19 13:45:52,971] 39 root - INFO - [Attacker] Label flip: 14 samples class 4 \u2192 class 0
[2026-07-19 13:45:52,979] 39 root - INFO - [Attacker] Label flip: 13 samples class 4 \u2192 class 0
[2026-07-19 13:45:52,987] 39 root - INFO - [Attacker] Label flip: 18 samples class 4 \u2192 class 0
[2026-07-19 13:45:52,995] 39 root - INFO - [Attacker] Label flip: 13 samples class 4 \u2192 class 0
[2026-07-19 13:45:53,005] 39 root - INFO - [Attacker] Label flip: 13 samples class 4 \u2192 class 0
[2026-07-19 13:45:53,013] 39 root - INFO - [Attacker] Label flip: 9 samples class 4 \u2192 class 0
[2026-07-19 13:45:53,020] 39 root - INFO - [Attacker] Label flip: 11 samples class 4 \u2192 class 0
[2026-07-19 13:45:53,028] 39 root - INFO - [Attacker] Label flip: 18 samples class 4 \u2192 class 0
[2026-07-19 13:45:53,038] 39 root - INFO - [Attacker] Label flip: 12 samples class 4 \u2192 class 0
[2026-07-19 13:45:53,046] 39 root - INFO - [Attacker] Label flip: 16 samples class 4 \u2192 class 0
[2026-07-19 13:45:53,054] 39 root - INFO - [Attacker] Label flip: 10 samples class 4 \u2192 class 0
[2026-07-19 13:45:53,060] 39 root - INFO - [Attacker] Label flip: 11 samples class 4 \u2192 class 0
[2026-07-19 13:45:53,070] 39 root - INFO - [Attacker] Label flip: 17 samples class 4 \u2192 class 0
[2026-07-19 13:45:53,076] 39 root - INFO - [Attacker] Label flip: 15 samples class 4 \u2192 class 0
[2026-07-19 13:45:53,085] 39 root - INFO - [Attacker] Label flip: 4 samples class 4 \u2192 class 0
[2026-07-19 13:45:53,091] 39 root - INFO - [Attacker] Label flip: 14 samples class 4 \u2192 class 0
[2026-07-19 13:45:53,101] 39 root - INFO - [Attacker] Label flip: 14 samples class 4 \u2192 class 0
[2026-07-19 13:45:53,111] 39 root - INFO - [Attacker] Label flip: 10 samples class 4 \u2192 class 0
[2026-07-19 13:45:53,119] 39 root - INFO - [Attacker] Label flip: 14 samples class 4 \u2192 class 0
[2026-07-19 13:45:53,130] 39 root - INFO - [Attacker] Label flip: 13 samples class 4 \u2192 class 0
[2026-07-19 13:45:53,139] 39 root - INFO - [Attacker] Label flip: 10 samples class 4 \u2192 class 0
[2026-07-19 13:45:53,145] 39 root - INFO - [Attacker] Label flip: 10 samples class 4 \u2192 class 0
[2026-07-19 13:45:53,153] 39 root - INFO - [Attacker] Label flip: 12 samples class 4 \u2192 class 0
[2026-07-19 13:45:53,161] 39 root - INFO - [Attacker] Label flip: 8 samples class 4 \u2192 class 0
[2026-07-19 13:45:53,169] 39 root - INFO - [Attacker] Label flip: 12 samples class 4 \u2192 class 0
[2026-07-19 13:45:53,177] 39 root - INFO - [Attacker] Label flip: 8 samples class 4 \u2192 class 0
[2026-07-19 13:45:53,185] 39 root - INFO - [Attacker] Label flip: 12 samples class 4 \u2192 class 0
[2026-07-19 13:45:53,192] 39 root - INFO - [Attacker] Label flip: 11 samples class 4 \u2192 class 0
[2026-07-19 13:45:53,201] 39 root - INFO - [Attacker] Label flip: 12 samples class 4 \u2192 class 0
[2026-07-19 13:45:53,208] 39 root - INFO - [Attacker] Label flip: 14 samples class 4 \u2192 class 0
[2026-07-19 13:45:53,216] 39 root - INFO - [Attacker] Label flip: 10 samples class 4 \u2192 class 0
[2026-07-19 13:45:53,224] 39 root - INFO - [Attacker] Label flip: 14 samples class 4 \u2192 class 0
[2026-07-19 13:45:53,232] 39 root - INFO - [Attacker] Label flip: 5 samples class 4 \u2192 class 0
[2026-07-19 13:45:53,242] 39 root - INFO - [Attacker] Label flip: 9 samples class 4 \u2192 class 0
[2026-07-19 13:45:53,252] 39 root - INFO - [Attacker] Label flip: 16 samples class 4 \u2192 class 0
[2026-07-19 13:45:53,266] 39 root - INFO - [Attacker] Label flip: 6 samples class 4 \u2192 class 0
[2026-07-19 13:45:53,275] 39 root - INFO - [Attacker] Label flip: 6 samples class 4 \u2192 class 0
[2026-07-19 13:45:53,286] 39 root - INFO - [Attacker] Label flip: 11 samples class 4 \u2192 class 0
[2026-07-19 13:45:53,292] 39 root - INFO - [Attacker] Label flip: 8 samples class 4 \u2192 class 0
[2026-07-19 13:45:53,300] 39 root - INFO - [Attacker] Label flip: 10 samples class 4 \u2192 class 0
[2026-07-19 13:45:53,308] 39 root - INFO - [Attacker] Label flip: 11 samples class 4 \u2192 class 0
[2026-07-19 13:45:53,318] 39 root - INFO - [Attacker] Label flip: 15 samples class 4 \u2192 class 0
[2026-07-19 13:45:53,326] 39 root - INFO - [Attacker] Label flip: 14 samples class 4 \u2192 class 0
[2026-07-19 13:45:53,333] 39 root - INFO - [Attacker] Label flip: 18 samples class 4 \u2192 class 0
[2026-07-19 13:45:53,339] 39 root - INFO - [Attacker] Label flip: 12 samples class 4 \u2192 class 0
[2026-07-19 13:45:53,349] 39 root - INFO - [Attacker] Label flip: 9 samples class 4 \u2192 class 0
[2026-07-19 13:45:53,357] 39 root - INFO - [Attacker] Label flip: 7 samples class 4 \u2192 class 0
[2026-07-19 13:45:53,365] 39 root - INFO - [Attacker] Label flip: 14 samples class 4 \u2192 class 0
[2026-07-19 13:45:53,374] 39 root - INFO - [Attacker] Label flip: 11 samples class 4 \u2192 class 0
[2026-07-19 13:45:53,381] 39 root - INFO - [Attacker] Label flip: 13 samples class 4 \u2192 class 0
[2026-07-19 13:45:53,389] 39 root - INFO - [Attacker] Label flip: 19 samples class 4 \u2192 class 0
[2026-07-19 13:45:53,397] 39 root - INFO - [Attacker] Label flip: 17 samples class 4 \u2192 class 0
[2026-07-19 13:45:53,404] 39 root - INFO - [Attacker] Label flip: 12 samples class 4 \u2192 class 0
[2026-07-19 13:45:53,411] 39 root - INFO - [Attacker] Label flip: 13 samples class 4 \u2192 class 0
[2026-07-19 13:45:53,420] 39 root - INFO - [Attacker] Label flip: 20 samples class 4 \u2192 class 0
[2026-07-19 13:45:53,427] 39 root - INFO - [Attacker] Label flip: 7 samples class 4 \u2192 class 0
[2026-07-19 13:45:53,435] 39 root - INFO - [Attacker] Label flip: 12 samples class 4 \u2192 class 0
[2026-07-19 13:45:53,443] 39 root - INFO - [Attacker] Label flip: 10 samples class 4 \u2192 class 0
[2026-07-19 13:45:53,451] 39 root - INFO - [Attacker] Label flip: 10 samples class 4 \u2192 class 0
[2026-07-19 13:45:53,459] 39 root - INFO - [Attacker] Label flip: 8 samples class 4 \u2192 class 0
[2026-07-19 13:45:53,466] 39 root - INFO - [Attacker] Label flip: 13 samples class 4 \u2192 class 0
[2026-07-19 13:45:53,475] 39 root - INFO - [Attacker] Label flip: 9 samples class 4 \u2192 class 0
[2026-07-19 13:45:53,495] 39 root - INFO - [Attacker] Label flip: 15 samples class 4 \u2192 class 0
[2026-07-19 13:45:53,503] 39 root - INFO - [Attacker] Label flip: 15 samples class 4 \u2192 class 0
[2026-07-19 13:45:53,511] 39 root - INFO - [Attacker] Label flip: 13 samples class 4 \u2192 class 0
[2026-07-19 13:45:53,519] 39 root - INFO - [Attacker] Label flip: 13 samples class 4 \u2192 class 0
[2026-07-19 13:45:53,539] 39 root - INFO - [Attacker] Label flip: 15 samples class 4 \u2192 class 0
[2026-07-19 13:45:53,547] 39 root - INFO - [Attacker] Label flip: 17 samples class 4 \u2192 class 0
[2026-07-19 13:45:53,555] 39 root - INFO - [Attacker] Label flip: 12 samples class 4 \u2192 class 0
[2026-07-19 13:45:53,626] 39 root - INFO - [Attacker] Label flip: 14 samples class 4 \u2192 class 0
[2026-07-19 13:45:53,659] 39 root - INFO - [Attacker] Label flip: 7 samples class 4 \u2192 class 0
[2026-07-19 13:45:53,667] 39 root - INFO - [Attacker] Label flip: 10 samples class 4 \u2192 class 0
[2026-07-19 13:45:53,675] 39 root - INFO - [Attacker] Label flip: 15 samples class 4 \u2192 class 0
[2026-07-19 13:45:53,683] 39 root - INFO - [Attacker] Label flip: 14 samples class 4 \u2192 class 0
[2026-07-19 13:45:53,689] 39 root - INFO - [Attacker] Label flip: 10 samples class 4 \u2192 class 0
[2026-07-19 13:45:53,707] 39 root - INFO - [Attacker] Label flip: 14 samples class 4 \u2192 class 0
[2026-07-19 13:45:53,715] 39 root - INFO - [Attacker] Label flip: 16 samples class 4 \u2192 class 0
[2026-07-19 13:45:53,722] 39 root - INFO - [Attacker] Label flip: 15 samples class 4 \u2192 class 0
[2026-07-19 13:45:53,731] 39 root - INFO - [Attacker] Label flip: 15 samples class 4 \u2192 class 0
[2026-07-19 13:45:53,740] 39 root - INFO - [Attacker] Label flip: 10 samples class 4 \u2192 class 0
[2026-07-19 13:45:53,748] 39 root - INFO - [Attacker] Label flip: 14 samples class 4 \u2192 class 0
[2026-07-19 13:45:53,756] 39 root - INFO - [Attacker] Label flip: 12 samples class 4 \u2192 class 0
[2026-07-19 13:45:53,764] 39 root - INFO - [Attacker] Label flip: 9 samples class 4 \u2192 class 0
[2026-07-19 13:45:53,772] 39 root - INFO - [Attacker] Label flip: 14 samples class 4 \u2192 class 0
[2026-07-19 13:45:53,780] 39 root - INFO - [Attacker] Label flip: 12 samples class 4 \u2192 class 0
[2026-07-19 13:45:53,788] 39 root - INFO - [Attacker] Label flip: 10 samples class 4 \u2192 class 0
[2026-07-19 13:45:53,796] 39 root - INFO - [Attacker] Label flip: 13 samples class 4 \u2192 class 0
[2026-07-19 13:45:53,806] 39 root - INFO - [Attacker] Label flip: 11 samples class 4 \u2192 class 0
[2026-07-19 13:45:53,814] 39 root - INFO - [Attacker] Label flip: 9 samples class 4 \u2192 class 0
[2026-07-19 13:45:53,822] 39 root - INFO - [Attacker] Label flip: 22 samples class 4 \u2192 class 0
[2026-07-19 13:45:53,830] 39 root - INFO - [Attacker] Label flip: 5 samples class 4 \u2192 class 0
[2026-07-19 13:45:53,842] 39 root - INFO - [Attacker] Label flip: 12 samples class 4 \u2192 class 0
[2026-07-19 13:45:53,850] 39 root - INFO - [Attacker] Label flip: 17 samples class 4 \u2192 class 0
[2026-07-19 13:45:53,857] 39 root - INFO - [Attacker] Label flip: 11 samples class 4 \u2192 class 0
[2026-07-19 13:45:53,863] 39 root - INFO - [Attacker] Label flip: 14 samples class 4 \u2192 class 0
[2026-07-19 13:45:53,871] 39 root - INFO - [Attacker] Label flip: 15 samples class 4 \u2192 class 0
[2026-07-19 13:45:53,881] 39 root - INFO - [Attacker] Label flip: 8 samples class 4 \u2192 class 0
[2026-07-19 13:45:53,891] 39 root - INFO - [Attacker] Label flip: 10 samples class 4 \u2192 class 0
[2026-07-19 13:45:53,900] 39 root - INFO - [Attacker] Label flip: 11 samples class 4 \u2192 class 0
[2026-07-19 13:45:53,907] 39 root - INFO - [Attacker] Label flip: 14 samples class 4 \u2192 class 0
[2026-07-19 13:45:53,917] 39 root - INFO - [Attacker] Label flip: 10 samples class 4 \u2192 class 0
[2026-07-19 13:45:53,925] 39 root - INFO - [Attacker] Label flip: 15 samples class 4 \u2192 class 0
[2026-07-19 13:45:53,933] 39 root - INFO - [Attacker] Label flip: 11 samples class 4 \u2192 class 0
[2026-07-19 13:45:53,942] 39 root - INFO - [Attacker] Label flip: 8 samples class 4 \u2192 class 0
[2026-07-19 13:45:53,950] 39 root - INFO - [Attacker] Label flip: 12 samples class 4 \u2192 class 0
[2026-07-19 13:45:53,956] 39 root - INFO - [Attacker] Label flip: 11 samples class 4 \u2192 class 0
[2026-07-19 13:45:53,964] 39 root - INFO - [Attacker] Label flip: 18 samples class 4 \u2192 class 0
[2026-07-19 13:45:53,972] 39 root - INFO - [Attacker] Label flip: 18 samples class 4 \u2192 class 0
[2026-07-19 13:45:53,984] 39 root - INFO - [Attacker] Label flip: 8 samples class 4 \u2192 class 0
[2026-07-19 13:45:53,991] 39 root - INFO - [Attacker] Label flip: 12 samples class 4 \u2192 class 0
[2026-07-19 13:45:53,999] 39 root - INFO - [Attacker] Label flip: 18 samples class 4 \u2192 class 0
[2026-07-19 13:45:54,005] 39 root - INFO - [Attacker] Label flip: 8 samples class 4 \u2192 class 0
[2026-07-19 13:45:54,015] 39 root - INFO - [Attacker] Label flip: 18 samples class 4 \u2192 class 0
[2026-07-19 13:45:54,023] 39 root - INFO - [Attacker] Label flip: 13 samples class 4 \u2192 class 0
[2026-07-19 13:45:54,030] 39 root - INFO - [Attacker] Label flip: 12 samples class 4 \u2192 class 0
[2026-07-19 13:45:54,038] 39 root - INFO - [Attacker] Label flip: 14 samples class 4 \u2192 class 0
[2026-07-19 13:45:54,045] 39 root - INFO - [Attacker] Label flip: 16 samples class 4 \u2192 class 0
[2026-07-19 13:45:54,053] 39 root - INFO - [Attacker] Label flip: 13 samples class 4 \u2192 class 0
[2026-07-19 13:45:54,062] 39 root - INFO - [Attacker] Label flip: 8 samples class 4 \u2192 class 0
[2026-07-19 13:45:54,068] 39 root - INFO - [Attacker] Label flip: 14 samples class 4 \u2192 class 0
[2026-07-19 13:45:54,076] 39 root - INFO - [Attacker] Label flip: 8 samples class 4 \u2192 class 0
[2026-07-19 13:45:54,084] 39 root - INFO - [Attacker] Label flip: 12 samples class 4 \u2192 class 0
[2026-07-19 13:45:54,092] 39 root - INFO - [Attacker] Label flip: 11 samples class 4 \u2192 class 0
[2026-07-19 13:45:54,100] 39 root - INFO - [Attacker] Label flip: 20 samples class 4 \u2192 class 0
[2026-07-19 13:45:54,108] 39 root - INFO - [Attacker] Label flip: 10 samples class 4 \u2192 class 0
[2026-07-19 13:45:54,119] 39 root - INFO - [Attacker] Label flip: 13 samples class 4 \u2192 class 0
[2026-07-19 13:45:54,127] 39 root - INFO - [Attacker] Label flip: 17 samples class 4 \u2192 class 0
[2026-07-19 13:45:54,135] 39 root - INFO - [Attacker] Label flip: 16 samples class 4 \u2192 class 0
[2026-07-19 13:45:54,141] 39 root - INFO - [Attacker] Label flip: 16 samples class 4 \u2192 class 0
[2026-07-19 13:45:54,149] 39 root - INFO - [Attacker] Label flip: 9 samples class 4 \u2192 class 0
[2026-07-19 13:45:54,157] 39 root - INFO - [Attacker] Label flip: 16 samples class 4 \u2192 class 0
[2026-07-19 13:45:54,165] 39 root - INFO - [Attacker] Label flip: 13 samples class 4 \u2192 class 0
[2026-07-19 13:45:54,173] 39 root - INFO - [Attacker] Label flip: 4 samples class 4 \u2192 class 0
[2026-07-19 13:45:54,181] 39 root - INFO - [Attacker] Label flip: 14 samples class 4 \u2192 class 0
[2026-07-19 13:45:54,200] 39 root - INFO - [Attacker] Label flip: 11 samples class 4 \u2192 class 0
[2026-07-19 13:45:54,208] 39 root - INFO - [Attacker] Label flip: 16 samples class 4 \u2192 class 0
[2026-07-19 13:45:54,218] 39 root - INFO - [Attacker] Label flip: 14 samples class 4 \u2192 class 0
[2026-07-19 13:45:54,226] 39 root - INFO - [Attacker] Label flip: 13 samples class 4 \u2192 class 0
[2026-07-19 13:45:54,234] 39 root - INFO - [Attacker] Label flip: 15 samples class 4 \u2192 class 0
[2026-07-19 13:45:54,242] 39 root - INFO - [Attacker] Label flip: 11 samples class 4 \u2192 class 0
[2026-07-19 13:45:54,250] 39 root - INFO - [Attacker] Label flip: 11 samples class 4 \u2192 class 0
[2026-07-19 13:45:54,258] 39 root - INFO - [Attacker] Label flip: 14 samples class 4 \u2192 class 0
[2026-07-19 13:45:54,266] 39 root - INFO - [Attacker] Label flip: 7 samples class 4 \u2192 class 0
[2026-07-19 13:45:54,274] 39 root - INFO - [Attacker] Label flip: 9 samples class 4 \u2192 class 0
[2026-07-19 13:45:54,281] 39 root - INFO - [Attacker] Label flip: 12 samples class 4 \u2192 class 0
[2026-07-19 13:45:54,289] 39 root - INFO - [Attacker] Label flip: 12 samples class 4 \u2192 class 0
[2026-07-19 13:45:54,297] 39 root - INFO - [Attacker] Label flip: 7 samples class 4 \u2192 class 0
[2026-07-19 13:45:54,305] 39 root - INFO - [Attacker] Label flip: 10 samples class 4 \u2192 class 0
[2026-07-19 13:45:54,313] 39 root - INFO - [Attacker] Label flip: 19 samples class 4 \u2192 class 0
[2026-07-19 13:45:54,323] 39 root - INFO - [Attacker] Label flip: 16 samples class 4 \u2192 class 0
[2026-07-19 13:45:54,331] 39 root - INFO - [Attacker] Label flip: 18 samples class 4 \u2192 class 0
[2026-07-19 13:45:54,339] 39 root - INFO - [Attacker] Label flip: 18 samples class 4 \u2192 class 0
[2026-07-19 13:45:54,348] 39 root - INFO - [Attacker] Label flip: 8 samples class 4 \u2192 class 0
[2026-07-19 13:45:54,356] 39 root - INFO - [Attacker] Label flip: 12 samples class 4 \u2192 class 0
[2026-07-19 13:45:54,363] 39 root - INFO - [Attacker] Label flip: 17 samples class 4 \u2192 class 0
[2026-07-19 13:45:54,371] 39 root - INFO - [Attacker] Label flip: 18 samples class 4 \u2192 class 0
[2026-07-19 13:45:54,379] 39 root - INFO - [Attacker] Label flip: 12 samples class 4 \u2192 class 0
[2026-07-19 13:45:54,390] 39 root - INFO - [Attacker] Label flip: 13 samples class 4 \u2192 class 0
[2026-07-19 13:45:54,397] 39 root - INFO - [Attacker] Label flip: 9 samples class 4 \u2192 class 0
[2026-07-19 13:45:54,405] 39 root - INFO - [Attacker] Label flip: 8 samples class 4 \u2192 class 0
[2026-07-19 13:45:54,413] 39 root - INFO - [Attacker] Label flip: 11 samples class 4 \u2192 class 0
[2026-07-19 13:45:54,421] 39 root - INFO - [Attacker] Label flip: 15 samples class 4 \u2192 class 0
[2026-07-19 13:45:54,429] 39 root - INFO - [Attacker] Label flip: 11 samples class 4 \u2192 class 0
[2026-07-19 13:45:54,437] 39 root - INFO - [Attacker] Label flip: 12 samples class 4 \u2192 class 0
[2026-07-19 13:45:54,445] 39 root - INFO - [Attacker] Label flip: 14 samples class 4 \u2192 class 0
[2026-07-19 13:45:54,453] 39 root - INFO - [Attacker] Label flip: 14 samples class 4 \u2192 class 0
[2026-07-19 13:45:54,461] 39 root - INFO - [Attacker] Label flip: 20 samples class 4 \u2192 class 0
[2026-07-19 13:45:54,469] 39 root - INFO - [Attacker] Label flip: 12 samples class 4 \u2192 class 0
[2026-07-19 13:45:54,476] 39 root - INFO - [Attacker] Label flip: 10 samples class 4 \u2192 class 0
[2026-07-19 13:45:54,484] 39 root - INFO - [Attacker] Label flip: 13 samples class 4 \u2192 class 0
[2026-07-19 13:45:54,500] 39 root - INFO - [Attacker] Label flip: 18 samples class 4 \u2192 class 0
[2026-07-19 13:45:54,508] 39 root - INFO - [Attacker] Label flip: 13 samples class 4 \u2192 class 0
[2026-07-19 13:45:54,520] 39 root - INFO - [Attacker] Label flip: 17 samples class 4 \u2192 class 0
[2026-07-19 13:45:54,528] 39 root - INFO - [Attacker] Label flip: 8 samples class 4 \u2192 class 0
[2026-07-19 13:45:54,548] 39 root - INFO - [Attacker] Label flip: 13 samples class 4 \u2192 class 0
[2026-07-19 13:45:54,555] 39 root - INFO - [Attacker] Label flip: 10 samples class 4 \u2192 class 0
[2026-07-19 13:45:54,561] 39 root - INFO - [Attacker] Label flip: 16 samples class 4 \u2192 class 0
[2026-07-19 13:45:54,569] 39 root - INFO - [Attacker] Label flip: 18 samples class 4 \u2192 class 0
[2026-07-19 13:45:54,581] 39 root - INFO - [Attacker] Label flip: 12 samples class 4 \u2192 class 0
[2026-07-19 13:45:54,591] 39 root - INFO - [Attacker] Label flip: 15 samples class 4 \u2192 class 0
[2026-07-19 13:45:54,599] 39 root - INFO - [Attacker] Label flip: 14 samples class 4 \u2192 class 0
[2026-07-19 13:45:54,607] 39 root - INFO - [Attacker] Label flip: 22 samples class 4 \u2192 class 0
[2026-07-19 13:45:54,616] 39 root - INFO - [Attacker] Label flip: 9 samples class 4 \u2192 class 0
[2026-07-19 13:45:54,624] 39 root - INFO - [Attacker] Label flip: 7 samples class 4 \u2192 class 0
[2026-07-19 13:45:54,632] 39 root - INFO - [Attacker] Label flip: 18 samples class 4 \u2192 class 0
[2026-07-19 13:45:54,640] 39 root - INFO - [Attacker] Label flip: 12 samples class 4 \u2192 class 0
[2026-07-19 13:45:54,652] 39 root - INFO - [Attacker] Label flip: 10 samples class 4 \u2192 class 0
[2026-07-19 13:45:54,660] 39 root - INFO - [Attacker] Label flip: 10 samples class 4 \u2192 class 0
[2026-07-19 13:45:54,668] 39 root - INFO - [Attacker] Label flip: 9 samples class 4 \u2192 class 0
[2026-07-19 13:45:54,676] 39 root - INFO - [Attacker] Label flip: 14 samples class 4 \u2192 class 0
[2026-07-19 13:45:54,684] 39 root - INFO - [Attacker] Label flip: 16 samples class 4 \u2192 class 0
[2026-07-19 13:45:54,692] 39 root - INFO - [Attacker] Label flip: 12 samples class 4 \u2192 class 0
[2026-07-19 13:45:54,700] 39 root - INFO - [Attacker] Label flip: 10 samples class 4 \u2192 class 0
[2026-07-19 13:45:54,706] 39 root - INFO - [Attacker] Label flip: 11 samples class 4 \u2192 class 0
[2026-07-19 13:45:54,713] 39 root - INFO - [Attacker] Label flip: 13 samples class 4 \u2192 class 0
[2026-07-19 13:45:54,723] 39 root - INFO - [Attacker] Label flip: 12 samples class 4 \u2192 class 0
[2026-07-19 13:45:54,731] 39 root - INFO - [Attacker] Label flip: 16 samples class 4 \u2192 class 0
[2026-07-19 13:45:54,737] 39 root - INFO - [Attacker] Label flip: 19 samples class 4 \u2192 class 0
[2026-07-19 13:45:54,745] 39 root - INFO - [Attacker] Label flip: 16 samples class 4 \u2192 class 0
[2026-07-19 13:45:54,753] 39 root - INFO - [Attacker] Label flip: 17 samples class 4 \u2192 class 0
[2026-07-19 13:45:54,769] 39 root - INFO - [Attacker] Label flip: 14 samples class 4 \u2192 class 0
[2026-07-19 13:45:54,776] 39 root - INFO - [Attacker] Label flip: 15 samples class 4 \u2192 class 0
[2026-07-19 13:45:54,783] 39 root - INFO - [Attacker] Label flip: 19 samples class 4 \u2192 class 0
[2026-07-19 13:45:54,790] 39 root - INFO - [Attacker] Label flip: 12 samples class 4 \u2192 class 0
[2026-07-19 13:45:54,800] 39 root - INFO - [Attacker] Label flip: 14 samples class 4 \u2192 class 0
[2026-07-19 13:45:54,808] 39 root - INFO - [Attacker] Label flip: 8 samples class 4 \u2192 class 0
[2026-07-19 13:45:54,816] 39 root - INFO - [Attacker] Label flip: 10 samples class 4 \u2192 class 0
[2026-07-19 13:45:54,824] 39 root - INFO - [Attacker] Label flip: 6 samples class 4 \u2192 class 0
[2026-07-19 13:45:55,012] 39 root - INFO - [Attacker] Label flip: 14 samples class 4 \u2192 class 0
[2026-07-19 13:45:55,020] 39 root - INFO - [Attacker] Label flip: 15 samples class 4 \u2192 class 0
[2026-07-19 13:45:55,027] 39 root - INFO - [Attacker] Label flip: 11 samples class 4 \u2192 class 0
[2026-07-19 13:45:55,035] 39 root - INFO - [Attacker] Label flip: 15 samples class 4 \u2192 class 0
[2026-07-19 13:45:55,041] 39 root - INFO - [Attacker] Label flip: 13 samples class 4 \u2192 class 0
[2026-07-19 13:45:55,049] 39 root - INFO - [Attacker] Label flip: 16 samples class 4 \u2192 class 0
[2026-07-19 13:45:55,057] 39 root - INFO - [Attacker] Label flip: 16 samples class 4 \u2192 class 0
[2026-07-19 13:45:55,069] 39 root - INFO - [Attacker] Label flip: 17 samples class 4 \u2192 class 0
[2026-07-19 13:45:55,077] 39 root - INFO - [Attacker] Label flip: 12 samples class 4 \u2192 class 0
[2026-07-19 13:45:55,086] 39 root - INFO - [Attacker] Label flip: 12 samples class 4 \u2192 class 0
[2026-07-19 13:45:55,094] 39 root - INFO - [Attacker] Label flip: 19 samples class 4 \u2192 class 0
[2026-07-19 13:45:55,101] 39 root - INFO - [Attacker] Label flip: 10 samples class 4 \u2192 class 0
[2026-07-19 13:45:55,111] 39 root - INFO - [Attacker] Label flip: 10 samples class 4 \u2192 class 0
[2026-07-19 13:45:55,118] 39 root - INFO - [Attacker] Label flip: 11 samples class 4 \u2192 class 0
[2026-07-19 13:45:55,126] 39 root - INFO - [Attacker] Label flip: 14 samples class 4 \u2192 class 0
[2026-07-19 13:45:55,134] 39 root - INFO - [Attacker] Label flip: 10 samples class 4 \u2192 class 0
[2026-07-19 13:45:55,152] 39 root - INFO - [Attacker] Label flip: 17 samples class 4 \u2192 class 0
[2026-07-19 13:45:55,160] 39 root - INFO - [Attacker] Label flip: 12 samples class 4 \u2192 class 0
[2026-07-19 13:45:55,168] 39 root - INFO - [Attacker] Label flip: 13 samples class 4 \u2192 class 0
[2026-07-19 13:45:55,174] 39 root - INFO - [Attacker] Label flip: 9 samples class 4 \u2192 class 0
[2026-07-19 13:45:55,182] 39 root - INFO - [Attacker] Label flip: 7 samples class 4 \u2192 class 0
[2026-07-19 13:45:55,190] 39 root - INFO - [Attacker] Label flip: 8 samples class 4 \u2192 class 0
[2026-07-19 13:45:55,197] 39 root - INFO - [Attacker] Label flip: 13 samples class 4 \u2192 class 0
[2026-07-19 13:45:55,205] 39 root - INFO - [Attacker] Label flip: 15 samples class 4 \u2192 class 0
[2026-07-19 13:45:55,215] 39 root - INFO - [Attacker] Label flip: 10 samples class 4 \u2192 class 0
[2026-07-19 13:45:55,223] 39 root - INFO - [Attacker] Label flip: 11 samples class 4 \u2192 class 0
[2026-07-19 13:45:55,231] 39 root - INFO - [Attacker] Label flip: 13 samples class 4 \u2192 class 0
[2026-07-19 13:45:55,239] 39 root - INFO - [Attacker] Label flip: 8 samples class 4 \u2192 class 0
[2026-07-19 13:45:55,249] 39 root - INFO - [Attacker] Label flip: 13 samples class 4 \u2192 class 0
[2026-07-19 13:45:55,257] 39 root - INFO - [Attacker] Label flip: 20 samples class 4 \u2192 class 0
[2026-07-19 13:45:55,263] 39 root - INFO - [Attacker] Label flip: 22 samples class 4 \u2192 class 0
[2026-07-19 13:45:55,272] 39 root - INFO - [Attacker] Label flip: 17 samples class 4 \u2192 class 0
[2026-07-19 13:45:55,280] 39 root - INFO - [Attacker] Label flip: 7 samples class 4 \u2192 class 0
[2026-07-19 13:45:55,288] 39 root - INFO - [Attacker] Label flip: 18 samples class 4 \u2192 class 0
[2026-07-19 13:45:55,298] 39 root - INFO - [Attacker] Label flip: 10 samples class 4 \u2192 class 0
[2026-07-19 13:45:55,305] 39 root - INFO - [Attacker] Label flip: 12 samples class 4 \u2192 class 0
[2026-07-19 13:45:55,311] 39 root - INFO - [Attacker] Label flip: 15 samples class 4 \u2192 class 0
[2026-07-19 13:45:55,324] 39 root - INFO - [Attacker] Label flip: 4 samples class 4 \u2192 class 0
[2026-07-19 13:45:55,330] 39 root - INFO - [Attacker] Label flip: 6 samples class 4 \u2192 class 0
[2026-07-19 13:45:55,338] 39 root - INFO - [Attacker] Label flip: 8 samples class 4 \u2192 class 0
[2026-07-19 13:45:55,346] 39 root - INFO - [Attacker] Label flip: 11 samples class 4 \u2192 class 0
[2026-07-19 13:45:55,356] 39 root - INFO - [Attacker] Label flip: 13 samples class 4 \u2192 class 0
[2026-07-19 13:45:55,366] 39 root - INFO - [Attacker] Label flip: 14 samples class 4 \u2192 class 0
[2026-07-19 13:45:55,372] 39 root - INFO - [Attacker] Label flip: 16 samples class 4 \u2192 class 0
[2026-07-19 13:45:55,380] 39 root - INFO - [Attacker] Label flip: 12 samples class 4 \u2192 class 0
[2026-07-19 13:45:55,399] 39 root - INFO - [Attacker] Label flip: 15 samples class 4 \u2192 class 0
[2026-07-19 13:45:55,408] 39 root - INFO - [Attacker] Label flip: 11 samples class 4 \u2192 class 0
[2026-07-19 13:45:55,416] 39 root - INFO - [Attacker] Label flip: 10 samples class 4 \u2192 class 0
[2026-07-19 13:45:55,423] 39 root - INFO - [Attacker] Label flip: 12 samples class 4 \u2192 class 0
[2026-07-19 13:45:55,443] 39 root - INFO - [Attacker] Label flip: 17 samples class 4 \u2192 class 0
[2026-07-19 13:45:55,449] 39 root - INFO - [Attacker] Label flip: 15 samples class 4 \u2192 class 0
[2026-07-19 13:45:55,456] 39 root - INFO - [Attacker] Label flip: 13 samples class 4 \u2192 class 0
[2026-07-19 13:45:55,465] 39 root - INFO - [Attacker] Label flip: 10 samples class 4 \u2192 class 0
[2026-07-19 13:45:55,476] 39 root - INFO - [Attacker] Label flip: 8 samples class 4 \u2192 class 0
[2026-07-19 13:45:55,484] 39 root - INFO - [Attacker] Label flip: 13 samples class 4 \u2192 class 0
[2026-07-19 13:45:55,492] 39 root - INFO - [Attacker] Label flip: 6 samples class 4 \u2192 class 0
[2026-07-19 13:45:55,500] 39 root - INFO - [Attacker] Label flip: 17 samples class 4 \u2192 class 0
[2026-07-19 13:45:55,508] 39 root - INFO - [Attacker] Label flip: 12 samples class 4 \u2192 class 0
[2026-07-19 13:45:55,516] 39 root - INFO - [Attacker] Label flip: 16 samples class 4 \u2192 class 0
[2026-07-19 13:45:55,522] 39 root - INFO - [Attacker] Label flip: 16 samples class 4 \u2192 class 0
[2026-07-19 13:45:55,534] 39 root - INFO - [Attacker] Label flip: 10 samples class 4 \u2192 class 0
[2026-07-19 13:45:55,542] 39 root - INFO - [Attacker] Label flip: 12 samples class 4 \u2192 class 0
[2026-07-19 13:45:55,551] 39 root - INFO - [Attacker] Label flip: 16 samples class 4 \u2192 class 0
[2026-07-19 13:45:55,559] 39 root - INFO - [Attacker] Label flip: 14 samples class 4 \u2192 class 0
[2026-07-19 13:45:55,567] 39 root - INFO - [Attacker] Label flip: 14 samples class 4 \u2192 class 0
[2026-07-19 13:45:55,575] 39 root - INFO - [Attacker] Label flip: 15 samples class 4 \u2192 class 0
[2026-07-19 13:45:55,583] 39 root - INFO - [Attacker] Label flip: 16 samples class 4 \u2192 class 0
[2026-07-19 13:45:55,590] 39 root - INFO - [Attacker] Label flip: 18 samples class 4 \u2192 class 0
[2026-07-19 13:45:55,598] 39 root - INFO - [Attacker] Label flip: 9 samples class 4 \u2192 class 0
[2026-07-19 13:45:55,606] 39 root - INFO - [Attacker] Label flip: 15 samples class 4 \u2192 class 0
[2026-07-19 13:45:55,614] 39 root - INFO - [Attacker] Label flip: 8 samples class 4 \u2192 class 0
[2026-07-19 13:45:55,622] 39 root - INFO - [Attacker] Label flip: 10 samples class 4 \u2192 class 0
[2026-07-19 13:45:55,630] 39 root - INFO - [Attacker] Label flip: 10 samples class 4 \u2192 class 0
[2026-07-19 13:45:55,638] 39 root - INFO - [Attacker] Label flip: 13 samples class 4 \u2192 class 0
[2026-07-19 13:45:55,645] 39 root - INFO - [Attacker] Label flip: 13 samples class 4 \u2192 class 0
[2026-07-19 13:45:55,653] 39 root - INFO - [Attacker] Label flip: 14 samples class 4 \u2192 class 0
[2026-07-19 13:45:55,661] 39 root - INFO - [Attacker] Label flip: 13 samples class 4 \u2192 class 0
[2026-07-19 13:45:55,669] 39 root - INFO - [Attacker] Label flip: 14 samples class 4 \u2192 class 0
[2026-07-19 13:45:55,677] 39 root - INFO - [Attacker] Label flip: 12 samples class 4 \u2192 class 0
[2026-07-19 13:45:55,685] 39 root - INFO - [Attacker] Label flip: 9 samples class 4 \u2192 class 0
[2026-07-19 13:45:55,693] 39 root - INFO - [Attacker] Label flip: 8 samples class 4 \u2192 class 0
[2026-07-19 13:45:55,701] 39 root - INFO - [Attacker] Label flip: 13 samples class 4 \u2192 class 0
[2026-07-19 13:45:55,709] 39 root - INFO - [Attacker] Label flip: 18 samples class 4 \u2192 class 0
[2026-07-19 13:45:55,717] 39 root - INFO - [Attacker] Label flip: 7 samples class 4 \u2192 class 0
[2026-07-19 13:45:55,725] 39 root - INFO - [Attacker] Label flip: 8 samples class 4 \u2192 class 0
[2026-07-19 13:45:55,732] 39 root - INFO - [Attacker] Label flip: 10 samples class 4 \u2192 class 0
[2026-07-19 13:45:55,742] 39 root - INFO - [Attacker] Label flip: 15 samples class 4 \u2192 class 0
[2026-07-19 13:45:55,750] 39 root - INFO - [Attacker] Label flip: 11 samples class 4 \u2192 class 0
[2026-07-19 13:45:55,758] 39 root - INFO - [Attacker] Label flip: 12 samples class 4 \u2192 class 0
[2026-07-19 13:45:55,766] 39 root - INFO - [Attacker] Label flip: 17 samples class 4 \u2192 class 0
[2026-07-19 13:45:55,774] 39 root - INFO - [Attacker] Label flip: 12 samples class 4 \u2192 class 0
[2026-07-19 13:45:55,782] 39 root - INFO - [Attacker] Label flip: 11 samples class 4 \u2192 class 0
[2026-07-19 13:45:55,790] 39 root - INFO - [Attacker] Label flip: 13 samples class 4 \u2192 class 0
[2026-07-19 13:45:55,798] 39 root - INFO - [Attacker] Label flip: 13 samples class 4 \u2192 class 0
[2026-07-19 13:45:55,804] 39 root - INFO - [Attacker] Label flip: 10 samples class 4 \u2192 class 0
[2026-07-19 13:45:55,814] 39 root - INFO - [Attacker] Label flip: 16 samples class 4 \u2192 class 0
[2026-07-19 13:45:55,822] 39 root - INFO - [Attacker] Label flip: 11 samples class 4 \u2192 class 0
[2026-07-19 13:45:55,829] 39 root - INFO - [Attacker] Label flip: 8 samples class 4 \u2192 class 0
[2026-07-19 13:45:55,837] 39 root - INFO - [Attacker] Label flip: 16 samples class 4 \u2192 class 0
[2026-07-19 13:45:55,843] 39 root - INFO - [Attacker] Label flip: 13 samples class 4 \u2192 class 0
[2026-07-19 13:45:55,851] 39 root - INFO - [Attacker] Label flip: 10 samples class 4 \u2192 class 0
[2026-07-19 13:45:55,861] 39 root - INFO - [Attacker] Label flip: 16 samples class 4 \u2192 class 0
[2026-07-19 13:45:55,868] 39 root - INFO - [Attacker] Label flip: 13 samples class 4 \u2192 class 0
[2026-07-19 13:45:55,877] 39 root - INFO - [Attacker] Label flip: 16 samples class 4 \u2192 class 0
[2026-07-19 13:45:55,885] 39 root - INFO - [Attacker] Label flip: 12 samples class 4 \u2192 class 0
[2026-07-19 13:45:55,891] 39 root - INFO - [Attacker] Label flip: 12 samples class 4 \u2192 class 0
[2026-07-19 13:45:55,899] 39 root - INFO - [Attacker] Label flip: 11 samples class 4 \u2192 class 0
[2026-07-19 13:45:55,909] 39 root - INFO - [Attacker] Label flip: 11 samples class 4 \u2192 class 0
[2026-07-19 13:45:55,915] 39 root - INFO - [Attacker] Label flip: 13 samples class 4 \u2192 class 0
[2026-07-19 13:45:55,923] 39 root - INFO - [Attacker] Label flip: 11 samples class 4 \u2192 class 0
[2026-07-19 13:45:55,931] 39 root - INFO - [Attacker] Label flip: 13 samples class 4 \u2192 class 0
[2026-07-19 13:45:55,940] 39 root - INFO - [Attacker] Label flip: 8 samples class 4 \u2192 class 0
[2026-07-19 13:45:55,947] 39 root - INFO - [Attacker] Label flip: 8 samples class 4 \u2192 class 0
[2026-07-19 13:45:55,955] 39 root - INFO - [Attacker] Label flip: 11 samples class 4 \u2192 class 0
[2026-07-19 13:45:55,963] 39 root - INFO - [Attacker] Label flip: 18 samples class 4 \u2192 class 0
[2026-07-19 13:45:55,971] 39 root - INFO - [Attacker] Label flip: 14 samples class 4 \u2192 class 0
[2026-07-19 13:45:55,979] 39 root - INFO - [Attacker] Label flip: 13 samples class 4 \u2192 class 0
[2026-07-19 13:45:55,987] 39 root - INFO - [Attacker] Label flip: 11 samples class 4 \u2192 class 0
[2026-07-19 13:45:55,994] 39 root - INFO - [Attacker] Label flip: 12 samples class 4 \u2192 class 0
[2026-07-19 13:45:56,000] 39 root - INFO - [Attacker] Label flip: 14 samples class 4 \u2192 class 0
[2026-07-19 13:45:56,008] 39 root - INFO - [Attacker] Label flip: 11 samples class 4 \u2192 class 0
[2026-07-19 13:45:56,016] 39 root - INFO - [Attacker] Label flip: 15 samples class 4 \u2192 class 0
[2026-07-19 13:45:56,024] 39 root - INFO - [Attacker] Label flip: 14 samples class 4 \u2192 class 0
[2026-07-19 13:45:56,032] 39 root - INFO - [Attacker] Label flip: 12 samples class 4 \u2192 class 0
[2026-07-19 13:45:56,040] 39 root - INFO - [Attacker] Label flip: 7 samples class 4 \u2192 class 0
[2026-07-19 13:45:56,048] 39 root - INFO - [Attacker] Label flip: 12 samples class 4 \u2192 class 0
[2026-07-19 13:45:56,056] 39 root - INFO - [Attacker] Label flip: 12 samples class 4 \u2192 class 0
[2026-07-19 13:45:56,064] 39 root - INFO - [Attacker] Label flip: 17 samples class 4 \u2192 class 0
[2026-07-19 13:45:56,072] 39 root - INFO - [Attacker] Label flip: 21 samples class 4 \u2192 class 0
[2026-07-19 13:45:56,080] 39 root - INFO - [Attacker] Label flip: 10 samples class 4 \u2192 class 0
[2026-07-19 13:45:56,088] 39 root - INFO - [Attacker] Label flip: 13 samples class 4 \u2192 class 0
[2026-07-19 13:45:56,096] 39 root - INFO - [Attacker] Label flip: 10 samples class 4 \u2192 class 0
[2026-07-19 13:45:56,104] 39 root - INFO - [Attacker] Label flip: 11 samples class 4 \u2192 class 0
[2026-07-19 13:45:56,111] 39 root - INFO - [Attacker] Label flip: 14 samples class 4 \u2192 class 0
[2026-07-19 13:45:56,117] 39 root - INFO - [Attacker] Label flip: 14 samples class 4 \u2192 class 0
[2026-07-19 13:45:56,125] 39 root - INFO - [Attacker] Label flip: 19 samples class 4 \u2192 class 0
[2026-07-19 13:45:56,133] 39 root - INFO - [Attacker] Label flip: 11 samples class 4 \u2192 class 0
[2026-07-19 13:45:56,141] 39 root - INFO - [Attacker] Label flip: 10 samples class 4 \u2192 class 0
[2026-07-19 13:45:56,149] 39 root - INFO - [Attacker] Label flip: 11 samples class 4 \u2192 class 0
[2026-07-19 13:45:56,157] 39 root - INFO - [Attacker] Label flip: 13 samples class 4 \u2192 class 0
[2026-07-19 13:45:56,165] 39 root - INFO - [Attacker] Label flip: 7 samples class 4 \u2192 class 0
[2026-07-19 13:45:56,183] 39 root - INFO - [Attacker] Label flip: 11 samples class 4 \u2192 class 0
[2026-07-19 13:45:56,190] 39 root - INFO - [Attacker] Label flip: 13 samples class 4 \u2192 class 0
[2026-07-19 13:45:56,198] 39 root - INFO - [Attacker] Label flip: 15 samples class 4 \u2192 class 0
[2026-07-19 13:45:56,206] 39 root - INFO - [Attacker] Label flip: 14 samples class 4 \u2192 class 0
[2026-07-19 13:45:56,224] 39 root - INFO - [Attacker] Label flip: 14 samples class 4 \u2192 class 0
[2026-07-19 13:45:56,232] 39 root - INFO - [Attacker] Label flip: 18 samples class 4 \u2192 class 0
[2026-07-19 13:45:56,240] 39 root - INFO - [Attacker] Label flip: 19 samples class 4 \u2192 class 0
[2026-07-19 13:45:56,248] 39 root - INFO - [Attacker] Label flip: 9 samples class 4 \u2192 class 0
[2026-07-19 13:45:56,256] 39 root - INFO - [Attacker] Label flip: 11 samples class 4 \u2192 class 0
[2026-07-19 13:45:56,263] 39 root - INFO - [Attacker] Label flip: 15 samples class 4 \u2192 class 0
[2026-07-19 13:45:56,269] 39 root - INFO - [Attacker] Label flip: 13 samples class 4 \u2192 class 0
[2026-07-19 13:45:56,277] 39 root - INFO - [Attacker] Label flip: 12 samples class 4 \u2192 class 0
[2026-07-19 13:45:56,285] 39 root - INFO - [Attacker] Label flip: 7 samples class 4 \u2192 class 0
[2026-07-19 13:45:56,294] 39 root - INFO - [Attacker] Label flip: 9 samples class 4 \u2192 class 0
[2026-07-19 13:45:56,301] 39 root - INFO - [Attacker] Label flip: 10 samples class 4 \u2192 class 0
[2026-07-19 13:45:56,309] 39 root - INFO - [Attacker] Label flip: 13 samples class 4 \u2192 class 0
[2026-07-19 13:45:56,317] 39 root - INFO - [Attacker] Label flip: 12 samples class 4 \u2192 class 0
[2026-07-19 13:45:56,327] 39 root - INFO - [Attacker] Label flip: 10 samples class 4 \u2192 class 0
[2026-07-19 13:45:56,335] 39 root - INFO - [Attacker] Label flip: 16 samples class 4 \u2192 class 0
[2026-07-19 13:45:56,341] 39 root - INFO - [Attacker] Label flip: 18 samples class 4 \u2192 class 0
[2026-07-19 13:45:56,348] 39 root - INFO - [Attacker] Label flip: 13 samples class 4 \u2192 class 0
[2026-07-19 13:45:56,362] 39 root - INFO - [Attacker] Label flip: 12 samples class 4 \u2192 class 0
[2026-07-19 13:45:56,370] 39 root - INFO - [Attacker] Label flip: 10 samples class 4 \u2192 class 0
[2026-07-19 13:45:56,378] 39 root - INFO - [Attacker] Label flip: 16 samples class 4 \u2192 class 0
[2026-07-19 13:45:56,386] 39 root - INFO - [Attacker] Label flip: 19 samples class 4 \u2192 class 0
[2026-07-19 13:45:56,398] 39 root - INFO - [Attacker] Label flip: 14 samples class 4 \u2192 class 0
[2026-07-19 13:45:56,404] 39 root - INFO - [Attacker] Label flip: 16 samples class 4 \u2192 class 0
[2026-07-19 13:45:56,412] 39 root - INFO - [Attacker] Label flip: 15 samples class 4 \u2192 class 0
[2026-07-19 13:45:56,436] 39 root - INFO - [Attacker] Label flip: 18 samples class 4 \u2192 class 0
[2026-07-19 13:45:56,454] 39 root - INFO - [Attacker] Label flip: 15 samples class 4 \u2192 class 0
[2026-07-19 13:45:56,462] 39 root - INFO - [Attacker] Label flip: 14 samples class 4 \u2192 class 0
[2026-07-19 13:45:56,471] 39 root - INFO - [Attacker] Label flip: 16 samples class 4 \u2192 class 0
[2026-07-19 13:45:56,479] 39 root - INFO - [Attacker] Label flip: 10 samples class 4 \u2192 class 0
[2026-07-19 13:45:56,497] 39 root - INFO - [Attacker] Label flip: 12 samples class 4 \u2192 class 0
[2026-07-19 13:45:56,507] 39 root - INFO - [Attacker] Label flip: 16 samples class 4 \u2192 class 0
[2026-07-19 13:45:56,515] 39 root - INFO - [Attacker] Label flip: 19 samples class 4 \u2192 class 0
[2026-07-19 13:45:56,522] 39 root - INFO - [Attacker] Label flip: 12 samples class 4 \u2192 class 0
[2026-07-19 13:45:56,540] 39 root - INFO - [Attacker] Label flip: 16 samples class 4 \u2192 class 0
[2026-07-19 13:45:56,550] 39 root - INFO - [Attacker] Label flip: 16 samples class 4 \u2192 class 0
[2026-07-19 13:45:56,558] 39 root - INFO - [Attacker] Label flip: 10 samples class 4 \u2192 class 0
[2026-07-19 13:45:56,566] 39 root - INFO - [Attacker] Label flip: 18 samples class 4 \u2192 class 0
[2026-07-19 13:45:56,574] 39 root - INFO - [Attacker] Label flip: 5 samples class 4 \u2192 class 0
[2026-07-19 13:45:56,582] 39 root - INFO - [Attacker] Label flip: 8 samples class 4 \u2192 class 0
[2026-07-19 13:45:56,590] 39 root - INFO - [Attacker] Label flip: 11 samples class 4 \u2192 class 0
[2026-07-19 13:45:56,598] 39 root - INFO - [Attacker] Label flip: 13 samples class 4 \u2192 class 0
[2026-07-19 13:45:56,606] 39 root - INFO - [Attacker] Label flip: 3 samples class 4 \u2192 class 0
[2026-07-19 13:45:56,614] 39 root - INFO - [Attacker] Label flip: 6 samples class 4 \u2192 class 0
[2026-07-19 13:45:56,622] 39 root - INFO - [Attacker] Label flip: 11 samples class 4 \u2192 class 0
[2026-07-19 13:45:56,629] 39 root - INFO - [Attacker] Label flip: 15 samples class 4 \u2192 class 0
[2026-07-19 13:45:56,637] 39 root - INFO - [Attacker] Label flip: 11 samples class 4 \u2192 class 0
[2026-07-19 13:45:56,645] 39 root - INFO - [Attacker] Label flip: 8 samples class 4 \u2192 class 0
[2026-07-19 13:45:56,653] 39 root - INFO - [Attacker] Label flip: 14 samples class 4 \u2192 class 0
[2026-07-19 13:45:56,661] 39 root - INFO - [Attacker] Label flip: 11 samples class 4 \u2192 class 0
[2026-07-19 13:45:56,669] 39 root - INFO - [Attacker] Label flip: 7 samples class 4 \u2192 class 0
[2026-07-19 13:45:56,677] 39 root - INFO - [Attacker] Label flip: 14 samples class 4 \u2192 class 0
[2026-07-19 13:45:56,686] 39 root - INFO - [Attacker] Label flip: 12 samples class 4 \u2192 class 0
[2026-07-19 13:45:56,692] 39 root - INFO - [Attacker] Label flip: 13 samples class 4 \u2192 class 0
[2026-07-19 13:45:56,700] 39 root - INFO - [Attacker] Label flip: 10 samples class 4 \u2192 class 0
[2026-07-19 13:45:56,710] 39 root - INFO - [Attacker] Label flip: 8 samples class 4 \u2192 class 0
[2026-07-19 13:45:56,718] 39 root - INFO - [Attacker] Label flip: 16 samples class 4 \u2192 class 0
[2026-07-19 13:45:56,726] 39 root - INFO - [Attacker] Label flip: 15 samples class 4 \u2192 class 0
[2026-07-19 13:45:56,734] 39 root - INFO - [Attacker] Label flip: 15 samples class 4 \u2192 class 0
[2026-07-19 13:45:56,742] 39 root - INFO - [Attacker] Label flip: 13 samples class 4 \u2192 class 0
[2026-07-19 13:45:56,750] 39 root - INFO - [Attacker] Label flip: 13 samples class 4 \u2192 class 0
[2026-07-19 13:45:56,758] 39 root - INFO - [Attacker] Label flip: 12 samples class 4 \u2192 class 0
[2026-07-19 13:45:56,766] 39 root - INFO - [Attacker] Label flip: 11 samples class 4 \u2192 class 0
[2026-07-19 13:45:56,773] 39 root - INFO - [Attacker] Label flip: 14 samples class 4 \u2192 class 0
[2026-07-19 13:45:56,789] 39 root - INFO - [Attacker] Label flip: 11 samples class 4 \u2192 class 0
[2026-07-19 13:45:56,797] 39 root - INFO - [Attacker] Label flip: 18 samples class 4 \u2192 class 0
[2026-07-19 13:45:56,805] 39 root - INFO - [Attacker] Label flip: 16 samples class 4 \u2192 class 0
[2026-07-19 13:45:56,813] 39 root - INFO - [Attacker] Label flip: 7 samples class 4 \u2192 class 0
[2026-07-19 13:45:56,824] 39 root - INFO - [Attacker] Label flip: 10 samples class 4 \u2192 class 0
[2026-07-19 13:45:56,833] 39 root - INFO - [Attacker] Label flip: 19 samples class 4 \u2192 class 0
[2026-07-19 13:45:56,840] 39 root - INFO - [Attacker] Label flip: 14 samples class 4 \u2192 class 0
[2026-07-19 13:45:56,848] 39 root - INFO - [Attacker] Label flip: 16 samples class 4 \u2192 class 0
[2026-07-19 13:45:56,856] 39 root - INFO - [Attacker] Label flip: 11 samples class 4 \u2192 class 0
[2026-07-19 13:45:56,864] 39 root - INFO - [Attacker] Label flip: 10 samples class 4 \u2192 class 0
[2026-07-19 13:45:56,872] 39 root - INFO - [Attacker] Label flip: 12 samples class 4 \u2192 class 0
[2026-07-19 13:45:56,880] 39 root - INFO - [Attacker] Label flip: 9 samples class 4 \u2192 class 0
[2026-07-19 13:45:56,888] 39 root - INFO - [Attacker] Label flip: 11 samples class 4 \u2192 class 0
[2026-07-19 13:45:56,896] 39 root - INFO - [Attacker] Label flip: 11 samples class 4 \u2192 class 0
[2026-07-19 13:45:56,903] 39 root - INFO - [Attacker] Label flip: 15 samples class 4 \u2192 class 0
[2026-07-19 13:45:56,911] 39 root - INFO - [Attacker] Label flip: 9 samples class 4 \u2192 class 0
[2026-07-19 13:45:56,921] 39 root - INFO - [Attacker] Label flip: 12 samples class 4 \u2192 class 0
[2026-07-19 13:45:56,931] 39 root - INFO - [Attacker] Label flip: 14 samples class 4 \u2192 class 0
[2026-07-19 13:45:56,939] 39 root - INFO - [Attacker] Label flip: 18 samples class 4 \u2192 class 0
[2026-07-19 13:45:56,947] 39 root - INFO - [Attacker] Label flip: 14 samples class 4 \u2192 class 0
[2026-07-19 13:45:56,955] 39 root - INFO - [Attacker] Label flip: 9 samples class 4 \u2192 class 0
[2026-07-19 13:45:56,963] 39 root - INFO - [Attacker] Label flip: 9 samples class 4 \u2192 class 0
[2026-07-19 13:45:56,971] 39 root - INFO - [Attacker] Label flip: 11 samples class 4 \u2192 class 0
[2026-07-19 13:45:56,978] 39 root - INFO - [Attacker] Label flip: 9 samples class 4 \u2192 class 0
[2026-07-19 13:45:56,986] 39 root - INFO - [Attacker] Label flip: 11 samples class 4 \u2192 class 0
[2026-07-19 13:45:56,993] 39 root - INFO - [Attacker] Label flip: 10 samples class 4 \u2192 class 0
[2026-07-19 13:45:57,001] 39 root - INFO - [Attacker] Label flip: 7 samples class 4 \u2192 class 0
[2026-07-19 13:45:57,009] 39 root - INFO - [Attacker] Label flip: 8 samples class 4 \u2192 class 0
[2026-07-19 13:45:57,017] 39 root - INFO - [Attacker] Label flip: 15 samples class 4 \u2192 class 0
[2026-07-19 13:45:57,025] 39 root - INFO - [Attacker] Label flip: 14 samples class 4 \u2192 class 0
[2026-07-19 13:45:57,034] 39 root - INFO - [Attacker] Label flip: 12 samples class 4 \u2192 class 0
[2026-07-19 13:45:57,041] 39 root - INFO - [Attacker] Label flip: 11 samples class 4 \u2192 class 0
[2026-07-19 13:45:57,047] 39 root - INFO - [Attacker] Label flip: 17 samples class 4 \u2192 class 0
[2026-07-19 13:45:57,055] 39 root - INFO - [Attacker] Label flip: 11 samples class 4 \u2192 class 0
[2026-07-19 13:45:57,063] 39 root - INFO - [Attacker] Label flip: 11 samples class 4 \u2192 class 0
[2026-07-19 13:45:57,071] 39 root - INFO - [Attacker] Label flip: 14 samples class 4 \u2192 class 0
[2026-07-19 13:45:57,079] 39 root - INFO - [Attacker] Label flip: 16 samples class 4 \u2192 class 0
[2026-07-19 13:45:57,087] 39 root - INFO - [Attacker] Label flip: 17 samples class 4 \u2192 class 0
[2026-07-19 13:45:57,095] 39 root - INFO - [Attacker] Label flip: 19 samples class 4 \u2192 class 0
[2026-07-19 13:45:57,103] 39 root - INFO - [Attacker] Label flip: 13 samples class 4 \u2192 class 0
[2026-07-19 13:45:57,111] 39 root - INFO - [Attacker] Label flip: 12 samples class 4 \u2192 class 0
[2026-07-19 13:45:57,119] 39 root - INFO - [Attacker] Label flip: 18 samples class 4 \u2192 class 0
[2026-07-19 13:45:57,126] 39 root - INFO - [Attacker] Label flip: 14 samples class 4 \u2192 class 0
[2026-07-19 13:45:57,134] 39 root - INFO - [Attacker] Label flip: 10 samples class 4 \u2192 class 0
[2026-07-19 13:45:57,142] 39 root - INFO - [Attacker] Label flip: 16 samples class 4 \u2192 class 0
[2026-07-19 13:45:57,150] 39 root - INFO - [Attacker] Label flip: 14 samples class 4 \u2192 class 0
[2026-07-19 13:45:57,160] 39 root - INFO - [Attacker] Label flip: 15 samples class 4 \u2192 class 0
[2026-07-19 13:45:57,168] 39 root - INFO - [Attacker] Label flip: 8 samples class 4 \u2192 class 0
[2026-07-19 13:45:57,176] 39 root - INFO - [Attacker] Label flip: 15 samples class 4 \u2192 class 0
[2026-07-19 13:45:57,183] 39 root - INFO - [Attacker] Label flip: 11 samples class 4 \u2192 class 0
[2026-07-19 13:45:57,192] 39 root - INFO - [Attacker] Label flip: 21 samples class 4 \u2192 class 0
[2026-07-19 13:45:57,199] 39 root - INFO - [Attacker] Label flip: 7 samples class 4 \u2192 class 0
[2026-07-19 13:45:57,207] 39 root - INFO - [Attacker] Label flip: 7 samples class 4 \u2192 class 0
[2026-07-19 13:45:57,215] 39 root - INFO - [Attacker] Label flip: 17 samples class 4 \u2192 class 0
[2026-07-19 13:45:57,233] 39 root - INFO - [Attacker] Label flip: 14 samples class 4 \u2192 class 0
[2026-07-19 13:45:57,241] 39 root - INFO - [Attacker] Label flip: 12 samples class 4 \u2192 class 0
[2026-07-19 13:45:57,249] 39 root - INFO - [Attacker] Label flip: 10 samples class 4 \u2192 class 0
[2026-07-19 13:45:57,258] 39 root - INFO - [Attacker] Label flip: 11 samples class 4 \u2192 class 0
[2026-07-19 13:45:57,267] 39 root - INFO - [Attacker] Label flip: 18 samples class 4 \u2192 class 0
[2026-07-19 13:45:57,275] 39 root - INFO - [Attacker] Label flip: 10 samples class 4 \u2192 class 0
[2026-07-19 13:45:57,283] 39 root - INFO - [Attacker] Label flip: 10 samples class 4 \u2192 class 0
[2026-07-19 13:45:57,291] 39 root - INFO - [Attacker] Label flip: 11 samples class 4 \u2192 class 0
[2026-07-19 13:45:57,298] 39 root - INFO - [Attacker] Label flip: 21 samples class 4 \u2192 class 0
[2026-07-19 13:45:57,306] 39 root - INFO - [Attacker] Label flip: 11 samples class 4 \u2192 class 0
[2026-07-19 13:45:57,314] 39 root - INFO - [Attacker] Label flip: 14 samples class 4 \u2192 class 0
[2026-07-19 13:45:57,322] 39 root - INFO - [Attacker] Label flip: 7 samples class 4 \u2192 class 0
[2026-07-19 13:45:57,330] 39 root - INFO - [Attacker] Label flip: 8 samples class 4 \u2192 class 0
[2026-07-19 13:45:57,338] 39 root - INFO - [Attacker] Label flip: 9 samples class 4 \u2192 class 0
[2026-07-19 13:45:57,346] 39 root - INFO - [Attacker] Label flip: 16 samples class 4 \u2192 class 0
[2026-07-19 13:45:57,352] 39 root - INFO - [Attacker] Label flip: 6 samples class 4 \u2192 class 0
[2026-07-19 13:45:57,360] 39 root - INFO - [Attacker] Label flip: 12 samples class 4 \u2192 class 0
[2026-07-19 13:45:57,368] 39 root - INFO - [Attacker] Label flip: 7 samples class 4 \u2192 class 0
[2026-07-19 13:45:57,376] 39 root - INFO - [Attacker] Label flip: 9 samples class 4 \u2192 class 0
[2026-07-19 13:45:57,384] 39 root - INFO - [Attacker] Label flip: 13 samples class 4 \u2192 class 0
[2026-07-19 13:45:57,391] 39 root - INFO - [Attacker] Label flip: 10 samples class 4 \u2192 class 0
[2026-07-19 13:45:57,399] 39 root - INFO - [Attacker] Label flip: 19 samples class 4 \u2192 class 0
[2026-07-19 13:45:57,407] 39 root - INFO - [Attacker] Label flip: 11 samples class 4 \u2192 class 0
[2026-07-19 13:45:57,415] 39 root - INFO - [Attacker] Label flip: 17 samples class 4 \u2192 class 0
[2026-07-19 13:45:57,423] 39 root - INFO - [Attacker] Label flip: 10 samples class 4 \u2192 class 0
[2026-07-19 13:45:57,431] 39 root - INFO - [Attacker] Label flip: 15 samples class 4 \u2192 class 0
[2026-07-19 13:45:57,439] 39 root - INFO - [Attacker] Label flip: 12 samples class 4 \u2192 class 0
[2026-07-19 13:45:57,447] 39 root - INFO - [Attacker] Label flip: 12 samples class 4 \u2192 class 0
[2026-07-19 13:45:57,455] 39 root - INFO - [Attacker] Label flip: 12 samples class 4 \u2192 class 0
[2026-07-19 13:45:57,463] 39 root - INFO - [Attacker] Label flip: 12 samples class 4 \u2192 class 0
[2026-07-19 13:45:57,472] 39 root - INFO - [Attacker] Label flip: 18 samples class 4 \u2192 class 0
[2026-07-19 13:45:57,480] 39 root - INFO - [Attacker] Label flip: 13 samples class 4 \u2192 class 0
[2026-07-19 13:45:57,488] 39 root - INFO - [Attacker] Label flip: 15 samples class 4 \u2192 class 0
[2026-07-19 13:45:57,496] 39 root - INFO - [Attacker] Label flip: 11 samples class 4 \u2192 class 0
[2026-07-19 13:45:57,506] 39 root - INFO - [Attacker] Label flip: 20 samples class 4 \u2192 class 0
[2026-07-19 13:45:57,514] 39 root - INFO - [Attacker] Label flip: 17 samples class 4 \u2192 class 0
[2026-07-19 13:45:57,523] 39 root - INFO - [Attacker] Label flip: 11 samples class 4 \u2192 class 0
[2026-07-19 13:45:57,530] 39 root - INFO - [Attacker] Label flip: 12 samples class 4 \u2192 class 0
[2026-07-19 13:45:57,548] 39 root - INFO - [Attacker] Label flip: 11 samples class 4 \u2192 class 0
[2026-07-19 13:45:57,556] 39 root - INFO - [Attacker] Label flip: 13 samples class 4 \u2192 class 0
[2026-07-19 13:45:57,564] 39 root - INFO - [Attacker] Label flip: 14 samples class 4 \u2192 class 0
[2026-07-19 13:45:57,573] 39 root - INFO - [Attacker] Label flip: 14 samples class 4 \u2192 class 0
[2026-07-19 13:45:57,591] 39 root - INFO - [Attacker] Label flip: 7 samples class 4 \u2192 class 0
[2026-07-19 13:45:57,597] 39 root - INFO - [Attacker] Label flip: 13 samples class 4 \u2192 class 0
[2026-07-19 13:45:57,605] 39 root - INFO - [Attacker] Label flip: 7 samples class 4 \u2192 class 0
[2026-07-19 13:45:57,613] 39 root - INFO - [Attacker] Label flip: 16 samples class 4 \u2192 class 0
[2026-07-19 13:45:57,623] 39 root - INFO - [Attacker] Label flip: 8 samples class 4 \u2192 class 0
[2026-07-19 13:45:57,629] 39 root - INFO - [Attacker] Label flip: 9 samples class 4 \u2192 class 0
[2026-07-19 13:45:57,637] 39 root - INFO - [Attacker] Label flip: 11 samples class 4 \u2192 class 0
[2026-07-19 13:45:57,645] 39 root - INFO - [Attacker] Label flip: 7 samples class 4 \u2192 class 0
[2026-07-19 13:45:57,653] 39 root - INFO - [Attacker] Label flip: 19 samples class 4 \u2192 class 0
[2026-07-19 13:45:57,661] 39 root - INFO - [Attacker] Label flip: 10 samples class 4 \u2192 class 0
[2026-07-19 13:45:57,668] 39 root - INFO - [Attacker] Label flip: 12 samples class 4 \u2192 class 0
[2026-07-19 13:45:57,676] 39 root - INFO - [Attacker] Label flip: 11 samples class 4 \u2192 class 0
[2026-07-19 13:45:57,684] 39 root - INFO - [Attacker] Label flip: 12 samples class 4 \u2192 class 0
[2026-07-19 13:45:57,692] 39 root - INFO - [Attacker] Label flip: 11 samples class 4 \u2192 class 0
[2026-07-19 13:45:57,700] 39 root - INFO - [Attacker] Label flip: 15 samples class 4 \u2192 class 0
[2026-07-19 13:45:57,708] 39 root - INFO - [Attacker] Label flip: 14 samples class 4 \u2192 class 0
[2026-07-19 13:45:57,716] 39 root - INFO - [Attacker] Label flip: 12 samples class 4 \u2192 class 0
[2026-07-19 13:45:57,726] 39 root - INFO - [Attacker] Label flip: 11 samples class 4 \u2192 class 0
[2026-07-19 13:45:57,734] 39 root - INFO - [Attacker] Label flip: 15 samples class 4 \u2192 class 0
[2026-07-19 13:45:57,742] 39 root - INFO - [Attacker] Label flip: 11 samples class 4 \u2192 class 0
[2026-07-19 13:45:57,749] 39 root - INFO - [Attacker] Label flip: 9 samples class 4 \u2192 class 0
[2026-07-19 13:45:57,757] 39 root - INFO - [Attacker] Label flip: 8 samples class 4 \u2192 class 0
[2026-07-19 13:45:57,765] 39 root - INFO - [Attacker] Label flip: 10 samples class 4 \u2192 class 0
[2026-07-19 13:45:57,773] 39 root - INFO - [Attacker] Label flip: 11 samples class 4 \u2192 class 0
[2026-07-19 13:45:57,781] 39 root - INFO - [Attacker] Label flip: 11 samples class 4 \u2192 class 0
[2026-07-19 13:45:57,789] 39 root - INFO - [Attacker] Label flip: 11 samples class 4 \u2192 class 0
[2026-07-19 13:45:57,797] 39 root - INFO - [Attacker] Label flip: 10 samples class 4 \u2192 class 0
[2026-07-19 13:45:57,805] 39 root - INFO - [Attacker] Label flip: 11 samples class 4 \u2192 class 0
[2026-07-19 13:45:57,813] 39 root - INFO - [Attacker] Label flip: 14 samples class 4 \u2192 class 0
[2026-07-19 13:45:57,821] 39 root - INFO - [Attacker] Label flip: 24 samples class 4 \u2192 class 0
[2026-07-19 13:45:57,833] 39 root - INFO - [Attacker] Label flip: 9 samples class 4 \u2192 class 0
[2026-07-19 13:45:57,841] 39 root - INFO - [Attacker] Label flip: 11 samples class 4 \u2192 class 0
[2026-07-19 13:45:57,849] 39 root - INFO - [Attacker] Label flip: 10 samples class 4 \u2192 class 0
[2026-07-19 13:45:57,855] 39 root - INFO - [Attacker] Label flip: 10 samples class 4 \u2192 class 0
[2026-07-19 13:45:57,864] 39 root - INFO - [Attacker] Label flip: 11 samples class 4 \u2192 class 0
[2026-07-19 13:45:57,870] 39 root - INFO - [Attacker] Label flip: 11 samples class 4 \u2192 class 0
[2026-07-19 13:45:57,880] 39 root - INFO - [Attacker] Label flip: 18 samples class 4 \u2192 class 0
[2026-07-19 13:45:57,888] 39 root - INFO - [Attacker] Label flip: 9 samples class 4 \u2192 class 0
[2026-07-19 13:45:57,896] 39 root - INFO - [Attacker] Label flip: 9 samples class 4 \u2192 class 0
[2026-07-19 13:45:57,904] 39 root - INFO - [Attacker] Label flip: 12 samples class 4 \u2192 class 0
[2026-07-19 13:45:57,912] 39 root - INFO - [Attacker] Label flip: 7 samples class 4 \u2192 class 0
[2026-07-19 13:45:57,920] 39 root - INFO - [Attacker] Label flip: 12 samples class 4 \u2192 class 0
[2026-07-19 13:45:57,928] 39 root - INFO - [Attacker] Label flip: 7 samples class 4 \u2192 class 0
[2026-07-19 13:45:57,936] 39 root - INFO - [Attacker] Label flip: 17 samples class 4 \u2192 class 0
[2026-07-19 13:45:57,943] 39 root - INFO - [Attacker] Label flip: 12 samples class 4 \u2192 class 0
[2026-07-19 13:45:57,951] 39 root - INFO - [Attacker] Label flip: 15 samples class 4 \u2192 class 0
[2026-07-19 13:45:57,961] 39 root - INFO - [Attacker] Label flip: 15 samples class 4 \u2192 class 0
[2026-07-19 13:45:57,969] 39 root - INFO - [Attacker] Label flip: 11 samples class 4 \u2192 class 0
[2026-07-19 13:45:57,977] 39 root - INFO - [Attacker] Label flip: 9 samples class 4 \u2192 class 0
[2026-07-19 13:45:57,985] 39 root - INFO - [Attacker] Label flip: 7 samples class 4 \u2192 class 0
[2026-07-19 13:45:57,993] 39 root - INFO - [Attacker] Label flip: 17 samples class 4 \u2192 class 0
[2026-07-19 13:45:58,003] 39 root - INFO - [Attacker] Label flip: 17 samples class 4 \u2192 class 0
[2026-07-19 13:45:58,009] 39 root - INFO - [Attacker] Label flip: 12 samples class 4 \u2192 class 0
[2026-07-19 13:45:58,016] 39 root - INFO - [Attacker] Label flip: 14 samples class 4 \u2192 class 0
[2026-07-19 13:45:58,024] 39 root - INFO - [Attacker] Label flip: 6 samples class 4 \u2192 class 0
[2026-07-19 13:45:58,034] 39 root - INFO - [Attacker] Label flip: 18 samples class 4 \u2192 class 0
[2026-07-19 13:45:58,040] 39 root - INFO - [Attacker] Label flip: 11 samples class 4 \u2192 class 0
[2026-07-19 13:45:58,051] 39 root - INFO - [Attacker] Label flip: 18 samples class 4 \u2192 class 0
[2026-07-19 13:45:58,059] 39 root - INFO - [Attacker] Label flip: 18 samples class 4 \u2192 class 0
[2026-07-19 13:45:58,069] 39 root - INFO - [Attacker] Label flip: 12 samples class 4 \u2192 class 0
[2026-07-19 13:45:58,077] 39 root - INFO - [Attacker] Label flip: 15 samples class 4 \u2192 class 0
[2026-07-19 13:45:58,085] 39 root - INFO - [Attacker] Label flip: 16 samples class 4 \u2192 class 0
[2026-07-19 13:45:58,091] 39 root - INFO - [Attacker] Label flip: 14 samples class 4 \u2192 class 0
[2026-07-19 13:45:58,099] 39 root - INFO - [Attacker] Label flip: 15 samples class 4 \u2192 class 0
[2026-07-19 13:45:58,107] 39 root - INFO - [Attacker] Label flip: 6 samples class 4 \u2192 class 0
[2026-07-19 13:45:58,115] 39 root - INFO - [Attacker] Label flip: 10 samples class 4 \u2192 class 0
[2026-07-19 13:45:58,123] 39 root - INFO - [Attacker] Label flip: 19 samples class 4 \u2192 class 0
[2026-07-19 13:45:58,130] 39 root - INFO - [Attacker] Label flip: 12 samples class 4 \u2192 class 0
[2026-07-19 13:45:58,138] 39 root - INFO - [Attacker] Label flip: 12 samples class 4 \u2192 class 0
[2026-07-19 13:45:58,146] 39 root - INFO - [Attacker] Label flip: 11 samples class 4 \u2192 class 0
[2026-07-19 13:45:58,154] 39 root - INFO - [Attacker] Label flip: 16 samples class 4 \u2192 class 0
[2026-07-19 13:45:58,162] 39 root - INFO - [Attacker] Label flip: 12 samples class 4 \u2192 class 0
[2026-07-19 13:45:58,169] 39 root - INFO - [Attacker] Label flip: 19 samples class 4 \u2192 class 0
[2026-07-19 13:45:58,176] 39 root - INFO - [Attacker] Label flip: 7 samples class 4 \u2192 class 0
[2026-07-19 13:45:58,184] 39 root - INFO - [Attacker] Label flip: 13 samples class 4 \u2192 class 0
[2026-07-19 13:45:58,192] 39 root - INFO - [Attacker] Label flip: 12 samples class 4 \u2192 class 0
[2026-07-19 13:45:58,200] 39 root - INFO - [Attacker] Label flip: 14 samples class 4 \u2192 class 0
[2026-07-19 13:45:58,208] 39 root - INFO - [Attacker] Label flip: 12 samples class 4 \u2192 class 0
[2026-07-19 13:45:58,216] 39 root - INFO - [Attacker] Label flip: 15 samples class 4 \u2192 class 0
[2026-07-19 13:45:58,223] 39 root - INFO - [Attacker] Label flip: 9 samples class 4 \u2192 class 0
[2026-07-19 13:45:58,231] 39 root - INFO - [Attacker] Label flip: 14 samples class 4 \u2192 class 0
[2026-07-19 13:45:58,239] 39 root - INFO - [Attacker] Label flip: 10 samples class 4 \u2192 class 0
[2026-07-19 13:45:58,245] 39 root - INFO - [Attacker] Label flip: 15 samples class 4 \u2192 class 0
[2026-07-19 13:45:58,253] 39 root - INFO - [Attacker] Label flip: 5 samples class 4 \u2192 class 0
[2026-07-19 13:45:58,261] 39 root - INFO - [Attacker] Label flip: 13 samples class 4 \u2192 class 0
[2026-07-19 13:45:58,269] 39 root - INFO - [Attacker] Label flip: 9 samples class 4 \u2192 class 0
[2026-07-19 13:45:58,277] 39 root - INFO - [Attacker] Label flip: 16 samples class 4 \u2192 class 0
[2026-07-19 13:45:58,285] 39 root - INFO - [Attacker] Label flip: 7 samples class 4 \u2192 class 0
[2026-07-19 13:45:58,304] 39 root - INFO - [Attacker] Label flip: 16 samples class 4 \u2192 class 0
[2026-07-19 13:45:58,310] 39 root - INFO - [Attacker] Label flip: 20 samples class 4 \u2192 class 0
[2026-07-19 13:45:58,318] 39 root - INFO - [Attacker] Label flip: 9 samples class 4 \u2192 class 0
[2026-07-19 13:45:58,326] 39 root - INFO - [Attacker] Label flip: 10 samples class 4 \u2192 class 0
[2026-07-19 13:45:58,336] 39 root - INFO - [Attacker] Label flip: 12 samples class 4 \u2192 class 0
[2026-07-19 13:45:58,344] 39 root - INFO - [Attacker] Label flip: 14 samples class 4 \u2192 class 0
[2026-07-19 13:45:58,352] 39 root - INFO - [Attacker] Label flip: 14 samples class 4 \u2192 class 0
[2026-07-19 13:45:58,360] 39 root - INFO - [Attacker] Label flip: 12 samples class 4 \u2192 class 0
[2026-07-19 13:45:58,367] 39 root - INFO - [Attacker] Label flip: 10 samples class 4 \u2192 class 0
[2026-07-19 13:45:58,375] 39 root - INFO - [Attacker] Label flip: 7 samples class 4 \u2192 class 0
[2026-07-19 13:45:58,383] 39 root - INFO - [Attacker] Label flip: 13 samples class 4 \u2192 class 0
[2026-07-19 13:45:58,389] 39 root - INFO - [Attacker] Label flip: 13 samples class 4 \u2192 class 0
[2026-07-19 13:45:58,397] 39 root - INFO - [Attacker] Label flip: 10 samples class 4 \u2192 class 0
[2026-07-19 13:45:58,407] 39 root - INFO - [Attacker] Label flip: 17 samples class 4 \u2192 class 0
[2026-07-19 13:45:58,415] 39 root - INFO - [Attacker] Label flip: 9 samples class 4 \u2192 class 0
[2026-07-19 13:45:58,421] 39 root - INFO - [Attacker] Label flip: 16 samples class 4 \u2192 class 0
[2026-07-19 13:45:58,428] 39 root - INFO - [Attacker] Label flip: 13 samples class 4 \u2192 class 0
[2026-07-19 13:45:58,436] 39 root - INFO - [Attacker] Label flip: 10 samples class 4 \u2192 class 0
[2026-07-19 13:45:58,444] 39 root - INFO - [Attacker] Label flip: 9 samples class 4 \u2192 class 0
[2026-07-19 13:45:58,452] 39 root - INFO - [Attacker] Label flip: 12 samples class 4 \u2192 class 0
[2026-07-19 13:45:58,460] 39 root - INFO - [Attacker] Label flip: 8 samples class 4 \u2192 class 0
[2026-07-19 13:45:58,468] 39 root - INFO - [Attacker] Label flip: 12 samples class 4 \u2192 class 0
[2026-07-19 13:45:58,478] 39 root - INFO - [Attacker] Label flip: 16 samples class 4 \u2192 class 0
[2026-07-19 13:45:58,486] 39 root - INFO - [Attacker] Label flip: 13 samples class 4 \u2192 class 0
[2026-07-19 13:45:58,493] 39 root - INFO - [Attacker] Label flip: 6 samples class 4 \u2192 class 0
[2026-07-19 13:45:58,501] 39 root - INFO - [Attacker] Label flip: 13 samples class 4 \u2192 class 0
[2026-07-19 13:45:58,509] 39 root - INFO - [Attacker] Label flip: 9 samples class 4 \u2192 class 0
[2026-07-19 13:45:58,515] 39 root - INFO - [Attacker] Label flip: 10 samples class 4 \u2192 class 0
[2026-07-19 13:45:58,523] 39 root - INFO - [Attacker] Label flip: 15 samples class 4 \u2192 class 0
[2026-07-19 13:45:58,539] 39 root - INFO - [Attacker] Label flip: 12 samples class 4 \u2192 class 0
[2026-07-19 13:45:58,547] 39 root - INFO - [Attacker] Label flip: 13 samples class 4 \u2192 class 0
[2026-07-19 13:45:58,555] 39 root - INFO - [Attacker] Label flip: 18 samples class 4 \u2192 class 0
[2026-07-19 13:45:58,563] 39 root - INFO - [Attacker] Label flip: 11 samples class 4 \u2192 class 0
[2026-07-19 13:45:58,572] 39 root - INFO - [Attacker] Label flip: 12 samples class 4 \u2192 class 0
[2026-07-19 13:45:58,582] 39 root - INFO - [Attacker] Label flip: 14 samples class 4 \u2192 class 0
[2026-07-19 13:45:58,590] 39 root - INFO - [Attacker] Label flip: 15 samples class 4 \u2192 class 0
[2026-07-19 13:45:58,598] 39 root - INFO - [Attacker] Label flip: 12 samples class 4 \u2192 class 0
[2026-07-19 13:45:58,605] 39 root - INFO - [Attacker] Label flip: 14 samples class 4 \u2192 class 0
[2026-07-19 13:45:58,632] 39 root - INFO - [Attacker] Label flip: 13 samples class 4 \u2192 class 0
[2026-07-19 13:45:58,650] 39 root - INFO - [Attacker] Label flip: 8 samples class 4 \u2192 class 0
[2026-07-19 13:45:58,658] 39 root - INFO - [Attacker] Label flip: 10 samples class 4 \u2192 class 0
[2026-07-19 13:45:58,666] 39 root - INFO - [Attacker] Label flip: 14 samples class 4 \u2192 class 0
[2026-07-19 13:45:58,676] 39 root - INFO - [Attacker] Label flip: 17 samples class 4 \u2192 class 0
[2026-07-19 13:45:58,684] 39 root - INFO - [Attacker] Label flip: 14 samples class 4 \u2192 class 0
[2026-07-19 13:45:58,692] 39 root - INFO - [Attacker] Label flip: 16 samples class 4 \u2192 class 0
[2026-07-19 13:45:58,699] 39 root - INFO - [Attacker] Label flip: 16 samples class 4 \u2192 class 0
[2026-07-19 13:45:58,707] 39 root - INFO - [Attacker] Label flip: 16 samples class 4 \u2192 class 0
[2026-07-19 13:45:58,713] 39 root - INFO - [Attacker] Label flip: 12 samples class 4 \u2192 class 0
[2026-07-19 13:45:58,722] 39 root - INFO - [Attacker] Label flip: 7 samples class 4 \u2192 class 0
[2026-07-19 13:45:58,729] 39 root - INFO - [Attacker] Label flip: 8 samples class 4 \u2192 class 0
[2026-07-19 13:45:58,737] 39 root - INFO - [Attacker] Label flip: 19 samples class 4 \u2192 class 0
[2026-07-19 13:45:58,745] 39 root - INFO - [Attacker] Label flip: 14 samples class 4 \u2192 class 0
[2026-07-19 13:45:58,753] 39 root - INFO - [Attacker] Label flip: 11 samples class 4 \u2192 class 0
[2026-07-19 13:45:58,761] 39 root - INFO - [Attacker] Label flip: 11 samples class 4 \u2192 class 0
[2026-07-19 13:45:58,769] 39 root - INFO - [Attacker] Label flip: 11 samples class 4 \u2192 class 0
[2026-07-19 13:45:58,777] 39 root - INFO - [Attacker] Label flip: 14 samples class 4 \u2192 class 0
[2026-07-19 13:45:58,785] 39 root - INFO - [Attacker] Label flip: 11 samples class 4 \u2192 class 0
[2026-07-19 13:45:58,793] 39 root - INFO - [Attacker] Label flip: 15 samples class 4 \u2192 class 0
[2026-07-19 13:45:58,801] 39 root - INFO - [Attacker] Label flip: 12 samples class 4 \u2192 class 0
[2026-07-19 13:45:58,808] 39 root - INFO - [Attacker] Label flip: 12 samples class 4 \u2192 class 0
[2026-07-19 13:45:58,816] 39 root - INFO - [Attacker] Label flip: 17 samples class 4 \u2192 class 0
[2026-07-19 13:45:58,824] 39 root - INFO - [Attacker] Label flip: 18 samples class 4 \u2192 class 0
[2026-07-19 13:45:58,840] 39 root - INFO - [Attacker] Label flip: 13 samples class 4 \u2192 class 0
[2026-07-19 13:45:58,848] 39 root - INFO - [Attacker] Label flip: 11 samples class 4 \u2192 class 0
[2026-07-19 13:45:58,856] 39 root - INFO - [Attacker] Label flip: 12 samples class 4 \u2192 class 0
[2026-07-19 13:45:58,864] 39 root - INFO - [Attacker] Label flip: 18 samples class 4 \u2192 class 0
[2026-07-19 13:45:58,872] 39 root - INFO - [Attacker] Label flip: 5 samples class 4 \u2192 class 0
[2026-07-19 13:45:58,880] 39 root - INFO - [Attacker] Label flip: 10 samples class 4 \u2192 class 0
[2026-07-19 13:45:58,888] 39 root - INFO - [Attacker] Label flip: 12 samples class 4 \u2192 class 0
[2026-07-19 13:45:58,896] 39 root - INFO - [Attacker] Label flip: 15 samples class 4 \u2192 class 0
[2026-07-19 13:45:58,903] 39 root - INFO - [Attacker] Label flip: 9 samples class 4 \u2192 class 0
[2026-07-19 13:45:58,911] 39 root - INFO - [Attacker] Label flip: 17 samples class 4 \u2192 class 0
[2026-07-19 13:45:58,919] 39 root - INFO - [Attacker] Label flip: 7 samples class 4 \u2192 class 0
[2026-07-19 13:45:58,927] 39 root - INFO - [Attacker] Label flip: 11 samples class 4 \u2192 class 0
[2026-07-19 13:45:58,935] 39 root - INFO - [Attacker] Label flip: 16 samples class 4 \u2192 class 0
[2026-07-19 13:45:58,942] 39 root - INFO - [Attacker] Label flip: 10 samples class 4 \u2192 class 0
[2026-07-19 13:45:58,950] 39 root - INFO - [Attacker] Label flip: 19 samples class 4 \u2192 class 0
[2026-07-19 13:45:58,959] 39 root - INFO - [Attacker] Label flip: 17 samples class 4 \u2192 class 0
[2026-07-19 13:45:58,966] 39 root - INFO - [Attacker] Label flip: 8 samples class 4 \u2192 class 0
[2026-07-19 13:45:58,974] 39 root - INFO - [Attacker] Label flip: 10 samples class 4 \u2192 class 0
[2026-07-19 13:45:58,982] 39 root - INFO - [Attacker] Label flip: 8 samples class 4 \u2192 class 0
[2026-07-19 13:45:58,990] 39 root - INFO - [Attacker] Label flip: 24 samples class 4 \u2192 class 0
[2026-07-19 13:45:58,998] 39 root - INFO - [Attacker] Label flip: 12 samples class 4 \u2192 class 0
[2026-07-19 13:45:59,006] 39 root - INFO - [Attacker] Label flip: 10 samples class 4 \u2192 class 0
[2026-07-19 13:45:59,014] 39 root - INFO - [Attacker] Label flip: 9 samples class 4 \u2192 class 0
[2026-07-19 13:45:59,022] 39 root - INFO - [Attacker] Label flip: 13 samples class 4 \u2192 class 0
[2026-07-19 13:45:59,029] 39 root - INFO - [Attacker] Label flip: 12 samples class 4 \u2192 class 0
[2026-07-19 13:45:59,037] 39 root - INFO - [Attacker] Label flip: 14 samples class 4 \u2192 class 0
[2026-07-19 13:45:59,045] 39 root - INFO - [Attacker] Label flip: 7 samples class 4 \u2192 class 0
[2026-07-19 13:45:59,053] 39 root - INFO - [Attacker] Label flip: 17 samples class 4 \u2192 class 0
[2026-07-19 13:45:59,061] 39 root - INFO - [Attacker] Label flip: 13 samples class 4 \u2192 class 0
[2026-07-19 13:45:59,069] 39 root - INFO - [Attacker] Label flip: 10 samples class 4 \u2192 class 0
[2026-07-19 13:45:59,077] 39 root - INFO - [Attacker] Label flip: 10 samples class 4 \u2192 class 0
[2026-07-19 13:45:59,085] 39 root - INFO - [Attacker] Label flip: 10 samples class 4 \u2192 class 0
[2026-07-19 13:45:59,092] 39 root - INFO - [Attacker] Label flip: 17 samples class 4 \u2192 class 0
[2026-07-19 13:45:59,100] 39 root - INFO - [Attacker] Label flip: 14 samples class 4 \u2192 class 0
[2026-07-19 13:45:59,106] 39 root - INFO - [Attacker] Label flip: 8 samples class 4 \u2192 class 0
[2026-07-19 13:45:59,115] 39 root - INFO - [Attacker] Label flip: 17 samples class 4 \u2192 class 0
[2026-07-19 13:45:59,123] 39 root - INFO - [Attacker] Label flip: 14 samples class 4 \u2192 class 0
[2026-07-19 13:45:59,130] 39 root - INFO - [Attacker] Label flip: 9 samples class 4 \u2192 class 0
[2026-07-19 13:45:59,138] 39 root - INFO - [Attacker] Label flip: 12 samples class 4 \u2192 class 0
[2026-07-19 13:45:59,146] 39 root - INFO - [Attacker] Label flip: 18 samples class 4 \u2192 class 0
[2026-07-19 13:45:59,154] 39 root - INFO - [Attacker] Label flip: 14 samples class 4 \u2192 class 0
[2026-07-19 13:45:59,162] 39 root - INFO - [Attacker] Label flip: 13 samples class 4 \u2192 class 0
[2026-07-19 13:45:59,170] 39 root - INFO - [Attacker] Label flip: 16 samples class 4 \u2192 class 0
[2026-07-19 13:45:59,178] 39 root - INFO - [Attacker] Label flip: 10 samples class 4 \u2192 class 0
[2026-07-19 13:45:59,186] 39 root - INFO - [Attacker] Label flip: 12 samples class 4 \u2192 class 0
[2026-07-19 13:45:59,193] 39 root - INFO - [Attacker] Label flip: 17 samples class 4 \u2192 class 0
[2026-07-19 13:45:59,199] 39 root - INFO - [Attacker] Label flip: 17 samples class 4 \u2192 class 0
[2026-07-19 13:45:59,207] 39 root - INFO - [Attacker] Label flip: 14 samples class 4 \u2192 class 0
[2026-07-19 13:45:59,215] 39 root - INFO - [Attacker] Label flip: 13 samples class 4 \u2192 class 0
[2026-07-19 13:45:59,223] 39 root - INFO - [Attacker] Label flip: 15 samples class 4 \u2192 class 0
[2026-07-19 13:45:59,231] 39 root - INFO - [Attacker] Label flip: 12 samples class 4 \u2192 class 0
[2026-07-19 13:45:59,239] 39 root - INFO - [Attacker] Label flip: 10 samples class 4 \u2192 class 0
[2026-07-19 13:45:59,247] 39 root - INFO - [Attacker] Label flip: 10 samples class 4 \u2192 class 0
[2026-07-19 13:45:59,255] 39 root - INFO - [Attacker] Label flip: 10 samples class 4 \u2192 class 0
[2026-07-19 13:45:59,263] 39 root - INFO - [Attacker] Label flip: 10 samples class 4 \u2192 class 0
[2026-07-19 13:45:59,270] 39 root - INFO - [Attacker] Label flip: 20 samples class 4 \u2192 class 0
[2026-07-19 13:45:59,278] 39 root - INFO - [Attacker] Label flip: 15 samples class 4 \u2192 class 0
[2026-07-19 13:45:59,286] 39 root - INFO - [Attacker] Label flip: 20 samples class 4 \u2192 class 0
[2026-07-19 13:45:59,294] 39 root - INFO - [Attacker] Label flip: 10 samples class 4 \u2192 class 0
[2026-07-19 13:45:59,302] 39 root - INFO - [Attacker] Label flip: 17 samples class 4 \u2192 class 0
[2026-07-19 13:45:59,310] 39 root - INFO - [Attacker] Label flip: 14 samples class 4 \u2192 class 0
[2026-07-19 13:45:59,318] 39 root - INFO - [Attacker] Label flip: 11 samples class 4 \u2192 class 0
[2026-07-19 13:45:59,326] 39 root - INFO - [Attacker] Label flip: 10 samples class 4 \u2192 class 0
[2026-07-19 13:45:59,332] 39 root - INFO - [Attacker] Label flip: 9 samples class 4 \u2192 class 0
[2026-07-19 13:45:59,339] 39 root - INFO - [Attacker] Label flip: 12 samples class 4 \u2192 class 0
[2026-07-19 13:45:59,347] 39 root - INFO - [Attacker] Label flip: 15 samples class 4 \u2192 class 0
[2026-07-19 13:45:59,355] 39 root - INFO - [Attacker] Label flip: 14 samples class 4 \u2192 class 0
[2026-07-19 13:45:59,363] 39 root - INFO - [Attacker] Label flip: 9 samples class 4 \u2192 class 0
[2026-07-19 13:45:59,373] 39 root - INFO - [Attacker] Label flip: 8 samples class 4 \u2192 class 0
[2026-07-19 13:45:59,381] 39 root - INFO - [Attacker] Label flip: 8 samples class 4 \u2192 class 0
[2026-07-19 13:45:59,389] 39 root - INFO - [Attacker] Label flip: 18 samples class 4 \u2192 class 0
[2026-07-19 13:45:59,397] 39 root - INFO - [Attacker] Label flip: 16 samples class 4 \u2192 class 0
[2026-07-19 13:45:59,404] 39 root - INFO - [Attacker] Label flip: 10 samples class 4 \u2192 class 0
[2026-07-19 13:45:59,412] 39 root - INFO - [Attacker] Label flip: 13 samples class 4 \u2192 class 0
[2026-07-19 13:45:59,432] 39 root - INFO - [Attacker] Label flip: 13 samples class 4 \u2192 class 0
[2026-07-19 13:45:59,440] 39 root - INFO - [Attacker] Label flip: 13 samples class 4 \u2192 class 0
[2026-07-19 13:45:59,448] 39 root - INFO - [Attacker] Label flip: 15 samples class 4 \u2192 class 0
[2026-07-19 13:45:59,456] 39 root - INFO - [Attacker] Label flip: 9 samples class 4 \u2192 class 0
[2026-07-19 13:45:59,464] 39 root - INFO - [Attacker] Label flip: 16 samples class 4 \u2192 class 0
[2026-07-19 13:45:59,472] 39 root - INFO - [Attacker] Label flip: 17 samples class 4 \u2192 class 0
[2026-07-19 13:45:59,479] 39 root - INFO - [Attacker] Label flip: 7 samples class 4 \u2192 class 0
[2026-07-19 13:45:59,486] 39 root - INFO - [Attacker] Label flip: 9 samples class 4 \u2192 class 0
[2026-07-19 13:45:59,495] 39 root - INFO - [Attacker] Label flip: 12 samples class 4 \u2192 class 0
[2026-07-19 13:45:59,503] 39 root - INFO - [Attacker] Label flip: 15 samples class 4 \u2192 class 0
[2026-07-19 13:45:59,511] 39 root - INFO - [Attacker] Label flip: 10 samples class 4 \u2192 class 0
[2026-07-19 13:45:59,517] 39 root - INFO - [Attacker] Label flip: 13 samples class 4 \u2192 class 0
[2026-07-19 13:45:59,525] 39 root - INFO - [Attacker] Label flip: 11 samples class 4 \u2192 class 0
[2026-07-19 13:45:59,533] 39 root - INFO - [Attacker] Label flip: 11 samples class 4 \u2192 class 0
[2026-07-19 13:45:59,541] 39 root - INFO - [Attacker] Label flip: 13 samples class 4 \u2192 class 0
[2026-07-19 13:45:59,549] 39 root - INFO - [Attacker] Label flip: 9 samples class 4 \u2192 class 0
[2026-07-19 13:45:59,557] 39 root - INFO - [Attacker] Label flip: 12 samples class 4 \u2192 class 0
[2026-07-19 13:45:59,565] 39 root - INFO - [Attacker] Label flip: 3 samples class 4 \u2192 class 0
[2026-07-19 13:45:59,572] 39 root - INFO - [Attacker] Label flip: 8 samples class 4 \u2192 class 0
[2026-07-19 13:45:59,580] 39 root - INFO - [Attacker] Label flip: 10 samples class 4 \u2192 class 0
[2026-07-19 13:45:59,588] 39 root - INFO - [Attacker] Label flip: 15 samples class 4 \u2192 class 0
[2026-07-19 13:45:59,594] 39 root - INFO - [Attacker] Label flip: 14 samples class 4 \u2192 class 0
[2026-07-19 13:45:59,614] 39 root - INFO - [Attacker] Label flip: 12 samples class 4 \u2192 class 0
[2026-07-19 13:45:59,622] 39 root - INFO - [Attacker] Label flip: 13 samples class 4 \u2192 class 0
[2026-07-19 13:45:59,630] 39 root - INFO - [Attacker] Label flip: 11 samples class 4 \u2192 class 0
[2026-07-19 13:45:59,640] 39 root - INFO - [Attacker] Label flip: 10 samples class 4 \u2192 class 0
[2026-07-19 13:45:59,655] 39 root - INFO - [Attacker] Label flip: 12 samples class 4 \u2192 class 0
[2026-07-19 13:45:59,665] 39 root - INFO - [Attacker] Label flip: 16 samples class 4 \u2192 class 0
[2026-07-19 13:45:59,671] 39 root - INFO - [Attacker] Label flip: 16 samples class 4 \u2192 class 0
[2026-07-19 13:45:59,679] 39 root - INFO - [Attacker] Label flip: 13 samples class 4 \u2192 class 0
[2026-07-19 13:45:59,692] 39 root - INFO - [Attacker] Label flip: 13 samples class 4 \u2192 class 0
[2026-07-19 13:45:59,700] 39 root - INFO - [Attacker] Label flip: 13 samples class 4 \u2192 class 0
[2026-07-19 13:45:59,707] 39 root - INFO - [Attacker] Label flip: 15 samples class 4 \u2192 class 0
[2026-07-19 13:45:59,715] 39 root - INFO - [Attacker] Label flip: 16 samples class 4 \u2192 class 0
[2026-07-19 13:45:59,732] 39 root - INFO - [Attacker] Label flip: 12 samples class 4 \u2192 class 0
[2026-07-19 13:45:59,740] 39 root - INFO - [Attacker] Label flip: 10 samples class 4 \u2192 class 0
[2026-07-19 13:45:59,748] 39 root - INFO - [Attacker] Label flip: 19 samples class 4 \u2192 class 0
[2026-07-19 13:45:59,756] 39 root - INFO - [Attacker] Label flip: 11 samples class 4 \u2192 class 0
[2026-07-19 13:45:59,764] 39 root - INFO - [Attacker] Label flip: 14 samples class 4 \u2192 class 0
[2026-07-19 13:45:59,772] 39 root - INFO - [Attacker] Label flip: 7 samples class 4 \u2192 class 0
[2026-07-19 13:45:59,780] 39 root - INFO - [Attacker] Label flip: 14 samples class 4 \u2192 class 0
[2026-07-19 13:45:59,787] 39 root - INFO - [Attacker] Label flip: 8 samples class 4 \u2192 class 0
[2026-07-19 13:45:59,795] 39 root - INFO - [Attacker] Label flip: 15 samples class 4 \u2192 class 0
[2026-07-19 13:45:59,803] 39 root - INFO - [Attacker] Label flip: 11 samples class 4 \u2192 class 0
[2026-07-19 13:45:59,811] 39 root - INFO - [Attacker] Label flip: 14 samples class 4 \u2192 class 0
[2026-07-19 13:45:59,820] 39 root - INFO - [Attacker] Label flip: 11 samples class 4 \u2192 class 0
[2026-07-19 13:45:59,826] 39 root - INFO - [Attacker] Label flip: 9 samples class 4 \u2192 class 0
[2026-07-19 13:45:59,835] 39 root - INFO - [Attacker] Label flip: 13 samples class 4 \u2192 class 0
[2026-07-19 13:45:59,843] 39 root - INFO - [Attacker] Label flip: 6 samples class 4 \u2192 class 0
[2026-07-19 13:45:59,849] 39 root - INFO - [Attacker] Label flip: 18 samples class 4 \u2192 class 0
[2026-07-19 13:45:59,857] 39 root - INFO - [Attacker] Label flip: 20 samples class 4 \u2192 class 0
[2026-07-19 13:45:59,865] 39 root - INFO - [Attacker] Label flip: 11 samples class 4 \u2192 class 0
[2026-07-19 13:45:59,873] 39 root - INFO - [Attacker] Label flip: 9 samples class 4 \u2192 class 0
[2026-07-19 13:45:59,880] 39 root - INFO - [Attacker] Label flip: 11 samples class 4 \u2192 class 0
[2026-07-19 13:45:59,888] 39 root - INFO - [Attacker] Label flip: 8 samples class 4 \u2192 class 0
[2026-07-19 13:45:59,896] 39 root - INFO - [Attacker] Label flip: 13 samples class 4 \u2192 class 0
[2026-07-19 13:45:59,904] 39 root - INFO - [Attacker] Label flip: 13 samples class 4 \u2192 class 0
[2026-07-19 13:45:59,912] 39 root - INFO - [Attacker] Label flip: 8 samples class 4 \u2192 class 0
[2026-07-19 13:45:59,920] 39 root - INFO - [Attacker] Label flip: 11 samples class 4 \u2192 class 0
[2026-07-19 13:45:59,930] 39 root - INFO - [Attacker] Label flip: 13 samples class 4 \u2192 class 0
[2026-07-19 13:45:59,938] 39 root - INFO - [Attacker] Label flip: 17 samples class 4 \u2192 class 0
[2026-07-19 13:45:59,946] 39 root - INFO - [Attacker] Label flip: 16 samples class 4 \u2192 class 0
[2026-07-19 13:45:59,954] 39 root - INFO - [Attacker] Label flip: 11 samples class 4 \u2192 class 0
[2026-07-19 13:45:59,961] 39 root - INFO - [Attacker] Label flip: 14 samples class 4 \u2192 class 0
[2026-07-19 13:45:59,968] 39 root - INFO - [Attacker] Label flip: 17 samples class 4 \u2192 class 0
[2026-07-19 13:45:59,975] 39 root - INFO - [Attacker] Label flip: 12 samples class 4 \u2192 class 0
[2026-07-19 13:45:59,983] 39 root - INFO - [Attacker] Label flip: 15 samples class 4 \u2192 class 0
[2026-07-19 13:45:59,991] 39 root - INFO - [Attacker] Label flip: 14 samples class 4 \u2192 class 0
[2026-07-19 13:45:59,999] 39 root - INFO - [Attacker] Label flip: 14 samples class 4 \u2192 class 0
[2026-07-19 13:46:00,007] 39 root - INFO - [Attacker] Label flip: 6 samples class 4 \u2192 class 0
[2026-07-19 13:46:00,015] 39 root - INFO - [Attacker] Label flip: 10 samples class 4 \u2192 class 0
[2026-07-19 13:46:00,023] 39 root - INFO - [Attacker] Label flip: 13 samples class 4 \u2192 class 0
[2026-07-19 13:46:00,029] 39 root - INFO - [Attacker] Label flip: 18 samples class 4 \u2192 class 0
[2026-07-19 13:46:00,037] 39 root - INFO - [Attacker] Label flip: 9 samples class 4 \u2192 class 0
[2026-07-19 13:46:00,045] 39 root - INFO - [Attacker] Label flip: 6 samples class 4 \u2192 class 0
[2026-07-19 13:46:00,053] 39 root - INFO - [Attacker] Label flip: 12 samples class 4 \u2192 class 0
[2026-07-19 13:46:00,061] 39 root - INFO - [Attacker] Label flip: 11 samples class 4 \u2192 class 0
[2026-07-19 13:46:00,069] 39 root - INFO - [Attacker] Label flip: 12 samples class 4 \u2192 class 0
[2026-07-19 13:46:00,076] 39 root - INFO - [Attacker] Label flip: 5 samples class 4 \u2192 class 0
[2026-07-19 13:46:00,084] 39 root - INFO - [Attacker] Label flip: 13 samples class 4 \u2192 class 0
[2026-07-19 13:46:00,092] 39 root - INFO - [Attacker] Label flip: 12 samples class 4 \u2192 class 0
[2026-07-19 13:46:00,100] 39 root - INFO - [Attacker] Label flip: 16 samples class 4 \u2192 class 0
[2026-07-19 13:46:00,108] 39 root - INFO - [Attacker] Label flip: 14 samples class 4 \u2192 class 0
[2026-07-19 13:46:00,116] 39 root - INFO - [Attacker] Label flip: 10 samples class 4 \u2192 class 0
[2026-07-19 13:46:00,124] 39 root - INFO - [Attacker] Label flip: 8 samples class 4 \u2192 class 0
[2026-07-19 13:46:00,132] 39 root - INFO - [Attacker] Label flip: 10 samples class 4 \u2192 class 0
[2026-07-19 13:46:00,140] 39 root - INFO - [Attacker] Label flip: 9 samples class 4 \u2192 class 0
[2026-07-19 13:46:00,148] 39 root - INFO - [Attacker] Label flip: 12 samples class 4 \u2192 class 0
[2026-07-19 13:46:00,155] 39 root - INFO - [Attacker] Label flip: 10 samples class 4 \u2192 class 0
[2026-07-19 13:46:00,165] 39 root - INFO - [Attacker] Label flip: 6 samples class 4 \u2192 class 0
[2026-07-19 13:46:00,174] 39 root - INFO - [Attacker] Label flip: 14 samples class 4 \u2192 class 0
[2026-07-19 13:46:00,182] 39 root - INFO - [Attacker] Label flip: 9 samples class 4 \u2192 class 0
[2026-07-19 13:46:00,190] 39 root - INFO - [Attacker] Label flip: 12 samples class 4 \u2192 class 0
[2026-07-19 13:46:00,198] 39 root - INFO - [Attacker] Label flip: 11 samples class 4 \u2192 class 0
[2026-07-19 13:46:00,206] 39 root - INFO - [Attacker] Label flip: 13 samples class 4 \u2192 class 0
[2026-07-19 13:46:00,214] 39 root - INFO - [Attacker] Label flip: 12 samples class 4 \u2192 class 0
[2026-07-19 13:46:00,220] 39 root - INFO - [Attacker] Label flip: 12 samples class 4 \u2192 class 0
[2026-07-19 13:46:00,228] 39 root - INFO - [Attacker] Label flip: 16 samples class 4 \u2192 class 0
[2026-07-19 13:46:00,235] 39 root - INFO - [Attacker] Label flip: 9 samples class 4 \u2192 class 0
[2026-07-19 13:46:00,243] 39 root - INFO - [Attacker] Label flip: 13 samples class 4 \u2192 class 0
[2026-07-19 13:46:00,251] 39 root - INFO - [Attacker] Label flip: 9 samples class 4 \u2192 class 0
[2026-07-19 13:46:00,259] 39 root - INFO - [Attacker] Label flip: 16 samples class 4 \u2192 class 0
[2026-07-19 13:46:00,267] 39 root - INFO - [Attacker] Label flip: 14 samples class 4 \u2192 class 0
[2026-07-19 13:46:00,275] 39 root - INFO - [Attacker] Label flip: 16 samples class 4 \u2192 class 0
[2026-07-19 13:46:00,283] 39 root - INFO - [Attacker] Label flip: 9 samples class 4 \u2192 class 0
[2026-07-19 13:46:00,289] 39 root - INFO - [Attacker] Label flip: 18 samples class 4 \u2192 class 0
[2026-07-19 13:46:00,299] 39 root - INFO - [Attacker] Label flip: 11 samples class 4 \u2192 class 0
[2026-07-19 13:46:00,305] 39 root - INFO - [Attacker] Label flip: 14 samples class 4 \u2192 class 0
[2026-07-19 13:46:00,313] 39 root - INFO - [Attacker] Label flip: 11 samples class 4 \u2192 class 0
[2026-07-19 13:46:00,321] 39 root - INFO - [Attacker] Label flip: 11 samples class 4 \u2192 class 0
[2026-07-19 13:46:00,328] 39 root - INFO - [Attacker] Label flip: 9 samples class 4 \u2192 class 0
[2026-07-19 13:46:00,337] 39 root - INFO - [Attacker] Label flip: 7 samples class 4 \u2192 class 0
[2026-07-19 13:46:00,344] 39 root - INFO - [Attacker] Label flip: 19 samples class 4 \u2192 class 0
[2026-07-19 13:46:00,350] 39 root - INFO - [Attacker] Label flip: 8 samples class 4 \u2192 class 0
[2026-07-19 13:46:00,358] 39 root - INFO - [Attacker] Label flip: 9 samples class 4 \u2192 class 0
[2026-07-19 13:46:00,366] 39 root - INFO - [Attacker] Label flip: 14 samples class 4 \u2192 class 0
[2026-07-19 13:46:00,374] 39 root - INFO - [Attacker] Label flip: 12 samples class 4 \u2192 class 0
[2026-07-19 13:46:00,382] 39 root - INFO - [Attacker] Label flip: 9 samples class 4 \u2192 class 0
[2026-07-19 13:46:00,392] 39 root - INFO - [Attacker] Label flip: 12 samples class 4 \u2192 class 0
[2026-07-19 13:46:00,399] 39 root - INFO - [Attacker] Label flip: 11 samples class 4 \u2192 class 0
[2026-07-19 13:46:00,407] 39 root - INFO - [Attacker] Label flip: 13 samples class 4 \u2192 class 0
[2026-07-19 13:46:00,413] 39 root - INFO - [Attacker] Label flip: 16 samples class 4 \u2192 class 0
[2026-07-19 13:46:00,431] 39 root - INFO - [Attacker] Label flip: 13 samples class 4 \u2192 class 0
[2026-07-19 13:46:00,439] 39 root - INFO - [Attacker] Label flip: 17 samples class 4 \u2192 class 0
[2026-07-19 13:46:00,445] 39 root - INFO - [Attacker] Label flip: 14 samples class 4 \u2192 class 0
[2026-07-19 13:46:00,453] 39 root - INFO - [Attacker] Label flip: 17 samples class 4 \u2192 class 0
[2026-07-19 13:46:00,461] 39 root - INFO - [Attacker] Label flip: 18 samples class 4 \u2192 class 0
[2026-07-19 13:46:00,470] 39 root - INFO - [Attacker] Label flip: 16 samples class 4 \u2192 class 0
[2026-07-19 13:46:00,479] 39 root - INFO - [Attacker] Label flip: 11 samples class 4 \u2192 class 0
[2026-07-19 13:46:00,488] 39 root - INFO - [Attacker] Label flip: 10 samples class 4 \u2192 class 0
[2026-07-19 13:46:00,494] 39 root - INFO - [Attacker] Label flip: 17 samples class 4 \u2192 class 0
[2026-07-19 13:46:00,502] 39 root - INFO - [Attacker] Label flip: 17 samples class 4 \u2192 class 0
[2026-07-19 13:46:00,510] 39 root - INFO - [Attacker] Label flip: 10 samples class 4 \u2192 class 0
[2026-07-19 13:46:00,520] 39 root - INFO - [Attacker] Label flip: 10 samples class 4 \u2192 class 0
[2026-07-19 13:46:00,527] 39 root - INFO - [Attacker] Label flip: 14 samples class 4 \u2192 class 0
[2026-07-19 13:46:00,535] 39 root - INFO - [Attacker] Label flip: 6 samples class 4 \u2192 class 0
[2026-07-19 13:46:00,544] 39 root - INFO - [Attacker] Label flip: 11 samples class 4 \u2192 class 0
[2026-07-19 13:46:00,551] 39 root - INFO - [Attacker] Label flip: 13 samples class 4 \u2192 class 0
[2026-07-19 13:46:00,559] 39 root - INFO - [Attacker] Label flip: 13 samples class 4 \u2192 class 0
[2026-07-19 13:46:00,567] 39 root - INFO - [Attacker] Label flip: 16 samples class 4 \u2192 class 0
[2026-07-19 13:46:00,575] 39 root - INFO - [Attacker] Label flip: 12 samples class 4 \u2192 class 0
[2026-07-19 13:46:00,583] 39 root - INFO - [Attacker] Label flip: 6 samples class 4 \u2192 class 0
[2026-07-19 13:46:00,589] 39 root - INFO - [Attacker] Label flip: 8 samples class 4 \u2192 class 0
[2026-07-19 13:46:00,597] 39 root - INFO - [Attacker] Label flip: 10 samples class 4 \u2192 class 0
[2026-07-19 13:46:00,608] 39 root - INFO - [Attacker] Label flip: 8 samples class 4 \u2192 class 0
[2026-07-19 13:46:00,614] 39 root - INFO - [Attacker] Label flip: 18 samples class 4 \u2192 class 0
[2026-07-19 13:46:00,623] 39 root - INFO - [Attacker] Label flip: 11 samples class 4 \u2192 class 0
[2026-07-19 13:46:00,632] 39 root - INFO - [Attacker] Label flip: 12 samples class 4 \u2192 class 0
[2026-07-19 13:46:00,642] 39 root - INFO - [Attacker] Label flip: 14 samples class 4 \u2192 class 0
[2026-07-19 13:46:00,650] 39 root - INFO - [Attacker] Label flip: 13 samples class 4 \u2192 class 0
[2026-07-19 13:46:00,658] 39 root - INFO - [Attacker] Label flip: 13 samples class 4 \u2192 class 0
[2026-07-19 13:46:00,664] 39 root - INFO - [Attacker] Label flip: 17 samples class 4 \u2192 class 0
[2026-07-19 13:46:00,673] 39 root - INFO - [Attacker] Label flip: 14 samples class 4 \u2192 class 0
[2026-07-19 13:46:00,681] 39 root - INFO - [Attacker] Label flip: 7 samples class 4 \u2192 class 0
[2026-07-19 13:46:00,687] 39 root - INFO - [Attacker] Label flip: 20 samples class 4 \u2192 class 0
[2026-07-19 13:46:00,695] 39 root - INFO - [Attacker] Label flip: 17 samples class 4 \u2192 class 0
[2026-07-19 13:46:00,714] 39 root - INFO - [Attacker] Label flip: 11 samples class 4 \u2192 class 0
[2026-07-19 13:46:00,724] 39 root - INFO - [Attacker] Label flip: 17 samples class 4 \u2192 class 0
[2026-07-19 13:46:00,732] 39 root - INFO - [Attacker] Label flip: 9 samples class 4 \u2192 class 0
[2026-07-19 13:46:00,739] 39 root - INFO - [Attacker] Label flip: 9 samples class 4 \u2192 class 0
[2026-07-19 13:46:00,746] 39 root - INFO - [Attacker] Label flip: 13 samples class 4 \u2192 class 0
[2026-07-19 13:46:00,765] 39 root - INFO - [Attacker] Label flip: 17 samples class 4 \u2192 class 0
[2026-07-19 13:46:00,775] 39 root - INFO - [Attacker] Label flip: 14 samples class 4 \u2192 class 0
[2026-07-19 13:46:00,783] 39 root - INFO - [Attacker] Label flip: 12 samples class 4 \u2192 class 0
[2026-07-19 13:46:00,791] 39 root - INFO - [Attacker] Label flip: 8 samples class 4 \u2192 class 0
[2026-07-19 13:46:00,807] 39 root - INFO - [Attacker] Label flip: 21 samples class 4 \u2192 class 0
[2026-07-19 13:46:00,815] 39 root - INFO - [Attacker] Label flip: 17 samples class 4 \u2192 class 0
[2026-07-19 13:46:00,823] 39 root - INFO - [Attacker] Label flip: 11 samples class 4 \u2192 class 0
[2026-07-19 13:46:00,831] 39 root - INFO - [Attacker] Label flip: 18 samples class 4 \u2192 class 0
[2026-07-19 13:46:00,840] 39 root - INFO - [Attacker] Label flip: 14 samples class 4 \u2192 class 0
[2026-07-19 13:46:00,848] 39 root - INFO - [Attacker] Label flip: 12 samples class 4 \u2192 class 0
[2026-07-19 13:46:00,856] 39 root - INFO - [Attacker] Label flip: 16 samples class 4 \u2192 class 0
[2026-07-19 13:46:00,865] 39 root - INFO - [Attacker] Label flip: 17 samples class 4 \u2192 class 0
[2026-07-19 13:46:00,872] 39 root - INFO - [Attacker] Label flip: 9 samples class 4 \u2192 class 0
[2026-07-19 13:46:00,880] 39 root - INFO - [Attacker] Label flip: 12 samples class 4 \u2192 class 0
[2026-07-19 13:46:00,888] 39 root - INFO - [Attacker] Label flip: 10 samples class 4 \u2192 class 0
[2026-07-19 13:46:00,894] 39 root - INFO - [Attacker] Label flip: 15 samples class 4 \u2192 class 0
[2026-07-19 13:46:00,904] 39 root - INFO - [Attacker] Label flip: 10 samples class 4 \u2192 class 0
[2026-07-19 13:46:00,910] 39 root - INFO - [Attacker] Label flip: 13 samples class 4 \u2192 class 0
[2026-07-19 13:46:00,918] 39 root - INFO - [Attacker] Label flip: 12 samples class 4 \u2192 class 0
[2026-07-19 13:46:00,926] 39 root - INFO - [Attacker] Label flip: 14 samples class 4 \u2192 class 0
[2026-07-19 13:46:00,933] 39 root - INFO - [Attacker] Label flip: 12 samples class 4 \u2192 class 0
[2026-07-19 13:46:00,941] 39 root - INFO - [Attacker] Label flip: 10 samples class 4 \u2192 class 0
[2026-07-19 13:46:00,949] 39 root - INFO - [Attacker] Label flip: 14 samples class 4 \u2192 class 0
[2026-07-19 13:46:00,957] 39 root - INFO - [Attacker] Label flip: 10 samples class 4 \u2192 class 0
[2026-07-19 13:46:00,963] 39 root - INFO - [Attacker] Label flip: 18 samples class 4 \u2192 class 0
[2026-07-19 13:46:00,971] 39 root - INFO - [Attacker] Label flip: 16 samples class 4 \u2192 class 0
[2026-07-19 13:46:00,979] 39 root - INFO - [Attacker] Label flip: 9 samples class 4 \u2192 class 0
[2026-07-19 13:46:00,987] 39 root - INFO - [Attacker] Label flip: 12 samples class 4 \u2192 class 0
[2026-07-19 13:46:00,995] 39 root - INFO - [Attacker] Label flip: 11 samples class 4 \u2192 class 0
[2026-07-19 13:46:01,005] 39 root - INFO - [Attacker] Label flip: 10 samples class 4 \u2192 class 0
[2026-07-19 13:46:01,012] 39 root - INFO - [Attacker] Label flip: 10 samples class 4 \u2192 class 0
[2026-07-19 13:46:01,018] 39 root - INFO - [Attacker] Label flip: 12 samples class 4 \u2192 class 0
[2026-07-19 13:46:01,026] 39 root - INFO - [Attacker] Label flip: 14 samples class 4 \u2192 class 0
[2026-07-19 13:46:01,034] 39 root - INFO - [Attacker] Label flip: 9 samples class 4 \u2192 class 0
[2026-07-19 13:46:01,042] 39 root - INFO - [Attacker] Label flip: 7 samples class 4 \u2192 class 0
[2026-07-19 13:46:01,050] 39 root - INFO - [Attacker] Label flip: 10 samples class 4 \u2192 class 0
[2026-07-19 13:46:01,060] 39 root - INFO - [Attacker] Label flip: 10 samples class 4 \u2192 class 0
[2026-07-19 13:46:01,068] 39 root - INFO - [Attacker] Label flip: 10 samples class 4 \u2192 class 0
[2026-07-19 13:46:01,076] 39 root - INFO - [Attacker] Label flip: 17 samples class 4 \u2192 class 0
[2026-07-19 13:46:01,083] 39 root - INFO - [Attacker] Label flip: 8 samples class 4 \u2192 class 0
[2026-07-19 13:46:01,091] 39 root - INFO - [Attacker] Label flip: 21 samples class 4 \u2192 class 0
[2026-07-19 13:46:01,099] 39 root - INFO - [Attacker] Label flip: 12 samples class 4 \u2192 class 0
[2026-07-19 13:46:01,109] 39 root - INFO - [Attacker] Label flip: 16 samples class 4 \u2192 class 0
[2026-07-19 13:46:01,115] 39 root - INFO - [Attacker] Label flip: 5 samples class 4 \u2192 class 0
[2026-07-19 13:46:01,123] 39 root - INFO - [Attacker] Label flip: 18 samples class 4 \u2192 class 0
[2026-07-19 13:46:01,131] 39 root - INFO - [Attacker] Label flip: 11 samples class 4 \u2192 class 0
[2026-07-19 13:46:01,139] 39 root - INFO - [Attacker] Label flip: 12 samples class 4 \u2192 class 0
[2026-07-19 13:46:01,147] 39 root - INFO - [Attacker] Label flip: 22 samples class 4 \u2192 class 0
[2026-07-19 13:46:01,154] 39 root - INFO - [Attacker] Label flip: 13 samples class 4 \u2192 class 0
[2026-07-19 13:46:01,162] 39 root - INFO - [Attacker] Label flip: 8 samples class 4 \u2192 class 0
[2026-07-19 13:46:01,170] 39 root - INFO - [Attacker] Label flip: 10 samples class 4 \u2192 class 0
[2026-07-19 13:46:01,178] 39 root - INFO - [Attacker] Label flip: 18 samples class 4 \u2192 class 0
[2026-07-19 13:46:01,186] 39 root - INFO - [Attacker] Label flip: 13 samples class 4 \u2192 class 0
[2026-07-19 13:46:01,194] 39 root - INFO - [Attacker] Label flip: 18 samples class 4 \u2192 class 0
[2026-07-19 13:46:01,202] 39 root - INFO - [Attacker] Label flip: 11 samples class 4 \u2192 class 0
[2026-07-19 13:46:01,210] 39 root - INFO - [Attacker] Label flip: 12 samples class 4 \u2192 class 0
[2026-07-19 13:46:01,218] 39 root - INFO - [Attacker] Label flip: 20 samples class 4 \u2192 class 0
[2026-07-19 13:46:01,226] 39 root - INFO - [Attacker] Label flip: 8 samples class 4 \u2192 class 0
[2026-07-19 13:46:01,234] 39 root - INFO - [Attacker] Label flip: 20 samples class 4 \u2192 class 0
[2026-07-19 13:46:01,242] 39 root - INFO - [Attacker] Label flip: 10 samples class 4 \u2192 class 0
[2026-07-19 13:46:01,250] 39 root - INFO - [Attacker] Label flip: 10 samples class 4 \u2192 class 0
[2026-07-19 13:46:01,258] 39 root - INFO - [Attacker] Label flip: 11 samples class 4 \u2192 class 0
[2026-07-19 13:46:01,266] 39 root - INFO - [Attacker] Label flip: 14 samples class 4 \u2192 class 0
[2026-07-19 13:46:01,274] 39 root - INFO - [Attacker] Label flip: 8 samples class 4 \u2192 class 0
[2026-07-19 13:46:01,283] 39 root - INFO - [Attacker] Label flip: 13 samples class 4 \u2192 class 0
[2026-07-19 13:46:01,291] 39 root - INFO - [Attacker] Label flip: 8 samples class 4 \u2192 class 0
[2026-07-19 13:46:01,301] 39 root - INFO - [Attacker] Label flip: 12 samples class 4 \u2192 class 0
[2026-07-19 13:46:01,309] 39 root - INFO - [Attacker] Label flip: 12 samples class 4 \u2192 class 0
[2026-07-19 13:46:01,316] 39 root - INFO - [Attacker] Label flip: 16 samples class 4 \u2192 class 0
[2026-07-19 13:46:01,324] 39 root - INFO - [Attacker] Label flip: 4 samples class 4 \u2192 class 0
[2026-07-19 13:46:01,331] 39 root - INFO - [Attacker] Label flip: 8 samples class 4 \u2192 class 0
[2026-07-19 13:46:01,341] 39 root - INFO - [Attacker] Label flip: 13 samples class 4 \u2192 class 0
[2026-07-19 13:46:01,349] 39 root - INFO - [Attacker] Label flip: 12 samples class 4 \u2192 class 0
[2026-07-19 13:46:01,357] 39 root - INFO - [Attacker] Label flip: 14 samples class 4 \u2192 class 0
[2026-07-19 13:46:01,365] 39 root - INFO - [Attacker] Label flip: 16 samples class 4 \u2192 class 0
[2026-07-19 13:46:01,374] 39 root - INFO - [Attacker] Label flip: 8 samples class 4 \u2192 class 0
[2026-07-19 13:46:01,382] 39 root - INFO - [Attacker] Label flip: 6 samples class 4 \u2192 class 0
[2026-07-19 13:46:01,391] 39 root - INFO - [Attacker] Label flip: 10 samples class 4 \u2192 class 0
[2026-07-19 13:46:01,399] 39 root - INFO - [Attacker] Label flip: 15 samples class 4 \u2192 class 0
[2026-07-19 13:46:01,408] 39 root - INFO - [Attacker] Label flip: 8 samples class 4 \u2192 class 0
[2026-07-19 13:46:01,416] 39 root - INFO - [Attacker] Label flip: 19 samples class 4 \u2192 class 0
[2026-07-19 13:46:01,424] 39 root - INFO - [Attacker] Label flip: 10 samples class 4 \u2192 class 0
[2026-07-19 13:46:01,432] 39 root - INFO - [Attacker] Label flip: 13 samples class 4 \u2192 class 0
[2026-07-19 13:46:01,441] 39 root - INFO - [Attacker] Label flip: 7 samples class 4 \u2192 class 0
[2026-07-19 13:46:01,448] 39 root - INFO - [Attacker] Label flip: 14 samples class 4 \u2192 class 0
[2026-07-19 13:46:01,456] 39 root - INFO - [Attacker] Label flip: 13 samples class 4 \u2192 class 0
[2026-07-19 13:46:01,464] 39 root - INFO - [Attacker] Label flip: 15 samples class 4 \u2192 class 0
[2026-07-19 13:46:01,473] 39 root - INFO - [Attacker] Label flip: 10 samples class 4 \u2192 class 0
[2026-07-19 13:46:01,481] 39 root - INFO - [Attacker] Label flip: 11 samples class 4 \u2192 class 0
[2026-07-19 13:46:01,487] 39 root - INFO - [Attacker] Label flip: 15 samples class 4 \u2192 class 0
[2026-07-19 13:46:01,495] 39 root - INFO - [Attacker] Label flip: 10 samples class 4 \u2192 class 0
[2026-07-19 13:46:01,503] 39 root - INFO - [Attacker] Label flip: 11 samples class 4 \u2192 class 0
[2026-07-19 13:46:01,513] 39 root - INFO - [Attacker] Label flip: 17 samples class 4 \u2192 class 0
[2026-07-19 13:46:01,523] 39 root - INFO - [Attacker] Label flip: 10 samples class 4 \u2192 class 0
[2026-07-19 13:46:01,531] 39 root - INFO - [Attacker] Label flip: 15 samples class 4 \u2192 class 0
[2026-07-19 13:46:01,539] 39 root - INFO - [Attacker] Label flip: 15 samples class 4 \u2192 class 0
[2026-07-19 13:46:01,556] 39 root - INFO - [Attacker] Label flip: 13 samples class 4 \u2192 class 0
[2026-07-19 13:46:01,564] 39 root - INFO - [Attacker] Label flip: 9 samples class 4 \u2192 class 0
[2026-07-19 13:46:01,572] 39 root - INFO - [Attacker] Label flip: 15 samples class 4 \u2192 class 0
[2026-07-19 13:46:01,580] 39 root - INFO - [Attacker] Label flip: 15 samples class 4 \u2192 class 0
[2026-07-19 13:46:01,588] 39 root - INFO - [Attacker] Label flip: 19 samples class 4 \u2192 class 0
[2026-07-19 13:46:01,596] 39 root - INFO - [Attacker] Label flip: 17 samples class 4 \u2192 class 0
[2026-07-19 13:46:01,604] 39 root - INFO - [Attacker] Label flip: 14 samples class 4 \u2192 class 0
[2026-07-19 13:46:01,612] 39 root - INFO - [Attacker] Label flip: 10 samples class 4 \u2192 class 0
[2026-07-19 13:46:01,623] 39 root - INFO - [Attacker] Label flip: 9 samples class 4 \u2192 class 0
[2026-07-19 13:46:01,631] 39 root - INFO - [Attacker] Label flip: 11 samples class 4 \u2192 class 0
[2026-07-19 13:46:01,639] 39 root - INFO - [Attacker] Label flip: 10 samples class 4 \u2192 class 0
[2026-07-19 13:46:01,647] 39 root - INFO - [Attacker] Label flip: 8 samples class 4 \u2192 class 0
[2026-07-19 13:46:01,657] 39 root - INFO - [Attacker] Label flip: 21 samples class 4 \u2192 class 0
[2026-07-19 13:46:01,668] 39 root - INFO - [Attacker] Label flip: 8 samples class 4 \u2192 class 0
[2026-07-19 13:46:01,675] 39 root - INFO - [Attacker] Label flip: 13 samples class 4 \u2192 class 0
[2026-07-19 13:46:01,685] 39 root - INFO - [Attacker] Label flip: 11 samples class 4 \u2192 class 0
[2026-07-19 13:46:01,695] 39 root - INFO - [Attacker] Label flip: 11 samples class 4 \u2192 class 0
[2026-07-19 13:46:01,702] 39 root - INFO - [Attacker] Label flip: 18 samples class 4 \u2192 class 0
[2026-07-19 13:46:01,710] 39 root - INFO - [Attacker] Label flip: 14 samples class 4 \u2192 class 0
[2026-07-19 13:46:01,717] 39 root - INFO - [Attacker] Label flip: 5 samples class 4 \u2192 class 0
[2026-07-19 13:46:01,725] 39 root - INFO - [Attacker] Label flip: 9 samples class 4 \u2192 class 0
[2026-07-19 13:46:01,733] 39 root - INFO - [Attacker] Label flip: 6 samples class 4 \u2192 class 0
[2026-07-19 13:46:01,741] 39 root - INFO - [Attacker] Label flip: 11 samples class 4 \u2192 class 0
[2026-07-19 13:46:01,749] 39 root - INFO - [Attacker] Label flip: 11 samples class 4 \u2192 class 0
[2026-07-19 13:46:01,756] 39 root - INFO - [Attacker] Label flip: 18 samples class 4 \u2192 class 0
[2026-07-19 13:46:01,768] 39 root - INFO - [Attacker] Label flip: 13 samples class 4 \u2192 class 0
[2026-07-19 13:46:01,775] 39 root - INFO - [Attacker] Label flip: 13 samples class 4 \u2192 class 0
[2026-07-19 13:46:01,783] 39 root - INFO - [Attacker] Label flip: 16 samples class 4 \u2192 class 0
[2026-07-19 13:46:01,791] 39 root - INFO - [Attacker] Label flip: 12 samples class 4 \u2192 class 0
[2026-07-19 13:46:01,810] 39 root - INFO - [Attacker] Label flip: 16 samples class 4 \u2192 class 0
[2026-07-19 13:46:01,819] 39 root - INFO - [Attacker] Label flip: 13 samples class 4 \u2192 class 0
[2026-07-19 13:46:01,827] 39 root - INFO - [Attacker] Label flip: 15 samples class 4 \u2192 class 0
[2026-07-19 13:46:01,834] 39 root - INFO - [Attacker] Label flip: 9 samples class 4 \u2192 class 0
[2026-07-19 13:46:01,845] 39 root - INFO - [Attacker] Label flip: 13 samples class 4 \u2192 class 0
[2026-07-19 13:46:01,853] 39 root - INFO - [Attacker] Label flip: 22 samples class 4 \u2192 class 0
[2026-07-19 13:46:01,861] 39 root - INFO - [Attacker] Label flip: 19 samples class 4 \u2192 class 0
[2026-07-19 13:46:01,869] 39 root - INFO - [Attacker] Label flip: 14 samples class 4 \u2192 class 0
[2026-07-19 13:46:01,887] 39 root - INFO - [Attacker] Label flip: 6 samples class 4 \u2192 class 0
[2026-07-19 13:46:01,893] 39 root - INFO - [Attacker] Label flip: 16 samples class 4 \u2192 class 0
[2026-07-19 13:46:01,900] 39 root - INFO - [Attacker] Label flip: 13 samples class 4 \u2192 class 0
[2026-07-19 13:46:01,908] 39 root - INFO - [Attacker] Label flip: 10 samples class 4 \u2192 class 0
[2026-07-19 13:46:01,916] 39 root - INFO - [Attacker] Label flip: 2 samples class 4 \u2192 class 0
[2026-07-19 13:46:01,930] 39 root - INFO - [Attacker] Label flip: 16 samples class 4 \u2192 class 0
[2026-07-19 13:46:01,938] 39 root - INFO - [Attacker] Label flip: 19 samples class 4 \u2192 class 0
[2026-07-19 13:46:01,946] 39 root - INFO - [Attacker] Label flip: 15 samples class 4 \u2192 class 0
[2026-07-19 13:46:01,954] 39 root - INFO - [Attacker] Label flip: 7 samples class 4 \u2192 class 0
[2026-07-19 13:46:01,962] 39 root - INFO - [Attacker] Label flip: 14 samples class 4 \u2192 class 0
[2026-07-19 13:46:01,969] 39 root - INFO - [Attacker] Label flip: 8 samples class 4 \u2192 class 0
[2026-07-19 13:46:01,977] 39 root - INFO - [Attacker] Label flip: 12 samples class 4 \u2192 class 0
[2026-07-19 13:46:01,985] 39 root - INFO - [Attacker] Label flip: 14 samples class 4 \u2192 class 0
[2026-07-19 13:46:01,995] 39 root - INFO - [Attacker] Label flip: 12 samples class 4 \u2192 class 0
[2026-07-19 13:46:02,003] 39 root - INFO - [Attacker] Label flip: 15 samples class 4 \u2192 class 0
[2026-07-19 13:46:02,009] 39 root - INFO - [Attacker] Label flip: 12 samples class 4 \u2192 class 0
[2026-07-19 13:46:02,017] 39 root - INFO - [Attacker] Label flip: 10 samples class 4 \u2192 class 0
[2026-07-19 13:46:02,025] 39 root - INFO - [Attacker] Label flip: 17 samples class 4 \u2192 class 0
[2026-07-19 13:46:02,033] 39 root - INFO - [Attacker] Label flip: 6 samples class 4 \u2192 class 0
[2026-07-19 13:46:02,041] 39 root - INFO - [Attacker] Label flip: 14 samples class 4 \u2192 class 0
[2026-07-19 13:46:02,047] 39 root - INFO - [Attacker] Label flip: 11 samples class 4 \u2192 class 0
[2026-07-19 13:46:02,055] 39 root - INFO - [Attacker] Label flip: 7 samples class 4 \u2192 class 0
[2026-07-19 13:46:02,064] 39 root - INFO - [Attacker] Label flip: 21 samples class 4 \u2192 class 0
[2026-07-19 13:46:02,070] 39 root - INFO - [Attacker] Label flip: 11 samples class 4 \u2192 class 0
[2026-07-19 13:46:02,078] 39 root - INFO - [Attacker] Label flip: 11 samples class 4 \u2192 class 0
[2026-07-19 13:46:02,086] 39 root - INFO - [Attacker] Label flip: 13 samples class 4 \u2192 class 0
[2026-07-19 13:46:02,094] 39 root - INFO - [Attacker] Label flip: 9 samples class 4 \u2192 class 0
[2026-07-19 13:46:02,102] 39 root - INFO - [Attacker] Label flip: 10 samples class 4 \u2192 class 0
[2026-07-19 13:46:02,110] 39 root - INFO - [Attacker] Label flip: 16 samples class 4 \u2192 class 0
[2026-07-19 13:46:02,118] 39 root - INFO - [Attacker] Label flip: 11 samples class 4 \u2192 class 0
[2026-07-19 13:46:02,128] 39 root - INFO - [Attacker] Label flip: 16 samples class 4 \u2192 class 0
[2026-07-19 13:46:02,136] 39 root - INFO - [Attacker] Label flip: 13 samples class 4 \u2192 class 0
[2026-07-19 13:46:02,143] 39 root - INFO - [Attacker] Label flip: 12 samples class 4 \u2192 class 0
[2026-07-19 13:46:02,151] 39 root - INFO - [Attacker] Label flip: 7 samples class 4 \u2192 class 0
[2026-07-19 13:46:02,159] 39 root - INFO - [Attacker] Label flip: 13 samples class 4 \u2192 class 0
[2026-07-19 13:46:02,167] 39 root - INFO - [Attacker] Label flip: 14 samples class 4 \u2192 class 0
[2026-07-19 13:46:02,173] 39 root - INFO - [Attacker] Label flip: 11 samples class 4 \u2192 class 0
[2026-07-19 13:46:02,181] 39 root - INFO - [Attacker] Label flip: 10 samples class 4 \u2192 class 0
[2026-07-19 13:46:02,189] 39 root - INFO - [Attacker] Label flip: 8 samples class 4 \u2192 class 0
[2026-07-19 13:46:02,197] 39 root - INFO - [Attacker] Label flip: 7 samples class 4 \u2192 class 0
[2026-07-19 13:46:02,205] 39 root - INFO - [Attacker] Label flip: 12 samples class 4 \u2192 class 0
[2026-07-19 13:46:02,215] 39 root - INFO - [Attacker] Label flip: 11 samples class 4 \u2192 class 0
[2026-07-19 13:46:02,222] 39 root - INFO - [Attacker] Label flip: 13 samples class 4 \u2192 class 0
[2026-07-19 13:46:02,232] 39 root - INFO - [Attacker] Label flip: 17 samples class 4 \u2192 class 0
[2026-07-19 13:46:02,238] 39 root - INFO - [Attacker] Label flip: 14 samples class 4 \u2192 class 0
[2026-07-19 13:46:02,246] 39 root - INFO - [Attacker] Label flip: 16 samples class 4 \u2192 class 0
[2026-07-19 13:46:02,254] 39 root - INFO - [Attacker] Label flip: 14 samples class 4 \u2192 class 0
[2026-07-19 13:46:02,262] 39 root - INFO - [Attacker] Label flip: 8 samples class 4 \u2192 class 0
[2026-07-19 13:46:02,270] 39 root - INFO - [Attacker] Label flip: 14 samples class 4 \u2192 class 0
[2026-07-19 13:46:02,278] 39 root - INFO - [Attacker] Label flip: 9 samples class 4 \u2192 class 0
[2026-07-19 13:46:02,286] 39 root - INFO - [Attacker] Label flip: 11 samples class 4 \u2192 class 0
[2026-07-19 13:46:02,294] 39 root - INFO - [Attacker] Label flip: 12 samples class 4 \u2192 class 0
[2026-07-19 13:46:02,302] 39 root - INFO - [Attacker] Label flip: 8 samples class 4 \u2192 class 0
[2026-07-19 13:46:02,309] 39 root - INFO - [Attacker] Label flip: 18 samples class 4 \u2192 class 0
[2026-07-19 13:46:02,317] 39 root - INFO - [Attacker] Label flip: 19 samples class 4 \u2192 class 0
[2026-07-19 13:46:02,323] 39 root - INFO - [Attacker] Label flip: 11 samples class 4 \u2192 class 0
[2026-07-19 13:46:02,333] 39 root - INFO - [Attacker] Label flip: 16 samples class 4 \u2192 class 0
[2026-07-19 13:46:02,341] 39 root - INFO - [Attacker] Label flip: 12 samples class 4 \u2192 class 0
[2026-07-19 13:46:02,347] 39 root - INFO - [Attacker] Label flip: 18 samples class 4 \u2192 class 0
[2026-07-19 13:46:02,355] 39 root - INFO - [Attacker] Label flip: 10 samples class 4 \u2192 class 0
[2026-07-19 13:46:02,363] 39 root - INFO - [Attacker] Label flip: 14 samples class 4 \u2192 class 0
[2026-07-19 13:46:02,369] 39 root - INFO - [Attacker] Label flip: 10 samples class 4 \u2192 class 0
[2026-07-19 13:46:02,376] 39 root - INFO - [Attacker] Label flip: 12 samples class 4 \u2192 class 0
[2026-07-19 13:46:02,384] 39 root - INFO - [Attacker] Label flip: 16 samples class 4 \u2192 class 0
[2026-07-19 13:46:02,392] 39 root - INFO - [Attacker] Label flip: 12 samples class 4 \u2192 class 0
[2026-07-19 13:46:02,400] 39 root - INFO - [Attacker] Label flip: 9 samples class 4 \u2192 class 0
[2026-07-19 13:46:02,408] 39 root - INFO - [Attacker] Label flip: 19 samples class 4 \u2192 class 0
[2026-07-19 13:46:02,416] 39 root - INFO - [Attacker] Label flip: 16 samples class 4 \u2192 class 0
[2026-07-19 13:46:02,424] 39 root - INFO - [Attacker] Label flip: 15 samples class 4 \u2192 class 0
[2026-07-19 13:46:02,432] 39 root - INFO - [Attacker] Label flip: 15 samples class 4 \u2192 class 0
[2026-07-19 13:46:02,439] 39 root - INFO - [Attacker] Label flip: 15 samples class 4 \u2192 class 0
[2026-07-19 13:46:02,445] 39 root - INFO - [Attacker] Label flip: 11 samples class 4 \u2192 class 0
[2026-07-19 13:46:02,453] 39 root - INFO - [Attacker] Label flip: 13 samples class 4 \u2192 class 0
[2026-07-19 13:46:02,461] 39 root - INFO - [Attacker] Label flip: 18 samples class 4 \u2192 class 0
[2026-07-19 13:46:02,469] 39 root - INFO - [Attacker] Label flip: 17 samples class 4 \u2192 class 0
[2026-07-19 13:46:02,479] 39 root - INFO - [Attacker] Label flip: 6 samples class 4 \u2192 class 0
[2026-07-19 13:46:02,487] 39 root - INFO - [Attacker] Label flip: 10 samples class 4 \u2192 class 0
[2026-07-19 13:46:02,495] 39 root - INFO - [Attacker] Label flip: 11 samples class 4 \u2192 class 0
[2026-07-19 13:46:02,503] 39 root - INFO - [Attacker] Label flip: 13 samples class 4 \u2192 class 0
[2026-07-19 13:46:02,511] 39 root - INFO - [Attacker] Label flip: 15 samples class 4 \u2192 class 0
[2026-07-19 13:46:02,518] 39 root - INFO - [Attacker] Label flip: 11 samples class 4 \u2192 class 0
[2026-07-19 13:46:02,524] 39 root - INFO - [Attacker] Label flip: 13 samples class 4 \u2192 class 0
[2026-07-19 13:46:02,532] 39 root - INFO - [Attacker] Label flip: 13 samples class 4 \u2192 class 0
[2026-07-19 13:46:02,540] 39 root - INFO - [Attacker] Label flip: 12 samples class 4 \u2192 class 0
[2026-07-19 13:46:02,548] 39 root - INFO - [Attacker] Label flip: 10 samples class 4 \u2192 class 0
[2026-07-19 13:46:02,556] 39 root - INFO - [Attacker] Label flip: 17 samples class 4 \u2192 class 0
[2026-07-19 13:46:02,570] 39 root - INFO - [Attacker] Label flip: 8 samples class 4 \u2192 class 0
[2026-07-19 13:46:02,578] 39 root - INFO - [Attacker] Label flip: 18 samples class 4 \u2192 class 0
[2026-07-19 13:46:02,584] 39 root - INFO - [Attacker] Label flip: 15 samples class 4 \u2192 class 0
[2026-07-19 13:46:02,592] 39 root - INFO - [Attacker] Label flip: 14 samples class 4 \u2192 class 0
[2026-07-19 13:46:02,599] 39 root - INFO - [Attacker] Label flip: 14 samples class 4 \u2192 class 0
[2026-07-19 13:46:02,607] 39 root - INFO - [Attacker] Label flip: 11 samples class 4 \u2192 class 0
[2026-07-19 13:46:02,615] 39 root - INFO - [Attacker] Label flip: 12 samples class 4 \u2192 class 0
[2026-07-19 13:46:02,623] 39 root - INFO - [Attacker] Label flip: 8 samples class 4 \u2192 class 0
[2026-07-19 13:46:02,633] 39 root - INFO - [Attacker] Label flip: 17 samples class 4 \u2192 class 0
[2026-07-19 13:46:02,641] 39 root - INFO - [Attacker] Label flip: 18 samples class 4 \u2192 class 0
[2026-07-19 13:46:02,649] 39 root - INFO - [Attacker] Label flip: 13 samples class 4 \u2192 class 0
[2026-07-19 13:46:02,657] 39 root - INFO - [Attacker] Label flip: 10 samples class 4 \u2192 class 0
[2026-07-19 13:46:02,665] 39 root - INFO - [Attacker] Label flip: 11 samples class 4 \u2192 class 0
[2026-07-19 13:46:02,673] 39 root - INFO - [Attacker] Label flip: 17 samples class 4 \u2192 class 0
[2026-07-19 13:46:02,681] 39 root - INFO - [Attacker] Label flip: 8 samples class 4 \u2192 class 0
[2026-07-19 13:46:02,688] 39 root - INFO - [Attacker] Label flip: 11 samples class 4 \u2192 class 0
[2026-07-19 13:46:02,694] 39 root - INFO - [Attacker] Label flip: 11 samples class 4 \u2192 class 0
[2026-07-19 13:46:02,703] 39 root - INFO - [Attacker] Label flip: 15 samples class 4 \u2192 class 0
[2026-07-19 13:46:02,710] 39 root - INFO - [Attacker] Label flip: 15 samples class 4 \u2192 class 0
[2026-07-19 13:46:02,718] 39 root - INFO - [Attacker] Label flip: 8 samples class 4 \u2192 class 0
[2026-07-19 13:46:02,726] 39 root - INFO - [Attacker] Label flip: 15 samples class 4 \u2192 class 0
[2026-07-19 13:46:02,734] 39 root - INFO - [Attacker] Label flip: 18 samples class 4 \u2192 class 0
[2026-07-19 13:46:02,742] 39 root - INFO - [Attacker] Label flip: 14 samples class 4 \u2192 class 0
[2026-07-19 13:46:02,748] 39 root - INFO - [Attacker] Label flip: 19 samples class 4 \u2192 class 0
[2026-07-19 13:46:02,756] 39 root - INFO - [Attacker] Label flip: 10 samples class 4 \u2192 class 0
[2026-07-19 13:46:02,764] 39 root - INFO - [Attacker] Label flip: 19 samples class 4 \u2192 class 0
[2026-07-19 13:46:02,771] 39 root - INFO - [Attacker] Label flip: 13 samples class 4 \u2192 class 0
[2026-07-19 13:46:02,780] 39 root - INFO - [Attacker] Label flip: 16 samples class 4 \u2192 class 0
[2026-07-19 13:46:02,787] 39 root - INFO - [Attacker] Label flip: 14 samples class 4 \u2192 class 0
[2026-07-19 13:46:02,794] 39 root - INFO - [Attacker] Label flip: 11 samples class 4 \u2192 class 0
[2026-07-19 13:46:02,801] 39 root - INFO - [Attacker] Label flip: 14 samples class 4 \u2192 class 0
[2026-07-19 13:46:02,809] 39 root - INFO - [Attacker] Label flip: 15 samples class 4 \u2192 class 0
[2026-07-19 13:46:02,817] 39 root - INFO - [Attacker] Label flip: 10 samples class 4 \u2192 class 0
[2026-07-19 13:46:02,825] 39 root - INFO - [Attacker] Label flip: 13 samples class 4 \u2192 class 0
[2026-07-19 13:46:02,837] 39 root - INFO - [Attacker] Label flip: 12 samples class 4 \u2192 class 0
[2026-07-19 13:46:02,845] 39 root - INFO - [Attacker] Label flip: 8 samples class 4 \u2192 class 0
[2026-07-19 13:46:02,852] 39 root - INFO - [Attacker] Label flip: 14 samples class 4 \u2192 class 0
[2026-07-19 13:46:02,860] 39 root - INFO - [Attacker] Label flip: 10 samples class 4 \u2192 class 0
[2026-07-19 13:46:02,868] 39 root - INFO - [Attacker] Label flip: 20 samples class 4 \u2192 class 0
[2026-07-19 13:46:02,889] 39 root - INFO - [Attacker] Label flip: 13 samples class 4 \u2192 class 0
[2026-07-19 13:46:02,897] 39 root - INFO - [Attacker] Label flip: 14 samples class 4 \u2192 class 0
[2026-07-19 13:46:02,903] 39 root - INFO - [Attacker] Label flip: 9 samples class 4 \u2192 class 0
[2026-07-19 13:46:02,911] 39 root - INFO - [Attacker] Label flip: 10 samples class 4 \u2192 class 0
[2026-07-19 13:46:02,921] 39 root - INFO - [Attacker] Label flip: 13 samples class 4 \u2192 class 0
[2026-07-19 13:46:02,929] 39 root - INFO - [Attacker] Label flip: 12 samples class 4 \u2192 class 0
[2026-07-19 13:46:02,937] 39 root - INFO - [Attacker] Label flip: 14 samples class 4 \u2192 class 0
[2026-07-19 13:46:02,945] 39 root - INFO - [Attacker] Label flip: 12 samples class 4 \u2192 class 0
[2026-07-19 13:46:02,963] 39 root - INFO - [Attacker] Label flip: 16 samples class 4 \u2192 class 0
[2026-07-19 13:46:02,971] 39 root - INFO - [Attacker] Label flip: 16 samples class 4 \u2192 class 0
[2026-07-19 13:46:02,986] 39 root - INFO - [Attacker] Label flip: 9 samples class 4 \u2192 class 0
[2026-07-19 13:46:02,994] 39 root - INFO - [Attacker] Label flip: 16 samples class 4 \u2192 class 0
[2026-07-19 13:46:03,000] 39 root - INFO - [Attacker] Label flip: 14 samples class 4 \u2192 class 0
[2026-07-19 13:46:03,012] 39 root - INFO - [Attacker] Label flip: 7 samples class 4 \u2192 class 0
[2026-07-19 13:46:03,020] 39 root - INFO - [Attacker] Label flip: 11 samples class 4 \u2192 class 0
[2026-07-19 13:46:03,028] 39 root - INFO - [Attacker] Label flip: 15 samples class 4 \u2192 class 0
[2026-07-19 13:46:03,034] 39 root - INFO - [Attacker] Label flip: 11 samples class 4 \u2192 class 0
[2026-07-19 13:46:03,044] 39 root - INFO - [Attacker] Label flip: 8 samples class 4 \u2192 class 0
[2026-07-19 13:46:03,052] 39 root - INFO - [Attacker] Label flip: 17 samples class 4 \u2192 class 0
[2026-07-19 13:46:03,060] 39 root - INFO - [Attacker] Label flip: 14 samples class 4 \u2192 class 0
[2026-07-19 13:46:03,066] 39 root - INFO - [Attacker] Label flip: 20 samples class 4 \u2192 class 0
[2026-07-19 13:46:03,073] 39 root - INFO - [Attacker] Label flip: 11 samples class 4 \u2192 class 0
[2026-07-19 13:46:03,081] 39 root - INFO - [Attacker] Label flip: 15 samples class 4 \u2192 class 0
[2026-07-19 13:46:03,089] 39 root - INFO - [Attacker] Label flip: 15 samples class 4 \u2192 class 0
[2026-07-19 13:46:03,097] 39 root - INFO - [Attacker] Label flip: 12 samples class 4 \u2192 class 0
[2026-07-19 13:46:03,105] 39 root - INFO - [Attacker] Label flip: 11 samples class 4 \u2192 class 0
[2026-07-19 13:46:03,113] 39 root - INFO - [Attacker] Label flip: 10 samples class 4 \u2192 class 0
[2026-07-19 13:46:03,120] 39 root - INFO - [Attacker] Label flip: 14 samples class 4 \u2192 class 0
[2026-07-19 13:46:03,126] 39 root - INFO - [Attacker] Label flip: 10 samples class 4 \u2192 class 0
[2026-07-19 13:46:03,134] 39 root - INFO - [Attacker] Label flip: 15 samples class 4 \u2192 class 0
[2026-07-19 13:46:03,142] 39 root - INFO - [Attacker] Label flip: 7 samples class 4 \u2192 class 0
[2026-07-19 13:46:03,150] 39 root - INFO - [Attacker] Label flip: 19 samples class 4 \u2192 class 0
[2026-07-19 13:46:03,158] 39 root - INFO - [Attacker] Label flip: 17 samples class 4 \u2192 class 0
[2026-07-19 13:46:03,166] 39 root - INFO - [Attacker] Label flip: 12 samples class 4 \u2192 class 0
[2026-07-19 13:46:03,174] 39 root - INFO - [Attacker] Label flip: 14 samples class 4 \u2192 class 0
[2026-07-19 13:46:03,182] 39 root - INFO - [Attacker] Label flip: 20 samples class 4 \u2192 class 0
[2026-07-19 13:46:03,188] 39 root - INFO - [Attacker] Label flip: 10 samples class 4 \u2192 class 0
[2026-07-19 13:46:03,196] 39 root - INFO - [Attacker] Label flip: 7 samples class 4 \u2192 class 0
[2026-07-19 13:46:03,204] 39 root - INFO - [Attacker] Label flip: 13 samples class 4 \u2192 class 0
[2026-07-19 13:46:03,213] 39 root - INFO - [Attacker] Label flip: 11 samples class 4 \u2192 class 0
[2026-07-19 13:46:03,219] 39 root - INFO - [Attacker] Label flip: 18 samples class 4 \u2192 class 0
[2026-07-19 13:46:03,227] 39 root - INFO - [Attacker] Label flip: 9 samples class 4 \u2192 class 0
[2026-07-19 13:46:03,237] 39 root - INFO - [Attacker] Label flip: 16 samples class 4 \u2192 class 0
[2026-07-19 13:46:03,245] 39 root - INFO - [Attacker] Label flip: 9 samples class 4 \u2192 class 0
[2026-07-19 13:46:03,253] 39 root - INFO - [Attacker] Label flip: 15 samples class 4 \u2192 class 0
[2026-07-19 13:46:03,260] 39 root - INFO - [Attacker] Label flip: 12 samples class 4 \u2192 class 0
[2026-07-19 13:46:03,267] 39 root - INFO - [Attacker] Label flip: 13 samples class 4 \u2192 class 0
[2026-07-19 13:46:03,274] 39 root - INFO - [Attacker] Label flip: 13 samples class 4 \u2192 class 0
[2026-07-19 13:46:03,282] 39 root - INFO - [Attacker] Label flip: 18 samples class 4 \u2192 class 0
[2026-07-19 13:46:03,290] 39 root - INFO - [Attacker] Label flip: 13 samples class 4 \u2192 class 0
[2026-07-19 13:46:03,298] 39 root - INFO - [Attacker] Label flip: 16 samples class 4 \u2192 class 0
[2026-07-19 13:46:03,306] 39 root - INFO - [Attacker] Label flip: 17 samples class 4 \u2192 class 0
[2026-07-19 13:46:03,314] 39 root - INFO - [Attacker] Label flip: 13 samples class 4 \u2192 class 0
[2026-07-19 13:46:03,320] 39 root - INFO - [Attacker] Label flip: 16 samples class 4 \u2192 class 0
[2026-07-19 13:46:03,328] 39 root - INFO - [Attacker] Label flip: 15 samples class 4 \u2192 class 0
[2026-07-19 13:46:03,336] 39 root - INFO - [Attacker] Label flip: 15 samples class 4 \u2192 class 0
[2026-07-19 13:46:03,344] 39 root - INFO - [Attacker] Label flip: 16 samples class 4 \u2192 class 0
[2026-07-19 13:46:03,352] 39 root - INFO - [Attacker] Label flip: 10 samples class 4 \u2192 class 0
[2026-07-19 13:46:03,361] 39 root - INFO - [Attacker] Label flip: 13 samples class 4 \u2192 class 0
[2026-07-19 13:46:03,369] 39 root - INFO - [Attacker] Label flip: 10 samples class 4 \u2192 class 0
[2026-07-19 13:46:03,376] 39 root - INFO - [Attacker] Label flip: 12 samples class 4 \u2192 class 0
[2026-07-19 13:46:03,382] 39 root - INFO - [Attacker] Label flip: 17 samples class 4 \u2192 class 0
[2026-07-19 13:46:03,390] 39 root - INFO - [Attacker] Label flip: 12 samples class 4 \u2192 class 0
[2026-07-19 13:46:03,398] 39 root - INFO - [Attacker] Label flip: 8 samples class 4 \u2192 class 0
[2026-07-19 13:46:03,406] 39 root - INFO - [Attacker] Label flip: 9 samples class 4 \u2192 class 0
[2026-07-19 13:46:03,414] 39 root - INFO - [Attacker] Label flip: 12 samples class 4 \u2192 class 0
[2026-07-19 13:46:03,422] 39 root - INFO - [Attacker] Label flip: 14 samples class 4 \u2192 class 0
[2026-07-19 13:46:03,430] 39 root - INFO - [Attacker] Label flip: 13 samples class 4 \u2192 class 0
[2026-07-19 13:46:03,438] 39 root - INFO - [Attacker] Label flip: 13 samples class 4 \u2192 class 0
[2026-07-19 13:46:03,446] 39 root - INFO - [Attacker] Label flip: 15 samples class 4 \u2192 class 0
[2026-07-19 13:46:03,454] 39 root - INFO - [Attacker] Label flip: 10 samples class 4 \u2192 class 0
[2026-07-19 13:46:03,461] 39 root - INFO - [Attacker] Label flip: 16 samples class 4 \u2192 class 0
[2026-07-19 13:46:03,469] 39 root - INFO - [Attacker] Label flip: 13 samples class 4 \u2192 class 0
[2026-07-19 13:46:03,479] 39 root - INFO - [Attacker] Label flip: 13 samples class 4 \u2192 class 0
[2026-07-19 13:46:03,487] 39 root - INFO - [Attacker] Label flip: 14 samples class 4 \u2192 class 0
[2026-07-19 13:46:03,495] 39 root - INFO - [Attacker] Label flip: 10 samples class 4 \u2192 class 0
[2026-07-19 13:46:03,503] 39 root - INFO - [Attacker] Label flip: 16 samples class 4 \u2192 class 0
[2026-07-19 13:46:03,511] 39 root - INFO - [Attacker] Label flip: 8 samples class 4 \u2192 class 0
[2026-07-19 13:46:03,519] 39 root - INFO - [Attacker] Label flip: 10 samples class 4 \u2192 class 0
[2026-07-19 13:46:03,527] 39 root - INFO - [Attacker] Label flip: 9 samples class 4 \u2192 class 0
[2026-07-19 13:46:03,534] 39 root - INFO - [Attacker] Label flip: 17 samples class 4 \u2192 class 0
[2026-07-19 13:46:03,540] 39 root - INFO - [Attacker] Label flip: 12 samples class 4 \u2192 class 0
[2026-07-19 13:46:03,548] 39 root - INFO - [Attacker] Label flip: 18 samples class 4 \u2192 class 0
[2026-07-19 13:46:03,556] 39 root - INFO - [Attacker] Label flip: 14 samples class 4 \u2192 class 0
[2026-07-19 13:46:03,564] 39 root - INFO - [Attacker] Label flip: 11 samples class 4 \u2192 class 0
[2026-07-19 13:46:03,572] 39 root - INFO - [Attacker] Label flip: 8 samples class 4 \u2192 class 0
[2026-07-19 13:46:03,578] 39 root - INFO - [Attacker] Label flip: 15 samples class 4 \u2192 class 0
[2026-07-19 13:46:03,586] 39 root - INFO - [Attacker] Label flip: 10 samples class 4 \u2192 class 0
[2026-07-19 13:46:03,594] 39 root - INFO - [Attacker] Label flip: 15 samples class 4 \u2192 class 0
[2026-07-19 13:46:03,602] 39 root - INFO - [Attacker] Label flip: 14 samples class 4 \u2192 class 0
[2026-07-19 13:46:03,620] 39 root - INFO - [Attacker] Label flip: 9 samples class 4 \u2192 class 0
[2026-07-19 13:46:03,628] 39 root - INFO - [Attacker] Label flip: 16 samples class 4 \u2192 class 0
[2026-07-19 13:46:03,635] 39 root - INFO - [Attacker] Label flip: 12 samples class 4 \u2192 class 0
[2026-07-19 13:46:03,642] 39 root - INFO - [Attacker] Label flip: 11 samples class 4 \u2192 class 0
[2026-07-19 13:46:03,660] 39 root - INFO - [Attacker] Label flip: 12 samples class 4 \u2192 class 0
[2026-07-19 13:46:03,668] 39 root - INFO - [Attacker] Label flip: 8 samples class 4 \u2192 class 0
[2026-07-19 13:46:03,676] 39 root - INFO - [Attacker] Label flip: 9 samples class 4 \u2192 class 0
[2026-07-19 13:46:03,683] 39 root - INFO - [Attacker] Label flip: 9 samples class 4 \u2192 class 0
[2026-07-19 13:46:03,692] 39 root - INFO - [Attacker] Label flip: 18 samples class 4 \u2192 class 0
[2026-07-19 13:46:03,698] 39 root - INFO - [Attacker] Label flip: 13 samples class 4 \u2192 class 0
[2026-07-19 13:46:03,707] 39 root - INFO - [Attacker] Label flip: 16 samples class 4 \u2192 class 0
[2026-07-19 13:46:03,713] 39 root - INFO - [Attacker] Label flip: 15 samples class 4 \u2192 class 0
[2026-07-19 13:46:03,721] 39 root - INFO - [Attacker] Label flip: 13 samples class 4 \u2192 class 0
[2026-07-19 13:46:03,729] 39 root - INFO - [Attacker] Label flip: 13 samples class 4 \u2192 class 0
[2026-07-19 13:46:03,736] 39 root - INFO - [Attacker] Label flip: 11 samples class 4 \u2192 class 0
[2026-07-19 13:46:03,742] 39 root - INFO - [Attacker] Label flip: 7 samples class 4 \u2192 class 0
[2026-07-19 13:46:03,751] 39 root - INFO - [Attacker] Label flip: 5 samples class 4 \u2192 class 0
[2026-07-19 13:46:03,759] 39 root - INFO - [Attacker] Label flip: 18 samples class 4 \u2192 class 0
[2026-07-19 13:46:03,767] 39 root - INFO - [Attacker] Label flip: 11 samples class 4 \u2192 class 0
[2026-07-19 13:46:03,774] 39 root - INFO - [Attacker] Label flip: 13 samples class 4 \u2192 class 0
[2026-07-19 13:46:03,781] 39 root - INFO - [Attacker] Label flip: 14 samples class 4 \u2192 class 0
[2026-07-19 13:46:03,789] 39 root - INFO - [Attacker] Label flip: 12 samples class 4 \u2192 class 0
[2026-07-19 13:46:03,797] 39 root - INFO - [Attacker] Label flip: 8 samples class 4 \u2192 class 0
[2026-07-19 13:46:03,804] 39 root - INFO - [Attacker] Label flip: 8 samples class 4 \u2192 class 0
[2026-07-19 13:46:03,810] 39 root - INFO - [Attacker] Label flip: 18 samples class 4 \u2192 class 0
[2026-07-19 13:46:03,820] 39 root - INFO - [Attacker] Label flip: 13 samples class 4 \u2192 class 0
[2026-07-19 13:46:03,828] 39 root - INFO - [Attacker] Label flip: 14 samples class 4 \u2192 class 0
[2026-07-19 13:46:03,836] 39 root - INFO - [Attacker] Label flip: 11 samples class 4 \u2192 class 0
[2026-07-19 13:46:03,844] 39 root - INFO - [Attacker] Label flip: 15 samples class 4 \u2192 class 0
[2026-07-19 13:46:03,852] 39 root - INFO - [Attacker] Label flip: 14 samples class 4 \u2192 class 0
[2026-07-19 13:46:03,867] 39 root - INFO - [Attacker] Label flip: 11 samples class 4 \u2192 class 0
[2026-07-19 13:46:03,873] 39 root - INFO - [Attacker] Label flip: 13 samples class 4 \u2192 class 0
[2026-07-19 13:46:03,881] 39 root - INFO - [Attacker] Label flip: 18 samples class 4 \u2192 class 0
[2026-07-19 13:46:03,890] 39 root - INFO - [Attacker] Label flip: 17 samples class 4 \u2192 class 0
[2026-07-19 13:46:03,898] 39 root - INFO - [Attacker] Label flip: 15 samples class 4 \u2192 class 0
[2026-07-19 13:46:03,906] 39 root - INFO - [Attacker] Label flip: 9 samples class 4 \u2192 class 0
[2026-07-19 13:46:03,914] 39 root - INFO - [Attacker] Label flip: 16 samples class 4 \u2192 class 0
[2026-07-19 13:46:03,922] 39 root - INFO - [Attacker] Label flip: 12 samples class 4 \u2192 class 0
[2026-07-19 13:46:03,931] 39 root - INFO - [Attacker] Label flip: 18 samples class 4 \u2192 class 0
[2026-07-19 13:46:03,939] 39 root - INFO - [Attacker] Label flip: 8 samples class 4 \u2192 class 0
[2026-07-19 13:46:03,947] 39 root - INFO - [Attacker] Label flip: 10 samples class 4 \u2192 class 0
[2026-07-19 13:46:03,955] 39 root - INFO - [Attacker] Label flip: 14 samples class 4 \u2192 class 0
[2026-07-19 13:46:03,963] 39 root - INFO - [Attacker] Label flip: 13 samples class 4 \u2192 class 0
[2026-07-19 13:46:03,971] 39 root - INFO - [Attacker] Label flip: 8 samples class 4 \u2192 class 0
[2026-07-19 13:46:03,977] 39 root - INFO - [Attacker] Label flip: 10 samples class 4 \u2192 class 0
[2026-07-19 13:46:03,985] 39 root - INFO - [Attacker] Label flip: 12 samples class 4 \u2192 class 0
[2026-07-19 13:46:03,993] 39 root - INFO - [Attacker] Label flip: 16 samples class 4 \u2192 class 0
[2026-07-19 13:46:04,012] 39 root - INFO - [Attacker] Label flip: 11 samples class 4 \u2192 class 0
[2026-07-19 13:46:04,020] 39 root - INFO - [Attacker] Label flip: 10 samples class 4 \u2192 class 0
[2026-07-19 13:46:04,028] 39 root - INFO - [Attacker] Label flip: 20 samples class 4 \u2192 class 0
[2026-07-19 13:46:04,036] 39 root - INFO - [Attacker] Label flip: 12 samples class 4 \u2192 class 0
[2026-07-19 13:46:04,049] 39 root - INFO - [Attacker] Label flip: 12 samples class 4 \u2192 class 0
[2026-07-19 13:46:04,056] 39 root - INFO - [Attacker] Label flip: 16 samples class 4 \u2192 class 0
[2026-07-19 13:46:04,065] 39 root - INFO - [Attacker] Label flip: 13 samples class 4 \u2192 class 0
[2026-07-19 13:46:04,072] 39 root - INFO - [Attacker] Label flip: 11 samples class 4 \u2192 class 0
[2026-07-19 13:46:04,082] 39 root - INFO - [Attacker] Label flip: 17 samples class 4 \u2192 class 0
[2026-07-19 13:46:04,090] 39 root - INFO - [Attacker] Label flip: 12 samples class 4 \u2192 class 0
[2026-07-19 13:46:04,096] 39 root - INFO - [Attacker] Label flip: 11 samples class 4 \u2192 class 0
[2026-07-19 13:46:04,104] 39 root - INFO - [Attacker] Label flip: 16 samples class 4 \u2192 class 0
[2026-07-19 13:46:04,112] 39 root - INFO - [Attacker] Label flip: 10 samples class 4 \u2192 class 0
[2026-07-19 13:46:04,120] 39 root - INFO - [Attacker] Label flip: 7 samples class 4 \u2192 class 0
[2026-07-19 13:46:04,128] 39 root - INFO - [Attacker] Label flip: 6 samples class 4 \u2192 class 0
[2026-07-19 13:46:04,135] 39 root - INFO - [Attacker] Label flip: 9 samples class 4 \u2192 class 0
[2026-07-19 13:46:04,144] 39 root - INFO - [Attacker] Label flip: 17 samples class 4 \u2192 class 0
[2026-07-19 13:46:04,151] 39 root - INFO - [Attacker] Label flip: 12 samples class 4 \u2192 class 0
[2026-07-19 13:46:04,157] 39 root - INFO - [Attacker] Label flip: 16 samples class 4 \u2192 class 0
[2026-07-19 13:46:04,167] 39 root - INFO - [Attacker] Label flip: 15 samples class 4 \u2192 class 0
[2026-07-19 13:46:04,175] 39 root - INFO - [Attacker] Label flip: 10 samples class 4 \u2192 class 0
[2026-07-19 13:46:04,182] 39 root - INFO - [Attacker] Label flip: 10 samples class 4 \u2192 class 0
[2026-07-19 13:46:04,190] 39 root - INFO - [Attacker] Label flip: 17 samples class 4 \u2192 class 0
[2026-07-19 13:46:04,199] 39 root - INFO - [Attacker] Label flip: 18 samples class 4 \u2192 class 0
[2026-07-19 13:46:04,207] 39 root - INFO - [Attacker] Label flip: 11 samples class 4 \u2192 class 0
[2026-07-19 13:46:04,216] 39 root - INFO - [Attacker] Label flip: 14 samples class 4 \u2192 class 0
[2026-07-19 13:46:04,222] 39 root - INFO - [Attacker] Label flip: 17 samples class 4 \u2192 class 0
[2026-07-19 13:46:04,230] 39 root - INFO - [Attacker] Label flip: 6 samples class 4 \u2192 class 0
[2026-07-19 13:46:04,238] 39 root - INFO - [Attacker] Label flip: 9 samples class 4 \u2192 class 0
[2026-07-19 13:46:04,245] 39 root - INFO - [Attacker] Label flip: 16 samples class 4 \u2192 class 0
[2026-07-19 13:46:04,254] 39 root - INFO - [Attacker] Label flip: 14 samples class 4 \u2192 class 0
[2026-07-19 13:46:04,261] 39 root - INFO - [Attacker] Label flip: 14 samples class 4 \u2192 class 0
[2026-07-19 13:46:04,271] 39 root - INFO - [Attacker] Label flip: 14 samples class 4 \u2192 class 0
[2026-07-19 13:46:04,279] 39 root - INFO - [Attacker] Label flip: 14 samples class 4 \u2192 class 0
[2026-07-19 13:46:04,291] 39 root - INFO - [Attacker] Label flip: 10 samples class 4 \u2192 class 0
[2026-07-19 13:46:04,298] 39 root - INFO - [Attacker] Label flip: 13 samples class 4 \u2192 class 0
[2026-07-19 13:46:04,306] 39 root - INFO - [Attacker] Label flip: 9 samples class 4 \u2192 class 0
[2026-07-19 13:46:04,314] 39 root - INFO - [Attacker] Label flip: 14 samples class 4 \u2192 class 0
[2026-07-19 13:46:04,322] 39 root - INFO - [Attacker] Label flip: 8 samples class 4 \u2192 class 0
[2026-07-19 13:46:04,330] 39 root - INFO - [Attacker] Label flip: 13 samples class 4 \u2192 class 0
[2026-07-19 13:46:04,338] 39 root - INFO - [Attacker] Label flip: 15 samples class 4 \u2192 class 0
[2026-07-19 13:46:04,344] 39 root - INFO - [Attacker] Label flip: 8 samples class 4 \u2192 class 0
[2026-07-19 13:46:04,352] 39 root - INFO - [Attacker] Label flip: 13 samples class 4 \u2192 class 0
[2026-07-19 13:46:04,360] 39 root - INFO - [Attacker] Label flip: 13 samples class 4 \u2192 class 0
[2026-07-19 13:46:04,368] 39 root - INFO - [Attacker] Label flip: 19 samples class 4 \u2192 class 0
[2026-07-19 13:46:04,376] 39 root - INFO - [Attacker] Label flip: 22 samples class 4 \u2192 class 0
[2026-07-19 13:46:04,439] 268 flwr - WARNING - DEPRECATED FEATURE: `client_fn` now expects a signature `def client_fn(context: Context)`.The provided `client_fn` has signature: {'cid': <Parameter "cid: str">}. You can import the `Context` like this: `from flwr.common import Context`

            This is a deprecated feature. It will be removed
            entirely in future versions of Flower.
        
[2026-07-19 13:46:05,307] 268 flwr - WARNING - DEPRECATED FEATURE: `client_fn` now expects a signature `def client_fn(context: Context)`.The provided `client_fn` has signature: {'cid': <Parameter "cid: str">}. You can import the `Context` like this: `from flwr.common import Context`

            This is a deprecated feature. It will be removed
            entirely in future versions of Flower.
        
[2026-07-19 13:46:30,215] 268 flwr - WARNING - DEPRECATED FEATURE: `client_fn` now expects a signature `def client_fn(context: Context)`.The provided `client_fn` has signature: {'cid': <Parameter "cid: str">}. You can import the `Context` like this: `from flwr.common import Context`

            This is a deprecated feature. It will be removed
            entirely in future versions of Flower.
        
[2026-07-19 13:47:47,578] 268 flwr - WARNING - DEPRECATED FEATURE: `client_fn` now expects a signature `def client_fn(context: Context)`.The provided `client_fn` has signature: {'cid': <Parameter "cid: str">}. You can import the `Context` like this: `from flwr.common import Context`

            This is a deprecated feature. It will be removed
            entirely in future versions of Flower.
        
[2026-07-19 13:47:51,856] 268 flwr - WARNING - DEPRECATED FEATURE: `client_fn` now expects a signature `def client_fn(context: Context)`.The provided `client_fn` has signature: {'cid': <Parameter "cid: str">}. You can import the `Context` like this: `from flwr.common import Context`

            This is a deprecated feature. It will be removed
            entirely in future versions of Flower.
        
[2026-07-19 13:48:26,100] 268 flwr - WARNING - DEPRECATED FEATURE: `client_fn` now expects a signature `def client_fn(context: Context)`.The provided `client_fn` has signature: {'cid': <Parameter "cid: str">}. You can import the `Context` like this: `from flwr.common import Context`

            This is a deprecated feature. It will be removed
            entirely in future versions of Flower.
        
[2026-07-19 13:50:01,827] 268 flwr - WARNING - DEPRECATED FEATURE: `client_fn` now expects a signature `def client_fn(context: Context)`.The provided `client_fn` has signature: {'cid': <Parameter "cid: str">}. You can import the `Context` like this: `from flwr.common import Context`

            This is a deprecated feature. It will be removed
            entirely in future versions of Flower.
        
[2026-07-19 13:50:02,067] 268 flwr - WARNING - DEPRECATED FEATURE: `client_fn` now expects a signature `def client_fn(context: Context)`.The provided `client_fn` has signature: {'cid': <Parameter "cid: str">}. You can import the `Context` like this: `from flwr.common import Context`

            This is a deprecated feature. It will be removed
            entirely in future versions of Flower.
        
[2026-07-19 13:50:02,412] 268 flwr - WARNING - DEPRECATED FEATURE: `client_fn` now expects a signature `def client_fn(context: Context)`.The provided `client_fn` has signature: {'cid': <Parameter "cid: str">}. You can import the `Context` like this: `from flwr.common import Context`

            This is a deprecated feature. It will be removed
            entirely in future versions of Flower.
        
[2026-07-19 13:50:02,932] 268 flwr - WARNING - DEPRECATED FEATURE: `client_fn` now expects a signature `def client_fn(context: Context)`.The provided `client_fn` has signature: {'cid': <Parameter "cid: str">}. You can import the `Context` like this: `from flwr.common import Context`

            This is a deprecated feature. It will be removed
            entirely in future versions of Flower.
        
[2026-07-19 13:50:02,984] 268 flwr - WARNING - DEPRECATED FEATURE: `client_fn` now expects a signature `def client_fn(context: Context)`.The provided `client_fn` has signature: {'cid': <Parameter "cid: str">}. You can import the `Context` like this: `from flwr.common import Context`

            This is a deprecated feature. It will be removed
            entirely in future versions of Flower.
        
[2026-07-19 13:50:07,405] 268 flwr - WARNING - DEPRECATED FEATURE: `client_fn` now expects a signature `def client_fn(context: Context)`.The provided `client_fn` has signature: {'cid': <Parameter "cid: str">}. You can import the `Context` like this: `from flwr.common import Context`

            This is a deprecated feature. It will be removed
            entirely in future versions of Flower.
        
[2026-07-19 13:51:54,276] 268 flwr - WARNING - DEPRECATED FEATURE: `client_fn` now expects a signature `def client_fn(context: Context)`.The provided `client_fn` has signature: {'cid': <Parameter "cid: str">}. You can import the `Context` like this: `from flwr.common import Context`

            This is a deprecated feature. It will be removed
            entirely in future versions of Flower.
        
[2026-07-19 13:51:54,586] 268 flwr - WARNING - DEPRECATED FEATURE: `client_fn` now expects a signature `def client_fn(context: Context)`.The provided `client_fn` has signature: {'cid': <Parameter "cid: str">}. You can import the `Context` like this: `from flwr.common import Context`

            This is a deprecated feature. It will be removed
            entirely in future versions of Flower.
        
[2026-07-19 13:51:55,131] 268 flwr - WARNING - DEPRECATED FEATURE: `client_fn` now expects a signature `def client_fn(context: Context)`.The provided `client_fn` has signature: {'cid': <Parameter "cid: str">}. You can import the `Context` like this: `from flwr.common import Context`

            This is a deprecated feature. It will be removed
            entirely in future versions of Flower.
        
[2026-07-19 13:51:55,181] 268 flwr - WARNING - DEPRECATED FEATURE: `client_fn` now expects a signature `def client_fn(context: Context)`.The provided `client_fn` has signature: {'cid': <Parameter "cid: str">}. You can import the `Context` like this: `from flwr.common import Context`

            This is a deprecated feature. It will be removed
            entirely in future versions of Flower.
        
[2026-07-19 13:51:59,216] 268 flwr - WARNING - DEPRECATED FEATURE: `client_fn` now expects a signature `def client_fn(context: Context)`.The provided `client_fn` has signature: {'cid': <Parameter "cid: str">}. You can import the `Context` like this: `from flwr.common import Context`

            This is a deprecated feature. It will be removed
            entirely in future versions of Flower.
        
[2026-07-19 13:52:28,522] 268 flwr - WARNING - DEPRECATED FEATURE: `client_fn` now expects a signature `def client_fn(context: Context)`.The provided `client_fn` has signature: {'cid': <Parameter "cid: str">}. You can import the `Context` like this: `from flwr.common import Context`

            This is a deprecated feature. It will be removed
            entirely in future versions of Flower.
        
[2026-07-19 13:52:30,266] 268 flwr - WARNING - DEPRECATED FEATURE: `client_fn` now expects a signature `def client_fn(context: Context)`.The provided `client_fn` has signature: {'cid': <Parameter "cid: str">}. You can import the `Context` like this: `from flwr.common import Context`

            This is a deprecated feature. It will be removed
            entirely in future versions of Flower.
        
[2026-07-19 13:54:13,389] 268 flwr - WARNING - DEPRECATED FEATURE: `client_fn` now expects a signature `def client_fn(context: Context)`.The provided `client_fn` has signature: {'cid': <Parameter "cid: str">}. You can import the `Context` like this: `from flwr.common import Context`

            This is a deprecated feature. It will be removed
            entirely in future versions of Flower.
        
[2026-07-19 13:54:14,868] 268 flwr - WARNING - DEPRECATED FEATURE: `client_fn` now expects a signature `def client_fn(context: Context)`.The provided `client_fn` has signature: {'cid': <Parameter "cid: str">}. You can import the `Context` like this: `from flwr.common import Context`

            This is a deprecated feature. It will be removed
            entirely in future versions of Flower.
        
[2026-07-19 13:54:15,135] 268 flwr - WARNING - DEPRECATED FEATURE: `client_fn` now expects a signature `def client_fn(context: Context)`.The provided `client_fn` has signature: {'cid': <Parameter "cid: str">}. You can import the `Context` like this: `from flwr.common import Context`

            This is a deprecated feature. It will be removed
            entirely in future versions of Flower.
        
[2026-07-19 13:54:19,075] 268 flwr - WARNING - DEPRECATED FEATURE: `client_fn` now expects a signature `def client_fn(context: Context)`.The provided `client_fn` has signature: {'cid': <Parameter "cid: str">}. You can import the `Context` like this: `from flwr.common import Context`

            This is a deprecated feature. It will be removed
            entirely in future versions of Flower.
        
[2026-07-19 13:54:20,446] 39 root - INFO - [Attacker] Label flip: 10 samples class 4 \u2192 class 0
[2026-07-19 13:54:20,455] 39 root - INFO - [Attacker] Label flip: 22 samples class 4 \u2192 class 0
[2026-07-19 13:54:20,463] 39 root - INFO - [Attacker] Label flip: 8 samples class 4 \u2192 class 0
[2026-07-19 13:54:20,471] 39 root - INFO - [Attacker] Label flip: 6 samples class 4 \u2192 class 0
[2026-07-19 13:54:20,477] 39 root - INFO - [Attacker] Label flip: 12 samples class 4 \u2192 class 0
[2026-07-19 13:54:20,489] 39 root - INFO - [Attacker] Label flip: 8 samples class 4 \u2192 class 0
[2026-07-19 13:54:20,495] 39 root - INFO - [Attacker] Label flip: 16 samples class 4 \u2192 class 0
[2026-07-19 13:54:20,503] 39 root - INFO - [Attacker] Label flip: 15 samples class 4 \u2192 class 0
[2026-07-19 13:54:20,512] 39 root - INFO - [Attacker] Label flip: 11 samples class 4 \u2192 class 0
[2026-07-19 13:54:20,520] 39 root - INFO - [Attacker] Label flip: 16 samples class 4 \u2192 class 0
[2026-07-19 13:54:20,528] 39 root - INFO - [Attacker] Label flip: 11 samples class 4 \u2192 class 0
[2026-07-19 13:54:20,534] 39 root - INFO - [Attacker] Label flip: 10 samples class 4 \u2192 class 0
[2026-07-19 13:54:20,542] 39 root - INFO - [Attacker] Label flip: 9 samples class 4 \u2192 class 0
[2026-07-19 13:54:20,550] 39 root - INFO - [Attacker] Label flip: 8 samples class 4 \u2192 class 0
[2026-07-19 13:54:20,558] 39 root - INFO - [Attacker] Label flip: 15 samples class 4 \u2192 class 0
[2026-07-19 13:54:20,564] 39 root - INFO - [Attacker] Label flip: 12 samples class 4 \u2192 class 0
[2026-07-19 13:54:20,572] 39 root - INFO - [Attacker] Label flip: 13 samples class 4 \u2192 class 0
[2026-07-19 13:54:20,580] 39 root - INFO - [Attacker] Label flip: 11 samples class 4 \u2192 class 0
[2026-07-19 13:54:20,588] 39 root - INFO - [Attacker] Label flip: 12 samples class 4 \u2192 class 0
[2026-07-19 13:54:20,596] 39 root - INFO - [Attacker] Label flip: 8 samples class 4 \u2192 class 0
[2026-07-19 13:54:20,602] 39 root - INFO - [Attacker] Label flip: 11 samples class 4 \u2192 class 0
[2026-07-19 13:54:20,609] 39 root - INFO - [Attacker] Label flip: 13 samples class 4 \u2192 class 0
[2026-07-19 13:54:20,617] 39 root - INFO - [Attacker] Label flip: 13 samples class 4 \u2192 class 0
[2026-07-19 13:54:20,625] 39 root - INFO - [Attacker] Label flip: 12 samples class 4 \u2192 class 0
[2026-07-19 13:54:20,631] 39 root - INFO - [Attacker] Label flip: 11 samples class 4 \u2192 class 0
[2026-07-19 13:54:20,639] 39 root - INFO - [Attacker] Label flip: 12 samples class 4 \u2192 class 0
[2026-07-19 13:54:20,649] 39 root - INFO - [Attacker] Label flip: 12 samples class 4 \u2192 class 0
[2026-07-19 13:54:20,657] 39 root - INFO - [Attacker] Label flip: 12 samples class 4 \u2192 class 0
[2026-07-19 13:54:20,663] 39 root - INFO - [Attacker] Label flip: 17 samples class 4 \u2192 class 0
[2026-07-19 13:54:20,670] 39 root - INFO - [Attacker] Label flip: 13 samples class 4 \u2192 class 0
[2026-07-19 13:54:20,679] 39 root - INFO - [Attacker] Label flip: 10 samples class 4 \u2192 class 0
[2026-07-19 13:54:20,686] 39 root - INFO - [Attacker] Label flip: 12 samples class 4 \u2192 class 0
[2026-07-19 13:54:20,694] 39 root - INFO - [Attacker] Label flip: 16 samples class 4 \u2192 class 0
[2026-07-19 13:54:20,700] 39 root - INFO - [Attacker] Label flip: 12 samples class 4 \u2192 class 0
[2026-07-19 13:54:20,708] 39 root - INFO - [Attacker] Label flip: 15 samples class 4 \u2192 class 0
[2026-07-19 13:54:20,716] 39 root - INFO - [Attacker] Label flip: 12 samples class 4 \u2192 class 0
[2026-07-19 13:54:20,724] 39 root - INFO - [Attacker] Label flip: 13 samples class 4 \u2192 class 0
[2026-07-19 13:54:20,731] 39 root - INFO - [Attacker] Label flip: 14 samples class 4 \u2192 class 0
[2026-07-19 13:54:20,739] 39 root - INFO - [Attacker] Label flip: 9 samples class 4 \u2192 class 0
[2026-07-19 13:54:20,747] 39 root - INFO - [Attacker] Label flip: 9 samples class 4 \u2192 class 0
[2026-07-19 13:54:20,753] 39 root - INFO - [Attacker] Label flip: 12 samples class 4 \u2192 class 0
[2026-07-19 13:54:20,761] 39 root - INFO - [Attacker] Label flip: 12 samples class 4 \u2192 class 0
[2026-07-19 13:54:20,769] 39 root - INFO - [Attacker] Label flip: 9 samples class 4 \u2192 class 0
[2026-07-19 13:54:20,777] 39 root - INFO - [Attacker] Label flip: 20 samples class 4 \u2192 class 0
[2026-07-19 13:54:20,785] 39 root - INFO - [Attacker] Label flip: 8 samples class 4 \u2192 class 0
[2026-07-19 13:54:20,793] 39 root - INFO - [Attacker] Label flip: 15 samples class 4 \u2192 class 0
[2026-07-19 13:54:20,801] 39 root - INFO - [Attacker] Label flip: 20 samples class 4 \u2192 class 0
[2026-07-19 13:54:20,807] 39 root - INFO - [Attacker] Label flip: 9 samples class 4 \u2192 class 0
[2026-07-19 13:54:20,816] 39 root - INFO - [Attacker] Label flip: 17 samples class 4 \u2192 class 0
[2026-07-19 13:54:20,824] 39 root - INFO - [Attacker] Label flip: 12 samples class 4 \u2192 class 0
[2026-07-19 13:54:20,832] 39 root - INFO - [Attacker] Label flip: 11 samples class 4 \u2192 class 0
[2026-07-19 13:54:20,838] 39 root - INFO - [Attacker] Label flip: 12 samples class 4 \u2192 class 0
[2026-07-19 13:54:20,846] 39 root - INFO - [Attacker] Label flip: 8 samples class 4 \u2192 class 0
[2026-07-19 13:54:20,854] 39 root - INFO - [Attacker] Label flip: 12 samples class 4 \u2192 class 0
[2026-07-19 13:54:20,862] 39 root - INFO - [Attacker] Label flip: 13 samples class 4 \u2192 class 0
[2026-07-19 13:54:20,870] 39 root - INFO - [Attacker] Label flip: 9 samples class 4 \u2192 class 0
[2026-07-19 13:54:20,875] 39 root - INFO - [Attacker] Label flip: 16 samples class 4 \u2192 class 0
[2026-07-19 13:54:20,883] 39 root - INFO - [Attacker] Label flip: 11 samples class 4 \u2192 class 0
[2026-07-19 13:54:20,891] 39 root - INFO - [Attacker] Label flip: 13 samples class 4 \u2192 class 0
[2026-07-19 13:54:20,899] 39 root - INFO - [Attacker] Label flip: 13 samples class 4 \u2192 class 0
[2026-07-19 13:54:20,907] 39 root - INFO - [Attacker] Label flip: 10 samples class 4 \u2192 class 0
[2026-07-19 13:54:20,913] 39 root - INFO - [Attacker] Label flip: 13 samples class 4 \u2192 class 0
[2026-07-19 13:54:20,921] 39 root - INFO - [Attacker] Label flip: 10 samples class 4 \u2192 class 0
[2026-07-19 13:54:20,929] 39 root - INFO - [Attacker] Label flip: 15 samples class 4 \u2192 class 0
[2026-07-19 13:54:20,937] 39 root - INFO - [Attacker] Label flip: 8 samples class 4 \u2192 class 0
[2026-07-19 13:54:20,945] 39 root - INFO - [Attacker] Label flip: 15 samples class 4 \u2192 class 0
[2026-07-19 13:54:20,952] 39 root - INFO - [Attacker] Label flip: 15 samples class 4 \u2192 class 0
[2026-07-19 13:54:20,960] 39 root - INFO - [Attacker] Label flip: 15 samples class 4 \u2192 class 0
[2026-07-19 13:54:20,968] 39 root - INFO - [Attacker] Label flip: 9 samples class 4 \u2192 class 0
[2026-07-19 13:54:20,974] 39 root - INFO - [Attacker] Label flip: 8 samples class 4 \u2192 class 0
[2026-07-19 13:54:20,984] 39 root - INFO - [Attacker] Label flip: 5 samples class 4 \u2192 class 0
[2026-07-19 13:54:20,990] 39 root - INFO - [Attacker] Label flip: 9 samples class 4 \u2192 class 0
[2026-07-19 13:54:20,998] 39 root - INFO - [Attacker] Label flip: 12 samples class 4 \u2192 class 0
[2026-07-19 13:54:21,006] 39 root - INFO - [Attacker] Label flip: 11 samples class 4 \u2192 class 0
[2026-07-19 13:54:21,014] 39 root - INFO - [Attacker] Label flip: 12 samples class 4 \u2192 class 0
[2026-07-19 13:54:21,021] 39 root - INFO - [Attacker] Label flip: 16 samples class 4 \u2192 class 0
[2026-07-19 13:54:21,029] 39 root - INFO - [Attacker] Label flip: 12 samples class 4 \u2192 class 0
[2026-07-19 13:54:21,035] 39 root - INFO - [Attacker] Label flip: 10 samples class 4 \u2192 class 0
[2026-07-19 13:54:21,044] 39 root - INFO - [Attacker] Label flip: 11 samples class 4 \u2192 class 0
[2026-07-19 13:54:21,052] 39 root - INFO - [Attacker] Label flip: 9 samples class 4 \u2192 class 0
[2026-07-19 13:54:21,060] 39 root - INFO - [Attacker] Label flip: 14 samples class 4 \u2192 class 0
[2026-07-19 13:54:21,066] 39 root - INFO - [Attacker] Label flip: 13 samples class 4 \u2192 class 0
[2026-07-19 13:54:21,073] 39 root - INFO - [Attacker] Label flip: 17 samples class 4 \u2192 class 0
[2026-07-19 13:54:21,081] 39 root - INFO - [Attacker] Label flip: 10 samples class 4 \u2192 class 0
[2026-07-19 13:54:21,089] 39 root - INFO - [Attacker] Label flip: 10 samples class 4 \u2192 class 0
[2026-07-19 13:54:21,097] 39 root - INFO - [Attacker] Label flip: 15 samples class 4 \u2192 class 0
[2026-07-19 13:54:21,104] 39 root - INFO - [Attacker] Label flip: 15 samples class 4 \u2192 class 0
[2026-07-19 13:54:21,114] 39 root - INFO - [Attacker] Label flip: 16 samples class 4 \u2192 class 0
[2026-07-19 13:54:21,121] 39 root - INFO - [Attacker] Label flip: 12 samples class 4 \u2192 class 0
[2026-07-19 13:54:21,127] 39 root - INFO - [Attacker] Label flip: 12 samples class 4 \u2192 class 0
[2026-07-19 13:54:21,135] 39 root - INFO - [Attacker] Label flip: 12 samples class 4 \u2192 class 0
[2026-07-19 13:54:21,143] 39 root - INFO - [Attacker] Label flip: 12 samples class 4 \u2192 class 0
[2026-07-19 13:54:21,151] 39 root - INFO - [Attacker] Label flip: 17 samples class 4 \u2192 class 0
[2026-07-19 13:54:21,159] 39 root - INFO - [Attacker] Label flip: 13 samples class 4 \u2192 class 0
[2026-07-19 13:54:21,164] 39 root - INFO - [Attacker] Label flip: 16 samples class 4 \u2192 class 0
[2026-07-19 13:54:21,174] 39 root - INFO - [Attacker] Label flip: 10 samples class 4 \u2192 class 0
[2026-07-19 13:54:21,182] 39 root - INFO - [Attacker] Label flip: 8 samples class 4 \u2192 class 0
[2026-07-19 13:54:21,188] 39 root - INFO - [Attacker] Label flip: 14 samples class 4 \u2192 class 0
[2026-07-19 13:54:21,196] 39 root - INFO - [Attacker] Label flip: 9 samples class 4 \u2192 class 0
[2026-07-19 13:54:21,204] 39 root - INFO - [Attacker] Label flip: 14 samples class 4 \u2192 class 0
[2026-07-19 13:54:21,212] 39 root - INFO - [Attacker] Label flip: 13 samples class 4 \u2192 class 0
[2026-07-19 13:54:21,220] 39 root - INFO - [Attacker] Label flip: 11 samples class 4 \u2192 class 0
[2026-07-19 13:54:21,228] 39 root - INFO - [Attacker] Label flip: 13 samples class 4 \u2192 class 0
[2026-07-19 13:54:21,234] 39 root - INFO - [Attacker] Label flip: 9 samples class 4 \u2192 class 0
[2026-07-19 13:54:21,241] 39 root - INFO - [Attacker] Label flip: 7 samples class 4 \u2192 class 0
[2026-07-19 13:54:21,249] 39 root - INFO - [Attacker] Label flip: 17 samples class 4 \u2192 class 0
[2026-07-19 13:54:21,255] 39 root - INFO - [Attacker] Label flip: 15 samples class 4 \u2192 class 0
[2026-07-19 13:54:21,263] 39 root - INFO - [Attacker] Label flip: 14 samples class 4 \u2192 class 0
[2026-07-19 13:54:21,271] 39 root - INFO - [Attacker] Label flip: 10 samples class 4 \u2192 class 0
[2026-07-19 13:54:21,279] 39 root - INFO - [Attacker] Label flip: 14 samples class 4 \u2192 class 0
[2026-07-19 13:54:21,285] 39 root - INFO - [Attacker] Label flip: 22 samples class 4 \u2192 class 0
[2026-07-19 13:54:21,292] 39 root - INFO - [Attacker] Label flip: 10 samples class 4 \u2192 class 0
[2026-07-19 13:54:21,301] 39 root - INFO - [Attacker] Label flip: 19 samples class 4 \u2192 class 0
[2026-07-19 13:54:21,310] 39 root - INFO - [Attacker] Label flip: 8 samples class 4 \u2192 class 0
[2026-07-19 13:54:21,318] 39 root - INFO - [Attacker] Label flip: 7 samples class 4 \u2192 class 0
[2026-07-19 13:54:21,324] 39 root - INFO - [Attacker] Label flip: 12 samples class 4 \u2192 class 0
[2026-07-19 13:54:21,332] 39 root - INFO - [Attacker] Label flip: 7 samples class 4 \u2192 class 0
[2026-07-19 13:54:21,342] 39 root - INFO - [Attacker] Label flip: 26 samples class 4 \u2192 class 0
[2026-07-19 13:54:21,350] 39 root - INFO - [Attacker] Label flip: 9 samples class 4 \u2192 class 0
[2026-07-19 13:54:21,358] 39 root - INFO - [Attacker] Label flip: 14 samples class 4 \u2192 class 0
[2026-07-19 13:54:21,364] 39 root - INFO - [Attacker] Label flip: 14 samples class 4 \u2192 class 0
[2026-07-19 13:54:21,372] 39 root - INFO - [Attacker] Label flip: 11 samples class 4 \u2192 class 0
[2026-07-19 13:54:21,380] 39 root - INFO - [Attacker] Label flip: 14 samples class 4 \u2192 class 0
[2026-07-19 13:54:21,387] 39 root - INFO - [Attacker] Label flip: 10 samples class 4 \u2192 class 0
[2026-07-19 13:54:21,393] 39 root - INFO - [Attacker] Label flip: 7 samples class 4 \u2192 class 0
[2026-07-19 13:54:21,401] 39 root - INFO - [Attacker] Label flip: 15 samples class 4 \u2192 class 0
[2026-07-19 13:54:21,409] 39 root - INFO - [Attacker] Label flip: 11 samples class 4 \u2192 class 0
[2026-07-19 13:54:21,417] 39 root - INFO - [Attacker] Label flip: 15 samples class 4 \u2192 class 0
[2026-07-19 13:54:21,425] 39 root - INFO - [Attacker] Label flip: 12 samples class 4 \u2192 class 0
[2026-07-19 13:54:21,433] 39 root - INFO - [Attacker] Label flip: 13 samples class 4 \u2192 class 0
[2026-07-19 13:54:21,441] 39 root - INFO - [Attacker] Label flip: 16 samples class 4 \u2192 class 0
[2026-07-19 13:54:21,449] 39 root - INFO - [Attacker] Label flip: 12 samples class 4 \u2192 class 0
[2026-07-19 13:54:21,457] 39 root - INFO - [Attacker] Label flip: 10 samples class 4 \u2192 class 0
[2026-07-19 13:54:21,463] 39 root - INFO - [Attacker] Label flip: 11 samples class 4 \u2192 class 0
[2026-07-19 13:54:21,470] 39 root - INFO - [Attacker] Label flip: 15 samples class 4 \u2192 class 0
[2026-07-19 13:54:21,480] 39 root - INFO - [Attacker] Label flip: 13 samples class 4 \u2192 class 0
[2026-07-19 13:54:21,488] 39 root - INFO - [Attacker] Label flip: 8 samples class 4 \u2192 class 0
[2026-07-19 13:54:21,494] 39 root - INFO - [Attacker] Label flip: 11 samples class 4 \u2192 class 0
[2026-07-19 13:54:21,502] 39 root - INFO - [Attacker] Label flip: 13 samples class 4 \u2192 class 0
[2026-07-19 13:54:21,510] 39 root - INFO - [Attacker] Label flip: 12 samples class 4 \u2192 class 0
[2026-07-19 13:54:21,518] 39 root - INFO - [Attacker] Label flip: 15 samples class 4 \u2192 class 0
[2026-07-19 13:54:21,526] 39 root - INFO - [Attacker] Label flip: 11 samples class 4 \u2192 class 0
[2026-07-19 13:54:21,531] 39 root - INFO - [Attacker] Label flip: 11 samples class 4 \u2192 class 0
[2026-07-19 13:54:21,540] 39 root - INFO - [Attacker] Label flip: 19 samples class 4 \u2192 class 0
[2026-07-19 13:54:21,548] 39 root - INFO - [Attacker] Label flip: 12 samples class 4 \u2192 class 0
[2026-07-19 13:54:21,555] 39 root - INFO - [Attacker] Label flip: 13 samples class 4 \u2192 class 0
[2026-07-19 13:54:21,563] 39 root - INFO - [Attacker] Label flip: 17 samples class 4 \u2192 class 0
[2026-07-19 13:54:21,570] 39 root - INFO - [Attacker] Label flip: 7 samples class 4 \u2192 class 0
[2026-07-19 13:54:21,578] 39 root - INFO - [Attacker] Label flip: 5 samples class 4 \u2192 class 0
[2026-07-19 13:54:21,584] 39 root - INFO - [Attacker] Label flip: 13 samples class 4 \u2192 class 0
[2026-07-19 13:54:21,592] 39 root - INFO - [Attacker] Label flip: 17 samples class 4 \u2192 class 0
[2026-07-19 13:54:21,600] 39 root - INFO - [Attacker] Label flip: 13 samples class 4 \u2192 class 0
[2026-07-19 13:54:21,608] 39 root - INFO - [Attacker] Label flip: 13 samples class 4 \u2192 class 0
[2026-07-19 13:54:21,616] 39 root - INFO - [Attacker] Label flip: 10 samples class 4 \u2192 class 0
[2026-07-19 13:54:21,624] 39 root - INFO - [Attacker] Label flip: 15 samples class 4 \u2192 class 0
[2026-07-19 13:54:21,630] 39 root - INFO - [Attacker] Label flip: 14 samples class 4 \u2192 class 0
[2026-07-19 13:54:21,640] 39 root - INFO - [Attacker] Label flip: 11 samples class 4 \u2192 class 0
[2026-07-19 13:54:21,649] 39 root - INFO - [Attacker] Label flip: 15 samples class 4 \u2192 class 0
[2026-07-19 13:54:21,657] 39 root - INFO - [Attacker] Label flip: 10 samples class 4 \u2192 class 0
[2026-07-19 13:54:21,665] 39 root - INFO - [Attacker] Label flip: 9 samples class 4 \u2192 class 0
[2026-07-19 13:54:21,681] 39 root - INFO - [Attacker] Label flip: 13 samples class 4 \u2192 class 0
[2026-07-19 13:54:21,689] 39 root - INFO - [Attacker] Label flip: 14 samples class 4 \u2192 class 0
[2026-07-19 13:54:21,697] 39 root - INFO - [Attacker] Label flip: 11 samples class 4 \u2192 class 0
[2026-07-19 13:54:21,703] 39 root - INFO - [Attacker] Label flip: 13 samples class 4 \u2192 class 0
[2026-07-19 13:54:21,711] 39 root - INFO - [Attacker] Label flip: 10 samples class 4 \u2192 class 0
[2026-07-19 13:54:21,726] 39 root - INFO - [Attacker] Label flip: 14 samples class 4 \u2192 class 0
[2026-07-19 13:54:21,735] 39 root - INFO - [Attacker] Label flip: 11 samples class 4 \u2192 class 0
[2026-07-19 13:54:21,742] 39 root - INFO - [Attacker] Label flip: 10 samples class 4 \u2192 class 0
[2026-07-19 13:54:21,750] 39 root - INFO - [Attacker] Label flip: 17 samples class 4 \u2192 class 0
[2026-07-19 13:54:21,774] 39 root - INFO - [Attacker] Label flip: 9 samples class 4 \u2192 class 0
[2026-07-19 13:54:21,782] 39 root - INFO - [Attacker] Label flip: 14 samples class 4 \u2192 class 0
[2026-07-19 13:54:21,790] 39 root - INFO - [Attacker] Label flip: 13 samples class 4 \u2192 class 0
[2026-07-19 13:54:21,796] 39 root - INFO - [Attacker] Label flip: 14 samples class 4 \u2192 class 0
[2026-07-19 13:54:21,819] 39 root - INFO - [Attacker] Label flip: 13 samples class 4 \u2192 class 0
[2026-07-19 13:54:21,828] 39 root - INFO - [Attacker] Label flip: 17 samples class 4 \u2192 class 0
[2026-07-19 13:54:21,835] 39 root - INFO - [Attacker] Label flip: 13 samples class 4 \u2192 class 0
[2026-07-19 13:54:21,841] 39 root - INFO - [Attacker] Label flip: 15 samples class 4 \u2192 class 0
[2026-07-19 13:54:21,853] 39 root - INFO - [Attacker] Label flip: 12 samples class 4 \u2192 class 0
[2026-07-19 13:54:21,861] 39 root - INFO - [Attacker] Label flip: 9 samples class 4 \u2192 class 0
[2026-07-19 13:54:21,867] 39 root - INFO - [Attacker] Label flip: 14 samples class 4 \u2192 class 0
[2026-07-19 13:54:21,875] 39 root - INFO - [Attacker] Label flip: 13 samples class 4 \u2192 class 0
[2026-07-19 13:54:21,885] 39 root - INFO - [Attacker] Label flip: 7 samples class 4 \u2192 class 0
[2026-07-19 13:54:21,893] 39 root - INFO - [Attacker] Label flip: 17 samples class 4 \u2192 class 0
[2026-07-19 13:54:21,900] 39 root - INFO - [Attacker] Label flip: 14 samples class 4 \u2192 class 0
[2026-07-19 13:54:21,908] 39 root - INFO - [Attacker] Label flip: 15 samples class 4 \u2192 class 0
[2026-07-19 13:54:21,916] 39 root - INFO - [Attacker] Label flip: 16 samples class 4 \u2192 class 0
[2026-07-19 13:54:21,924] 39 root - INFO - [Attacker] Label flip: 8 samples class 4 \u2192 class 0
[2026-07-19 13:54:21,932] 39 root - INFO - [Attacker] Label flip: 11 samples class 4 \u2192 class 0
[2026-07-19 13:54:21,940] 39 root - INFO - [Attacker] Label flip: 11 samples class 4 \u2192 class 0
[2026-07-19 13:54:21,948] 39 root - INFO - [Attacker] Label flip: 16 samples class 4 \u2192 class 0
[2026-07-19 13:54:21,960] 39 root - INFO - [Attacker] Label flip: 10 samples class 4 \u2192 class 0
[2026-07-19 13:54:21,967] 39 root - INFO - [Attacker] Label flip: 12 samples class 4 \u2192 class 0
[2026-07-19 13:54:21,976] 39 root - INFO - [Attacker] Label flip: 5 samples class 4 \u2192 class 0
[2026-07-19 13:54:21,983] 39 root - INFO - [Attacker] Label flip: 8 samples class 4 \u2192 class 0
[2026-07-19 13:54:21,991] 39 root - INFO - [Attacker] Label flip: 8 samples class 4 \u2192 class 0
[2026-07-19 13:54:21,999] 39 root - INFO - [Attacker] Label flip: 12 samples class 4 \u2192 class 0
[2026-07-19 13:54:22,005] 39 root - INFO - [Attacker] Label flip: 10 samples class 4 \u2192 class 0
[2026-07-19 13:54:22,013] 39 root - INFO - [Attacker] Label flip: 17 samples class 4 \u2192 class 0
[2026-07-19 13:54:22,023] 39 root - INFO - [Attacker] Label flip: 10 samples class 4 \u2192 class 0
[2026-07-19 13:54:22,031] 39 root - INFO - [Attacker] Label flip: 13 samples class 4 \u2192 class 0
[2026-07-19 13:54:22,039] 39 root - INFO - [Attacker] Label flip: 15 samples class 4 \u2192 class 0
[2026-07-19 13:54:22,044] 39 root - INFO - [Attacker] Label flip: 10 samples class 4 \u2192 class 0
[2026-07-19 13:54:22,052] 39 root - INFO - [Attacker] Label flip: 12 samples class 4 \u2192 class 0
[2026-07-19 13:54:22,060] 39 root - INFO - [Attacker] Label flip: 11 samples class 4 \u2192 class 0
[2026-07-19 13:54:22,068] 39 root - INFO - [Attacker] Label flip: 18 samples class 4 \u2192 class 0
[2026-07-19 13:54:22,077] 39 root - INFO - [Attacker] Label flip: 14 samples class 4 \u2192 class 0
[2026-07-19 13:54:22,085] 39 root - INFO - [Attacker] Label flip: 13 samples class 4 \u2192 class 0
[2026-07-19 13:54:22,096] 39 root - INFO - [Attacker] Label flip: 14 samples class 4 \u2192 class 0
[2026-07-19 13:54:22,102] 39 root - INFO - [Attacker] Label flip: 11 samples class 4 \u2192 class 0
[2026-07-19 13:54:22,109] 39 root - INFO - [Attacker] Label flip: 9 samples class 4 \u2192 class 0
[2026-07-19 13:54:22,117] 39 root - INFO - [Attacker] Label flip: 7 samples class 4 \u2192 class 0
[2026-07-19 13:54:22,127] 39 root - INFO - [Attacker] Label flip: 15 samples class 4 \u2192 class 0
[2026-07-19 13:54:22,135] 39 root - INFO - [Attacker] Label flip: 8 samples class 4 \u2192 class 0
[2026-07-19 13:54:22,143] 39 root - INFO - [Attacker] Label flip: 9 samples class 4 \u2192 class 0
[2026-07-19 13:54:22,151] 39 root - INFO - [Attacker] Label flip: 24 samples class 4 \u2192 class 0
[2026-07-19 13:54:22,158] 39 root - INFO - [Attacker] Label flip: 13 samples class 4 \u2192 class 0
[2026-07-19 13:54:22,167] 39 root - INFO - [Attacker] Label flip: 7 samples class 4 \u2192 class 0
[2026-07-19 13:54:22,174] 39 root - INFO - [Attacker] Label flip: 14 samples class 4 \u2192 class 0
[2026-07-19 13:54:22,180] 39 root - INFO - [Attacker] Label flip: 16 samples class 4 \u2192 class 0
[2026-07-19 13:54:22,190] 39 root - INFO - [Attacker] Label flip: 20 samples class 4 \u2192 class 0
[2026-07-19 13:54:22,198] 39 root - INFO - [Attacker] Label flip: 13 samples class 4 \u2192 class 0
[2026-07-19 13:54:22,206] 39 root - INFO - [Attacker] Label flip: 15 samples class 4 \u2192 class 0
[2026-07-19 13:54:22,212] 39 root - INFO - [Attacker] Label flip: 12 samples class 4 \u2192 class 0
[2026-07-19 13:54:22,220] 39 root - INFO - [Attacker] Label flip: 13 samples class 4 \u2192 class 0
[2026-07-19 13:54:22,228] 39 root - INFO - [Attacker] Label flip: 13 samples class 4 \u2192 class 0
[2026-07-19 13:54:22,235] 39 root - INFO - [Attacker] Label flip: 14 samples class 4 \u2192 class 0
[2026-07-19 13:54:22,243] 39 root - INFO - [Attacker] Label flip: 18 samples class 4 \u2192 class 0
[2026-07-19 13:54:22,251] 39 root - INFO - [Attacker] Label flip: 10 samples class 4 \u2192 class 0
[2026-07-19 13:54:22,261] 39 root - INFO - [Attacker] Label flip: 13 samples class 4 \u2192 class 0
[2026-07-19 13:54:22,269] 39 root - INFO - [Attacker] Label flip: 10 samples class 4 \u2192 class 0
[2026-07-19 13:54:22,277] 39 root - INFO - [Attacker] Label flip: 11 samples class 4 \u2192 class 0
[2026-07-19 13:54:22,284] 39 root - INFO - [Attacker] Label flip: 11 samples class 4 \u2192 class 0
[2026-07-19 13:54:22,293] 39 root - INFO - [Attacker] Label flip: 16 samples class 4 \u2192 class 0
[2026-07-19 13:54:22,300] 39 root - INFO - [Attacker] Label flip: 14 samples class 4 \u2192 class 0
[2026-07-19 13:54:22,308] 39 root - INFO - [Attacker] Label flip: 8 samples class 4 \u2192 class 0
[2026-07-19 13:54:22,316] 39 root - INFO - [Attacker] Label flip: 13 samples class 4 \u2192 class 0
[2026-07-19 13:54:22,326] 39 root - INFO - [Attacker] Label flip: 19 samples class 4 \u2192 class 0
[2026-07-19 13:54:22,332] 39 root - INFO - [Attacker] Label flip: 7 samples class 4 \u2192 class 0
[2026-07-19 13:54:22,340] 39 root - INFO - [Attacker] Label flip: 15 samples class 4 \u2192 class 0
[2026-07-19 13:54:22,348] 39 root - INFO - [Attacker] Label flip: 7 samples class 4 \u2192 class 0
[2026-07-19 13:54:22,357] 39 root - INFO - [Attacker] Label flip: 13 samples class 4 \u2192 class 0
[2026-07-19 13:54:22,363] 39 root - INFO - [Attacker] Label flip: 9 samples class 4 \u2192 class 0
[2026-07-19 13:54:22,371] 39 root - INFO - [Attacker] Label flip: 13 samples class 4 \u2192 class 0
[2026-07-19 13:54:22,379] 39 root - INFO - [Attacker] Label flip: 8 samples class 4 \u2192 class 0
[2026-07-19 13:54:22,387] 39 root - INFO - [Attacker] Label flip: 15 samples class 4 \u2192 class 0
[2026-07-19 13:54:22,397] 39 root - INFO - [Attacker] Label flip: 15 samples class 4 \u2192 class 0
[2026-07-19 13:54:22,405] 39 root - INFO - [Attacker] Label flip: 14 samples class 4 \u2192 class 0
[2026-07-19 13:54:22,411] 39 root - INFO - [Attacker] Label flip: 14 samples class 4 \u2192 class 0
[2026-07-19 13:54:22,420] 39 root - INFO - [Attacker] Label flip: 14 samples class 4 \u2192 class 0
[2026-07-19 13:54:22,428] 39 root - INFO - [Attacker] Label flip: 17 samples class 4 \u2192 class 0
[2026-07-19 13:54:22,436] 39 root - INFO - [Attacker] Label flip: 18 samples class 4 \u2192 class 0
[2026-07-19 13:54:22,442] 39 root - INFO - [Attacker] Label flip: 14 samples class 4 \u2192 class 0
[2026-07-19 13:54:22,450] 39 root - INFO - [Attacker] Label flip: 15 samples class 4 \u2192 class 0
[2026-07-19 13:54:22,460] 39 root - INFO - [Attacker] Label flip: 12 samples class 4 \u2192 class 0
[2026-07-19 13:54:22,467] 39 root - INFO - [Attacker] Label flip: 15 samples class 4 \u2192 class 0
[2026-07-19 13:54:22,475] 39 root - INFO - [Attacker] Label flip: 14 samples class 4 \u2192 class 0
[2026-07-19 13:54:22,483] 39 root - INFO - [Attacker] Label flip: 10 samples class 4 \u2192 class 0
[2026-07-19 13:54:22,491] 39 root - INFO - [Attacker] Label flip: 13 samples class 4 \u2192 class 0
[2026-07-19 13:54:22,499] 39 root - INFO - [Attacker] Label flip: 9 samples class 4 \u2192 class 0
[2026-07-19 13:54:22,507] 39 root - INFO - [Attacker] Label flip: 13 samples class 4 \u2192 class 0
[2026-07-19 13:54:22,515] 39 root - INFO - [Attacker] Label flip: 8 samples class 4 \u2192 class 0
[2026-07-19 13:54:22,523] 39 root - INFO - [Attacker] Label flip: 15 samples class 4 \u2192 class 0
[2026-07-19 13:54:22,531] 39 root - INFO - [Attacker] Label flip: 11 samples class 4 \u2192 class 0
[2026-07-19 13:54:22,539] 39 root - INFO - [Attacker] Label flip: 10 samples class 4 \u2192 class 0
[2026-07-19 13:54:22,546] 39 root - INFO - [Attacker] Label flip: 12 samples class 4 \u2192 class 0
[2026-07-19 13:54:22,554] 39 root - INFO - [Attacker] Label flip: 12 samples class 4 \u2192 class 0
[2026-07-19 13:54:22,562] 39 root - INFO - [Attacker] Label flip: 15 samples class 4 \u2192 class 0
[2026-07-19 13:54:22,570] 39 root - INFO - [Attacker] Label flip: 11 samples class 4 \u2192 class 0
[2026-07-19 13:54:22,578] 39 root - INFO - [Attacker] Label flip: 20 samples class 4 \u2192 class 0
[2026-07-19 13:54:22,586] 39 root - INFO - [Attacker] Label flip: 13 samples class 4 \u2192 class 0
[2026-07-19 13:54:22,594] 39 root - INFO - [Attacker] Label flip: 10 samples class 4 \u2192 class 0
[2026-07-19 13:54:22,602] 39 root - INFO - [Attacker] Label flip: 12 samples class 4 \u2192 class 0
[2026-07-19 13:54:22,610] 39 root - INFO - [Attacker] Label flip: 13 samples class 4 \u2192 class 0
[2026-07-19 13:54:22,617] 39 root - INFO - [Attacker] Label flip: 12 samples class 4 \u2192 class 0
[2026-07-19 13:54:22,627] 39 root - INFO - [Attacker] Label flip: 12 samples class 4 \u2192 class 0
[2026-07-19 13:54:22,635] 39 root - INFO - [Attacker] Label flip: 14 samples class 4 \u2192 class 0
[2026-07-19 13:54:22,643] 39 root - INFO - [Attacker] Label flip: 12 samples class 4 \u2192 class 0
[2026-07-19 13:54:22,651] 39 root - INFO - [Attacker] Label flip: 12 samples class 4 \u2192 class 0
[2026-07-19 13:54:22,659] 39 root - INFO - [Attacker] Label flip: 10 samples class 4 \u2192 class 0
[2026-07-19 13:54:22,667] 39 root - INFO - [Attacker] Label flip: 17 samples class 4 \u2192 class 0
[2026-07-19 13:54:22,675] 39 root - INFO - [Attacker] Label flip: 8 samples class 4 \u2192 class 0
[2026-07-19 13:54:22,682] 39 root - INFO - [Attacker] Label flip: 9 samples class 4 \u2192 class 0
[2026-07-19 13:54:22,690] 39 root - INFO - [Attacker] Label flip: 9 samples class 4 \u2192 class 0
[2026-07-19 13:54:22,698] 39 root - INFO - [Attacker] Label flip: 9 samples class 4 \u2192 class 0
[2026-07-19 13:54:22,706] 39 root - INFO - [Attacker] Label flip: 13 samples class 4 \u2192 class 0
[2026-07-19 13:54:22,714] 39 root - INFO - [Attacker] Label flip: 9 samples class 4 \u2192 class 0
[2026-07-19 13:54:22,720] 39 root - INFO - [Attacker] Label flip: 12 samples class 4 \u2192 class 0
[2026-07-19 13:54:22,728] 39 root - INFO - [Attacker] Label flip: 9 samples class 4 \u2192 class 0
[2026-07-19 13:54:22,736] 39 root - INFO - [Attacker] Label flip: 10 samples class 4 \u2192 class 0
[2026-07-19 13:54:22,744] 39 root - INFO - [Attacker] Label flip: 11 samples class 4 \u2192 class 0
[2026-07-19 13:54:22,752] 39 root - INFO - [Attacker] Label flip: 10 samples class 4 \u2192 class 0
[2026-07-19 13:54:22,760] 39 root - INFO - [Attacker] Label flip: 10 samples class 4 \u2192 class 0
[2026-07-19 13:54:22,768] 39 root - INFO - [Attacker] Label flip: 9 samples class 4 \u2192 class 0
[2026-07-19 13:54:22,775] 39 root - INFO - [Attacker] Label flip: 14 samples class 4 \u2192 class 0
[2026-07-19 13:54:22,783] 39 root - INFO - [Attacker] Label flip: 10 samples class 4 \u2192 class 0
[2026-07-19 13:54:22,793] 39 root - INFO - [Attacker] Label flip: 8 samples class 4 \u2192 class 0
[2026-07-19 13:54:22,801] 39 root - INFO - [Attacker] Label flip: 16 samples class 4 \u2192 class 0
[2026-07-19 13:54:22,809] 39 root - INFO - [Attacker] Label flip: 14 samples class 4 \u2192 class 0
[2026-07-19 13:54:22,817] 39 root - INFO - [Attacker] Label flip: 14 samples class 4 \u2192 class 0
[2026-07-19 13:54:22,825] 39 root - INFO - [Attacker] Label flip: 15 samples class 4 \u2192 class 0
[2026-07-19 13:54:22,833] 39 root - INFO - [Attacker] Label flip: 9 samples class 4 \u2192 class 0
[2026-07-19 13:54:22,841] 39 root - INFO - [Attacker] Label flip: 19 samples class 4 \u2192 class 0
[2026-07-19 13:54:22,849] 39 root - INFO - [Attacker] Label flip: 14 samples class 4 \u2192 class 0
[2026-07-19 13:54:22,856] 39 root - INFO - [Attacker] Label flip: 10 samples class 4 \u2192 class 0
[2026-07-19 13:54:22,864] 39 root - INFO - [Attacker] Label flip: 15 samples class 4 \u2192 class 0
[2026-07-19 13:54:22,874] 39 root - INFO - [Attacker] Label flip: 13 samples class 4 \u2192 class 0
[2026-07-19 13:54:22,882] 39 root - INFO - [Attacker] Label flip: 13 samples class 4 \u2192 class 0
[2026-07-19 13:54:22,892] 39 root - INFO - [Attacker] Label flip: 8 samples class 4 \u2192 class 0
[2026-07-19 13:54:22,900] 39 root - INFO - [Attacker] Label flip: 15 samples class 4 \u2192 class 0
[2026-07-19 13:54:22,908] 39 root - INFO - [Attacker] Label flip: 9 samples class 4 \u2192 class 0
[2026-07-19 13:54:22,916] 39 root - INFO - [Attacker] Label flip: 13 samples class 4 \u2192 class 0
[2026-07-19 13:54:22,923] 39 root - INFO - [Attacker] Label flip: 10 samples class 4 \u2192 class 0
[2026-07-19 13:54:22,931] 39 root - INFO - [Attacker] Label flip: 8 samples class 4 \u2192 class 0
[2026-07-19 13:54:22,939] 39 root - INFO - [Attacker] Label flip: 17 samples class 4 \u2192 class 0
[2026-07-19 13:54:22,947] 39 root - INFO - [Attacker] Label flip: 14 samples class 4 \u2192 class 0
[2026-07-19 13:54:22,957] 39 root - INFO - [Attacker] Label flip: 23 samples class 4 \u2192 class 0
[2026-07-19 13:54:22,965] 39 root - INFO - [Attacker] Label flip: 11 samples class 4 \u2192 class 0
[2026-07-19 13:54:22,973] 39 root - INFO - [Attacker] Label flip: 12 samples class 4 \u2192 class 0
[2026-07-19 13:54:22,981] 39 root - INFO - [Attacker] Label flip: 14 samples class 4 \u2192 class 0
[2026-07-19 13:54:22,991] 39 root - INFO - [Attacker] Label flip: 10 samples class 4 \u2192 class 0
[2026-07-19 13:54:22,997] 39 root - INFO - [Attacker] Label flip: 10 samples class 4 \u2192 class 0
[2026-07-19 13:54:23,005] 39 root - INFO - [Attacker] Label flip: 11 samples class 4 \u2192 class 0
[2026-07-19 13:54:23,014] 39 root - INFO - [Attacker] Label flip: 12 samples class 4 \u2192 class 0
[2026-07-19 13:54:23,022] 39 root - INFO - [Attacker] Label flip: 12 samples class 4 \u2192 class 0
[2026-07-19 13:54:23,028] 39 root - INFO - [Attacker] Label flip: 12 samples class 4 \u2192 class 0
[2026-07-19 13:54:23,036] 39 root - INFO - [Attacker] Label flip: 17 samples class 4 \u2192 class 0
[2026-07-19 13:54:23,221] 39 root - INFO - [Attacker] Label flip: 9 samples class 4 \u2192 class 0
[2026-07-19 13:54:23,229] 39 root - INFO - [Attacker] Label flip: 11 samples class 4 \u2192 class 0
[2026-07-19 13:54:23,237] 39 root - INFO - [Attacker] Label flip: 15 samples class 4 \u2192 class 0
[2026-07-19 13:54:23,245] 39 root - INFO - [Attacker] Label flip: 18 samples class 4 \u2192 class 0
[2026-07-19 13:54:23,253] 39 root - INFO - [Attacker] Label flip: 16 samples class 4 \u2192 class 0
[2026-07-19 13:54:23,261] 39 root - INFO - [Attacker] Label flip: 13 samples class 4 \u2192 class 0
[2026-07-19 13:54:23,269] 39 root - INFO - [Attacker] Label flip: 10 samples class 4 \u2192 class 0
[2026-07-19 13:54:23,277] 39 root - INFO - [Attacker] Label flip: 13 samples class 4 \u2192 class 0
[2026-07-19 13:54:23,285] 39 root - INFO - [Attacker] Label flip: 17 samples class 4 \u2192 class 0
[2026-07-19 13:54:23,293] 39 root - INFO - [Attacker] Label flip: 13 samples class 4 \u2192 class 0
[2026-07-19 13:54:23,300] 39 root - INFO - [Attacker] Label flip: 13 samples class 4 \u2192 class 0
[2026-07-19 13:54:23,306] 39 root - INFO - [Attacker] Label flip: 10 samples class 4 \u2192 class 0
[2026-07-19 13:54:23,314] 39 root - INFO - [Attacker] Label flip: 12 samples class 4 \u2192 class 0
[2026-07-19 13:54:23,324] 39 root - INFO - [Attacker] Label flip: 13 samples class 4 \u2192 class 0
[2026-07-19 13:54:23,333] 39 root - INFO - [Attacker] Label flip: 16 samples class 4 \u2192 class 0
[2026-07-19 13:54:23,339] 39 root - INFO - [Attacker] Label flip: 15 samples class 4 \u2192 class 0
[2026-07-19 13:54:23,348] 39 root - INFO - [Attacker] Label flip: 19 samples class 4 \u2192 class 0
[2026-07-19 13:54:23,356] 39 root - INFO - [Attacker] Label flip: 8 samples class 4 \u2192 class 0
[2026-07-19 13:54:23,364] 39 root - INFO - [Attacker] Label flip: 12 samples class 4 \u2192 class 0
[2026-07-19 13:54:23,372] 39 root - INFO - [Attacker] Label flip: 10 samples class 4 \u2192 class 0
[2026-07-19 13:54:23,380] 39 root - INFO - [Attacker] Label flip: 12 samples class 4 \u2192 class 0
[2026-07-19 13:54:23,388] 39 root - INFO - [Attacker] Label flip: 12 samples class 4 \u2192 class 0
[2026-07-19 13:54:23,395] 39 root - INFO - [Attacker] Label flip: 13 samples class 4 \u2192 class 0
[2026-07-19 13:54:23,403] 39 root - INFO - [Attacker] Label flip: 13 samples class 4 \u2192 class 0
[2026-07-19 13:54:23,411] 39 root - INFO - [Attacker] Label flip: 10 samples class 4 \u2192 class 0
[2026-07-19 13:54:23,419] 39 root - INFO - [Attacker] Label flip: 14 samples class 4 \u2192 class 0
[2026-07-19 13:54:23,427] 39 root - INFO - [Attacker] Label flip: 12 samples class 4 \u2192 class 0
[2026-07-19 13:54:23,435] 39 root - INFO - [Attacker] Label flip: 24 samples class 4 \u2192 class 0
[2026-07-19 13:54:23,443] 39 root - INFO - [Attacker] Label flip: 11 samples class 4 \u2192 class 0
[2026-07-19 13:54:23,451] 39 root - INFO - [Attacker] Label flip: 12 samples class 4 \u2192 class 0
[2026-07-19 13:54:23,459] 39 root - INFO - [Attacker] Label flip: 18 samples class 4 \u2192 class 0
[2026-07-19 13:54:23,467] 39 root - INFO - [Attacker] Label flip: 12 samples class 4 \u2192 class 0
[2026-07-19 13:54:23,474] 39 root - INFO - [Attacker] Label flip: 13 samples class 4 \u2192 class 0
[2026-07-19 13:54:23,485] 39 root - INFO - [Attacker] Label flip: 17 samples class 4 \u2192 class 0
[2026-07-19 13:54:23,492] 39 root - INFO - [Attacker] Label flip: 21 samples class 4 \u2192 class 0
[2026-07-19 13:54:23,500] 39 root - INFO - [Attacker] Label flip: 12 samples class 4 \u2192 class 0
[2026-07-19 13:54:23,508] 39 root - INFO - [Attacker] Label flip: 11 samples class 4 \u2192 class 0
[2026-07-19 13:54:23,518] 39 root - INFO - [Attacker] Label flip: 18 samples class 4 \u2192 class 0
[2026-07-19 13:54:23,526] 39 root - INFO - [Attacker] Label flip: 17 samples class 4 \u2192 class 0
[2026-07-19 13:54:23,534] 39 root - INFO - [Attacker] Label flip: 14 samples class 4 \u2192 class 0
[2026-07-19 13:54:23,542] 39 root - INFO - [Attacker] Label flip: 12 samples class 4 \u2192 class 0
[2026-07-19 13:54:23,548] 39 root - INFO - [Attacker] Label flip: 11 samples class 4 \u2192 class 0
[2026-07-19 13:54:23,556] 39 root - INFO - [Attacker] Label flip: 9 samples class 4 \u2192 class 0
[2026-07-19 13:54:23,564] 39 root - INFO - [Attacker] Label flip: 12 samples class 4 \u2192 class 0
[2026-07-19 13:54:23,571] 39 root - INFO - [Attacker] Label flip: 9 samples class 4 \u2192 class 0
[2026-07-19 13:54:23,580] 39 root - INFO - [Attacker] Label flip: 20 samples class 4 \u2192 class 0
[2026-07-19 13:54:23,587] 39 root - INFO - [Attacker] Label flip: 9 samples class 4 \u2192 class 0
[2026-07-19 13:54:23,593] 39 root - INFO - [Attacker] Label flip: 13 samples class 4 \u2192 class 0
[2026-07-19 13:54:23,601] 39 root - INFO - [Attacker] Label flip: 12 samples class 4 \u2192 class 0
[2026-07-19 13:54:23,609] 39 root - INFO - [Attacker] Label flip: 8 samples class 4 \u2192 class 0
[2026-07-19 13:54:23,619] 39 root - INFO - [Attacker] Label flip: 15 samples class 4 \u2192 class 0
[2026-07-19 13:54:23,625] 39 root - INFO - [Attacker] Label flip: 17 samples class 4 \u2192 class 0
[2026-07-19 13:54:23,633] 39 root - INFO - [Attacker] Label flip: 8 samples class 4 \u2192 class 0
[2026-07-19 13:54:23,641] 39 root - INFO - [Attacker] Label flip: 4 samples class 4 \u2192 class 0
[2026-07-19 13:54:23,650] 39 root - INFO - [Attacker] Label flip: 10 samples class 4 \u2192 class 0
[2026-07-19 13:54:23,659] 39 root - INFO - [Attacker] Label flip: 8 samples class 4 \u2192 class 0
[2026-07-19 13:54:23,666] 39 root - INFO - [Attacker] Label flip: 14 samples class 4 \u2192 class 0
[2026-07-19 13:54:23,673] 39 root - INFO - [Attacker] Label flip: 21 samples class 4 \u2192 class 0
[2026-07-19 13:54:23,683] 39 root - INFO - [Attacker] Label flip: 10 samples class 4 \u2192 class 0
[2026-07-19 13:54:23,691] 39 root - INFO - [Attacker] Label flip: 9 samples class 4 \u2192 class 0
[2026-07-19 13:54:23,699] 39 root - INFO - [Attacker] Label flip: 12 samples class 4 \u2192 class 0
[2026-07-19 13:54:23,705] 39 root - INFO - [Attacker] Label flip: 10 samples class 4 \u2192 class 0
[2026-07-19 13:54:23,713] 39 root - INFO - [Attacker] Label flip: 7 samples class 4 \u2192 class 0
[2026-07-19 13:54:23,720] 39 root - INFO - [Attacker] Label flip: 14 samples class 4 \u2192 class 0
[2026-07-19 13:54:23,728] 39 root - INFO - [Attacker] Label flip: 19 samples class 4 \u2192 class 0
[2026-07-19 13:54:23,736] 39 root - INFO - [Attacker] Label flip: 12 samples class 4 \u2192 class 0
[2026-07-19 13:54:23,744] 39 root - INFO - [Attacker] Label flip: 17 samples class 4 \u2192 class 0
[2026-07-19 13:54:23,754] 39 root - INFO - [Attacker] Label flip: 13 samples class 4 \u2192 class 0
[2026-07-19 13:54:23,762] 39 root - INFO - [Attacker] Label flip: 11 samples class 4 \u2192 class 0
[2026-07-19 13:54:23,770] 39 root - INFO - [Attacker] Label flip: 13 samples class 4 \u2192 class 0
[2026-07-19 13:54:23,776] 39 root - INFO - [Attacker] Label flip: 13 samples class 4 \u2192 class 0
[2026-07-19 13:54:23,786] 39 root - INFO - [Attacker] Label flip: 13 samples class 4 \u2192 class 0
[2026-07-19 13:54:23,794] 39 root - INFO - [Attacker] Label flip: 15 samples class 4 \u2192 class 0
[2026-07-19 13:54:23,802] 39 root - INFO - [Attacker] Label flip: 22 samples class 4 \u2192 class 0
[2026-07-19 13:54:23,810] 39 root - INFO - [Attacker] Label flip: 9 samples class 4 \u2192 class 0
[2026-07-19 13:54:23,817] 39 root - INFO - [Attacker] Label flip: 11 samples class 4 \u2192 class 0
[2026-07-19 13:54:23,825] 39 root - INFO - [Attacker] Label flip: 9 samples class 4 \u2192 class 0
[2026-07-19 13:54:23,833] 39 root - INFO - [Attacker] Label flip: 8 samples class 4 \u2192 class 0
[2026-07-19 13:54:23,839] 39 root - INFO - [Attacker] Label flip: 15 samples class 4 \u2192 class 0
[2026-07-19 13:54:23,849] 39 root - INFO - [Attacker] Label flip: 10 samples class 4 \u2192 class 0
[2026-07-19 13:54:23,857] 39 root - INFO - [Attacker] Label flip: 13 samples class 4 \u2192 class 0
[2026-07-19 13:54:23,865] 39 root - INFO - [Attacker] Label flip: 16 samples class 4 \u2192 class 0
[2026-07-19 13:54:23,871] 39 root - INFO - [Attacker] Label flip: 9 samples class 4 \u2192 class 0
[2026-07-19 13:54:23,879] 39 root - INFO - [Attacker] Label flip: 14 samples class 4 \u2192 class 0
[2026-07-19 13:54:23,889] 39 root - INFO - [Attacker] Label flip: 15 samples class 4 \u2192 class 0
[2026-07-19 13:54:23,896] 39 root - INFO - [Attacker] Label flip: 10 samples class 4 \u2192 class 0
[2026-07-19 13:54:23,904] 39 root - INFO - [Attacker] Label flip: 12 samples class 4 \u2192 class 0
[2026-07-19 13:54:23,912] 39 root - INFO - [Attacker] Label flip: 14 samples class 4 \u2192 class 0
[2026-07-19 13:54:23,920] 39 root - INFO - [Attacker] Label flip: 8 samples class 4 \u2192 class 0
[2026-07-19 13:54:23,928] 39 root - INFO - [Attacker] Label flip: 17 samples class 4 \u2192 class 0
[2026-07-19 13:54:23,936] 39 root - INFO - [Attacker] Label flip: 19 samples class 4 \u2192 class 0
[2026-07-19 13:54:23,944] 39 root - INFO - [Attacker] Label flip: 12 samples class 4 \u2192 class 0
[2026-07-19 13:54:23,952] 39 root - INFO - [Attacker] Label flip: 13 samples class 4 \u2192 class 0
[2026-07-19 13:54:23,959] 39 root - INFO - [Attacker] Label flip: 16 samples class 4 \u2192 class 0
[2026-07-19 13:54:23,967] 39 root - INFO - [Attacker] Label flip: 13 samples class 4 \u2192 class 0
[2026-07-19 13:54:23,975] 39 root - INFO - [Attacker] Label flip: 9 samples class 4 \u2192 class 0
[2026-07-19 13:54:23,985] 39 root - INFO - [Attacker] Label flip: 14 samples class 4 \u2192 class 0
[2026-07-19 13:54:23,993] 39 root - INFO - [Attacker] Label flip: 14 samples class 4 \u2192 class 0
[2026-07-19 13:54:23,999] 39 root - INFO - [Attacker] Label flip: 10 samples class 4 \u2192 class 0
[2026-07-19 13:54:24,007] 39 root - INFO - [Attacker] Label flip: 10 samples class 4 \u2192 class 0
[2026-07-19 13:54:24,015] 39 root - INFO - [Attacker] Label flip: 16 samples class 4 \u2192 class 0
[2026-07-19 13:54:24,025] 39 root - INFO - [Attacker] Label flip: 15 samples class 4 \u2192 class 0
[2026-07-19 13:54:24,031] 39 root - INFO - [Attacker] Label flip: 10 samples class 4 \u2192 class 0
[2026-07-19 13:54:24,038] 39 root - INFO - [Attacker] Label flip: 15 samples class 4 \u2192 class 0
[2026-07-19 13:54:24,046] 39 root - INFO - [Attacker] Label flip: 12 samples class 4 \u2192 class 0
[2026-07-19 13:54:24,054] 39 root - INFO - [Attacker] Label flip: 16 samples class 4 \u2192 class 0
[2026-07-19 13:54:24,062] 39 root - INFO - [Attacker] Label flip: 7 samples class 4 \u2192 class 0
[2026-07-19 13:54:24,070] 39 root - INFO - [Attacker] Label flip: 11 samples class 4 \u2192 class 0
[2026-07-19 13:54:24,078] 39 root - INFO - [Attacker] Label flip: 15 samples class 4 \u2192 class 0
[2026-07-19 13:54:24,088] 39 root - INFO - [Attacker] Label flip: 14 samples class 4 \u2192 class 0
[2026-07-19 13:54:24,094] 39 root - INFO - [Attacker] Label flip: 15 samples class 4 \u2192 class 0
[2026-07-19 13:54:24,102] 39 root - INFO - [Attacker] Label flip: 11 samples class 4 \u2192 class 0
[2026-07-19 13:54:24,110] 39 root - INFO - [Attacker] Label flip: 9 samples class 4 \u2192 class 0
[2026-07-19 13:54:24,121] 39 root - INFO - [Attacker] Label flip: 11 samples class 4 \u2192 class 0
[2026-07-19 13:54:24,129] 39 root - INFO - [Attacker] Label flip: 15 samples class 4 \u2192 class 0
[2026-07-19 13:54:24,137] 39 root - INFO - [Attacker] Label flip: 18 samples class 4 \u2192 class 0
[2026-07-19 13:54:24,145] 39 root - INFO - [Attacker] Label flip: 9 samples class 4 \u2192 class 0
[2026-07-19 13:54:24,153] 39 root - INFO - [Attacker] Label flip: 8 samples class 4 \u2192 class 0
[2026-07-19 13:54:24,159] 39 root - INFO - [Attacker] Label flip: 11 samples class 4 \u2192 class 0
[2026-07-19 13:54:24,167] 39 root - INFO - [Attacker] Label flip: 19 samples class 4 \u2192 class 0
[2026-07-19 13:54:24,175] 39 root - INFO - [Attacker] Label flip: 5 samples class 4 \u2192 class 0
[2026-07-19 13:54:24,183] 39 root - INFO - [Attacker] Label flip: 16 samples class 4 \u2192 class 0
[2026-07-19 13:54:24,191] 39 root - INFO - [Attacker] Label flip: 14 samples class 4 \u2192 class 0
[2026-07-19 13:54:24,199] 39 root - INFO - [Attacker] Label flip: 12 samples class 4 \u2192 class 0
[2026-07-19 13:54:24,208] 39 root - INFO - [Attacker] Label flip: 21 samples class 4 \u2192 class 0
[2026-07-19 13:54:24,215] 39 root - INFO - [Attacker] Label flip: 10 samples class 4 \u2192 class 0
[2026-07-19 13:54:24,223] 39 root - INFO - [Attacker] Label flip: 19 samples class 4 \u2192 class 0
[2026-07-19 13:54:24,231] 39 root - INFO - [Attacker] Label flip: 13 samples class 4 \u2192 class 0
[2026-07-19 13:54:24,239] 39 root - INFO - [Attacker] Label flip: 10 samples class 4 \u2192 class 0
[2026-07-19 13:54:24,245] 39 root - INFO - [Attacker] Label flip: 7 samples class 4 \u2192 class 0
[2026-07-19 13:54:24,253] 39 root - INFO - [Attacker] Label flip: 9 samples class 4 \u2192 class 0
[2026-07-19 13:54:24,260] 39 root - INFO - [Attacker] Label flip: 14 samples class 4 \u2192 class 0
[2026-07-19 13:54:24,268] 39 root - INFO - [Attacker] Label flip: 20 samples class 4 \u2192 class 0
[2026-07-19 13:54:24,276] 39 root - INFO - [Attacker] Label flip: 16 samples class 4 \u2192 class 0
[2026-07-19 13:54:24,284] 39 root - INFO - [Attacker] Label flip: 12 samples class 4 \u2192 class 0
[2026-07-19 13:54:24,292] 39 root - INFO - [Attacker] Label flip: 17 samples class 4 \u2192 class 0
[2026-07-19 13:54:24,300] 39 root - INFO - [Attacker] Label flip: 8 samples class 4 \u2192 class 0
[2026-07-19 13:54:24,308] 39 root - INFO - [Attacker] Label flip: 9 samples class 4 \u2192 class 0
[2026-07-19 13:54:24,316] 39 root - INFO - [Attacker] Label flip: 11 samples class 4 \u2192 class 0
[2026-07-19 13:54:24,324] 39 root - INFO - [Attacker] Label flip: 7 samples class 4 \u2192 class 0
[2026-07-19 13:54:24,332] 39 root - INFO - [Attacker] Label flip: 8 samples class 4 \u2192 class 0
[2026-07-19 13:54:24,339] 39 root - INFO - [Attacker] Label flip: 17 samples class 4 \u2192 class 0
[2026-07-19 13:54:24,349] 39 root - INFO - [Attacker] Label flip: 11 samples class 4 \u2192 class 0
[2026-07-19 13:54:24,357] 39 root - INFO - [Attacker] Label flip: 10 samples class 4 \u2192 class 0
[2026-07-19 13:54:24,365] 39 root - INFO - [Attacker] Label flip: 13 samples class 4 \u2192 class 0
[2026-07-19 13:54:24,373] 39 root - INFO - [Attacker] Label flip: 8 samples class 4 \u2192 class 0
[2026-07-19 13:54:24,381] 39 root - INFO - [Attacker] Label flip: 16 samples class 4 \u2192 class 0
[2026-07-19 13:54:24,389] 39 root - INFO - [Attacker] Label flip: 14 samples class 4 \u2192 class 0
[2026-07-19 13:54:24,399] 39 root - INFO - [Attacker] Label flip: 10 samples class 4 \u2192 class 0
[2026-07-19 13:54:24,407] 39 root - INFO - [Attacker] Label flip: 19 samples class 4 \u2192 class 0
[2026-07-19 13:54:24,414] 39 root - INFO - [Attacker] Label flip: 9 samples class 4 \u2192 class 0
[2026-07-19 13:54:24,422] 39 root - INFO - [Attacker] Label flip: 16 samples class 4 \u2192 class 0
[2026-07-19 13:54:24,430] 39 root - INFO - [Attacker] Label flip: 16 samples class 4 \u2192 class 0
[2026-07-19 13:54:24,438] 39 root - INFO - [Attacker] Label flip: 20 samples class 4 \u2192 class 0
[2026-07-19 13:54:24,446] 39 root - INFO - [Attacker] Label flip: 12 samples class 4 \u2192 class 0
[2026-07-19 13:54:24,454] 39 root - INFO - [Attacker] Label flip: 14 samples class 4 \u2192 class 0
[2026-07-19 13:54:24,462] 39 root - INFO - [Attacker] Label flip: 15 samples class 4 \u2192 class 0
[2026-07-19 13:54:24,470] 39 root - INFO - [Attacker] Label flip: 19 samples class 4 \u2192 class 0
[2026-07-19 13:54:24,478] 39 root - INFO - [Attacker] Label flip: 14 samples class 4 \u2192 class 0
[2026-07-19 13:54:24,486] 39 root - INFO - [Attacker] Label flip: 13 samples class 4 \u2192 class 0
[2026-07-19 13:54:24,494] 39 root - INFO - [Attacker] Label flip: 17 samples class 4 \u2192 class 0
[2026-07-19 13:54:24,502] 39 root - INFO - [Attacker] Label flip: 14 samples class 4 \u2192 class 0
[2026-07-19 13:54:24,509] 39 root - INFO - [Attacker] Label flip: 16 samples class 4 \u2192 class 0
[2026-07-19 13:54:24,519] 39 root - INFO - [Attacker] Label flip: 9 samples class 4 \u2192 class 0
[2026-07-19 13:54:24,527] 39 root - INFO - [Attacker] Label flip: 15 samples class 4 \u2192 class 0
[2026-07-19 13:54:24,533] 39 root - INFO - [Attacker] Label flip: 7 samples class 4 \u2192 class 0
[2026-07-19 13:54:24,541] 39 root - INFO - [Attacker] Label flip: 13 samples class 4 \u2192 class 0
[2026-07-19 13:54:24,549] 39 root - INFO - [Attacker] Label flip: 11 samples class 4 \u2192 class 0
[2026-07-19 13:54:24,557] 39 root - INFO - [Attacker] Label flip: 11 samples class 4 \u2192 class 0
[2026-07-19 13:54:24,565] 39 root - INFO - [Attacker] Label flip: 13 samples class 4 \u2192 class 0
[2026-07-19 13:54:24,573] 39 root - INFO - [Attacker] Label flip: 12 samples class 4 \u2192 class 0
[2026-07-19 13:54:24,585] 39 root - INFO - [Attacker] Label flip: 13 samples class 4 \u2192 class 0
[2026-07-19 13:54:24,592] 39 root - INFO - [Attacker] Label flip: 9 samples class 4 \u2192 class 0
[2026-07-19 13:54:24,600] 39 root - INFO - [Attacker] Label flip: 15 samples class 4 \u2192 class 0
[2026-07-19 13:54:24,608] 39 root - INFO - [Attacker] Label flip: 8 samples class 4 \u2192 class 0
[2026-07-19 13:54:24,618] 39 root - INFO - [Attacker] Label flip: 18 samples class 4 \u2192 class 0
[2026-07-19 13:54:24,626] 39 root - INFO - [Attacker] Label flip: 14 samples class 4 \u2192 class 0
[2026-07-19 13:54:24,632] 39 root - INFO - [Attacker] Label flip: 8 samples class 4 \u2192 class 0
[2026-07-19 13:54:24,640] 39 root - INFO - [Attacker] Label flip: 21 samples class 4 \u2192 class 0
[2026-07-19 13:54:24,648] 39 root - INFO - [Attacker] Label flip: 18 samples class 4 \u2192 class 0
[2026-07-19 13:54:24,658] 39 root - INFO - [Attacker] Label flip: 12 samples class 4 \u2192 class 0
[2026-07-19 13:54:24,666] 39 root - INFO - [Attacker] Label flip: 11 samples class 4 \u2192 class 0
[2026-07-19 13:54:24,674] 39 root - INFO - [Attacker] Label flip: 9 samples class 4 \u2192 class 0
[2026-07-19 13:54:24,680] 39 root - INFO - [Attacker] Label flip: 12 samples class 4 \u2192 class 0
[2026-07-19 13:54:24,689] 39 root - INFO - [Attacker] Label flip: 11 samples class 4 \u2192 class 0
[2026-07-19 13:54:24,697] 39 root - INFO - [Attacker] Label flip: 10 samples class 4 \u2192 class 0
[2026-07-19 13:54:24,705] 39 root - INFO - [Attacker] Label flip: 12 samples class 4 \u2192 class 0
[2026-07-19 13:54:24,711] 39 root - INFO - [Attacker] Label flip: 6 samples class 4 \u2192 class 0
[2026-07-19 13:54:24,719] 39 root - INFO - [Attacker] Label flip: 15 samples class 4 \u2192 class 0
[2026-07-19 13:54:24,727] 39 root - INFO - [Attacker] Label flip: 9 samples class 4 \u2192 class 0
[2026-07-19 13:54:24,736] 39 root - INFO - [Attacker] Label flip: 9 samples class 4 \u2192 class 0
[2026-07-19 13:54:24,744] 39 root - INFO - [Attacker] Label flip: 9 samples class 4 \u2192 class 0
[2026-07-19 13:54:24,752] 39 root - INFO - [Attacker] Label flip: 17 samples class 4 \u2192 class 0
[2026-07-19 13:54:24,760] 39 root - INFO - [Attacker] Label flip: 13 samples class 4 \u2192 class 0
[2026-07-19 13:54:24,768] 39 root - INFO - [Attacker] Label flip: 14 samples class 4 \u2192 class 0
[2026-07-19 13:54:24,775] 39 root - INFO - [Attacker] Label flip: 17 samples class 4 \u2192 class 0
[2026-07-19 13:54:24,783] 39 root - INFO - [Attacker] Label flip: 17 samples class 4 \u2192 class 0
[2026-07-19 13:54:24,791] 39 root - INFO - [Attacker] Label flip: 11 samples class 4 \u2192 class 0
[2026-07-19 13:54:24,799] 39 root - INFO - [Attacker] Label flip: 14 samples class 4 \u2192 class 0
[2026-07-19 13:54:24,808] 39 root - INFO - [Attacker] Label flip: 16 samples class 4 \u2192 class 0
[2026-07-19 13:54:24,816] 39 root - INFO - [Attacker] Label flip: 14 samples class 4 \u2192 class 0
[2026-07-19 13:54:24,823] 39 root - INFO - [Attacker] Label flip: 16 samples class 4 \u2192 class 0
[2026-07-19 13:54:24,831] 39 root - INFO - [Attacker] Label flip: 23 samples class 4 \u2192 class 0
[2026-07-19 13:54:24,839] 39 root - INFO - [Attacker] Label flip: 14 samples class 4 \u2192 class 0
[2026-07-19 13:54:24,847] 39 root - INFO - [Attacker] Label flip: 14 samples class 4 \u2192 class 0
[2026-07-19 13:54:24,857] 39 root - INFO - [Attacker] Label flip: 15 samples class 4 \u2192 class 0
[2026-07-19 13:54:24,865] 39 root - INFO - [Attacker] Label flip: 7 samples class 4 \u2192 class 0
[2026-07-19 13:54:24,870] 39 root - INFO - [Attacker] Label flip: 13 samples class 4 \u2192 class 0
[2026-07-19 13:54:24,878] 39 root - INFO - [Attacker] Label flip: 10 samples class 4 \u2192 class 0
[2026-07-19 13:54:24,886] 39 root - INFO - [Attacker] Label flip: 7 samples class 4 \u2192 class 0
[2026-07-19 13:54:24,894] 39 root - INFO - [Attacker] Label flip: 14 samples class 4 \u2192 class 0
[2026-07-19 13:54:24,902] 39 root - INFO - [Attacker] Label flip: 24 samples class 4 \u2192 class 0
[2026-07-19 13:54:24,910] 39 root - INFO - [Attacker] Label flip: 11 samples class 4 \u2192 class 0
[2026-07-19 13:54:24,920] 39 root - INFO - [Attacker] Label flip: 9 samples class 4 \u2192 class 0
[2026-07-19 13:54:24,928] 39 root - INFO - [Attacker] Label flip: 14 samples class 4 \u2192 class 0
[2026-07-19 13:54:24,934] 39 root - INFO - [Attacker] Label flip: 14 samples class 4 \u2192 class 0
[2026-07-19 13:54:24,943] 39 root - INFO - [Attacker] Label flip: 19 samples class 4 \u2192 class 0
[2026-07-19 13:54:24,949] 39 root - INFO - [Attacker] Label flip: 12 samples class 4 \u2192 class 0
[2026-07-19 13:54:24,957] 39 root - INFO - [Attacker] Label flip: 12 samples class 4 \u2192 class 0
[2026-07-19 13:54:24,965] 39 root - INFO - [Attacker] Label flip: 9 samples class 4 \u2192 class 0
[2026-07-19 13:54:24,973] 39 root - INFO - [Attacker] Label flip: 10 samples class 4 \u2192 class 0
[2026-07-19 13:54:24,985] 39 root - INFO - [Attacker] Label flip: 7 samples class 4 \u2192 class 0
[2026-07-19 13:54:24,993] 39 root - INFO - [Attacker] Label flip: 18 samples class 4 \u2192 class 0
[2026-07-19 13:54:25,001] 39 root - INFO - [Attacker] Label flip: 2 samples class 4 \u2192 class 0
[2026-07-19 13:54:25,008] 39 root - INFO - [Attacker] Label flip: 9 samples class 4 \u2192 class 0
[2026-07-19 13:54:25,016] 39 root - INFO - [Attacker] Label flip: 13 samples class 4 \u2192 class 0
[2026-07-19 13:54:25,024] 39 root - INFO - [Attacker] Label flip: 10 samples class 4 \u2192 class 0
[2026-07-19 13:54:25,032] 39 root - INFO - [Attacker] Label flip: 8 samples class 4 \u2192 class 0
[2026-07-19 13:54:25,040] 39 root - INFO - [Attacker] Label flip: 12 samples class 4 \u2192 class 0
[2026-07-19 13:54:25,048] 39 root - INFO - [Attacker] Label flip: 14 samples class 4 \u2192 class 0
[2026-07-19 13:54:25,056] 39 root - INFO - [Attacker] Label flip: 11 samples class 4 \u2192 class 0
[2026-07-19 13:54:25,064] 39 root - INFO - [Attacker] Label flip: 8 samples class 4 \u2192 class 0
[2026-07-19 13:54:25,071] 39 root - INFO - [Attacker] Label flip: 16 samples class 4 \u2192 class 0
[2026-07-19 13:54:25,079] 39 root - INFO - [Attacker] Label flip: 9 samples class 4 \u2192 class 0
[2026-07-19 13:54:25,087] 39 root - INFO - [Attacker] Label flip: 14 samples class 4 \u2192 class 0
[2026-07-19 13:54:25,095] 39 root - INFO - [Attacker] Label flip: 16 samples class 4 \u2192 class 0
[2026-07-19 13:54:25,103] 39 root - INFO - [Attacker] Label flip: 11 samples class 4 \u2192 class 0
[2026-07-19 13:54:25,109] 39 root - INFO - [Attacker] Label flip: 17 samples class 4 \u2192 class 0
[2026-07-19 13:54:25,121] 39 root - INFO - [Attacker] Label flip: 16 samples class 4 \u2192 class 0
[2026-07-19 13:54:25,129] 39 root - INFO - [Attacker] Label flip: 12 samples class 4 \u2192 class 0
[2026-07-19 13:54:25,137] 39 root - INFO - [Attacker] Label flip: 11 samples class 4 \u2192 class 0
[2026-07-19 13:54:25,145] 39 root - INFO - [Attacker] Label flip: 12 samples class 4 \u2192 class 0
[2026-07-19 13:54:25,152] 39 root - INFO - [Attacker] Label flip: 12 samples class 4 \u2192 class 0
[2026-07-19 13:54:25,160] 39 root - INFO - [Attacker] Label flip: 14 samples class 4 \u2192 class 0
[2026-07-19 13:54:25,168] 39 root - INFO - [Attacker] Label flip: 16 samples class 4 \u2192 class 0
[2026-07-19 13:54:25,176] 39 root - INFO - [Attacker] Label flip: 14 samples class 4 \u2192 class 0
[2026-07-19 13:54:25,184] 39 root - INFO - [Attacker] Label flip: 16 samples class 4 \u2192 class 0
[2026-07-19 13:54:25,192] 39 root - INFO - [Attacker] Label flip: 20 samples class 4 \u2192 class 0
[2026-07-19 13:54:25,200] 39 root - INFO - [Attacker] Label flip: 11 samples class 4 \u2192 class 0
[2026-07-19 13:54:25,208] 39 root - INFO - [Attacker] Label flip: 14 samples class 4 \u2192 class 0
[2026-07-19 13:54:25,215] 39 root - INFO - [Attacker] Label flip: 15 samples class 4 \u2192 class 0
[2026-07-19 13:54:25,224] 39 root - INFO - [Attacker] Label flip: 14 samples class 4 \u2192 class 0
[2026-07-19 13:54:25,231] 39 root - INFO - [Attacker] Label flip: 12 samples class 4 \u2192 class 0
[2026-07-19 13:54:25,239] 39 root - INFO - [Attacker] Label flip: 11 samples class 4 \u2192 class 0
[2026-07-19 13:54:25,247] 39 root - INFO - [Attacker] Label flip: 15 samples class 4 \u2192 class 0
[2026-07-19 13:54:25,257] 39 root - INFO - [Attacker] Label flip: 13 samples class 4 \u2192 class 0
[2026-07-19 13:54:25,265] 39 root - INFO - [Attacker] Label flip: 13 samples class 4 \u2192 class 0
[2026-07-19 13:54:25,272] 39 root - INFO - [Attacker] Label flip: 10 samples class 4 \u2192 class 0
[2026-07-19 13:54:25,280] 39 root - INFO - [Attacker] Label flip: 15 samples class 4 \u2192 class 0
[2026-07-19 13:54:25,289] 39 root - INFO - [Attacker] Label flip: 11 samples class 4 \u2192 class 0
[2026-07-19 13:54:25,297] 39 root - INFO - [Attacker] Label flip: 11 samples class 4 \u2192 class 0
[2026-07-19 13:54:25,305] 39 root - INFO - [Attacker] Label flip: 13 samples class 4 \u2192 class 0
[2026-07-19 13:54:25,313] 39 root - INFO - [Attacker] Label flip: 13 samples class 4 \u2192 class 0
[2026-07-19 13:54:25,321] 39 root - INFO - [Attacker] Label flip: 14 samples class 4 \u2192 class 0
[2026-07-19 13:54:25,329] 39 root - INFO - [Attacker] Label flip: 17 samples class 4 \u2192 class 0
[2026-07-19 13:54:25,336] 39 root - INFO - [Attacker] Label flip: 16 samples class 4 \u2192 class 0
[2026-07-19 13:54:25,344] 39 root - INFO - [Attacker] Label flip: 20 samples class 4 \u2192 class 0
[2026-07-19 13:54:25,352] 39 root - INFO - [Attacker] Label flip: 9 samples class 4 \u2192 class 0
[2026-07-19 13:54:25,360] 39 root - INFO - [Attacker] Label flip: 5 samples class 4 \u2192 class 0
[2026-07-19 13:54:25,368] 39 root - INFO - [Attacker] Label flip: 17 samples class 4 \u2192 class 0
[2026-07-19 13:54:25,376] 39 root - INFO - [Attacker] Label flip: 11 samples class 4 \u2192 class 0
[2026-07-19 13:54:25,384] 39 root - INFO - [Attacker] Label flip: 13 samples class 4 \u2192 class 0
[2026-07-19 13:54:25,392] 39 root - INFO - [Attacker] Label flip: 12 samples class 4 \u2192 class 0
[2026-07-19 13:54:25,399] 39 root - INFO - [Attacker] Label flip: 12 samples class 4 \u2192 class 0
[2026-07-19 13:54:25,407] 39 root - INFO - [Attacker] Label flip: 15 samples class 4 \u2192 class 0
[2026-07-19 13:54:25,415] 39 root - INFO - [Attacker] Label flip: 7 samples class 4 \u2192 class 0
[2026-07-19 13:54:25,435] 39 root - INFO - [Attacker] Label flip: 7 samples class 4 \u2192 class 0
[2026-07-19 13:54:25,443] 39 root - INFO - [Attacker] Label flip: 14 samples class 4 \u2192 class 0
[2026-07-19 13:54:25,451] 39 root - INFO - [Attacker] Label flip: 11 samples class 4 \u2192 class 0
[2026-07-19 13:54:25,459] 39 root - INFO - [Attacker] Label flip: 20 samples class 4 \u2192 class 0
[2026-07-19 13:54:25,467] 39 root - INFO - [Attacker] Label flip: 7 samples class 4 \u2192 class 0
[2026-07-19 13:54:25,474] 39 root - INFO - [Attacker] Label flip: 10 samples class 4 \u2192 class 0
[2026-07-19 13:54:25,480] 39 root - INFO - [Attacker] Label flip: 9 samples class 4 \u2192 class 0
[2026-07-19 13:54:25,490] 39 root - INFO - [Attacker] Label flip: 14 samples class 4 \u2192 class 0
[2026-07-19 13:54:25,498] 39 root - INFO - [Attacker] Label flip: 7 samples class 4 \u2192 class 0
[2026-07-19 13:54:25,506] 39 root - INFO - [Attacker] Label flip: 17 samples class 4 \u2192 class 0
[2026-07-19 13:54:25,514] 39 root - INFO - [Attacker] Label flip: 12 samples class 4 \u2192 class 0
[2026-07-19 13:54:25,522] 39 root - INFO - [Attacker] Label flip: 25 samples class 4 \u2192 class 0
[2026-07-19 13:54:25,530] 39 root - INFO - [Attacker] Label flip: 20 samples class 4 \u2192 class 0
[2026-07-19 13:54:25,538] 39 root - INFO - [Attacker] Label flip: 14 samples class 4 \u2192 class 0
[2026-07-19 13:54:25,544] 39 root - INFO - [Attacker] Label flip: 10 samples class 4 \u2192 class 0
[2026-07-19 13:54:25,555] 39 root - INFO - [Attacker] Label flip: 9 samples class 4 \u2192 class 0
[2026-07-19 13:54:25,563] 39 root - INFO - [Attacker] Label flip: 13 samples class 4 \u2192 class 0
[2026-07-19 13:54:25,571] 39 root - INFO - [Attacker] Label flip: 14 samples class 4 \u2192 class 0
[2026-07-19 13:54:25,579] 39 root - INFO - [Attacker] Label flip: 17 samples class 4 \u2192 class 0
[2026-07-19 13:54:25,587] 39 root - INFO - [Attacker] Label flip: 21 samples class 4 \u2192 class 0
[2026-07-19 13:54:25,595] 39 root - INFO - [Attacker] Label flip: 8 samples class 4 \u2192 class 0
[2026-07-19 13:54:25,602] 39 root - INFO - [Attacker] Label flip: 10 samples class 4 \u2192 class 0
[2026-07-19 13:54:25,611] 39 root - INFO - [Attacker] Label flip: 7 samples class 4 \u2192 class 0
[2026-07-19 13:54:25,618] 39 root - INFO - [Attacker] Label flip: 10 samples class 4 \u2192 class 0
[2026-07-19 13:54:25,626] 39 root - INFO - [Attacker] Label flip: 12 samples class 4 \u2192 class 0
[2026-07-19 13:54:25,634] 39 root - INFO - [Attacker] Label flip: 8 samples class 4 \u2192 class 0
[2026-07-19 13:54:25,642] 39 root - INFO - [Attacker] Label flip: 15 samples class 4 \u2192 class 0
[2026-07-19 13:54:25,650] 39 root - INFO - [Attacker] Label flip: 17 samples class 4 \u2192 class 0
[2026-07-19 13:54:25,658] 39 root - INFO - [Attacker] Label flip: 13 samples class 4 \u2192 class 0
[2026-07-19 13:54:25,666] 39 root - INFO - [Attacker] Label flip: 10 samples class 4 \u2192 class 0
[2026-07-19 13:54:25,673] 39 root - INFO - [Attacker] Label flip: 10 samples class 4 \u2192 class 0
[2026-07-19 13:54:25,681] 39 root - INFO - [Attacker] Label flip: 19 samples class 4 \u2192 class 0
[2026-07-19 13:54:25,689] 39 root - INFO - [Attacker] Label flip: 13 samples class 4 \u2192 class 0
[2026-07-19 13:54:25,697] 39 root - INFO - [Attacker] Label flip: 18 samples class 4 \u2192 class 0
[2026-07-19 13:54:25,705] 39 root - INFO - [Attacker] Label flip: 16 samples class 4 \u2192 class 0
[2026-07-19 13:54:25,713] 39 root - INFO - [Attacker] Label flip: 16 samples class 4 \u2192 class 0
[2026-07-19 13:54:25,721] 39 root - INFO - [Attacker] Label flip: 18 samples class 4 \u2192 class 0
[2026-07-19 13:54:25,729] 39 root - INFO - [Attacker] Label flip: 8 samples class 4 \u2192 class 0
[2026-07-19 13:54:25,737] 39 root - INFO - [Attacker] Label flip: 19 samples class 4 \u2192 class 0
[2026-07-19 13:54:25,744] 39 root - INFO - [Attacker] Label flip: 11 samples class 4 \u2192 class 0
[2026-07-19 13:54:25,752] 39 root - INFO - [Attacker] Label flip: 10 samples class 4 \u2192 class 0
[2026-07-19 13:54:25,760] 39 root - INFO - [Attacker] Label flip: 13 samples class 4 \u2192 class 0
[2026-07-19 13:54:25,766] 39 root - INFO - [Attacker] Label flip: 12 samples class 4 \u2192 class 0
[2026-07-19 13:54:25,774] 39 root - INFO - [Attacker] Label flip: 11 samples class 4 \u2192 class 0
[2026-07-19 13:54:25,782] 39 root - INFO - [Attacker] Label flip: 16 samples class 4 \u2192 class 0
[2026-07-19 13:54:25,791] 39 root - INFO - [Attacker] Label flip: 11 samples class 4 \u2192 class 0
[2026-07-19 13:54:25,798] 39 root - INFO - [Attacker] Label flip: 9 samples class 4 \u2192 class 0
[2026-07-19 13:54:25,806] 39 root - INFO - [Attacker] Label flip: 16 samples class 4 \u2192 class 0
[2026-07-19 13:54:25,815] 39 root - INFO - [Attacker] Label flip: 11 samples class 4 \u2192 class 0
[2026-07-19 13:54:25,821] 39 root - INFO - [Attacker] Label flip: 12 samples class 4 \u2192 class 0
[2026-07-19 13:54:25,829] 39 root - INFO - [Attacker] Label flip: 13 samples class 4 \u2192 class 0
[2026-07-19 13:54:25,837] 39 root - INFO - [Attacker] Label flip: 10 samples class 4 \u2192 class 0
[2026-07-19 13:54:25,847] 39 root - INFO - [Attacker] Label flip: 19 samples class 4 \u2192 class 0
[2026-07-19 13:54:25,855] 39 root - INFO - [Attacker] Label flip: 14 samples class 4 \u2192 class 0
[2026-07-19 13:54:25,863] 39 root - INFO - [Attacker] Label flip: 12 samples class 4 \u2192 class 0
[2026-07-19 13:54:25,871] 39 root - INFO - [Attacker] Label flip: 11 samples class 4 \u2192 class 0
[2026-07-19 13:54:25,879] 39 root - INFO - [Attacker] Label flip: 12 samples class 4 \u2192 class 0
[2026-07-19 13:54:25,887] 39 root - INFO - [Attacker] Label flip: 7 samples class 4 \u2192 class 0
[2026-07-19 13:54:25,894] 39 root - INFO - [Attacker] Label flip: 7 samples class 4 \u2192 class 0
[2026-07-19 13:54:25,902] 39 root - INFO - [Attacker] Label flip: 10 samples class 4 \u2192 class 0
[2026-07-19 13:54:25,912] 39 root - INFO - [Attacker] Label flip: 14 samples class 4 \u2192 class 0
[2026-07-19 13:54:25,920] 39 root - INFO - [Attacker] Label flip: 13 samples class 4 \u2192 class 0
[2026-07-19 13:54:25,930] 39 root - INFO - [Attacker] Label flip: 14 samples class 4 \u2192 class 0
[2026-07-19 13:54:25,937] 39 root - INFO - [Attacker] Label flip: 10 samples class 4 \u2192 class 0
[2026-07-19 13:54:25,945] 39 root - INFO - [Attacker] Label flip: 7 samples class 4 \u2192 class 0
[2026-07-19 13:54:25,953] 39 root - INFO - [Attacker] Label flip: 15 samples class 4 \u2192 class 0
[2026-07-19 13:54:25,963] 39 root - INFO - [Attacker] Label flip: 17 samples class 4 \u2192 class 0
[2026-07-19 13:54:25,971] 39 root - INFO - [Attacker] Label flip: 11 samples class 4 \u2192 class 0
[2026-07-19 13:54:25,977] 39 root - INFO - [Attacker] Label flip: 15 samples class 4 \u2192 class 0
[2026-07-19 13:54:25,985] 39 root - INFO - [Attacker] Label flip: 11 samples class 4 \u2192 class 0
[2026-07-19 13:54:25,995] 39 root - INFO - [Attacker] Label flip: 16 samples class 4 \u2192 class 0
[2026-07-19 13:54:26,003] 39 root - INFO - [Attacker] Label flip: 14 samples class 4 \u2192 class 0
[2026-07-19 13:54:26,011] 39 root - INFO - [Attacker] Label flip: 15 samples class 4 \u2192 class 0
[2026-07-19 13:54:26,018] 39 root - INFO - [Attacker] Label flip: 13 samples class 4 \u2192 class 0
[2026-07-19 13:54:26,026] 39 root - INFO - [Attacker] Label flip: 15 samples class 4 \u2192 class 0
[2026-07-19 13:54:26,032] 39 root - INFO - [Attacker] Label flip: 11 samples class 4 \u2192 class 0
[2026-07-19 13:54:26,040] 39 root - INFO - [Attacker] Label flip: 6 samples class 4 \u2192 class 0
[2026-07-19 13:54:26,048] 39 root - INFO - [Attacker] Label flip: 15 samples class 4 \u2192 class 0
[2026-07-19 13:54:26,056] 39 root - INFO - [Attacker] Label flip: 10 samples class 4 \u2192 class 0
[2026-07-19 13:54:26,064] 39 root - INFO - [Attacker] Label flip: 11 samples class 4 \u2192 class 0
[2026-07-19 13:54:26,072] 39 root - INFO - [Attacker] Label flip: 10 samples class 4 \u2192 class 0
[2026-07-19 13:54:26,082] 39 root - INFO - [Attacker] Label flip: 14 samples class 4 \u2192 class 0
[2026-07-19 13:54:26,090] 39 root - INFO - [Attacker] Label flip: 11 samples class 4 \u2192 class 0
[2026-07-19 13:54:26,098] 39 root - INFO - [Attacker] Label flip: 14 samples class 4 \u2192 class 0
[2026-07-19 13:54:26,106] 39 root - INFO - [Attacker] Label flip: 15 samples class 4 \u2192 class 0
[2026-07-19 13:54:26,113] 39 root - INFO - [Attacker] Label flip: 15 samples class 4 \u2192 class 0
[2026-07-19 13:54:26,122] 39 root - INFO - [Attacker] Label flip: 10 samples class 4 \u2192 class 0
[2026-07-19 13:54:26,128] 39 root - INFO - [Attacker] Label flip: 15 samples class 4 \u2192 class 0
[2026-07-19 13:54:26,136] 39 root - INFO - [Attacker] Label flip: 12 samples class 4 \u2192 class 0
[2026-07-19 13:54:26,144] 39 root - INFO - [Attacker] Label flip: 12 samples class 4 \u2192 class 0
[2026-07-19 13:54:26,152] 39 root - INFO - [Attacker] Label flip: 13 samples class 4 \u2192 class 0
[2026-07-19 13:54:26,159] 39 root - INFO - [Attacker] Label flip: 13 samples class 4 \u2192 class 0
[2026-07-19 13:54:26,165] 39 root - INFO - [Attacker] Label flip: 11 samples class 4 \u2192 class 0
[2026-07-19 13:54:26,173] 39 root - INFO - [Attacker] Label flip: 14 samples class 4 \u2192 class 0
[2026-07-19 13:54:26,181] 39 root - INFO - [Attacker] Label flip: 13 samples class 4 \u2192 class 0
[2026-07-19 13:54:26,193] 39 root - INFO - [Attacker] Label flip: 15 samples class 4 \u2192 class 0
[2026-07-19 13:54:26,199] 39 root - INFO - [Attacker] Label flip: 14 samples class 4 \u2192 class 0
[2026-07-19 13:54:26,209] 39 root - INFO - [Attacker] Label flip: 8 samples class 4 \u2192 class 0
[2026-07-19 13:54:26,215] 39 root - INFO - [Attacker] Label flip: 13 samples class 4 \u2192 class 0
[2026-07-19 13:54:26,224] 39 root - INFO - [Attacker] Label flip: 22 samples class 4 \u2192 class 0
[2026-07-19 13:54:26,231] 39 root - INFO - [Attacker] Label flip: 8 samples class 4 \u2192 class 0
[2026-07-19 13:54:26,240] 39 root - INFO - [Attacker] Label flip: 17 samples class 4 \u2192 class 0
[2026-07-19 13:54:26,246] 39 root - INFO - [Attacker] Label flip: 12 samples class 4 \u2192 class 0
[2026-07-19 13:54:26,256] 39 root - INFO - [Attacker] Label flip: 16 samples class 4 \u2192 class 0
[2026-07-19 13:54:26,264] 39 root - INFO - [Attacker] Label flip: 16 samples class 4 \u2192 class 0
[2026-07-19 13:54:26,270] 39 root - INFO - [Attacker] Label flip: 13 samples class 4 \u2192 class 0
[2026-07-19 13:54:26,278] 39 root - INFO - [Attacker] Label flip: 14 samples class 4 \u2192 class 0
[2026-07-19 13:54:26,290] 39 root - INFO - [Attacker] Label flip: 10 samples class 4 \u2192 class 0
[2026-07-19 13:54:26,296] 39 root - INFO - [Attacker] Label flip: 14 samples class 4 \u2192 class 0
[2026-07-19 13:54:26,304] 39 root - INFO - [Attacker] Label flip: 8 samples class 4 \u2192 class 0
[2026-07-19 13:54:26,311] 39 root - INFO - [Attacker] Label flip: 17 samples class 4 \u2192 class 0
[2026-07-19 13:54:26,319] 39 root - INFO - [Attacker] Label flip: 13 samples class 4 \u2192 class 0
[2026-07-19 13:54:26,329] 39 root - INFO - [Attacker] Label flip: 13 samples class 4 \u2192 class 0
[2026-07-19 13:54:26,337] 39 root - INFO - [Attacker] Label flip: 19 samples class 4 \u2192 class 0
[2026-07-19 13:54:26,343] 39 root - INFO - [Attacker] Label flip: 14 samples class 4 \u2192 class 0
[2026-07-19 13:54:26,350] 39 root - INFO - [Attacker] Label flip: 17 samples class 4 \u2192 class 0
[2026-07-19 13:54:26,358] 39 root - INFO - [Attacker] Label flip: 10 samples class 4 \u2192 class 0
[2026-07-19 13:54:26,366] 39 root - INFO - [Attacker] Label flip: 13 samples class 4 \u2192 class 0
[2026-07-19 13:54:26,374] 39 root - INFO - [Attacker] Label flip: 12 samples class 4 \u2192 class 0
[2026-07-19 13:54:26,382] 39 root - INFO - [Attacker] Label flip: 8 samples class 4 \u2192 class 0
[2026-07-19 13:54:26,392] 39 root - INFO - [Attacker] Label flip: 12 samples class 4 \u2192 class 0
[2026-07-19 13:54:26,400] 39 root - INFO - [Attacker] Label flip: 15 samples class 4 \u2192 class 0
[2026-07-19 13:54:26,406] 39 root - INFO - [Attacker] Label flip: 16 samples class 4 \u2192 class 0
[2026-07-19 13:54:26,414] 39 root - INFO - [Attacker] Label flip: 14 samples class 4 \u2192 class 0
[2026-07-19 13:54:26,422] 39 root - INFO - [Attacker] Label flip: 11 samples class 4 \u2192 class 0
[2026-07-19 13:54:26,429] 39 root - INFO - [Attacker] Label flip: 17 samples class 4 \u2192 class 0
[2026-07-19 13:54:26,437] 39 root - INFO - [Attacker] Label flip: 12 samples class 4 \u2192 class 0
[2026-07-19 13:54:26,445] 39 root - INFO - [Attacker] Label flip: 19 samples class 4 \u2192 class 0
[2026-07-19 13:54:26,453] 39 root - INFO - [Attacker] Label flip: 19 samples class 4 \u2192 class 0
[2026-07-19 13:54:26,461] 39 root - INFO - [Attacker] Label flip: 10 samples class 4 \u2192 class 0
[2026-07-19 13:54:26,469] 39 root - INFO - [Attacker] Label flip: 13 samples class 4 \u2192 class 0
[2026-07-19 13:54:26,477] 39 root - INFO - [Attacker] Label flip: 8 samples class 4 \u2192 class 0
[2026-07-19 13:54:26,485] 39 root - INFO - [Attacker] Label flip: 10 samples class 4 \u2192 class 0
[2026-07-19 13:54:26,492] 39 root - INFO - [Attacker] Label flip: 12 samples class 4 \u2192 class 0
[2026-07-19 13:54:26,499] 39 root - INFO - [Attacker] Label flip: 9 samples class 4 \u2192 class 0
[2026-07-19 13:54:26,507] 39 root - INFO - [Attacker] Label flip: 14 samples class 4 \u2192 class 0
[2026-07-19 13:54:26,515] 39 root - INFO - [Attacker] Label flip: 7 samples class 4 \u2192 class 0
[2026-07-19 13:54:26,523] 39 root - INFO - [Attacker] Label flip: 11 samples class 4 \u2192 class 0
[2026-07-19 13:54:26,531] 39 root - INFO - [Attacker] Label flip: 11 samples class 4 \u2192 class 0
[2026-07-19 13:54:26,537] 39 root - INFO - [Attacker] Label flip: 9 samples class 4 \u2192 class 0
[2026-07-19 13:54:26,545] 39 root - INFO - [Attacker] Label flip: 12 samples class 4 \u2192 class 0
[2026-07-19 13:54:26,553] 39 root - INFO - [Attacker] Label flip: 20 samples class 4 \u2192 class 0
[2026-07-19 13:54:26,561] 39 root - INFO - [Attacker] Label flip: 11 samples class 4 \u2192 class 0
[2026-07-19 13:54:26,569] 39 root - INFO - [Attacker] Label flip: 12 samples class 4 \u2192 class 0
[2026-07-19 13:54:26,575] 39 root - INFO - [Attacker] Label flip: 9 samples class 4 \u2192 class 0
[2026-07-19 13:54:26,583] 39 root - INFO - [Attacker] Label flip: 8 samples class 4 \u2192 class 0
[2026-07-19 13:54:26,592] 39 root - INFO - [Attacker] Label flip: 18 samples class 4 \u2192 class 0
[2026-07-19 13:54:26,599] 39 root - INFO - [Attacker] Label flip: 9 samples class 4 \u2192 class 0
[2026-07-19 13:54:26,607] 39 root - INFO - [Attacker] Label flip: 12 samples class 4 \u2192 class 0
[2026-07-19 13:54:26,613] 39 root - INFO - [Attacker] Label flip: 13 samples class 4 \u2192 class 0
[2026-07-19 13:54:26,623] 39 root - INFO - [Attacker] Label flip: 16 samples class 4 \u2192 class 0
[2026-07-19 13:54:26,631] 39 root - INFO - [Attacker] Label flip: 12 samples class 4 \u2192 class 0
[2026-07-19 13:54:26,637] 39 root - INFO - [Attacker] Label flip: 15 samples class 4 \u2192 class 0
[2026-07-19 13:54:26,645] 39 root - INFO - [Attacker] Label flip: 9 samples class 4 \u2192 class 0
[2026-07-19 13:54:26,653] 39 root - INFO - [Attacker] Label flip: 8 samples class 4 \u2192 class 0
[2026-07-19 13:54:26,662] 39 root - INFO - [Attacker] Label flip: 17 samples class 4 \u2192 class 0
[2026-07-19 13:54:26,669] 39 root - INFO - [Attacker] Label flip: 7 samples class 4 \u2192 class 0
[2026-07-19 13:54:26,677] 39 root - INFO - [Attacker] Label flip: 12 samples class 4 \u2192 class 0
[2026-07-19 13:54:26,684] 39 root - INFO - [Attacker] Label flip: 14 samples class 4 \u2192 class 0
[2026-07-19 13:54:26,692] 39 root - INFO - [Attacker] Label flip: 11 samples class 4 \u2192 class 0
[2026-07-19 13:54:26,700] 39 root - INFO - [Attacker] Label flip: 20 samples class 4 \u2192 class 0
[2026-07-19 13:54:26,708] 39 root - INFO - [Attacker] Label flip: 9 samples class 4 \u2192 class 0
[2026-07-19 13:54:26,716] 39 root - INFO - [Attacker] Label flip: 16 samples class 4 \u2192 class 0
[2026-07-19 13:54:26,723] 39 root - INFO - [Attacker] Label flip: 9 samples class 4 \u2192 class 0
[2026-07-19 13:54:26,731] 39 root - INFO - [Attacker] Label flip: 10 samples class 4 \u2192 class 0
[2026-07-19 13:54:26,739] 39 root - INFO - [Attacker] Label flip: 11 samples class 4 \u2192 class 0
[2026-07-19 13:54:26,747] 39 root - INFO - [Attacker] Label flip: 10 samples class 4 \u2192 class 0
[2026-07-19 13:54:26,755] 39 root - INFO - [Attacker] Label flip: 10 samples class 4 \u2192 class 0
[2026-07-19 13:54:26,763] 39 root - INFO - [Attacker] Label flip: 16 samples class 4 \u2192 class 0
[2026-07-19 13:54:26,771] 39 root - INFO - [Attacker] Label flip: 12 samples class 4 \u2192 class 0
[2026-07-19 13:54:26,779] 39 root - INFO - [Attacker] Label flip: 16 samples class 4 \u2192 class 0
[2026-07-19 13:54:26,785] 39 root - INFO - [Attacker] Label flip: 14 samples class 4 \u2192 class 0
[2026-07-19 13:54:26,796] 39 root - INFO - [Attacker] Label flip: 17 samples class 4 \u2192 class 0
[2026-07-19 13:54:26,805] 39 root - INFO - [Attacker] Label flip: 12 samples class 4 \u2192 class 0
[2026-07-19 13:54:26,812] 39 root - INFO - [Attacker] Label flip: 11 samples class 4 \u2192 class 0
[2026-07-19 13:54:26,818] 39 root - INFO - [Attacker] Label flip: 14 samples class 4 \u2192 class 0
[2026-07-19 13:54:26,828] 39 root - INFO - [Attacker] Label flip: 12 samples class 4 \u2192 class 0
[2026-07-19 13:54:26,836] 39 root - INFO - [Attacker] Label flip: 11 samples class 4 \u2192 class 0
[2026-07-19 13:54:26,843] 39 root - INFO - [Attacker] Label flip: 17 samples class 4 \u2192 class 0
[2026-07-19 13:54:26,852] 39 root - INFO - [Attacker] Label flip: 15 samples class 4 \u2192 class 0
[2026-07-19 13:54:26,859] 39 root - INFO - [Attacker] Label flip: 14 samples class 4 \u2192 class 0
[2026-07-19 13:54:26,867] 39 root - INFO - [Attacker] Label flip: 12 samples class 4 \u2192 class 0
[2026-07-19 13:54:26,875] 39 root - INFO - [Attacker] Label flip: 14 samples class 4 \u2192 class 0
[2026-07-19 13:54:26,883] 39 root - INFO - [Attacker] Label flip: 10 samples class 4 \u2192 class 0
[2026-07-19 13:54:26,892] 39 root - INFO - [Attacker] Label flip: 11 samples class 4 \u2192 class 0
[2026-07-19 13:54:26,900] 39 root - INFO - [Attacker] Label flip: 10 samples class 4 \u2192 class 0
[2026-07-19 13:54:26,908] 39 root - INFO - [Attacker] Label flip: 14 samples class 4 \u2192 class 0
[2026-07-19 13:54:26,916] 39 root - INFO - [Attacker] Label flip: 13 samples class 4 \u2192 class 0
[2026-07-19 13:54:26,924] 39 root - INFO - [Attacker] Label flip: 15 samples class 4 \u2192 class 0
[2026-07-19 13:54:26,932] 39 root - INFO - [Attacker] Label flip: 14 samples class 4 \u2192 class 0
[2026-07-19 13:54:26,940] 39 root - INFO - [Attacker] Label flip: 8 samples class 4 \u2192 class 0
[2026-07-19 13:54:26,948] 39 root - INFO - [Attacker] Label flip: 16 samples class 4 \u2192 class 0
[2026-07-19 13:54:26,957] 39 root - INFO - [Attacker] Label flip: 16 samples class 4 \u2192 class 0
[2026-07-19 13:54:26,965] 39 root - INFO - [Attacker] Label flip: 10 samples class 4 \u2192 class 0
[2026-07-19 13:54:26,973] 39 root - INFO - [Attacker] Label flip: 10 samples class 4 \u2192 class 0
[2026-07-19 13:54:26,979] 39 root - INFO - [Attacker] Label flip: 16 samples class 4 \u2192 class 0
[2026-07-19 13:54:26,987] 39 root - INFO - [Attacker] Label flip: 12 samples class 4 \u2192 class 0
[2026-07-19 13:54:26,995] 39 root - INFO - [Attacker] Label flip: 12 samples class 4 \u2192 class 0
[2026-07-19 13:54:27,003] 39 root - INFO - [Attacker] Label flip: 10 samples class 4 \u2192 class 0
[2026-07-19 13:54:27,011] 39 root - INFO - [Attacker] Label flip: 13 samples class 4 \u2192 class 0
[2026-07-19 13:54:27,018] 39 root - INFO - [Attacker] Label flip: 16 samples class 4 \u2192 class 0
[2026-07-19 13:54:27,028] 39 root - INFO - [Attacker] Label flip: 10 samples class 4 \u2192 class 0
[2026-07-19 13:54:27,036] 39 root - INFO - [Attacker] Label flip: 13 samples class 4 \u2192 class 0
[2026-07-19 13:54:27,042] 39 root - INFO - [Attacker] Label flip: 15 samples class 4 \u2192 class 0
[2026-07-19 13:54:27,050] 39 root - INFO - [Attacker] Label flip: 15 samples class 4 \u2192 class 0
[2026-07-19 13:54:27,060] 39 root - INFO - [Attacker] Label flip: 9 samples class 4 \u2192 class 0
[2026-07-19 13:54:27,068] 39 root - INFO - [Attacker] Label flip: 10 samples class 4 \u2192 class 0
[2026-07-19 13:54:27,076] 39 root - INFO - [Attacker] Label flip: 14 samples class 4 \u2192 class 0
[2026-07-19 13:54:27,084] 39 root - INFO - [Attacker] Label flip: 5 samples class 4 \u2192 class 0
[2026-07-19 13:54:27,093] 39 root - INFO - [Attacker] Label flip: 10 samples class 4 \u2192 class 0
[2026-07-19 13:54:27,100] 39 root - INFO - [Attacker] Label flip: 9 samples class 4 \u2192 class 0
[2026-07-19 13:54:27,108] 39 root - INFO - [Attacker] Label flip: 13 samples class 4 \u2192 class 0
[2026-07-19 13:54:27,115] 39 root - INFO - [Attacker] Label flip: 11 samples class 4 \u2192 class 0
[2026-07-19 13:54:27,123] 39 root - INFO - [Attacker] Label flip: 12 samples class 4 \u2192 class 0
[2026-07-19 13:54:27,131] 39 root - INFO - [Attacker] Label flip: 15 samples class 4 \u2192 class 0
[2026-07-19 13:54:27,139] 39 root - INFO - [Attacker] Label flip: 10 samples class 4 \u2192 class 0
[2026-07-19 13:54:27,147] 39 root - INFO - [Attacker] Label flip: 12 samples class 4 \u2192 class 0
[2026-07-19 13:54:27,155] 39 root - INFO - [Attacker] Label flip: 16 samples class 4 \u2192 class 0
[2026-07-19 13:54:27,163] 39 root - INFO - [Attacker] Label flip: 10 samples class 4 \u2192 class 0
[2026-07-19 13:54:27,171] 39 root - INFO - [Attacker] Label flip: 23 samples class 4 \u2192 class 0
[2026-07-19 13:54:27,179] 39 root - INFO - [Attacker] Label flip: 11 samples class 4 \u2192 class 0
[2026-07-19 13:54:27,187] 39 root - INFO - [Attacker] Label flip: 10 samples class 4 \u2192 class 0
[2026-07-19 13:54:27,194] 39 root - INFO - [Attacker] Label flip: 11 samples class 4 \u2192 class 0
[2026-07-19 13:54:27,202] 39 root - INFO - [Attacker] Label flip: 16 samples class 4 \u2192 class 0
[2026-07-19 13:54:27,210] 39 root - INFO - [Attacker] Label flip: 12 samples class 4 \u2192 class 0
[2026-07-19 13:54:27,216] 39 root - INFO - [Attacker] Label flip: 11 samples class 4 \u2192 class 0
[2026-07-19 13:54:27,227] 39 root - INFO - [Attacker] Label flip: 13 samples class 4 \u2192 class 0
[2026-07-19 13:54:27,235] 39 root - INFO - [Attacker] Label flip: 12 samples class 4 \u2192 class 0
[2026-07-19 13:54:27,242] 39 root - INFO - [Attacker] Label flip: 7 samples class 4 \u2192 class 0
[2026-07-19 13:54:27,250] 39 root - INFO - [Attacker] Label flip: 17 samples class 4 \u2192 class 0
[2026-07-19 13:54:27,258] 39 root - INFO - [Attacker] Label flip: 10 samples class 4 \u2192 class 0
[2026-07-19 13:54:27,266] 39 root - INFO - [Attacker] Label flip: 16 samples class 4 \u2192 class 0
[2026-07-19 13:54:27,274] 39 root - INFO - [Attacker] Label flip: 11 samples class 4 \u2192 class 0
[2026-07-19 13:54:27,282] 39 root - INFO - [Attacker] Label flip: 12 samples class 4 \u2192 class 0
[2026-07-19 13:54:27,289] 39 root - INFO - [Attacker] Label flip: 22 samples class 4 \u2192 class 0
[2026-07-19 13:54:27,297] 39 root - INFO - [Attacker] Label flip: 9 samples class 4 \u2192 class 0
[2026-07-19 13:54:27,303] 39 root - INFO - [Attacker] Label flip: 8 samples class 4 \u2192 class 0
[2026-07-19 13:54:27,311] 39 root - INFO - [Attacker] Label flip: 11 samples class 4 \u2192 class 0
[2026-07-19 13:54:27,319] 39 root - INFO - [Attacker] Label flip: 12 samples class 4 \u2192 class 0
[2026-07-19 13:54:27,327] 39 root - INFO - [Attacker] Label flip: 14 samples class 4 \u2192 class 0
[2026-07-19 13:54:27,335] 39 root - INFO - [Attacker] Label flip: 11 samples class 4 \u2192 class 0
[2026-07-19 13:54:27,343] 39 root - INFO - [Attacker] Label flip: 14 samples class 4 \u2192 class 0
[2026-07-19 13:54:27,349] 39 root - INFO - [Attacker] Label flip: 11 samples class 4 \u2192 class 0
[2026-07-19 13:54:27,358] 39 root - INFO - [Attacker] Label flip: 9 samples class 4 \u2192 class 0
[2026-07-19 13:54:27,366] 39 root - INFO - [Attacker] Label flip: 12 samples class 4 \u2192 class 0
[2026-07-19 13:54:27,374] 39 root - INFO - [Attacker] Label flip: 15 samples class 4 \u2192 class 0
[2026-07-19 13:54:27,382] 39 root - INFO - [Attacker] Label flip: 9 samples class 4 \u2192 class 0
[2026-07-19 13:54:27,391] 39 root - INFO - [Attacker] Label flip: 12 samples class 4 \u2192 class 0
[2026-07-19 13:54:27,400] 39 root - INFO - [Attacker] Label flip: 6 samples class 4 \u2192 class 0
[2026-07-19 13:54:27,406] 39 root - INFO - [Attacker] Label flip: 10 samples class 4 \u2192 class 0
[2026-07-19 13:54:27,414] 39 root - INFO - [Attacker] Label flip: 11 samples class 4 \u2192 class 0
[2026-07-19 13:54:27,424] 39 root - INFO - [Attacker] Label flip: 16 samples class 4 \u2192 class 0
[2026-07-19 13:54:27,432] 39 root - INFO - [Attacker] Label flip: 15 samples class 4 \u2192 class 0
[2026-07-19 13:54:27,440] 39 root - INFO - [Attacker] Label flip: 11 samples class 4 \u2192 class 0
[2026-07-19 13:54:27,447] 39 root - INFO - [Attacker] Label flip: 18 samples class 4 \u2192 class 0
[2026-07-19 13:54:27,455] 39 root - INFO - [Attacker] Label flip: 22 samples class 4 \u2192 class 0
[2026-07-19 13:54:27,463] 39 root - INFO - [Attacker] Label flip: 11 samples class 4 \u2192 class 0
[2026-07-19 13:54:27,469] 39 root - INFO - [Attacker] Label flip: 13 samples class 4 \u2192 class 0
[2026-07-19 13:54:27,477] 39 root - INFO - [Attacker] Label flip: 13 samples class 4 \u2192 class 0
[2026-07-19 13:54:27,486] 39 root - INFO - [Attacker] Label flip: 12 samples class 4 \u2192 class 0
[2026-07-19 13:54:27,494] 39 root - INFO - [Attacker] Label flip: 9 samples class 4 \u2192 class 0
[2026-07-19 13:54:27,501] 39 root - INFO - [Attacker] Label flip: 17 samples class 4 \u2192 class 0
[2026-07-19 13:54:27,509] 39 root - INFO - [Attacker] Label flip: 8 samples class 4 \u2192 class 0
[2026-07-19 13:54:27,517] 39 root - INFO - [Attacker] Label flip: 10 samples class 4 \u2192 class 0
[2026-07-19 13:54:27,525] 39 root - INFO - [Attacker] Label flip: 15 samples class 4 \u2192 class 0
[2026-07-19 13:54:27,533] 39 root - INFO - [Attacker] Label flip: 13 samples class 4 \u2192 class 0
[2026-07-19 13:54:27,541] 39 root - INFO - [Attacker] Label flip: 8 samples class 4 \u2192 class 0
[2026-07-19 13:54:27,549] 39 root - INFO - [Attacker] Label flip: 9 samples class 4 \u2192 class 0
[2026-07-19 13:54:27,557] 39 root - INFO - [Attacker] Label flip: 16 samples class 4 \u2192 class 0
[2026-07-19 13:54:27,564] 39 root - INFO - [Attacker] Label flip: 15 samples class 4 \u2192 class 0
[2026-07-19 13:54:27,572] 39 root - INFO - [Attacker] Label flip: 5 samples class 4 \u2192 class 0
[2026-07-19 13:54:27,580] 39 root - INFO - [Attacker] Label flip: 14 samples class 4 \u2192 class 0
[2026-07-19 13:54:27,590] 39 root - INFO - [Attacker] Label flip: 12 samples class 4 \u2192 class 0
[2026-07-19 13:54:27,598] 39 root - INFO - [Attacker] Label flip: 15 samples class 4 \u2192 class 0
[2026-07-19 13:54:27,606] 39 root - INFO - [Attacker] Label flip: 14 samples class 4 \u2192 class 0
[2026-07-19 13:54:27,614] 39 root - INFO - [Attacker] Label flip: 17 samples class 4 \u2192 class 0
[2026-07-19 13:54:27,622] 39 root - INFO - [Attacker] Label flip: 19 samples class 4 \u2192 class 0
[2026-07-19 13:54:27,630] 39 root - INFO - [Attacker] Label flip: 14 samples class 4 \u2192 class 0
[2026-07-19 13:54:27,636] 39 root - INFO - [Attacker] Label flip: 14 samples class 4 \u2192 class 0
[2026-07-19 13:54:27,644] 39 root - INFO - [Attacker] Label flip: 16 samples class 4 \u2192 class 0
[2026-07-19 13:54:27,652] 39 root - INFO - [Attacker] Label flip: 10 samples class 4 \u2192 class 0
[2026-07-19 13:54:27,661] 39 root - INFO - [Attacker] Label flip: 12 samples class 4 \u2192 class 0
[2026-07-19 13:54:27,669] 39 root - INFO - [Attacker] Label flip: 9 samples class 4 \u2192 class 0
[2026-07-19 13:54:27,677] 39 root - INFO - [Attacker] Label flip: 13 samples class 4 \u2192 class 0
[2026-07-19 13:54:27,685] 39 root - INFO - [Attacker] Label flip: 13 samples class 4 \u2192 class 0
[2026-07-19 13:54:27,693] 39 root - INFO - [Attacker] Label flip: 10 samples class 4 \u2192 class 0
[2026-07-19 13:54:27,701] 39 root - INFO - [Attacker] Label flip: 10 samples class 4 \u2192 class 0
[2026-07-19 13:54:27,707] 39 root - INFO - [Attacker] Label flip: 11 samples class 4 \u2192 class 0
[2026-07-19 13:54:27,716] 39 root - INFO - [Attacker] Label flip: 14 samples class 4 \u2192 class 0
[2026-07-19 13:54:27,722] 39 root - INFO - [Attacker] Label flip: 13 samples class 4 \u2192 class 0
[2026-07-19 13:54:27,730] 39 root - INFO - [Attacker] Label flip: 9 samples class 4 \u2192 class 0
[2026-07-19 13:54:27,738] 39 root - INFO - [Attacker] Label flip: 5 samples class 4 \u2192 class 0
[2026-07-19 13:54:27,746] 39 root - INFO - [Attacker] Label flip: 9 samples class 4 \u2192 class 0
[2026-07-19 13:54:27,754] 39 root - INFO - [Attacker] Label flip: 13 samples class 4 \u2192 class 0
[2026-07-19 13:54:27,762] 39 root - INFO - [Attacker] Label flip: 12 samples class 4 \u2192 class 0
[2026-07-19 13:54:27,770] 39 root - INFO - [Attacker] Label flip: 12 samples class 4 \u2192 class 0
[2026-07-19 13:54:27,776] 39 root - INFO - [Attacker] Label flip: 15 samples class 4 \u2192 class 0
[2026-07-19 13:54:27,784] 39 root - INFO - [Attacker] Label flip: 12 samples class 4 \u2192 class 0
[2026-07-19 13:54:27,792] 39 root - INFO - [Attacker] Label flip: 12 samples class 4 \u2192 class 0
[2026-07-19 13:54:27,799] 39 root - INFO - [Attacker] Label flip: 10 samples class 4 \u2192 class 0
[2026-07-19 13:54:27,807] 39 root - INFO - [Attacker] Label flip: 7 samples class 4 \u2192 class 0
[2026-07-19 13:54:27,815] 39 root - INFO - [Attacker] Label flip: 13 samples class 4 \u2192 class 0
[2026-07-19 13:54:27,823] 39 root - INFO - [Attacker] Label flip: 9 samples class 4 \u2192 class 0
[2026-07-19 13:54:27,831] 39 root - INFO - [Attacker] Label flip: 15 samples class 4 \u2192 class 0
[2026-07-19 13:54:27,839] 39 root - INFO - [Attacker] Label flip: 16 samples class 4 \u2192 class 0
[2026-07-19 13:54:27,847] 39 root - INFO - [Attacker] Label flip: 12 samples class 4 \u2192 class 0
[2026-07-19 13:54:27,857] 39 root - INFO - [Attacker] Label flip: 20 samples class 4 \u2192 class 0
[2026-07-19 13:54:27,864] 39 root - INFO - [Attacker] Label flip: 7 samples class 4 \u2192 class 0
[2026-07-19 13:54:27,871] 39 root - INFO - [Attacker] Label flip: 13 samples class 4 \u2192 class 0
[2026-07-19 13:54:27,878] 39 root - INFO - [Attacker] Label flip: 14 samples class 4 \u2192 class 0
[2026-07-19 13:54:27,888] 39 root - INFO - [Attacker] Label flip: 12 samples class 4 \u2192 class 0
[2026-07-19 13:54:27,896] 39 root - INFO - [Attacker] Label flip: 13 samples class 4 \u2192 class 0
[2026-07-19 13:54:27,902] 39 root - INFO - [Attacker] Label flip: 12 samples class 4 \u2192 class 0
[2026-07-19 13:54:27,911] 39 root - INFO - [Attacker] Label flip: 17 samples class 4 \u2192 class 0
[2026-07-19 13:54:27,919] 39 root - INFO - [Attacker] Label flip: 15 samples class 4 \u2192 class 0
[2026-07-19 13:54:27,928] 39 root - INFO - [Attacker] Label flip: 15 samples class 4 \u2192 class 0
[2026-07-19 13:54:27,936] 39 root - INFO - [Attacker] Label flip: 8 samples class 4 \u2192 class 0
[2026-07-19 13:54:27,942] 39 root - INFO - [Attacker] Label flip: 11 samples class 4 \u2192 class 0
[2026-07-19 13:54:27,950] 39 root - INFO - [Attacker] Label flip: 7 samples class 4 \u2192 class 0
[2026-07-19 13:54:27,958] 39 root - INFO - [Attacker] Label flip: 18 samples class 4 \u2192 class 0
[2026-07-19 13:54:27,966] 39 root - INFO - [Attacker] Label flip: 9 samples class 4 \u2192 class 0
[2026-07-19 13:54:27,974] 39 root - INFO - [Attacker] Label flip: 13 samples class 4 \u2192 class 0
[2026-07-19 13:54:27,981] 39 root - INFO - [Attacker] Label flip: 20 samples class 4 \u2192 class 0
[2026-07-19 13:54:27,992] 39 root - INFO - [Attacker] Label flip: 9 samples class 4 \u2192 class 0
[2026-07-19 13:54:28,000] 39 root - INFO - [Attacker] Label flip: 11 samples class 4 \u2192 class 0
[2026-07-19 13:54:28,007] 39 root - INFO - [Attacker] Label flip: 15 samples class 4 \u2192 class 0
[2026-07-19 13:54:28,015] 39 root - INFO - [Attacker] Label flip: 11 samples class 4 \u2192 class 0
[2026-07-19 13:54:28,025] 39 root - INFO - [Attacker] Label flip: 13 samples class 4 \u2192 class 0
[2026-07-19 13:54:28,033] 39 root - INFO - [Attacker] Label flip: 5 samples class 4 \u2192 class 0
[2026-07-19 13:54:28,041] 39 root - INFO - [Attacker] Label flip: 11 samples class 4 \u2192 class 0
[2026-07-19 13:54:28,047] 39 root - INFO - [Attacker] Label flip: 7 samples class 4 \u2192 class 0
[2026-07-19 13:54:28,058] 39 root - INFO - [Attacker] Label flip: 11 samples class 4 \u2192 class 0
[2026-07-19 13:54:28,065] 39 root - INFO - [Attacker] Label flip: 10 samples class 4 \u2192 class 0
[2026-07-19 13:54:28,073] 39 root - INFO - [Attacker] Label flip: 12 samples class 4 \u2192 class 0
[2026-07-19 13:54:28,081] 39 root - INFO - [Attacker] Label flip: 17 samples class 4 \u2192 class 0
[2026-07-19 13:54:28,089] 39 root - INFO - [Attacker] Label flip: 14 samples class 4 \u2192 class 0
[2026-07-19 13:54:28,096] 39 root - INFO - [Attacker] Label flip: 11 samples class 4 \u2192 class 0
[2026-07-19 13:54:28,104] 39 root - INFO - [Attacker] Label flip: 14 samples class 4 \u2192 class 0
[2026-07-19 13:54:28,112] 39 root - INFO - [Attacker] Label flip: 14 samples class 4 \u2192 class 0
[2026-07-19 13:54:28,120] 39 root - INFO - [Attacker] Label flip: 11 samples class 4 \u2192 class 0
[2026-07-19 13:54:28,129] 39 root - INFO - [Attacker] Label flip: 14 samples class 4 \u2192 class 0
[2026-07-19 13:54:28,137] 39 root - INFO - [Attacker] Label flip: 10 samples class 4 \u2192 class 0
[2026-07-19 13:54:28,144] 39 root - INFO - [Attacker] Label flip: 9 samples class 4 \u2192 class 0
[2026-07-19 13:54:28,152] 39 root - INFO - [Attacker] Label flip: 14 samples class 4 \u2192 class 0
[2026-07-19 13:54:28,160] 39 root - INFO - [Attacker] Label flip: 16 samples class 4 \u2192 class 0
[2026-07-19 13:54:28,168] 39 root - INFO - [Attacker] Label flip: 13 samples class 4 \u2192 class 0
[2026-07-19 13:54:28,176] 39 root - INFO - [Attacker] Label flip: 10 samples class 4 \u2192 class 0
[2026-07-19 13:54:28,184] 39 root - INFO - [Attacker] Label flip: 12 samples class 4 \u2192 class 0
[2026-07-19 13:54:28,195] 39 root - INFO - [Attacker] Label flip: 8 samples class 4 \u2192 class 0
[2026-07-19 13:54:28,203] 39 root - INFO - [Attacker] Label flip: 14 samples class 4 \u2192 class 0
[2026-07-19 13:54:28,211] 39 root - INFO - [Attacker] Label flip: 15 samples class 4 \u2192 class 0
[2026-07-19 13:54:28,217] 39 root - INFO - [Attacker] Label flip: 15 samples class 4 \u2192 class 0
[2026-07-19 13:54:28,225] 39 root - INFO - [Attacker] Label flip: 12 samples class 4 \u2192 class 0
[2026-07-19 13:54:28,233] 39 root - INFO - [Attacker] Label flip: 18 samples class 4 \u2192 class 0
[2026-07-19 13:54:28,241] 39 root - INFO - [Attacker] Label flip: 9 samples class 4 \u2192 class 0
[2026-07-19 13:54:28,248] 39 root - INFO - [Attacker] Label flip: 13 samples class 4 \u2192 class 0
[2026-07-19 13:54:28,258] 39 root - INFO - [Attacker] Label flip: 11 samples class 4 \u2192 class 0
[2026-07-19 13:54:28,266] 39 root - INFO - [Attacker] Label flip: 13 samples class 4 \u2192 class 0
[2026-07-19 13:54:28,274] 39 root - INFO - [Attacker] Label flip: 17 samples class 4 \u2192 class 0
[2026-07-19 13:54:28,282] 39 root - INFO - [Attacker] Label flip: 8 samples class 4 \u2192 class 0
[2026-07-19 13:54:28,290] 39 root - INFO - [Attacker] Label flip: 13 samples class 4 \u2192 class 0
[2026-07-19 13:54:28,297] 39 root - INFO - [Attacker] Label flip: 18 samples class 4 \u2192 class 0
[2026-07-19 13:54:28,305] 39 root - INFO - [Attacker] Label flip: 11 samples class 4 \u2192 class 0
[2026-07-19 13:54:28,313] 39 root - INFO - [Attacker] Label flip: 13 samples class 4 \u2192 class 0
[2026-07-19 13:54:28,323] 39 root - INFO - [Attacker] Label flip: 13 samples class 4 \u2192 class 0
[2026-07-19 13:54:28,332] 39 root - INFO - [Attacker] Label flip: 12 samples class 4 \u2192 class 0
[2026-07-19 13:54:28,338] 39 root - INFO - [Attacker] Label flip: 12 samples class 4 \u2192 class 0
[2026-07-19 13:54:28,346] 39 root - INFO - [Attacker] Label flip: 17 samples class 4 \u2192 class 0
[2026-07-19 13:54:28,354] 39 root - INFO - [Attacker] Label flip: 24 samples class 4 \u2192 class 0
[2026-07-19 13:54:28,364] 39 root - INFO - [Attacker] Label flip: 9 samples class 4 \u2192 class 0
[2026-07-19 13:54:28,371] 39 root - INFO - [Attacker] Label flip: 14 samples class 4 \u2192 class 0
[2026-07-19 13:54:28,379] 39 root - INFO - [Attacker] Label flip: 9 samples class 4 \u2192 class 0
[2026-07-19 13:54:28,388] 39 root - INFO - [Attacker] Label flip: 21 samples class 4 \u2192 class 0
[2026-07-19 13:54:28,396] 39 root - INFO - [Attacker] Label flip: 12 samples class 4 \u2192 class 0
[2026-07-19 13:54:28,405] 39 root - INFO - [Attacker] Label flip: 14 samples class 4 \u2192 class 0
[2026-07-19 13:54:28,411] 39 root - INFO - [Attacker] Label flip: 16 samples class 4 \u2192 class 0
[2026-07-19 13:54:28,419] 39 root - INFO - [Attacker] Label flip: 17 samples class 4 \u2192 class 0
[2026-07-19 13:54:28,427] 39 root - INFO - [Attacker] Label flip: 4 samples class 4 \u2192 class 0
[2026-07-19 13:54:28,436] 39 root - INFO - [Attacker] Label flip: 10 samples class 4 \u2192 class 0
[2026-07-19 13:54:28,443] 39 root - INFO - [Attacker] Label flip: 11 samples class 4 \u2192 class 0
[2026-07-19 13:54:28,451] 39 root - INFO - [Attacker] Label flip: 13 samples class 4 \u2192 class 0
[2026-07-19 13:54:28,460] 39 root - INFO - [Attacker] Label flip: 14 samples class 4 \u2192 class 0
[2026-07-19 13:54:28,468] 39 root - INFO - [Attacker] Label flip: 11 samples class 4 \u2192 class 0
[2026-07-19 13:54:28,476] 39 root - INFO - [Attacker] Label flip: 12 samples class 4 \u2192 class 0
[2026-07-19 13:54:28,484] 39 root - INFO - [Attacker] Label flip: 13 samples class 4 \u2192 class 0
[2026-07-19 13:54:28,494] 39 root - INFO - [Attacker] Label flip: 11 samples class 4 \u2192 class 0
[2026-07-19 13:54:28,502] 39 root - INFO - [Attacker] Label flip: 12 samples class 4 \u2192 class 0
[2026-07-19 13:54:28,510] 39 root - INFO - [Attacker] Label flip: 10 samples class 4 \u2192 class 0
[2026-07-19 13:54:28,518] 39 root - INFO - [Attacker] Label flip: 12 samples class 4 \u2192 class 0
[2026-07-19 13:54:28,528] 39 root - INFO - [Attacker] Label flip: 15 samples class 4 \u2192 class 0
[2026-07-19 13:54:28,536] 39 root - INFO - [Attacker] Label flip: 14 samples class 4 \u2192 class 0
[2026-07-19 13:54:28,543] 39 root - INFO - [Attacker] Label flip: 10 samples class 4 \u2192 class 0
[2026-07-19 13:54:28,551] 39 root - INFO - [Attacker] Label flip: 14 samples class 4 \u2192 class 0
[2026-07-19 13:54:28,559] 39 root - INFO - [Attacker] Label flip: 10 samples class 4 \u2192 class 0
[2026-07-19 13:54:28,567] 39 root - INFO - [Attacker] Label flip: 15 samples class 4 \u2192 class 0
[2026-07-19 13:54:28,575] 39 root - INFO - [Attacker] Label flip: 15 samples class 4 \u2192 class 0
[2026-07-19 13:54:28,581] 39 root - INFO - [Attacker] Label flip: 14 samples class 4 \u2192 class 0
[2026-07-19 13:54:28,590] 39 root - INFO - [Attacker] Label flip: 16 samples class 4 \u2192 class 0
[2026-07-19 13:54:28,600] 39 root - INFO - [Attacker] Label flip: 6 samples class 4 \u2192 class 0
[2026-07-19 13:54:28,608] 39 root - INFO - [Attacker] Label flip: 10 samples class 4 \u2192 class 0
[2026-07-19 13:54:28,615] 39 root - INFO - [Attacker] Label flip: 11 samples class 4 \u2192 class 0
[2026-07-19 13:54:28,624] 39 root - INFO - [Attacker] Label flip: 10 samples class 4 \u2192 class 0
[2026-07-19 13:54:28,633] 39 root - INFO - [Attacker] Label flip: 9 samples class 4 \u2192 class 0
[2026-07-19 13:54:28,639] 39 root - INFO - [Attacker] Label flip: 6 samples class 4 \u2192 class 0
[2026-07-19 13:54:28,647] 39 root - INFO - [Attacker] Label flip: 8 samples class 4 \u2192 class 0
[2026-07-19 13:54:28,655] 39 root - INFO - [Attacker] Label flip: 10 samples class 4 \u2192 class 0
[2026-07-19 13:54:28,667] 39 root - INFO - [Attacker] Label flip: 16 samples class 4 \u2192 class 0
[2026-07-19 13:54:28,675] 39 root - INFO - [Attacker] Label flip: 17 samples class 4 \u2192 class 0
[2026-07-19 13:54:28,683] 39 root - INFO - [Attacker] Label flip: 13 samples class 4 \u2192 class 0
[2026-07-19 13:54:28,693] 39 root - INFO - [Attacker] Label flip: 10 samples class 4 \u2192 class 0
[2026-07-19 13:54:28,705] 39 root - INFO - [Attacker] Label flip: 12 samples class 4 \u2192 class 0
[2026-07-19 13:54:28,712] 39 root - INFO - [Attacker] Label flip: 12 samples class 4 \u2192 class 0
[2026-07-19 13:54:28,720] 39 root - INFO - [Attacker] Label flip: 14 samples class 4 \u2192 class 0
[2026-07-19 13:54:28,728] 39 root - INFO - [Attacker] Label flip: 21 samples class 4 \u2192 class 0
[2026-07-19 13:54:28,736] 39 root - INFO - [Attacker] Label flip: 8 samples class 4 \u2192 class 0
[2026-07-19 13:54:28,743] 39 root - INFO - [Attacker] Label flip: 9 samples class 4 \u2192 class 0
[2026-07-19 13:54:28,751] 39 root - INFO - [Attacker] Label flip: 9 samples class 4 \u2192 class 0
[2026-07-19 13:54:28,759] 39 root - INFO - [Attacker] Label flip: 15 samples class 4 \u2192 class 0
[2026-07-19 13:54:28,767] 39 root - INFO - [Attacker] Label flip: 12 samples class 4 \u2192 class 0
[2026-07-19 13:54:28,775] 39 root - INFO - [Attacker] Label flip: 12 samples class 4 \u2192 class 0
[2026-07-19 13:54:28,783] 39 root - INFO - [Attacker] Label flip: 13 samples class 4 \u2192 class 0
[2026-07-19 13:54:28,791] 39 root - INFO - [Attacker] Label flip: 10 samples class 4 \u2192 class 0
[2026-07-19 13:54:28,797] 39 root - INFO - [Attacker] Label flip: 18 samples class 4 \u2192 class 0
[2026-07-19 13:54:28,807] 39 root - INFO - [Attacker] Label flip: 10 samples class 4 \u2192 class 0
[2026-07-19 13:54:28,815] 39 root - INFO - [Attacker] Label flip: 10 samples class 4 \u2192 class 0
[2026-07-19 13:54:28,822] 39 root - INFO - [Attacker] Label flip: 11 samples class 4 \u2192 class 0
[2026-07-19 13:54:28,830] 39 root - INFO - [Attacker] Label flip: 10 samples class 4 \u2192 class 0
[2026-07-19 13:54:28,838] 39 root - INFO - [Attacker] Label flip: 15 samples class 4 \u2192 class 0
[2026-07-19 13:54:28,846] 39 root - INFO - [Attacker] Label flip: 12 samples class 4 \u2192 class 0
[2026-07-19 13:54:28,854] 39 root - INFO - [Attacker] Label flip: 13 samples class 4 \u2192 class 0
[2026-07-19 13:54:28,871] 39 root - INFO - [Attacker] Label flip: 8 samples class 4 \u2192 class 0
[2026-07-19 13:54:28,879] 39 root - INFO - [Attacker] Label flip: 12 samples class 4 \u2192 class 0
[2026-07-19 13:54:28,887] 39 root - INFO - [Attacker] Label flip: 6 samples class 4 \u2192 class 0
[2026-07-19 13:54:28,895] 39 root - INFO - [Attacker] Label flip: 19 samples class 4 \u2192 class 0
[2026-07-19 13:54:28,903] 39 root - INFO - [Attacker] Label flip: 8 samples class 4 \u2192 class 0
[2026-07-19 13:54:28,925] 39 root - INFO - [Attacker] Label flip: 19 samples class 4 \u2192 class 0
[2026-07-19 13:54:28,931] 39 root - INFO - [Attacker] Label flip: 14 samples class 4 \u2192 class 0
[2026-07-19 13:54:28,941] 39 root - INFO - [Attacker] Label flip: 8 samples class 4 \u2192 class 0
[2026-07-19 13:54:28,949] 39 root - INFO - [Attacker] Label flip: 12 samples class 4 \u2192 class 0
[2026-07-19 13:54:28,961] 39 root - INFO - [Attacker] Label flip: 11 samples class 4 \u2192 class 0
[2026-07-19 13:54:28,969] 39 root - INFO - [Attacker] Label flip: 18 samples class 4 \u2192 class 0
[2026-07-19 13:54:28,977] 39 root - INFO - [Attacker] Label flip: 16 samples class 4 \u2192 class 0
[2026-07-19 13:54:28,985] 39 root - INFO - [Attacker] Label flip: 7 samples class 4 \u2192 class 0
[2026-07-19 13:54:28,991] 39 root - INFO - [Attacker] Label flip: 9 samples class 4 \u2192 class 0
[2026-07-19 13:54:29,001] 39 root - INFO - [Attacker] Label flip: 15 samples class 4 \u2192 class 0
[2026-07-19 13:54:29,009] 39 root - INFO - [Attacker] Label flip: 14 samples class 4 \u2192 class 0
[2026-07-19 13:54:29,017] 39 root - INFO - [Attacker] Label flip: 16 samples class 4 \u2192 class 0
[2026-07-19 13:54:29,025] 39 root - INFO - [Attacker] Label flip: 16 samples class 4 \u2192 class 0
[2026-07-19 13:54:29,034] 39 root - INFO - [Attacker] Label flip: 5 samples class 4 \u2192 class 0
[2026-07-19 13:54:29,043] 39 root - INFO - [Attacker] Label flip: 6 samples class 4 \u2192 class 0
[2026-07-19 13:54:29,053] 39 root - INFO - [Attacker] Label flip: 12 samples class 4 \u2192 class 0
[2026-07-19 13:54:29,061] 39 root - INFO - [Attacker] Label flip: 14 samples class 4 \u2192 class 0
[2026-07-19 13:54:29,069] 39 root - INFO - [Attacker] Label flip: 13 samples class 4 \u2192 class 0
[2026-07-19 13:54:29,079] 39 root - INFO - [Attacker] Label flip: 13 samples class 4 \u2192 class 0
[2026-07-19 13:54:29,089] 39 root - INFO - [Attacker] Label flip: 10 samples class 4 \u2192 class 0
[2026-07-19 13:54:29,101] 39 root - INFO - [Attacker] Label flip: 17 samples class 4 \u2192 class 0
[2026-07-19 13:54:29,111] 39 root - INFO - [Attacker] Label flip: 15 samples class 4 \u2192 class 0
[2026-07-19 13:54:29,119] 39 root - INFO - [Attacker] Label flip: 9 samples class 4 \u2192 class 0
[2026-07-19 13:54:29,127] 39 root - INFO - [Attacker] Label flip: 12 samples class 4 \u2192 class 0
[2026-07-19 13:54:29,137] 39 root - INFO - [Attacker] Label flip: 16 samples class 4 \u2192 class 0
[2026-07-19 13:54:29,146] 39 root - INFO - [Attacker] Label flip: 13 samples class 4 \u2192 class 0
[2026-07-19 13:54:29,154] 39 root - INFO - [Attacker] Label flip: 15 samples class 4 \u2192 class 0
[2026-07-19 13:54:29,161] 39 root - INFO - [Attacker] Label flip: 15 samples class 4 \u2192 class 0
[2026-07-19 13:54:29,169] 39 root - INFO - [Attacker] Label flip: 13 samples class 4 \u2192 class 0
[2026-07-19 13:54:29,177] 39 root - INFO - [Attacker] Label flip: 11 samples class 4 \u2192 class 0
[2026-07-19 13:54:29,185] 39 root - INFO - [Attacker] Label flip: 13 samples class 4 \u2192 class 0
[2026-07-19 13:54:29,192] 39 root - INFO - [Attacker] Label flip: 11 samples class 4 \u2192 class 0
[2026-07-19 13:54:29,200] 39 root - INFO - [Attacker] Label flip: 13 samples class 4 \u2192 class 0
[2026-07-19 13:54:29,208] 39 root - INFO - [Attacker] Label flip: 15 samples class 4 \u2192 class 0
[2026-07-19 13:54:29,216] 39 root - INFO - [Attacker] Label flip: 11 samples class 4 \u2192 class 0
[2026-07-19 13:54:29,224] 39 root - INFO - [Attacker] Label flip: 19 samples class 4 \u2192 class 0
[2026-07-19 13:54:29,232] 39 root - INFO - [Attacker] Label flip: 11 samples class 4 \u2192 class 0
[2026-07-19 13:54:29,240] 39 root - INFO - [Attacker] Label flip: 14 samples class 4 \u2192 class 0
[2026-07-19 13:54:29,248] 39 root - INFO - [Attacker] Label flip: 15 samples class 4 \u2192 class 0
[2026-07-19 13:54:29,256] 39 root - INFO - [Attacker] Label flip: 15 samples class 4 \u2192 class 0
[2026-07-19 13:54:29,365] 39 root - INFO - [Attacker] Label flip: 11 samples class 4 \u2192 class 0
[2026-07-19 13:54:29,372] 39 root - INFO - [Attacker] Label flip: 13 samples class 4 \u2192 class 0
[2026-07-19 13:54:29,380] 39 root - INFO - [Attacker] Label flip: 10 samples class 4 \u2192 class 0
[2026-07-19 13:54:29,388] 39 root - INFO - [Attacker] Label flip: 28 samples class 4 \u2192 class 0
[2026-07-19 13:54:29,401] 39 root - INFO - [Attacker] Label flip: 6 samples class 4 \u2192 class 0
[2026-07-19 13:54:29,408] 39 root - INFO - [Attacker] Label flip: 16 samples class 4 \u2192 class 0
[2026-07-19 13:54:29,416] 39 root - INFO - [Attacker] Label flip: 11 samples class 4 \u2192 class 0
[2026-07-19 13:54:29,424] 39 root - INFO - [Attacker] Label flip: 11 samples class 4 \u2192 class 0
[2026-07-19 13:54:29,432] 39 root - INFO - [Attacker] Label flip: 12 samples class 4 \u2192 class 0
[2026-07-19 13:54:29,440] 39 root - INFO - [Attacker] Label flip: 19 samples class 4 \u2192 class 0
[2026-07-19 13:54:29,448] 39 root - INFO - [Attacker] Label flip: 12 samples class 4 \u2192 class 0
[2026-07-19 13:54:29,458] 39 root - INFO - [Attacker] Label flip: 12 samples class 4 \u2192 class 0
[2026-07-19 13:54:29,464] 39 root - INFO - [Attacker] Label flip: 10 samples class 4 \u2192 class 0
[2026-07-19 13:54:29,474] 39 root - INFO - [Attacker] Label flip: 12 samples class 4 \u2192 class 0
[2026-07-19 13:54:29,481] 39 root - INFO - [Attacker] Label flip: 12 samples class 4 \u2192 class 0
[2026-07-19 13:54:29,488] 39 root - INFO - [Attacker] Label flip: 12 samples class 4 \u2192 class 0
[2026-07-19 13:54:29,497] 39 root - INFO - [Attacker] Label flip: 12 samples class 4 \u2192 class 0
[2026-07-19 13:54:29,509] 39 root - INFO - [Attacker] Label flip: 15 samples class 4 \u2192 class 0
[2026-07-19 13:54:29,517] 39 root - INFO - [Attacker] Label flip: 11 samples class 4 \u2192 class 0
[2026-07-19 13:54:29,523] 39 root - INFO - [Attacker] Label flip: 18 samples class 4 \u2192 class 0
[2026-07-19 13:54:29,531] 39 root - INFO - [Attacker] Label flip: 13 samples class 4 \u2192 class 0
[2026-07-19 13:54:29,543] 39 root - INFO - [Attacker] Label flip: 15 samples class 4 \u2192 class 0
[2026-07-19 13:54:29,551] 39 root - INFO - [Attacker] Label flip: 14 samples class 4 \u2192 class 0
[2026-07-19 13:54:29,559] 39 root - INFO - [Attacker] Label flip: 15 samples class 4 \u2192 class 0
[2026-07-19 13:54:29,567] 39 root - INFO - [Attacker] Label flip: 15 samples class 4 \u2192 class 0
[2026-07-19 13:54:29,575] 39 root - INFO - [Attacker] Label flip: 13 samples class 4 \u2192 class 0
[2026-07-19 13:54:29,583] 39 root - INFO - [Attacker] Label flip: 16 samples class 4 \u2192 class 0
[2026-07-19 13:54:29,592] 39 root - INFO - [Attacker] Label flip: 10 samples class 4 \u2192 class 0
[2026-07-19 13:54:29,599] 39 root - INFO - [Attacker] Label flip: 18 samples class 4 \u2192 class 0
[2026-07-19 13:54:29,607] 39 root - INFO - [Attacker] Label flip: 6 samples class 4 \u2192 class 0
[2026-07-19 13:54:29,614] 39 root - INFO - [Attacker] Label flip: 10 samples class 4 \u2192 class 0
[2026-07-19 13:54:29,622] 39 root - INFO - [Attacker] Label flip: 10 samples class 4 \u2192 class 0
[2026-07-19 13:54:29,630] 39 root - INFO - [Attacker] Label flip: 15 samples class 4 \u2192 class 0
[2026-07-19 13:54:29,638] 39 root - INFO - [Attacker] Label flip: 12 samples class 4 \u2192 class 0
[2026-07-19 13:54:29,650] 39 root - INFO - [Attacker] Label flip: 15 samples class 4 \u2192 class 0
[2026-07-19 13:54:29,658] 39 root - INFO - [Attacker] Label flip: 12 samples class 4 \u2192 class 0
[2026-07-19 13:54:29,666] 39 root - INFO - [Attacker] Label flip: 17 samples class 4 \u2192 class 0
[2026-07-19 13:54:29,674] 39 root - INFO - [Attacker] Label flip: 15 samples class 4 \u2192 class 0
[2026-07-19 13:54:29,682] 39 root - INFO - [Attacker] Label flip: 14 samples class 4 \u2192 class 0
[2026-07-19 13:54:29,690] 39 root - INFO - [Attacker] Label flip: 10 samples class 4 \u2192 class 0
[2026-07-19 13:54:29,698] 39 root - INFO - [Attacker] Label flip: 7 samples class 4 \u2192 class 0
[2026-07-19 13:54:29,706] 39 root - INFO - [Attacker] Label flip: 16 samples class 4 \u2192 class 0
[2026-07-19 13:54:29,714] 39 root - INFO - [Attacker] Label flip: 11 samples class 4 \u2192 class 0
[2026-07-19 13:54:29,722] 39 root - INFO - [Attacker] Label flip: 15 samples class 4 \u2192 class 0
[2026-07-19 13:54:29,729] 39 root - INFO - [Attacker] Label flip: 10 samples class 4 \u2192 class 0
[2026-07-19 13:54:29,737] 39 root - INFO - [Attacker] Label flip: 12 samples class 4 \u2192 class 0
[2026-07-19 13:54:29,745] 39 root - INFO - [Attacker] Label flip: 11 samples class 4 \u2192 class 0
[2026-07-19 13:54:29,753] 39 root - INFO - [Attacker] Label flip: 19 samples class 4 \u2192 class 0
[2026-07-19 13:54:29,761] 39 root - INFO - [Attacker] Label flip: 7 samples class 4 \u2192 class 0
[2026-07-19 13:54:29,769] 39 root - INFO - [Attacker] Label flip: 15 samples class 4 \u2192 class 0
[2026-07-19 13:54:29,777] 39 root - INFO - [Attacker] Label flip: 10 samples class 4 \u2192 class 0
[2026-07-19 13:54:29,785] 39 root - INFO - [Attacker] Label flip: 9 samples class 4 \u2192 class 0
[2026-07-19 13:54:29,793] 39 root - INFO - [Attacker] Label flip: 14 samples class 4 \u2192 class 0
[2026-07-19 13:54:29,800] 39 root - INFO - [Attacker] Label flip: 13 samples class 4 \u2192 class 0
[2026-07-19 13:54:29,809] 39 root - INFO - [Attacker] Label flip: 20 samples class 4 \u2192 class 0
[2026-07-19 13:54:29,819] 39 root - INFO - [Attacker] Label flip: 7 samples class 4 \u2192 class 0
[2026-07-19 13:54:29,827] 39 root - INFO - [Attacker] Label flip: 13 samples class 4 \u2192 class 0
[2026-07-19 13:54:29,835] 39 root - INFO - [Attacker] Label flip: 20 samples class 4 \u2192 class 0
[2026-07-19 13:54:29,842] 39 root - INFO - [Attacker] Label flip: 14 samples class 4 \u2192 class 0
[2026-07-19 13:54:29,850] 39 root - INFO - [Attacker] Label flip: 13 samples class 4 \u2192 class 0
[2026-07-19 13:54:29,858] 39 root - INFO - [Attacker] Label flip: 12 samples class 4 \u2192 class 0
[2026-07-19 13:54:29,866] 39 root - INFO - [Attacker] Label flip: 8 samples class 4 \u2192 class 0
[2026-07-19 13:54:29,874] 39 root - INFO - [Attacker] Label flip: 17 samples class 4 \u2192 class 0
[2026-07-19 13:54:29,882] 39 root - INFO - [Attacker] Label flip: 12 samples class 4 \u2192 class 0
[2026-07-19 13:54:29,890] 39 root - INFO - [Attacker] Label flip: 8 samples class 4 \u2192 class 0
[2026-07-19 13:54:29,898] 39 root - INFO - [Attacker] Label flip: 15 samples class 4 \u2192 class 0
[2026-07-19 13:54:29,906] 39 root - INFO - [Attacker] Label flip: 16 samples class 4 \u2192 class 0
[2026-07-19 13:54:29,912] 39 root - INFO - [Attacker] Label flip: 14 samples class 4 \u2192 class 0
[2026-07-19 13:54:29,920] 39 root - INFO - [Attacker] Label flip: 5 samples class 4 \u2192 class 0
[2026-07-19 13:54:29,928] 39 root - INFO - [Attacker] Label flip: 12 samples class 4 \u2192 class 0
[2026-07-19 13:54:29,935] 39 root - INFO - [Attacker] Label flip: 10 samples class 4 \u2192 class 0
[2026-07-19 13:54:29,947] 39 root - INFO - [Attacker] Label flip: 22 samples class 4 \u2192 class 0
[2026-07-19 13:54:29,955] 39 root - INFO - [Attacker] Label flip: 14 samples class 4 \u2192 class 0
[2026-07-19 13:54:29,963] 39 root - INFO - [Attacker] Label flip: 8 samples class 4 \u2192 class 0
[2026-07-19 13:54:29,969] 39 root - INFO - [Attacker] Label flip: 14 samples class 4 \u2192 class 0
[2026-07-19 13:54:29,979] 39 root - INFO - [Attacker] Label flip: 14 samples class 4 \u2192 class 0
[2026-07-19 13:54:29,987] 39 root - INFO - [Attacker] Label flip: 6 samples class 4 \u2192 class 0
[2026-07-19 13:54:29,995] 39 root - INFO - [Attacker] Label flip: 11 samples class 4 \u2192 class 0
[2026-07-19 13:54:30,003] 39 root - INFO - [Attacker] Label flip: 10 samples class 4 \u2192 class 0
[2026-07-19 13:54:30,010] 39 root - INFO - [Attacker] Label flip: 12 samples class 4 \u2192 class 0
[2026-07-19 13:54:30,019] 39 root - INFO - [Attacker] Label flip: 11 samples class 4 \u2192 class 0
[2026-07-19 13:54:30,027] 39 root - INFO - [Attacker] Label flip: 6 samples class 4 \u2192 class 0
[2026-07-19 13:54:30,034] 39 root - INFO - [Attacker] Label flip: 8 samples class 4 \u2192 class 0
[2026-07-19 13:54:30,042] 39 root - INFO - [Attacker] Label flip: 15 samples class 4 \u2192 class 0
[2026-07-19 13:54:30,050] 39 root - INFO - [Attacker] Label flip: 18 samples class 4 \u2192 class 0
[2026-07-19 13:54:30,057] 39 root - INFO - [Attacker] Label flip: 13 samples class 4 \u2192 class 0
[2026-07-19 13:54:30,065] 39 root - INFO - [Attacker] Label flip: 13 samples class 4 \u2192 class 0
[2026-07-19 13:54:30,073] 39 root - INFO - [Attacker] Label flip: 10 samples class 4 \u2192 class 0
[2026-07-19 13:54:30,081] 39 root - INFO - [Attacker] Label flip: 8 samples class 4 \u2192 class 0
[2026-07-19 13:54:30,089] 39 root - INFO - [Attacker] Label flip: 12 samples class 4 \u2192 class 0
[2026-07-19 13:54:30,097] 39 root - INFO - [Attacker] Label flip: 16 samples class 4 \u2192 class 0
[2026-07-19 13:54:30,104] 39 root - INFO - [Attacker] Label flip: 20 samples class 4 \u2192 class 0
[2026-07-19 13:54:30,114] 39 root - INFO - [Attacker] Label flip: 15 samples class 4 \u2192 class 0
[2026-07-19 13:54:30,122] 39 root - INFO - [Attacker] Label flip: 15 samples class 4 \u2192 class 0
[2026-07-19 13:54:30,130] 39 root - INFO - [Attacker] Label flip: 10 samples class 4 \u2192 class 0
[2026-07-19 13:54:30,138] 39 root - INFO - [Attacker] Label flip: 7 samples class 4 \u2192 class 0
[2026-07-19 13:54:30,146] 39 root - INFO - [Attacker] Label flip: 18 samples class 4 \u2192 class 0
[2026-07-19 13:54:30,154] 39 root - INFO - [Attacker] Label flip: 10 samples class 4 \u2192 class 0
[2026-07-19 13:54:30,161] 39 root - INFO - [Attacker] Label flip: 14 samples class 4 \u2192 class 0
[2026-07-19 13:54:30,170] 39 root - INFO - [Attacker] Label flip: 14 samples class 4 \u2192 class 0
[2026-07-19 13:54:30,177] 39 root - INFO - [Attacker] Label flip: 9 samples class 4 \u2192 class 0
[2026-07-19 13:54:30,185] 39 root - INFO - [Attacker] Label flip: 8 samples class 4 \u2192 class 0
[2026-07-19 13:54:30,193] 39 root - INFO - [Attacker] Label flip: 12 samples class 4 \u2192 class 0
[2026-07-19 13:54:30,201] 39 root - INFO - [Attacker] Label flip: 13 samples class 4 \u2192 class 0
[2026-07-19 13:54:30,209] 39 root - INFO - [Attacker] Label flip: 19 samples class 4 \u2192 class 0
[2026-07-19 13:54:30,217] 39 root - INFO - [Attacker] Label flip: 13 samples class 4 \u2192 class 0
[2026-07-19 13:54:30,225] 39 root - INFO - [Attacker] Label flip: 6 samples class 4 \u2192 class 0
[2026-07-19 13:54:30,233] 39 root - INFO - [Attacker] Label flip: 12 samples class 4 \u2192 class 0
[2026-07-19 13:54:30,241] 39 root - INFO - [Attacker] Label flip: 21 samples class 4 \u2192 class 0
[2026-07-19 13:54:30,249] 39 root - INFO - [Attacker] Label flip: 12 samples class 4 \u2192 class 0
[2026-07-19 13:54:30,257] 39 root - INFO - [Attacker] Label flip: 8 samples class 4 \u2192 class 0
[2026-07-19 13:54:30,265] 39 root - INFO - [Attacker] Label flip: 9 samples class 4 \u2192 class 0
[2026-07-19 13:54:30,272] 39 root - INFO - [Attacker] Label flip: 10 samples class 4 \u2192 class 0
[2026-07-19 13:54:30,280] 39 root - INFO - [Attacker] Label flip: 12 samples class 4 \u2192 class 0
[2026-07-19 13:54:30,288] 39 root - INFO - [Attacker] Label flip: 17 samples class 4 \u2192 class 0
[2026-07-19 13:54:30,296] 39 root - INFO - [Attacker] Label flip: 19 samples class 4 \u2192 class 0
[2026-07-19 13:54:30,304] 39 root - INFO - [Attacker] Label flip: 13 samples class 4 \u2192 class 0
[2026-07-19 13:54:30,312] 39 root - INFO - [Attacker] Label flip: 13 samples class 4 \u2192 class 0
[2026-07-19 13:54:30,318] 39 root - INFO - [Attacker] Label flip: 13 samples class 4 \u2192 class 0
[2026-07-19 13:54:30,326] 39 root - INFO - [Attacker] Label flip: 17 samples class 4 \u2192 class 0
[2026-07-19 13:54:30,334] 39 root - INFO - [Attacker] Label flip: 13 samples class 4 \u2192 class 0
[2026-07-19 13:54:30,342] 39 root - INFO - [Attacker] Label flip: 11 samples class 4 \u2192 class 0
[2026-07-19 13:54:30,350] 39 root - INFO - [Attacker] Label flip: 5 samples class 4 \u2192 class 0
[2026-07-19 13:54:30,357] 39 root - INFO - [Attacker] Label flip: 16 samples class 4 \u2192 class 0
[2026-07-19 13:54:30,365] 39 root - INFO - [Attacker] Label flip: 18 samples class 4 \u2192 class 0
[2026-07-19 13:54:30,373] 39 root - INFO - [Attacker] Label flip: 11 samples class 4 \u2192 class 0
[2026-07-19 13:54:30,381] 39 root - INFO - [Attacker] Label flip: 17 samples class 4 \u2192 class 0
[2026-07-19 13:54:30,401] 39 root - INFO - [Attacker] Label flip: 14 samples class 4 \u2192 class 0
[2026-07-19 13:54:30,409] 39 root - INFO - [Attacker] Label flip: 9 samples class 4 \u2192 class 0
[2026-07-19 13:54:30,417] 39 root - INFO - [Attacker] Label flip: 17 samples class 4 \u2192 class 0
[2026-07-19 13:54:30,425] 39 root - INFO - [Attacker] Label flip: 10 samples class 4 \u2192 class 0
[2026-07-19 13:54:30,432] 39 root - INFO - [Attacker] Label flip: 13 samples class 4 \u2192 class 0
[2026-07-19 13:54:30,440] 39 root - INFO - [Attacker] Label flip: 13 samples class 4 \u2192 class 0
[2026-07-19 13:54:30,448] 39 root - INFO - [Attacker] Label flip: 10 samples class 4 \u2192 class 0
[2026-07-19 13:54:30,456] 39 root - INFO - [Attacker] Label flip: 14 samples class 4 \u2192 class 0
[2026-07-19 13:54:30,464] 39 root - INFO - [Attacker] Label flip: 9 samples class 4 \u2192 class 0
[2026-07-19 13:54:30,472] 39 root - INFO - [Attacker] Label flip: 17 samples class 4 \u2192 class 0
[2026-07-19 13:54:30,482] 39 root - INFO - [Attacker] Label flip: 13 samples class 4 \u2192 class 0
[2026-07-19 13:54:30,490] 39 root - INFO - [Attacker] Label flip: 11 samples class 4 \u2192 class 0
[2026-07-19 13:54:30,498] 39 root - INFO - [Attacker] Label flip: 9 samples class 4 \u2192 class 0
[2026-07-19 13:54:30,506] 39 root - INFO - [Attacker] Label flip: 12 samples class 4 \u2192 class 0
[2026-07-19 13:54:30,514] 39 root - INFO - [Attacker] Label flip: 23 samples class 4 \u2192 class 0
[2026-07-19 13:54:30,520] 39 root - INFO - [Attacker] Label flip: 10 samples class 4 \u2192 class 0
[2026-07-19 13:54:30,527] 39 root - INFO - [Attacker] Label flip: 7 samples class 4 \u2192 class 0
[2026-07-19 13:54:30,537] 39 root - INFO - [Attacker] Label flip: 17 samples class 4 \u2192 class 0
[2026-07-19 13:54:30,545] 39 root - INFO - [Attacker] Label flip: 9 samples class 4 \u2192 class 0
[2026-07-19 13:54:30,553] 39 root - INFO - [Attacker] Label flip: 14 samples class 4 \u2192 class 0
[2026-07-19 13:54:30,563] 39 root - INFO - [Attacker] Label flip: 12 samples class 4 \u2192 class 0
[2026-07-19 13:54:30,572] 39 root - INFO - [Attacker] Label flip: 17 samples class 4 \u2192 class 0
[2026-07-19 13:54:30,579] 39 root - INFO - [Attacker] Label flip: 11 samples class 4 \u2192 class 0
[2026-07-19 13:54:30,587] 39 root - INFO - [Attacker] Label flip: 12 samples class 4 \u2192 class 0
[2026-07-19 13:54:30,594] 39 root - INFO - [Attacker] Label flip: 12 samples class 4 \u2192 class 0
[2026-07-19 13:54:30,604] 39 root - INFO - [Attacker] Label flip: 14 samples class 4 \u2192 class 0
[2026-07-19 13:54:30,612] 39 root - INFO - [Attacker] Label flip: 9 samples class 4 \u2192 class 0
[2026-07-19 13:54:30,620] 39 root - INFO - [Attacker] Label flip: 17 samples class 4 \u2192 class 0
[2026-07-19 13:54:30,628] 39 root - INFO - [Attacker] Label flip: 12 samples class 4 \u2192 class 0
[2026-07-19 13:54:30,636] 39 root - INFO - [Attacker] Label flip: 9 samples class 4 \u2192 class 0
[2026-07-19 13:54:30,644] 39 root - INFO - [Attacker] Label flip: 11 samples class 4 \u2192 class 0
[2026-07-19 13:54:30,652] 39 root - INFO - [Attacker] Label flip: 8 samples class 4 \u2192 class 0
[2026-07-19 13:54:30,659] 39 root - INFO - [Attacker] Label flip: 12 samples class 4 \u2192 class 0
[2026-07-19 13:54:30,669] 39 root - INFO - [Attacker] Label flip: 10 samples class 4 \u2192 class 0
[2026-07-19 13:54:30,677] 39 root - INFO - [Attacker] Label flip: 5 samples class 4 \u2192 class 0
[2026-07-19 13:54:30,685] 39 root - INFO - [Attacker] Label flip: 14 samples class 4 \u2192 class 0
[2026-07-19 13:54:30,693] 39 root - INFO - [Attacker] Label flip: 13 samples class 4 \u2192 class 0
[2026-07-19 13:54:30,703] 39 root - INFO - [Attacker] Label flip: 19 samples class 4 \u2192 class 0
[2026-07-19 13:54:30,711] 39 root - INFO - [Attacker] Label flip: 6 samples class 4 \u2192 class 0
[2026-07-19 13:54:30,718] 39 root - INFO - [Attacker] Label flip: 14 samples class 4 \u2192 class 0
[2026-07-19 13:54:30,726] 39 root - INFO - [Attacker] Label flip: 17 samples class 4 \u2192 class 0
[2026-07-19 13:54:30,736] 39 root - INFO - [Attacker] Label flip: 13 samples class 4 \u2192 class 0
[2026-07-19 13:54:30,744] 39 root - INFO - [Attacker] Label flip: 13 samples class 4 \u2192 class 0
[2026-07-19 13:54:30,752] 39 root - INFO - [Attacker] Label flip: 8 samples class 4 \u2192 class 0
[2026-07-19 13:54:30,760] 39 root - INFO - [Attacker] Label flip: 13 samples class 4 \u2192 class 0
[2026-07-19 13:54:30,768] 39 root - INFO - [Attacker] Label flip: 16 samples class 4 \u2192 class 0
[2026-07-19 13:54:30,776] 39 root - INFO - [Attacker] Label flip: 13 samples class 4 \u2192 class 0
[2026-07-19 13:54:30,784] 39 root - INFO - [Attacker] Label flip: 12 samples class 4 \u2192 class 0
[2026-07-19 13:54:30,792] 39 root - INFO - [Attacker] Label flip: 12 samples class 4 \u2192 class 0
[2026-07-19 13:54:30,801] 39 root - INFO - [Attacker] Label flip: 14 samples class 4 \u2192 class 0
[2026-07-19 13:54:30,809] 39 root - INFO - [Attacker] Label flip: 8 samples class 4 \u2192 class 0
[2026-07-19 13:54:30,817] 39 root - INFO - [Attacker] Label flip: 4 samples class 4 \u2192 class 0
[2026-07-19 13:54:30,825] 39 root - INFO - [Attacker] Label flip: 18 samples class 4 \u2192 class 0
[2026-07-19 13:54:30,835] 39 root - INFO - [Attacker] Label flip: 12 samples class 4 \u2192 class 0
[2026-07-19 13:54:30,843] 39 root - INFO - [Attacker] Label flip: 20 samples class 4 \u2192 class 0
[2026-07-19 13:54:30,849] 39 root - INFO - [Attacker] Label flip: 13 samples class 4 \u2192 class 0
[2026-07-19 13:54:30,857] 39 root - INFO - [Attacker] Label flip: 14 samples class 4 \u2192 class 0
[2026-07-19 13:54:30,866] 39 root - INFO - [Attacker] Label flip: 13 samples class 4 \u2192 class 0
[2026-07-19 13:54:30,872] 39 root - INFO - [Attacker] Label flip: 9 samples class 4 \u2192 class 0
[2026-07-19 13:54:30,880] 39 root - INFO - [Attacker] Label flip: 13 samples class 4 \u2192 class 0
[2026-07-19 13:54:30,888] 39 root - INFO - [Attacker] Label flip: 13 samples class 4 \u2192 class 0
[2026-07-19 13:54:30,896] 39 root - INFO - [Attacker] Label flip: 12 samples class 4 \u2192 class 0
[2026-07-19 13:54:30,904] 39 root - INFO - [Attacker] Label flip: 14 samples class 4 \u2192 class 0
[2026-07-19 13:54:30,912] 39 root - INFO - [Attacker] Label flip: 15 samples class 4 \u2192 class 0
[2026-07-19 13:54:30,920] 39 root - INFO - [Attacker] Label flip: 18 samples class 4 \u2192 class 0
[2026-07-19 13:54:30,927] 39 root - INFO - [Attacker] Label flip: 10 samples class 4 \u2192 class 0
[2026-07-19 13:54:30,937] 39 root - INFO - [Attacker] Label flip: 13 samples class 4 \u2192 class 0
[2026-07-19 13:54:30,945] 39 root - INFO - [Attacker] Label flip: 9 samples class 4 \u2192 class 0
[2026-07-19 13:54:30,953] 39 root - INFO - [Attacker] Label flip: 10 samples class 4 \u2192 class 0
[2026-07-19 13:54:30,961] 39 root - INFO - [Attacker] Label flip: 11 samples class 4 \u2192 class 0
[2026-07-19 13:54:30,971] 39 root - INFO - [Attacker] Label flip: 9 samples class 4 \u2192 class 0
[2026-07-19 13:54:30,977] 39 root - INFO - [Attacker] Label flip: 9 samples class 4 \u2192 class 0
[2026-07-19 13:54:30,985] 39 root - INFO - [Attacker] Label flip: 17 samples class 4 \u2192 class 0
[2026-07-19 13:54:30,993] 39 root - INFO - [Attacker] Label flip: 12 samples class 4 \u2192 class 0
[2026-07-19 13:54:31,000] 39 root - INFO - [Attacker] Label flip: 7 samples class 4 \u2192 class 0
[2026-07-19 13:54:31,008] 39 root - INFO - [Attacker] Label flip: 7 samples class 4 \u2192 class 0
[2026-07-19 13:54:31,016] 39 root - INFO - [Attacker] Label flip: 12 samples class 4 \u2192 class 0
[2026-07-19 13:54:31,024] 39 root - INFO - [Attacker] Label flip: 20 samples class 4 \u2192 class 0
[2026-07-19 13:54:31,034] 39 root - INFO - [Attacker] Label flip: 12 samples class 4 \u2192 class 0
[2026-07-19 13:54:31,042] 39 root - INFO - [Attacker] Label flip: 20 samples class 4 \u2192 class 0
[2026-07-19 13:54:31,050] 39 root - INFO - [Attacker] Label flip: 11 samples class 4 \u2192 class 0
[2026-07-19 13:54:31,058] 39 root - INFO - [Attacker] Label flip: 14 samples class 4 \u2192 class 0
[2026-07-19 13:54:31,065] 39 root - INFO - [Attacker] Label flip: 15 samples class 4 \u2192 class 0
[2026-07-19 13:54:31,074] 39 root - INFO - [Attacker] Label flip: 8 samples class 4 \u2192 class 0
[2026-07-19 13:54:31,081] 39 root - INFO - [Attacker] Label flip: 15 samples class 4 \u2192 class 0
[2026-07-19 13:54:31,089] 39 root - INFO - [Attacker] Label flip: 11 samples class 4 \u2192 class 0
[2026-07-19 13:54:31,101] 39 root - INFO - [Attacker] Label flip: 17 samples class 4 \u2192 class 0
[2026-07-19 13:54:31,108] 39 root - INFO - [Attacker] Label flip: 20 samples class 4 \u2192 class 0
[2026-07-19 13:54:31,114] 39 root - INFO - [Attacker] Label flip: 10 samples class 4 \u2192 class 0
[2026-07-19 13:54:31,124] 39 root - INFO - [Attacker] Label flip: 17 samples class 4 \u2192 class 0
[2026-07-19 13:54:31,132] 39 root - INFO - [Attacker] Label flip: 11 samples class 4 \u2192 class 0
[2026-07-19 13:54:31,140] 39 root - INFO - [Attacker] Label flip: 14 samples class 4 \u2192 class 0
[2026-07-19 13:54:31,148] 39 root - INFO - [Attacker] Label flip: 12 samples class 4 \u2192 class 0
[2026-07-19 13:54:31,156] 39 root - INFO - [Attacker] Label flip: 13 samples class 4 \u2192 class 0
[2026-07-19 13:54:31,164] 39 root - INFO - [Attacker] Label flip: 12 samples class 4 \u2192 class 0
[2026-07-19 13:54:31,172] 39 root - INFO - [Attacker] Label flip: 17 samples class 4 \u2192 class 0
[2026-07-19 13:54:31,180] 39 root - INFO - [Attacker] Label flip: 15 samples class 4 \u2192 class 0
[2026-07-19 13:54:31,187] 39 root - INFO - [Attacker] Label flip: 14 samples class 4 \u2192 class 0
[2026-07-19 13:54:31,197] 39 root - INFO - [Attacker] Label flip: 12 samples class 4 \u2192 class 0
[2026-07-19 13:54:31,205] 39 root - INFO - [Attacker] Label flip: 9 samples class 4 \u2192 class 0
[2026-07-19 13:54:31,213] 39 root - INFO - [Attacker] Label flip: 16 samples class 4 \u2192 class 0
[2026-07-19 13:54:31,221] 39 root - INFO - [Attacker] Label flip: 15 samples class 4 \u2192 class 0
[2026-07-19 13:54:31,233] 39 root - INFO - [Attacker] Label flip: 15 samples class 4 \u2192 class 0
[2026-07-19 13:54:31,239] 39 root - INFO - [Attacker] Label flip: 13 samples class 4 \u2192 class 0
[2026-07-19 13:54:31,249] 39 root - INFO - [Attacker] Label flip: 15 samples class 4 \u2192 class 0
[2026-07-19 13:54:31,257] 39 root - INFO - [Attacker] Label flip: 11 samples class 4 \u2192 class 0
[2026-07-19 13:54:31,265] 39 root - INFO - [Attacker] Label flip: 10 samples class 4 \u2192 class 0
[2026-07-19 13:54:31,273] 39 root - INFO - [Attacker] Label flip: 10 samples class 4 \u2192 class 0
[2026-07-19 13:54:31,283] 39 root - INFO - [Attacker] Label flip: 18 samples class 4 \u2192 class 0
[2026-07-19 13:54:31,294] 39 root - INFO - [Attacker] Label flip: 14 samples class 4 \u2192 class 0
[2026-07-19 13:54:31,300] 39 root - INFO - [Attacker] Label flip: 14 samples class 4 \u2192 class 0
[2026-07-19 13:54:31,314] 39 root - INFO - [Attacker] Label flip: 6 samples class 4 \u2192 class 0
[2026-07-19 13:54:31,322] 39 root - INFO - [Attacker] Label flip: 9 samples class 4 \u2192 class 0
[2026-07-19 13:54:31,330] 39 root - INFO - [Attacker] Label flip: 11 samples class 4 \u2192 class 0
[2026-07-19 13:54:31,338] 39 root - INFO - [Attacker] Label flip: 14 samples class 4 \u2192 class 0
[2026-07-19 13:54:31,348] 39 root - INFO - [Attacker] Label flip: 15 samples class 4 \u2192 class 0
[2026-07-19 13:54:31,356] 39 root - INFO - [Attacker] Label flip: 18 samples class 4 \u2192 class 0
[2026-07-19 13:54:31,362] 39 root - INFO - [Attacker] Label flip: 11 samples class 4 \u2192 class 0
[2026-07-19 13:54:31,370] 39 root - INFO - [Attacker] Label flip: 10 samples class 4 \u2192 class 0
[2026-07-19 13:54:31,379] 39 root - INFO - [Attacker] Label flip: 13 samples class 4 \u2192 class 0
[2026-07-19 13:54:31,387] 39 root - INFO - [Attacker] Label flip: 11 samples class 4 \u2192 class 0
[2026-07-19 13:54:31,395] 39 root - INFO - [Attacker] Label flip: 13 samples class 4 \u2192 class 0
[2026-07-19 13:54:31,403] 39 root - INFO - [Attacker] Label flip: 18 samples class 4 \u2192 class 0
[2026-07-19 13:54:31,413] 39 root - INFO - [Attacker] Label flip: 12 samples class 4 \u2192 class 0
[2026-07-19 13:54:31,421] 39 root - INFO - [Attacker] Label flip: 15 samples class 4 \u2192 class 0
[2026-07-19 13:54:31,427] 39 root - INFO - [Attacker] Label flip: 12 samples class 4 \u2192 class 0
[2026-07-19 13:54:31,437] 39 root - INFO - [Attacker] Label flip: 18 samples class 4 \u2192 class 0
[2026-07-19 13:54:31,445] 39 root - INFO - [Attacker] Label flip: 10 samples class 4 \u2192 class 0
[2026-07-19 13:54:31,452] 39 root - INFO - [Attacker] Label flip: 13 samples class 4 \u2192 class 0
[2026-07-19 13:54:31,461] 39 root - INFO - [Attacker] Label flip: 12 samples class 4 \u2192 class 0
[2026-07-19 13:54:31,470] 39 root - INFO - [Attacker] Label flip: 13 samples class 4 \u2192 class 0
[2026-07-19 13:54:31,478] 39 root - INFO - [Attacker] Label flip: 6 samples class 4 \u2192 class 0
[2026-07-19 13:54:31,486] 39 root - INFO - [Attacker] Label flip: 12 samples class 4 \u2192 class 0
[2026-07-19 13:54:31,494] 39 root - INFO - [Attacker] Label flip: 14 samples class 4 \u2192 class 0
[2026-07-19 13:54:31,501] 39 root - INFO - [Attacker] Label flip: 15 samples class 4 \u2192 class 0
[2026-07-19 13:54:31,511] 39 root - INFO - [Attacker] Label flip: 15 samples class 4 \u2192 class 0
[2026-07-19 13:54:31,517] 39 root - INFO - [Attacker] Label flip: 9 samples class 4 \u2192 class 0
[2026-07-19 13:54:31,526] 39 root - INFO - [Attacker] Label flip: 12 samples class 4 \u2192 class 0
[2026-07-19 13:54:31,533] 39 root - INFO - [Attacker] Label flip: 10 samples class 4 \u2192 class 0
[2026-07-19 13:54:31,543] 39 root - INFO - [Attacker] Label flip: 9 samples class 4 \u2192 class 0
[2026-07-19 13:54:31,553] 39 root - INFO - [Attacker] Label flip: 4 samples class 4 \u2192 class 0
[2026-07-19 13:54:31,563] 39 root - INFO - [Attacker] Label flip: 8 samples class 4 \u2192 class 0
[2026-07-19 13:54:31,571] 39 root - INFO - [Attacker] Label flip: 13 samples class 4 \u2192 class 0
[2026-07-19 13:54:31,579] 39 root - INFO - [Attacker] Label flip: 9 samples class 4 \u2192 class 0
[2026-07-19 13:54:31,587] 39 root - INFO - [Attacker] Label flip: 10 samples class 4 \u2192 class 0
[2026-07-19 13:54:31,595] 39 root - INFO - [Attacker] Label flip: 8 samples class 4 \u2192 class 0
[2026-07-19 13:54:31,603] 39 root - INFO - [Attacker] Label flip: 13 samples class 4 \u2192 class 0
[2026-07-19 13:54:31,611] 39 root - INFO - [Attacker] Label flip: 14 samples class 4 \u2192 class 0
[2026-07-19 13:54:31,619] 39 root - INFO - [Attacker] Label flip: 17 samples class 4 \u2192 class 0
[2026-07-19 13:54:31,627] 39 root - INFO - [Attacker] Label flip: 7 samples class 4 \u2192 class 0
[2026-07-19 13:54:31,635] 39 root - INFO - [Attacker] Label flip: 12 samples class 4 \u2192 class 0
[2026-07-19 13:54:31,641] 39 root - INFO - [Attacker] Label flip: 18 samples class 4 \u2192 class 0
[2026-07-19 13:54:31,649] 39 root - INFO - [Attacker] Label flip: 8 samples class 4 \u2192 class 0
[2026-07-19 13:54:31,658] 39 root - INFO - [Attacker] Label flip: 11 samples class 4 \u2192 class 0
[2026-07-19 13:54:31,665] 39 root - INFO - [Attacker] Label flip: 15 samples class 4 \u2192 class 0
[2026-07-19 13:54:31,673] 39 root - INFO - [Attacker] Label flip: 16 samples class 4 \u2192 class 0
[2026-07-19 13:54:31,683] 39 root - INFO - [Attacker] Label flip: 12 samples class 4 \u2192 class 0
[2026-07-19 13:54:31,689] 39 root - INFO - [Attacker] Label flip: 13 samples class 4 \u2192 class 0
[2026-07-19 13:54:31,697] 39 root - INFO - [Attacker] Label flip: 15 samples class 4 \u2192 class 0
[2026-07-19 13:54:31,705] 39 root - INFO - [Attacker] Label flip: 9 samples class 4 \u2192 class 0
[2026-07-19 13:54:31,719] 39 root - INFO - [Attacker] Label flip: 14 samples class 4 \u2192 class 0
[2026-07-19 13:54:31,727] 39 root - INFO - [Attacker] Label flip: 10 samples class 4 \u2192 class 0
[2026-07-19 13:54:31,734] 39 root - INFO - [Attacker] Label flip: 14 samples class 4 \u2192 class 0
[2026-07-19 13:54:31,740] 39 root - INFO - [Attacker] Label flip: 10 samples class 4 \u2192 class 0
[2026-07-19 13:54:31,760] 39 root - INFO - [Attacker] Label flip: 12 samples class 4 \u2192 class 0
[2026-07-19 13:54:31,768] 39 root - INFO - [Attacker] Label flip: 6 samples class 4 \u2192 class 0
[2026-07-19 13:54:31,774] 39 root - INFO - [Attacker] Label flip: 15 samples class 4 \u2192 class 0
[2026-07-19 13:54:31,781] 39 root - INFO - [Attacker] Label flip: 17 samples class 4 \u2192 class 0
[2026-07-19 13:54:31,804] 39 root - INFO - [Attacker] Label flip: 12 samples class 4 \u2192 class 0
[2026-07-19 13:54:31,811] 39 root - INFO - [Attacker] Label flip: 15 samples class 4 \u2192 class 0
[2026-07-19 13:54:31,819] 39 root - INFO - [Attacker] Label flip: 13 samples class 4 \u2192 class 0
[2026-07-19 13:54:31,826] 39 root - INFO - [Attacker] Label flip: 8 samples class 4 \u2192 class 0
[2026-07-19 13:54:31,846] 39 root - INFO - [Attacker] Label flip: 16 samples class 4 \u2192 class 0
[2026-07-19 13:54:31,854] 39 root - INFO - [Attacker] Label flip: 15 samples class 4 \u2192 class 0
[2026-07-19 13:54:31,862] 39 root - INFO - [Attacker] Label flip: 15 samples class 4 \u2192 class 0
[2026-07-19 13:54:31,870] 39 root - INFO - [Attacker] Label flip: 13 samples class 4 \u2192 class 0
[2026-07-19 13:54:31,878] 39 root - INFO - [Attacker] Label flip: 11 samples class 4 \u2192 class 0
[2026-07-19 13:54:31,896] 39 root - INFO - [Attacker] Label flip: 10 samples class 4 \u2192 class 0
[2026-07-19 13:54:31,902] 39 root - INFO - [Attacker] Label flip: 8 samples class 4 \u2192 class 0
[2026-07-19 13:54:31,909] 39 root - INFO - [Attacker] Label flip: 13 samples class 4 \u2192 class 0
[2026-07-19 13:54:31,918] 39 root - INFO - [Attacker] Label flip: 12 samples class 4 \u2192 class 0
[2026-07-19 13:54:31,927] 39 root - INFO - [Attacker] Label flip: 17 samples class 4 \u2192 class 0
[2026-07-19 13:54:31,935] 39 root - INFO - [Attacker] Label flip: 9 samples class 4 \u2192 class 0
[2026-07-19 13:54:31,941] 39 root - INFO - [Attacker] Label flip: 15 samples class 4 \u2192 class 0
[2026-07-19 13:54:31,949] 39 root - INFO - [Attacker] Label flip: 13 samples class 4 \u2192 class 0
[2026-07-19 13:54:31,961] 39 root - INFO - [Attacker] Label flip: 22 samples class 4 \u2192 class 0
[2026-07-19 13:54:31,968] 39 root - INFO - [Attacker] Label flip: 20 samples class 4 \u2192 class 0
[2026-07-19 13:54:31,976] 39 root - INFO - [Attacker] Label flip: 7 samples class 4 \u2192 class 0
[2026-07-19 13:54:31,984] 39 root - INFO - [Attacker] Label flip: 14 samples class 4 \u2192 class 0
[2026-07-19 13:54:31,992] 39 root - INFO - [Attacker] Label flip: 11 samples class 4 \u2192 class 0
[2026-07-19 13:54:32,000] 39 root - INFO - [Attacker] Label flip: 13 samples class 4 \u2192 class 0
[2026-07-19 13:54:32,008] 39 root - INFO - [Attacker] Label flip: 14 samples class 4 \u2192 class 0
[2026-07-19 13:54:32,014] 39 root - INFO - [Attacker] Label flip: 21 samples class 4 \u2192 class 0
[2026-07-19 13:54:32,022] 39 root - INFO - [Attacker] Label flip: 12 samples class 4 \u2192 class 0
[2026-07-19 13:54:32,032] 39 root - INFO - [Attacker] Label flip: 18 samples class 4 \u2192 class 0
[2026-07-19 13:54:32,040] 39 root - INFO - [Attacker] Label flip: 14 samples class 4 \u2192 class 0
[2026-07-19 13:54:32,047] 39 root - INFO - [Attacker] Label flip: 17 samples class 4 \u2192 class 0
[2026-07-19 13:54:32,054] 39 root - INFO - [Attacker] Label flip: 13 samples class 4 \u2192 class 0
[2026-07-19 13:54:32,063] 39 root - INFO - [Attacker] Label flip: 15 samples class 4 \u2192 class 0
[2026-07-19 13:54:32,071] 39 root - INFO - [Attacker] Label flip: 6 samples class 4 \u2192 class 0
[2026-07-19 13:54:32,077] 39 root - INFO - [Attacker] Label flip: 9 samples class 4 \u2192 class 0
[2026-07-19 13:54:32,085] 39 root - INFO - [Attacker] Label flip: 17 samples class 4 \u2192 class 0
[2026-07-19 13:54:32,095] 39 root - INFO - [Attacker] Label flip: 8 samples class 4 \u2192 class 0
[2026-07-19 13:54:32,103] 39 root - INFO - [Attacker] Label flip: 8 samples class 4 \u2192 class 0
[2026-07-19 13:54:32,111] 39 root - INFO - [Attacker] Label flip: 12 samples class 4 \u2192 class 0
[2026-07-19 13:54:32,119] 39 root - INFO - [Attacker] Label flip: 13 samples class 4 \u2192 class 0
[2026-07-19 13:54:32,127] 39 root - INFO - [Attacker] Label flip: 12 samples class 4 \u2192 class 0
[2026-07-19 13:54:32,137] 39 root - INFO - [Attacker] Label flip: 11 samples class 4 \u2192 class 0
[2026-07-19 13:54:32,144] 39 root - INFO - [Attacker] Label flip: 10 samples class 4 \u2192 class 0
[2026-07-19 13:54:32,153] 39 root - INFO - [Attacker] Label flip: 8 samples class 4 \u2192 class 0
[2026-07-19 13:54:32,160] 39 root - INFO - [Attacker] Label flip: 11 samples class 4 \u2192 class 0
[2026-07-19 13:54:32,168] 39 root - INFO - [Attacker] Label flip: 16 samples class 4 \u2192 class 0
[2026-07-19 13:54:32,176] 39 root - INFO - [Attacker] Label flip: 16 samples class 4 \u2192 class 0
[2026-07-19 13:54:32,184] 39 root - INFO - [Attacker] Label flip: 15 samples class 4 \u2192 class 0
[2026-07-19 13:54:32,192] 39 root - INFO - [Attacker] Label flip: 9 samples class 4 \u2192 class 0
[2026-07-19 13:54:32,200] 39 root - INFO - [Attacker] Label flip: 15 samples class 4 \u2192 class 0
[2026-07-19 13:54:32,207] 39 root - INFO - [Attacker] Label flip: 12 samples class 4 \u2192 class 0
[2026-07-19 13:54:32,213] 39 root - INFO - [Attacker] Label flip: 17 samples class 4 \u2192 class 0
[2026-07-19 13:54:32,221] 39 root - INFO - [Attacker] Label flip: 8 samples class 4 \u2192 class 0
[2026-07-19 13:54:32,231] 39 root - INFO - [Attacker] Label flip: 7 samples class 4 \u2192 class 0
[2026-07-19 13:54:32,239] 39 root - INFO - [Attacker] Label flip: 16 samples class 4 \u2192 class 0
[2026-07-19 13:54:32,247] 39 root - INFO - [Attacker] Label flip: 7 samples class 4 \u2192 class 0
[2026-07-19 13:54:32,255] 39 root - INFO - [Attacker] Label flip: 10 samples class 4 \u2192 class 0
[2026-07-19 13:54:32,263] 39 root - INFO - [Attacker] Label flip: 15 samples class 4 \u2192 class 0
[2026-07-19 13:54:32,271] 39 root - INFO - [Attacker] Label flip: 10 samples class 4 \u2192 class 0
[2026-07-19 13:54:32,279] 39 root - INFO - [Attacker] Label flip: 14 samples class 4 \u2192 class 0
[2026-07-19 13:54:32,286] 39 root - INFO - [Attacker] Label flip: 8 samples class 4 \u2192 class 0
[2026-07-19 13:54:32,294] 39 root - INFO - [Attacker] Label flip: 12 samples class 4 \u2192 class 0
[2026-07-19 13:54:32,302] 39 root - INFO - [Attacker] Label flip: 15 samples class 4 \u2192 class 0
[2026-07-19 13:54:32,310] 39 root - INFO - [Attacker] Label flip: 13 samples class 4 \u2192 class 0
[2026-07-19 13:54:32,318] 39 root - INFO - [Attacker] Label flip: 14 samples class 4 \u2192 class 0
[2026-07-19 13:54:32,324] 39 root - INFO - [Attacker] Label flip: 14 samples class 4 \u2192 class 0
[2026-07-19 13:54:32,333] 39 root - INFO - [Attacker] Label flip: 10 samples class 4 \u2192 class 0
[2026-07-19 13:54:32,339] 39 root - INFO - [Attacker] Label flip: 13 samples class 4 \u2192 class 0
[2026-07-19 13:54:32,347] 39 root - INFO - [Attacker] Label flip: 12 samples class 4 \u2192 class 0
[2026-07-19 13:54:32,355] 39 root - INFO - [Attacker] Label flip: 12 samples class 4 \u2192 class 0
[2026-07-19 13:54:32,365] 39 root - INFO - [Attacker] Label flip: 13 samples class 4 \u2192 class 0
[2026-07-19 13:54:32,371] 39 root - INFO - [Attacker] Label flip: 11 samples class 4 \u2192 class 0
[2026-07-19 13:54:32,379] 39 root - INFO - [Attacker] Label flip: 22 samples class 4 \u2192 class 0
[2026-07-19 13:54:32,387] 39 root - INFO - [Attacker] Label flip: 8 samples class 4 \u2192 class 0
[2026-07-19 13:54:32,395] 39 root - INFO - [Attacker] Label flip: 11 samples class 4 \u2192 class 0
[2026-07-19 13:54:32,401] 39 root - INFO - [Attacker] Label flip: 10 samples class 4 \u2192 class 0
[2026-07-19 13:54:32,409] 39 root - INFO - [Attacker] Label flip: 16 samples class 4 \u2192 class 0
[2026-07-19 13:54:32,416] 39 root - INFO - [Attacker] Label flip: 11 samples class 4 \u2192 class 0
[2026-07-19 13:54:32,424] 39 root - INFO - [Attacker] Label flip: 12 samples class 4 \u2192 class 0
[2026-07-19 13:54:32,432] 39 root - INFO - [Attacker] Label flip: 15 samples class 4 \u2192 class 0
[2026-07-19 13:54:32,440] 39 root - INFO - [Attacker] Label flip: 12 samples class 4 \u2192 class 0
[2026-07-19 13:54:32,448] 39 root - INFO - [Attacker] Label flip: 18 samples class 4 \u2192 class 0
[2026-07-19 13:54:32,454] 39 root - INFO - [Attacker] Label flip: 15 samples class 4 \u2192 class 0
[2026-07-19 13:54:32,464] 39 root - INFO - [Attacker] Label flip: 14 samples class 4 \u2192 class 0
[2026-07-19 13:54:32,472] 39 root - INFO - [Attacker] Label flip: 14 samples class 4 \u2192 class 0
[2026-07-19 13:54:32,479] 39 root - INFO - [Attacker] Label flip: 15 samples class 4 \u2192 class 0
[2026-07-19 13:54:32,487] 39 root - INFO - [Attacker] Label flip: 9 samples class 4 \u2192 class 0
[2026-07-19 13:54:32,495] 39 root - INFO - [Attacker] Label flip: 23 samples class 4 \u2192 class 0
[2026-07-19 13:54:32,503] 39 root - INFO - [Attacker] Label flip: 9 samples class 4 \u2192 class 0
[2026-07-19 13:54:32,511] 39 root - INFO - [Attacker] Label flip: 7 samples class 4 \u2192 class 0
[2026-07-19 13:54:32,519] 39 root - INFO - [Attacker] Label flip: 17 samples class 4 \u2192 class 0
[2026-07-19 13:54:32,527] 39 root - INFO - [Attacker] Label flip: 11 samples class 4 \u2192 class 0
[2026-07-19 13:54:32,535] 39 root - INFO - [Attacker] Label flip: 17 samples class 4 \u2192 class 0
[2026-07-19 13:54:32,543] 39 root - INFO - [Attacker] Label flip: 12 samples class 4 \u2192 class 0
[2026-07-19 13:54:32,550] 39 root - INFO - [Attacker] Label flip: 16 samples class 4 \u2192 class 0
[2026-07-19 13:54:32,556] 39 root - INFO - [Attacker] Label flip: 14 samples class 4 \u2192 class 0
[2026-07-19 13:54:32,564] 39 root - INFO - [Attacker] Label flip: 11 samples class 4 \u2192 class 0
[2026-07-19 13:54:32,572] 39 root - INFO - [Attacker] Label flip: 19 samples class 4 \u2192 class 0
[2026-07-19 13:54:32,580] 39 root - INFO - [Attacker] Label flip: 14 samples class 4 \u2192 class 0
[2026-07-19 13:54:32,588] 39 root - INFO - [Attacker] Label flip: 17 samples class 4 \u2192 class 0
[2026-07-19 13:54:32,596] 39 root - INFO - [Attacker] Label flip: 10 samples class 4 \u2192 class 0
[2026-07-19 13:54:32,604] 39 root - INFO - [Attacker] Label flip: 14 samples class 4 \u2192 class 0
[2026-07-19 13:54:32,612] 39 root - INFO - [Attacker] Label flip: 11 samples class 4 \u2192 class 0
[2026-07-19 13:54:32,619] 39 root - INFO - [Attacker] Label flip: 10 samples class 4 \u2192 class 0
[2026-07-19 13:54:32,627] 39 root - INFO - [Attacker] Label flip: 13 samples class 4 \u2192 class 0
[2026-07-19 13:54:32,635] 39 root - INFO - [Attacker] Label flip: 14 samples class 4 \u2192 class 0
[2026-07-19 13:54:32,641] 39 root - INFO - [Attacker] Label flip: 11 samples class 4 \u2192 class 0
[2026-07-19 13:54:32,650] 39 root - INFO - [Attacker] Label flip: 15 samples class 4 \u2192 class 0
[2026-07-19 13:54:32,659] 39 root - INFO - [Attacker] Label flip: 10 samples class 4 \u2192 class 0
[2026-07-19 13:54:32,667] 39 root - INFO - [Attacker] Label flip: 8 samples class 4 \u2192 class 0
[2026-07-19 13:54:32,675] 39 root - INFO - [Attacker] Label flip: 14 samples class 4 \u2192 class 0
[2026-07-19 13:54:32,682] 39 root - INFO - [Attacker] Label flip: 14 samples class 4 \u2192 class 0
[2026-07-19 13:54:32,690] 39 root - INFO - [Attacker] Label flip: 12 samples class 4 \u2192 class 0
[2026-07-19 13:54:32,698] 39 root - INFO - [Attacker] Label flip: 6 samples class 4 \u2192 class 0
[2026-07-19 13:54:32,706] 39 root - INFO - [Attacker] Label flip: 6 samples class 4 \u2192 class 0
[2026-07-19 13:54:32,714] 39 root - INFO - [Attacker] Label flip: 11 samples class 4 \u2192 class 0
[2026-07-19 13:54:32,721] 39 root - INFO - [Attacker] Label flip: 11 samples class 4 \u2192 class 0
[2026-07-19 13:54:32,729] 39 root - INFO - [Attacker] Label flip: 12 samples class 4 \u2192 class 0
[2026-07-19 13:54:32,737] 39 root - INFO - [Attacker] Label flip: 10 samples class 4 \u2192 class 0
[2026-07-19 13:54:32,745] 39 root - INFO - [Attacker] Label flip: 9 samples class 4 \u2192 class 0
[2026-07-19 13:54:32,753] 39 root - INFO - [Attacker] Label flip: 8 samples class 4 \u2192 class 0
[2026-07-19 13:54:32,761] 39 root - INFO - [Attacker] Label flip: 23 samples class 4 \u2192 class 0
[2026-07-19 13:54:32,769] 39 root - INFO - [Attacker] Label flip: 13 samples class 4 \u2192 class 0
[2026-07-19 13:54:32,777] 39 root - INFO - [Attacker] Label flip: 12 samples class 4 \u2192 class 0
[2026-07-19 13:54:32,785] 39 root - INFO - [Attacker] Label flip: 17 samples class 4 \u2192 class 0
[2026-07-19 13:54:32,795] 39 root - INFO - [Attacker] Label flip: 11 samples class 4 \u2192 class 0
[2026-07-19 13:54:32,802] 39 root - INFO - [Attacker] Label flip: 11 samples class 4 \u2192 class 0
[2026-07-19 13:54:32,808] 39 root - INFO - [Attacker] Label flip: 18 samples class 4 \u2192 class 0
[2026-07-19 13:54:32,816] 39 root - INFO - [Attacker] Label flip: 10 samples class 4 \u2192 class 0
[2026-07-19 13:54:32,824] 39 root - INFO - [Attacker] Label flip: 8 samples class 4 \u2192 class 0
[2026-07-19 13:54:32,832] 39 root - INFO - [Attacker] Label flip: 13 samples class 4 \u2192 class 0
[2026-07-19 13:54:32,840] 39 root - INFO - [Attacker] Label flip: 9 samples class 4 \u2192 class 0
[2026-07-19 13:54:32,850] 39 root - INFO - [Attacker] Label flip: 14 samples class 4 \u2192 class 0
[2026-07-19 13:54:32,858] 39 root - INFO - [Attacker] Label flip: 18 samples class 4 \u2192 class 0
[2026-07-19 13:54:32,865] 39 root - INFO - [Attacker] Label flip: 19 samples class 4 \u2192 class 0
[2026-07-19 13:54:32,873] 39 root - INFO - [Attacker] Label flip: 9 samples class 4 \u2192 class 0
[2026-07-19 13:54:32,879] 39 root - INFO - [Attacker] Label flip: 15 samples class 4 \u2192 class 0
[2026-07-19 13:54:32,888] 39 root - INFO - [Attacker] Label flip: 18 samples class 4 \u2192 class 0
[2026-07-19 13:54:32,895] 39 root - INFO - [Attacker] Label flip: 18 samples class 4 \u2192 class 0
[2026-07-19 13:54:32,903] 39 root - INFO - [Attacker] Label flip: 12 samples class 4 \u2192 class 0
[2026-07-19 13:54:32,911] 39 root - INFO - [Attacker] Label flip: 13 samples class 4 \u2192 class 0
[2026-07-19 13:54:32,919] 39 root - INFO - [Attacker] Label flip: 10 samples class 4 \u2192 class 0
[2026-07-19 13:54:32,927] 39 root - INFO - [Attacker] Label flip: 14 samples class 4 \u2192 class 0
[2026-07-19 13:54:32,935] 39 root - INFO - [Attacker] Label flip: 17 samples class 4 \u2192 class 0
[2026-07-19 13:54:32,943] 39 root - INFO - [Attacker] Label flip: 9 samples class 4 \u2192 class 0
[2026-07-19 13:54:32,950] 39 root - INFO - [Attacker] Label flip: 14 samples class 4 \u2192 class 0
[2026-07-19 13:54:32,958] 39 root - INFO - [Attacker] Label flip: 11 samples class 4 \u2192 class 0
[2026-07-19 13:54:32,968] 39 root - INFO - [Attacker] Label flip: 10 samples class 4 \u2192 class 0
[2026-07-19 13:54:32,976] 39 root - INFO - [Attacker] Label flip: 10 samples class 4 \u2192 class 0
[2026-07-19 13:54:32,982] 39 root - INFO - [Attacker] Label flip: 13 samples class 4 \u2192 class 0
[2026-07-19 13:54:32,992] 39 root - INFO - [Attacker] Label flip: 13 samples class 4 \u2192 class 0
[2026-07-19 13:54:33,001] 39 root - INFO - [Attacker] Label flip: 11 samples class 4 \u2192 class 0
[2026-07-19 13:54:33,007] 39 root - INFO - [Attacker] Label flip: 8 samples class 4 \u2192 class 0
[2026-07-19 13:54:33,015] 39 root - INFO - [Attacker] Label flip: 7 samples class 4 \u2192 class 0
[2026-07-19 13:54:33,023] 39 root - INFO - [Attacker] Label flip: 13 samples class 4 \u2192 class 0
[2026-07-19 13:54:33,034] 39 root - INFO - [Attacker] Label flip: 10 samples class 4 \u2192 class 0
[2026-07-19 13:54:33,042] 39 root - INFO - [Attacker] Label flip: 11 samples class 4 \u2192 class 0
[2026-07-19 13:54:33,050] 39 root - INFO - [Attacker] Label flip: 11 samples class 4 \u2192 class 0
[2026-07-19 13:54:33,056] 39 root - INFO - [Attacker] Label flip: 18 samples class 4 \u2192 class 0
[2026-07-19 13:54:33,064] 39 root - INFO - [Attacker] Label flip: 10 samples class 4 \u2192 class 0
[2026-07-19 13:54:33,072] 39 root - INFO - [Attacker] Label flip: 17 samples class 4 \u2192 class 0
[2026-07-19 13:54:33,080] 39 root - INFO - [Attacker] Label flip: 6 samples class 4 \u2192 class 0
[2026-07-19 13:54:33,088] 39 root - INFO - [Attacker] Label flip: 14 samples class 4 \u2192 class 0
[2026-07-19 13:54:33,096] 39 root - INFO - [Attacker] Label flip: 21 samples class 4 \u2192 class 0
[2026-07-19 13:54:33,107] 39 root - INFO - [Attacker] Label flip: 11 samples class 4 \u2192 class 0
[2026-07-19 13:54:33,113] 39 root - INFO - [Attacker] Label flip: 8 samples class 4 \u2192 class 0
[2026-07-19 13:54:33,121] 39 root - INFO - [Attacker] Label flip: 14 samples class 4 \u2192 class 0
[2026-07-19 13:54:33,130] 39 root - INFO - [Attacker] Label flip: 16 samples class 4 \u2192 class 0
[2026-07-19 13:54:33,137] 39 root - INFO - [Attacker] Label flip: 13 samples class 4 \u2192 class 0
[2026-07-19 13:54:33,145] 39 root - INFO - [Attacker] Label flip: 15 samples class 4 \u2192 class 0
[2026-07-19 13:54:33,152] 39 root - INFO - [Attacker] Label flip: 15 samples class 4 \u2192 class 0
[2026-07-19 13:54:33,160] 39 root - INFO - [Attacker] Label flip: 12 samples class 4 \u2192 class 0
[2026-07-19 13:54:33,168] 39 root - INFO - [Attacker] Label flip: 3 samples class 4 \u2192 class 0
[2026-07-19 13:54:33,176] 39 root - INFO - [Attacker] Label flip: 10 samples class 4 \u2192 class 0
[2026-07-19 13:54:33,184] 39 root - INFO - [Attacker] Label flip: 9 samples class 4 \u2192 class 0
[2026-07-19 13:54:33,192] 39 root - INFO - [Attacker] Label flip: 15 samples class 4 \u2192 class 0
[2026-07-19 13:54:33,201] 39 root - INFO - [Attacker] Label flip: 14 samples class 4 \u2192 class 0
[2026-07-19 13:54:33,208] 39 root - INFO - [Attacker] Label flip: 11 samples class 4 \u2192 class 0
[2026-07-19 13:54:33,216] 39 root - INFO - [Attacker] Label flip: 21 samples class 4 \u2192 class 0
[2026-07-19 13:54:33,224] 39 root - INFO - [Attacker] Label flip: 7 samples class 4 \u2192 class 0
[2026-07-19 13:54:33,231] 39 root - INFO - [Attacker] Label flip: 12 samples class 4 \u2192 class 0
[2026-07-19 13:54:33,239] 39 root - INFO - [Attacker] Label flip: 10 samples class 4 \u2192 class 0
[2026-07-19 13:54:33,245] 39 root - INFO - [Attacker] Label flip: 14 samples class 4 \u2192 class 0
[2026-07-19 13:54:33,253] 39 root - INFO - [Attacker] Label flip: 20 samples class 4 \u2192 class 0
[2026-07-19 13:54:33,263] 39 root - INFO - [Attacker] Label flip: 15 samples class 4 \u2192 class 0
[2026-07-19 13:54:33,271] 39 root - INFO - [Attacker] Label flip: 15 samples class 4 \u2192 class 0
[2026-07-19 13:54:33,279] 39 root - INFO - [Attacker] Label flip: 20 samples class 4 \u2192 class 0
[2026-07-19 13:54:33,287] 39 root - INFO - [Attacker] Label flip: 10 samples class 4 \u2192 class 0
[2026-07-19 13:54:33,295] 39 root - INFO - [Attacker] Label flip: 17 samples class 4 \u2192 class 0
[2026-07-19 13:54:33,303] 39 root - INFO - [Attacker] Label flip: 11 samples class 4 \u2192 class 0
[2026-07-19 13:54:33,311] 39 root - INFO - [Attacker] Label flip: 15 samples class 4 \u2192 class 0
[2026-07-19 13:54:33,318] 39 root - INFO - [Attacker] Label flip: 13 samples class 4 \u2192 class 0
[2026-07-19 13:54:33,326] 39 root - INFO - [Attacker] Label flip: 13 samples class 4 \u2192 class 0
[2026-07-19 13:54:33,333] 39 root - INFO - [Attacker] Label flip: 8 samples class 4 \u2192 class 0
[2026-07-19 13:54:33,343] 39 root - INFO - [Attacker] Label flip: 14 samples class 4 \u2192 class 0
[2026-07-19 13:54:33,351] 39 root - INFO - [Attacker] Label flip: 14 samples class 4 \u2192 class 0
[2026-07-19 13:54:33,357] 39 root - INFO - [Attacker] Label flip: 10 samples class 4 \u2192 class 0
[2026-07-19 13:54:33,364] 39 root - INFO - [Attacker] Label flip: 7 samples class 4 \u2192 class 0
[2026-07-19 13:54:33,372] 39 root - INFO - [Attacker] Label flip: 10 samples class 4 \u2192 class 0
[2026-07-19 13:54:33,382] 39 root - INFO - [Attacker] Label flip: 9 samples class 4 \u2192 class 0
[2026-07-19 13:54:33,388] 39 root - INFO - [Attacker] Label flip: 10 samples class 4 \u2192 class 0
[2026-07-19 13:54:33,398] 39 root - INFO - [Attacker] Label flip: 15 samples class 4 \u2192 class 0
[2026-07-19 13:54:33,406] 39 root - INFO - [Attacker] Label flip: 13 samples class 4 \u2192 class 0
[2026-07-19 13:54:33,414] 39 root - INFO - [Attacker] Label flip: 20 samples class 4 \u2192 class 0
[2026-07-19 13:54:33,420] 39 root - INFO - [Attacker] Label flip: 17 samples class 4 \u2192 class 0
[2026-07-19 13:54:33,430] 39 root - INFO - [Attacker] Label flip: 8 samples class 4 \u2192 class 0
[2026-07-19 13:54:33,437] 39 root - INFO - [Attacker] Label flip: 9 samples class 4 \u2192 class 0
[2026-07-19 13:54:33,445] 39 root - INFO - [Attacker] Label flip: 14 samples class 4 \u2192 class 0
[2026-07-19 13:54:33,452] 39 root - INFO - [Attacker] Label flip: 21 samples class 4 \u2192 class 0
[2026-07-19 13:54:33,460] 39 root - INFO - [Attacker] Label flip: 15 samples class 4 \u2192 class 0
[2026-07-19 13:54:33,468] 39 root - INFO - [Attacker] Label flip: 17 samples class 4 \u2192 class 0
[2026-07-19 13:54:33,476] 39 root - INFO - [Attacker] Label flip: 15 samples class 4 \u2192 class 0
[2026-07-19 13:54:33,484] 39 root - INFO - [Attacker] Label flip: 9 samples class 4 \u2192 class 0
[2026-07-19 13:54:33,492] 39 root - INFO - [Attacker] Label flip: 18 samples class 4 \u2192 class 0
[2026-07-19 13:54:33,498] 39 root - INFO - [Attacker] Label flip: 7 samples class 4 \u2192 class 0
[2026-07-19 13:54:33,505] 39 root - INFO - [Attacker] Label flip: 9 samples class 4 \u2192 class 0
[2026-07-19 13:54:33,513] 39 root - INFO - [Attacker] Label flip: 23 samples class 4 \u2192 class 0
[2026-07-19 13:54:33,521] 39 root - INFO - [Attacker] Label flip: 12 samples class 4 \u2192 class 0
[2026-07-19 13:54:33,530] 39 root - INFO - [Attacker] Label flip: 9 samples class 4 \u2192 class 0
[2026-07-19 13:54:33,540] 39 root - INFO - [Attacker] Label flip: 8 samples class 4 \u2192 class 0
[2026-07-19 13:54:33,548] 39 root - INFO - [Attacker] Label flip: 9 samples class 4 \u2192 class 0
[2026-07-19 13:54:33,554] 39 root - INFO - [Attacker] Label flip: 11 samples class 4 \u2192 class 0
[2026-07-19 13:54:33,561] 39 root - INFO - [Attacker] Label flip: 15 samples class 4 \u2192 class 0
[2026-07-19 13:54:33,569] 39 root - INFO - [Attacker] Label flip: 17 samples class 4 \u2192 class 0
[2026-07-19 13:54:33,577] 39 root - INFO - [Attacker] Label flip: 15 samples class 4 \u2192 class 0
[2026-07-19 13:54:33,585] 39 root - INFO - [Attacker] Label flip: 13 samples class 4 \u2192 class 0
[2026-07-19 13:54:33,593] 39 root - INFO - [Attacker] Label flip: 10 samples class 4 \u2192 class 0
[2026-07-19 13:54:33,601] 39 root - INFO - [Attacker] Label flip: 10 samples class 4 \u2192 class 0
[2026-07-19 13:54:33,611] 39 root - INFO - [Attacker] Label flip: 15 samples class 4 \u2192 class 0
[2026-07-19 13:54:33,617] 39 root - INFO - [Attacker] Label flip: 13 samples class 4 \u2192 class 0
[2026-07-19 13:54:33,625] 39 root - INFO - [Attacker] Label flip: 15 samples class 4 \u2192 class 0
[2026-07-19 13:54:33,633] 39 root - INFO - [Attacker] Label flip: 15 samples class 4 \u2192 class 0
[2026-07-19 13:54:33,640] 39 root - INFO - [Attacker] Label flip: 11 samples class 4 \u2192 class 0
[2026-07-19 13:54:33,646] 39 root - INFO - [Attacker] Label flip: 11 samples class 4 \u2192 class 0
[2026-07-19 13:54:33,654] 39 root - INFO - [Attacker] Label flip: 11 samples class 4 \u2192 class 0
[2026-07-19 13:54:33,662] 39 root - INFO - [Attacker] Label flip: 11 samples class 4 \u2192 class 0
[2026-07-19 13:54:33,670] 39 root - INFO - [Attacker] Label flip: 18 samples class 4 \u2192 class 0
[2026-07-19 13:54:33,681] 39 root - INFO - [Attacker] Label flip: 13 samples class 4 \u2192 class 0
[2026-07-19 13:54:33,688] 39 root - INFO - [Attacker] Label flip: 12 samples class 4 \u2192 class 0
[2026-07-19 13:54:33,696] 39 root - INFO - [Attacker] Label flip: 16 samples class 4 \u2192 class 0
[2026-07-19 13:54:33,704] 39 root - INFO - [Attacker] Label flip: 13 samples class 4 \u2192 class 0
[2026-07-19 13:54:33,712] 39 root - INFO - [Attacker] Label flip: 13 samples class 4 \u2192 class 0
[2026-07-19 13:54:33,720] 39 root - INFO - [Attacker] Label flip: 11 samples class 4 \u2192 class 0
[2026-07-19 13:54:33,728] 39 root - INFO - [Attacker] Label flip: 10 samples class 4 \u2192 class 0
[2026-07-19 13:54:33,736] 39 root - INFO - [Attacker] Label flip: 16 samples class 4 \u2192 class 0
[2026-07-19 13:54:33,746] 39 root - INFO - [Attacker] Label flip: 10 samples class 4 \u2192 class 0
[2026-07-19 13:54:33,754] 39 root - INFO - [Attacker] Label flip: 13 samples class 4 \u2192 class 0
[2026-07-19 13:54:33,761] 39 root - INFO - [Attacker] Label flip: 13 samples class 4 \u2192 class 0
[2026-07-19 13:54:33,770] 39 root - INFO - [Attacker] Label flip: 20 samples class 4 \u2192 class 0
[2026-07-19 13:54:33,778] 39 root - INFO - [Attacker] Label flip: 11 samples class 4 \u2192 class 0
[2026-07-19 13:54:33,788] 39 root - INFO - [Attacker] Label flip: 9 samples class 4 \u2192 class 0
[2026-07-19 13:54:33,794] 39 root - INFO - [Attacker] Label flip: 20 samples class 4 \u2192 class 0
[2026-07-19 13:54:33,804] 39 root - INFO - [Attacker] Label flip: 11 samples class 4 \u2192 class 0
[2026-07-19 13:54:33,814] 39 root - INFO - [Attacker] Label flip: 10 samples class 4 \u2192 class 0
[2026-07-19 13:54:33,822] 39 root - INFO - [Attacker] Label flip: 15 samples class 4 \u2192 class 0
[2026-07-19 13:54:33,830] 39 root - INFO - [Attacker] Label flip: 14 samples class 4 \u2192 class 0
[2026-07-19 13:54:33,838] 39 root - INFO - [Attacker] Label flip: 9 samples class 4 \u2192 class 0
[2026-07-19 13:54:33,848] 39 root - INFO - [Attacker] Label flip: 12 samples class 4 \u2192 class 0
[2026-07-19 13:54:33,857] 39 root - INFO - [Attacker] Label flip: 8 samples class 4 \u2192 class 0
[2026-07-19 13:54:33,866] 39 root - INFO - [Attacker] Label flip: 11 samples class 4 \u2192 class 0
[2026-07-19 13:54:33,874] 39 root - INFO - [Attacker] Label flip: 12 samples class 4 \u2192 class 0
[2026-07-19 13:54:33,883] 39 root - INFO - [Attacker] Label flip: 13 samples class 4 \u2192 class 0
[2026-07-19 13:54:33,891] 39 root - INFO - [Attacker] Label flip: 9 samples class 4 \u2192 class 0
[2026-07-19 13:54:33,902] 39 root - INFO - [Attacker] Label flip: 12 samples class 4 \u2192 class 0
[2026-07-19 13:54:33,911] 39 root - INFO - [Attacker] Label flip: 10 samples class 4 \u2192 class 0
[2026-07-19 13:54:33,922] 39 root - INFO - [Attacker] Label flip: 11 samples class 4 \u2192 class 0
[2026-07-19 13:54:33,930] 39 root - INFO - [Attacker] Label flip: 10 samples class 4 \u2192 class 0
[2026-07-19 13:54:33,936] 39 root - INFO - [Attacker] Label flip: 14 samples class 4 \u2192 class 0
[2026-07-19 13:54:33,946] 39 root - INFO - [Attacker] Label flip: 10 samples class 4 \u2192 class 0
[2026-07-19 13:54:33,954] 39 root - INFO - [Attacker] Label flip: 10 samples class 4 \u2192 class 0
[2026-07-19 13:54:33,961] 39 root - INFO - [Attacker] Label flip: 23 samples class 4 \u2192 class 0
[2026-07-19 13:54:33,969] 39 root - INFO - [Attacker] Label flip: 13 samples class 4 \u2192 class 0
[2026-07-19 13:54:33,977] 39 root - INFO - [Attacker] Label flip: 11 samples class 4 \u2192 class 0
[2026-07-19 13:54:33,985] 39 root - INFO - [Attacker] Label flip: 15 samples class 4 \u2192 class 0
[2026-07-19 13:54:33,993] 39 root - INFO - [Attacker] Label flip: 16 samples class 4 \u2192 class 0
[2026-07-19 13:54:34,001] 39 root - INFO - [Attacker] Label flip: 18 samples class 4 \u2192 class 0
[2026-07-19 13:54:34,009] 39 root - INFO - [Attacker] Label flip: 15 samples class 4 \u2192 class 0
[2026-07-19 13:54:34,015] 39 root - INFO - [Attacker] Label flip: 11 samples class 4 \u2192 class 0
[2026-07-19 13:54:34,025] 39 root - INFO - [Attacker] Label flip: 11 samples class 4 \u2192 class 0
[2026-07-19 13:54:34,033] 39 root - INFO - [Attacker] Label flip: 15 samples class 4 \u2192 class 0
[2026-07-19 13:54:34,041] 39 root - INFO - [Attacker] Label flip: 16 samples class 4 \u2192 class 0
[2026-07-19 13:54:34,049] 39 root - INFO - [Attacker] Label flip: 12 samples class 4 \u2192 class 0
[2026-07-19 13:54:34,056] 39 root - INFO - [Attacker] Label flip: 10 samples class 4 \u2192 class 0
[2026-07-19 13:54:34,064] 39 root - INFO - [Attacker] Label flip: 12 samples class 4 \u2192 class 0
[2026-07-19 13:54:34,072] 39 root - INFO - [Attacker] Label flip: 11 samples class 4 \u2192 class 0
[2026-07-19 13:54:34,078] 39 root - INFO - [Attacker] Label flip: 13 samples class 4 \u2192 class 0
[2026-07-19 13:54:34,088] 39 root - INFO - [Attacker] Label flip: 15 samples class 4 \u2192 class 0
[2026-07-19 13:54:34,094] 39 root - INFO - [Attacker] Label flip: 15 samples class 4 \u2192 class 0
[2026-07-19 13:54:34,103] 39 root - INFO - [Attacker] Label flip: 13 samples class 4 \u2192 class 0
[2026-07-19 13:54:34,111] 39 root - INFO - [Attacker] Label flip: 9 samples class 4 \u2192 class 0
[2026-07-19 13:54:34,119] 39 root - INFO - [Attacker] Label flip: 10 samples class 4 \u2192 class 0
[2026-07-19 13:54:34,127] 39 root - INFO - [Attacker] Label flip: 14 samples class 4 \u2192 class 0
[2026-07-19 13:54:34,135] 39 root - INFO - [Attacker] Label flip: 14 samples class 4 \u2192 class 0
[2026-07-19 13:54:34,143] 39 root - INFO - [Attacker] Label flip: 13 samples class 4 \u2192 class 0
[2026-07-19 13:54:34,151] 39 root - INFO - [Attacker] Label flip: 10 samples class 4 \u2192 class 0
[2026-07-19 13:54:34,159] 39 root - INFO - [Attacker] Label flip: 13 samples class 4 \u2192 class 0
[2026-07-19 13:54:34,165] 39 root - INFO - [Attacker] Label flip: 17 samples class 4 \u2192 class 0
[2026-07-19 13:54:34,173] 39 root - INFO - [Attacker] Label flip: 18 samples class 4 \u2192 class 0
[2026-07-19 13:54:34,182] 39 root - INFO - [Attacker] Label flip: 13 samples class 4 \u2192 class 0
[2026-07-19 13:54:34,191] 39 root - INFO - [Attacker] Label flip: 10 samples class 4 \u2192 class 0
[2026-07-19 13:54:34,199] 39 root - INFO - [Attacker] Label flip: 10 samples class 4 \u2192 class 0
[2026-07-19 13:54:34,207] 39 root - INFO - [Attacker] Label flip: 15 samples class 4 \u2192 class 0
[2026-07-19 13:54:34,215] 39 root - INFO - [Attacker] Label flip: 13 samples class 4 \u2192 class 0
[2026-07-19 13:54:34,223] 39 root - INFO - [Attacker] Label flip: 12 samples class 4 \u2192 class 0
[2026-07-19 13:54:34,229] 39 root - INFO - [Attacker] Label flip: 11 samples class 4 \u2192 class 0
[2026-07-19 13:54:34,272] 39 root - INFO - [Attacker] Label flip: 16 samples class 4 \u2192 class 0
[2026-07-19 13:54:34,281] 39 root - INFO - [Attacker] Label flip: 14 samples class 4 \u2192 class 0
[2026-07-19 13:54:34,302] 39 root - INFO - [Attacker] Label flip: 10 samples class 4 \u2192 class 0
[2026-07-19 13:54:34,317] 39 root - INFO - [Attacker] Label flip: 12 samples class 4 \u2192 class 0
[2026-07-19 13:54:34,323] 39 root - INFO - [Attacker] Label flip: 11 samples class 4 \u2192 class 0
[2026-07-19 13:54:34,332] 39 root - INFO - [Attacker] Label flip: 10 samples class 4 \u2192 class 0
[2026-07-19 13:54:34,342] 39 root - INFO - [Attacker] Label flip: 16 samples class 4 \u2192 class 0
[2026-07-19 13:54:34,350] 39 root - INFO - [Attacker] Label flip: 19 samples class 4 \u2192 class 0
[2026-07-19 13:54:34,358] 39 root - INFO - [Attacker] Label flip: 14 samples class 4 \u2192 class 0
[2026-07-19 13:54:34,369] 39 root - INFO - [Attacker] Label flip: 12 samples class 4 \u2192 class 0
[2026-07-19 13:54:34,378] 39 root - INFO - [Attacker] Label flip: 14 samples class 4 \u2192 class 0
[2026-07-19 13:54:34,385] 39 root - INFO - [Attacker] Label flip: 13 samples class 4 \u2192 class 0
[2026-07-19 13:54:34,393] 39 root - INFO - [Attacker] Label flip: 13 samples class 4 \u2192 class 0
[2026-07-19 13:54:34,401] 39 root - INFO - [Attacker] Label flip: 17 samples class 4 \u2192 class 0
[2026-07-19 13:54:34,409] 39 root - INFO - [Attacker] Label flip: 14 samples class 4 \u2192 class 0
[2026-07-19 13:54:34,417] 39 root - INFO - [Attacker] Label flip: 7 samples class 4 \u2192 class 0
[2026-07-19 13:54:34,425] 39 root - INFO - [Attacker] Label flip: 13 samples class 4 \u2192 class 0
[2026-07-19 13:54:34,433] 39 root - INFO - [Attacker] Label flip: 14 samples class 4 \u2192 class 0
[2026-07-19 13:54:34,441] 39 root - INFO - [Attacker] Label flip: 16 samples class 4 \u2192 class 0
[2026-07-19 13:54:34,448] 39 root - INFO - [Attacker] Label flip: 9 samples class 4 \u2192 class 0
[2026-07-19 13:54:34,456] 39 root - INFO - [Attacker] Label flip: 17 samples class 4 \u2192 class 0
[2026-07-19 13:54:34,462] 39 root - INFO - [Attacker] Label flip: 11 samples class 4 \u2192 class 0
[2026-07-19 13:54:34,470] 39 root - INFO - [Attacker] Label flip: 4 samples class 4 \u2192 class 0
[2026-07-19 13:54:34,478] 39 root - INFO - [Attacker] Label flip: 7 samples class 4 \u2192 class 0
[2026-07-19 13:54:34,486] 39 root - INFO - [Attacker] Label flip: 10 samples class 4 \u2192 class 0
[2026-07-19 13:54:34,494] 39 root - INFO - [Attacker] Label flip: 6 samples class 4 \u2192 class 0
[2026-07-19 13:54:34,502] 39 root - INFO - [Attacker] Label flip: 13 samples class 4 \u2192 class 0
[2026-07-19 13:54:34,514] 39 root - INFO - [Attacker] Label flip: 5 samples class 4 \u2192 class 0
[2026-07-19 13:54:34,522] 39 root - INFO - [Attacker] Label flip: 9 samples class 4 \u2192 class 0
[2026-07-19 13:54:34,529] 39 root - INFO - [Attacker] Label flip: 15 samples class 4 \u2192 class 0
[2026-07-19 13:54:34,535] 39 root - INFO - [Attacker] Label flip: 11 samples class 4 \u2192 class 0
[2026-07-19 13:54:34,545] 39 root - INFO - [Attacker] Label flip: 9 samples class 4 \u2192 class 0
[2026-07-19 13:54:34,552] 39 root - INFO - [Attacker] Label flip: 11 samples class 4 \u2192 class 0
[2026-07-19 13:54:34,563] 39 root - INFO - [Attacker] Label flip: 9 samples class 4 \u2192 class 0
[2026-07-19 13:54:34,571] 39 root - INFO - [Attacker] Label flip: 10 samples class 4 \u2192 class 0
[2026-07-19 13:54:34,583] 39 root - INFO - [Attacker] Label flip: 7 samples class 4 \u2192 class 0
[2026-07-19 13:54:34,591] 39 root - INFO - [Attacker] Label flip: 16 samples class 4 \u2192 class 0
[2026-07-19 13:54:34,599] 39 root - INFO - [Attacker] Label flip: 14 samples class 4 \u2192 class 0
[2026-07-19 13:54:34,607] 39 root - INFO - [Attacker] Label flip: 14 samples class 4 \u2192 class 0
[2026-07-19 13:54:34,615] 39 root - INFO - [Attacker] Label flip: 8 samples class 4 \u2192 class 0
[2026-07-19 13:54:34,623] 39 root - INFO - [Attacker] Label flip: 8 samples class 4 \u2192 class 0
[2026-07-19 13:54:34,631] 39 root - INFO - [Attacker] Label flip: 14 samples class 4 \u2192 class 0
[2026-07-19 13:54:34,638] 39 root - INFO - [Attacker] Label flip: 10 samples class 4 \u2192 class 0
[2026-07-19 13:54:34,646] 39 root - INFO - [Attacker] Label flip: 9 samples class 4 \u2192 class 0
[2026-07-19 13:54:34,653] 39 root - INFO - [Attacker] Label flip: 14 samples class 4 \u2192 class 0
[2026-07-19 13:54:34,661] 39 root - INFO - [Attacker] Label flip: 11 samples class 4 \u2192 class 0
[2026-07-19 13:54:34,668] 39 root - INFO - [Attacker] Label flip: 15 samples class 4 \u2192 class 0
[2026-07-19 13:54:34,678] 39 root - INFO - [Attacker] Label flip: 14 samples class 4 \u2192 class 0
[2026-07-19 13:54:34,686] 39 root - INFO - [Attacker] Label flip: 13 samples class 4 \u2192 class 0
[2026-07-19 13:54:34,694] 39 root - INFO - [Attacker] Label flip: 11 samples class 4 \u2192 class 0
[2026-07-19 13:54:34,702] 39 root - INFO - [Attacker] Label flip: 13 samples class 4 \u2192 class 0
[2026-07-19 13:54:34,710] 39 root - INFO - [Attacker] Label flip: 14 samples class 4 \u2192 class 0
[2026-07-19 13:54:34,718] 39 root - INFO - [Attacker] Label flip: 14 samples class 4 \u2192 class 0
[2026-07-19 13:54:34,726] 39 root - INFO - [Attacker] Label flip: 17 samples class 4 \u2192 class 0
[2026-07-19 13:54:34,733] 39 root - INFO - [Attacker] Label flip: 9 samples class 4 \u2192 class 0
[2026-07-19 13:54:34,742] 39 root - INFO - [Attacker] Label flip: 7 samples class 4 \u2192 class 0
[2026-07-19 13:54:34,749] 39 root - INFO - [Attacker] Label flip: 11 samples class 4 \u2192 class 0
[2026-07-19 13:54:34,757] 39 root - INFO - [Attacker] Label flip: 12 samples class 4 \u2192 class 0
[2026-07-19 13:54:34,765] 39 root - INFO - [Attacker] Label flip: 13 samples class 4 \u2192 class 0
[2026-07-19 13:54:34,773] 39 root - INFO - [Attacker] Label flip: 7 samples class 4 \u2192 class 0
[2026-07-19 13:54:34,783] 39 root - INFO - [Attacker] Label flip: 14 samples class 4 \u2192 class 0
[2026-07-19 13:54:34,789] 39 root - INFO - [Attacker] Label flip: 14 samples class 4 \u2192 class 0
[2026-07-19 13:54:34,797] 39 root - INFO - [Attacker] Label flip: 14 samples class 4 \u2192 class 0
[2026-07-19 13:54:34,805] 39 root - INFO - [Attacker] Label flip: 13 samples class 4 \u2192 class 0
[2026-07-19 13:54:34,815] 39 root - INFO - [Attacker] Label flip: 12 samples class 4 \u2192 class 0
[2026-07-19 13:54:34,823] 39 root - INFO - [Attacker] Label flip: 17 samples class 4 \u2192 class 0
[2026-07-19 13:54:34,831] 39 root - INFO - [Attacker] Label flip: 15 samples class 4 \u2192 class 0
[2026-07-19 13:54:34,838] 39 root - INFO - [Attacker] Label flip: 16 samples class 4 \u2192 class 0
[2026-07-19 13:54:34,849] 39 root - INFO - [Attacker] Label flip: 13 samples class 4 \u2192 class 0
[2026-07-19 13:54:34,858] 39 root - INFO - [Attacker] Label flip: 15 samples class 4 \u2192 class 0
[2026-07-19 13:54:34,866] 39 root - INFO - [Attacker] Label flip: 9 samples class 4 \u2192 class 0
[2026-07-19 13:54:34,872] 39 root - INFO - [Attacker] Label flip: 15 samples class 4 \u2192 class 0
[2026-07-19 13:54:34,882] 39 root - INFO - [Attacker] Label flip: 16 samples class 4 \u2192 class 0
[2026-07-19 13:54:34,888] 39 root - INFO - [Attacker] Label flip: 10 samples class 4 \u2192 class 0
[2026-07-19 13:54:34,896] 39 root - INFO - [Attacker] Label flip: 15 samples class 4 \u2192 class 0
[2026-07-19 13:54:34,904] 39 root - INFO - [Attacker] Label flip: 14 samples class 4 \u2192 class 0
[2026-07-19 13:54:34,913] 39 root - INFO - [Attacker] Label flip: 13 samples class 4 \u2192 class 0
[2026-07-19 13:54:34,922] 39 root - INFO - [Attacker] Label flip: 14 samples class 4 \u2192 class 0
[2026-07-19 13:54:34,929] 39 root - INFO - [Attacker] Label flip: 9 samples class 4 \u2192 class 0
[2026-07-19 13:54:34,935] 39 root - INFO - [Attacker] Label flip: 13 samples class 4 \u2192 class 0
[2026-07-19 13:54:34,943] 39 root - INFO - [Attacker] Label flip: 12 samples class 4 \u2192 class 0
[2026-07-19 13:54:34,953] 39 root - INFO - [Attacker] Label flip: 17 samples class 4 \u2192 class 0
[2026-07-19 13:54:34,961] 39 root - INFO - [Attacker] Label flip: 10 samples class 4 \u2192 class 0
[2026-07-19 13:54:34,969] 39 root - INFO - [Attacker] Label flip: 14 samples class 4 \u2192 class 0
[2026-07-19 13:54:34,977] 39 root - INFO - [Attacker] Label flip: 18 samples class 4 \u2192 class 0
[2026-07-19 13:54:34,987] 39 root - INFO - [Attacker] Label flip: 15 samples class 4 \u2192 class 0
[2026-07-19 13:54:34,994] 39 root - INFO - [Attacker] Label flip: 9 samples class 4 \u2192 class 0
[2026-07-19 13:54:35,002] 39 root - INFO - [Attacker] Label flip: 13 samples class 4 \u2192 class 0
[2026-07-19 13:54:35,010] 39 root - INFO - [Attacker] Label flip: 11 samples class 4 \u2192 class 0
[2026-07-19 13:54:35,020] 39 root - INFO - [Attacker] Label flip: 12 samples class 4 \u2192 class 0
[2026-07-19 13:54:35,028] 39 root - INFO - [Attacker] Label flip: 6 samples class 4 \u2192 class 0
[2026-07-19 13:54:35,036] 39 root - INFO - [Attacker] Label flip: 8 samples class 4 \u2192 class 0
[2026-07-19 13:54:35,044] 39 root - INFO - [Attacker] Label flip: 11 samples class 4 \u2192 class 0
[2026-07-19 13:54:35,052] 39 root - INFO - [Attacker] Label flip: 10 samples class 4 \u2192 class 0
[2026-07-19 13:54:35,060] 39 root - INFO - [Attacker] Label flip: 14 samples class 4 \u2192 class 0
[2026-07-19 13:54:35,066] 39 root - INFO - [Attacker] Label flip: 12 samples class 4 \u2192 class 0
[2026-07-19 13:54:35,075] 39 root - INFO - [Attacker] Label flip: 10 samples class 4 \u2192 class 0
[2026-07-19 13:54:35,083] 39 root - INFO - [Attacker] Label flip: 13 samples class 4 \u2192 class 0
[2026-07-19 13:54:35,091] 39 root - INFO - [Attacker] Label flip: 11 samples class 4 \u2192 class 0
[2026-07-19 13:54:35,099] 39 root - INFO - [Attacker] Label flip: 9 samples class 4 \u2192 class 0
[2026-07-19 13:54:35,107] 39 root - INFO - [Attacker] Label flip: 20 samples class 4 \u2192 class 0
[2026-07-19 13:54:35,114] 39 root - INFO - [Attacker] Label flip: 13 samples class 4 \u2192 class 0
[2026-07-19 13:54:35,123] 39 root - INFO - [Attacker] Label flip: 13 samples class 4 \u2192 class 0
[2026-07-19 13:54:35,131] 39 root - INFO - [Attacker] Label flip: 11 samples class 4 \u2192 class 0
[2026-07-19 13:54:35,138] 39 root - INFO - [Attacker] Label flip: 16 samples class 4 \u2192 class 0
[2026-07-19 13:54:35,148] 39 root - INFO - [Attacker] Label flip: 18 samples class 4 \u2192 class 0
[2026-07-19 13:54:35,156] 39 root - INFO - [Attacker] Label flip: 16 samples class 4 \u2192 class 0
[2026-07-19 13:54:35,162] 39 root - INFO - [Attacker] Label flip: 10 samples class 4 \u2192 class 0
[2026-07-19 13:54:35,170] 39 root - INFO - [Attacker] Label flip: 11 samples class 4 \u2192 class 0
[2026-07-19 13:54:35,178] 39 root - INFO - [Attacker] Label flip: 15 samples class 4 \u2192 class 0
[2026-07-19 13:54:35,186] 39 root - INFO - [Attacker] Label flip: 9 samples class 4 \u2192 class 0
[2026-07-19 13:54:35,194] 39 root - INFO - [Attacker] Label flip: 12 samples class 4 \u2192 class 0
[2026-07-19 13:54:35,202] 39 root - INFO - [Attacker] Label flip: 21 samples class 4 \u2192 class 0
[2026-07-19 13:54:35,210] 39 root - INFO - [Attacker] Label flip: 14 samples class 4 \u2192 class 0
[2026-07-19 13:54:35,217] 39 root - INFO - [Attacker] Label flip: 17 samples class 4 \u2192 class 0
[2026-07-19 13:54:35,224] 39 root - INFO - [Attacker] Label flip: 8 samples class 4 \u2192 class 0
[2026-07-19 13:54:35,233] 39 root - INFO - [Attacker] Label flip: 10 samples class 4 \u2192 class 0
[2026-07-19 13:54:35,240] 39 root - INFO - [Attacker] Label flip: 12 samples class 4 \u2192 class 0
[2026-07-19 13:54:35,249] 39 root - INFO - [Attacker] Label flip: 17 samples class 4 \u2192 class 0
[2026-07-19 13:54:35,255] 39 root - INFO - [Attacker] Label flip: 10 samples class 4 \u2192 class 0
[2026-07-19 13:54:35,263] 39 root - INFO - [Attacker] Label flip: 14 samples class 4 \u2192 class 0
[2026-07-19 13:54:35,271] 39 root - INFO - [Attacker] Label flip: 10 samples class 4 \u2192 class 0
[2026-07-19 13:54:35,281] 39 root - INFO - [Attacker] Label flip: 9 samples class 4 \u2192 class 0
[2026-07-19 13:54:35,287] 39 root - INFO - [Attacker] Label flip: 14 samples class 4 \u2192 class 0
[2026-07-19 13:54:35,295] 39 root - INFO - [Attacker] Label flip: 14 samples class 4 \u2192 class 0
[2026-07-19 13:54:35,303] 39 root - INFO - [Attacker] Label flip: 7 samples class 4 \u2192 class 0
[2026-07-19 13:54:35,313] 39 root - INFO - [Attacker] Label flip: 12 samples class 4 \u2192 class 0
[2026-07-19 13:54:35,321] 39 root - INFO - [Attacker] Label flip: 9 samples class 4 \u2192 class 0
[2026-07-19 13:54:35,329] 39 root - INFO - [Attacker] Label flip: 15 samples class 4 \u2192 class 0
[2026-07-19 13:54:35,338] 39 root - INFO - [Attacker] Label flip: 19 samples class 4 \u2192 class 0
[2026-07-19 13:54:35,346] 39 root - INFO - [Attacker] Label flip: 14 samples class 4 \u2192 class 0
[2026-07-19 13:54:35,381] 268 flwr - WARNING - DEPRECATED FEATURE: `client_fn` now expects a signature `def client_fn(context: Context)`.The provided `client_fn` has signature: {'cid': <Parameter "cid: str">}. You can import the `Context` like this: `from flwr.common import Context`

            This is a deprecated feature. It will be removed
            entirely in future versions of Flower.
        
[2026-07-19 13:54:35,929] 39 root - INFO - [Attacker] Label flip: 36 samples class 4 \u2192 class 0
[2026-07-19 13:54:35,936] 39 root - INFO - [Attacker] Label flip: 24 samples class 4 \u2192 class 0
[2026-07-19 13:54:35,944] 39 root - INFO - [Attacker] Label flip: 25 samples class 4 \u2192 class 0
[2026-07-19 13:54:35,956] 39 root - INFO - [Attacker] Label flip: 30 samples class 4 \u2192 class 0
[2026-07-19 13:54:35,962] 39 root - INFO - [Attacker] Label flip: 38 samples class 4 \u2192 class 0
[2026-07-19 13:54:35,973] 39 root - INFO - [Attacker] Label flip: 32 samples class 4 \u2192 class 0
[2026-07-19 13:54:35,982] 39 root - INFO - [Attacker] Label flip: 31 samples class 4 \u2192 class 0
[2026-07-19 13:54:35,989] 39 root - INFO - [Attacker] Label flip: 20 samples class 4 \u2192 class 0
[2026-07-19 13:54:35,999] 39 root - INFO - [Attacker] Label flip: 34 samples class 4 \u2192 class 0
[2026-07-19 13:54:36,007] 39 root - INFO - [Attacker] Label flip: 31 samples class 4 \u2192 class 0
[2026-07-19 13:54:36,015] 39 root - INFO - [Attacker] Label flip: 22 samples class 4 \u2192 class 0
[2026-07-19 13:54:36,022] 39 root - INFO - [Attacker] Label flip: 38 samples class 4 \u2192 class 0
[2026-07-19 13:54:36,030] 39 root - INFO - [Attacker] Label flip: 26 samples class 4 \u2192 class 0
[2026-07-19 13:54:36,038] 39 root - INFO - [Attacker] Label flip: 30 samples class 4 \u2192 class 0
[2026-07-19 13:54:36,046] 39 root - INFO - [Attacker] Label flip: 35 samples class 4 \u2192 class 0
[2026-07-19 13:54:36,054] 39 root - INFO - [Attacker] Label flip: 22 samples class 4 \u2192 class 0
[2026-07-19 13:54:36,062] 39 root - INFO - [Attacker] Label flip: 23 samples class 4 \u2192 class 0
[2026-07-19 13:54:36,070] 39 root - INFO - [Attacker] Label flip: 27 samples class 4 \u2192 class 0
[2026-07-19 13:54:36,078] 39 root - INFO - [Attacker] Label flip: 31 samples class 4 \u2192 class 0
[2026-07-19 13:54:36,083] 39 root - INFO - [Attacker] Label flip: 23 samples class 4 \u2192 class 0
[2026-07-19 13:54:36,091] 39 root - INFO - [Attacker] Label flip: 24 samples class 4 \u2192 class 0
[2026-07-19 13:54:36,099] 39 root - INFO - [Attacker] Label flip: 38 samples class 4 \u2192 class 0
[2026-07-19 13:54:36,107] 39 root - INFO - [Attacker] Label flip: 33 samples class 4 \u2192 class 0
[2026-07-19 13:54:36,115] 39 root - INFO - [Attacker] Label flip: 31 samples class 4 \u2192 class 0
[2026-07-19 13:54:36,123] 39 root - INFO - [Attacker] Label flip: 29 samples class 4 \u2192 class 0
[2026-07-19 13:54:36,130] 39 root - INFO - [Attacker] Label flip: 25 samples class 4 \u2192 class 0
[2026-07-19 13:54:36,138] 39 root - INFO - [Attacker] Label flip: 25 samples class 4 \u2192 class 0
[2026-07-19 13:54:36,146] 39 root - INFO - [Attacker] Label flip: 32 samples class 4 \u2192 class 0
[2026-07-19 13:54:36,154] 39 root - INFO - [Attacker] Label flip: 30 samples class 4 \u2192 class 0
[2026-07-19 13:54:36,162] 39 root - INFO - [Attacker] Label flip: 36 samples class 4 \u2192 class 0
[2026-07-19 13:54:36,170] 39 root - INFO - [Attacker] Label flip: 30 samples class 4 \u2192 class 0
[2026-07-19 13:54:36,178] 39 root - INFO - [Attacker] Label flip: 34 samples class 4 \u2192 class 0
[2026-07-19 13:54:36,186] 39 root - INFO - [Attacker] Label flip: 33 samples class 4 \u2192 class 0
[2026-07-19 13:54:36,194] 39 root - INFO - [Attacker] Label flip: 32 samples class 4 \u2192 class 0
[2026-07-19 13:54:36,200] 39 root - INFO - [Attacker] Label flip: 34 samples class 4 \u2192 class 0
[2026-07-19 13:54:36,207] 39 root - INFO - [Attacker] Label flip: 27 samples class 4 \u2192 class 0
[2026-07-19 13:54:36,216] 39 root - INFO - [Attacker] Label flip: 26 samples class 4 \u2192 class 0
[2026-07-19 13:54:36,223] 39 root - INFO - [Attacker] Label flip: 31 samples class 4 \u2192 class 0
[2026-07-19 13:54:36,233] 39 root - INFO - [Attacker] Label flip: 30 samples class 4 \u2192 class 0
[2026-07-19 13:54:36,241] 39 root - INFO - [Attacker] Label flip: 31 samples class 4 \u2192 class 0
[2026-07-19 13:54:36,249] 39 root - INFO - [Attacker] Label flip: 32 samples class 4 \u2192 class 0
[2026-07-19 13:54:36,257] 39 root - INFO - [Attacker] Label flip: 33 samples class 4 \u2192 class 0
[2026-07-19 13:54:36,263] 39 root - INFO - [Attacker] Label flip: 27 samples class 4 \u2192 class 0
[2026-07-19 13:54:36,273] 39 root - INFO - [Attacker] Label flip: 37 samples class 4 \u2192 class 0
[2026-07-19 13:54:36,281] 39 root - INFO - [Attacker] Label flip: 33 samples class 4 \u2192 class 0
[2026-07-19 13:54:36,288] 39 root - INFO - [Attacker] Label flip: 30 samples class 4 \u2192 class 0
[2026-07-19 13:54:36,296] 39 root - INFO - [Attacker] Label flip: 31 samples class 4 \u2192 class 0
[2026-07-19 13:54:36,302] 39 root - INFO - [Attacker] Label flip: 29 samples class 4 \u2192 class 0
[2026-07-19 13:54:36,310] 39 root - INFO - [Attacker] Label flip: 29 samples class 4 \u2192 class 0
[2026-07-19 13:54:36,318] 39 root - INFO - [Attacker] Label flip: 28 samples class 4 \u2192 class 0
[2026-07-19 13:54:36,326] 39 root - INFO - [Attacker] Label flip: 29 samples class 4 \u2192 class 0
[2026-07-19 13:54:36,334] 39 root - INFO - [Attacker] Label flip: 32 samples class 4 \u2192 class 0
[2026-07-19 13:54:36,342] 39 root - INFO - [Attacker] Label flip: 29 samples class 4 \u2192 class 0
[2026-07-19 13:54:36,350] 39 root - INFO - [Attacker] Label flip: 25 samples class 4 \u2192 class 0
[2026-07-19 13:54:36,358] 39 root - INFO - [Attacker] Label flip: 38 samples class 4 \u2192 class 0
[2026-07-19 13:54:36,365] 39 root - INFO - [Attacker] Label flip: 30 samples class 4 \u2192 class 0
[2026-07-19 13:54:36,373] 39 root - INFO - [Attacker] Label flip: 29 samples class 4 \u2192 class 0
[2026-07-19 13:54:36,381] 39 root - INFO - [Attacker] Label flip: 33 samples class 4 \u2192 class 0
[2026-07-19 13:54:36,390] 39 root - INFO - [Attacker] Label flip: 28 samples class 4 \u2192 class 0
[2026-07-19 13:54:36,398] 39 root - INFO - [Attacker] Label flip: 30 samples class 4 \u2192 class 0
[2026-07-19 13:54:36,406] 39 root - INFO - [Attacker] Label flip: 32 samples class 4 \u2192 class 0
[2026-07-19 13:54:36,414] 39 root - INFO - [Attacker] Label flip: 21 samples class 4 \u2192 class 0
[2026-07-19 13:54:36,422] 39 root - INFO - [Attacker] Label flip: 34 samples class 4 \u2192 class 0
[2026-07-19 13:54:36,430] 39 root - INFO - [Attacker] Label flip: 28 samples class 4 \u2192 class 0
[2026-07-19 13:54:36,436] 39 root - INFO - [Attacker] Label flip: 38 samples class 4 \u2192 class 0
[2026-07-19 13:54:36,444] 39 root - INFO - [Attacker] Label flip: 26 samples class 4 \u2192 class 0
[2026-07-19 13:54:36,452] 39 root - INFO - [Attacker] Label flip: 27 samples class 4 \u2192 class 0
[2026-07-19 13:54:36,459] 39 root - INFO - [Attacker] Label flip: 31 samples class 4 \u2192 class 0
[2026-07-19 13:54:36,467] 39 root - INFO - [Attacker] Label flip: 24 samples class 4 \u2192 class 0
[2026-07-19 13:54:36,475] 39 root - INFO - [Attacker] Label flip: 32 samples class 4 \u2192 class 0
[2026-07-19 13:54:36,483] 39 root - INFO - [Attacker] Label flip: 16 samples class 4 \u2192 class 0
[2026-07-19 13:54:36,491] 39 root - INFO - [Attacker] Label flip: 25 samples class 4 \u2192 class 0
[2026-07-19 13:54:36,499] 39 root - INFO - [Attacker] Label flip: 17 samples class 4 \u2192 class 0
[2026-07-19 13:54:36,507] 39 root - INFO - [Attacker] Label flip: 28 samples class 4 \u2192 class 0
[2026-07-19 13:54:36,515] 39 root - INFO - [Attacker] Label flip: 41 samples class 4 \u2192 class 0
[2026-07-19 13:54:36,523] 39 root - INFO - [Attacker] Label flip: 31 samples class 4 \u2192 class 0
[2026-07-19 13:54:36,531] 39 root - INFO - [Attacker] Label flip: 31 samples class 4 \u2192 class 0
[2026-07-19 13:54:36,538] 39 root - INFO - [Attacker] Label flip: 29 samples class 4 \u2192 class 0
[2026-07-19 13:54:36,547] 39 root - INFO - [Attacker] Label flip: 23 samples class 4 \u2192 class 0
[2026-07-19 13:54:36,554] 39 root - INFO - [Attacker] Label flip: 30 samples class 4 \u2192 class 0
[2026-07-19 13:54:36,562] 39 root - INFO - [Attacker] Label flip: 30 samples class 4 \u2192 class 0
[2026-07-19 13:54:36,570] 39 root - INFO - [Attacker] Label flip: 26 samples class 4 \u2192 class 0
[2026-07-19 13:54:36,578] 39 root - INFO - [Attacker] Label flip: 30 samples class 4 \u2192 class 0
[2026-07-19 13:54:36,586] 39 root - INFO - [Attacker] Label flip: 27 samples class 4 \u2192 class 0
[2026-07-19 13:54:36,592] 39 root - INFO - [Attacker] Label flip: 25 samples class 4 \u2192 class 0
[2026-07-19 13:54:36,600] 39 root - INFO - [Attacker] Label flip: 28 samples class 4 \u2192 class 0
[2026-07-19 13:54:36,608] 39 root - INFO - [Attacker] Label flip: 34 samples class 4 \u2192 class 0
[2026-07-19 13:54:36,616] 39 root - INFO - [Attacker] Label flip: 33 samples class 4 \u2192 class 0
[2026-07-19 13:54:36,624] 39 root - INFO - [Attacker] Label flip: 27 samples class 4 \u2192 class 0
[2026-07-19 13:54:36,631] 39 root - INFO - [Attacker] Label flip: 30 samples class 4 \u2192 class 0
[2026-07-19 13:54:36,639] 39 root - INFO - [Attacker] Label flip: 29 samples class 4 \u2192 class 0
[2026-07-19 13:54:36,648] 39 root - INFO - [Attacker] Label flip: 26 samples class 4 \u2192 class 0
[2026-07-19 13:54:36,654] 39 root - INFO - [Attacker] Label flip: 30 samples class 4 \u2192 class 0
[2026-07-19 13:54:36,663] 39 root - INFO - [Attacker] Label flip: 34 samples class 4 \u2192 class 0
[2026-07-19 13:54:36,669] 39 root - INFO - [Attacker] Label flip: 21 samples class 4 \u2192 class 0
[2026-07-19 13:54:36,677] 39 root - INFO - [Attacker] Label flip: 31 samples class 4 \u2192 class 0
[2026-07-19 13:54:36,685] 39 root - INFO - [Attacker] Label flip: 22 samples class 4 \u2192 class 0
[2026-07-19 13:54:36,693] 39 root - INFO - [Attacker] Label flip: 27 samples class 4 \u2192 class 0
[2026-07-19 13:54:36,701] 39 root - INFO - [Attacker] Label flip: 33 samples class 4 \u2192 class 0
[2026-07-19 13:54:36,709] 39 root - INFO - [Attacker] Label flip: 25 samples class 4 \u2192 class 0
[2026-07-19 13:54:36,717] 39 root - INFO - [Attacker] Label flip: 27 samples class 4 \u2192 class 0
[2026-07-19 13:54:36,724] 39 root - INFO - [Attacker] Label flip: 26 samples class 4 \u2192 class 0
[2026-07-19 13:54:36,732] 39 root - INFO - [Attacker] Label flip: 14 samples class 4 \u2192 class 0
[2026-07-19 13:54:36,739] 39 root - INFO - [Attacker] Label flip: 32 samples class 4 \u2192 class 0
[2026-07-19 13:54:36,746] 39 root - INFO - [Attacker] Label flip: 28 samples class 4 \u2192 class 0
[2026-07-19 13:54:36,754] 39 root - INFO - [Attacker] Label flip: 24 samples class 4 \u2192 class 0
[2026-07-19 13:54:36,762] 39 root - INFO - [Attacker] Label flip: 22 samples class 4 \u2192 class 0
[2026-07-19 13:54:36,770] 39 root - INFO - [Attacker] Label flip: 27 samples class 4 \u2192 class 0
[2026-07-19 13:54:36,778] 39 root - INFO - [Attacker] Label flip: 32 samples class 4 \u2192 class 0
[2026-07-19 13:54:36,786] 39 root - INFO - [Attacker] Label flip: 22 samples class 4 \u2192 class 0
[2026-07-19 13:54:36,794] 39 root - INFO - [Attacker] Label flip: 20 samples class 4 \u2192 class 0
[2026-07-19 13:54:36,802] 39 root - INFO - [Attacker] Label flip: 28 samples class 4 \u2192 class 0
[2026-07-19 13:54:36,816] 39 root - INFO - [Attacker] Label flip: 28 samples class 4 \u2192 class 0
[2026-07-19 13:54:36,824] 39 root - INFO - [Attacker] Label flip: 25 samples class 4 \u2192 class 0
[2026-07-19 13:54:36,832] 39 root - INFO - [Attacker] Label flip: 32 samples class 4 \u2192 class 0
[2026-07-19 13:54:36,839] 39 root - INFO - [Attacker] Label flip: 30 samples class 4 \u2192 class 0
[2026-07-19 13:54:36,847] 39 root - INFO - [Attacker] Label flip: 29 samples class 4 \u2192 class 0
[2026-07-19 13:54:36,855] 39 root - INFO - [Attacker] Label flip: 23 samples class 4 \u2192 class 0
[2026-07-19 13:54:36,861] 39 root - INFO - [Attacker] Label flip: 30 samples class 4 \u2192 class 0
[2026-07-19 13:54:36,869] 39 root - INFO - [Attacker] Label flip: 36 samples class 4 \u2192 class 0
[2026-07-19 13:54:36,877] 39 root - INFO - [Attacker] Label flip: 29 samples class 4 \u2192 class 0
[2026-07-19 13:54:36,887] 39 root - INFO - [Attacker] Label flip: 36 samples class 4 \u2192 class 0
[2026-07-19 13:54:36,893] 39 root - INFO - [Attacker] Label flip: 27 samples class 4 \u2192 class 0
[2026-07-19 13:54:36,901] 39 root - INFO - [Attacker] Label flip: 34 samples class 4 \u2192 class 0
[2026-07-19 13:54:36,909] 39 root - INFO - [Attacker] Label flip: 23 samples class 4 \u2192 class 0
[2026-07-19 13:54:36,917] 39 root - INFO - [Attacker] Label flip: 35 samples class 4 \u2192 class 0
[2026-07-19 13:54:36,926] 39 root - INFO - [Attacker] Label flip: 28 samples class 4 \u2192 class 0
[2026-07-19 13:54:36,932] 39 root - INFO - [Attacker] Label flip: 31 samples class 4 \u2192 class 0
[2026-07-19 13:54:36,940] 39 root - INFO - [Attacker] Label flip: 30 samples class 4 \u2192 class 0
[2026-07-19 13:54:36,947] 39 root - INFO - [Attacker] Label flip: 30 samples class 4 \u2192 class 0
[2026-07-19 13:54:36,955] 39 root - INFO - [Attacker] Label flip: 34 samples class 4 \u2192 class 0
[2026-07-19 13:54:36,963] 39 root - INFO - [Attacker] Label flip: 27 samples class 4 \u2192 class 0
[2026-07-19 13:54:36,971] 39 root - INFO - [Attacker] Label flip: 28 samples class 4 \u2192 class 0
[2026-07-19 13:54:36,979] 39 root - INFO - [Attacker] Label flip: 24 samples class 4 \u2192 class 0
[2026-07-19 13:54:36,987] 39 root - INFO - [Attacker] Label flip: 27 samples class 4 \u2192 class 0
[2026-07-19 13:54:36,995] 39 root - INFO - [Attacker] Label flip: 26 samples class 4 \u2192 class 0
[2026-07-19 13:54:37,003] 39 root - INFO - [Attacker] Label flip: 16 samples class 4 \u2192 class 0
[2026-07-19 13:54:37,011] 39 root - INFO - [Attacker] Label flip: 29 samples class 4 \u2192 class 0
[2026-07-19 13:54:37,019] 39 root - INFO - [Attacker] Label flip: 19 samples class 4 \u2192 class 0
[2026-07-19 13:54:37,027] 39 root - INFO - [Attacker] Label flip: 16 samples class 4 \u2192 class 0
[2026-07-19 13:54:37,035] 39 root - INFO - [Attacker] Label flip: 28 samples class 4 \u2192 class 0
[2026-07-19 13:54:37,040] 39 root - INFO - [Attacker] Label flip: 19 samples class 4 \u2192 class 0
[2026-07-19 13:54:37,050] 39 root - INFO - [Attacker] Label flip: 39 samples class 4 \u2192 class 0
[2026-07-19 13:54:37,058] 39 root - INFO - [Attacker] Label flip: 28 samples class 4 \u2192 class 0
[2026-07-19 13:54:37,064] 39 root - INFO - [Attacker] Label flip: 24 samples class 4 \u2192 class 0
[2026-07-19 13:54:37,072] 39 root - INFO - [Attacker] Label flip: 29 samples class 4 \u2192 class 0
[2026-07-19 13:54:37,080] 39 root - INFO - [Attacker] Label flip: 22 samples class 4 \u2192 class 0
[2026-07-19 13:54:37,088] 39 root - INFO - [Attacker] Label flip: 34 samples class 4 \u2192 class 0
[2026-07-19 13:54:37,096] 39 root - INFO - [Attacker] Label flip: 27 samples class 4 \u2192 class 0
[2026-07-19 13:54:37,104] 39 root - INFO - [Attacker] Label flip: 36 samples class 4 \u2192 class 0
[2026-07-19 13:54:37,112] 39 root - INFO - [Attacker] Label flip: 29 samples class 4 \u2192 class 0
[2026-07-19 13:54:37,119] 39 root - INFO - [Attacker] Label flip: 38 samples class 4 \u2192 class 0
[2026-07-19 13:54:37,127] 39 root - INFO - [Attacker] Label flip: 27 samples class 4 \u2192 class 0
[2026-07-19 13:54:37,135] 39 root - INFO - [Attacker] Label flip: 37 samples class 4 \u2192 class 0
[2026-07-19 13:54:37,145] 39 root - INFO - [Attacker] Label flip: 32 samples class 4 \u2192 class 0
[2026-07-19 13:54:37,153] 39 root - INFO - [Attacker] Label flip: 34 samples class 4 \u2192 class 0
[2026-07-19 13:54:37,161] 39 root - INFO - [Attacker] Label flip: 20 samples class 4 \u2192 class 0
[2026-07-19 13:54:37,169] 39 root - INFO - [Attacker] Label flip: 22 samples class 4 \u2192 class 0
[2026-07-19 13:54:37,177] 39 root - INFO - [Attacker] Label flip: 23 samples class 4 \u2192 class 0
[2026-07-19 13:54:37,184] 39 root - INFO - [Attacker] Label flip: 40 samples class 4 \u2192 class 0
[2026-07-19 13:54:37,192] 39 root - INFO - [Attacker] Label flip: 24 samples class 4 \u2192 class 0
[2026-07-19 13:54:37,200] 39 root - INFO - [Attacker] Label flip: 27 samples class 4 \u2192 class 0
[2026-07-19 13:54:37,206] 39 root - INFO - [Attacker] Label flip: 34 samples class 4 \u2192 class 0
[2026-07-19 13:54:37,214] 39 root - INFO - [Attacker] Label flip: 38 samples class 4 \u2192 class 0
[2026-07-19 13:54:37,222] 39 root - INFO - [Attacker] Label flip: 29 samples class 4 \u2192 class 0
[2026-07-19 13:54:37,230] 39 root - INFO - [Attacker] Label flip: 40 samples class 4 \u2192 class 0
[2026-07-19 13:54:37,238] 39 root - INFO - [Attacker] Label flip: 29 samples class 4 \u2192 class 0
[2026-07-19 13:54:37,246] 39 root - INFO - [Attacker] Label flip: 27 samples class 4 \u2192 class 0
[2026-07-19 13:54:37,254] 39 root - INFO - [Attacker] Label flip: 30 samples class 4 \u2192 class 0
[2026-07-19 13:54:37,262] 39 root - INFO - [Attacker] Label flip: 26 samples class 4 \u2192 class 0
[2026-07-19 13:54:37,268] 39 root - INFO - [Attacker] Label flip: 27 samples class 4 \u2192 class 0
[2026-07-19 13:54:37,275] 39 root - INFO - [Attacker] Label flip: 36 samples class 4 \u2192 class 0
[2026-07-19 13:54:37,283] 39 root - INFO - [Attacker] Label flip: 29 samples class 4 \u2192 class 0
[2026-07-19 13:54:37,291] 39 root - INFO - [Attacker] Label flip: 28 samples class 4 \u2192 class 0
[2026-07-19 13:54:37,299] 39 root - INFO - [Attacker] Label flip: 25 samples class 4 \u2192 class 0
[2026-07-19 13:54:37,307] 39 root - INFO - [Attacker] Label flip: 18 samples class 4 \u2192 class 0
[2026-07-19 13:54:37,315] 39 root - INFO - [Attacker] Label flip: 32 samples class 4 \u2192 class 0
[2026-07-19 13:54:37,323] 39 root - INFO - [Attacker] Label flip: 29 samples class 4 \u2192 class 0
[2026-07-19 13:54:37,329] 39 root - INFO - [Attacker] Label flip: 25 samples class 4 \u2192 class 0
[2026-07-19 13:54:37,339] 39 root - INFO - [Attacker] Label flip: 19 samples class 4 \u2192 class 0
[2026-07-19 13:54:37,345] 39 root - INFO - [Attacker] Label flip: 25 samples class 4 \u2192 class 0
[2026-07-19 13:54:37,352] 39 root - INFO - [Attacker] Label flip: 31 samples class 4 \u2192 class 0
[2026-07-19 13:54:37,360] 39 root - INFO - [Attacker] Label flip: 22 samples class 4 \u2192 class 0
[2026-07-19 13:54:37,368] 39 root - INFO - [Attacker] Label flip: 31 samples class 4 \u2192 class 0
[2026-07-19 13:54:37,376] 39 root - INFO - [Attacker] Label flip: 27 samples class 4 \u2192 class 0
[2026-07-19 13:54:37,384] 39 root - INFO - [Attacker] Label flip: 24 samples class 4 \u2192 class 0
[2026-07-19 13:54:37,392] 39 root - INFO - [Attacker] Label flip: 25 samples class 4 \u2192 class 0
[2026-07-19 13:54:37,400] 39 root - INFO - [Attacker] Label flip: 27 samples class 4 \u2192 class 0
[2026-07-19 13:54:37,408] 39 root - INFO - [Attacker] Label flip: 27 samples class 4 \u2192 class 0
[2026-07-19 13:54:37,416] 39 root - INFO - [Attacker] Label flip: 30 samples class 4 \u2192 class 0
[2026-07-19 13:54:37,424] 39 root - INFO - [Attacker] Label flip: 27 samples class 4 \u2192 class 0
[2026-07-19 13:54:37,431] 39 root - INFO - [Attacker] Label flip: 31 samples class 4 \u2192 class 0
[2026-07-19 13:54:37,440] 39 root - INFO - [Attacker] Label flip: 27 samples class 4 \u2192 class 0
[2026-07-19 13:54:37,448] 39 root - INFO - [Attacker] Label flip: 25 samples class 4 \u2192 class 0
[2026-07-19 13:54:37,456] 39 root - INFO - [Attacker] Label flip: 37 samples class 4 \u2192 class 0
[2026-07-19 13:54:37,464] 39 root - INFO - [Attacker] Label flip: 32 samples class 4 \u2192 class 0
[2026-07-19 13:54:37,473] 39 root - INFO - [Attacker] Label flip: 29 samples class 4 \u2192 class 0
[2026-07-19 13:54:37,480] 39 root - INFO - [Attacker] Label flip: 33 samples class 4 \u2192 class 0
[2026-07-19 13:54:37,488] 39 root - INFO - [Attacker] Label flip: 28 samples class 4 \u2192 class 0
[2026-07-19 13:54:37,494] 39 root - INFO - [Attacker] Label flip: 33 samples class 4 \u2192 class 0
[2026-07-19 13:54:37,502] 39 root - INFO - [Attacker] Label flip: 31 samples class 4 \u2192 class 0
[2026-07-19 13:54:37,510] 39 root - INFO - [Attacker] Label flip: 30 samples class 4 \u2192 class 0
[2026-07-19 13:54:37,518] 39 root - INFO - [Attacker] Label flip: 27 samples class 4 \u2192 class 0
[2026-07-19 13:54:37,526] 39 root - INFO - [Attacker] Label flip: 24 samples class 4 \u2192 class 0
[2026-07-19 13:54:37,534] 39 root - INFO - [Attacker] Label flip: 25 samples class 4 \u2192 class 0
[2026-07-19 13:54:37,540] 39 root - INFO - [Attacker] Label flip: 27 samples class 4 \u2192 class 0
[2026-07-19 13:54:37,547] 39 root - INFO - [Attacker] Label flip: 25 samples class 4 \u2192 class 0
[2026-07-19 13:54:37,555] 39 root - INFO - [Attacker] Label flip: 34 samples class 4 \u2192 class 0
[2026-07-19 13:54:37,563] 39 root - INFO - [Attacker] Label flip: 34 samples class 4 \u2192 class 0
[2026-07-19 13:54:37,573] 39 root - INFO - [Attacker] Label flip: 26 samples class 4 \u2192 class 0
[2026-07-19 13:54:37,581] 39 root - INFO - [Attacker] Label flip: 33 samples class 4 \u2192 class 0
[2026-07-19 13:54:37,587] 39 root - INFO - [Attacker] Label flip: 22 samples class 4 \u2192 class 0
[2026-07-19 13:54:37,595] 39 root - INFO - [Attacker] Label flip: 34 samples class 4 \u2192 class 0
[2026-07-19 13:54:37,603] 39 root - INFO - [Attacker] Label flip: 27 samples class 4 \u2192 class 0
[2026-07-19 13:54:37,611] 39 root - INFO - [Attacker] Label flip: 30 samples class 4 \u2192 class 0
[2026-07-19 13:54:37,619] 39 root - INFO - [Attacker] Label flip: 33 samples class 4 \u2192 class 0
[2026-07-19 13:54:37,626] 39 root - INFO - [Attacker] Label flip: 27 samples class 4 \u2192 class 0
[2026-07-19 13:54:37,635] 39 root - INFO - [Attacker] Label flip: 27 samples class 4 \u2192 class 0
[2026-07-19 13:54:37,642] 39 root - INFO - [Attacker] Label flip: 22 samples class 4 \u2192 class 0
[2026-07-19 13:54:37,650] 39 root - INFO - [Attacker] Label flip: 28 samples class 4 \u2192 class 0
[2026-07-19 13:54:37,658] 39 root - INFO - [Attacker] Label flip: 22 samples class 4 \u2192 class 0
[2026-07-19 13:54:37,666] 39 root - INFO - [Attacker] Label flip: 29 samples class 4 \u2192 class 0
[2026-07-19 13:54:37,676] 39 root - INFO - [Attacker] Label flip: 28 samples class 4 \u2192 class 0
[2026-07-19 13:54:37,683] 39 root - INFO - [Attacker] Label flip: 28 samples class 4 \u2192 class 0
[2026-07-19 13:54:37,691] 39 root - INFO - [Attacker] Label flip: 32 samples class 4 \u2192 class 0
[2026-07-19 13:54:37,700] 39 root - INFO - [Attacker] Label flip: 29 samples class 4 \u2192 class 0
[2026-07-19 13:54:37,709] 39 root - INFO - [Attacker] Label flip: 22 samples class 4 \u2192 class 0
[2026-07-19 13:54:37,717] 39 root - INFO - [Attacker] Label flip: 31 samples class 4 \u2192 class 0
[2026-07-19 13:54:37,725] 39 root - INFO - [Attacker] Label flip: 28 samples class 4 \u2192 class 0
[2026-07-19 13:54:37,733] 39 root - INFO - [Attacker] Label flip: 24 samples class 4 \u2192 class 0
[2026-07-19 13:54:37,741] 39 root - INFO - [Attacker] Label flip: 32 samples class 4 \u2192 class 0
[2026-07-19 13:54:37,749] 39 root - INFO - [Attacker] Label flip: 32 samples class 4 \u2192 class 0
[2026-07-19 13:54:37,757] 39 root - INFO - [Attacker] Label flip: 25 samples class 4 \u2192 class 0
[2026-07-19 13:54:37,764] 39 root - INFO - [Attacker] Label flip: 23 samples class 4 \u2192 class 0
[2026-07-19 13:54:37,771] 39 root - INFO - [Attacker] Label flip: 24 samples class 4 \u2192 class 0
[2026-07-19 13:54:37,779] 39 root - INFO - [Attacker] Label flip: 31 samples class 4 \u2192 class 0
[2026-07-19 13:54:37,786] 39 root - INFO - [Attacker] Label flip: 28 samples class 4 \u2192 class 0
[2026-07-19 13:54:37,794] 39 root - INFO - [Attacker] Label flip: 27 samples class 4 \u2192 class 0
[2026-07-19 13:54:37,802] 39 root - INFO - [Attacker] Label flip: 28 samples class 4 \u2192 class 0
[2026-07-19 13:54:37,810] 39 root - INFO - [Attacker] Label flip: 28 samples class 4 \u2192 class 0
[2026-07-19 13:54:37,818] 39 root - INFO - [Attacker] Label flip: 27 samples class 4 \u2192 class 0
[2026-07-19 13:54:37,826] 39 root - INFO - [Attacker] Label flip: 36 samples class 4 \u2192 class 0
[2026-07-19 13:54:37,838] 39 root - INFO - [Attacker] Label flip: 22 samples class 4 \u2192 class 0
[2026-07-19 13:54:37,845] 39 root - INFO - [Attacker] Label flip: 28 samples class 4 \u2192 class 0
[2026-07-19 13:54:37,853] 39 root - INFO - [Attacker] Label flip: 33 samples class 4 \u2192 class 0
[2026-07-19 13:54:37,861] 39 root - INFO - [Attacker] Label flip: 33 samples class 4 \u2192 class 0
[2026-07-19 13:54:37,869] 39 root - INFO - [Attacker] Label flip: 31 samples class 4 \u2192 class 0
[2026-07-19 13:54:37,877] 39 root - INFO - [Attacker] Label flip: 37 samples class 4 \u2192 class 0
[2026-07-19 13:54:37,885] 39 root - INFO - [Attacker] Label flip: 32 samples class 4 \u2192 class 0
[2026-07-19 13:54:37,893] 39 root - INFO - [Attacker] Label flip: 29 samples class 4 \u2192 class 0
[2026-07-19 13:54:37,901] 39 root - INFO - [Attacker] Label flip: 28 samples class 4 \u2192 class 0
[2026-07-19 13:54:37,909] 39 root - INFO - [Attacker] Label flip: 33 samples class 4 \u2192 class 0
[2026-07-19 13:54:37,916] 39 root - INFO - [Attacker] Label flip: 32 samples class 4 \u2192 class 0
[2026-07-19 13:54:37,924] 39 root - INFO - [Attacker] Label flip: 30 samples class 4 \u2192 class 0
[2026-07-19 13:54:37,932] 39 root - INFO - [Attacker] Label flip: 24 samples class 4 \u2192 class 0
[2026-07-19 13:54:37,940] 39 root - INFO - [Attacker] Label flip: 30 samples class 4 \u2192 class 0
[2026-07-19 13:54:37,948] 39 root - INFO - [Attacker] Label flip: 32 samples class 4 \u2192 class 0
[2026-07-19 13:54:37,956] 39 root - INFO - [Attacker] Label flip: 36 samples class 4 \u2192 class 0
[2026-07-19 13:54:37,964] 39 root - INFO - [Attacker] Label flip: 27 samples class 4 \u2192 class 0
[2026-07-19 13:54:37,972] 39 root - INFO - [Attacker] Label flip: 28 samples class 4 \u2192 class 0
[2026-07-19 13:54:37,978] 39 root - INFO - [Attacker] Label flip: 23 samples class 4 \u2192 class 0
[2026-07-19 13:54:37,987] 39 root - INFO - [Attacker] Label flip: 20 samples class 4 \u2192 class 0
[2026-07-19 13:54:37,994] 39 root - INFO - [Attacker] Label flip: 30 samples class 4 \u2192 class 0
[2026-07-19 13:54:38,002] 39 root - INFO - [Attacker] Label flip: 33 samples class 4 \u2192 class 0
[2026-07-19 13:54:38,010] 39 root - INFO - [Attacker] Label flip: 33 samples class 4 \u2192 class 0
[2026-07-19 13:54:38,018] 39 root - INFO - [Attacker] Label flip: 24 samples class 4 \u2192 class 0
[2026-07-19 13:54:38,026] 39 root - INFO - [Attacker] Label flip: 35 samples class 4 \u2192 class 0
[2026-07-19 13:54:38,034] 39 root - INFO - [Attacker] Label flip: 25 samples class 4 \u2192 class 0
[2026-07-19 13:54:38,042] 39 root - INFO - [Attacker] Label flip: 33 samples class 4 \u2192 class 0
[2026-07-19 13:54:38,050] 39 root - INFO - [Attacker] Label flip: 24 samples class 4 \u2192 class 0
[2026-07-19 13:54:38,058] 39 root - INFO - [Attacker] Label flip: 32 samples class 4 \u2192 class 0
[2026-07-19 13:54:38,066] 39 root - INFO - [Attacker] Label flip: 31 samples class 4 \u2192 class 0
[2026-07-19 13:54:38,074] 39 root - INFO - [Attacker] Label flip: 25 samples class 4 \u2192 class 0
[2026-07-19 13:54:38,082] 39 root - INFO - [Attacker] Label flip: 23 samples class 4 \u2192 class 0
[2026-07-19 13:54:38,089] 39 root - INFO - [Attacker] Label flip: 31 samples class 4 \u2192 class 0
[2026-07-19 13:54:38,097] 39 root - INFO - [Attacker] Label flip: 33 samples class 4 \u2192 class 0
[2026-07-19 13:54:38,107] 39 root - INFO - [Attacker] Label flip: 34 samples class 4 \u2192 class 0
[2026-07-19 13:54:38,113] 39 root - INFO - [Attacker] Label flip: 18 samples class 4 \u2192 class 0
[2026-07-19 13:54:38,121] 39 root - INFO - [Attacker] Label flip: 37 samples class 4 \u2192 class 0
[2026-07-19 13:54:38,129] 39 root - INFO - [Attacker] Label flip: 41 samples class 4 \u2192 class 0
[2026-07-19 13:54:38,137] 39 root - INFO - [Attacker] Label flip: 28 samples class 4 \u2192 class 0
[2026-07-19 13:54:38,145] 39 root - INFO - [Attacker] Label flip: 36 samples class 4 \u2192 class 0
[2026-07-19 13:54:38,152] 39 root - INFO - [Attacker] Label flip: 27 samples class 4 \u2192 class 0
[2026-07-19 13:54:38,160] 39 root - INFO - [Attacker] Label flip: 37 samples class 4 \u2192 class 0
[2026-07-19 13:54:38,172] 39 root - INFO - [Attacker] Label flip: 25 samples class 4 \u2192 class 0
[2026-07-19 13:54:38,178] 39 root - INFO - [Attacker] Label flip: 39 samples class 4 \u2192 class 0
[2026-07-19 13:54:38,186] 39 root - INFO - [Attacker] Label flip: 27 samples class 4 \u2192 class 0
[2026-07-19 13:54:38,194] 39 root - INFO - [Attacker] Label flip: 23 samples class 4 \u2192 class 0
[2026-07-19 13:54:38,204] 39 root - INFO - [Attacker] Label flip: 33 samples class 4 \u2192 class 0
[2026-07-19 13:54:38,212] 39 root - INFO - [Attacker] Label flip: 30 samples class 4 \u2192 class 0
[2026-07-19 13:54:38,220] 39 root - INFO - [Attacker] Label flip: 21 samples class 4 \u2192 class 0
[2026-07-19 13:54:38,228] 39 root - INFO - [Attacker] Label flip: 19 samples class 4 \u2192 class 0
[2026-07-19 13:54:38,235] 39 root - INFO - [Attacker] Label flip: 30 samples class 4 \u2192 class 0
[2026-07-19 13:54:38,243] 39 root - INFO - [Attacker] Label flip: 32 samples class 4 \u2192 class 0
[2026-07-19 13:54:38,251] 39 root - INFO - [Attacker] Label flip: 36 samples class 4 \u2192 class 0
[2026-07-19 13:54:38,259] 39 root - INFO - [Attacker] Label flip: 24 samples class 4 \u2192 class 0
[2026-07-19 13:54:38,267] 39 root - INFO - [Attacker] Label flip: 30 samples class 4 \u2192 class 0
[2026-07-19 13:54:38,275] 39 root - INFO - [Attacker] Label flip: 30 samples class 4 \u2192 class 0
[2026-07-19 13:54:38,283] 39 root - INFO - [Attacker] Label flip: 22 samples class 4 \u2192 class 0
[2026-07-19 13:54:38,291] 39 root - INFO - [Attacker] Label flip: 23 samples class 4 \u2192 class 0
[2026-07-19 13:54:38,299] 39 root - INFO - [Attacker] Label flip: 40 samples class 4 \u2192 class 0
[2026-07-19 13:54:38,307] 39 root - INFO - [Attacker] Label flip: 38 samples class 4 \u2192 class 0
[2026-07-19 13:54:38,314] 39 root - INFO - [Attacker] Label flip: 28 samples class 4 \u2192 class 0
[2026-07-19 13:54:38,320] 39 root - INFO - [Attacker] Label flip: 23 samples class 4 \u2192 class 0
[2026-07-19 13:54:38,330] 39 root - INFO - [Attacker] Label flip: 24 samples class 4 \u2192 class 0
[2026-07-19 13:54:38,338] 39 root - INFO - [Attacker] Label flip: 24 samples class 4 \u2192 class 0
[2026-07-19 13:54:38,346] 39 root - INFO - [Attacker] Label flip: 40 samples class 4 \u2192 class 0
[2026-07-19 13:54:38,354] 39 root - INFO - [Attacker] Label flip: 31 samples class 4 \u2192 class 0
[2026-07-19 13:54:38,362] 39 root - INFO - [Attacker] Label flip: 29 samples class 4 \u2192 class 0
[2026-07-19 13:54:38,370] 39 root - INFO - [Attacker] Label flip: 26 samples class 4 \u2192 class 0
[2026-07-19 13:54:38,378] 39 root - INFO - [Attacker] Label flip: 22 samples class 4 \u2192 class 0
[2026-07-19 13:54:38,386] 39 root - INFO - [Attacker] Label flip: 29 samples class 4 \u2192 class 0
[2026-07-19 13:54:38,393] 39 root - INFO - [Attacker] Label flip: 29 samples class 4 \u2192 class 0
[2026-07-19 13:54:38,401] 39 root - INFO - [Attacker] Label flip: 23 samples class 4 \u2192 class 0
[2026-07-19 13:54:38,409] 39 root - INFO - [Attacker] Label flip: 18 samples class 4 \u2192 class 0
[2026-07-19 13:54:38,417] 39 root - INFO - [Attacker] Label flip: 34 samples class 4 \u2192 class 0
[2026-07-19 13:54:38,424] 39 root - INFO - [Attacker] Label flip: 30 samples class 4 \u2192 class 0
[2026-07-19 13:54:38,435] 39 root - INFO - [Attacker] Label flip: 31 samples class 4 \u2192 class 0
[2026-07-19 13:54:38,443] 39 root - INFO - [Attacker] Label flip: 15 samples class 4 \u2192 class 0
[2026-07-19 13:54:38,451] 39 root - INFO - [Attacker] Label flip: 34 samples class 4 \u2192 class 0
[2026-07-19 13:54:38,457] 39 root - INFO - [Attacker] Label flip: 22 samples class 4 \u2192 class 0
[2026-07-19 13:54:38,465] 39 root - INFO - [Attacker] Label flip: 30 samples class 4 \u2192 class 0
[2026-07-19 13:54:38,473] 39 root - INFO - [Attacker] Label flip: 27 samples class 4 \u2192 class 0
[2026-07-19 13:54:38,481] 39 root - INFO - [Attacker] Label flip: 25 samples class 4 \u2192 class 0
[2026-07-19 13:54:38,488] 39 root - INFO - [Attacker] Label flip: 26 samples class 4 \u2192 class 0
[2026-07-19 13:54:38,496] 39 root - INFO - [Attacker] Label flip: 22 samples class 4 \u2192 class 0
[2026-07-19 13:54:38,504] 39 root - INFO - [Attacker] Label flip: 31 samples class 4 \u2192 class 0
[2026-07-19 13:54:38,512] 39 root - INFO - [Attacker] Label flip: 28 samples class 4 \u2192 class 0
[2026-07-19 13:54:38,521] 39 root - INFO - [Attacker] Label flip: 27 samples class 4 \u2192 class 0
[2026-07-19 13:54:38,528] 39 root - INFO - [Attacker] Label flip: 39 samples class 4 \u2192 class 0
[2026-07-19 13:54:38,537] 39 root - INFO - [Attacker] Label flip: 28 samples class 4 \u2192 class 0
[2026-07-19 13:54:38,545] 39 root - INFO - [Attacker] Label flip: 22 samples class 4 \u2192 class 0
[2026-07-19 13:54:38,551] 39 root - INFO - [Attacker] Label flip: 24 samples class 4 \u2192 class 0
[2026-07-19 13:54:38,559] 39 root - INFO - [Attacker] Label flip: 27 samples class 4 \u2192 class 0
[2026-07-19 13:54:38,566] 39 root - INFO - [Attacker] Label flip: 35 samples class 4 \u2192 class 0
[2026-07-19 13:54:38,574] 39 root - INFO - [Attacker] Label flip: 27 samples class 4 \u2192 class 0
[2026-07-19 13:54:38,582] 39 root - INFO - [Attacker] Label flip: 35 samples class 4 \u2192 class 0
[2026-07-19 13:54:38,590] 39 root - INFO - [Attacker] Label flip: 24 samples class 4 \u2192 class 0
[2026-07-19 13:54:38,598] 39 root - INFO - [Attacker] Label flip: 35 samples class 4 \u2192 class 0
[2026-07-19 13:54:38,606] 39 root - INFO - [Attacker] Label flip: 38 samples class 4 \u2192 class 0
[2026-07-19 13:54:38,614] 39 root - INFO - [Attacker] Label flip: 26 samples class 4 \u2192 class 0
[2026-07-19 13:54:38,620] 39 root - INFO - [Attacker] Label flip: 23 samples class 4 \u2192 class 0
[2026-07-19 13:54:38,628] 39 root - INFO - [Attacker] Label flip: 33 samples class 4 \u2192 class 0
[2026-07-19 13:54:38,636] 39 root - INFO - [Attacker] Label flip: 31 samples class 4 \u2192 class 0
[2026-07-19 13:54:38,643] 39 root - INFO - [Attacker] Label flip: 28 samples class 4 \u2192 class 0
[2026-07-19 13:54:38,651] 39 root - INFO - [Attacker] Label flip: 33 samples class 4 \u2192 class 0
[2026-07-19 13:54:38,659] 39 root - INFO - [Attacker] Label flip: 36 samples class 4 \u2192 class 0
[2026-07-19 13:54:38,667] 39 root - INFO - [Attacker] Label flip: 29 samples class 4 \u2192 class 0
[2026-07-19 13:54:38,675] 39 root - INFO - [Attacker] Label flip: 27 samples class 4 \u2192 class 0
[2026-07-19 13:54:38,681] 39 root - INFO - [Attacker] Label flip: 26 samples class 4 \u2192 class 0
[2026-07-19 13:54:38,689] 39 root - INFO - [Attacker] Label flip: 29 samples class 4 \u2192 class 0
[2026-07-19 13:54:38,699] 39 root - INFO - [Attacker] Label flip: 22 samples class 4 \u2192 class 0
[2026-07-19 13:54:38,706] 39 root - INFO - [Attacker] Label flip: 28 samples class 4 \u2192 class 0
[2026-07-19 13:54:38,714] 39 root - INFO - [Attacker] Label flip: 41 samples class 4 \u2192 class 0
[2026-07-19 13:54:38,722] 39 root - INFO - [Attacker] Label flip: 38 samples class 4 \u2192 class 0
[2026-07-19 13:54:38,730] 39 root - INFO - [Attacker] Label flip: 25 samples class 4 \u2192 class 0
[2026-07-19 13:54:38,738] 39 root - INFO - [Attacker] Label flip: 30 samples class 4 \u2192 class 0
[2026-07-19 13:54:38,746] 39 root - INFO - [Attacker] Label flip: 33 samples class 4 \u2192 class 0
[2026-07-19 13:54:38,754] 39 root - INFO - [Attacker] Label flip: 26 samples class 4 \u2192 class 0
[2026-07-19 13:54:38,762] 39 root - INFO - [Attacker] Label flip: 22 samples class 4 \u2192 class 0
[2026-07-19 13:54:38,771] 39 root - INFO - [Attacker] Label flip: 23 samples class 4 \u2192 class 0
[2026-07-19 13:54:38,777] 39 root - INFO - [Attacker] Label flip: 41 samples class 4 \u2192 class 0
[2026-07-19 13:54:38,785] 39 root - INFO - [Attacker] Label flip: 24 samples class 4 \u2192 class 0
[2026-07-19 13:54:38,795] 39 root - INFO - [Attacker] Label flip: 28 samples class 4 \u2192 class 0
[2026-07-19 13:54:38,803] 39 root - INFO - [Attacker] Label flip: 29 samples class 4 \u2192 class 0
[2026-07-19 13:54:38,811] 39 root - INFO - [Attacker] Label flip: 41 samples class 4 \u2192 class 0
[2026-07-19 13:54:38,819] 39 root - INFO - [Attacker] Label flip: 27 samples class 4 \u2192 class 0
[2026-07-19 13:54:38,827] 39 root - INFO - [Attacker] Label flip: 32 samples class 4 \u2192 class 0
[2026-07-19 13:54:38,837] 39 root - INFO - [Attacker] Label flip: 31 samples class 4 \u2192 class 0
[2026-07-19 13:54:38,845] 39 root - INFO - [Attacker] Label flip: 33 samples class 4 \u2192 class 0
[2026-07-19 13:54:38,852] 39 root - INFO - [Attacker] Label flip: 22 samples class 4 \u2192 class 0
[2026-07-19 13:54:38,860] 39 root - INFO - [Attacker] Label flip: 27 samples class 4 \u2192 class 0
[2026-07-19 13:54:38,868] 39 root - INFO - [Attacker] Label flip: 19 samples class 4 \u2192 class 0
[2026-07-19 13:54:38,876] 39 root - INFO - [Attacker] Label flip: 26 samples class 4 \u2192 class 0
[2026-07-19 13:54:38,884] 39 root - INFO - [Attacker] Label flip: 25 samples class 4 \u2192 class 0
[2026-07-19 13:54:38,892] 39 root - INFO - [Attacker] Label flip: 33 samples class 4 \u2192 class 0
[2026-07-19 13:54:38,900] 39 root - INFO - [Attacker] Label flip: 20 samples class 4 \u2192 class 0
[2026-07-19 13:54:38,908] 39 root - INFO - [Attacker] Label flip: 22 samples class 4 \u2192 class 0
[2026-07-19 13:54:38,915] 39 root - INFO - [Attacker] Label flip: 22 samples class 4 \u2192 class 0
[2026-07-19 13:54:38,921] 39 root - INFO - [Attacker] Label flip: 26 samples class 4 \u2192 class 0
[2026-07-19 13:54:38,937] 39 root - INFO - [Attacker] Label flip: 35 samples class 4 \u2192 class 0
[2026-07-19 13:54:38,945] 39 root - INFO - [Attacker] Label flip: 31 samples class 4 \u2192 class 0
[2026-07-19 13:54:38,953] 39 root - INFO - [Attacker] Label flip: 34 samples class 4 \u2192 class 0
[2026-07-19 13:54:38,961] 39 root - INFO - [Attacker] Label flip: 24 samples class 4 \u2192 class 0
[2026-07-19 13:54:38,971] 39 root - INFO - [Attacker] Label flip: 30 samples class 4 \u2192 class 0
[2026-07-19 13:54:38,979] 39 root - INFO - [Attacker] Label flip: 24 samples class 4 \u2192 class 0
[2026-07-19 13:54:38,985] 39 root - INFO - [Attacker] Label flip: 27 samples class 4 \u2192 class 0
[2026-07-19 13:54:38,992] 39 root - INFO - [Attacker] Label flip: 35 samples class 4 \u2192 class 0
[2026-07-19 13:54:39,000] 39 root - INFO - [Attacker] Label flip: 26 samples class 4 \u2192 class 0
[2026-07-19 13:54:39,008] 39 root - INFO - [Attacker] Label flip: 29 samples class 4 \u2192 class 0
[2026-07-19 13:54:39,016] 39 root - INFO - [Attacker] Label flip: 34 samples class 4 \u2192 class 0
[2026-07-19 13:54:39,024] 39 root - INFO - [Attacker] Label flip: 29 samples class 4 \u2192 class 0
[2026-07-19 13:54:39,034] 39 root - INFO - [Attacker] Label flip: 35 samples class 4 \u2192 class 0
[2026-07-19 13:54:39,043] 39 root - INFO - [Attacker] Label flip: 32 samples class 4 \u2192 class 0
[2026-07-19 13:54:39,049] 39 root - INFO - [Attacker] Label flip: 24 samples class 4 \u2192 class 0
[2026-07-19 13:54:39,058] 39 root - INFO - [Attacker] Label flip: 27 samples class 4 \u2192 class 0
[2026-07-19 13:54:39,066] 39 root - INFO - [Attacker] Label flip: 27 samples class 4 \u2192 class 0
[2026-07-19 13:54:39,074] 39 root - INFO - [Attacker] Label flip: 27 samples class 4 \u2192 class 0
[2026-07-19 13:54:39,082] 39 root - INFO - [Attacker] Label flip: 30 samples class 4 \u2192 class 0
[2026-07-19 13:54:39,089] 39 root - INFO - [Attacker] Label flip: 27 samples class 4 \u2192 class 0
[2026-07-19 13:54:39,095] 39 root - INFO - [Attacker] Label flip: 39 samples class 4 \u2192 class 0
[2026-07-19 13:54:39,103] 39 root - INFO - [Attacker] Label flip: 21 samples class 4 \u2192 class 0
[2026-07-19 13:54:39,111] 39 root - INFO - [Attacker] Label flip: 34 samples class 4 \u2192 class 0
[2026-07-19 13:54:39,119] 39 root - INFO - [Attacker] Label flip: 29 samples class 4 \u2192 class 0
[2026-07-19 13:54:39,127] 39 root - INFO - [Attacker] Label flip: 30 samples class 4 \u2192 class 0
[2026-07-19 13:54:39,134] 39 root - INFO - [Attacker] Label flip: 29 samples class 4 \u2192 class 0
[2026-07-19 13:54:39,143] 39 root - INFO - [Attacker] Label flip: 29 samples class 4 \u2192 class 0
[2026-07-19 13:54:39,151] 39 root - INFO - [Attacker] Label flip: 30 samples class 4 \u2192 class 0
[2026-07-19 13:54:39,159] 39 root - INFO - [Attacker] Label flip: 36 samples class 4 \u2192 class 0
[2026-07-19 13:54:39,167] 39 root - INFO - [Attacker] Label flip: 25 samples class 4 \u2192 class 0
[2026-07-19 13:54:39,175] 39 root - INFO - [Attacker] Label flip: 20 samples class 4 \u2192 class 0
[2026-07-19 13:54:39,183] 39 root - INFO - [Attacker] Label flip: 23 samples class 4 \u2192 class 0
[2026-07-19 13:54:39,190] 39 root - INFO - [Attacker] Label flip: 24 samples class 4 \u2192 class 0
[2026-07-19 13:54:39,199] 39 root - INFO - [Attacker] Label flip: 28 samples class 4 \u2192 class 0
[2026-07-19 13:54:39,206] 39 root - INFO - [Attacker] Label flip: 25 samples class 4 \u2192 class 0
[2026-07-19 13:54:39,214] 39 root - INFO - [Attacker] Label flip: 24 samples class 4 \u2192 class 0
[2026-07-19 13:54:39,222] 39 root - INFO - [Attacker] Label flip: 25 samples class 4 \u2192 class 0
[2026-07-19 13:54:39,230] 39 root - INFO - [Attacker] Label flip: 43 samples class 4 \u2192 class 0
[2026-07-19 13:54:39,236] 39 root - INFO - [Attacker] Label flip: 31 samples class 4 \u2192 class 0
[2026-07-19 13:54:39,244] 39 root - INFO - [Attacker] Label flip: 21 samples class 4 \u2192 class 0
[2026-07-19 13:54:39,252] 39 root - INFO - [Attacker] Label flip: 27 samples class 4 \u2192 class 0
[2026-07-19 13:54:39,260] 39 root - INFO - [Attacker] Label flip: 29 samples class 4 \u2192 class 0
[2026-07-19 13:54:39,268] 39 root - INFO - [Attacker] Label flip: 37 samples class 4 \u2192 class 0
[2026-07-19 13:54:39,276] 39 root - INFO - [Attacker] Label flip: 28 samples class 4 \u2192 class 0
[2026-07-19 13:54:39,284] 39 root - INFO - [Attacker] Label flip: 27 samples class 4 \u2192 class 0
[2026-07-19 13:54:39,290] 39 root - INFO - [Attacker] Label flip: 23 samples class 4 \u2192 class 0
[2026-07-19 13:54:39,299] 39 root - INFO - [Attacker] Label flip: 25 samples class 4 \u2192 class 0
[2026-07-19 13:54:39,307] 39 root - INFO - [Attacker] Label flip: 28 samples class 4 \u2192 class 0
[2026-07-19 13:54:39,315] 39 root - INFO - [Attacker] Label flip: 26 samples class 4 \u2192 class 0
[2026-07-19 13:54:39,323] 39 root - INFO - [Attacker] Label flip: 29 samples class 4 \u2192 class 0
[2026-07-19 13:54:39,331] 39 root - INFO - [Attacker] Label flip: 27 samples class 4 \u2192 class 0
[2026-07-19 13:54:39,339] 39 root - INFO - [Attacker] Label flip: 30 samples class 4 \u2192 class 0
[2026-07-19 13:54:39,347] 39 root - INFO - [Attacker] Label flip: 24 samples class 4 \u2192 class 0
[2026-07-19 13:54:39,355] 39 root - INFO - [Attacker] Label flip: 30 samples class 4 \u2192 class 0
[2026-07-19 13:54:39,365] 39 root - INFO - [Attacker] Label flip: 19 samples class 4 \u2192 class 0
[2026-07-19 13:54:39,373] 39 root - INFO - [Attacker] Label flip: 28 samples class 4 \u2192 class 0
[2026-07-19 13:54:39,380] 39 root - INFO - [Attacker] Label flip: 32 samples class 4 \u2192 class 0
[2026-07-19 13:54:39,388] 39 root - INFO - [Attacker] Label flip: 29 samples class 4 \u2192 class 0
[2026-07-19 13:54:39,396] 39 root - INFO - [Attacker] Label flip: 34 samples class 4 \u2192 class 0
[2026-07-19 13:54:39,404] 39 root - INFO - [Attacker] Label flip: 23 samples class 4 \u2192 class 0
[2026-07-19 13:54:39,412] 39 root - INFO - [Attacker] Label flip: 23 samples class 4 \u2192 class 0
[2026-07-19 13:54:39,418] 39 root - INFO - [Attacker] Label flip: 21 samples class 4 \u2192 class 0
[2026-07-19 13:54:39,436] 39 root - INFO - [Attacker] Label flip: 29 samples class 4 \u2192 class 0
[2026-07-19 13:54:39,444] 39 root - INFO - [Attacker] Label flip: 16 samples class 4 \u2192 class 0
[2026-07-19 13:54:39,452] 39 root - INFO - [Attacker] Label flip: 22 samples class 4 \u2192 class 0
[2026-07-19 13:54:39,459] 39 root - INFO - [Attacker] Label flip: 25 samples class 4 \u2192 class 0
[2026-07-19 13:54:39,467] 39 root - INFO - [Attacker] Label flip: 33 samples class 4 \u2192 class 0
[2026-07-19 13:54:39,477] 39 root - INFO - [Attacker] Label flip: 29 samples class 4 \u2192 class 0
[2026-07-19 13:54:39,487] 39 root - INFO - [Attacker] Label flip: 32 samples class 4 \u2192 class 0
[2026-07-19 13:54:39,493] 39 root - INFO - [Attacker] Label flip: 29 samples class 4 \u2192 class 0
[2026-07-19 13:54:39,501] 39 root - INFO - [Attacker] Label flip: 23 samples class 4 \u2192 class 0
[2026-07-19 13:54:39,509] 39 root - INFO - [Attacker] Label flip: 29 samples class 4 \u2192 class 0
[2026-07-19 13:54:39,516] 39 root - INFO - [Attacker] Label flip: 23 samples class 4 \u2192 class 0
[2026-07-19 13:54:39,524] 39 root - INFO - [Attacker] Label flip: 33 samples class 4 \u2192 class 0
[2026-07-19 13:54:39,532] 39 root - INFO - [Attacker] Label flip: 28 samples class 4 \u2192 class 0
[2026-07-19 13:54:39,540] 39 root - INFO - [Attacker] Label flip: 23 samples class 4 \u2192 class 0
[2026-07-19 13:54:39,548] 39 root - INFO - [Attacker] Label flip: 32 samples class 4 \u2192 class 0
[2026-07-19 13:54:39,556] 39 root - INFO - [Attacker] Label flip: 36 samples class 4 \u2192 class 0
[2026-07-19 13:54:39,564] 39 root - INFO - [Attacker] Label flip: 39 samples class 4 \u2192 class 0
[2026-07-19 13:54:39,572] 39 root - INFO - [Attacker] Label flip: 25 samples class 4 \u2192 class 0
[2026-07-19 13:54:39,578] 39 root - INFO - [Attacker] Label flip: 15 samples class 4 \u2192 class 0
[2026-07-19 13:54:39,586] 39 root - INFO - [Attacker] Label flip: 27 samples class 4 \u2192 class 0
[2026-07-19 13:54:39,594] 39 root - INFO - [Attacker] Label flip: 24 samples class 4 \u2192 class 0
[2026-07-19 13:54:39,602] 39 root - INFO - [Attacker] Label flip: 31 samples class 4 \u2192 class 0
[2026-07-19 13:54:39,610] 39 root - INFO - [Attacker] Label flip: 21 samples class 4 \u2192 class 0
[2026-07-19 13:54:39,618] 39 root - INFO - [Attacker] Label flip: 36 samples class 4 \u2192 class 0
[2026-07-19 13:54:39,626] 39 root - INFO - [Attacker] Label flip: 28 samples class 4 \u2192 class 0
[2026-07-19 13:54:39,634] 39 root - INFO - [Attacker] Label flip: 26 samples class 4 \u2192 class 0
[2026-07-19 13:54:39,641] 39 root - INFO - [Attacker] Label flip: 36 samples class 4 \u2192 class 0
[2026-07-19 13:54:39,650] 39 root - INFO - [Attacker] Label flip: 26 samples class 4 \u2192 class 0
[2026-07-19 13:54:39,657] 39 root - INFO - [Attacker] Label flip: 41 samples class 4 \u2192 class 0
[2026-07-19 13:54:39,665] 39 root - INFO - [Attacker] Label flip: 28 samples class 4 \u2192 class 0
[2026-07-19 13:54:39,673] 39 root - INFO - [Attacker] Label flip: 32 samples class 4 \u2192 class 0
[2026-07-19 13:54:39,681] 39 root - INFO - [Attacker] Label flip: 26 samples class 4 \u2192 class 0
[2026-07-19 13:54:39,689] 39 root - INFO - [Attacker] Label flip: 35 samples class 4 \u2192 class 0
[2026-07-19 13:54:39,697] 39 root - INFO - [Attacker] Label flip: 25 samples class 4 \u2192 class 0
[2026-07-19 13:54:39,704] 39 root - INFO - [Attacker] Label flip: 29 samples class 4 \u2192 class 0
[2026-07-19 13:54:39,713] 39 root - INFO - [Attacker] Label flip: 29 samples class 4 \u2192 class 0
[2026-07-19 13:54:39,720] 39 root - INFO - [Attacker] Label flip: 41 samples class 4 \u2192 class 0
[2026-07-19 13:54:39,728] 39 root - INFO - [Attacker] Label flip: 31 samples class 4 \u2192 class 0
[2026-07-19 13:54:39,738] 39 root - INFO - [Attacker] Label flip: 27 samples class 4 \u2192 class 0
[2026-07-19 13:54:39,746] 39 root - INFO - [Attacker] Label flip: 27 samples class 4 \u2192 class 0
[2026-07-19 13:54:39,754] 39 root - INFO - [Attacker] Label flip: 28 samples class 4 \u2192 class 0
[2026-07-19 13:54:39,762] 39 root - INFO - [Attacker] Label flip: 19 samples class 4 \u2192 class 0
[2026-07-19 13:54:39,774] 39 root - INFO - [Attacker] Label flip: 25 samples class 4 \u2192 class 0
[2026-07-19 13:54:39,782] 39 root - INFO - [Attacker] Label flip: 25 samples class 4 \u2192 class 0
[2026-07-19 13:54:39,789] 39 root - INFO - [Attacker] Label flip: 17 samples class 4 \u2192 class 0
[2026-07-19 13:54:39,797] 39 root - INFO - [Attacker] Label flip: 33 samples class 4 \u2192 class 0
[2026-07-19 13:54:39,809] 39 root - INFO - [Attacker] Label flip: 19 samples class 4 \u2192 class 0
[2026-07-19 13:54:39,817] 39 root - INFO - [Attacker] Label flip: 26 samples class 4 \u2192 class 0
[2026-07-19 13:54:39,825] 39 root - INFO - [Attacker] Label flip: 32 samples class 4 \u2192 class 0
[2026-07-19 13:54:39,833] 39 root - INFO - [Attacker] Label flip: 26 samples class 4 \u2192 class 0
[2026-07-19 13:54:39,841] 39 root - INFO - [Attacker] Label flip: 24 samples class 4 \u2192 class 0
[2026-07-19 13:54:39,849] 39 root - INFO - [Attacker] Label flip: 25 samples class 4 \u2192 class 0
[2026-07-19 13:54:39,857] 39 root - INFO - [Attacker] Label flip: 28 samples class 4 \u2192 class 0
[2026-07-19 13:54:39,864] 39 root - INFO - [Attacker] Label flip: 22 samples class 4 \u2192 class 0
[2026-07-19 13:54:39,872] 39 root - INFO - [Attacker] Label flip: 24 samples class 4 \u2192 class 0
[2026-07-19 13:54:39,880] 39 root - INFO - [Attacker] Label flip: 32 samples class 4 \u2192 class 0
[2026-07-19 13:54:39,888] 39 root - INFO - [Attacker] Label flip: 24 samples class 4 \u2192 class 0
[2026-07-19 13:54:39,896] 39 root - INFO - [Attacker] Label flip: 25 samples class 4 \u2192 class 0
[2026-07-19 13:54:39,904] 39 root - INFO - [Attacker] Label flip: 27 samples class 4 \u2192 class 0
[2026-07-19 13:54:39,914] 39 root - INFO - [Attacker] Label flip: 29 samples class 4 \u2192 class 0
[2026-07-19 13:54:39,922] 39 root - INFO - [Attacker] Label flip: 29 samples class 4 \u2192 class 0
[2026-07-19 13:54:39,929] 39 root - INFO - [Attacker] Label flip: 32 samples class 4 \u2192 class 0
[2026-07-19 13:54:39,937] 39 root - INFO - [Attacker] Label flip: 21 samples class 4 \u2192 class 0
[2026-07-19 13:54:39,945] 39 root - INFO - [Attacker] Label flip: 41 samples class 4 \u2192 class 0
[2026-07-19 13:54:39,953] 39 root - INFO - [Attacker] Label flip: 30 samples class 4 \u2192 class 0
[2026-07-19 13:54:39,961] 39 root - INFO - [Attacker] Label flip: 26 samples class 4 \u2192 class 0
[2026-07-19 13:54:39,969] 39 root - INFO - [Attacker] Label flip: 27 samples class 4 \u2192 class 0
[2026-07-19 13:54:39,979] 39 root - INFO - [Attacker] Label flip: 25 samples class 4 \u2192 class 0
[2026-07-19 13:54:39,985] 39 root - INFO - [Attacker] Label flip: 20 samples class 4 \u2192 class 0
[2026-07-19 13:54:39,993] 39 root - INFO - [Attacker] Label flip: 19 samples class 4 \u2192 class 0
[2026-07-19 13:54:40,001] 39 root - INFO - [Attacker] Label flip: 20 samples class 4 \u2192 class 0
[2026-07-19 13:54:40,008] 39 root - INFO - [Attacker] Label flip: 28 samples class 4 \u2192 class 0
[2026-07-19 13:54:40,016] 39 root - INFO - [Attacker] Label flip: 33 samples class 4 \u2192 class 0
[2026-07-19 13:54:40,024] 39 root - INFO - [Attacker] Label flip: 33 samples class 4 \u2192 class 0
[2026-07-19 13:54:40,032] 39 root - INFO - [Attacker] Label flip: 26 samples class 4 \u2192 class 0
[2026-07-19 13:54:40,040] 39 root - INFO - [Attacker] Label flip: 25 samples class 4 \u2192 class 0
[2026-07-19 13:54:40,048] 39 root - INFO - [Attacker] Label flip: 17 samples class 4 \u2192 class 0
[2026-07-19 13:54:40,056] 39 root - INFO - [Attacker] Label flip: 29 samples class 4 \u2192 class 0
[2026-07-19 13:54:40,066] 39 root - INFO - [Attacker] Label flip: 38 samples class 4 \u2192 class 0
[2026-07-19 13:54:40,072] 39 root - INFO - [Attacker] Label flip: 26 samples class 4 \u2192 class 0
[2026-07-19 13:54:40,080] 39 root - INFO - [Attacker] Label flip: 39 samples class 4 \u2192 class 0
[2026-07-19 13:54:40,087] 39 root - INFO - [Attacker] Label flip: 20 samples class 4 \u2192 class 0
[2026-07-19 13:54:40,095] 39 root - INFO - [Attacker] Label flip: 33 samples class 4 \u2192 class 0
[2026-07-19 13:54:40,105] 39 root - INFO - [Attacker] Label flip: 27 samples class 4 \u2192 class 0
[2026-07-19 13:54:40,113] 39 root - INFO - [Attacker] Label flip: 26 samples class 4 \u2192 class 0
[2026-07-19 13:54:40,121] 39 root - INFO - [Attacker] Label flip: 25 samples class 4 \u2192 class 0
[2026-07-19 13:54:40,129] 39 root - INFO - [Attacker] Label flip: 32 samples class 4 \u2192 class 0
[2026-07-19 13:54:40,137] 39 root - INFO - [Attacker] Label flip: 31 samples class 4 \u2192 class 0
[2026-07-19 13:54:40,144] 39 root - INFO - [Attacker] Label flip: 42 samples class 4 \u2192 class 0
[2026-07-19 13:54:40,153] 39 root - INFO - [Attacker] Label flip: 32 samples class 4 \u2192 class 0
[2026-07-19 13:54:40,160] 39 root - INFO - [Attacker] Label flip: 29 samples class 4 \u2192 class 0
[2026-07-19 13:54:40,168] 39 root - INFO - [Attacker] Label flip: 33 samples class 4 \u2192 class 0
[2026-07-19 13:54:40,176] 39 root - INFO - [Attacker] Label flip: 34 samples class 4 \u2192 class 0
[2026-07-19 13:54:40,182] 39 root - INFO - [Attacker] Label flip: 37 samples class 4 \u2192 class 0
[2026-07-19 13:54:40,190] 39 root - INFO - [Attacker] Label flip: 34 samples class 4 \u2192 class 0
[2026-07-19 13:54:40,198] 39 root - INFO - [Attacker] Label flip: 25 samples class 4 \u2192 class 0
[2026-07-19 13:54:40,206] 39 root - INFO - [Attacker] Label flip: 37 samples class 4 \u2192 class 0
[2026-07-19 13:54:40,214] 39 root - INFO - [Attacker] Label flip: 29 samples class 4 \u2192 class 0
[2026-07-19 13:54:40,221] 39 root - INFO - [Attacker] Label flip: 29 samples class 4 \u2192 class 0
[2026-07-19 13:54:40,230] 39 root - INFO - [Attacker] Label flip: 28 samples class 4 \u2192 class 0
[2026-07-19 13:54:40,237] 39 root - INFO - [Attacker] Label flip: 27 samples class 4 \u2192 class 0
[2026-07-19 13:54:40,245] 39 root - INFO - [Attacker] Label flip: 24 samples class 4 \u2192 class 0
[2026-07-19 13:54:40,253] 39 root - INFO - [Attacker] Label flip: 25 samples class 4 \u2192 class 0
[2026-07-19 13:54:40,261] 39 root - INFO - [Attacker] Label flip: 41 samples class 4 \u2192 class 0
[2026-07-19 13:54:40,269] 39 root - INFO - [Attacker] Label flip: 28 samples class 4 \u2192 class 0
[2026-07-19 13:54:40,279] 39 root - INFO - [Attacker] Label flip: 30 samples class 4 \u2192 class 0
[2026-07-19 13:54:40,287] 39 root - INFO - [Attacker] Label flip: 28 samples class 4 \u2192 class 0
[2026-07-19 13:54:40,293] 39 root - INFO - [Attacker] Label flip: 25 samples class 4 \u2192 class 0
[2026-07-19 13:54:40,300] 39 root - INFO - [Attacker] Label flip: 30 samples class 4 \u2192 class 0
[2026-07-19 13:54:40,308] 39 root - INFO - [Attacker] Label flip: 34 samples class 4 \u2192 class 0
[2026-07-19 13:54:40,316] 39 root - INFO - [Attacker] Label flip: 27 samples class 4 \u2192 class 0
[2026-07-19 13:54:40,324] 39 root - INFO - [Attacker] Label flip: 32 samples class 4 \u2192 class 0
[2026-07-19 13:54:40,332] 39 root - INFO - [Attacker] Label flip: 29 samples class 4 \u2192 class 0
[2026-07-19 13:54:40,340] 39 root - INFO - [Attacker] Label flip: 29 samples class 4 \u2192 class 0
[2026-07-19 13:54:40,348] 39 root - INFO - [Attacker] Label flip: 23 samples class 4 \u2192 class 0
[2026-07-19 13:54:40,356] 39 root - INFO - [Attacker] Label flip: 28 samples class 4 \u2192 class 0
[2026-07-19 13:54:40,363] 39 root - INFO - [Attacker] Label flip: 24 samples class 4 \u2192 class 0
[2026-07-19 13:54:40,371] 39 root - INFO - [Attacker] Label flip: 30 samples class 4 \u2192 class 0
[2026-07-19 13:54:40,378] 39 root - INFO - [Attacker] Label flip: 33 samples class 4 \u2192 class 0
[2026-07-19 13:54:40,386] 39 root - INFO - [Attacker] Label flip: 31 samples class 4 \u2192 class 0
[2026-07-19 13:54:40,393] 39 root - INFO - [Attacker] Label flip: 27 samples class 4 \u2192 class 0
[2026-07-19 13:54:40,405] 39 root - INFO - [Attacker] Label flip: 31 samples class 4 \u2192 class 0
[2026-07-19 13:54:40,413] 39 root - INFO - [Attacker] Label flip: 23 samples class 4 \u2192 class 0
[2026-07-19 13:54:40,421] 39 root - INFO - [Attacker] Label flip: 32 samples class 4 \u2192 class 0
[2026-07-19 13:54:40,429] 39 root - INFO - [Attacker] Label flip: 34 samples class 4 \u2192 class 0
[2026-07-19 13:54:40,437] 39 root - INFO - [Attacker] Label flip: 28 samples class 4 \u2192 class 0
[2026-07-19 13:54:40,445] 39 root - INFO - [Attacker] Label flip: 29 samples class 4 \u2192 class 0
[2026-07-19 13:54:40,453] 39 root - INFO - [Attacker] Label flip: 35 samples class 4 \u2192 class 0
[2026-07-19 13:54:40,460] 39 root - INFO - [Attacker] Label flip: 27 samples class 4 \u2192 class 0
[2026-07-19 13:54:40,469] 39 root - INFO - [Attacker] Label flip: 39 samples class 4 \u2192 class 0
[2026-07-19 13:54:40,476] 39 root - INFO - [Attacker] Label flip: 24 samples class 4 \u2192 class 0
[2026-07-19 13:54:40,484] 39 root - INFO - [Attacker] Label flip: 26 samples class 4 \u2192 class 0
[2026-07-19 13:54:40,492] 39 root - INFO - [Attacker] Label flip: 27 samples class 4 \u2192 class 0
[2026-07-19 13:54:40,500] 39 root - INFO - [Attacker] Label flip: 38 samples class 4 \u2192 class 0
[2026-07-19 13:54:40,508] 39 root - INFO - [Attacker] Label flip: 26 samples class 4 \u2192 class 0
[2026-07-19 13:54:40,514] 39 root - INFO - [Attacker] Label flip: 30 samples class 4 \u2192 class 0
[2026-07-19 13:54:40,522] 39 root - INFO - [Attacker] Label flip: 31 samples class 4 \u2192 class 0
[2026-07-19 13:54:40,530] 39 root - INFO - [Attacker] Label flip: 39 samples class 4 \u2192 class 0
[2026-07-19 13:54:40,540] 39 root - INFO - [Attacker] Label flip: 23 samples class 4 \u2192 class 0
[2026-07-19 13:54:40,546] 39 root - INFO - [Attacker] Label flip: 32 samples class 4 \u2192 class 0
[2026-07-19 13:54:40,554] 39 root - INFO - [Attacker] Label flip: 29 samples class 4 \u2192 class 0
[2026-07-19 13:54:40,562] 39 root - INFO - [Attacker] Label flip: 33 samples class 4 \u2192 class 0
[2026-07-19 13:54:40,569] 39 root - INFO - [Attacker] Label flip: 25 samples class 4 \u2192 class 0
[2026-07-19 13:54:40,577] 39 root - INFO - [Attacker] Label flip: 32 samples class 4 \u2192 class 0
[2026-07-19 13:54:40,585] 39 root - INFO - [Attacker] Label flip: 32 samples class 4 \u2192 class 0
[2026-07-19 13:54:40,593] 39 root - INFO - [Attacker] Label flip: 27 samples class 4 \u2192 class 0
[2026-07-19 13:54:40,601] 39 root - INFO - [Attacker] Label flip: 28 samples class 4 \u2192 class 0
[2026-07-19 13:54:40,609] 39 root - INFO - [Attacker] Label flip: 35 samples class 4 \u2192 class 0
[2026-07-19 13:54:40,617] 39 root - INFO - [Attacker] Label flip: 23 samples class 4 \u2192 class 0
[2026-07-19 13:54:40,625] 39 root - INFO - [Attacker] Label flip: 36 samples class 4 \u2192 class 0
[2026-07-19 13:54:40,636] 39 root - INFO - [Attacker] Label flip: 34 samples class 4 \u2192 class 0
[2026-07-19 13:54:40,644] 39 root - INFO - [Attacker] Label flip: 30 samples class 4 \u2192 class 0
[2026-07-19 13:54:40,651] 39 root - INFO - [Attacker] Label flip: 19 samples class 4 \u2192 class 0
[2026-07-19 13:54:40,659] 39 root - INFO - [Attacker] Label flip: 26 samples class 4 \u2192 class 0
[2026-07-19 13:54:40,667] 39 root - INFO - [Attacker] Label flip: 30 samples class 4 \u2192 class 0
[2026-07-19 13:54:40,675] 39 root - INFO - [Attacker] Label flip: 26 samples class 4 \u2192 class 0
[2026-07-19 13:54:40,683] 39 root - INFO - [Attacker] Label flip: 28 samples class 4 \u2192 class 0
[2026-07-19 13:54:40,689] 39 root - INFO - [Attacker] Label flip: 33 samples class 4 \u2192 class 0
[2026-07-19 13:54:40,699] 39 root - INFO - [Attacker] Label flip: 35 samples class 4 \u2192 class 0
[2026-07-19 13:54:40,707] 39 root - INFO - [Attacker] Label flip: 27 samples class 4 \u2192 class 0
[2026-07-19 13:54:40,714] 39 root - INFO - [Attacker] Label flip: 21 samples class 4 \u2192 class 0
[2026-07-19 13:54:40,720] 39 root - INFO - [Attacker] Label flip: 21 samples class 4 \u2192 class 0
[2026-07-19 13:54:40,728] 39 root - INFO - [Attacker] Label flip: 26 samples class 4 \u2192 class 0
[2026-07-19 13:54:40,738] 39 root - INFO - [Attacker] Label flip: 25 samples class 4 \u2192 class 0
[2026-07-19 13:54:40,746] 39 root - INFO - [Attacker] Label flip: 16 samples class 4 \u2192 class 0
[2026-07-19 13:54:40,754] 39 root - INFO - [Attacker] Label flip: 30 samples class 4 \u2192 class 0
[2026-07-19 13:54:40,762] 39 root - INFO - [Attacker] Label flip: 34 samples class 4 \u2192 class 0
[2026-07-19 13:54:40,770] 39 root - INFO - [Attacker] Label flip: 25 samples class 4 \u2192 class 0
[2026-07-19 13:54:40,778] 39 root - INFO - [Attacker] Label flip: 34 samples class 4 \u2192 class 0
[2026-07-19 13:54:40,786] 39 root - INFO - [Attacker] Label flip: 25 samples class 4 \u2192 class 0
[2026-07-19 13:54:40,793] 39 root - INFO - [Attacker] Label flip: 30 samples class 4 \u2192 class 0
[2026-07-19 13:54:40,801] 39 root - INFO - [Attacker] Label flip: 35 samples class 4 \u2192 class 0
[2026-07-19 13:54:40,809] 39 root - INFO - [Attacker] Label flip: 23 samples class 4 \u2192 class 0
[2026-07-19 13:54:40,817] 39 root - INFO - [Attacker] Label flip: 27 samples class 4 \u2192 class 0
[2026-07-19 13:54:40,825] 39 root - INFO - [Attacker] Label flip: 23 samples class 4 \u2192 class 0
[2026-07-19 13:54:40,833] 39 root - INFO - [Attacker] Label flip: 30 samples class 4 \u2192 class 0
[2026-07-19 13:54:40,841] 39 root - INFO - [Attacker] Label flip: 28 samples class 4 \u2192 class 0
[2026-07-19 13:54:40,848] 39 root - INFO - [Attacker] Label flip: 27 samples class 4 \u2192 class 0
[2026-07-19 13:54:40,855] 39 root - INFO - [Attacker] Label flip: 27 samples class 4 \u2192 class 0
[2026-07-19 13:54:40,867] 39 root - INFO - [Attacker] Label flip: 20 samples class 4 \u2192 class 0
[2026-07-19 13:54:40,873] 39 root - INFO - [Attacker] Label flip: 29 samples class 4 \u2192 class 0
[2026-07-19 13:54:40,881] 39 root - INFO - [Attacker] Label flip: 33 samples class 4 \u2192 class 0
[2026-07-19 13:54:40,888] 39 root - INFO - [Attacker] Label flip: 27 samples class 4 \u2192 class 0
[2026-07-19 13:54:40,897] 39 root - INFO - [Attacker] Label flip: 25 samples class 4 \u2192 class 0
[2026-07-19 13:54:40,904] 39 root - INFO - [Attacker] Label flip: 28 samples class 4 \u2192 class 0
[2026-07-19 13:54:40,912] 39 root - INFO - [Attacker] Label flip: 31 samples class 4 \u2192 class 0
[2026-07-19 13:54:40,920] 39 root - INFO - [Attacker] Label flip: 29 samples class 4 \u2192 class 0
[2026-07-19 13:54:40,928] 39 root - INFO - [Attacker] Label flip: 32 samples class 4 \u2192 class 0
[2026-07-19 13:54:40,936] 39 root - INFO - [Attacker] Label flip: 23 samples class 4 \u2192 class 0
[2026-07-19 13:54:40,944] 39 root - INFO - [Attacker] Label flip: 38 samples class 4 \u2192 class 0
[2026-07-19 13:54:40,952] 39 root - INFO - [Attacker] Label flip: 32 samples class 4 \u2192 class 0
[2026-07-19 13:54:40,962] 39 root - INFO - [Attacker] Label flip: 31 samples class 4 \u2192 class 0
[2026-07-19 13:54:40,968] 39 root - INFO - [Attacker] Label flip: 24 samples class 4 \u2192 class 0
[2026-07-19 13:54:40,976] 39 root - INFO - [Attacker] Label flip: 34 samples class 4 \u2192 class 0
[2026-07-19 13:54:40,984] 39 root - INFO - [Attacker] Label flip: 35 samples class 4 \u2192 class 0
[2026-07-19 13:54:40,992] 39 root - INFO - [Attacker] Label flip: 33 samples class 4 \u2192 class 0
[2026-07-19 13:54:40,999] 39 root - INFO - [Attacker] Label flip: 36 samples class 4 \u2192 class 0
[2026-07-19 13:54:41,007] 39 root - INFO - [Attacker] Label flip: 32 samples class 4 \u2192 class 0
[2026-07-19 13:54:41,015] 39 root - INFO - [Attacker] Label flip: 17 samples class 4 \u2192 class 0
[2026-07-19 13:54:41,023] 39 root - INFO - [Attacker] Label flip: 26 samples class 4 \u2192 class 0
[2026-07-19 13:54:41,031] 39 root - INFO - [Attacker] Label flip: 32 samples class 4 \u2192 class 0
[2026-07-19 13:54:41,039] 39 root - INFO - [Attacker] Label flip: 22 samples class 4 \u2192 class 0
[2026-07-19 13:54:41,045] 39 root - INFO - [Attacker] Label flip: 24 samples class 4 \u2192 class 0
[2026-07-19 13:54:41,053] 39 root - INFO - [Attacker] Label flip: 31 samples class 4 \u2192 class 0
[2026-07-19 13:54:41,063] 39 root - INFO - [Attacker] Label flip: 37 samples class 4 \u2192 class 0
[2026-07-19 13:54:41,071] 39 root - INFO - [Attacker] Label flip: 30 samples class 4 \u2192 class 0
[2026-07-19 13:54:41,078] 39 root - INFO - [Attacker] Label flip: 29 samples class 4 \u2192 class 0
[2026-07-19 13:54:41,086] 39 root - INFO - [Attacker] Label flip: 30 samples class 4 \u2192 class 0
[2026-07-19 13:54:41,094] 39 root - INFO - [Attacker] Label flip: 18 samples class 4 \u2192 class 0
[2026-07-19 13:54:41,102] 39 root - INFO - [Attacker] Label flip: 28 samples class 4 \u2192 class 0
[2026-07-19 13:54:41,110] 39 root - INFO - [Attacker] Label flip: 28 samples class 4 \u2192 class 0
[2026-07-19 13:54:41,118] 39 root - INFO - [Attacker] Label flip: 29 samples class 4 \u2192 class 0
[2026-07-19 13:54:41,126] 39 root - INFO - [Attacker] Label flip: 40 samples class 4 \u2192 class 0
[2026-07-19 13:54:41,134] 39 root - INFO - [Attacker] Label flip: 27 samples class 4 \u2192 class 0
[2026-07-19 13:54:41,142] 39 root - INFO - [Attacker] Label flip: 25 samples class 4 \u2192 class 0
[2026-07-19 13:54:41,150] 39 root - INFO - [Attacker] Label flip: 26 samples class 4 \u2192 class 0
[2026-07-19 13:54:41,158] 39 root - INFO - [Attacker] Label flip: 30 samples class 4 \u2192 class 0
[2026-07-19 13:54:41,166] 39 root - INFO - [Attacker] Label flip: 32 samples class 4 \u2192 class 0
[2026-07-19 13:54:41,175] 39 root - INFO - [Attacker] Label flip: 30 samples class 4 \u2192 class 0
[2026-07-19 13:54:41,181] 39 root - INFO - [Attacker] Label flip: 24 samples class 4 \u2192 class 0
[2026-07-19 13:54:41,189] 39 root - INFO - [Attacker] Label flip: 39 samples class 4 \u2192 class 0
[2026-07-19 13:54:41,197] 39 root - INFO - [Attacker] Label flip: 30 samples class 4 \u2192 class 0
[2026-07-19 13:54:41,205] 39 root - INFO - [Attacker] Label flip: 31 samples class 4 \u2192 class 0
[2026-07-19 13:54:41,213] 39 root - INFO - [Attacker] Label flip: 30 samples class 4 \u2192 class 0
[2026-07-19 13:54:41,221] 39 root - INFO - [Attacker] Label flip: 21 samples class 4 \u2192 class 0
[2026-07-19 13:54:41,229] 39 root - INFO - [Attacker] Label flip: 31 samples class 4 \u2192 class 0
[2026-07-19 13:54:41,237] 39 root - INFO - [Attacker] Label flip: 33 samples class 4 \u2192 class 0
[2026-07-19 13:54:41,244] 39 root - INFO - [Attacker] Label flip: 19 samples class 4 \u2192 class 0
[2026-07-19 13:54:41,250] 39 root - INFO - [Attacker] Label flip: 27 samples class 4 \u2192 class 0
[2026-07-19 13:54:41,258] 39 root - INFO - [Attacker] Label flip: 23 samples class 4 \u2192 class 0
[2026-07-19 13:54:41,266] 39 root - INFO - [Attacker] Label flip: 23 samples class 4 \u2192 class 0
[2026-07-19 13:54:41,274] 39 root - INFO - [Attacker] Label flip: 37 samples class 4 \u2192 class 0
[2026-07-19 13:54:41,282] 39 root - INFO - [Attacker] Label flip: 26 samples class 4 \u2192 class 0
[2026-07-19 13:54:41,290] 39 root - INFO - [Attacker] Label flip: 25 samples class 4 \u2192 class 0
[2026-07-19 13:54:41,298] 39 root - INFO - [Attacker] Label flip: 31 samples class 4 \u2192 class 0
[2026-07-19 13:54:41,305] 39 root - INFO - [Attacker] Label flip: 29 samples class 4 \u2192 class 0
[2026-07-19 13:54:41,313] 39 root - INFO - [Attacker] Label flip: 28 samples class 4 \u2192 class 0
[2026-07-19 13:54:41,321] 39 root - INFO - [Attacker] Label flip: 28 samples class 4 \u2192 class 0
[2026-07-19 13:54:41,331] 39 root - INFO - [Attacker] Label flip: 34 samples class 4 \u2192 class 0
[2026-07-19 13:54:41,339] 39 root - INFO - [Attacker] Label flip: 29 samples class 4 \u2192 class 0
[2026-07-19 13:54:41,347] 39 root - INFO - [Attacker] Label flip: 33 samples class 4 \u2192 class 0
[2026-07-19 13:54:41,355] 39 root - INFO - [Attacker] Label flip: 33 samples class 4 \u2192 class 0
[2026-07-19 13:54:41,363] 39 root - INFO - [Attacker] Label flip: 24 samples class 4 \u2192 class 0
[2026-07-19 13:54:41,371] 39 root - INFO - [Attacker] Label flip: 21 samples class 4 \u2192 class 0
[2026-07-19 13:54:41,379] 39 root - INFO - [Attacker] Label flip: 33 samples class 4 \u2192 class 0
[2026-07-19 13:54:41,386] 39 root - INFO - [Attacker] Label flip: 27 samples class 4 \u2192 class 0
[2026-07-19 13:54:41,394] 39 root - INFO - [Attacker] Label flip: 26 samples class 4 \u2192 class 0
[2026-07-19 13:54:41,402] 39 root - INFO - [Attacker] Label flip: 27 samples class 4 \u2192 class 0
[2026-07-19 13:54:41,410] 39 root - INFO - [Attacker] Label flip: 27 samples class 4 \u2192 class 0
[2026-07-19 13:54:41,418] 39 root - INFO - [Attacker] Label flip: 26 samples class 4 \u2192 class 0
[2026-07-19 13:54:41,426] 39 root - INFO - [Attacker] Label flip: 28 samples class 4 \u2192 class 0
[2026-07-19 13:54:41,433] 39 root - INFO - [Attacker] Label flip: 25 samples class 4 \u2192 class 0
[2026-07-19 13:54:41,441] 39 root - INFO - [Attacker] Label flip: 22 samples class 4 \u2192 class 0
[2026-07-19 13:54:41,448] 39 root - INFO - [Attacker] Label flip: 19 samples class 4 \u2192 class 0
[2026-07-19 13:54:41,456] 39 root - INFO - [Attacker] Label flip: 32 samples class 4 \u2192 class 0
[2026-07-19 13:54:41,464] 39 root - INFO - [Attacker] Label flip: 27 samples class 4 \u2192 class 0
[2026-07-19 13:54:41,472] 39 root - INFO - [Attacker] Label flip: 23 samples class 4 \u2192 class 0
[2026-07-19 13:54:41,479] 39 root - INFO - [Attacker] Label flip: 22 samples class 4 \u2192 class 0
[2026-07-19 13:54:41,488] 39 root - INFO - [Attacker] Label flip: 26 samples class 4 \u2192 class 0
[2026-07-19 13:54:41,497] 39 root - INFO - [Attacker] Label flip: 25 samples class 4 \u2192 class 0
[2026-07-19 13:54:41,505] 39 root - INFO - [Attacker] Label flip: 31 samples class 4 \u2192 class 0
[2026-07-19 13:54:41,513] 39 root - INFO - [Attacker] Label flip: 33 samples class 4 \u2192 class 0
[2026-07-19 13:54:41,521] 39 root - INFO - [Attacker] Label flip: 29 samples class 4 \u2192 class 0
[2026-07-19 13:54:41,529] 39 root - INFO - [Attacker] Label flip: 32 samples class 4 \u2192 class 0
[2026-07-19 13:54:41,535] 39 root - INFO - [Attacker] Label flip: 35 samples class 4 \u2192 class 0
[2026-07-19 13:54:41,543] 39 root - INFO - [Attacker] Label flip: 39 samples class 4 \u2192 class 0
[2026-07-19 13:54:41,551] 39 root - INFO - [Attacker] Label flip: 35 samples class 4 \u2192 class 0
[2026-07-19 13:54:41,561] 39 root - INFO - [Attacker] Label flip: 26 samples class 4 \u2192 class 0
[2026-07-19 13:54:41,568] 39 root - INFO - [Attacker] Label flip: 37 samples class 4 \u2192 class 0
[2026-07-19 13:54:41,576] 39 root - INFO - [Attacker] Label flip: 34 samples class 4 \u2192 class 0
[2026-07-19 13:54:41,582] 39 root - INFO - [Attacker] Label flip: 19 samples class 4 \u2192 class 0
[2026-07-19 13:54:41,592] 39 root - INFO - [Attacker] Label flip: 30 samples class 4 \u2192 class 0
[2026-07-19 13:54:41,786] 39 root - INFO - [Attacker] Label flip: 30 samples class 4 \u2192 class 0
[2026-07-19 13:54:41,797] 39 root - INFO - [Attacker] Label flip: 31 samples class 4 \u2192 class 0
[2026-07-19 13:54:41,805] 39 root - INFO - [Attacker] Label flip: 27 samples class 4 \u2192 class 0
[2026-07-19 13:54:41,812] 39 root - INFO - [Attacker] Label flip: 39 samples class 4 \u2192 class 0
[2026-07-19 13:54:41,820] 39 root - INFO - [Attacker] Label flip: 33 samples class 4 \u2192 class 0
[2026-07-19 13:54:41,830] 39 root - INFO - [Attacker] Label flip: 32 samples class 4 \u2192 class 0
[2026-07-19 13:54:41,838] 39 root - INFO - [Attacker] Label flip: 30 samples class 4 \u2192 class 0
[2026-07-19 13:54:41,846] 39 root - INFO - [Attacker] Label flip: 22 samples class 4 \u2192 class 0
[2026-07-19 13:54:41,854] 39 root - INFO - [Attacker] Label flip: 34 samples class 4 \u2192 class 0
[2026-07-19 13:54:41,862] 39 root - INFO - [Attacker] Label flip: 29 samples class 4 \u2192 class 0
[2026-07-19 13:54:41,869] 39 root - INFO - [Attacker] Label flip: 24 samples class 4 \u2192 class 0
[2026-07-19 13:54:41,877] 39 root - INFO - [Attacker] Label flip: 27 samples class 4 \u2192 class 0
[2026-07-19 13:54:41,958] 268 flwr - WARNING - DEPRECATED FEATURE: `client_fn` now expects a signature `def client_fn(context: Context)`.The provided `client_fn` has signature: {'cid': <Parameter "cid: str">}. You can import the `Context` like this: `from flwr.common import Context`

            This is a deprecated feature. It will be removed
            entirely in future versions of Flower.
        
[2026-07-19 13:54:57,890] 268 flwr - WARNING - DEPRECATED FEATURE: `client_fn` now expects a signature `def client_fn(context: Context)`.The provided `client_fn` has signature: {'cid': <Parameter "cid: str">}. You can import the `Context` like this: `from flwr.common import Context`

            This is a deprecated feature. It will be removed
            entirely in future versions of Flower.
        
[2026-07-19 13:56:04,557] 268 flwr - WARNING - DEPRECATED FEATURE: `client_fn` now expects a signature `def client_fn(context: Context)`.The provided `client_fn` has signature: {'cid': <Parameter "cid: str">}. You can import the `Context` like this: `from flwr.common import Context`

            This is a deprecated feature. It will be removed
            entirely in future versions of Flower.
        
[2026-07-19 13:56:04,620] 268 flwr - WARNING - DEPRECATED FEATURE: `client_fn` now expects a signature `def client_fn(context: Context)`.The provided `client_fn` has signature: {'cid': <Parameter "cid: str">}. You can import the `Context` like this: `from flwr.common import Context`

            This is a deprecated feature. It will be removed
            entirely in future versions of Flower.
        
[2026-07-19 13:56:04,709] 268 flwr - WARNING - DEPRECATED FEATURE: `client_fn` now expects a signature `def client_fn(context: Context)`.The provided `client_fn` has signature: {'cid': <Parameter "cid: str">}. You can import the `Context` like this: `from flwr.common import Context`

            This is a deprecated feature. It will be removed
            entirely in future versions of Flower.
        
[2026-07-19 13:56:04,934] 268 flwr - WARNING - DEPRECATED FEATURE: `client_fn` now expects a signature `def client_fn(context: Context)`.The provided `client_fn` has signature: {'cid': <Parameter "cid: str">}. You can import the `Context` like this: `from flwr.common import Context`

            This is a deprecated feature. It will be removed
            entirely in future versions of Flower.
        
