[2026-07-19 13:45:45,985] 268 flwr - WARNING - DEPRECATED FEATURE: `client_fn` now expects a signature `def client_fn(context: Context)`.The provided `client_fn` has signature: {'cid': <Parameter "cid: str">}. You can import the `Context` like this: `from flwr.common import Context`

            This is a deprecated feature. It will be removed
            entirely in future versions of Flower.
        
[2026-07-19 13:45:46,032] 268 flwr - WARNING - DEPRECATED FEATURE: `client_fn` now expects a signature `def client_fn(context: Context)`.The provided `client_fn` has signature: {'cid': <Parameter "cid: str">}. You can import the `Context` like this: `from flwr.common import Context`

            This is a deprecated feature. It will be removed
            entirely in future versions of Flower.
        
[2026-07-19 13:45:46,032] 268 flwr - WARNING - DEPRECATED FEATURE: `client_fn` now expects a signature `def client_fn(context: Context)`.The provided `client_fn` has signature: {'cid': <Parameter "cid: str">}. You can import the `Context` like this: `from flwr.common import Context`

            This is a deprecated feature. It will be removed
            entirely in future versions of Flower.
        
[2026-07-19 13:45:46,091] 268 flwr - WARNING - DEPRECATED FEATURE: `client_fn` now expects a signature `def client_fn(context: Context)`.The provided `client_fn` has signature: {'cid': <Parameter "cid: str">}. You can import the `Context` like this: `from flwr.common import Context`

            This is a deprecated feature. It will be removed
            entirely in future versions of Flower.
        
[2026-07-19 13:45:46,128] 268 flwr - WARNING - DEPRECATED FEATURE: `client_fn` now expects a signature `def client_fn(context: Context)`.The provided `client_fn` has signature: {'cid': <Parameter "cid: str">}. You can import the `Context` like this: `from flwr.common import Context`

            This is a deprecated feature. It will be removed
            entirely in future versions of Flower.
        
[2026-07-19 13:45:48,398] 39 root - INFO - [Attacker] Label flip: 30 samples class 4 \u2192 class 0
[2026-07-19 13:45:48,408] 39 root - INFO - [Attacker] Label flip: 35 samples class 4 \u2192 class 0
[2026-07-19 13:45:48,414] 39 root - INFO - [Attacker] Label flip: 29 samples class 4 \u2192 class 0
[2026-07-19 13:45:48,423] 39 root - INFO - [Attacker] Label flip: 26 samples class 4 \u2192 class 0
[2026-07-19 13:45:48,429] 39 root - INFO - [Attacker] Label flip: 23 samples class 4 \u2192 class 0
[2026-07-19 13:45:48,437] 39 root - INFO - [Attacker] Label flip: 28 samples class 4 \u2192 class 0
[2026-07-19 13:45:48,445] 39 root - INFO - [Attacker] Label flip: 35 samples class 4 \u2192 class 0
[2026-07-19 13:45:48,451] 39 root - INFO - [Attacker] Label flip: 36 samples class 4 \u2192 class 0
[2026-07-19 13:45:48,459] 39 root - INFO - [Attacker] Label flip: 26 samples class 4 \u2192 class 0
[2026-07-19 13:45:48,467] 39 root - INFO - [Attacker] Label flip: 32 samples class 4 \u2192 class 0
[2026-07-19 13:45:48,473] 39 root - INFO - [Attacker] Label flip: 26 samples class 4 \u2192 class 0
[2026-07-19 13:45:48,480] 39 root - INFO - [Attacker] Label flip: 36 samples class 4 \u2192 class 0
[2026-07-19 13:45:48,489] 39 root - INFO - [Attacker] Label flip: 29 samples class 4 \u2192 class 0
[2026-07-19 13:45:48,496] 39 root - INFO - [Attacker] Label flip: 24 samples class 4 \u2192 class 0
[2026-07-19 13:45:48,504] 39 root - INFO - [Attacker] Label flip: 27 samples class 4 \u2192 class 0
[2026-07-19 13:45:48,513] 39 root - INFO - [Attacker] Label flip: 24 samples class 4 \u2192 class 0
[2026-07-19 13:45:48,520] 39 root - INFO - [Attacker] Label flip: 28 samples class 4 \u2192 class 0
[2026-07-19 13:45:48,527] 39 root - INFO - [Attacker] Label flip: 32 samples class 4 \u2192 class 0
[2026-07-19 13:45:48,535] 39 root - INFO - [Attacker] Label flip: 31 samples class 4 \u2192 class 0
[2026-07-19 13:45:48,542] 39 root - INFO - [Attacker] Label flip: 27 samples class 4 \u2192 class 0
[2026-07-19 13:45:48,550] 39 root - INFO - [Attacker] Label flip: 25 samples class 4 \u2192 class 0
[2026-07-19 13:45:48,556] 39 root - INFO - [Attacker] Label flip: 30 samples class 4 \u2192 class 0
[2026-07-19 13:45:48,564] 39 root - INFO - [Attacker] Label flip: 33 samples class 4 \u2192 class 0
[2026-07-19 13:45:48,572] 39 root - INFO - [Attacker] Label flip: 41 samples class 4 \u2192 class 0
[2026-07-19 13:45:48,578] 39 root - INFO - [Attacker] Label flip: 30 samples class 4 \u2192 class 0
[2026-07-19 13:45:48,586] 39 root - INFO - [Attacker] Label flip: 26 samples class 4 \u2192 class 0
[2026-07-19 13:45:48,594] 39 root - INFO - [Attacker] Label flip: 27 samples class 4 \u2192 class 0
[2026-07-19 13:45:48,602] 39 root - INFO - [Attacker] Label flip: 31 samples class 4 \u2192 class 0
[2026-07-19 13:45:48,610] 39 root - INFO - [Attacker] Label flip: 26 samples class 4 \u2192 class 0
[2026-07-19 13:45:48,620] 39 root - INFO - [Attacker] Label flip: 33 samples class 4 \u2192 class 0
[2026-07-19 13:45:48,637] 39 root - INFO - [Attacker] Label flip: 33 samples class 4 \u2192 class 0
[2026-07-19 13:45:48,643] 39 root - INFO - [Attacker] Label flip: 24 samples class 4 \u2192 class 0
[2026-07-19 13:45:48,651] 39 root - INFO - [Attacker] Label flip: 36 samples class 4 \u2192 class 0
[2026-07-19 13:45:48,659] 39 root - INFO - [Attacker] Label flip: 32 samples class 4 \u2192 class 0
[2026-07-19 13:45:48,679] 39 root - INFO - [Attacker] Label flip: 35 samples class 4 \u2192 class 0
[2026-07-19 13:45:48,687] 39 root - INFO - [Attacker] Label flip: 32 samples class 4 \u2192 class 0
[2026-07-19 13:45:48,693] 39 root - INFO - [Attacker] Label flip: 26 samples class 4 \u2192 class 0
[2026-07-19 13:45:48,701] 39 root - INFO - [Attacker] Label flip: 25 samples class 4 \u2192 class 0
[2026-07-19 13:45:48,711] 39 root - INFO - [Attacker] Label flip: 32 samples class 4 \u2192 class 0
[2026-07-19 13:45:48,718] 39 root - INFO - [Attacker] Label flip: 30 samples class 4 \u2192 class 0
[2026-07-19 13:45:48,726] 39 root - INFO - [Attacker] Label flip: 28 samples class 4 \u2192 class 0
[2026-07-19 13:45:48,734] 39 root - INFO - [Attacker] Label flip: 29 samples class 4 \u2192 class 0
[2026-07-19 13:45:48,744] 39 root - INFO - [Attacker] Label flip: 37 samples class 4 \u2192 class 0
[2026-07-19 13:45:48,754] 39 root - INFO - [Attacker] Label flip: 28 samples class 4 \u2192 class 0
[2026-07-19 13:45:48,760] 39 root - INFO - [Attacker] Label flip: 31 samples class 4 \u2192 class 0
[2026-07-19 13:45:48,768] 39 root - INFO - [Attacker] Label flip: 29 samples class 4 \u2192 class 0
[2026-07-19 13:45:48,776] 39 root - INFO - [Attacker] Label flip: 24 samples class 4 \u2192 class 0
[2026-07-19 13:45:48,783] 39 root - INFO - [Attacker] Label flip: 27 samples class 4 \u2192 class 0
[2026-07-19 13:45:48,791] 39 root - INFO - [Attacker] Label flip: 27 samples class 4 \u2192 class 0
[2026-07-19 13:45:48,799] 39 root - INFO - [Attacker] Label flip: 35 samples class 4 \u2192 class 0
[2026-07-19 13:45:48,807] 39 root - INFO - [Attacker] Label flip: 31 samples class 4 \u2192 class 0
[2026-07-19 13:45:48,815] 39 root - INFO - [Attacker] Label flip: 31 samples class 4 \u2192 class 0
[2026-07-19 13:45:48,823] 39 root - INFO - [Attacker] Label flip: 36 samples class 4 \u2192 class 0
[2026-07-19 13:45:48,831] 39 root - INFO - [Attacker] Label flip: 22 samples class 4 \u2192 class 0
[2026-07-19 13:45:48,837] 39 root - INFO - [Attacker] Label flip: 25 samples class 4 \u2192 class 0
[2026-07-19 13:45:48,846] 39 root - INFO - [Attacker] Label flip: 25 samples class 4 \u2192 class 0
[2026-07-19 13:45:48,854] 39 root - INFO - [Attacker] Label flip: 34 samples class 4 \u2192 class 0
[2026-07-19 13:45:48,862] 39 root - INFO - [Attacker] Label flip: 33 samples class 4 \u2192 class 0
[2026-07-19 13:45:48,868] 39 root - INFO - [Attacker] Label flip: 29 samples class 4 \u2192 class 0
[2026-07-19 13:45:48,876] 39 root - INFO - [Attacker] Label flip: 31 samples class 4 \u2192 class 0
[2026-07-19 13:45:48,890] 39 root - INFO - [Attacker] Label flip: 38 samples class 4 \u2192 class 0
[2026-07-19 13:45:48,915] 39 root - INFO - [Attacker] Label flip: 24 samples class 4 \u2192 class 0
[2026-07-19 13:45:48,925] 39 root - INFO - [Attacker] Label flip: 34 samples class 4 \u2192 class 0
[2026-07-19 13:45:48,931] 39 root - INFO - [Attacker] Label flip: 27 samples class 4 \u2192 class 0
[2026-07-19 13:45:48,958] 39 root - INFO - [Attacker] Label flip: 27 samples class 4 \u2192 class 0
[2026-07-19 13:45:48,966] 39 root - INFO - [Attacker] Label flip: 25 samples class 4 \u2192 class 0
[2026-07-19 13:45:48,976] 39 root - INFO - [Attacker] Label flip: 35 samples class 4 \u2192 class 0
[2026-07-19 13:45:48,984] 39 root - INFO - [Attacker] Label flip: 25 samples class 4 \u2192 class 0
[2026-07-19 13:45:48,992] 39 root - INFO - [Attacker] Label flip: 31 samples class 4 \u2192 class 0
[2026-07-19 13:45:49,000] 39 root - INFO - [Attacker] Label flip: 20 samples class 4 \u2192 class 0
[2026-07-19 13:45:49,008] 39 root - INFO - [Attacker] Label flip: 27 samples class 4 \u2192 class 0
[2026-07-19 13:45:49,014] 39 root - INFO - [Attacker] Label flip: 24 samples class 4 \u2192 class 0
[2026-07-19 13:45:49,022] 39 root - INFO - [Attacker] Label flip: 27 samples class 4 \u2192 class 0
[2026-07-19 13:45:49,032] 39 root - INFO - [Attacker] Label flip: 33 samples class 4 \u2192 class 0
[2026-07-19 13:45:49,040] 39 root - INFO - [Attacker] Label flip: 28 samples class 4 \u2192 class 0
[2026-07-19 13:45:49,047] 39 root - INFO - [Attacker] Label flip: 35 samples class 4 \u2192 class 0
[2026-07-19 13:45:49,053] 39 root - INFO - [Attacker] Label flip: 31 samples class 4 \u2192 class 0
[2026-07-19 13:45:49,065] 39 root - INFO - [Attacker] Label flip: 32 samples class 4 \u2192 class 0
[2026-07-19 13:45:49,072] 39 root - INFO - [Attacker] Label flip: 34 samples class 4 \u2192 class 0
[2026-07-19 13:45:49,080] 39 root - INFO - [Attacker] Label flip: 24 samples class 4 \u2192 class 0
[2026-07-19 13:45:49,088] 39 root - INFO - [Attacker] Label flip: 31 samples class 4 \u2192 class 0
[2026-07-19 13:45:49,096] 39 root - INFO - [Attacker] Label flip: 32 samples class 4 \u2192 class 0
[2026-07-19 13:45:49,102] 39 root - INFO - [Attacker] Label flip: 31 samples class 4 \u2192 class 0
[2026-07-19 13:45:49,110] 39 root - INFO - [Attacker] Label flip: 23 samples class 4 \u2192 class 0
[2026-07-19 13:45:49,118] 39 root - INFO - [Attacker] Label flip: 24 samples class 4 \u2192 class 0
[2026-07-19 13:45:49,126] 39 root - INFO - [Attacker] Label flip: 33 samples class 4 \u2192 class 0
[2026-07-19 13:45:49,134] 39 root - INFO - [Attacker] Label flip: 31 samples class 4 \u2192 class 0
[2026-07-19 13:45:49,142] 39 root - INFO - [Attacker] Label flip: 20 samples class 4 \u2192 class 0
[2026-07-19 13:45:49,148] 39 root - INFO - [Attacker] Label flip: 28 samples class 4 \u2192 class 0
[2026-07-19 13:45:49,155] 39 root - INFO - [Attacker] Label flip: 35 samples class 4 \u2192 class 0
[2026-07-19 13:45:49,165] 39 root - INFO - [Attacker] Label flip: 28 samples class 4 \u2192 class 0
[2026-07-19 13:45:49,173] 39 root - INFO - [Attacker] Label flip: 26 samples class 4 \u2192 class 0
[2026-07-19 13:45:49,181] 39 root - INFO - [Attacker] Label flip: 29 samples class 4 \u2192 class 0
[2026-07-19 13:45:49,189] 39 root - INFO - [Attacker] Label flip: 26 samples class 4 \u2192 class 0
[2026-07-19 13:45:49,205] 39 root - INFO - [Attacker] Label flip: 35 samples class 4 \u2192 class 0
[2026-07-19 13:45:49,213] 39 root - INFO - [Attacker] Label flip: 27 samples class 4 \u2192 class 0
[2026-07-19 13:45:49,221] 39 root - INFO - [Attacker] Label flip: 34 samples class 4 \u2192 class 0
[2026-07-19 13:45:49,229] 39 root - INFO - [Attacker] Label flip: 27 samples class 4 \u2192 class 0
[2026-07-19 13:45:49,244] 39 root - INFO - [Attacker] Label flip: 25 samples class 4 \u2192 class 0
[2026-07-19 13:45:49,252] 39 root - INFO - [Attacker] Label flip: 29 samples class 4 \u2192 class 0
[2026-07-19 13:45:49,260] 39 root - INFO - [Attacker] Label flip: 30 samples class 4 \u2192 class 0
[2026-07-19 13:45:49,266] 39 root - INFO - [Attacker] Label flip: 25 samples class 4 \u2192 class 0
[2026-07-19 13:45:49,276] 39 root - INFO - [Attacker] Label flip: 26 samples class 4 \u2192 class 0
[2026-07-19 13:45:49,284] 39 root - INFO - [Attacker] Label flip: 33 samples class 4 \u2192 class 0
[2026-07-19 13:45:49,292] 39 root - INFO - [Attacker] Label flip: 25 samples class 4 \u2192 class 0
[2026-07-19 13:45:49,300] 39 root - INFO - [Attacker] Label flip: 33 samples class 4 \u2192 class 0
[2026-07-19 13:45:49,308] 39 root - INFO - [Attacker] Label flip: 23 samples class 4 \u2192 class 0
[2026-07-19 13:45:49,315] 39 root - INFO - [Attacker] Label flip: 25 samples class 4 \u2192 class 0
[2026-07-19 13:45:49,323] 39 root - INFO - [Attacker] Label flip: 26 samples class 4 \u2192 class 0
[2026-07-19 13:45:49,329] 39 root - INFO - [Attacker] Label flip: 22 samples class 4 \u2192 class 0
[2026-07-19 13:45:49,337] 39 root - INFO - [Attacker] Label flip: 18 samples class 4 \u2192 class 0
[2026-07-19 13:45:49,357] 39 root - INFO - [Attacker] Label flip: 29 samples class 4 \u2192 class 0
[2026-07-19 13:45:49,369] 39 root - INFO - [Attacker] Label flip: 25 samples class 4 \u2192 class 0
[2026-07-19 13:45:49,377] 39 root - INFO - [Attacker] Label flip: 20 samples class 4 \u2192 class 0
[2026-07-19 13:45:49,385] 39 root - INFO - [Attacker] Label flip: 24 samples class 4 \u2192 class 0
[2026-07-19 13:45:49,401] 39 root - INFO - [Attacker] Label flip: 27 samples class 4 \u2192 class 0
[2026-07-19 13:45:49,408] 39 root - INFO - [Attacker] Label flip: 25 samples class 4 \u2192 class 0
[2026-07-19 13:45:49,416] 39 root - INFO - [Attacker] Label flip: 26 samples class 4 \u2192 class 0
[2026-07-19 13:45:49,424] 39 root - INFO - [Attacker] Label flip: 33 samples class 4 \u2192 class 0
[2026-07-19 13:45:49,434] 39 root - INFO - [Attacker] Label flip: 17 samples class 4 \u2192 class 0
[2026-07-19 13:45:49,442] 39 root - INFO - [Attacker] Label flip: 25 samples class 4 \u2192 class 0
[2026-07-19 13:45:49,448] 39 root - INFO - [Attacker] Label flip: 35 samples class 4 \u2192 class 0
[2026-07-19 13:45:49,456] 39 root - INFO - [Attacker] Label flip: 25 samples class 4 \u2192 class 0
[2026-07-19 13:45:49,464] 39 root - INFO - [Attacker] Label flip: 21 samples class 4 \u2192 class 0
[2026-07-19 13:45:49,472] 39 root - INFO - [Attacker] Label flip: 29 samples class 4 \u2192 class 0
[2026-07-19 13:45:49,480] 39 root - INFO - [Attacker] Label flip: 36 samples class 4 \u2192 class 0
[2026-07-19 13:45:49,487] 39 root - INFO - [Attacker] Label flip: 30 samples class 4 \u2192 class 0
[2026-07-19 13:45:49,495] 39 root - INFO - [Attacker] Label flip: 34 samples class 4 \u2192 class 0
[2026-07-19 13:45:49,503] 39 root - INFO - [Attacker] Label flip: 39 samples class 4 \u2192 class 0
[2026-07-19 13:45:49,511] 39 root - INFO - [Attacker] Label flip: 26 samples class 4 \u2192 class 0
[2026-07-19 13:45:49,519] 39 root - INFO - [Attacker] Label flip: 32 samples class 4 \u2192 class 0
[2026-07-19 13:45:49,527] 39 root - INFO - [Attacker] Label flip: 27 samples class 4 \u2192 class 0
[2026-07-19 13:45:49,533] 39 root - INFO - [Attacker] Label flip: 30 samples class 4 \u2192 class 0
[2026-07-19 13:45:49,541] 39 root - INFO - [Attacker] Label flip: 29 samples class 4 \u2192 class 0
[2026-07-19 13:45:49,548] 39 root - INFO - [Attacker] Label flip: 33 samples class 4 \u2192 class 0
[2026-07-19 13:45:49,556] 39 root - INFO - [Attacker] Label flip: 31 samples class 4 \u2192 class 0
[2026-07-19 13:45:49,564] 39 root - INFO - [Attacker] Label flip: 27 samples class 4 \u2192 class 0
[2026-07-19 13:45:49,573] 39 root - INFO - [Attacker] Label flip: 21 samples class 4 \u2192 class 0
[2026-07-19 13:45:49,579] 39 root - INFO - [Attacker] Label flip: 34 samples class 4 \u2192 class 0
[2026-07-19 13:45:49,587] 39 root - INFO - [Attacker] Label flip: 33 samples class 4 \u2192 class 0
[2026-07-19 13:45:49,595] 39 root - INFO - [Attacker] Label flip: 24 samples class 4 \u2192 class 0
[2026-07-19 13:45:49,603] 39 root - INFO - [Attacker] Label flip: 30 samples class 4 \u2192 class 0
[2026-07-19 13:45:49,610] 39 root - INFO - [Attacker] Label flip: 29 samples class 4 \u2192 class 0
[2026-07-19 13:45:49,617] 39 root - INFO - [Attacker] Label flip: 30 samples class 4 \u2192 class 0
[2026-07-19 13:45:49,627] 39 root - INFO - [Attacker] Label flip: 30 samples class 4 \u2192 class 0
[2026-07-19 13:45:49,637] 39 root - INFO - [Attacker] Label flip: 26 samples class 4 \u2192 class 0
[2026-07-19 13:45:49,644] 39 root - INFO - [Attacker] Label flip: 26 samples class 4 \u2192 class 0
[2026-07-19 13:45:49,652] 39 root - INFO - [Attacker] Label flip: 30 samples class 4 \u2192 class 0
[2026-07-19 13:45:49,658] 39 root - INFO - [Attacker] Label flip: 32 samples class 4 \u2192 class 0
[2026-07-19 13:45:49,666] 39 root - INFO - [Attacker] Label flip: 22 samples class 4 \u2192 class 0
[2026-07-19 13:45:49,674] 39 root - INFO - [Attacker] Label flip: 28 samples class 4 \u2192 class 0
[2026-07-19 13:45:49,682] 39 root - INFO - [Attacker] Label flip: 38 samples class 4 \u2192 class 0
[2026-07-19 13:45:49,690] 39 root - INFO - [Attacker] Label flip: 20 samples class 4 \u2192 class 0
[2026-07-19 13:45:49,698] 39 root - INFO - [Attacker] Label flip: 34 samples class 4 \u2192 class 0
[2026-07-19 13:45:49,705] 39 root - INFO - [Attacker] Label flip: 26 samples class 4 \u2192 class 0
[2026-07-19 13:45:49,713] 39 root - INFO - [Attacker] Label flip: 34 samples class 4 \u2192 class 0
[2026-07-19 13:45:49,721] 39 root - INFO - [Attacker] Label flip: 33 samples class 4 \u2192 class 0
[2026-07-19 13:45:49,730] 39 root - INFO - [Attacker] Label flip: 36 samples class 4 \u2192 class 0
[2026-07-19 13:45:49,737] 39 root - INFO - [Attacker] Label flip: 27 samples class 4 \u2192 class 0
[2026-07-19 13:45:49,745] 39 root - INFO - [Attacker] Label flip: 33 samples class 4 \u2192 class 0
[2026-07-19 13:45:49,753] 39 root - INFO - [Attacker] Label flip: 31 samples class 4 \u2192 class 0
[2026-07-19 13:45:49,763] 39 root - INFO - [Attacker] Label flip: 24 samples class 4 \u2192 class 0
[2026-07-19 13:45:49,771] 39 root - INFO - [Attacker] Label flip: 39 samples class 4 \u2192 class 0
[2026-07-19 13:45:49,779] 39 root - INFO - [Attacker] Label flip: 20 samples class 4 \u2192 class 0
[2026-07-19 13:45:49,785] 39 root - INFO - [Attacker] Label flip: 21 samples class 4 \u2192 class 0
[2026-07-19 13:45:49,793] 39 root - INFO - [Attacker] Label flip: 33 samples class 4 \u2192 class 0
[2026-07-19 13:45:49,800] 39 root - INFO - [Attacker] Label flip: 27 samples class 4 \u2192 class 0
[2026-07-19 13:45:49,809] 39 root - INFO - [Attacker] Label flip: 33 samples class 4 \u2192 class 0
[2026-07-19 13:45:49,816] 39 root - INFO - [Attacker] Label flip: 25 samples class 4 \u2192 class 0
[2026-07-19 13:45:49,824] 39 root - INFO - [Attacker] Label flip: 23 samples class 4 \u2192 class 0
[2026-07-19 13:45:49,834] 39 root - INFO - [Attacker] Label flip: 41 samples class 4 \u2192 class 0
[2026-07-19 13:45:49,842] 39 root - INFO - [Attacker] Label flip: 20 samples class 4 \u2192 class 0
[2026-07-19 13:45:49,850] 39 root - INFO - [Attacker] Label flip: 29 samples class 4 \u2192 class 0
[2026-07-19 13:45:49,856] 39 root - INFO - [Attacker] Label flip: 27 samples class 4 \u2192 class 0
[2026-07-19 13:45:49,865] 39 root - INFO - [Attacker] Label flip: 33 samples class 4 \u2192 class 0
[2026-07-19 13:45:49,873] 39 root - INFO - [Attacker] Label flip: 30 samples class 4 \u2192 class 0
[2026-07-19 13:45:49,881] 39 root - INFO - [Attacker] Label flip: 28 samples class 4 \u2192 class 0
[2026-07-19 13:45:49,889] 39 root - INFO - [Attacker] Label flip: 24 samples class 4 \u2192 class 0
[2026-07-19 13:45:49,897] 39 root - INFO - [Attacker] Label flip: 25 samples class 4 \u2192 class 0
[2026-07-19 13:45:49,905] 39 root - INFO - [Attacker] Label flip: 24 samples class 4 \u2192 class 0
[2026-07-19 13:45:49,913] 39 root - INFO - [Attacker] Label flip: 35 samples class 4 \u2192 class 0
[2026-07-19 13:45:49,921] 39 root - INFO - [Attacker] Label flip: 27 samples class 4 \u2192 class 0
[2026-07-19 13:45:49,929] 39 root - INFO - [Attacker] Label flip: 31 samples class 4 \u2192 class 0
[2026-07-19 13:45:49,939] 39 root - INFO - [Attacker] Label flip: 28 samples class 4 \u2192 class 0
[2026-07-19 13:45:49,946] 39 root - INFO - [Attacker] Label flip: 27 samples class 4 \u2192 class 0
[2026-07-19 13:45:49,954] 39 root - INFO - [Attacker] Label flip: 32 samples class 4 \u2192 class 0
[2026-07-19 13:45:49,962] 39 root - INFO - [Attacker] Label flip: 25 samples class 4 \u2192 class 0
[2026-07-19 13:45:49,990] 39 root - INFO - [Attacker] Label flip: 17 samples class 4 \u2192 class 0
[2026-07-19 13:45:49,998] 39 root - INFO - [Attacker] Label flip: 27 samples class 4 \u2192 class 0
[2026-07-19 13:45:50,006] 39 root - INFO - [Attacker] Label flip: 29 samples class 4 \u2192 class 0
[2026-07-19 13:45:50,014] 39 root - INFO - [Attacker] Label flip: 27 samples class 4 \u2192 class 0
[2026-07-19 13:45:50,037] 39 root - INFO - [Attacker] Label flip: 30 samples class 4 \u2192 class 0
[2026-07-19 13:45:50,045] 39 root - INFO - [Attacker] Label flip: 31 samples class 4 \u2192 class 0
[2026-07-19 13:45:50,053] 39 root - INFO - [Attacker] Label flip: 34 samples class 4 \u2192 class 0
[2026-07-19 13:45:50,061] 39 root - INFO - [Attacker] Label flip: 36 samples class 4 \u2192 class 0
[2026-07-19 13:45:50,073] 39 root - INFO - [Attacker] Label flip: 30 samples class 4 \u2192 class 0
[2026-07-19 13:45:50,079] 39 root - INFO - [Attacker] Label flip: 26 samples class 4 \u2192 class 0
[2026-07-19 13:45:50,086] 39 root - INFO - [Attacker] Label flip: 30 samples class 4 \u2192 class 0
[2026-07-19 13:45:50,095] 39 root - INFO - [Attacker] Label flip: 33 samples class 4 \u2192 class 0
[2026-07-19 13:45:50,104] 39 root - INFO - [Attacker] Label flip: 43 samples class 4 \u2192 class 0
[2026-07-19 13:45:50,112] 39 root - INFO - [Attacker] Label flip: 31 samples class 4 \u2192 class 0
[2026-07-19 13:45:50,118] 39 root - INFO - [Attacker] Label flip: 23 samples class 4 \u2192 class 0
[2026-07-19 13:45:50,128] 39 root - INFO - [Attacker] Label flip: 23 samples class 4 \u2192 class 0
[2026-07-19 13:45:50,136] 39 root - INFO - [Attacker] Label flip: 24 samples class 4 \u2192 class 0
[2026-07-19 13:45:50,144] 39 root - INFO - [Attacker] Label flip: 32 samples class 4 \u2192 class 0
[2026-07-19 13:45:50,150] 39 root - INFO - [Attacker] Label flip: 30 samples class 4 \u2192 class 0
[2026-07-19 13:45:50,157] 39 root - INFO - [Attacker] Label flip: 35 samples class 4 \u2192 class 0
[2026-07-19 13:45:50,165] 39 root - INFO - [Attacker] Label flip: 16 samples class 4 \u2192 class 0
[2026-07-19 13:45:50,173] 39 root - INFO - [Attacker] Label flip: 29 samples class 4 \u2192 class 0
[2026-07-19 13:45:50,181] 39 root - INFO - [Attacker] Label flip: 22 samples class 4 \u2192 class 0
[2026-07-19 13:45:50,189] 39 root - INFO - [Attacker] Label flip: 34 samples class 4 \u2192 class 0
[2026-07-19 13:45:50,195] 39 root - INFO - [Attacker] Label flip: 29 samples class 4 \u2192 class 0
[2026-07-19 13:45:50,204] 39 root - INFO - [Attacker] Label flip: 27 samples class 4 \u2192 class 0
[2026-07-19 13:45:50,212] 39 root - INFO - [Attacker] Label flip: 26 samples class 4 \u2192 class 0
[2026-07-19 13:45:50,220] 39 root - INFO - [Attacker] Label flip: 30 samples class 4 \u2192 class 0
[2026-07-19 13:45:50,228] 39 root - INFO - [Attacker] Label flip: 19 samples class 4 \u2192 class 0
[2026-07-19 13:45:50,246] 39 root - INFO - [Attacker] Label flip: 28 samples class 4 \u2192 class 0
[2026-07-19 13:45:50,254] 39 root - INFO - [Attacker] Label flip: 25 samples class 4 \u2192 class 0
[2026-07-19 13:45:50,262] 39 root - INFO - [Attacker] Label flip: 21 samples class 4 \u2192 class 0
[2026-07-19 13:45:50,270] 39 root - INFO - [Attacker] Label flip: 23 samples class 4 \u2192 class 0
[2026-07-19 13:45:50,280] 39 root - INFO - [Attacker] Label flip: 26 samples class 4 \u2192 class 0
[2026-07-19 13:45:50,288] 39 root - INFO - [Attacker] Label flip: 29 samples class 4 \u2192 class 0
[2026-07-19 13:45:50,296] 39 root - INFO - [Attacker] Label flip: 37 samples class 4 \u2192 class 0
[2026-07-19 13:45:50,303] 39 root - INFO - [Attacker] Label flip: 22 samples class 4 \u2192 class 0
[2026-07-19 13:45:50,312] 39 root - INFO - [Attacker] Label flip: 23 samples class 4 \u2192 class 0
[2026-07-19 13:45:50,319] 39 root - INFO - [Attacker] Label flip: 21 samples class 4 \u2192 class 0
[2026-07-19 13:45:50,327] 39 root - INFO - [Attacker] Label flip: 26 samples class 4 \u2192 class 0
[2026-07-19 13:45:50,335] 39 root - INFO - [Attacker] Label flip: 31 samples class 4 \u2192 class 0
[2026-07-19 13:45:50,343] 39 root - INFO - [Attacker] Label flip: 26 samples class 4 \u2192 class 0
[2026-07-19 13:45:50,351] 39 root - INFO - [Attacker] Label flip: 26 samples class 4 \u2192 class 0
[2026-07-19 13:45:50,359] 39 root - INFO - [Attacker] Label flip: 35 samples class 4 \u2192 class 0
[2026-07-19 13:45:50,367] 39 root - INFO - [Attacker] Label flip: 28 samples class 4 \u2192 class 0
[2026-07-19 13:45:50,375] 39 root - INFO - [Attacker] Label flip: 23 samples class 4 \u2192 class 0
[2026-07-19 13:45:50,382] 39 root - INFO - [Attacker] Label flip: 25 samples class 4 \u2192 class 0
[2026-07-19 13:45:50,390] 39 root - INFO - [Attacker] Label flip: 28 samples class 4 \u2192 class 0
[2026-07-19 13:45:50,396] 39 root - INFO - [Attacker] Label flip: 27 samples class 4 \u2192 class 0
[2026-07-19 13:45:50,404] 39 root - INFO - [Attacker] Label flip: 27 samples class 4 \u2192 class 0
[2026-07-19 13:45:50,412] 39 root - INFO - [Attacker] Label flip: 36 samples class 4 \u2192 class 0
[2026-07-19 13:45:50,420] 39 root - INFO - [Attacker] Label flip: 25 samples class 4 \u2192 class 0
[2026-07-19 13:45:50,428] 39 root - INFO - [Attacker] Label flip: 30 samples class 4 \u2192 class 0
[2026-07-19 13:45:50,436] 39 root - INFO - [Attacker] Label flip: 30 samples class 4 \u2192 class 0
[2026-07-19 13:45:50,444] 39 root - INFO - [Attacker] Label flip: 30 samples class 4 \u2192 class 0
[2026-07-19 13:45:50,459] 39 root - INFO - [Attacker] Label flip: 21 samples class 4 \u2192 class 0
[2026-07-19 13:45:50,467] 39 root - INFO - [Attacker] Label flip: 29 samples class 4 \u2192 class 0
[2026-07-19 13:45:50,475] 39 root - INFO - [Attacker] Label flip: 19 samples class 4 \u2192 class 0
[2026-07-19 13:45:50,483] 39 root - INFO - [Attacker] Label flip: 23 samples class 4 \u2192 class 0
[2026-07-19 13:45:50,492] 39 root - INFO - [Attacker] Label flip: 29 samples class 4 \u2192 class 0
[2026-07-19 13:45:50,500] 39 root - INFO - [Attacker] Label flip: 32 samples class 4 \u2192 class 0
[2026-07-19 13:45:50,507] 39 root - INFO - [Attacker] Label flip: 32 samples class 4 \u2192 class 0
[2026-07-19 13:45:50,515] 39 root - INFO - [Attacker] Label flip: 31 samples class 4 \u2192 class 0
[2026-07-19 13:45:50,523] 39 root - INFO - [Attacker] Label flip: 30 samples class 4 \u2192 class 0
[2026-07-19 13:45:50,531] 39 root - INFO - [Attacker] Label flip: 35 samples class 4 \u2192 class 0
[2026-07-19 13:45:50,539] 39 root - INFO - [Attacker] Label flip: 19 samples class 4 \u2192 class 0
[2026-07-19 13:45:50,545] 39 root - INFO - [Attacker] Label flip: 30 samples class 4 \u2192 class 0
[2026-07-19 13:45:50,552] 39 root - INFO - [Attacker] Label flip: 33 samples class 4 \u2192 class 0
[2026-07-19 13:45:50,560] 39 root - INFO - [Attacker] Label flip: 24 samples class 4 \u2192 class 0
[2026-07-19 13:45:50,568] 39 root - INFO - [Attacker] Label flip: 25 samples class 4 \u2192 class 0
[2026-07-19 13:45:50,576] 39 root - INFO - [Attacker] Label flip: 26 samples class 4 \u2192 class 0
[2026-07-19 13:45:50,586] 39 root - INFO - [Attacker] Label flip: 29 samples class 4 \u2192 class 0
[2026-07-19 13:45:50,592] 39 root - INFO - [Attacker] Label flip: 28 samples class 4 \u2192 class 0
[2026-07-19 13:45:50,600] 39 root - INFO - [Attacker] Label flip: 27 samples class 4 \u2192 class 0
[2026-07-19 13:45:50,608] 39 root - INFO - [Attacker] Label flip: 25 samples class 4 \u2192 class 0
[2026-07-19 13:45:50,616] 39 root - INFO - [Attacker] Label flip: 36 samples class 4 \u2192 class 0
[2026-07-19 13:45:50,626] 39 root - INFO - [Attacker] Label flip: 30 samples class 4 \u2192 class 0
[2026-07-19 13:45:50,633] 39 root - INFO - [Attacker] Label flip: 27 samples class 4 \u2192 class 0
[2026-07-19 13:45:50,641] 39 root - INFO - [Attacker] Label flip: 46 samples class 4 \u2192 class 0
[2026-07-19 13:45:50,648] 39 root - INFO - [Attacker] Label flip: 31 samples class 4 \u2192 class 0
[2026-07-19 13:45:50,658] 39 root - INFO - [Attacker] Label flip: 35 samples class 4 \u2192 class 0
[2026-07-19 13:45:50,664] 39 root - INFO - [Attacker] Label flip: 28 samples class 4 \u2192 class 0
[2026-07-19 13:45:50,672] 39 root - INFO - [Attacker] Label flip: 29 samples class 4 \u2192 class 0
[2026-07-19 13:45:50,679] 39 root - INFO - [Attacker] Label flip: 31 samples class 4 \u2192 class 0
[2026-07-19 13:45:50,689] 39 root - INFO - [Attacker] Label flip: 36 samples class 4 \u2192 class 0
[2026-07-19 13:45:50,695] 39 root - INFO - [Attacker] Label flip: 30 samples class 4 \u2192 class 0
[2026-07-19 13:45:50,703] 39 root - INFO - [Attacker] Label flip: 32 samples class 4 \u2192 class 0
[2026-07-19 13:45:50,711] 39 root - INFO - [Attacker] Label flip: 39 samples class 4 \u2192 class 0
[2026-07-19 13:45:50,718] 39 root - INFO - [Attacker] Label flip: 21 samples class 4 \u2192 class 0
[2026-07-19 13:45:50,726] 39 root - INFO - [Attacker] Label flip: 28 samples class 4 \u2192 class 0
[2026-07-19 13:45:50,734] 39 root - INFO - [Attacker] Label flip: 22 samples class 4 \u2192 class 0
[2026-07-19 13:45:50,742] 39 root - INFO - [Attacker] Label flip: 27 samples class 4 \u2192 class 0
[2026-07-19 13:45:50,750] 39 root - INFO - [Attacker] Label flip: 35 samples class 4 \u2192 class 0
[2026-07-19 13:45:50,758] 39 root - INFO - [Attacker] Label flip: 30 samples class 4 \u2192 class 0
[2026-07-19 13:45:50,766] 39 root - INFO - [Attacker] Label flip: 34 samples class 4 \u2192 class 0
[2026-07-19 13:45:50,774] 39 root - INFO - [Attacker] Label flip: 26 samples class 4 \u2192 class 0
[2026-07-19 13:45:50,780] 39 root - INFO - [Attacker] Label flip: 29 samples class 4 \u2192 class 0
[2026-07-19 13:45:50,790] 39 root - INFO - [Attacker] Label flip: 31 samples class 4 \u2192 class 0
[2026-07-19 13:45:50,798] 39 root - INFO - [Attacker] Label flip: 34 samples class 4 \u2192 class 0
[2026-07-19 13:45:50,805] 39 root - INFO - [Attacker] Label flip: 22 samples class 4 \u2192 class 0
[2026-07-19 13:45:50,813] 39 root - INFO - [Attacker] Label flip: 28 samples class 4 \u2192 class 0
[2026-07-19 13:45:50,824] 39 root - INFO - [Attacker] Label flip: 25 samples class 4 \u2192 class 0
[2026-07-19 13:45:50,832] 39 root - INFO - [Attacker] Label flip: 25 samples class 4 \u2192 class 0
[2026-07-19 13:45:50,839] 39 root - INFO - [Attacker] Label flip: 37 samples class 4 \u2192 class 0
[2026-07-19 13:45:50,847] 39 root - INFO - [Attacker] Label flip: 19 samples class 4 \u2192 class 0
[2026-07-19 13:45:50,857] 39 root - INFO - [Attacker] Label flip: 35 samples class 4 \u2192 class 0
[2026-07-19 13:45:50,865] 39 root - INFO - [Attacker] Label flip: 23 samples class 4 \u2192 class 0
[2026-07-19 13:45:50,873] 39 root - INFO - [Attacker] Label flip: 21 samples class 4 \u2192 class 0
[2026-07-19 13:45:50,881] 39 root - INFO - [Attacker] Label flip: 29 samples class 4 \u2192 class 0
[2026-07-19 13:45:50,889] 39 root - INFO - [Attacker] Label flip: 22 samples class 4 \u2192 class 0
[2026-07-19 13:45:50,896] 39 root - INFO - [Attacker] Label flip: 26 samples class 4 \u2192 class 0
[2026-07-19 13:45:50,904] 39 root - INFO - [Attacker] Label flip: 22 samples class 4 \u2192 class 0
[2026-07-19 13:45:50,912] 39 root - INFO - [Attacker] Label flip: 25 samples class 4 \u2192 class 0
[2026-07-19 13:45:50,920] 39 root - INFO - [Attacker] Label flip: 27 samples class 4 \u2192 class 0
[2026-07-19 13:45:50,930] 39 root - INFO - [Attacker] Label flip: 24 samples class 4 \u2192 class 0
[2026-07-19 13:45:50,936] 39 root - INFO - [Attacker] Label flip: 33 samples class 4 \u2192 class 0
[2026-07-19 13:45:50,945] 39 root - INFO - [Attacker] Label flip: 32 samples class 4 \u2192 class 0
[2026-07-19 13:45:50,953] 39 root - INFO - [Attacker] Label flip: 30 samples class 4 \u2192 class 0
[2026-07-19 13:45:50,960] 39 root - INFO - [Attacker] Label flip: 32 samples class 4 \u2192 class 0
[2026-07-19 13:45:50,968] 39 root - INFO - [Attacker] Label flip: 25 samples class 4 \u2192 class 0
[2026-07-19 13:45:50,976] 39 root - INFO - [Attacker] Label flip: 35 samples class 4 \u2192 class 0
[2026-07-19 13:45:50,984] 39 root - INFO - [Attacker] Label flip: 34 samples class 4 \u2192 class 0
[2026-07-19 13:45:50,995] 39 root - INFO - [Attacker] Label flip: 27 samples class 4 \u2192 class 0
[2026-07-19 13:45:51,001] 39 root - INFO - [Attacker] Label flip: 20 samples class 4 \u2192 class 0
[2026-07-19 13:45:51,009] 39 root - INFO - [Attacker] Label flip: 25 samples class 4 \u2192 class 0
[2026-07-19 13:45:51,017] 39 root - INFO - [Attacker] Label flip: 34 samples class 4 \u2192 class 0
[2026-07-19 13:45:51,029] 39 root - INFO - [Attacker] Label flip: 34 samples class 4 \u2192 class 0
[2026-07-19 13:45:51,037] 39 root - INFO - [Attacker] Label flip: 27 samples class 4 \u2192 class 0
[2026-07-19 13:45:51,045] 39 root - INFO - [Attacker] Label flip: 38 samples class 4 \u2192 class 0
[2026-07-19 13:45:51,053] 39 root - INFO - [Attacker] Label flip: 25 samples class 4 \u2192 class 0
[2026-07-19 13:45:51,071] 39 root - INFO - [Attacker] Label flip: 26 samples class 4 \u2192 class 0
[2026-07-19 13:45:51,079] 39 root - INFO - [Attacker] Label flip: 30 samples class 4 \u2192 class 0
[2026-07-19 13:45:51,086] 39 root - INFO - [Attacker] Label flip: 29 samples class 4 \u2192 class 0
[2026-07-19 13:45:51,094] 39 root - INFO - [Attacker] Label flip: 30 samples class 4 \u2192 class 0
[2026-07-19 13:45:51,112] 39 root - INFO - [Attacker] Label flip: 21 samples class 4 \u2192 class 0
[2026-07-19 13:45:51,120] 39 root - INFO - [Attacker] Label flip: 28 samples class 4 \u2192 class 0
[2026-07-19 13:45:51,128] 39 root - INFO - [Attacker] Label flip: 34 samples class 4 \u2192 class 0
[2026-07-19 13:45:51,136] 39 root - INFO - [Attacker] Label flip: 32 samples class 4 \u2192 class 0
[2026-07-19 13:45:51,144] 39 root - INFO - [Attacker] Label flip: 23 samples class 4 \u2192 class 0
[2026-07-19 13:45:51,152] 39 root - INFO - [Attacker] Label flip: 30 samples class 4 \u2192 class 0
[2026-07-19 13:45:51,160] 39 root - INFO - [Attacker] Label flip: 33 samples class 4 \u2192 class 0
[2026-07-19 13:45:51,168] 39 root - INFO - [Attacker] Label flip: 27 samples class 4 \u2192 class 0
[2026-07-19 13:45:51,175] 39 root - INFO - [Attacker] Label flip: 25 samples class 4 \u2192 class 0
[2026-07-19 13:45:51,184] 39 root - INFO - [Attacker] Label flip: 28 samples class 4 \u2192 class 0
[2026-07-19 13:45:51,191] 39 root - INFO - [Attacker] Label flip: 27 samples class 4 \u2192 class 0
[2026-07-19 13:45:51,199] 39 root - INFO - [Attacker] Label flip: 28 samples class 4 \u2192 class 0
[2026-07-19 13:45:51,206] 39 root - INFO - [Attacker] Label flip: 28 samples class 4 \u2192 class 0
[2026-07-19 13:45:51,214] 39 root - INFO - [Attacker] Label flip: 20 samples class 4 \u2192 class 0
[2026-07-19 13:45:51,222] 39 root - INFO - [Attacker] Label flip: 23 samples class 4 \u2192 class 0
[2026-07-19 13:45:51,228] 39 root - INFO - [Attacker] Label flip: 24 samples class 4 \u2192 class 0
[2026-07-19 13:45:51,236] 39 root - INFO - [Attacker] Label flip: 19 samples class 4 \u2192 class 0
[2026-07-19 13:45:51,244] 39 root - INFO - [Attacker] Label flip: 26 samples class 4 \u2192 class 0
[2026-07-19 13:45:51,256] 39 root - INFO - [Attacker] Label flip: 25 samples class 4 \u2192 class 0
[2026-07-19 13:45:51,264] 39 root - INFO - [Attacker] Label flip: 33 samples class 4 \u2192 class 0
[2026-07-19 13:45:51,272] 39 root - INFO - [Attacker] Label flip: 32 samples class 4 \u2192 class 0
[2026-07-19 13:45:51,280] 39 root - INFO - [Attacker] Label flip: 26 samples class 4 \u2192 class 0
[2026-07-19 13:45:51,289] 39 root - INFO - [Attacker] Label flip: 28 samples class 4 \u2192 class 0
[2026-07-19 13:45:51,296] 39 root - INFO - [Attacker] Label flip: 31 samples class 4 \u2192 class 0
[2026-07-19 13:45:51,303] 39 root - INFO - [Attacker] Label flip: 27 samples class 4 \u2192 class 0
[2026-07-19 13:45:51,311] 39 root - INFO - [Attacker] Label flip: 41 samples class 4 \u2192 class 0
[2026-07-19 13:45:51,341] 39 root - INFO - [Attacker] Label flip: 23 samples class 4 \u2192 class 0
[2026-07-19 13:45:51,349] 39 root - INFO - [Attacker] Label flip: 31 samples class 4 \u2192 class 0
[2026-07-19 13:45:51,357] 39 root - INFO - [Attacker] Label flip: 21 samples class 4 \u2192 class 0
[2026-07-19 13:45:51,365] 39 root - INFO - [Attacker] Label flip: 25 samples class 4 \u2192 class 0
[2026-07-19 13:45:51,373] 39 root - INFO - [Attacker] Label flip: 35 samples class 4 \u2192 class 0
[2026-07-19 13:45:51,382] 39 root - INFO - [Attacker] Label flip: 27 samples class 4 \u2192 class 0
[2026-07-19 13:45:51,382] 268 flwr - WARNING - DEPRECATED FEATURE: `client_fn` now expects a signature `def client_fn(context: Context)`.The provided `client_fn` has signature: {'cid': <Parameter "cid: str">}. You can import the `Context` like this: `from flwr.common import Context`

            This is a deprecated feature. It will be removed
            entirely in future versions of Flower.
        
[2026-07-19 13:45:51,390] 39 root - INFO - [Attacker] Label flip: 28 samples class 4 \u2192 class 0
[2026-07-19 13:45:51,398] 39 root - INFO - [Attacker] Label flip: 26 samples class 4 \u2192 class 0
[2026-07-19 13:45:51,406] 39 root - INFO - [Attacker] Label flip: 28 samples class 4 \u2192 class 0
[2026-07-19 13:45:51,416] 39 root - INFO - [Attacker] Label flip: 20 samples class 4 \u2192 class 0
[2026-07-19 13:45:51,422] 39 root - INFO - [Attacker] Label flip: 27 samples class 4 \u2192 class 0
[2026-07-19 13:45:51,430] 39 root - INFO - [Attacker] Label flip: 28 samples class 4 \u2192 class 0
[2026-07-19 13:45:51,438] 39 root - INFO - [Attacker] Label flip: 21 samples class 4 \u2192 class 0
[2026-07-19 13:45:51,446] 39 root - INFO - [Attacker] Label flip: 36 samples class 4 \u2192 class 0
[2026-07-19 13:45:51,456] 39 root - INFO - [Attacker] Label flip: 21 samples class 4 \u2192 class 0
[2026-07-19 13:45:51,464] 39 root - INFO - [Attacker] Label flip: 28 samples class 4 \u2192 class 0
[2026-07-19 13:45:51,470] 39 root - INFO - [Attacker] Label flip: 32 samples class 4 \u2192 class 0
[2026-07-19 13:45:51,479] 39 root - INFO - [Attacker] Label flip: 24 samples class 4 \u2192 class 0
[2026-07-19 13:45:51,487] 39 root - INFO - [Attacker] Label flip: 28 samples class 4 \u2192 class 0
[2026-07-19 13:45:51,495] 39 root - INFO - [Attacker] Label flip: 35 samples class 4 \u2192 class 0
[2026-07-19 13:45:51,503] 39 root - INFO - [Attacker] Label flip: 32 samples class 4 \u2192 class 0
[2026-07-19 13:45:51,511] 39 root - INFO - [Attacker] Label flip: 38 samples class 4 \u2192 class 0
[2026-07-19 13:45:51,517] 39 root - INFO - [Attacker] Label flip: 33 samples class 4 \u2192 class 0
[2026-07-19 13:45:51,525] 39 root - INFO - [Attacker] Label flip: 27 samples class 4 \u2192 class 0
[2026-07-19 13:45:51,533] 39 root - INFO - [Attacker] Label flip: 29 samples class 4 \u2192 class 0
[2026-07-19 13:45:51,541] 39 root - INFO - [Attacker] Label flip: 32 samples class 4 \u2192 class 0
[2026-07-19 13:45:51,549] 39 root - INFO - [Attacker] Label flip: 33 samples class 4 \u2192 class 0
[2026-07-19 13:45:51,556] 39 root - INFO - [Attacker] Label flip: 26 samples class 4 \u2192 class 0
[2026-07-19 13:45:51,562] 39 root - INFO - [Attacker] Label flip: 29 samples class 4 \u2192 class 0
[2026-07-19 13:45:51,573] 39 root - INFO - [Attacker] Label flip: 34 samples class 4 \u2192 class 0
[2026-07-19 13:45:51,581] 39 root - INFO - [Attacker] Label flip: 28 samples class 4 \u2192 class 0
[2026-07-19 13:45:51,587] 39 root - INFO - [Attacker] Label flip: 28 samples class 4 \u2192 class 0
[2026-07-19 13:45:51,595] 39 root - INFO - [Attacker] Label flip: 29 samples class 4 \u2192 class 0
[2026-07-19 13:45:51,603] 39 root - INFO - [Attacker] Label flip: 35 samples class 4 \u2192 class 0
[2026-07-19 13:45:51,610] 39 root - INFO - [Attacker] Label flip: 35 samples class 4 \u2192 class 0
[2026-07-19 13:45:51,619] 39 root - INFO - [Attacker] Label flip: 31 samples class 4 \u2192 class 0
[2026-07-19 13:45:51,636] 39 root - INFO - [Attacker] Label flip: 27 samples class 4 \u2192 class 0
[2026-07-19 13:45:51,644] 39 root - INFO - [Attacker] Label flip: 28 samples class 4 \u2192 class 0
[2026-07-19 13:45:51,664] 39 root - INFO - [Attacker] Label flip: 31 samples class 4 \u2192 class 0
[2026-07-19 13:45:51,672] 39 root - INFO - [Attacker] Label flip: 28 samples class 4 \u2192 class 0
[2026-07-19 13:45:51,681] 39 root - INFO - [Attacker] Label flip: 33 samples class 4 \u2192 class 0
[2026-07-19 13:45:51,689] 39 root - INFO - [Attacker] Label flip: 30 samples class 4 \u2192 class 0
[2026-07-19 13:45:51,700] 39 root - INFO - [Attacker] Label flip: 32 samples class 4 \u2192 class 0
[2026-07-19 13:45:51,709] 39 root - INFO - [Attacker] Label flip: 35 samples class 4 \u2192 class 0
[2026-07-19 13:45:51,715] 39 root - INFO - [Attacker] Label flip: 26 samples class 4 \u2192 class 0
[2026-07-19 13:45:51,725] 39 root - INFO - [Attacker] Label flip: 23 samples class 4 \u2192 class 0
[2026-07-19 13:45:51,733] 39 root - INFO - [Attacker] Label flip: 29 samples class 4 \u2192 class 0
[2026-07-19 13:45:51,738] 39 root - INFO - [Attacker] Label flip: 30 samples class 4 \u2192 class 0
[2026-07-19 13:45:51,746] 39 root - INFO - [Attacker] Label flip: 30 samples class 4 \u2192 class 0
[2026-07-19 13:45:51,756] 39 root - INFO - [Attacker] Label flip: 28 samples class 4 \u2192 class 0
[2026-07-19 13:45:51,762] 39 root - INFO - [Attacker] Label flip: 30 samples class 4 \u2192 class 0
[2026-07-19 13:45:51,770] 39 root - INFO - [Attacker] Label flip: 33 samples class 4 \u2192 class 0
[2026-07-19 13:45:51,778] 39 root - INFO - [Attacker] Label flip: 34 samples class 4 \u2192 class 0
[2026-07-19 13:45:51,786] 39 root - INFO - [Attacker] Label flip: 23 samples class 4 \u2192 class 0
[2026-07-19 13:45:51,794] 39 root - INFO - [Attacker] Label flip: 34 samples class 4 \u2192 class 0
[2026-07-19 13:45:51,803] 39 root - INFO - [Attacker] Label flip: 36 samples class 4 \u2192 class 0
[2026-07-19 13:45:51,810] 39 root - INFO - [Attacker] Label flip: 30 samples class 4 \u2192 class 0
[2026-07-19 13:45:51,818] 39 root - INFO - [Attacker] Label flip: 33 samples class 4 \u2192 class 0
[2026-07-19 13:45:51,825] 39 root - INFO - [Attacker] Label flip: 30 samples class 4 \u2192 class 0
[2026-07-19 13:45:51,835] 39 root - INFO - [Attacker] Label flip: 30 samples class 4 \u2192 class 0
[2026-07-19 13:45:51,843] 39 root - INFO - [Attacker] Label flip: 27 samples class 4 \u2192 class 0
[2026-07-19 13:45:51,851] 39 root - INFO - [Attacker] Label flip: 31 samples class 4 \u2192 class 0
[2026-07-19 13:45:51,859] 39 root - INFO - [Attacker] Label flip: 31 samples class 4 \u2192 class 0
[2026-07-19 13:45:51,870] 39 root - INFO - [Attacker] Label flip: 27 samples class 4 \u2192 class 0
[2026-07-19 13:45:51,876] 39 root - INFO - [Attacker] Label flip: 23 samples class 4 \u2192 class 0
[2026-07-19 13:45:51,884] 39 root - INFO - [Attacker] Label flip: 26 samples class 4 \u2192 class 0
[2026-07-19 13:45:51,891] 39 root - INFO - [Attacker] Label flip: 29 samples class 4 \u2192 class 0
[2026-07-19 13:45:51,899] 39 root - INFO - [Attacker] Label flip: 33 samples class 4 \u2192 class 0
[2026-07-19 13:45:51,907] 39 root - INFO - [Attacker] Label flip: 29 samples class 4 \u2192 class 0
[2026-07-19 13:45:51,915] 39 root - INFO - [Attacker] Label flip: 27 samples class 4 \u2192 class 0
[2026-07-19 13:45:51,921] 39 root - INFO - [Attacker] Label flip: 23 samples class 4 \u2192 class 0
[2026-07-19 13:45:51,931] 39 root - INFO - [Attacker] Label flip: 22 samples class 4 \u2192 class 0
[2026-07-19 13:45:51,945] 39 root - INFO - [Attacker] Label flip: 30 samples class 4 \u2192 class 0
[2026-07-19 13:45:51,951] 39 root - INFO - [Attacker] Label flip: 28 samples class 4 \u2192 class 0
[2026-07-19 13:45:51,958] 39 root - INFO - [Attacker] Label flip: 27 samples class 4 \u2192 class 0
[2026-07-19 13:45:51,967] 39 root - INFO - [Attacker] Label flip: 29 samples class 4 \u2192 class 0
[2026-07-19 13:45:51,980] 39 root - INFO - [Attacker] Label flip: 22 samples class 4 \u2192 class 0
[2026-07-19 13:45:51,990] 39 root - INFO - [Attacker] Label flip: 20 samples class 4 \u2192 class 0
[2026-07-19 13:45:51,996] 39 root - INFO - [Attacker] Label flip: 24 samples class 4 \u2192 class 0
[2026-07-19 13:45:52,004] 39 root - INFO - [Attacker] Label flip: 28 samples class 4 \u2192 class 0
[2026-07-19 13:45:52,022] 39 root - INFO - [Attacker] Label flip: 30 samples class 4 \u2192 class 0
[2026-07-19 13:45:52,030] 39 root - INFO - [Attacker] Label flip: 35 samples class 4 \u2192 class 0
[2026-07-19 13:45:52,037] 39 root - INFO - [Attacker] Label flip: 25 samples class 4 \u2192 class 0
[2026-07-19 13:45:52,045] 39 root - INFO - [Attacker] Label flip: 32 samples class 4 \u2192 class 0
[2026-07-19 13:45:52,059] 39 root - INFO - [Attacker] Label flip: 38 samples class 4 \u2192 class 0
[2026-07-19 13:45:52,067] 39 root - INFO - [Attacker] Label flip: 27 samples class 4 \u2192 class 0
[2026-07-19 13:45:52,083] 39 root - INFO - [Attacker] Label flip: 23 samples class 4 \u2192 class 0
[2026-07-19 13:45:52,091] 39 root - INFO - [Attacker] Label flip: 35 samples class 4 \u2192 class 0
[2026-07-19 13:45:52,099] 39 root - INFO - [Attacker] Label flip: 16 samples class 4 \u2192 class 0
[2026-07-19 13:45:52,118] 39 root - INFO - [Attacker] Label flip: 27 samples class 4 \u2192 class 0
[2026-07-19 13:45:52,126] 39 root - INFO - [Attacker] Label flip: 31 samples class 4 \u2192 class 0
[2026-07-19 13:45:52,134] 39 root - INFO - [Attacker] Label flip: 24 samples class 4 \u2192 class 0
[2026-07-19 13:45:52,142] 39 root - INFO - [Attacker] Label flip: 32 samples class 4 \u2192 class 0
[2026-07-19 13:45:52,162] 39 root - INFO - [Attacker] Label flip: 24 samples class 4 \u2192 class 0
[2026-07-19 13:45:52,168] 39 root - INFO - [Attacker] Label flip: 26 samples class 4 \u2192 class 0
[2026-07-19 13:45:52,175] 39 root - INFO - [Attacker] Label flip: 33 samples class 4 \u2192 class 0
[2026-07-19 13:45:52,183] 39 root - INFO - [Attacker] Label flip: 32 samples class 4 \u2192 class 0
[2026-07-19 13:45:52,191] 39 root - INFO - [Attacker] Label flip: 30 samples class 4 \u2192 class 0
[2026-07-19 13:45:52,199] 39 root - INFO - [Attacker] Label flip: 34 samples class 4 \u2192 class 0
[2026-07-19 13:45:52,217] 39 root - INFO - [Attacker] Label flip: 29 samples class 4 \u2192 class 0
[2026-07-19 13:45:52,235] 39 root - INFO - [Attacker] Label flip: 24 samples class 4 \u2192 class 0
[2026-07-19 13:45:52,243] 39 root - INFO - [Attacker] Label flip: 36 samples class 4 \u2192 class 0
[2026-07-19 13:45:52,252] 39 root - INFO - [Attacker] Label flip: 17 samples class 4 \u2192 class 0
[2026-07-19 13:45:52,260] 39 root - INFO - [Attacker] Label flip: 29 samples class 4 \u2192 class 0
[2026-07-19 13:45:52,268] 39 root - INFO - [Attacker] Label flip: 29 samples class 4 \u2192 class 0
[2026-07-19 13:45:52,274] 39 root - INFO - [Attacker] Label flip: 32 samples class 4 \u2192 class 0
[2026-07-19 13:45:52,283] 39 root - INFO - [Attacker] Label flip: 33 samples class 4 \u2192 class 0
[2026-07-19 13:45:52,290] 39 root - INFO - [Attacker] Label flip: 35 samples class 4 \u2192 class 0
[2026-07-19 13:45:52,297] 39 root - INFO - [Attacker] Label flip: 24 samples class 4 \u2192 class 0
[2026-07-19 13:45:52,305] 39 root - INFO - [Attacker] Label flip: 27 samples class 4 \u2192 class 0
[2026-07-19 13:45:52,313] 39 root - INFO - [Attacker] Label flip: 20 samples class 4 \u2192 class 0
[2026-07-19 13:45:52,321] 39 root - INFO - [Attacker] Label flip: 30 samples class 4 \u2192 class 0
[2026-07-19 13:45:52,329] 39 root - INFO - [Attacker] Label flip: 35 samples class 4 \u2192 class 0
[2026-07-19 13:45:52,337] 39 root - INFO - [Attacker] Label flip: 26 samples class 4 \u2192 class 0
[2026-07-19 13:45:52,346] 39 root - INFO - [Attacker] Label flip: 28 samples class 4 \u2192 class 0
[2026-07-19 13:45:52,353] 39 root - INFO - [Attacker] Label flip: 26 samples class 4 \u2192 class 0
[2026-07-19 13:45:52,360] 39 root - INFO - [Attacker] Label flip: 27 samples class 4 \u2192 class 0
[2026-07-19 13:45:52,368] 39 root - INFO - [Attacker] Label flip: 28 samples class 4 \u2192 class 0
[2026-07-19 13:45:52,378] 39 root - INFO - [Attacker] Label flip: 33 samples class 4 \u2192 class 0
[2026-07-19 13:45:52,384] 39 root - INFO - [Attacker] Label flip: 27 samples class 4 \u2192 class 0
[2026-07-19 13:45:52,394] 39 root - INFO - [Attacker] Label flip: 35 samples class 4 \u2192 class 0
[2026-07-19 13:45:52,400] 39 root - INFO - [Attacker] Label flip: 22 samples class 4 \u2192 class 0
[2026-07-19 13:45:52,410] 39 root - INFO - [Attacker] Label flip: 34 samples class 4 \u2192 class 0
[2026-07-19 13:45:52,418] 39 root - INFO - [Attacker] Label flip: 20 samples class 4 \u2192 class 0
[2026-07-19 13:45:52,426] 39 root - INFO - [Attacker] Label flip: 33 samples class 4 \u2192 class 0
[2026-07-19 13:45:52,434] 39 root - INFO - [Attacker] Label flip: 26 samples class 4 \u2192 class 0
[2026-07-19 13:45:52,441] 39 root - INFO - [Attacker] Label flip: 33 samples class 4 \u2192 class 0
[2026-07-19 13:45:52,450] 39 root - INFO - [Attacker] Label flip: 31 samples class 4 \u2192 class 0
[2026-07-19 13:45:52,457] 39 root - INFO - [Attacker] Label flip: 34 samples class 4 \u2192 class 0
[2026-07-19 13:45:52,463] 39 root - INFO - [Attacker] Label flip: 27 samples class 4 \u2192 class 0
[2026-07-19 13:45:52,473] 39 root - INFO - [Attacker] Label flip: 28 samples class 4 \u2192 class 0
[2026-07-19 13:45:52,481] 39 root - INFO - [Attacker] Label flip: 31 samples class 4 \u2192 class 0
[2026-07-19 13:45:52,501] 39 root - INFO - [Attacker] Label flip: 24 samples class 4 \u2192 class 0
[2026-07-19 13:45:52,509] 39 root - INFO - [Attacker] Label flip: 31 samples class 4 \u2192 class 0
[2026-07-19 13:45:52,515] 39 root - INFO - [Attacker] Label flip: 29 samples class 4 \u2192 class 0
[2026-07-19 13:45:52,525] 39 root - INFO - [Attacker] Label flip: 28 samples class 4 \u2192 class 0
[2026-07-19 13:45:52,532] 39 root - INFO - [Attacker] Label flip: 28 samples class 4 \u2192 class 0
[2026-07-19 13:45:52,542] 39 root - INFO - [Attacker] Label flip: 27 samples class 4 \u2192 class 0
[2026-07-19 13:45:52,551] 39 root - INFO - [Attacker] Label flip: 30 samples class 4 \u2192 class 0
[2026-07-19 13:45:52,562] 39 root - INFO - [Attacker] Label flip: 29 samples class 4 \u2192 class 0
[2026-07-19 13:45:52,572] 39 root - INFO - [Attacker] Label flip: 30 samples class 4 \u2192 class 0
[2026-07-19 13:45:52,580] 39 root - INFO - [Attacker] Label flip: 30 samples class 4 \u2192 class 0
[2026-07-19 13:45:52,588] 39 root - INFO - [Attacker] Label flip: 35 samples class 4 \u2192 class 0
[2026-07-19 13:45:52,604] 39 root - INFO - [Attacker] Label flip: 35 samples class 4 \u2192 class 0
[2026-07-19 13:45:52,612] 39 root - INFO - [Attacker] Label flip: 26 samples class 4 \u2192 class 0
[2026-07-19 13:45:52,620] 39 root - INFO - [Attacker] Label flip: 30 samples class 4 \u2192 class 0
[2026-07-19 13:45:52,627] 39 root - INFO - [Attacker] Label flip: 29 samples class 4 \u2192 class 0
[2026-07-19 13:45:52,638] 39 root - INFO - [Attacker] Label flip: 32 samples class 4 \u2192 class 0
[2026-07-19 13:45:52,645] 39 root - INFO - [Attacker] Label flip: 25 samples class 4 \u2192 class 0
[2026-07-19 13:45:52,653] 39 root - INFO - [Attacker] Label flip: 34 samples class 4 \u2192 class 0
[2026-07-19 13:45:52,661] 39 root - INFO - [Attacker] Label flip: 29 samples class 4 \u2192 class 0
[2026-07-19 13:45:52,669] 39 root - INFO - [Attacker] Label flip: 17 samples class 4 \u2192 class 0
[2026-07-19 13:45:52,677] 39 root - INFO - [Attacker] Label flip: 26 samples class 4 \u2192 class 0
[2026-07-19 13:45:52,683] 39 root - INFO - [Attacker] Label flip: 24 samples class 4 \u2192 class 0
[2026-07-19 13:45:52,691] 39 root - INFO - [Attacker] Label flip: 32 samples class 4 \u2192 class 0
[2026-07-19 13:45:52,699] 39 root - INFO - [Attacker] Label flip: 27 samples class 4 \u2192 class 0
[2026-07-19 13:45:52,707] 39 root - INFO - [Attacker] Label flip: 21 samples class 4 \u2192 class 0
[2026-07-19 13:45:52,715] 39 root - INFO - [Attacker] Label flip: 21 samples class 4 \u2192 class 0
[2026-07-19 13:45:52,723] 39 root - INFO - [Attacker] Label flip: 30 samples class 4 \u2192 class 0
[2026-07-19 13:45:52,731] 39 root - INFO - [Attacker] Label flip: 25 samples class 4 \u2192 class 0
[2026-07-19 13:45:52,738] 39 root - INFO - [Attacker] Label flip: 20 samples class 4 \u2192 class 0
[2026-07-19 13:45:52,744] 39 root - INFO - [Attacker] Label flip: 36 samples class 4 \u2192 class 0
[2026-07-19 13:45:52,754] 39 root - INFO - [Attacker] Label flip: 35 samples class 4 \u2192 class 0
[2026-07-19 13:45:52,761] 39 root - INFO - [Attacker] Label flip: 21 samples class 4 \u2192 class 0
[2026-07-19 13:45:52,770] 39 root - INFO - [Attacker] Label flip: 33 samples class 4 \u2192 class 0
[2026-07-19 13:45:52,778] 39 root - INFO - [Attacker] Label flip: 27 samples class 4 \u2192 class 0
[2026-07-19 13:45:52,796] 39 root - INFO - [Attacker] Label flip: 28 samples class 4 \u2192 class 0
[2026-07-19 13:45:52,806] 39 root - INFO - [Attacker] Label flip: 25 samples class 4 \u2192 class 0
[2026-07-19 13:45:52,825] 39 root - INFO - [Attacker] Label flip: 31 samples class 4 \u2192 class 0
[2026-07-19 13:45:52,833] 39 root - INFO - [Attacker] Label flip: 25 samples class 4 \u2192 class 0
[2026-07-19 13:45:52,841] 39 root - INFO - [Attacker] Label flip: 36 samples class 4 \u2192 class 0
[2026-07-19 13:45:52,849] 39 root - INFO - [Attacker] Label flip: 35 samples class 4 \u2192 class 0
[2026-07-19 13:45:52,859] 39 root - INFO - [Attacker] Label flip: 23 samples class 4 \u2192 class 0
[2026-07-19 13:45:52,867] 39 root - INFO - [Attacker] Label flip: 39 samples class 4 \u2192 class 0
[2026-07-19 13:45:52,875] 39 root - INFO - [Attacker] Label flip: 44 samples class 4 \u2192 class 0
[2026-07-19 13:45:52,883] 39 root - INFO - [Attacker] Label flip: 25 samples class 4 \u2192 class 0
[2026-07-19 13:45:52,891] 39 root - INFO - [Attacker] Label flip: 25 samples class 4 \u2192 class 0
[2026-07-19 13:45:52,900] 39 root - INFO - [Attacker] Label flip: 25 samples class 4 \u2192 class 0
[2026-07-19 13:45:52,906] 39 root - INFO - [Attacker] Label flip: 22 samples class 4 \u2192 class 0
[2026-07-19 13:45:52,914] 39 root - INFO - [Attacker] Label flip: 23 samples class 4 \u2192 class 0
[2026-07-19 13:45:52,922] 39 root - INFO - [Attacker] Label flip: 24 samples class 4 \u2192 class 0
[2026-07-19 13:45:52,934] 39 root - INFO - [Attacker] Label flip: 27 samples class 4 \u2192 class 0
[2026-07-19 13:45:52,941] 39 root - INFO - [Attacker] Label flip: 27 samples class 4 \u2192 class 0
[2026-07-19 13:45:52,949] 39 root - INFO - [Attacker] Label flip: 28 samples class 4 \u2192 class 0
[2026-07-19 13:45:52,957] 39 root - INFO - [Attacker] Label flip: 28 samples class 4 \u2192 class 0
[2026-07-19 13:45:52,965] 39 root - INFO - [Attacker] Label flip: 19 samples class 4 \u2192 class 0
[2026-07-19 13:45:52,973] 39 root - INFO - [Attacker] Label flip: 27 samples class 4 \u2192 class 0
[2026-07-19 13:45:52,981] 39 root - INFO - [Attacker] Label flip: 25 samples class 4 \u2192 class 0
[2026-07-19 13:45:52,989] 39 root - INFO - [Attacker] Label flip: 25 samples class 4 \u2192 class 0
[2026-07-19 13:45:53,003] 39 root - INFO - [Attacker] Label flip: 33 samples class 4 \u2192 class 0
[2026-07-19 13:45:53,011] 39 root - INFO - [Attacker] Label flip: 33 samples class 4 \u2192 class 0
[2026-07-19 13:45:53,018] 39 root - INFO - [Attacker] Label flip: 23 samples class 4 \u2192 class 0
[2026-07-19 13:45:53,026] 39 root - INFO - [Attacker] Label flip: 29 samples class 4 \u2192 class 0
[2026-07-19 13:45:53,034] 39 root - INFO - [Attacker] Label flip: 29 samples class 4 \u2192 class 0
[2026-07-19 13:45:53,044] 39 root - INFO - [Attacker] Label flip: 30 samples class 4 \u2192 class 0
[2026-07-19 13:45:53,052] 39 root - INFO - [Attacker] Label flip: 29 samples class 4 \u2192 class 0
[2026-07-19 13:45:53,060] 39 root - INFO - [Attacker] Label flip: 37 samples class 4 \u2192 class 0
[2026-07-19 13:45:53,068] 39 root - INFO - [Attacker] Label flip: 29 samples class 4 \u2192 class 0
[2026-07-19 13:45:53,076] 39 root - INFO - [Attacker] Label flip: 31 samples class 4 \u2192 class 0
[2026-07-19 13:45:53,083] 39 root - INFO - [Attacker] Label flip: 28 samples class 4 \u2192 class 0
[2026-07-19 13:45:53,091] 39 root - INFO - [Attacker] Label flip: 35 samples class 4 \u2192 class 0
[2026-07-19 13:45:53,099] 39 root - INFO - [Attacker] Label flip: 25 samples class 4 \u2192 class 0
[2026-07-19 13:45:53,109] 39 root - INFO - [Attacker] Label flip: 27 samples class 4 \u2192 class 0
[2026-07-19 13:45:53,117] 39 root - INFO - [Attacker] Label flip: 29 samples class 4 \u2192 class 0
[2026-07-19 13:45:53,129] 39 root - INFO - [Attacker] Label flip: 21 samples class 4 \u2192 class 0
[2026-07-19 13:45:53,132] 268 flwr - WARNING - DEPRECATED FEATURE: `client_fn` now expects a signature `def client_fn(context: Context)`.The provided `client_fn` has signature: {'cid': <Parameter "cid: str">}. You can import the `Context` like this: `from flwr.common import Context`

            This is a deprecated feature. It will be removed
            entirely in future versions of Flower.
        
[2026-07-19 13:45:53,138] 39 root - INFO - [Attacker] Label flip: 25 samples class 4 \u2192 class 0
[2026-07-19 13:45:53,151] 39 root - INFO - [Attacker] Label flip: 30 samples class 4 \u2192 class 0
[2026-07-19 13:45:53,161] 39 root - INFO - [Attacker] Label flip: 28 samples class 4 \u2192 class 0
[2026-07-19 13:45:53,167] 39 root - INFO - [Attacker] Label flip: 28 samples class 4 \u2192 class 0
[2026-07-19 13:45:53,175] 39 root - INFO - [Attacker] Label flip: 41 samples class 4 \u2192 class 0
[2026-07-19 13:45:53,187] 39 root - INFO - [Attacker] Label flip: 27 samples class 4 \u2192 class 0
[2026-07-19 13:45:53,201] 39 root - INFO - [Attacker] Label flip: 32 samples class 4 \u2192 class 0
[2026-07-19 13:45:53,210] 39 root - INFO - [Attacker] Label flip: 29 samples class 4 \u2192 class 0
[2026-07-19 13:45:53,218] 39 root - INFO - [Attacker] Label flip: 23 samples class 4 \u2192 class 0
[2026-07-19 13:45:53,236] 39 root - INFO - [Attacker] Label flip: 29 samples class 4 \u2192 class 0
[2026-07-19 13:45:53,244] 39 root - INFO - [Attacker] Label flip: 32 samples class 4 \u2192 class 0
[2026-07-19 13:45:53,252] 39 root - INFO - [Attacker] Label flip: 24 samples class 4 \u2192 class 0
[2026-07-19 13:45:53,260] 39 root - INFO - [Attacker] Label flip: 23 samples class 4 \u2192 class 0
[2026-07-19 13:45:53,277] 39 root - INFO - [Attacker] Label flip: 27 samples class 4 \u2192 class 0
[2026-07-19 13:45:53,287] 39 root - INFO - [Attacker] Label flip: 19 samples class 4 \u2192 class 0
[2026-07-19 13:45:53,295] 39 root - INFO - [Attacker] Label flip: 25 samples class 4 \u2192 class 0
[2026-07-19 13:45:53,302] 39 root - INFO - [Attacker] Label flip: 39 samples class 4 \u2192 class 0
[2026-07-19 13:45:53,316] 39 root - INFO - [Attacker] Label flip: 25 samples class 4 \u2192 class 0
[2026-07-19 13:45:53,326] 39 root - INFO - [Attacker] Label flip: 31 samples class 4 \u2192 class 0
[2026-07-19 13:45:53,333] 39 root - INFO - [Attacker] Label flip: 25 samples class 4 \u2192 class 0
[2026-07-19 13:45:53,341] 39 root - INFO - [Attacker] Label flip: 36 samples class 4 \u2192 class 0
[2026-07-19 13:45:53,351] 39 root - INFO - [Attacker] Label flip: 35 samples class 4 \u2192 class 0
[2026-07-19 13:45:53,359] 39 root - INFO - [Attacker] Label flip: 27 samples class 4 \u2192 class 0
[2026-07-19 13:45:53,367] 39 root - INFO - [Attacker] Label flip: 20 samples class 4 \u2192 class 0
[2026-07-19 13:45:53,374] 39 root - INFO - [Attacker] Label flip: 25 samples class 4 \u2192 class 0
[2026-07-19 13:45:53,381] 39 root - INFO - [Attacker] Label flip: 26 samples class 4 \u2192 class 0
[2026-07-19 13:45:53,389] 39 root - INFO - [Attacker] Label flip: 25 samples class 4 \u2192 class 0
[2026-07-19 13:45:53,397] 39 root - INFO - [Attacker] Label flip: 26 samples class 4 \u2192 class 0
[2026-07-19 13:45:53,404] 39 root - INFO - [Attacker] Label flip: 29 samples class 4 \u2192 class 0
[2026-07-19 13:45:53,413] 39 root - INFO - [Attacker] Label flip: 33 samples class 4 \u2192 class 0
[2026-07-19 13:45:53,421] 39 root - INFO - [Attacker] Label flip: 27 samples class 4 \u2192 class 0
[2026-07-19 13:45:53,427] 39 root - INFO - [Attacker] Label flip: 24 samples class 4 \u2192 class 0
[2026-07-19 13:45:53,435] 39 root - INFO - [Attacker] Label flip: 18 samples class 4 \u2192 class 0
[2026-07-19 13:45:53,443] 39 root - INFO - [Attacker] Label flip: 35 samples class 4 \u2192 class 0
[2026-07-19 13:45:53,451] 39 root - INFO - [Attacker] Label flip: 25 samples class 4 \u2192 class 0
[2026-07-19 13:45:53,459] 39 root - INFO - [Attacker] Label flip: 31 samples class 4 \u2192 class 0
[2026-07-19 13:45:53,466] 39 root - INFO - [Attacker] Label flip: 35 samples class 4 \u2192 class 0
[2026-07-19 13:45:53,473] 39 root - INFO - [Attacker] Label flip: 34 samples class 4 \u2192 class 0
[2026-07-19 13:45:53,481] 39 root - INFO - [Attacker] Label flip: 25 samples class 4 \u2192 class 0
[2026-07-19 13:45:53,489] 39 root - INFO - [Attacker] Label flip: 25 samples class 4 \u2192 class 0
[2026-07-19 13:45:53,497] 39 root - INFO - [Attacker] Label flip: 27 samples class 4 \u2192 class 0
[2026-07-19 13:45:53,505] 39 root - INFO - [Attacker] Label flip: 22 samples class 4 \u2192 class 0
[2026-07-19 13:45:53,513] 39 root - INFO - [Attacker] Label flip: 25 samples class 4 \u2192 class 0
[2026-07-19 13:45:53,521] 39 root - INFO - [Attacker] Label flip: 41 samples class 4 \u2192 class 0
[2026-07-19 13:45:53,529] 39 root - INFO - [Attacker] Label flip: 23 samples class 4 \u2192 class 0
[2026-07-19 13:45:53,537] 39 root - INFO - [Attacker] Label flip: 32 samples class 4 \u2192 class 0
[2026-07-19 13:45:53,543] 39 root - INFO - [Attacker] Label flip: 24 samples class 4 \u2192 class 0
[2026-07-19 13:45:53,552] 39 root - INFO - [Attacker] Label flip: 31 samples class 4 \u2192 class 0
[2026-07-19 13:45:53,559] 39 root - INFO - [Attacker] Label flip: 15 samples class 4 \u2192 class 0
[2026-07-19 13:45:53,567] 39 root - INFO - [Attacker] Label flip: 25 samples class 4 \u2192 class 0
[2026-07-19 13:45:53,575] 39 root - INFO - [Attacker] Label flip: 28 samples class 4 \u2192 class 0
[2026-07-19 13:45:53,581] 39 root - INFO - [Attacker] Label flip: 35 samples class 4 \u2192 class 0
[2026-07-19 13:45:53,591] 39 root - INFO - [Attacker] Label flip: 26 samples class 4 \u2192 class 0
[2026-07-19 13:45:53,600] 39 root - INFO - [Attacker] Label flip: 31 samples class 4 \u2192 class 0
[2026-07-19 13:45:53,606] 39 root - INFO - [Attacker] Label flip: 29 samples class 4 \u2192 class 0
[2026-07-19 13:45:53,614] 39 root - INFO - [Attacker] Label flip: 33 samples class 4 \u2192 class 0
[2026-07-19 13:45:53,624] 39 root - INFO - [Attacker] Label flip: 34 samples class 4 \u2192 class 0
[2026-07-19 13:45:53,632] 39 root - INFO - [Attacker] Label flip: 30 samples class 4 \u2192 class 0
[2026-07-19 13:45:53,640] 39 root - INFO - [Attacker] Label flip: 33 samples class 4 \u2192 class 0
[2026-07-19 13:45:53,648] 39 root - INFO - [Attacker] Label flip: 23 samples class 4 \u2192 class 0
[2026-07-19 13:45:53,655] 39 root - INFO - [Attacker] Label flip: 30 samples class 4 \u2192 class 0
[2026-07-19 13:45:53,661] 39 root - INFO - [Attacker] Label flip: 23 samples class 4 \u2192 class 0
[2026-07-19 13:45:53,669] 39 root - INFO - [Attacker] Label flip: 31 samples class 4 \u2192 class 0
[2026-07-19 13:45:53,677] 39 root - INFO - [Attacker] Label flip: 27 samples class 4 \u2192 class 0
[2026-07-19 13:45:53,685] 39 root - INFO - [Attacker] Label flip: 31 samples class 4 \u2192 class 0
[2026-07-19 13:45:53,691] 39 root - INFO - [Attacker] Label flip: 28 samples class 4 \u2192 class 0
[2026-07-19 13:45:53,699] 39 root - INFO - [Attacker] Label flip: 24 samples class 4 \u2192 class 0
[2026-07-19 13:45:53,707] 39 root - INFO - [Attacker] Label flip: 29 samples class 4 \u2192 class 0
[2026-07-19 13:45:53,715] 39 root - INFO - [Attacker] Label flip: 39 samples class 4 \u2192 class 0
[2026-07-19 13:45:53,722] 39 root - INFO - [Attacker] Label flip: 35 samples class 4 \u2192 class 0
[2026-07-19 13:45:53,731] 39 root - INFO - [Attacker] Label flip: 27 samples class 4 \u2192 class 0
[2026-07-19 13:45:53,738] 39 root - INFO - [Attacker] Label flip: 32 samples class 4 \u2192 class 0
[2026-07-19 13:45:53,746] 39 root - INFO - [Attacker] Label flip: 40 samples class 4 \u2192 class 0
[2026-07-19 13:45:53,754] 39 root - INFO - [Attacker] Label flip: 29 samples class 4 \u2192 class 0
[2026-07-19 13:45:53,762] 39 root - INFO - [Attacker] Label flip: 28 samples class 4 \u2192 class 0
[2026-07-19 13:45:53,770] 39 root - INFO - [Attacker] Label flip: 33 samples class 4 \u2192 class 0
[2026-07-19 13:45:53,778] 39 root - INFO - [Attacker] Label flip: 27 samples class 4 \u2192 class 0
[2026-07-19 13:45:53,784] 39 root - INFO - [Attacker] Label flip: 28 samples class 4 \u2192 class 0
[2026-07-19 13:45:53,792] 39 root - INFO - [Attacker] Label flip: 22 samples class 4 \u2192 class 0
[2026-07-19 13:45:53,801] 39 root - INFO - [Attacker] Label flip: 31 samples class 4 \u2192 class 0
[2026-07-19 13:45:53,808] 39 root - INFO - [Attacker] Label flip: 38 samples class 4 \u2192 class 0
[2026-07-19 13:45:53,826] 39 root - INFO - [Attacker] Label flip: 26 samples class 4 \u2192 class 0
[2026-07-19 13:45:53,836] 39 root - INFO - [Attacker] Label flip: 30 samples class 4 \u2192 class 0
[2026-07-19 13:45:53,844] 39 root - INFO - [Attacker] Label flip: 35 samples class 4 \u2192 class 0
[2026-07-19 13:45:53,850] 39 root - INFO - [Attacker] Label flip: 31 samples class 4 \u2192 class 0
[2026-07-19 13:45:53,857] 39 root - INFO - [Attacker] Label flip: 27 samples class 4 \u2192 class 0
[2026-07-19 13:45:53,865] 39 root - INFO - [Attacker] Label flip: 46 samples class 4 \u2192 class 0
[2026-07-19 13:45:53,873] 39 root - INFO - [Attacker] Label flip: 23 samples class 4 \u2192 class 0
[2026-07-19 13:45:53,881] 39 root - INFO - [Attacker] Label flip: 27 samples class 4 \u2192 class 0
[2026-07-19 13:45:53,889] 39 root - INFO - [Attacker] Label flip: 39 samples class 4 \u2192 class 0
[2026-07-19 13:45:53,899] 39 root - INFO - [Attacker] Label flip: 23 samples class 4 \u2192 class 0
[2026-07-19 13:45:53,907] 39 root - INFO - [Attacker] Label flip: 37 samples class 4 \u2192 class 0
[2026-07-19 13:45:53,915] 39 root - INFO - [Attacker] Label flip: 32 samples class 4 \u2192 class 0
[2026-07-19 13:45:53,923] 39 root - INFO - [Attacker] Label flip: 32 samples class 4 \u2192 class 0
[2026-07-19 13:45:53,930] 39 root - INFO - [Attacker] Label flip: 24 samples class 4 \u2192 class 0
[2026-07-19 13:45:53,938] 39 root - INFO - [Attacker] Label flip: 31 samples class 4 \u2192 class 0
[2026-07-19 13:45:53,944] 39 root - INFO - [Attacker] Label flip: 21 samples class 4 \u2192 class 0
[2026-07-19 13:45:53,952] 39 root - INFO - [Attacker] Label flip: 31 samples class 4 \u2192 class 0
[2026-07-19 13:45:53,960] 39 root - INFO - [Attacker] Label flip: 25 samples class 4 \u2192 class 0
[2026-07-19 13:45:53,968] 39 root - INFO - [Attacker] Label flip: 41 samples class 4 \u2192 class 0
[2026-07-19 13:45:53,976] 39 root - INFO - [Attacker] Label flip: 31 samples class 4 \u2192 class 0
[2026-07-19 13:45:53,987] 39 root - INFO - [Attacker] Label flip: 21 samples class 4 \u2192 class 0
[2026-07-19 13:45:53,993] 39 root - INFO - [Attacker] Label flip: 24 samples class 4 \u2192 class 0
[2026-07-19 13:45:54,001] 39 root - INFO - [Attacker] Label flip: 31 samples class 4 \u2192 class 0
[2026-07-19 13:45:54,009] 39 root - INFO - [Attacker] Label flip: 21 samples class 4 \u2192 class 0
[2026-07-19 13:45:54,017] 39 root - INFO - [Attacker] Label flip: 26 samples class 4 \u2192 class 0
[2026-07-19 13:45:54,024] 39 root - INFO - [Attacker] Label flip: 29 samples class 4 \u2192 class 0
[2026-07-19 13:45:54,032] 39 root - INFO - [Attacker] Label flip: 33 samples class 4 \u2192 class 0
[2026-07-19 13:45:54,038] 39 root - INFO - [Attacker] Label flip: 30 samples class 4 \u2192 class 0
[2026-07-19 13:45:54,047] 39 root - INFO - [Attacker] Label flip: 31 samples class 4 \u2192 class 0
[2026-07-19 13:45:54,055] 39 root - INFO - [Attacker] Label flip: 28 samples class 4 \u2192 class 0
[2026-07-19 13:45:54,068] 39 root - INFO - [Attacker] Label flip: 29 samples class 4 \u2192 class 0
[2026-07-19 13:45:54,076] 39 root - INFO - [Attacker] Label flip: 31 samples class 4 \u2192 class 0
[2026-07-19 13:45:54,084] 39 root - INFO - [Attacker] Label flip: 25 samples class 4 \u2192 class 0
[2026-07-19 13:45:54,092] 39 root - INFO - [Attacker] Label flip: 28 samples class 4 \u2192 class 0
[2026-07-19 13:45:54,098] 39 root - INFO - [Attacker] Label flip: 31 samples class 4 \u2192 class 0
[2026-07-19 13:45:54,106] 39 root - INFO - [Attacker] Label flip: 51 samples class 4 \u2192 class 0
[2026-07-19 13:45:54,114] 39 root - INFO - [Attacker] Label flip: 31 samples class 4 \u2192 class 0
[2026-07-19 13:45:54,121] 39 root - INFO - [Attacker] Label flip: 22 samples class 4 \u2192 class 0
[2026-07-19 13:45:54,129] 39 root - INFO - [Attacker] Label flip: 33 samples class 4 \u2192 class 0
[2026-07-19 13:45:54,137] 39 root - INFO - [Attacker] Label flip: 27 samples class 4 \u2192 class 0
[2026-07-19 13:45:54,143] 39 root - INFO - [Attacker] Label flip: 18 samples class 4 \u2192 class 0
[2026-07-19 13:45:54,151] 39 root - INFO - [Attacker] Label flip: 36 samples class 4 \u2192 class 0
[2026-07-19 13:45:54,159] 39 root - INFO - [Attacker] Label flip: 29 samples class 4 \u2192 class 0
[2026-07-19 13:45:54,167] 39 root - INFO - [Attacker] Label flip: 21 samples class 4 \u2192 class 0
[2026-07-19 13:45:54,175] 39 root - INFO - [Attacker] Label flip: 38 samples class 4 \u2192 class 0
[2026-07-19 13:45:54,183] 39 root - INFO - [Attacker] Label flip: 25 samples class 4 \u2192 class 0
[2026-07-19 13:45:54,189] 39 root - INFO - [Attacker] Label flip: 28 samples class 4 \u2192 class 0
[2026-07-19 13:45:54,197] 39 root - INFO - [Attacker] Label flip: 29 samples class 4 \u2192 class 0
[2026-07-19 13:45:54,204] 39 root - INFO - [Attacker] Label flip: 21 samples class 4 \u2192 class 0
[2026-07-19 13:45:54,212] 39 root - INFO - [Attacker] Label flip: 30 samples class 4 \u2192 class 0
[2026-07-19 13:45:54,220] 39 root - INFO - [Attacker] Label flip: 28 samples class 4 \u2192 class 0
[2026-07-19 13:45:54,226] 39 root - INFO - [Attacker] Label flip: 29 samples class 4 \u2192 class 0
[2026-07-19 13:45:54,242] 39 root - INFO - [Attacker] Label flip: 32 samples class 4 \u2192 class 0
[2026-07-19 13:45:54,250] 39 root - INFO - [Attacker] Label flip: 26 samples class 4 \u2192 class 0
[2026-07-19 13:45:54,258] 39 root - INFO - [Attacker] Label flip: 31 samples class 4 \u2192 class 0
[2026-07-19 13:45:54,266] 39 root - INFO - [Attacker] Label flip: 31 samples class 4 \u2192 class 0
[2026-07-19 13:45:54,279] 39 root - INFO - [Attacker] Label flip: 22 samples class 4 \u2192 class 0
[2026-07-19 13:45:54,285] 39 root - INFO - [Attacker] Label flip: 27 samples class 4 \u2192 class 0
[2026-07-19 13:45:54,295] 39 root - INFO - [Attacker] Label flip: 22 samples class 4 \u2192 class 0
[2026-07-19 13:45:54,303] 39 root - INFO - [Attacker] Label flip: 31 samples class 4 \u2192 class 0
[2026-07-19 13:45:54,319] 39 root - INFO - [Attacker] Label flip: 24 samples class 4 \u2192 class 0
[2026-07-19 13:45:54,327] 39 root - INFO - [Attacker] Label flip: 31 samples class 4 \u2192 class 0
[2026-07-19 13:45:54,335] 39 root - INFO - [Attacker] Label flip: 33 samples class 4 \u2192 class 0
[2026-07-19 13:45:54,343] 39 root - INFO - [Attacker] Label flip: 27 samples class 4 \u2192 class 0
[2026-07-19 13:45:54,350] 39 root - INFO - [Attacker] Label flip: 24 samples class 4 \u2192 class 0
[2026-07-19 13:45:54,358] 39 root - INFO - [Attacker] Label flip: 28 samples class 4 \u2192 class 0
[2026-07-19 13:45:54,365] 39 root - INFO - [Attacker] Label flip: 26 samples class 4 \u2192 class 0
[2026-07-19 13:45:54,375] 39 root - INFO - [Attacker] Label flip: 25 samples class 4 \u2192 class 0
[2026-07-19 13:45:54,388] 39 root - INFO - [Attacker] Label flip: 34 samples class 4 \u2192 class 0
[2026-07-19 13:45:54,395] 39 root - INFO - [Attacker] Label flip: 30 samples class 4 \u2192 class 0
[2026-07-19 13:45:54,403] 39 root - INFO - [Attacker] Label flip: 36 samples class 4 \u2192 class 0
[2026-07-19 13:45:54,411] 39 root - INFO - [Attacker] Label flip: 27 samples class 4 \u2192 class 0
[2026-07-19 13:45:54,421] 39 root - INFO - [Attacker] Label flip: 31 samples class 4 \u2192 class 0
[2026-07-19 13:45:54,429] 39 root - INFO - [Attacker] Label flip: 37 samples class 4 \u2192 class 0
[2026-07-19 13:45:54,437] 39 root - INFO - [Attacker] Label flip: 30 samples class 4 \u2192 class 0
[2026-07-19 13:45:54,443] 39 root - INFO - [Attacker] Label flip: 19 samples class 4 \u2192 class 0
[2026-07-19 13:45:54,451] 39 root - INFO - [Attacker] Label flip: 30 samples class 4 \u2192 class 0
[2026-07-19 13:45:54,459] 39 root - INFO - [Attacker] Label flip: 29 samples class 4 \u2192 class 0
[2026-07-19 13:45:54,467] 39 root - INFO - [Attacker] Label flip: 24 samples class 4 \u2192 class 0
[2026-07-19 13:45:54,476] 39 root - INFO - [Attacker] Label flip: 27 samples class 4 \u2192 class 0
[2026-07-19 13:45:54,484] 39 root - INFO - [Attacker] Label flip: 28 samples class 4 \u2192 class 0
[2026-07-19 13:45:54,492] 39 root - INFO - [Attacker] Label flip: 22 samples class 4 \u2192 class 0
[2026-07-19 13:45:54,498] 39 root - INFO - [Attacker] Label flip: 26 samples class 4 \u2192 class 0
[2026-07-19 13:45:54,506] 39 root - INFO - [Attacker] Label flip: 33 samples class 4 \u2192 class 0
[2026-07-19 13:45:54,514] 39 root - INFO - [Attacker] Label flip: 36 samples class 4 \u2192 class 0
[2026-07-19 13:45:54,524] 39 root - INFO - [Attacker] Label flip: 35 samples class 4 \u2192 class 0
[2026-07-19 13:45:54,532] 39 root - INFO - [Attacker] Label flip: 28 samples class 4 \u2192 class 0
[2026-07-19 13:45:54,537] 39 root - INFO - [Attacker] Label flip: 18 samples class 4 \u2192 class 0
[2026-07-19 13:45:54,546] 39 root - INFO - [Attacker] Label flip: 20 samples class 4 \u2192 class 0
[2026-07-19 13:45:54,553] 39 root - INFO - [Attacker] Label flip: 23 samples class 4 \u2192 class 0
[2026-07-19 13:45:54,561] 39 root - INFO - [Attacker] Label flip: 34 samples class 4 \u2192 class 0
[2026-07-19 13:45:54,569] 39 root - INFO - [Attacker] Label flip: 38 samples class 4 \u2192 class 0
[2026-07-19 13:45:54,575] 39 root - INFO - [Attacker] Label flip: 25 samples class 4 \u2192 class 0
[2026-07-19 13:45:54,618] 268 flwr - WARNING - DEPRECATED FEATURE: `client_fn` now expects a signature `def client_fn(context: Context)`.The provided `client_fn` has signature: {'cid': <Parameter "cid: str">}. You can import the `Context` like this: `from flwr.common import Context`

            This is a deprecated feature. It will be removed
            entirely in future versions of Flower.
        
[2026-07-19 13:46:01,293] 268 flwr - WARNING - DEPRECATED FEATURE: `client_fn` now expects a signature `def client_fn(context: Context)`.The provided `client_fn` has signature: {'cid': <Parameter "cid: str">}. You can import the `Context` like this: `from flwr.common import Context`

            This is a deprecated feature. It will be removed
            entirely in future versions of Flower.
        
[2026-07-19 13:46:01,673] 268 flwr - WARNING - DEPRECATED FEATURE: `client_fn` now expects a signature `def client_fn(context: Context)`.The provided `client_fn` has signature: {'cid': <Parameter "cid: str">}. You can import the `Context` like this: `from flwr.common import Context`

            This is a deprecated feature. It will be removed
            entirely in future versions of Flower.
        
[2026-07-19 13:46:03,491] 268 flwr - WARNING - DEPRECATED FEATURE: `client_fn` now expects a signature `def client_fn(context: Context)`.The provided `client_fn` has signature: {'cid': <Parameter "cid: str">}. You can import the `Context` like this: `from flwr.common import Context`

            This is a deprecated feature. It will be removed
            entirely in future versions of Flower.
        
[2026-07-19 13:46:15,758] 268 flwr - WARNING - DEPRECATED FEATURE: `client_fn` now expects a signature `def client_fn(context: Context)`.The provided `client_fn` has signature: {'cid': <Parameter "cid: str">}. You can import the `Context` like this: `from flwr.common import Context`

            This is a deprecated feature. It will be removed
            entirely in future versions of Flower.
        
[2026-07-19 13:46:27,324] 268 flwr - WARNING - DEPRECATED FEATURE: `client_fn` now expects a signature `def client_fn(context: Context)`.The provided `client_fn` has signature: {'cid': <Parameter "cid: str">}. You can import the `Context` like this: `from flwr.common import Context`

            This is a deprecated feature. It will be removed
            entirely in future versions of Flower.
        
[2026-07-19 13:46:30,241] 268 flwr - WARNING - DEPRECATED FEATURE: `client_fn` now expects a signature `def client_fn(context: Context)`.The provided `client_fn` has signature: {'cid': <Parameter "cid: str">}. You can import the `Context` like this: `from flwr.common import Context`

            This is a deprecated feature. It will be removed
            entirely in future versions of Flower.
        
[2026-07-19 13:46:31,277] 268 flwr - WARNING - DEPRECATED FEATURE: `client_fn` now expects a signature `def client_fn(context: Context)`.The provided `client_fn` has signature: {'cid': <Parameter "cid: str">}. You can import the `Context` like this: `from flwr.common import Context`

            This is a deprecated feature. It will be removed
            entirely in future versions of Flower.
        
[2026-07-19 13:46:33,108] 268 flwr - WARNING - DEPRECATED FEATURE: `client_fn` now expects a signature `def client_fn(context: Context)`.The provided `client_fn` has signature: {'cid': <Parameter "cid: str">}. You can import the `Context` like this: `from flwr.common import Context`

            This is a deprecated feature. It will be removed
            entirely in future versions of Flower.
        
[2026-07-19 13:47:47,567] 268 flwr - WARNING - DEPRECATED FEATURE: `client_fn` now expects a signature `def client_fn(context: Context)`.The provided `client_fn` has signature: {'cid': <Parameter "cid: str">}. You can import the `Context` like this: `from flwr.common import Context`

            This is a deprecated feature. It will be removed
            entirely in future versions of Flower.
        
[2026-07-19 13:47:47,569] 268 flwr - WARNING - DEPRECATED FEATURE: `client_fn` now expects a signature `def client_fn(context: Context)`.The provided `client_fn` has signature: {'cid': <Parameter "cid: str">}. You can import the `Context` like this: `from flwr.common import Context`

            This is a deprecated feature. It will be removed
            entirely in future versions of Flower.
        
[2026-07-19 13:47:47,571] 268 flwr - WARNING - DEPRECATED FEATURE: `client_fn` now expects a signature `def client_fn(context: Context)`.The provided `client_fn` has signature: {'cid': <Parameter "cid: str">}. You can import the `Context` like this: `from flwr.common import Context`

            This is a deprecated feature. It will be removed
            entirely in future versions of Flower.
        
[2026-07-19 13:47:47,573] 268 flwr - WARNING - DEPRECATED FEATURE: `client_fn` now expects a signature `def client_fn(context: Context)`.The provided `client_fn` has signature: {'cid': <Parameter "cid: str">}. You can import the `Context` like this: `from flwr.common import Context`

            This is a deprecated feature. It will be removed
            entirely in future versions of Flower.
        
[2026-07-19 13:47:47,587] 268 flwr - WARNING - DEPRECATED FEATURE: `client_fn` now expects a signature `def client_fn(context: Context)`.The provided `client_fn` has signature: {'cid': <Parameter "cid: str">}. You can import the `Context` like this: `from flwr.common import Context`

            This is a deprecated feature. It will be removed
            entirely in future versions of Flower.
        
[2026-07-19 13:47:47,824] 268 flwr - WARNING - DEPRECATED FEATURE: `client_fn` now expects a signature `def client_fn(context: Context)`.The provided `client_fn` has signature: {'cid': <Parameter "cid: str">}. You can import the `Context` like this: `from flwr.common import Context`

            This is a deprecated feature. It will be removed
            entirely in future versions of Flower.
        
[2026-07-19 13:47:48,089] 268 flwr - WARNING - DEPRECATED FEATURE: `client_fn` now expects a signature `def client_fn(context: Context)`.The provided `client_fn` has signature: {'cid': <Parameter "cid: str">}. You can import the `Context` like this: `from flwr.common import Context`

            This is a deprecated feature. It will be removed
            entirely in future versions of Flower.
        
[2026-07-19 13:47:48,267] 268 flwr - WARNING - DEPRECATED FEATURE: `client_fn` now expects a signature `def client_fn(context: Context)`.The provided `client_fn` has signature: {'cid': <Parameter "cid: str">}. You can import the `Context` like this: `from flwr.common import Context`

            This is a deprecated feature. It will be removed
            entirely in future versions of Flower.
        
[2026-07-19 13:47:48,552] 268 flwr - WARNING - DEPRECATED FEATURE: `client_fn` now expects a signature `def client_fn(context: Context)`.The provided `client_fn` has signature: {'cid': <Parameter "cid: str">}. You can import the `Context` like this: `from flwr.common import Context`

            This is a deprecated feature. It will be removed
            entirely in future versions of Flower.
        
[2026-07-19 13:47:48,562] 268 flwr - WARNING - DEPRECATED FEATURE: `client_fn` now expects a signature `def client_fn(context: Context)`.The provided `client_fn` has signature: {'cid': <Parameter "cid: str">}. You can import the `Context` like this: `from flwr.common import Context`

            This is a deprecated feature. It will be removed
            entirely in future versions of Flower.
        
[2026-07-19 13:47:48,639] 268 flwr - WARNING - DEPRECATED FEATURE: `client_fn` now expects a signature `def client_fn(context: Context)`.The provided `client_fn` has signature: {'cid': <Parameter "cid: str">}. You can import the `Context` like this: `from flwr.common import Context`

            This is a deprecated feature. It will be removed
            entirely in future versions of Flower.
        
[2026-07-19 13:47:48,685] 268 flwr - WARNING - DEPRECATED FEATURE: `client_fn` now expects a signature `def client_fn(context: Context)`.The provided `client_fn` has signature: {'cid': <Parameter "cid: str">}. You can import the `Context` like this: `from flwr.common import Context`

            This is a deprecated feature. It will be removed
            entirely in future versions of Flower.
        
[2026-07-19 13:47:48,875] 268 flwr - WARNING - DEPRECATED FEATURE: `client_fn` now expects a signature `def client_fn(context: Context)`.The provided `client_fn` has signature: {'cid': <Parameter "cid: str">}. You can import the `Context` like this: `from flwr.common import Context`

            This is a deprecated feature. It will be removed
            entirely in future versions of Flower.
        
[2026-07-19 13:47:48,920] 268 flwr - WARNING - DEPRECATED FEATURE: `client_fn` now expects a signature `def client_fn(context: Context)`.The provided `client_fn` has signature: {'cid': <Parameter "cid: str">}. You can import the `Context` like this: `from flwr.common import Context`

            This is a deprecated feature. It will be removed
            entirely in future versions of Flower.
        
[2026-07-19 13:47:48,993] 268 flwr - WARNING - DEPRECATED FEATURE: `client_fn` now expects a signature `def client_fn(context: Context)`.The provided `client_fn` has signature: {'cid': <Parameter "cid: str">}. You can import the `Context` like this: `from flwr.common import Context`

            This is a deprecated feature. It will be removed
            entirely in future versions of Flower.
        
[2026-07-19 13:47:49,011] 268 flwr - WARNING - DEPRECATED FEATURE: `client_fn` now expects a signature `def client_fn(context: Context)`.The provided `client_fn` has signature: {'cid': <Parameter "cid: str">}. You can import the `Context` like this: `from flwr.common import Context`

            This is a deprecated feature. It will be removed
            entirely in future versions of Flower.
        
[2026-07-19 13:47:49,171] 268 flwr - WARNING - DEPRECATED FEATURE: `client_fn` now expects a signature `def client_fn(context: Context)`.The provided `client_fn` has signature: {'cid': <Parameter "cid: str">}. You can import the `Context` like this: `from flwr.common import Context`

            This is a deprecated feature. It will be removed
            entirely in future versions of Flower.
        
[2026-07-19 13:47:49,203] 268 flwr - WARNING - DEPRECATED FEATURE: `client_fn` now expects a signature `def client_fn(context: Context)`.The provided `client_fn` has signature: {'cid': <Parameter "cid: str">}. You can import the `Context` like this: `from flwr.common import Context`

            This is a deprecated feature. It will be removed
            entirely in future versions of Flower.
        
[2026-07-19 13:47:49,337] 268 flwr - WARNING - DEPRECATED FEATURE: `client_fn` now expects a signature `def client_fn(context: Context)`.The provided `client_fn` has signature: {'cid': <Parameter "cid: str">}. You can import the `Context` like this: `from flwr.common import Context`

            This is a deprecated feature. It will be removed
            entirely in future versions of Flower.
        
[2026-07-19 13:47:51,858] 268 flwr - WARNING - DEPRECATED FEATURE: `client_fn` now expects a signature `def client_fn(context: Context)`.The provided `client_fn` has signature: {'cid': <Parameter "cid: str">}. You can import the `Context` like this: `from flwr.common import Context`

            This is a deprecated feature. It will be removed
            entirely in future versions of Flower.
        
[2026-07-19 13:47:51,860] 268 flwr - WARNING - DEPRECATED FEATURE: `client_fn` now expects a signature `def client_fn(context: Context)`.The provided `client_fn` has signature: {'cid': <Parameter "cid: str">}. You can import the `Context` like this: `from flwr.common import Context`

            This is a deprecated feature. It will be removed
            entirely in future versions of Flower.
        
[2026-07-19 13:47:51,867] 268 flwr - WARNING - DEPRECATED FEATURE: `client_fn` now expects a signature `def client_fn(context: Context)`.The provided `client_fn` has signature: {'cid': <Parameter "cid: str">}. You can import the `Context` like this: `from flwr.common import Context`

            This is a deprecated feature. It will be removed
            entirely in future versions of Flower.
        
[2026-07-19 13:47:51,873] 268 flwr - WARNING - DEPRECATED FEATURE: `client_fn` now expects a signature `def client_fn(context: Context)`.The provided `client_fn` has signature: {'cid': <Parameter "cid: str">}. You can import the `Context` like this: `from flwr.common import Context`

            This is a deprecated feature. It will be removed
            entirely in future versions of Flower.
        
[2026-07-19 13:47:51,873] 268 flwr - WARNING - DEPRECATED FEATURE: `client_fn` now expects a signature `def client_fn(context: Context)`.The provided `client_fn` has signature: {'cid': <Parameter "cid: str">}. You can import the `Context` like this: `from flwr.common import Context`

            This is a deprecated feature. It will be removed
            entirely in future versions of Flower.
        
[2026-07-19 13:47:52,739] 268 flwr - WARNING - DEPRECATED FEATURE: `client_fn` now expects a signature `def client_fn(context: Context)`.The provided `client_fn` has signature: {'cid': <Parameter "cid: str">}. You can import the `Context` like this: `from flwr.common import Context`

            This is a deprecated feature. It will be removed
            entirely in future versions of Flower.
        
[2026-07-19 13:47:56,692] 268 flwr - WARNING - DEPRECATED FEATURE: `client_fn` now expects a signature `def client_fn(context: Context)`.The provided `client_fn` has signature: {'cid': <Parameter "cid: str">}. You can import the `Context` like this: `from flwr.common import Context`

            This is a deprecated feature. It will be removed
            entirely in future versions of Flower.
        
[2026-07-19 13:47:57,501] 268 flwr - WARNING - DEPRECATED FEATURE: `client_fn` now expects a signature `def client_fn(context: Context)`.The provided `client_fn` has signature: {'cid': <Parameter "cid: str">}. You can import the `Context` like this: `from flwr.common import Context`

            This is a deprecated feature. It will be removed
            entirely in future versions of Flower.
        
[2026-07-19 13:47:59,312] 268 flwr - WARNING - DEPRECATED FEATURE: `client_fn` now expects a signature `def client_fn(context: Context)`.The provided `client_fn` has signature: {'cid': <Parameter "cid: str">}. You can import the `Context` like this: `from flwr.common import Context`

            This is a deprecated feature. It will be removed
            entirely in future versions of Flower.
        
[2026-07-19 13:48:01,483] 268 flwr - WARNING - DEPRECATED FEATURE: `client_fn` now expects a signature `def client_fn(context: Context)`.The provided `client_fn` has signature: {'cid': <Parameter "cid: str">}. You can import the `Context` like this: `from flwr.common import Context`

            This is a deprecated feature. It will be removed
            entirely in future versions of Flower.
        
[2026-07-19 13:48:02,865] 39 root - INFO - [Attacker] Label flip: 9 samples class 4 \u2192 class 0
[2026-07-19 13:48:02,873] 39 root - INFO - [Attacker] Label flip: 18 samples class 4 \u2192 class 0
[2026-07-19 13:48:02,881] 39 root - INFO - [Attacker] Label flip: 13 samples class 4 \u2192 class 0
[2026-07-19 13:48:02,890] 39 root - INFO - [Attacker] Label flip: 16 samples class 4 \u2192 class 0
[2026-07-19 13:48:02,902] 39 root - INFO - [Attacker] Label flip: 15 samples class 4 \u2192 class 0
[2026-07-19 13:48:02,912] 39 root - INFO - [Attacker] Label flip: 19 samples class 4 \u2192 class 0
[2026-07-19 13:48:02,920] 39 root - INFO - [Attacker] Label flip: 14 samples class 4 \u2192 class 0
[2026-07-19 13:48:02,928] 39 root - INFO - [Attacker] Label flip: 11 samples class 4 \u2192 class 0
[2026-07-19 13:48:02,936] 39 root - INFO - [Attacker] Label flip: 17 samples class 4 \u2192 class 0
[2026-07-19 13:48:02,946] 39 root - INFO - [Attacker] Label flip: 14 samples class 4 \u2192 class 0
[2026-07-19 13:48:02,954] 39 root - INFO - [Attacker] Label flip: 15 samples class 4 \u2192 class 0
[2026-07-19 13:48:02,962] 39 root - INFO - [Attacker] Label flip: 14 samples class 4 \u2192 class 0
[2026-07-19 13:48:02,972] 39 root - INFO - [Attacker] Label flip: 14 samples class 4 \u2192 class 0
[2026-07-19 13:48:02,980] 39 root - INFO - [Attacker] Label flip: 13 samples class 4 \u2192 class 0
[2026-07-19 13:48:02,987] 39 root - INFO - [Attacker] Label flip: 13 samples class 4 \u2192 class 0
[2026-07-19 13:48:02,996] 39 root - INFO - [Attacker] Label flip: 11 samples class 4 \u2192 class 0
[2026-07-19 13:48:03,004] 39 root - INFO - [Attacker] Label flip: 13 samples class 4 \u2192 class 0
[2026-07-19 13:48:03,077] 39 root - INFO - [Attacker] Label flip: 9 samples class 4 \u2192 class 0
[2026-07-19 13:48:03,087] 39 root - INFO - [Attacker] Label flip: 10 samples class 4 \u2192 class 0
[2026-07-19 13:48:03,095] 39 root - INFO - [Attacker] Label flip: 12 samples class 4 \u2192 class 0
[2026-07-19 13:48:03,125] 39 root - INFO - [Attacker] Label flip: 13 samples class 4 \u2192 class 0
[2026-07-19 13:48:03,134] 39 root - INFO - [Attacker] Label flip: 11 samples class 4 \u2192 class 0
[2026-07-19 13:48:03,142] 39 root - INFO - [Attacker] Label flip: 12 samples class 4 \u2192 class 0
[2026-07-19 13:48:03,153] 39 root - INFO - [Attacker] Label flip: 13 samples class 4 \u2192 class 0
[2026-07-19 13:48:03,160] 39 root - INFO - [Attacker] Label flip: 15 samples class 4 \u2192 class 0
[2026-07-19 13:48:03,168] 39 root - INFO - [Attacker] Label flip: 12 samples class 4 \u2192 class 0
[2026-07-19 13:48:03,176] 39 root - INFO - [Attacker] Label flip: 16 samples class 4 \u2192 class 0
[2026-07-19 13:48:03,184] 39 root - INFO - [Attacker] Label flip: 8 samples class 4 \u2192 class 0
[2026-07-19 13:48:03,191] 39 root - INFO - [Attacker] Label flip: 12 samples class 4 \u2192 class 0
[2026-07-19 13:48:03,199] 39 root - INFO - [Attacker] Label flip: 12 samples class 4 \u2192 class 0
[2026-07-19 13:48:03,210] 39 root - INFO - [Attacker] Label flip: 13 samples class 4 \u2192 class 0
[2026-07-19 13:48:03,218] 39 root - INFO - [Attacker] Label flip: 13 samples class 4 \u2192 class 0
[2026-07-19 13:48:03,227] 39 root - INFO - [Attacker] Label flip: 14 samples class 4 \u2192 class 0
[2026-07-19 13:48:03,233] 39 root - INFO - [Attacker] Label flip: 8 samples class 4 \u2192 class 0
[2026-07-19 13:48:03,241] 39 root - INFO - [Attacker] Label flip: 10 samples class 4 \u2192 class 0
[2026-07-19 13:48:03,249] 39 root - INFO - [Attacker] Label flip: 11 samples class 4 \u2192 class 0
[2026-07-19 13:48:03,259] 39 root - INFO - [Attacker] Label flip: 14 samples class 4 \u2192 class 0
[2026-07-19 13:48:03,267] 39 root - INFO - [Attacker] Label flip: 9 samples class 4 \u2192 class 0
[2026-07-19 13:48:03,275] 39 root - INFO - [Attacker] Label flip: 10 samples class 4 \u2192 class 0
[2026-07-19 13:48:03,283] 39 root - INFO - [Attacker] Label flip: 17 samples class 4 \u2192 class 0
[2026-07-19 13:48:03,290] 39 root - INFO - [Attacker] Label flip: 22 samples class 4 \u2192 class 0
[2026-07-19 13:48:03,298] 39 root - INFO - [Attacker] Label flip: 12 samples class 4 \u2192 class 0
[2026-07-19 13:48:03,306] 39 root - INFO - [Attacker] Label flip: 11 samples class 4 \u2192 class 0
[2026-07-19 13:48:03,314] 39 root - INFO - [Attacker] Label flip: 17 samples class 4 \u2192 class 0
[2026-07-19 13:48:03,324] 39 root - INFO - [Attacker] Label flip: 12 samples class 4 \u2192 class 0
[2026-07-19 13:48:03,332] 39 root - INFO - [Attacker] Label flip: 19 samples class 4 \u2192 class 0
[2026-07-19 13:48:03,340] 39 root - INFO - [Attacker] Label flip: 14 samples class 4 \u2192 class 0
[2026-07-19 13:48:03,348] 39 root - INFO - [Attacker] Label flip: 11 samples class 4 \u2192 class 0
[2026-07-19 13:48:03,356] 39 root - INFO - [Attacker] Label flip: 10 samples class 4 \u2192 class 0
[2026-07-19 13:48:03,376] 39 root - INFO - [Attacker] Label flip: 9 samples class 4 \u2192 class 0
[2026-07-19 13:48:03,388] 39 root - INFO - [Attacker] Label flip: 15 samples class 4 \u2192 class 0
[2026-07-19 13:48:03,398] 39 root - INFO - [Attacker] Label flip: 12 samples class 4 \u2192 class 0
[2026-07-19 13:48:03,407] 39 root - INFO - [Attacker] Label flip: 10 samples class 4 \u2192 class 0
[2026-07-19 13:48:03,419] 39 root - INFO - [Attacker] Label flip: 9 samples class 4 \u2192 class 0
[2026-07-19 13:48:03,426] 39 root - INFO - [Attacker] Label flip: 14 samples class 4 \u2192 class 0
[2026-07-19 13:48:03,434] 39 root - INFO - [Attacker] Label flip: 10 samples class 4 \u2192 class 0
[2026-07-19 13:48:03,444] 39 root - INFO - [Attacker] Label flip: 16 samples class 4 \u2192 class 0
[2026-07-19 13:48:03,452] 39 root - INFO - [Attacker] Label flip: 10 samples class 4 \u2192 class 0
[2026-07-19 13:48:03,461] 39 root - INFO - [Attacker] Label flip: 16 samples class 4 \u2192 class 0
[2026-07-19 13:48:03,469] 39 root - INFO - [Attacker] Label flip: 14 samples class 4 \u2192 class 0
[2026-07-19 13:48:03,476] 39 root - INFO - [Attacker] Label flip: 13 samples class 4 \u2192 class 0
[2026-07-19 13:48:03,487] 39 root - INFO - [Attacker] Label flip: 13 samples class 4 \u2192 class 0
[2026-07-19 13:48:03,494] 39 root - INFO - [Attacker] Label flip: 13 samples class 4 \u2192 class 0
[2026-07-19 13:48:03,502] 39 root - INFO - [Attacker] Label flip: 19 samples class 4 \u2192 class 0
[2026-07-19 13:48:03,512] 39 root - INFO - [Attacker] Label flip: 8 samples class 4 \u2192 class 0
[2026-07-19 13:48:03,530] 39 root - INFO - [Attacker] Label flip: 13 samples class 4 \u2192 class 0
[2026-07-19 13:48:03,536] 39 root - INFO - [Attacker] Label flip: 15 samples class 4 \u2192 class 0
[2026-07-19 13:48:03,544] 39 root - INFO - [Attacker] Label flip: 14 samples class 4 \u2192 class 0
[2026-07-19 13:48:03,554] 39 root - INFO - [Attacker] Label flip: 16 samples class 4 \u2192 class 0
[2026-07-19 13:48:03,563] 39 root - INFO - [Attacker] Label flip: 17 samples class 4 \u2192 class 0
[2026-07-19 13:48:03,571] 39 root - INFO - [Attacker] Label flip: 9 samples class 4 \u2192 class 0
[2026-07-19 13:48:03,579] 39 root - INFO - [Attacker] Label flip: 8 samples class 4 \u2192 class 0
[2026-07-19 13:48:03,587] 39 root - INFO - [Attacker] Label flip: 17 samples class 4 \u2192 class 0
[2026-07-19 13:48:03,597] 39 root - INFO - [Attacker] Label flip: 11 samples class 4 \u2192 class 0
[2026-07-19 13:48:03,603] 39 root - INFO - [Attacker] Label flip: 11 samples class 4 \u2192 class 0
[2026-07-19 13:48:03,612] 39 root - INFO - [Attacker] Label flip: 12 samples class 4 \u2192 class 0
[2026-07-19 13:48:03,628] 39 root - INFO - [Attacker] Label flip: 12 samples class 4 \u2192 class 0
[2026-07-19 13:48:03,635] 39 root - INFO - [Attacker] Label flip: 13 samples class 4 \u2192 class 0
[2026-07-19 13:48:03,643] 39 root - INFO - [Attacker] Label flip: 10 samples class 4 \u2192 class 0
[2026-07-19 13:48:03,651] 39 root - INFO - [Attacker] Label flip: 15 samples class 4 \u2192 class 0
[2026-07-19 13:48:03,659] 39 root - INFO - [Attacker] Label flip: 10 samples class 4 \u2192 class 0
[2026-07-19 13:48:03,668] 39 root - INFO - [Attacker] Label flip: 12 samples class 4 \u2192 class 0
[2026-07-19 13:48:03,679] 39 root - INFO - [Attacker] Label flip: 19 samples class 4 \u2192 class 0
[2026-07-19 13:48:03,686] 39 root - INFO - [Attacker] Label flip: 8 samples class 4 \u2192 class 0
[2026-07-19 13:48:03,692] 39 root - INFO - [Attacker] Label flip: 16 samples class 4 \u2192 class 0
[2026-07-19 13:48:03,702] 39 root - INFO - [Attacker] Label flip: 19 samples class 4 \u2192 class 0
[2026-07-19 13:48:03,712] 39 root - INFO - [Attacker] Label flip: 14 samples class 4 \u2192 class 0
[2026-07-19 13:48:03,720] 39 root - INFO - [Attacker] Label flip: 10 samples class 4 \u2192 class 0
[2026-07-19 13:48:03,730] 39 root - INFO - [Attacker] Label flip: 13 samples class 4 \u2192 class 0
[2026-07-19 13:48:03,736] 39 root - INFO - [Attacker] Label flip: 10 samples class 4 \u2192 class 0
[2026-07-19 13:48:03,746] 39 root - INFO - [Attacker] Label flip: 20 samples class 4 \u2192 class 0
[2026-07-19 13:48:03,754] 39 root - INFO - [Attacker] Label flip: 10 samples class 4 \u2192 class 0
[2026-07-19 13:48:03,761] 39 root - INFO - [Attacker] Label flip: 15 samples class 4 \u2192 class 0
[2026-07-19 13:48:03,769] 39 root - INFO - [Attacker] Label flip: 15 samples class 4 \u2192 class 0
[2026-07-19 13:48:03,779] 39 root - INFO - [Attacker] Label flip: 7 samples class 4 \u2192 class 0
[2026-07-19 13:48:03,787] 39 root - INFO - [Attacker] Label flip: 20 samples class 4 \u2192 class 0
[2026-07-19 13:48:03,795] 39 root - INFO - [Attacker] Label flip: 9 samples class 4 \u2192 class 0
[2026-07-19 13:48:03,803] 39 root - INFO - [Attacker] Label flip: 18 samples class 4 \u2192 class 0
[2026-07-19 13:48:03,813] 39 root - INFO - [Attacker] Label flip: 10 samples class 4 \u2192 class 0
[2026-07-19 13:48:03,821] 39 root - INFO - [Attacker] Label flip: 13 samples class 4 \u2192 class 0
[2026-07-19 13:48:03,828] 39 root - INFO - [Attacker] Label flip: 10 samples class 4 \u2192 class 0
[2026-07-19 13:48:03,836] 39 root - INFO - [Attacker] Label flip: 7 samples class 4 \u2192 class 0
[2026-07-19 13:48:03,846] 39 root - INFO - [Attacker] Label flip: 11 samples class 4 \u2192 class 0
[2026-07-19 13:48:03,854] 39 root - INFO - [Attacker] Label flip: 12 samples class 4 \u2192 class 0
[2026-07-19 13:48:03,862] 39 root - INFO - [Attacker] Label flip: 8 samples class 4 \u2192 class 0
[2026-07-19 13:48:03,870] 39 root - INFO - [Attacker] Label flip: 10 samples class 4 \u2192 class 0
[2026-07-19 13:48:03,878] 39 root - INFO - [Attacker] Label flip: 11 samples class 4 \u2192 class 0
[2026-07-19 13:48:03,886] 39 root - INFO - [Attacker] Label flip: 12 samples class 4 \u2192 class 0
[2026-07-19 13:48:03,894] 39 root - INFO - [Attacker] Label flip: 10 samples class 4 \u2192 class 0
[2026-07-19 13:48:03,902] 39 root - INFO - [Attacker] Label flip: 8 samples class 4 \u2192 class 0
[2026-07-19 13:48:03,909] 39 root - INFO - [Attacker] Label flip: 8 samples class 4 \u2192 class 0
[2026-07-19 13:48:03,917] 39 root - INFO - [Attacker] Label flip: 15 samples class 4 \u2192 class 0
[2026-07-19 13:48:03,925] 39 root - INFO - [Attacker] Label flip: 19 samples class 4 \u2192 class 0
[2026-07-19 13:48:03,931] 39 root - INFO - [Attacker] Label flip: 16 samples class 4 \u2192 class 0
[2026-07-19 13:48:03,939] 39 root - INFO - [Attacker] Label flip: 14 samples class 4 \u2192 class 0
[2026-07-19 13:48:03,949] 39 root - INFO - [Attacker] Label flip: 15 samples class 4 \u2192 class 0
[2026-07-19 13:48:03,957] 39 root - INFO - [Attacker] Label flip: 18 samples class 4 \u2192 class 0
[2026-07-19 13:48:03,963] 39 root - INFO - [Attacker] Label flip: 6 samples class 4 \u2192 class 0
[2026-07-19 13:48:03,971] 39 root - INFO - [Attacker] Label flip: 16 samples class 4 \u2192 class 0
[2026-07-19 13:48:03,979] 39 root - INFO - [Attacker] Label flip: 12 samples class 4 \u2192 class 0
[2026-07-19 13:48:03,988] 39 root - INFO - [Attacker] Label flip: 10 samples class 4 \u2192 class 0
[2026-07-19 13:48:03,996] 39 root - INFO - [Attacker] Label flip: 19 samples class 4 \u2192 class 0
[2026-07-19 13:48:04,004] 39 root - INFO - [Attacker] Label flip: 18 samples class 4 \u2192 class 0
[2026-07-19 13:48:04,012] 39 root - INFO - [Attacker] Label flip: 13 samples class 4 \u2192 class 0
[2026-07-19 13:48:04,020] 39 root - INFO - [Attacker] Label flip: 11 samples class 4 \u2192 class 0
[2026-07-19 13:48:04,028] 39 root - INFO - [Attacker] Label flip: 10 samples class 4 \u2192 class 0
[2026-07-19 13:48:04,036] 39 root - INFO - [Attacker] Label flip: 15 samples class 4 \u2192 class 0
[2026-07-19 13:48:04,046] 39 root - INFO - [Attacker] Label flip: 17 samples class 4 \u2192 class 0
[2026-07-19 13:48:04,054] 39 root - INFO - [Attacker] Label flip: 16 samples class 4 \u2192 class 0
[2026-07-19 13:48:04,061] 39 root - INFO - [Attacker] Label flip: 12 samples class 4 \u2192 class 0
[2026-07-19 13:48:04,069] 39 root - INFO - [Attacker] Label flip: 11 samples class 4 \u2192 class 0
[2026-07-19 13:48:04,077] 39 root - INFO - [Attacker] Label flip: 9 samples class 4 \u2192 class 0
[2026-07-19 13:48:04,085] 39 root - INFO - [Attacker] Label flip: 13 samples class 4 \u2192 class 0
[2026-07-19 13:48:04,093] 39 root - INFO - [Attacker] Label flip: 20 samples class 4 \u2192 class 0
[2026-07-19 13:48:04,101] 39 root - INFO - [Attacker] Label flip: 11 samples class 4 \u2192 class 0
[2026-07-19 13:48:04,109] 39 root - INFO - [Attacker] Label flip: 12 samples class 4 \u2192 class 0
[2026-07-19 13:48:04,117] 39 root - INFO - [Attacker] Label flip: 21 samples class 4 \u2192 class 0
[2026-07-19 13:48:04,126] 39 root - INFO - [Attacker] Label flip: 18 samples class 4 \u2192 class 0
[2026-07-19 13:48:04,132] 39 root - INFO - [Attacker] Label flip: 8 samples class 4 \u2192 class 0
[2026-07-19 13:48:04,140] 39 root - INFO - [Attacker] Label flip: 11 samples class 4 \u2192 class 0
[2026-07-19 13:48:04,150] 39 root - INFO - [Attacker] Label flip: 11 samples class 4 \u2192 class 0
[2026-07-19 13:48:04,158] 39 root - INFO - [Attacker] Label flip: 10 samples class 4 \u2192 class 0
[2026-07-19 13:48:04,166] 39 root - INFO - [Attacker] Label flip: 16 samples class 4 \u2192 class 0
[2026-07-19 13:48:04,174] 39 root - INFO - [Attacker] Label flip: 14 samples class 4 \u2192 class 0
[2026-07-19 13:48:04,182] 39 root - INFO - [Attacker] Label flip: 4 samples class 4 \u2192 class 0
[2026-07-19 13:48:04,188] 39 root - INFO - [Attacker] Label flip: 12 samples class 4 \u2192 class 0
[2026-07-19 13:48:04,198] 39 root - INFO - [Attacker] Label flip: 6 samples class 4 \u2192 class 0
[2026-07-19 13:48:04,205] 39 root - INFO - [Attacker] Label flip: 8 samples class 4 \u2192 class 0
[2026-07-19 13:48:04,215] 39 root - INFO - [Attacker] Label flip: 21 samples class 4 \u2192 class 0
[2026-07-19 13:48:04,221] 39 root - INFO - [Attacker] Label flip: 11 samples class 4 \u2192 class 0
[2026-07-19 13:48:04,229] 39 root - INFO - [Attacker] Label flip: 15 samples class 4 \u2192 class 0
[2026-07-19 13:48:04,237] 39 root - INFO - [Attacker] Label flip: 12 samples class 4 \u2192 class 0
[2026-07-19 13:48:04,245] 39 root - INFO - [Attacker] Label flip: 14 samples class 4 \u2192 class 0
[2026-07-19 13:48:04,255] 39 root - INFO - [Attacker] Label flip: 14 samples class 4 \u2192 class 0
[2026-07-19 13:48:04,262] 39 root - INFO - [Attacker] Label flip: 12 samples class 4 \u2192 class 0
[2026-07-19 13:48:04,270] 39 root - INFO - [Attacker] Label flip: 14 samples class 4 \u2192 class 0
[2026-07-19 13:48:04,278] 39 root - INFO - [Attacker] Label flip: 14 samples class 4 \u2192 class 0
[2026-07-19 13:48:04,286] 39 root - INFO - [Attacker] Label flip: 9 samples class 4 \u2192 class 0
[2026-07-19 13:48:04,294] 39 root - INFO - [Attacker] Label flip: 9 samples class 4 \u2192 class 0
[2026-07-19 13:48:04,302] 39 root - INFO - [Attacker] Label flip: 16 samples class 4 \u2192 class 0
[2026-07-19 13:48:04,310] 39 root - INFO - [Attacker] Label flip: 8 samples class 4 \u2192 class 0
[2026-07-19 13:48:04,318] 39 root - INFO - [Attacker] Label flip: 12 samples class 4 \u2192 class 0
[2026-07-19 13:48:04,326] 39 root - INFO - [Attacker] Label flip: 16 samples class 4 \u2192 class 0
[2026-07-19 13:48:04,334] 39 root - INFO - [Attacker] Label flip: 15 samples class 4 \u2192 class 0
[2026-07-19 13:48:04,341] 39 root - INFO - [Attacker] Label flip: 22 samples class 4 \u2192 class 0
[2026-07-19 13:48:04,349] 39 root - INFO - [Attacker] Label flip: 15 samples class 4 \u2192 class 0
[2026-07-19 13:48:04,357] 268 flwr - WARNING - DEPRECATED FEATURE: `client_fn` now expects a signature `def client_fn(context: Context)`.The provided `client_fn` has signature: {'cid': <Parameter "cid: str">}. You can import the `Context` like this: `from flwr.common import Context`

            This is a deprecated feature. It will be removed
            entirely in future versions of Flower.
        
[2026-07-19 13:48:04,357] 39 root - INFO - [Attacker] Label flip: 11 samples class 4 \u2192 class 0
[2026-07-19 13:48:04,365] 39 root - INFO - [Attacker] Label flip: 14 samples class 4 \u2192 class 0
[2026-07-19 13:48:04,373] 39 root - INFO - [Attacker] Label flip: 12 samples class 4 \u2192 class 0
[2026-07-19 13:48:04,381] 39 root - INFO - [Attacker] Label flip: 14 samples class 4 \u2192 class 0
[2026-07-19 13:48:04,389] 39 root - INFO - [Attacker] Label flip: 13 samples class 4 \u2192 class 0
[2026-07-19 13:48:04,397] 39 root - INFO - [Attacker] Label flip: 22 samples class 4 \u2192 class 0
[2026-07-19 13:48:04,404] 39 root - INFO - [Attacker] Label flip: 10 samples class 4 \u2192 class 0
[2026-07-19 13:48:04,412] 39 root - INFO - [Attacker] Label flip: 12 samples class 4 \u2192 class 0
[2026-07-19 13:48:04,420] 39 root - INFO - [Attacker] Label flip: 9 samples class 4 \u2192 class 0
[2026-07-19 13:48:04,428] 39 root - INFO - [Attacker] Label flip: 10 samples class 4 \u2192 class 0
[2026-07-19 13:48:04,436] 39 root - INFO - [Attacker] Label flip: 10 samples class 4 \u2192 class 0
[2026-07-19 13:48:04,444] 39 root - INFO - [Attacker] Label flip: 10 samples class 4 \u2192 class 0
[2026-07-19 13:48:04,452] 39 root - INFO - [Attacker] Label flip: 16 samples class 4 \u2192 class 0
[2026-07-19 13:48:04,460] 39 root - INFO - [Attacker] Label flip: 11 samples class 4 \u2192 class 0
[2026-07-19 13:48:04,467] 39 root - INFO - [Attacker] Label flip: 11 samples class 4 \u2192 class 0
[2026-07-19 13:48:04,476] 39 root - INFO - [Attacker] Label flip: 14 samples class 4 \u2192 class 0
[2026-07-19 13:48:04,485] 39 root - INFO - [Attacker] Label flip: 9 samples class 4 \u2192 class 0
[2026-07-19 13:48:04,493] 39 root - INFO - [Attacker] Label flip: 9 samples class 4 \u2192 class 0
[2026-07-19 13:48:04,501] 39 root - INFO - [Attacker] Label flip: 14 samples class 4 \u2192 class 0
[2026-07-19 13:48:04,509] 39 root - INFO - [Attacker] Label flip: 16 samples class 4 \u2192 class 0
[2026-07-19 13:48:04,517] 39 root - INFO - [Attacker] Label flip: 12 samples class 4 \u2192 class 0
[2026-07-19 13:48:04,525] 39 root - INFO - [Attacker] Label flip: 13 samples class 4 \u2192 class 0
[2026-07-19 13:48:04,533] 39 root - INFO - [Attacker] Label flip: 20 samples class 4 \u2192 class 0
[2026-07-19 13:48:04,541] 39 root - INFO - [Attacker] Label flip: 16 samples class 4 \u2192 class 0
[2026-07-19 13:48:04,549] 39 root - INFO - [Attacker] Label flip: 16 samples class 4 \u2192 class 0
[2026-07-19 13:48:04,557] 39 root - INFO - [Attacker] Label flip: 14 samples class 4 \u2192 class 0
[2026-07-19 13:48:04,564] 39 root - INFO - [Attacker] Label flip: 17 samples class 4 \u2192 class 0
[2026-07-19 13:48:04,572] 39 root - INFO - [Attacker] Label flip: 10 samples class 4 \u2192 class 0
[2026-07-19 13:48:04,580] 39 root - INFO - [Attacker] Label flip: 8 samples class 4 \u2192 class 0
[2026-07-19 13:48:04,588] 39 root - INFO - [Attacker] Label flip: 13 samples class 4 \u2192 class 0
[2026-07-19 13:48:04,596] 39 root - INFO - [Attacker] Label flip: 12 samples class 4 \u2192 class 0
[2026-07-19 13:48:04,604] 39 root - INFO - [Attacker] Label flip: 11 samples class 4 \u2192 class 0
[2026-07-19 13:48:04,612] 39 root - INFO - [Attacker] Label flip: 7 samples class 4 \u2192 class 0
[2026-07-19 13:48:04,618] 39 root - INFO - [Attacker] Label flip: 15 samples class 4 \u2192 class 0
[2026-07-19 13:48:04,625] 39 root - INFO - [Attacker] Label flip: 7 samples class 4 \u2192 class 0
[2026-07-19 13:48:04,634] 39 root - INFO - [Attacker] Label flip: 10 samples class 4 \u2192 class 0
[2026-07-19 13:48:04,642] 39 root - INFO - [Attacker] Label flip: 12 samples class 4 \u2192 class 0
[2026-07-19 13:48:04,650] 39 root - INFO - [Attacker] Label flip: 12 samples class 4 \u2192 class 0
[2026-07-19 13:48:04,657] 39 root - INFO - [Attacker] Label flip: 14 samples class 4 \u2192 class 0
[2026-07-19 13:48:04,663] 39 root - INFO - [Attacker] Label flip: 13 samples class 4 \u2192 class 0
[2026-07-19 13:48:04,671] 39 root - INFO - [Attacker] Label flip: 16 samples class 4 \u2192 class 0
[2026-07-19 13:48:04,679] 39 root - INFO - [Attacker] Label flip: 13 samples class 4 \u2192 class 0
[2026-07-19 13:48:04,687] 39 root - INFO - [Attacker] Label flip: 11 samples class 4 \u2192 class 0
[2026-07-19 13:48:04,695] 39 root - INFO - [Attacker] Label flip: 5 samples class 4 \u2192 class 0
[2026-07-19 13:48:04,703] 39 root - INFO - [Attacker] Label flip: 9 samples class 4 \u2192 class 0
[2026-07-19 13:48:04,711] 39 root - INFO - [Attacker] Label flip: 13 samples class 4 \u2192 class 0
[2026-07-19 13:48:04,719] 39 root - INFO - [Attacker] Label flip: 12 samples class 4 \u2192 class 0
[2026-07-19 13:48:04,727] 39 root - INFO - [Attacker] Label flip: 18 samples class 4 \u2192 class 0
[2026-07-19 13:48:04,736] 39 root - INFO - [Attacker] Label flip: 15 samples class 4 \u2192 class 0
[2026-07-19 13:48:04,742] 39 root - INFO - [Attacker] Label flip: 16 samples class 4 \u2192 class 0
[2026-07-19 13:48:04,750] 39 root - INFO - [Attacker] Label flip: 13 samples class 4 \u2192 class 0
[2026-07-19 13:48:04,758] 39 root - INFO - [Attacker] Label flip: 19 samples class 4 \u2192 class 0
[2026-07-19 13:48:04,766] 39 root - INFO - [Attacker] Label flip: 13 samples class 4 \u2192 class 0
[2026-07-19 13:48:04,774] 39 root - INFO - [Attacker] Label flip: 7 samples class 4 \u2192 class 0
[2026-07-19 13:48:04,782] 39 root - INFO - [Attacker] Label flip: 9 samples class 4 \u2192 class 0
[2026-07-19 13:48:04,857] 39 root - INFO - [Attacker] Label flip: 15 samples class 4 \u2192 class 0
[2026-07-19 13:48:04,890] 39 root - INFO - [Attacker] Label flip: 11 samples class 4 \u2192 class 0
[2026-07-19 13:48:04,902] 39 root - INFO - [Attacker] Label flip: 11 samples class 4 \u2192 class 0
[2026-07-19 13:48:04,918] 39 root - INFO - [Attacker] Label flip: 7 samples class 4 \u2192 class 0
[2026-07-19 13:48:04,928] 39 root - INFO - [Attacker] Label flip: 12 samples class 4 \u2192 class 0
[2026-07-19 13:48:04,936] 39 root - INFO - [Attacker] Label flip: 8 samples class 4 \u2192 class 0
[2026-07-19 13:48:04,943] 39 root - INFO - [Attacker] Label flip: 17 samples class 4 \u2192 class 0
[2026-07-19 13:48:04,955] 39 root - INFO - [Attacker] Label flip: 12 samples class 4 \u2192 class 0
[2026-07-19 13:48:04,963] 39 root - INFO - [Attacker] Label flip: 15 samples class 4 \u2192 class 0
[2026-07-19 13:48:04,969] 39 root - INFO - [Attacker] Label flip: 14 samples class 4 \u2192 class 0
[2026-07-19 13:48:04,979] 39 root - INFO - [Attacker] Label flip: 12 samples class 4 \u2192 class 0
[2026-07-19 13:48:04,985] 39 root - INFO - [Attacker] Label flip: 18 samples class 4 \u2192 class 0
[2026-07-19 13:48:04,994] 39 root - INFO - [Attacker] Label flip: 11 samples class 4 \u2192 class 0
[2026-07-19 13:48:05,001] 39 root - INFO - [Attacker] Label flip: 18 samples class 4 \u2192 class 0
[2026-07-19 13:48:05,009] 39 root - INFO - [Attacker] Label flip: 14 samples class 4 \u2192 class 0
[2026-07-19 13:48:05,017] 39 root - INFO - [Attacker] Label flip: 11 samples class 4 \u2192 class 0
[2026-07-19 13:48:05,025] 39 root - INFO - [Attacker] Label flip: 19 samples class 4 \u2192 class 0
[2026-07-19 13:48:05,033] 39 root - INFO - [Attacker] Label flip: 6 samples class 4 \u2192 class 0
[2026-07-19 13:48:05,041] 39 root - INFO - [Attacker] Label flip: 11 samples class 4 \u2192 class 0
[2026-07-19 13:48:05,049] 39 root - INFO - [Attacker] Label flip: 13 samples class 4 \u2192 class 0
[2026-07-19 13:48:05,057] 39 root - INFO - [Attacker] Label flip: 14 samples class 4 \u2192 class 0
[2026-07-19 13:48:05,065] 39 root - INFO - [Attacker] Label flip: 13 samples class 4 \u2192 class 0
[2026-07-19 13:48:05,073] 39 root - INFO - [Attacker] Label flip: 17 samples class 4 \u2192 class 0
[2026-07-19 13:48:05,080] 39 root - INFO - [Attacker] Label flip: 16 samples class 4 \u2192 class 0
[2026-07-19 13:48:05,088] 39 root - INFO - [Attacker] Label flip: 9 samples class 4 \u2192 class 0
[2026-07-19 13:48:05,098] 39 root - INFO - [Attacker] Label flip: 12 samples class 4 \u2192 class 0
[2026-07-19 13:48:05,106] 39 root - INFO - [Attacker] Label flip: 16 samples class 4 \u2192 class 0
[2026-07-19 13:48:05,114] 39 root - INFO - [Attacker] Label flip: 11 samples class 4 \u2192 class 0
[2026-07-19 13:48:05,122] 39 root - INFO - [Attacker] Label flip: 15 samples class 4 \u2192 class 0
[2026-07-19 13:48:05,129] 39 root - INFO - [Attacker] Label flip: 14 samples class 4 \u2192 class 0
[2026-07-19 13:48:05,137] 39 root - INFO - [Attacker] Label flip: 12 samples class 4 \u2192 class 0
[2026-07-19 13:48:05,145] 39 root - INFO - [Attacker] Label flip: 11 samples class 4 \u2192 class 0
[2026-07-19 13:48:05,153] 39 root - INFO - [Attacker] Label flip: 13 samples class 4 \u2192 class 0
[2026-07-19 13:48:05,161] 39 root - INFO - [Attacker] Label flip: 14 samples class 4 \u2192 class 0
[2026-07-19 13:48:05,167] 39 root - INFO - [Attacker] Label flip: 21 samples class 4 \u2192 class 0
[2026-07-19 13:48:05,175] 39 root - INFO - [Attacker] Label flip: 17 samples class 4 \u2192 class 0
[2026-07-19 13:48:05,183] 39 root - INFO - [Attacker] Label flip: 14 samples class 4 \u2192 class 0
[2026-07-19 13:48:05,252] 39 root - INFO - [Attacker] Label flip: 13 samples class 4 \u2192 class 0
[2026-07-19 13:48:05,275] 39 root - INFO - [Attacker] Label flip: 16 samples class 4 \u2192 class 0
[2026-07-19 13:48:05,283] 39 root - INFO - [Attacker] Label flip: 10 samples class 4 \u2192 class 0
[2026-07-19 13:48:05,291] 39 root - INFO - [Attacker] Label flip: 11 samples class 4 \u2192 class 0
[2026-07-19 13:48:05,299] 39 root - INFO - [Attacker] Label flip: 14 samples class 4 \u2192 class 0
[2026-07-19 13:48:05,307] 39 root - INFO - [Attacker] Label flip: 13 samples class 4 \u2192 class 0
[2026-07-19 13:48:05,315] 39 root - INFO - [Attacker] Label flip: 12 samples class 4 \u2192 class 0
[2026-07-19 13:48:05,323] 39 root - INFO - [Attacker] Label flip: 16 samples class 4 \u2192 class 0
[2026-07-19 13:48:05,331] 39 root - INFO - [Attacker] Label flip: 17 samples class 4 \u2192 class 0
[2026-07-19 13:48:05,339] 39 root - INFO - [Attacker] Label flip: 13 samples class 4 \u2192 class 0
[2026-07-19 13:48:05,346] 39 root - INFO - [Attacker] Label flip: 13 samples class 4 \u2192 class 0
[2026-07-19 13:48:05,354] 39 root - INFO - [Attacker] Label flip: 5 samples class 4 \u2192 class 0
[2026-07-19 13:48:05,362] 39 root - INFO - [Attacker] Label flip: 17 samples class 4 \u2192 class 0
[2026-07-19 13:48:05,370] 39 root - INFO - [Attacker] Label flip: 14 samples class 4 \u2192 class 0
[2026-07-19 13:48:05,378] 39 root - INFO - [Attacker] Label flip: 8 samples class 4 \u2192 class 0
[2026-07-19 13:48:05,384] 39 root - INFO - [Attacker] Label flip: 18 samples class 4 \u2192 class 0
[2026-07-19 13:48:05,392] 39 root - INFO - [Attacker] Label flip: 13 samples class 4 \u2192 class 0
[2026-07-19 13:48:05,399] 39 root - INFO - [Attacker] Label flip: 11 samples class 4 \u2192 class 0
[2026-07-19 13:48:05,407] 39 root - INFO - [Attacker] Label flip: 14 samples class 4 \u2192 class 0
[2026-07-19 13:48:05,415] 39 root - INFO - [Attacker] Label flip: 13 samples class 4 \u2192 class 0
[2026-07-19 13:48:05,423] 39 root - INFO - [Attacker] Label flip: 6 samples class 4 \u2192 class 0
[2026-07-19 13:48:05,431] 39 root - INFO - [Attacker] Label flip: 9 samples class 4 \u2192 class 0
[2026-07-19 13:48:05,439] 39 root - INFO - [Attacker] Label flip: 8 samples class 4 \u2192 class 0
[2026-07-19 13:48:05,447] 39 root - INFO - [Attacker] Label flip: 13 samples class 4 \u2192 class 0
[2026-07-19 13:48:05,455] 39 root - INFO - [Attacker] Label flip: 16 samples class 4 \u2192 class 0
[2026-07-19 13:48:05,463] 39 root - INFO - [Attacker] Label flip: 15 samples class 4 \u2192 class 0
[2026-07-19 13:48:05,471] 39 root - INFO - [Attacker] Label flip: 13 samples class 4 \u2192 class 0
[2026-07-19 13:48:05,478] 39 root - INFO - [Attacker] Label flip: 14 samples class 4 \u2192 class 0
[2026-07-19 13:48:05,486] 39 root - INFO - [Attacker] Label flip: 13 samples class 4 \u2192 class 0
[2026-07-19 13:48:05,494] 39 root - INFO - [Attacker] Label flip: 14 samples class 4 \u2192 class 0
[2026-07-19 13:48:05,502] 39 root - INFO - [Attacker] Label flip: 13 samples class 4 \u2192 class 0
[2026-07-19 13:48:05,510] 39 root - INFO - [Attacker] Label flip: 16 samples class 4 \u2192 class 0
[2026-07-19 13:48:05,518] 39 root - INFO - [Attacker] Label flip: 17 samples class 4 \u2192 class 0
[2026-07-19 13:48:05,526] 39 root - INFO - [Attacker] Label flip: 13 samples class 4 \u2192 class 0
[2026-07-19 13:48:05,534] 39 root - INFO - [Attacker] Label flip: 14 samples class 4 \u2192 class 0
[2026-07-19 13:48:05,542] 39 root - INFO - [Attacker] Label flip: 9 samples class 4 \u2192 class 0
[2026-07-19 13:48:05,550] 39 root - INFO - [Attacker] Label flip: 15 samples class 4 \u2192 class 0
[2026-07-19 13:48:05,557] 39 root - INFO - [Attacker] Label flip: 20 samples class 4 \u2192 class 0
[2026-07-19 13:48:05,563] 39 root - INFO - [Attacker] Label flip: 12 samples class 4 \u2192 class 0
[2026-07-19 13:48:05,571] 39 root - INFO - [Attacker] Label flip: 11 samples class 4 \u2192 class 0
[2026-07-19 13:48:05,579] 39 root - INFO - [Attacker] Label flip: 11 samples class 4 \u2192 class 0
[2026-07-19 13:48:05,587] 39 root - INFO - [Attacker] Label flip: 8 samples class 4 \u2192 class 0
[2026-07-19 13:48:05,595] 39 root - INFO - [Attacker] Label flip: 12 samples class 4 \u2192 class 0
[2026-07-19 13:48:05,603] 39 root - INFO - [Attacker] Label flip: 11 samples class 4 \u2192 class 0
[2026-07-19 13:48:05,610] 39 root - INFO - [Attacker] Label flip: 7 samples class 4 \u2192 class 0
[2026-07-19 13:48:05,618] 39 root - INFO - [Attacker] Label flip: 8 samples class 4 \u2192 class 0
[2026-07-19 13:48:05,626] 39 root - INFO - [Attacker] Label flip: 8 samples class 4 \u2192 class 0
[2026-07-19 13:48:05,634] 39 root - INFO - [Attacker] Label flip: 18 samples class 4 \u2192 class 0
[2026-07-19 13:48:05,642] 39 root - INFO - [Attacker] Label flip: 15 samples class 4 \u2192 class 0
[2026-07-19 13:48:05,650] 39 root - INFO - [Attacker] Label flip: 15 samples class 4 \u2192 class 0
[2026-07-19 13:48:05,658] 39 root - INFO - [Attacker] Label flip: 12 samples class 4 \u2192 class 0
[2026-07-19 13:48:05,666] 39 root - INFO - [Attacker] Label flip: 12 samples class 4 \u2192 class 0
[2026-07-19 13:48:05,674] 39 root - INFO - [Attacker] Label flip: 8 samples class 4 \u2192 class 0
[2026-07-19 13:48:05,682] 39 root - INFO - [Attacker] Label flip: 9 samples class 4 \u2192 class 0
[2026-07-19 13:48:05,690] 39 root - INFO - [Attacker] Label flip: 14 samples class 4 \u2192 class 0
[2026-07-19 13:48:05,697] 39 root - INFO - [Attacker] Label flip: 17 samples class 4 \u2192 class 0
[2026-07-19 13:48:05,705] 39 root - INFO - [Attacker] Label flip: 15 samples class 4 \u2192 class 0
[2026-07-19 13:48:05,713] 39 root - INFO - [Attacker] Label flip: 20 samples class 4 \u2192 class 0
[2026-07-19 13:48:05,721] 39 root - INFO - [Attacker] Label flip: 17 samples class 4 \u2192 class 0
[2026-07-19 13:48:05,728] 39 root - INFO - [Attacker] Label flip: 11 samples class 4 \u2192 class 0
[2026-07-19 13:48:05,736] 39 root - INFO - [Attacker] Label flip: 17 samples class 4 \u2192 class 0
[2026-07-19 13:48:05,744] 39 root - INFO - [Attacker] Label flip: 10 samples class 4 \u2192 class 0
[2026-07-19 13:48:05,753] 39 root - INFO - [Attacker] Label flip: 6 samples class 4 \u2192 class 0
[2026-07-19 13:48:05,760] 39 root - INFO - [Attacker] Label flip: 11 samples class 4 \u2192 class 0
[2026-07-19 13:48:05,768] 39 root - INFO - [Attacker] Label flip: 12 samples class 4 \u2192 class 0
[2026-07-19 13:48:05,777] 39 root - INFO - [Attacker] Label flip: 13 samples class 4 \u2192 class 0
[2026-07-19 13:48:05,783] 39 root - INFO - [Attacker] Label flip: 9 samples class 4 \u2192 class 0
[2026-07-19 13:48:05,792] 39 root - INFO - [Attacker] Label flip: 11 samples class 4 \u2192 class 0
[2026-07-19 13:48:05,798] 39 root - INFO - [Attacker] Label flip: 9 samples class 4 \u2192 class 0
[2026-07-19 13:48:05,806] 39 root - INFO - [Attacker] Label flip: 6 samples class 4 \u2192 class 0
[2026-07-19 13:48:05,814] 39 root - INFO - [Attacker] Label flip: 18 samples class 4 \u2192 class 0
[2026-07-19 13:48:05,832] 39 root - INFO - [Attacker] Label flip: 15 samples class 4 \u2192 class 0
[2026-07-19 13:48:05,840] 39 root - INFO - [Attacker] Label flip: 13 samples class 4 \u2192 class 0
[2026-07-19 13:48:05,848] 39 root - INFO - [Attacker] Label flip: 15 samples class 4 \u2192 class 0
[2026-07-19 13:48:05,855] 39 root - INFO - [Attacker] Label flip: 13 samples class 4 \u2192 class 0
[2026-07-19 13:48:05,862] 39 root - INFO - [Attacker] Label flip: 15 samples class 4 \u2192 class 0
[2026-07-19 13:48:05,870] 39 root - INFO - [Attacker] Label flip: 11 samples class 4 \u2192 class 0
[2026-07-19 13:48:05,878] 39 root - INFO - [Attacker] Label flip: 14 samples class 4 \u2192 class 0
[2026-07-19 13:48:05,886] 39 root - INFO - [Attacker] Label flip: 16 samples class 4 \u2192 class 0
[2026-07-19 13:48:05,894] 39 root - INFO - [Attacker] Label flip: 18 samples class 4 \u2192 class 0
[2026-07-19 13:48:05,902] 39 root - INFO - [Attacker] Label flip: 15 samples class 4 \u2192 class 0
[2026-07-19 13:48:05,909] 39 root - INFO - [Attacker] Label flip: 10 samples class 4 \u2192 class 0
[2026-07-19 13:48:05,917] 39 root - INFO - [Attacker] Label flip: 16 samples class 4 \u2192 class 0
[2026-07-19 13:48:05,923] 39 root - INFO - [Attacker] Label flip: 16 samples class 4 \u2192 class 0
[2026-07-19 13:48:05,931] 39 root - INFO - [Attacker] Label flip: 15 samples class 4 \u2192 class 0
[2026-07-19 13:48:05,939] 39 root - INFO - [Attacker] Label flip: 11 samples class 4 \u2192 class 0
[2026-07-19 13:48:05,947] 39 root - INFO - [Attacker] Label flip: 10 samples class 4 \u2192 class 0
[2026-07-19 13:48:05,955] 39 root - INFO - [Attacker] Label flip: 8 samples class 4 \u2192 class 0
[2026-07-19 13:48:05,963] 39 root - INFO - [Attacker] Label flip: 10 samples class 4 \u2192 class 0
[2026-07-19 13:48:05,971] 39 root - INFO - [Attacker] Label flip: 15 samples class 4 \u2192 class 0
[2026-07-19 13:48:05,979] 39 root - INFO - [Attacker] Label flip: 8 samples class 4 \u2192 class 0
[2026-07-19 13:48:05,986] 39 root - INFO - [Attacker] Label flip: 10 samples class 4 \u2192 class 0
[2026-07-19 13:48:05,995] 39 root - INFO - [Attacker] Label flip: 13 samples class 4 \u2192 class 0
[2026-07-19 13:48:06,001] 39 root - INFO - [Attacker] Label flip: 10 samples class 4 \u2192 class 0
[2026-07-19 13:48:06,011] 39 root - INFO - [Attacker] Label flip: 7 samples class 4 \u2192 class 0
[2026-07-19 13:48:06,019] 39 root - INFO - [Attacker] Label flip: 12 samples class 4 \u2192 class 0
[2026-07-19 13:48:06,027] 39 root - INFO - [Attacker] Label flip: 11 samples class 4 \u2192 class 0
[2026-07-19 13:48:06,035] 39 root - INFO - [Attacker] Label flip: 13 samples class 4 \u2192 class 0
[2026-07-19 13:48:06,043] 39 root - INFO - [Attacker] Label flip: 13 samples class 4 \u2192 class 0
[2026-07-19 13:48:06,050] 39 root - INFO - [Attacker] Label flip: 14 samples class 4 \u2192 class 0
[2026-07-19 13:48:06,061] 39 root - INFO - [Attacker] Label flip: 10 samples class 4 \u2192 class 0
[2026-07-19 13:48:06,068] 39 root - INFO - [Attacker] Label flip: 13 samples class 4 \u2192 class 0
[2026-07-19 13:48:06,076] 39 root - INFO - [Attacker] Label flip: 12 samples class 4 \u2192 class 0
[2026-07-19 13:48:06,084] 39 root - INFO - [Attacker] Label flip: 8 samples class 4 \u2192 class 0
[2026-07-19 13:48:06,092] 39 root - INFO - [Attacker] Label flip: 10 samples class 4 \u2192 class 0
[2026-07-19 13:48:06,100] 39 root - INFO - [Attacker] Label flip: 14 samples class 4 \u2192 class 0
[2026-07-19 13:48:06,108] 39 root - INFO - [Attacker] Label flip: 12 samples class 4 \u2192 class 0
[2026-07-19 13:48:06,115] 39 root - INFO - [Attacker] Label flip: 16 samples class 4 \u2192 class 0
[2026-07-19 13:48:06,124] 39 root - INFO - [Attacker] Label flip: 16 samples class 4 \u2192 class 0
[2026-07-19 13:48:06,131] 39 root - INFO - [Attacker] Label flip: 11 samples class 4 \u2192 class 0
[2026-07-19 13:48:06,139] 39 root - INFO - [Attacker] Label flip: 14 samples class 4 \u2192 class 0
[2026-07-19 13:48:06,147] 39 root - INFO - [Attacker] Label flip: 10 samples class 4 \u2192 class 0
[2026-07-19 13:48:06,155] 39 root - INFO - [Attacker] Label flip: 13 samples class 4 \u2192 class 0
[2026-07-19 13:48:06,163] 39 root - INFO - [Attacker] Label flip: 11 samples class 4 \u2192 class 0
[2026-07-19 13:48:06,171] 39 root - INFO - [Attacker] Label flip: 10 samples class 4 \u2192 class 0
[2026-07-19 13:48:06,179] 39 root - INFO - [Attacker] Label flip: 10 samples class 4 \u2192 class 0
[2026-07-19 13:48:06,187] 39 root - INFO - [Attacker] Label flip: 4 samples class 4 \u2192 class 0
[2026-07-19 13:48:06,195] 39 root - INFO - [Attacker] Label flip: 11 samples class 4 \u2192 class 0
[2026-07-19 13:48:06,201] 39 root - INFO - [Attacker] Label flip: 15 samples class 4 \u2192 class 0
[2026-07-19 13:48:06,208] 39 root - INFO - [Attacker] Label flip: 8 samples class 4 \u2192 class 0
[2026-07-19 13:48:06,216] 39 root - INFO - [Attacker] Label flip: 17 samples class 4 \u2192 class 0
[2026-07-19 13:48:06,224] 39 root - INFO - [Attacker] Label flip: 8 samples class 4 \u2192 class 0
[2026-07-19 13:48:06,232] 39 root - INFO - [Attacker] Label flip: 12 samples class 4 \u2192 class 0
[2026-07-19 13:48:06,240] 39 root - INFO - [Attacker] Label flip: 11 samples class 4 \u2192 class 0
[2026-07-19 13:48:06,246] 39 root - INFO - [Attacker] Label flip: 11 samples class 4 \u2192 class 0
[2026-07-19 13:48:06,254] 39 root - INFO - [Attacker] Label flip: 13 samples class 4 \u2192 class 0
[2026-07-19 13:48:06,262] 39 root - INFO - [Attacker] Label flip: 17 samples class 4 \u2192 class 0
[2026-07-19 13:48:06,270] 39 root - INFO - [Attacker] Label flip: 13 samples class 4 \u2192 class 0
[2026-07-19 13:48:06,278] 39 root - INFO - [Attacker] Label flip: 12 samples class 4 \u2192 class 0
[2026-07-19 13:48:06,286] 39 root - INFO - [Attacker] Label flip: 9 samples class 4 \u2192 class 0
[2026-07-19 13:48:06,293] 39 root - INFO - [Attacker] Label flip: 14 samples class 4 \u2192 class 0
[2026-07-19 13:48:06,301] 39 root - INFO - [Attacker] Label flip: 15 samples class 4 \u2192 class 0
[2026-07-19 13:48:06,310] 39 root - INFO - [Attacker] Label flip: 11 samples class 4 \u2192 class 0
[2026-07-19 13:48:06,317] 39 root - INFO - [Attacker] Label flip: 13 samples class 4 \u2192 class 0
[2026-07-19 13:48:06,326] 39 root - INFO - [Attacker] Label flip: 6 samples class 4 \u2192 class 0
[2026-07-19 13:48:06,334] 39 root - INFO - [Attacker] Label flip: 6 samples class 4 \u2192 class 0
[2026-07-19 13:48:06,341] 39 root - INFO - [Attacker] Label flip: 12 samples class 4 \u2192 class 0
[2026-07-19 13:48:06,347] 39 root - INFO - [Attacker] Label flip: 11 samples class 4 \u2192 class 0
[2026-07-19 13:48:06,357] 39 root - INFO - [Attacker] Label flip: 11 samples class 4 \u2192 class 0
[2026-07-19 13:48:06,364] 39 root - INFO - [Attacker] Label flip: 14 samples class 4 \u2192 class 0
[2026-07-19 13:48:06,373] 39 root - INFO - [Attacker] Label flip: 9 samples class 4 \u2192 class 0
[2026-07-19 13:48:06,381] 39 root - INFO - [Attacker] Label flip: 14 samples class 4 \u2192 class 0
[2026-07-19 13:48:06,387] 39 root - INFO - [Attacker] Label flip: 13 samples class 4 \u2192 class 0
[2026-07-19 13:48:06,395] 39 root - INFO - [Attacker] Label flip: 12 samples class 4 \u2192 class 0
[2026-07-19 13:48:06,403] 39 root - INFO - [Attacker] Label flip: 12 samples class 4 \u2192 class 0
[2026-07-19 13:48:06,411] 39 root - INFO - [Attacker] Label flip: 12 samples class 4 \u2192 class 0
[2026-07-19 13:48:06,419] 39 root - INFO - [Attacker] Label flip: 12 samples class 4 \u2192 class 0
[2026-07-19 13:48:06,427] 39 root - INFO - [Attacker] Label flip: 14 samples class 4 \u2192 class 0
[2026-07-19 13:48:06,435] 39 root - INFO - [Attacker] Label flip: 8 samples class 4 \u2192 class 0
[2026-07-19 13:48:06,441] 39 root - INFO - [Attacker] Label flip: 15 samples class 4 \u2192 class 0
[2026-07-19 13:48:06,449] 39 root - INFO - [Attacker] Label flip: 13 samples class 4 \u2192 class 0
[2026-07-19 13:48:06,456] 39 root - INFO - [Attacker] Label flip: 18 samples class 4 \u2192 class 0
[2026-07-19 13:48:06,464] 39 root - INFO - [Attacker] Label flip: 12 samples class 4 \u2192 class 0
[2026-07-19 13:48:06,472] 39 root - INFO - [Attacker] Label flip: 10 samples class 4 \u2192 class 0
[2026-07-19 13:48:06,480] 39 root - INFO - [Attacker] Label flip: 19 samples class 4 \u2192 class 0
[2026-07-19 13:48:06,488] 39 root - INFO - [Attacker] Label flip: 12 samples class 4 \u2192 class 0
[2026-07-19 13:48:06,495] 39 root - INFO - [Attacker] Label flip: 19 samples class 4 \u2192 class 0
[2026-07-19 13:48:06,504] 39 root - INFO - [Attacker] Label flip: 13 samples class 4 \u2192 class 0
[2026-07-19 13:48:06,512] 39 root - INFO - [Attacker] Label flip: 11 samples class 4 \u2192 class 0
[2026-07-19 13:48:06,518] 39 root - INFO - [Attacker] Label flip: 10 samples class 4 \u2192 class 0
[2026-07-19 13:48:06,526] 39 root - INFO - [Attacker] Label flip: 12 samples class 4 \u2192 class 0
[2026-07-19 13:48:06,534] 39 root - INFO - [Attacker] Label flip: 15 samples class 4 \u2192 class 0
[2026-07-19 13:48:06,542] 39 root - INFO - [Attacker] Label flip: 15 samples class 4 \u2192 class 0
[2026-07-19 13:48:06,550] 39 root - INFO - [Attacker] Label flip: 10 samples class 4 \u2192 class 0
[2026-07-19 13:48:06,558] 39 root - INFO - [Attacker] Label flip: 15 samples class 4 \u2192 class 0
[2026-07-19 13:48:06,565] 39 root - INFO - [Attacker] Label flip: 13 samples class 4 \u2192 class 0
[2026-07-19 13:48:06,573] 39 root - INFO - [Attacker] Label flip: 17 samples class 4 \u2192 class 0
[2026-07-19 13:48:06,581] 39 root - INFO - [Attacker] Label flip: 8 samples class 4 \u2192 class 0
[2026-07-19 13:48:06,587] 39 root - INFO - [Attacker] Label flip: 12 samples class 4 \u2192 class 0
[2026-07-19 13:48:06,595] 39 root - INFO - [Attacker] Label flip: 14 samples class 4 \u2192 class 0
[2026-07-19 13:48:06,603] 39 root - INFO - [Attacker] Label flip: 13 samples class 4 \u2192 class 0
[2026-07-19 13:48:06,611] 39 root - INFO - [Attacker] Label flip: 10 samples class 4 \u2192 class 0
[2026-07-19 13:48:06,619] 39 root - INFO - [Attacker] Label flip: 14 samples class 4 \u2192 class 0
[2026-07-19 13:48:06,626] 39 root - INFO - [Attacker] Label flip: 5 samples class 4 \u2192 class 0
[2026-07-19 13:48:06,632] 39 root - INFO - [Attacker] Label flip: 13 samples class 4 \u2192 class 0
[2026-07-19 13:48:06,640] 39 root - INFO - [Attacker] Label flip: 18 samples class 4 \u2192 class 0
[2026-07-19 13:48:06,648] 39 root - INFO - [Attacker] Label flip: 13 samples class 4 \u2192 class 0
[2026-07-19 13:48:06,656] 39 root - INFO - [Attacker] Label flip: 12 samples class 4 \u2192 class 0
[2026-07-19 13:48:06,662] 39 root - INFO - [Attacker] Label flip: 14 samples class 4 \u2192 class 0
[2026-07-19 13:48:06,670] 39 root - INFO - [Attacker] Label flip: 10 samples class 4 \u2192 class 0
[2026-07-19 13:48:06,678] 39 root - INFO - [Attacker] Label flip: 19 samples class 4 \u2192 class 0
[2026-07-19 13:48:06,686] 39 root - INFO - [Attacker] Label flip: 13 samples class 4 \u2192 class 0
[2026-07-19 13:48:06,691] 39 root - INFO - [Attacker] Label flip: 9 samples class 4 \u2192 class 0
[2026-07-19 13:48:06,699] 39 root - INFO - [Attacker] Label flip: 17 samples class 4 \u2192 class 0
[2026-07-19 13:48:06,707] 39 root - INFO - [Attacker] Label flip: 15 samples class 4 \u2192 class 0
[2026-07-19 13:48:06,715] 39 root - INFO - [Attacker] Label flip: 10 samples class 4 \u2192 class 0
[2026-07-19 13:48:06,723] 39 root - INFO - [Attacker] Label flip: 12 samples class 4 \u2192 class 0
[2026-07-19 13:48:06,731] 39 root - INFO - [Attacker] Label flip: 16 samples class 4 \u2192 class 0
[2026-07-19 13:48:06,737] 39 root - INFO - [Attacker] Label flip: 10 samples class 4 \u2192 class 0
[2026-07-19 13:48:06,745] 39 root - INFO - [Attacker] Label flip: 15 samples class 4 \u2192 class 0
[2026-07-19 13:48:06,753] 39 root - INFO - [Attacker] Label flip: 14 samples class 4 \u2192 class 0
[2026-07-19 13:48:06,761] 39 root - INFO - [Attacker] Label flip: 11 samples class 4 \u2192 class 0
[2026-07-19 13:48:06,769] 39 root - INFO - [Attacker] Label flip: 13 samples class 4 \u2192 class 0
[2026-07-19 13:48:06,777] 39 root - INFO - [Attacker] Label flip: 15 samples class 4 \u2192 class 0
[2026-07-19 13:48:06,784] 39 root - INFO - [Attacker] Label flip: 16 samples class 4 \u2192 class 0
[2026-07-19 13:48:06,790] 39 root - INFO - [Attacker] Label flip: 16 samples class 4 \u2192 class 0
[2026-07-19 13:48:06,798] 39 root - INFO - [Attacker] Label flip: 16 samples class 4 \u2192 class 0
[2026-07-19 13:48:06,806] 39 root - INFO - [Attacker] Label flip: 10 samples class 4 \u2192 class 0
[2026-07-19 13:48:06,814] 39 root - INFO - [Attacker] Label flip: 10 samples class 4 \u2192 class 0
[2026-07-19 13:48:06,822] 39 root - INFO - [Attacker] Label flip: 12 samples class 4 \u2192 class 0
[2026-07-19 13:48:06,830] 39 root - INFO - [Attacker] Label flip: 12 samples class 4 \u2192 class 0
[2026-07-19 13:48:06,838] 39 root - INFO - [Attacker] Label flip: 12 samples class 4 \u2192 class 0
[2026-07-19 13:48:06,846] 39 root - INFO - [Attacker] Label flip: 16 samples class 4 \u2192 class 0
[2026-07-19 13:48:06,852] 39 root - INFO - [Attacker] Label flip: 9 samples class 4 \u2192 class 0
[2026-07-19 13:48:06,860] 39 root - INFO - [Attacker] Label flip: 13 samples class 4 \u2192 class 0
[2026-07-19 13:48:06,868] 39 root - INFO - [Attacker] Label flip: 10 samples class 4 \u2192 class 0
[2026-07-19 13:48:06,876] 39 root - INFO - [Attacker] Label flip: 13 samples class 4 \u2192 class 0
[2026-07-19 13:48:06,884] 39 root - INFO - [Attacker] Label flip: 10 samples class 4 \u2192 class 0
[2026-07-19 13:48:06,890] 39 root - INFO - [Attacker] Label flip: 12 samples class 4 \u2192 class 0
[2026-07-19 13:48:06,900] 39 root - INFO - [Attacker] Label flip: 9 samples class 4 \u2192 class 0
[2026-07-19 13:48:06,906] 39 root - INFO - [Attacker] Label flip: 12 samples class 4 \u2192 class 0
[2026-07-19 13:48:06,913] 39 root - INFO - [Attacker] Label flip: 20 samples class 4 \u2192 class 0
[2026-07-19 13:48:06,921] 39 root - INFO - [Attacker] Label flip: 13 samples class 4 \u2192 class 0
[2026-07-19 13:48:06,929] 39 root - INFO - [Attacker] Label flip: 13 samples class 4 \u2192 class 0
[2026-07-19 13:48:06,937] 39 root - INFO - [Attacker] Label flip: 14 samples class 4 \u2192 class 0
[2026-07-19 13:48:06,945] 39 root - INFO - [Attacker] Label flip: 13 samples class 4 \u2192 class 0
[2026-07-19 13:48:06,951] 39 root - INFO - [Attacker] Label flip: 9 samples class 4 \u2192 class 0
[2026-07-19 13:48:06,959] 39 root - INFO - [Attacker] Label flip: 10 samples class 4 \u2192 class 0
[2026-07-19 13:48:06,967] 39 root - INFO - [Attacker] Label flip: 10 samples class 4 \u2192 class 0
[2026-07-19 13:48:06,975] 39 root - INFO - [Attacker] Label flip: 9 samples class 4 \u2192 class 0
[2026-07-19 13:48:06,983] 39 root - INFO - [Attacker] Label flip: 10 samples class 4 \u2192 class 0
[2026-07-19 13:48:06,990] 39 root - INFO - [Attacker] Label flip: 14 samples class 4 \u2192 class 0
[2026-07-19 13:48:06,996] 39 root - INFO - [Attacker] Label flip: 12 samples class 4 \u2192 class 0
[2026-07-19 13:48:07,004] 39 root - INFO - [Attacker] Label flip: 11 samples class 4 \u2192 class 0
[2026-07-19 13:48:07,012] 39 root - INFO - [Attacker] Label flip: 16 samples class 4 \u2192 class 0
[2026-07-19 13:48:07,020] 39 root - INFO - [Attacker] Label flip: 13 samples class 4 \u2192 class 0
[2026-07-19 13:48:07,028] 39 root - INFO - [Attacker] Label flip: 7 samples class 4 \u2192 class 0
[2026-07-19 13:48:07,036] 39 root - INFO - [Attacker] Label flip: 11 samples class 4 \u2192 class 0
[2026-07-19 13:48:07,044] 39 root - INFO - [Attacker] Label flip: 13 samples class 4 \u2192 class 0
[2026-07-19 13:48:07,052] 39 root - INFO - [Attacker] Label flip: 9 samples class 4 \u2192 class 0
[2026-07-19 13:48:07,060] 39 root - INFO - [Attacker] Label flip: 11 samples class 4 \u2192 class 0
[2026-07-19 13:48:07,066] 39 root - INFO - [Attacker] Label flip: 11 samples class 4 \u2192 class 0
[2026-07-19 13:48:07,073] 39 root - INFO - [Attacker] Label flip: 9 samples class 4 \u2192 class 0
[2026-07-19 13:48:07,081] 39 root - INFO - [Attacker] Label flip: 15 samples class 4 \u2192 class 0
[2026-07-19 13:48:07,089] 39 root - INFO - [Attacker] Label flip: 16 samples class 4 \u2192 class 0
[2026-07-19 13:48:07,095] 39 root - INFO - [Attacker] Label flip: 18 samples class 4 \u2192 class 0
[2026-07-19 13:48:07,105] 39 root - INFO - [Attacker] Label flip: 13 samples class 4 \u2192 class 0
[2026-07-19 13:48:07,111] 39 root - INFO - [Attacker] Label flip: 14 samples class 4 \u2192 class 0
[2026-07-19 13:48:07,119] 39 root - INFO - [Attacker] Label flip: 16 samples class 4 \u2192 class 0
[2026-07-19 13:48:07,127] 39 root - INFO - [Attacker] Label flip: 8 samples class 4 \u2192 class 0
[2026-07-19 13:48:07,135] 39 root - INFO - [Attacker] Label flip: 11 samples class 4 \u2192 class 0
[2026-07-19 13:48:07,143] 39 root - INFO - [Attacker] Label flip: 9 samples class 4 \u2192 class 0
[2026-07-19 13:48:07,150] 39 root - INFO - [Attacker] Label flip: 11 samples class 4 \u2192 class 0
[2026-07-19 13:48:07,158] 39 root - INFO - [Attacker] Label flip: 11 samples class 4 \u2192 class 0
[2026-07-19 13:48:07,166] 39 root - INFO - [Attacker] Label flip: 18 samples class 4 \u2192 class 0
[2026-07-19 13:48:07,172] 39 root - INFO - [Attacker] Label flip: 13 samples class 4 \u2192 class 0
[2026-07-19 13:48:07,180] 39 root - INFO - [Attacker] Label flip: 12 samples class 4 \u2192 class 0
[2026-07-19 13:48:07,188] 39 root - INFO - [Attacker] Label flip: 10 samples class 4 \u2192 class 0
[2026-07-19 13:48:07,196] 39 root - INFO - [Attacker] Label flip: 15 samples class 4 \u2192 class 0
[2026-07-19 13:48:07,204] 39 root - INFO - [Attacker] Label flip: 11 samples class 4 \u2192 class 0
[2026-07-19 13:48:07,212] 39 root - INFO - [Attacker] Label flip: 17 samples class 4 \u2192 class 0
[2026-07-19 13:48:07,220] 39 root - INFO - [Attacker] Label flip: 10 samples class 4 \u2192 class 0
[2026-07-19 13:48:07,227] 39 root - INFO - [Attacker] Label flip: 17 samples class 4 \u2192 class 0
[2026-07-19 13:48:07,233] 39 root - INFO - [Attacker] Label flip: 7 samples class 4 \u2192 class 0
[2026-07-19 13:48:07,243] 39 root - INFO - [Attacker] Label flip: 14 samples class 4 \u2192 class 0
[2026-07-19 13:48:07,251] 39 root - INFO - [Attacker] Label flip: 13 samples class 4 \u2192 class 0
[2026-07-19 13:48:07,259] 39 root - INFO - [Attacker] Label flip: 13 samples class 4 \u2192 class 0
[2026-07-19 13:48:07,267] 39 root - INFO - [Attacker] Label flip: 12 samples class 4 \u2192 class 0
[2026-07-19 13:48:07,275] 39 root - INFO - [Attacker] Label flip: 9 samples class 4 \u2192 class 0
[2026-07-19 13:48:07,283] 39 root - INFO - [Attacker] Label flip: 18 samples class 4 \u2192 class 0
[2026-07-19 13:48:07,290] 39 root - INFO - [Attacker] Label flip: 19 samples class 4 \u2192 class 0
[2026-07-19 13:48:07,296] 39 root - INFO - [Attacker] Label flip: 13 samples class 4 \u2192 class 0
[2026-07-19 13:48:07,304] 39 root - INFO - [Attacker] Label flip: 8 samples class 4 \u2192 class 0
[2026-07-19 13:48:07,312] 39 root - INFO - [Attacker] Label flip: 11 samples class 4 \u2192 class 0
[2026-07-19 13:48:07,320] 39 root - INFO - [Attacker] Label flip: 11 samples class 4 \u2192 class 0
[2026-07-19 13:48:07,328] 39 root - INFO - [Attacker] Label flip: 12 samples class 4 \u2192 class 0
[2026-07-19 13:48:07,336] 39 root - INFO - [Attacker] Label flip: 14 samples class 4 \u2192 class 0
[2026-07-19 13:48:07,342] 39 root - INFO - [Attacker] Label flip: 14 samples class 4 \u2192 class 0
[2026-07-19 13:48:07,350] 39 root - INFO - [Attacker] Label flip: 17 samples class 4 \u2192 class 0
[2026-07-19 13:48:07,358] 39 root - INFO - [Attacker] Label flip: 14 samples class 4 \u2192 class 0
[2026-07-19 13:48:07,365] 39 root - INFO - [Attacker] Label flip: 7 samples class 4 \u2192 class 0
[2026-07-19 13:48:07,374] 39 root - INFO - [Attacker] Label flip: 11 samples class 4 \u2192 class 0
[2026-07-19 13:48:07,381] 39 root - INFO - [Attacker] Label flip: 8 samples class 4 \u2192 class 0
[2026-07-19 13:48:07,389] 39 root - INFO - [Attacker] Label flip: 12 samples class 4 \u2192 class 0
[2026-07-19 13:48:07,397] 39 root - INFO - [Attacker] Label flip: 15 samples class 4 \u2192 class 0
[2026-07-19 13:48:07,405] 39 root - INFO - [Attacker] Label flip: 14 samples class 4 \u2192 class 0
[2026-07-19 13:48:07,413] 39 root - INFO - [Attacker] Label flip: 11 samples class 4 \u2192 class 0
[2026-07-19 13:48:07,419] 39 root - INFO - [Attacker] Label flip: 10 samples class 4 \u2192 class 0
[2026-07-19 13:48:07,427] 39 root - INFO - [Attacker] Label flip: 7 samples class 4 \u2192 class 0
[2026-07-19 13:48:07,435] 39 root - INFO - [Attacker] Label flip: 8 samples class 4 \u2192 class 0
[2026-07-19 13:48:07,442] 39 root - INFO - [Attacker] Label flip: 14 samples class 4 \u2192 class 0
[2026-07-19 13:48:07,450] 39 root - INFO - [Attacker] Label flip: 9 samples class 4 \u2192 class 0
[2026-07-19 13:48:07,458] 39 root - INFO - [Attacker] Label flip: 9 samples class 4 \u2192 class 0
[2026-07-19 13:48:07,464] 39 root - INFO - [Attacker] Label flip: 9 samples class 4 \u2192 class 0
[2026-07-19 13:48:07,472] 39 root - INFO - [Attacker] Label flip: 6 samples class 4 \u2192 class 0
[2026-07-19 13:48:07,479] 39 root - INFO - [Attacker] Label flip: 19 samples class 4 \u2192 class 0
[2026-07-19 13:48:07,487] 39 root - INFO - [Attacker] Label flip: 13 samples class 4 \u2192 class 0
[2026-07-19 13:48:07,496] 39 root - INFO - [Attacker] Label flip: 14 samples class 4 \u2192 class 0
[2026-07-19 13:48:07,502] 39 root - INFO - [Attacker] Label flip: 16 samples class 4 \u2192 class 0
[2026-07-19 13:48:07,509] 39 root - INFO - [Attacker] Label flip: 10 samples class 4 \u2192 class 0
[2026-07-19 13:48:07,517] 39 root - INFO - [Attacker] Label flip: 14 samples class 4 \u2192 class 0
[2026-07-19 13:48:07,525] 39 root - INFO - [Attacker] Label flip: 14 samples class 4 \u2192 class 0
[2026-07-19 13:48:07,533] 39 root - INFO - [Attacker] Label flip: 14 samples class 4 \u2192 class 0
[2026-07-19 13:48:07,541] 39 root - INFO - [Attacker] Label flip: 18 samples class 4 \u2192 class 0
[2026-07-19 13:48:07,549] 39 root - INFO - [Attacker] Label flip: 13 samples class 4 \u2192 class 0
[2026-07-19 13:48:07,557] 39 root - INFO - [Attacker] Label flip: 8 samples class 4 \u2192 class 0
[2026-07-19 13:48:07,563] 39 root - INFO - [Attacker] Label flip: 9 samples class 4 \u2192 class 0
[2026-07-19 13:48:07,573] 39 root - INFO - [Attacker] Label flip: 12 samples class 4 \u2192 class 0
[2026-07-19 13:48:07,579] 39 root - INFO - [Attacker] Label flip: 14 samples class 4 \u2192 class 0
[2026-07-19 13:48:07,586] 39 root - INFO - [Attacker] Label flip: 14 samples class 4 \u2192 class 0
[2026-07-19 13:48:07,594] 39 root - INFO - [Attacker] Label flip: 10 samples class 4 \u2192 class 0
[2026-07-19 13:48:07,602] 39 root - INFO - [Attacker] Label flip: 11 samples class 4 \u2192 class 0
[2026-07-19 13:48:07,610] 39 root - INFO - [Attacker] Label flip: 9 samples class 4 \u2192 class 0
[2026-07-19 13:48:07,618] 39 root - INFO - [Attacker] Label flip: 12 samples class 4 \u2192 class 0
[2026-07-19 13:48:07,626] 39 root - INFO - [Attacker] Label flip: 19 samples class 4 \u2192 class 0
[2026-07-19 13:48:07,634] 39 root - INFO - [Attacker] Label flip: 14 samples class 4 \u2192 class 0
[2026-07-19 13:48:07,640] 39 root - INFO - [Attacker] Label flip: 11 samples class 4 \u2192 class 0
[2026-07-19 13:48:07,648] 39 root - INFO - [Attacker] Label flip: 16 samples class 4 \u2192 class 0
[2026-07-19 13:48:07,656] 39 root - INFO - [Attacker] Label flip: 11 samples class 4 \u2192 class 0
[2026-07-19 13:48:07,663] 39 root - INFO - [Attacker] Label flip: 8 samples class 4 \u2192 class 0
[2026-07-19 13:48:07,671] 39 root - INFO - [Attacker] Label flip: 11 samples class 4 \u2192 class 0
[2026-07-19 13:48:07,679] 39 root - INFO - [Attacker] Label flip: 9 samples class 4 \u2192 class 0
[2026-07-19 13:48:07,685] 39 root - INFO - [Attacker] Label flip: 13 samples class 4 \u2192 class 0
[2026-07-19 13:48:07,693] 39 root - INFO - [Attacker] Label flip: 6 samples class 4 \u2192 class 0
[2026-07-19 13:48:07,701] 39 root - INFO - [Attacker] Label flip: 15 samples class 4 \u2192 class 0
[2026-07-19 13:48:07,709] 39 root - INFO - [Attacker] Label flip: 15 samples class 4 \u2192 class 0
[2026-07-19 13:48:07,716] 39 root - INFO - [Attacker] Label flip: 16 samples class 4 \u2192 class 0
[2026-07-19 13:48:07,724] 39 root - INFO - [Attacker] Label flip: 13 samples class 4 \u2192 class 0
[2026-07-19 13:48:07,732] 39 root - INFO - [Attacker] Label flip: 14 samples class 4 \u2192 class 0
[2026-07-19 13:48:07,740] 39 root - INFO - [Attacker] Label flip: 10 samples class 4 \u2192 class 0
[2026-07-19 13:48:07,746] 39 root - INFO - [Attacker] Label flip: 13 samples class 4 \u2192 class 0
[2026-07-19 13:48:07,754] 39 root - INFO - [Attacker] Label flip: 10 samples class 4 \u2192 class 0
[2026-07-19 13:48:07,762] 39 root - INFO - [Attacker] Label flip: 12 samples class 4 \u2192 class 0
[2026-07-19 13:48:07,770] 39 root - INFO - [Attacker] Label flip: 13 samples class 4 \u2192 class 0
[2026-07-19 13:48:07,778] 39 root - INFO - [Attacker] Label flip: 10 samples class 4 \u2192 class 0
[2026-07-19 13:48:07,786] 39 root - INFO - [Attacker] Label flip: 12 samples class 4 \u2192 class 0
[2026-07-19 13:48:07,794] 39 root - INFO - [Attacker] Label flip: 14 samples class 4 \u2192 class 0
[2026-07-19 13:48:07,800] 39 root - INFO - [Attacker] Label flip: 7 samples class 4 \u2192 class 0
[2026-07-19 13:48:07,809] 39 root - INFO - [Attacker] Label flip: 6 samples class 4 \u2192 class 0
[2026-07-19 13:48:07,815] 39 root - INFO - [Attacker] Label flip: 11 samples class 4 \u2192 class 0
[2026-07-19 13:48:07,823] 39 root - INFO - [Attacker] Label flip: 8 samples class 4 \u2192 class 0
[2026-07-19 13:48:07,831] 39 root - INFO - [Attacker] Label flip: 17 samples class 4 \u2192 class 0
[2026-07-19 13:48:07,839] 39 root - INFO - [Attacker] Label flip: 20 samples class 4 \u2192 class 0
[2026-07-19 13:48:07,847] 39 root - INFO - [Attacker] Label flip: 14 samples class 4 \u2192 class 0
[2026-07-19 13:48:07,855] 39 root - INFO - [Attacker] Label flip: 9 samples class 4 \u2192 class 0
[2026-07-19 13:48:07,861] 39 root - INFO - [Attacker] Label flip: 12 samples class 4 \u2192 class 0
[2026-07-19 13:48:07,868] 39 root - INFO - [Attacker] Label flip: 14 samples class 4 \u2192 class 0
[2026-07-19 13:48:07,876] 39 root - INFO - [Attacker] Label flip: 16 samples class 4 \u2192 class 0
[2026-07-19 13:48:07,884] 39 root - INFO - [Attacker] Label flip: 14 samples class 4 \u2192 class 0
[2026-07-19 13:48:07,892] 39 root - INFO - [Attacker] Label flip: 14 samples class 4 \u2192 class 0
[2026-07-19 13:48:07,901] 39 root - INFO - [Attacker] Label flip: 11 samples class 4 \u2192 class 0
[2026-07-19 13:48:07,907] 39 root - INFO - [Attacker] Label flip: 9 samples class 4 \u2192 class 0
[2026-07-19 13:48:07,915] 39 root - INFO - [Attacker] Label flip: 10 samples class 4 \u2192 class 0
[2026-07-19 13:48:07,922] 39 root - INFO - [Attacker] Label flip: 19 samples class 4 \u2192 class 0
[2026-07-19 13:48:07,940] 39 root - INFO - [Attacker] Label flip: 10 samples class 4 \u2192 class 0
[2026-07-19 13:48:07,948] 39 root - INFO - [Attacker] Label flip: 13 samples class 4 \u2192 class 0
[2026-07-19 13:48:07,956] 39 root - INFO - [Attacker] Label flip: 15 samples class 4 \u2192 class 0
[2026-07-19 13:48:07,964] 39 root - INFO - [Attacker] Label flip: 18 samples class 4 \u2192 class 0
[2026-07-19 13:48:07,972] 39 root - INFO - [Attacker] Label flip: 14 samples class 4 \u2192 class 0
[2026-07-19 13:48:07,979] 39 root - INFO - [Attacker] Label flip: 11 samples class 4 \u2192 class 0
[2026-07-19 13:48:07,988] 39 root - INFO - [Attacker] Label flip: 11 samples class 4 \u2192 class 0
[2026-07-19 13:48:07,996] 39 root - INFO - [Attacker] Label flip: 13 samples class 4 \u2192 class 0
[2026-07-19 13:48:08,004] 39 root - INFO - [Attacker] Label flip: 10 samples class 4 \u2192 class 0
[2026-07-19 13:48:08,010] 39 root - INFO - [Attacker] Label flip: 5 samples class 4 \u2192 class 0
[2026-07-19 13:48:08,017] 39 root - INFO - [Attacker] Label flip: 11 samples class 4 \u2192 class 0
[2026-07-19 13:48:08,026] 39 root - INFO - [Attacker] Label flip: 14 samples class 4 \u2192 class 0
[2026-07-19 13:48:08,033] 39 root - INFO - [Attacker] Label flip: 13 samples class 4 \u2192 class 0
[2026-07-19 13:48:08,041] 39 root - INFO - [Attacker] Label flip: 10 samples class 4 \u2192 class 0
[2026-07-19 13:48:08,049] 39 root - INFO - [Attacker] Label flip: 12 samples class 4 \u2192 class 0
[2026-07-19 13:48:08,057] 39 root - INFO - [Attacker] Label flip: 14 samples class 4 \u2192 class 0
[2026-07-19 13:48:08,065] 39 root - INFO - [Attacker] Label flip: 12 samples class 4 \u2192 class 0
[2026-07-19 13:48:08,073] 39 root - INFO - [Attacker] Label flip: 7 samples class 4 \u2192 class 0
[2026-07-19 13:48:08,081] 39 root - INFO - [Attacker] Label flip: 11 samples class 4 \u2192 class 0
[2026-07-19 13:48:08,089] 39 root - INFO - [Attacker] Label flip: 17 samples class 4 \u2192 class 0
[2026-07-19 13:48:08,097] 39 root - INFO - [Attacker] Label flip: 16 samples class 4 \u2192 class 0
[2026-07-19 13:48:08,105] 39 root - INFO - [Attacker] Label flip: 13 samples class 4 \u2192 class 0
[2026-07-19 13:48:08,111] 39 root - INFO - [Attacker] Label flip: 15 samples class 4 \u2192 class 0
[2026-07-19 13:48:08,120] 39 root - INFO - [Attacker] Label flip: 13 samples class 4 \u2192 class 0
[2026-07-19 13:48:08,127] 39 root - INFO - [Attacker] Label flip: 10 samples class 4 \u2192 class 0
[2026-07-19 13:48:08,135] 39 root - INFO - [Attacker] Label flip: 12 samples class 4 \u2192 class 0
[2026-07-19 13:48:08,143] 39 root - INFO - [Attacker] Label flip: 14 samples class 4 \u2192 class 0
[2026-07-19 13:48:08,151] 39 root - INFO - [Attacker] Label flip: 14 samples class 4 \u2192 class 0
[2026-07-19 13:48:08,157] 39 root - INFO - [Attacker] Label flip: 7 samples class 4 \u2192 class 0
[2026-07-19 13:48:08,165] 39 root - INFO - [Attacker] Label flip: 12 samples class 4 \u2192 class 0
[2026-07-19 13:48:08,175] 39 root - INFO - [Attacker] Label flip: 8 samples class 4 \u2192 class 0
[2026-07-19 13:48:08,183] 39 root - INFO - [Attacker] Label flip: 7 samples class 4 \u2192 class 0
[2026-07-19 13:48:08,191] 39 root - INFO - [Attacker] Label flip: 10 samples class 4 \u2192 class 0
[2026-07-19 13:48:08,199] 39 root - INFO - [Attacker] Label flip: 17 samples class 4 \u2192 class 0
[2026-07-19 13:48:08,206] 39 root - INFO - [Attacker] Label flip: 12 samples class 4 \u2192 class 0
[2026-07-19 13:48:08,216] 39 root - INFO - [Attacker] Label flip: 16 samples class 4 \u2192 class 0
[2026-07-19 13:48:08,224] 39 root - INFO - [Attacker] Label flip: 16 samples class 4 \u2192 class 0
[2026-07-19 13:48:08,231] 39 root - INFO - [Attacker] Label flip: 8 samples class 4 \u2192 class 0
[2026-07-19 13:48:08,241] 39 root - INFO - [Attacker] Label flip: 10 samples class 4 \u2192 class 0
[2026-07-19 13:48:08,247] 39 root - INFO - [Attacker] Label flip: 16 samples class 4 \u2192 class 0
[2026-07-19 13:48:08,256] 39 root - INFO - [Attacker] Label flip: 10 samples class 4 \u2192 class 0
[2026-07-19 13:48:08,265] 39 root - INFO - [Attacker] Label flip: 10 samples class 4 \u2192 class 0
[2026-07-19 13:48:08,273] 39 root - INFO - [Attacker] Label flip: 12 samples class 4 \u2192 class 0
[2026-07-19 13:48:08,281] 39 root - INFO - [Attacker] Label flip: 9 samples class 4 \u2192 class 0
[2026-07-19 13:48:08,291] 39 root - INFO - [Attacker] Label flip: 13 samples class 4 \u2192 class 0
[2026-07-19 13:48:08,299] 39 root - INFO - [Attacker] Label flip: 14 samples class 4 \u2192 class 0
[2026-07-19 13:48:08,308] 39 root - INFO - [Attacker] Label flip: 7 samples class 4 \u2192 class 0
[2026-07-19 13:48:08,318] 39 root - INFO - [Attacker] Label flip: 12 samples class 4 \u2192 class 0
[2026-07-19 13:48:08,324] 39 root - INFO - [Attacker] Label flip: 14 samples class 4 \u2192 class 0
[2026-07-19 13:48:08,331] 39 root - INFO - [Attacker] Label flip: 15 samples class 4 \u2192 class 0
[2026-07-19 13:48:08,340] 39 root - INFO - [Attacker] Label flip: 9 samples class 4 \u2192 class 0
[2026-07-19 13:48:08,348] 39 root - INFO - [Attacker] Label flip: 14 samples class 4 \u2192 class 0
[2026-07-19 13:48:08,356] 39 root - INFO - [Attacker] Label flip: 16 samples class 4 \u2192 class 0
[2026-07-19 13:48:08,363] 39 root - INFO - [Attacker] Label flip: 9 samples class 4 \u2192 class 0
[2026-07-19 13:48:08,371] 39 root - INFO - [Attacker] Label flip: 5 samples class 4 \u2192 class 0
[2026-07-19 13:48:08,379] 39 root - INFO - [Attacker] Label flip: 13 samples class 4 \u2192 class 0
[2026-07-19 13:48:08,387] 39 root - INFO - [Attacker] Label flip: 7 samples class 4 \u2192 class 0
[2026-07-19 13:48:08,395] 39 root - INFO - [Attacker] Label flip: 5 samples class 4 \u2192 class 0
[2026-07-19 13:48:08,403] 39 root - INFO - [Attacker] Label flip: 15 samples class 4 \u2192 class 0
[2026-07-19 13:48:08,412] 39 root - INFO - [Attacker] Label flip: 7 samples class 4 \u2192 class 0
[2026-07-19 13:48:08,420] 39 root - INFO - [Attacker] Label flip: 9 samples class 4 \u2192 class 0
[2026-07-19 13:48:08,429] 39 root - INFO - [Attacker] Label flip: 12 samples class 4 \u2192 class 0
[2026-07-19 13:48:08,435] 39 root - INFO - [Attacker] Label flip: 18 samples class 4 \u2192 class 0
[2026-07-19 13:48:08,443] 39 root - INFO - [Attacker] Label flip: 9 samples class 4 \u2192 class 0
[2026-07-19 13:48:08,450] 39 root - INFO - [Attacker] Label flip: 12 samples class 4 \u2192 class 0
[2026-07-19 13:48:08,458] 39 root - INFO - [Attacker] Label flip: 4 samples class 4 \u2192 class 0
[2026-07-19 13:48:08,468] 39 root - INFO - [Attacker] Label flip: 9 samples class 4 \u2192 class 0
[2026-07-19 13:48:08,474] 39 root - INFO - [Attacker] Label flip: 12 samples class 4 \u2192 class 0
[2026-07-19 13:48:08,484] 39 root - INFO - [Attacker] Label flip: 12 samples class 4 \u2192 class 0
[2026-07-19 13:48:08,493] 39 root - INFO - [Attacker] Label flip: 18 samples class 4 \u2192 class 0
[2026-07-19 13:48:08,500] 39 root - INFO - [Attacker] Label flip: 13 samples class 4 \u2192 class 0
[2026-07-19 13:48:08,508] 39 root - INFO - [Attacker] Label flip: 14 samples class 4 \u2192 class 0
[2026-07-19 13:48:08,516] 39 root - INFO - [Attacker] Label flip: 8 samples class 4 \u2192 class 0
[2026-07-19 13:48:08,524] 39 root - INFO - [Attacker] Label flip: 12 samples class 4 \u2192 class 0
[2026-07-19 13:48:08,532] 39 root - INFO - [Attacker] Label flip: 11 samples class 4 \u2192 class 0
[2026-07-19 13:48:08,542] 39 root - INFO - [Attacker] Label flip: 14 samples class 4 \u2192 class 0
[2026-07-19 13:48:08,553] 39 root - INFO - [Attacker] Label flip: 12 samples class 4 \u2192 class 0
[2026-07-19 13:48:08,560] 39 root - INFO - [Attacker] Label flip: 14 samples class 4 \u2192 class 0
[2026-07-19 13:48:08,568] 39 root - INFO - [Attacker] Label flip: 17 samples class 4 \u2192 class 0
[2026-07-19 13:48:08,575] 39 root - INFO - [Attacker] Label flip: 13 samples class 4 \u2192 class 0
[2026-07-19 13:48:08,583] 39 root - INFO - [Attacker] Label flip: 15 samples class 4 \u2192 class 0
[2026-07-19 13:48:08,591] 39 root - INFO - [Attacker] Label flip: 15 samples class 4 \u2192 class 0
[2026-07-19 13:48:08,599] 39 root - INFO - [Attacker] Label flip: 12 samples class 4 \u2192 class 0
[2026-07-19 13:48:08,608] 39 root - INFO - [Attacker] Label flip: 19 samples class 4 \u2192 class 0
[2026-07-19 13:48:08,617] 39 root - INFO - [Attacker] Label flip: 13 samples class 4 \u2192 class 0
[2026-07-19 13:48:08,622] 39 root - INFO - [Attacker] Label flip: 14 samples class 4 \u2192 class 0
[2026-07-19 13:48:08,630] 39 root - INFO - [Attacker] Label flip: 9 samples class 4 \u2192 class 0
[2026-07-19 13:48:08,638] 39 root - INFO - [Attacker] Label flip: 16 samples class 4 \u2192 class 0
[2026-07-19 13:48:08,647] 39 root - INFO - [Attacker] Label flip: 21 samples class 4 \u2192 class 0
[2026-07-19 13:48:08,654] 39 root - INFO - [Attacker] Label flip: 11 samples class 4 \u2192 class 0
[2026-07-19 13:48:08,662] 39 root - INFO - [Attacker] Label flip: 10 samples class 4 \u2192 class 0
[2026-07-19 13:48:08,670] 39 root - INFO - [Attacker] Label flip: 19 samples class 4 \u2192 class 0
[2026-07-19 13:48:08,676] 39 root - INFO - [Attacker] Label flip: 16 samples class 4 \u2192 class 0
[2026-07-19 13:48:08,687] 39 root - INFO - [Attacker] Label flip: 11 samples class 4 \u2192 class 0
[2026-07-19 13:48:08,695] 39 root - INFO - [Attacker] Label flip: 14 samples class 4 \u2192 class 0
[2026-07-19 13:48:08,703] 39 root - INFO - [Attacker] Label flip: 15 samples class 4 \u2192 class 0
[2026-07-19 13:48:08,711] 39 root - INFO - [Attacker] Label flip: 15 samples class 4 \u2192 class 0
[2026-07-19 13:48:08,719] 39 root - INFO - [Attacker] Label flip: 19 samples class 4 \u2192 class 0
[2026-07-19 13:48:08,727] 39 root - INFO - [Attacker] Label flip: 16 samples class 4 \u2192 class 0
[2026-07-19 13:48:08,735] 39 root - INFO - [Attacker] Label flip: 14 samples class 4 \u2192 class 0
[2026-07-19 13:48:08,741] 39 root - INFO - [Attacker] Label flip: 10 samples class 4 \u2192 class 0
[2026-07-19 13:48:08,749] 39 root - INFO - [Attacker] Label flip: 8 samples class 4 \u2192 class 0
[2026-07-19 13:48:08,757] 39 root - INFO - [Attacker] Label flip: 6 samples class 4 \u2192 class 0
[2026-07-19 13:48:08,765] 39 root - INFO - [Attacker] Label flip: 9 samples class 4 \u2192 class 0
[2026-07-19 13:48:08,773] 39 root - INFO - [Attacker] Label flip: 10 samples class 4 \u2192 class 0
[2026-07-19 13:48:08,781] 39 root - INFO - [Attacker] Label flip: 9 samples class 4 \u2192 class 0
[2026-07-19 13:48:08,789] 39 root - INFO - [Attacker] Label flip: 9 samples class 4 \u2192 class 0
[2026-07-19 13:48:08,797] 39 root - INFO - [Attacker] Label flip: 17 samples class 4 \u2192 class 0
[2026-07-19 13:48:08,805] 39 root - INFO - [Attacker] Label flip: 12 samples class 4 \u2192 class 0
[2026-07-19 13:48:08,813] 39 root - INFO - [Attacker] Label flip: 16 samples class 4 \u2192 class 0
[2026-07-19 13:48:08,821] 39 root - INFO - [Attacker] Label flip: 9 samples class 4 \u2192 class 0
[2026-07-19 13:48:08,829] 39 root - INFO - [Attacker] Label flip: 13 samples class 4 \u2192 class 0
[2026-07-19 13:48:08,839] 39 root - INFO - [Attacker] Label flip: 7 samples class 4 \u2192 class 0
[2026-07-19 13:48:08,847] 39 root - INFO - [Attacker] Label flip: 8 samples class 4 \u2192 class 0
[2026-07-19 13:48:08,856] 39 root - INFO - [Attacker] Label flip: 17 samples class 4 \u2192 class 0
[2026-07-19 13:48:08,864] 39 root - INFO - [Attacker] Label flip: 9 samples class 4 \u2192 class 0
[2026-07-19 13:48:08,871] 39 root - INFO - [Attacker] Label flip: 16 samples class 4 \u2192 class 0
[2026-07-19 13:48:08,879] 39 root - INFO - [Attacker] Label flip: 6 samples class 4 \u2192 class 0
[2026-07-19 13:48:08,889] 39 root - INFO - [Attacker] Label flip: 10 samples class 4 \u2192 class 0
[2026-07-19 13:48:08,897] 39 root - INFO - [Attacker] Label flip: 12 samples class 4 \u2192 class 0
[2026-07-19 13:48:08,905] 39 root - INFO - [Attacker] Label flip: 17 samples class 4 \u2192 class 0
[2026-07-19 13:48:08,913] 39 root - INFO - [Attacker] Label flip: 13 samples class 4 \u2192 class 0
[2026-07-19 13:48:08,921] 39 root - INFO - [Attacker] Label flip: 13 samples class 4 \u2192 class 0
[2026-07-19 13:48:08,929] 39 root - INFO - [Attacker] Label flip: 8 samples class 4 \u2192 class 0
[2026-07-19 13:48:08,937] 39 root - INFO - [Attacker] Label flip: 15 samples class 4 \u2192 class 0
[2026-07-19 13:48:08,943] 39 root - INFO - [Attacker] Label flip: 8 samples class 4 \u2192 class 0
[2026-07-19 13:48:08,953] 39 root - INFO - [Attacker] Label flip: 13 samples class 4 \u2192 class 0
[2026-07-19 13:48:08,961] 39 root - INFO - [Attacker] Label flip: 13 samples class 4 \u2192 class 0
[2026-07-19 13:48:08,969] 39 root - INFO - [Attacker] Label flip: 12 samples class 4 \u2192 class 0
[2026-07-19 13:48:08,976] 39 root - INFO - [Attacker] Label flip: 17 samples class 4 \u2192 class 0
[2026-07-19 13:48:08,986] 39 root - INFO - [Attacker] Label flip: 17 samples class 4 \u2192 class 0
[2026-07-19 13:48:08,996] 39 root - INFO - [Attacker] Label flip: 18 samples class 4 \u2192 class 0
[2026-07-19 13:48:09,004] 39 root - INFO - [Attacker] Label flip: 14 samples class 4 \u2192 class 0
[2026-07-19 13:48:09,012] 39 root - INFO - [Attacker] Label flip: 13 samples class 4 \u2192 class 0
[2026-07-19 13:48:09,020] 39 root - INFO - [Attacker] Label flip: 8 samples class 4 \u2192 class 0
[2026-07-19 13:48:09,030] 39 root - INFO - [Attacker] Label flip: 13 samples class 4 \u2192 class 0
[2026-07-19 13:48:09,038] 39 root - INFO - [Attacker] Label flip: 8 samples class 4 \u2192 class 0
[2026-07-19 13:48:09,046] 39 root - INFO - [Attacker] Label flip: 10 samples class 4 \u2192 class 0
[2026-07-19 13:48:09,054] 39 root - INFO - [Attacker] Label flip: 7 samples class 4 \u2192 class 0
[2026-07-19 13:48:09,062] 39 root - INFO - [Attacker] Label flip: 20 samples class 4 \u2192 class 0
[2026-07-19 13:48:09,071] 39 root - INFO - [Attacker] Label flip: 15 samples class 4 \u2192 class 0
[2026-07-19 13:48:09,077] 39 root - INFO - [Attacker] Label flip: 7 samples class 4 \u2192 class 0
[2026-07-19 13:48:09,085] 39 root - INFO - [Attacker] Label flip: 12 samples class 4 \u2192 class 0
[2026-07-19 13:48:09,093] 39 root - INFO - [Attacker] Label flip: 16 samples class 4 \u2192 class 0
[2026-07-19 13:48:09,101] 39 root - INFO - [Attacker] Label flip: 13 samples class 4 \u2192 class 0
[2026-07-19 13:48:09,109] 39 root - INFO - [Attacker] Label flip: 14 samples class 4 \u2192 class 0
[2026-07-19 13:48:09,118] 39 root - INFO - [Attacker] Label flip: 11 samples class 4 \u2192 class 0
[2026-07-19 13:48:09,128] 39 root - INFO - [Attacker] Label flip: 9 samples class 4 \u2192 class 0
[2026-07-19 13:48:09,136] 39 root - INFO - [Attacker] Label flip: 15 samples class 4 \u2192 class 0
[2026-07-19 13:48:09,144] 39 root - INFO - [Attacker] Label flip: 14 samples class 4 \u2192 class 0
[2026-07-19 13:48:09,152] 39 root - INFO - [Attacker] Label flip: 16 samples class 4 \u2192 class 0
[2026-07-19 13:48:09,160] 39 root - INFO - [Attacker] Label flip: 15 samples class 4 \u2192 class 0
[2026-07-19 13:48:09,168] 39 root - INFO - [Attacker] Label flip: 11 samples class 4 \u2192 class 0
[2026-07-19 13:48:09,176] 39 root - INFO - [Attacker] Label flip: 13 samples class 4 \u2192 class 0
[2026-07-19 13:48:09,182] 39 root - INFO - [Attacker] Label flip: 16 samples class 4 \u2192 class 0
[2026-07-19 13:48:09,190] 39 root - INFO - [Attacker] Label flip: 20 samples class 4 \u2192 class 0
[2026-07-19 13:48:09,198] 39 root - INFO - [Attacker] Label flip: 8 samples class 4 \u2192 class 0
[2026-07-19 13:48:09,206] 39 root - INFO - [Attacker] Label flip: 15 samples class 4 \u2192 class 0
[2026-07-19 13:48:09,213] 39 root - INFO - [Attacker] Label flip: 11 samples class 4 \u2192 class 0
[2026-07-19 13:48:09,223] 39 root - INFO - [Attacker] Label flip: 8 samples class 4 \u2192 class 0
[2026-07-19 13:48:09,231] 39 root - INFO - [Attacker] Label flip: 12 samples class 4 \u2192 class 0
[2026-07-19 13:48:09,238] 39 root - INFO - [Attacker] Label flip: 14 samples class 4 \u2192 class 0
[2026-07-19 13:48:09,246] 39 root - INFO - [Attacker] Label flip: 15 samples class 4 \u2192 class 0
[2026-07-19 13:48:09,255] 39 root - INFO - [Attacker] Label flip: 18 samples class 4 \u2192 class 0
[2026-07-19 13:48:09,265] 39 root - INFO - [Attacker] Label flip: 10 samples class 4 \u2192 class 0
[2026-07-19 13:48:09,272] 39 root - INFO - [Attacker] Label flip: 20 samples class 4 \u2192 class 0
[2026-07-19 13:48:09,281] 39 root - INFO - [Attacker] Label flip: 12 samples class 4 \u2192 class 0
[2026-07-19 13:48:09,288] 39 root - INFO - [Attacker] Label flip: 13 samples class 4 \u2192 class 0
[2026-07-19 13:48:09,298] 39 root - INFO - [Attacker] Label flip: 22 samples class 4 \u2192 class 0
[2026-07-19 13:48:09,306] 39 root - INFO - [Attacker] Label flip: 16 samples class 4 \u2192 class 0
[2026-07-19 13:48:09,316] 39 root - INFO - [Attacker] Label flip: 17 samples class 4 \u2192 class 0
[2026-07-19 13:48:09,325] 39 root - INFO - [Attacker] Label flip: 13 samples class 4 \u2192 class 0
[2026-07-19 13:48:09,333] 39 root - INFO - [Attacker] Label flip: 7 samples class 4 \u2192 class 0
[2026-07-19 13:48:09,341] 39 root - INFO - [Attacker] Label flip: 10 samples class 4 \u2192 class 0
[2026-07-19 13:48:09,349] 39 root - INFO - [Attacker] Label flip: 17 samples class 4 \u2192 class 0
[2026-07-19 13:48:09,356] 39 root - INFO - [Attacker] Label flip: 12 samples class 4 \u2192 class 0
[2026-07-19 13:48:09,364] 39 root - INFO - [Attacker] Label flip: 10 samples class 4 \u2192 class 0
[2026-07-19 13:48:09,374] 39 root - INFO - [Attacker] Label flip: 14 samples class 4 \u2192 class 0
[2026-07-19 13:48:09,382] 39 root - INFO - [Attacker] Label flip: 8 samples class 4 \u2192 class 0
[2026-07-19 13:48:09,391] 39 root - INFO - [Attacker] Label flip: 18 samples class 4 \u2192 class 0
[2026-07-19 13:48:09,399] 39 root - INFO - [Attacker] Label flip: 10 samples class 4 \u2192 class 0
[2026-07-19 13:48:09,407] 39 root - INFO - [Attacker] Label flip: 13 samples class 4 \u2192 class 0
[2026-07-19 13:48:09,416] 39 root - INFO - [Attacker] Label flip: 14 samples class 4 \u2192 class 0
[2026-07-19 13:48:09,423] 39 root - INFO - [Attacker] Label flip: 17 samples class 4 \u2192 class 0
[2026-07-19 13:48:09,431] 39 root - INFO - [Attacker] Label flip: 12 samples class 4 \u2192 class 0
[2026-07-19 13:48:09,439] 39 root - INFO - [Attacker] Label flip: 17 samples class 4 \u2192 class 0
[2026-07-19 13:48:09,447] 39 root - INFO - [Attacker] Label flip: 9 samples class 4 \u2192 class 0
[2026-07-19 13:48:09,455] 39 root - INFO - [Attacker] Label flip: 19 samples class 4 \u2192 class 0
[2026-07-19 13:48:09,463] 39 root - INFO - [Attacker] Label flip: 10 samples class 4 \u2192 class 0
[2026-07-19 13:48:09,472] 39 root - INFO - [Attacker] Label flip: 6 samples class 4 \u2192 class 0
[2026-07-19 13:48:09,478] 39 root - INFO - [Attacker] Label flip: 10 samples class 4 \u2192 class 0
[2026-07-19 13:48:09,489] 39 root - INFO - [Attacker] Label flip: 17 samples class 4 \u2192 class 0
[2026-07-19 13:48:09,497] 39 root - INFO - [Attacker] Label flip: 7 samples class 4 \u2192 class 0
[2026-07-19 13:48:09,505] 39 root - INFO - [Attacker] Label flip: 11 samples class 4 \u2192 class 0
[2026-07-19 13:48:09,513] 39 root - INFO - [Attacker] Label flip: 11 samples class 4 \u2192 class 0
[2026-07-19 13:48:09,521] 39 root - INFO - [Attacker] Label flip: 13 samples class 4 \u2192 class 0
[2026-07-19 13:48:09,529] 39 root - INFO - [Attacker] Label flip: 13 samples class 4 \u2192 class 0
[2026-07-19 13:48:09,539] 39 root - INFO - [Attacker] Label flip: 9 samples class 4 \u2192 class 0
[2026-07-19 13:48:09,547] 39 root - INFO - [Attacker] Label flip: 14 samples class 4 \u2192 class 0
[2026-07-19 13:48:09,554] 39 root - INFO - [Attacker] Label flip: 10 samples class 4 \u2192 class 0
[2026-07-19 13:48:09,562] 39 root - INFO - [Attacker] Label flip: 18 samples class 4 \u2192 class 0
[2026-07-19 13:48:09,572] 39 root - INFO - [Attacker] Label flip: 11 samples class 4 \u2192 class 0
[2026-07-19 13:48:09,580] 39 root - INFO - [Attacker] Label flip: 10 samples class 4 \u2192 class 0
[2026-07-19 13:48:09,588] 39 root - INFO - [Attacker] Label flip: 11 samples class 4 \u2192 class 0
[2026-07-19 13:48:09,596] 39 root - INFO - [Attacker] Label flip: 8 samples class 4 \u2192 class 0
[2026-07-19 13:48:09,604] 39 root - INFO - [Attacker] Label flip: 15 samples class 4 \u2192 class 0
[2026-07-19 13:48:09,611] 39 root - INFO - [Attacker] Label flip: 13 samples class 4 \u2192 class 0
[2026-07-19 13:48:09,620] 39 root - INFO - [Attacker] Label flip: 15 samples class 4 \u2192 class 0
[2026-07-19 13:48:09,627] 39 root - INFO - [Attacker] Label flip: 9 samples class 4 \u2192 class 0
[2026-07-19 13:48:09,635] 39 root - INFO - [Attacker] Label flip: 15 samples class 4 \u2192 class 0
[2026-07-19 13:48:09,643] 39 root - INFO - [Attacker] Label flip: 12 samples class 4 \u2192 class 0
[2026-07-19 13:48:09,652] 39 root - INFO - [Attacker] Label flip: 15 samples class 4 \u2192 class 0
[2026-07-19 13:48:09,660] 39 root - INFO - [Attacker] Label flip: 15 samples class 4 \u2192 class 0
[2026-07-19 13:48:09,670] 39 root - INFO - [Attacker] Label flip: 20 samples class 4 \u2192 class 0
[2026-07-19 13:48:09,678] 39 root - INFO - [Attacker] Label flip: 9 samples class 4 \u2192 class 0
[2026-07-19 13:48:09,685] 39 root - INFO - [Attacker] Label flip: 18 samples class 4 \u2192 class 0
[2026-07-19 13:48:09,694] 39 root - INFO - [Attacker] Label flip: 11 samples class 4 \u2192 class 0
[2026-07-19 13:48:09,702] 39 root - INFO - [Attacker] Label flip: 8 samples class 4 \u2192 class 0
[2026-07-19 13:48:09,709] 39 root - INFO - [Attacker] Label flip: 15 samples class 4 \u2192 class 0
[2026-07-19 13:48:09,717] 39 root - INFO - [Attacker] Label flip: 12 samples class 4 \u2192 class 0
[2026-07-19 13:48:09,725] 39 root - INFO - [Attacker] Label flip: 16 samples class 4 \u2192 class 0
[2026-07-19 13:48:09,733] 39 root - INFO - [Attacker] Label flip: 14 samples class 4 \u2192 class 0
[2026-07-19 13:48:09,743] 39 root - INFO - [Attacker] Label flip: 16 samples class 4 \u2192 class 0
[2026-07-19 13:48:09,752] 39 root - INFO - [Attacker] Label flip: 11 samples class 4 \u2192 class 0
[2026-07-19 13:48:09,760] 39 root - INFO - [Attacker] Label flip: 13 samples class 4 \u2192 class 0
[2026-07-19 13:48:09,768] 39 root - INFO - [Attacker] Label flip: 14 samples class 4 \u2192 class 0
[2026-07-19 13:48:09,776] 39 root - INFO - [Attacker] Label flip: 9 samples class 4 \u2192 class 0
[2026-07-19 13:48:09,782] 39 root - INFO - [Attacker] Label flip: 11 samples class 4 \u2192 class 0
[2026-07-19 13:48:09,789] 39 root - INFO - [Attacker] Label flip: 11 samples class 4 \u2192 class 0
[2026-07-19 13:48:09,797] 39 root - INFO - [Attacker] Label flip: 14 samples class 4 \u2192 class 0
[2026-07-19 13:48:09,866] 39 root - INFO - [Attacker] Label flip: 14 samples class 4 \u2192 class 0
[2026-07-19 13:48:09,874] 39 root - INFO - [Attacker] Label flip: 14 samples class 4 \u2192 class 0
[2026-07-19 13:48:09,884] 39 root - INFO - [Attacker] Label flip: 15 samples class 4 \u2192 class 0
[2026-07-19 13:48:09,896] 39 root - INFO - [Attacker] Label flip: 11 samples class 4 \u2192 class 0
[2026-07-19 13:48:09,920] 39 root - INFO - [Attacker] Label flip: 5 samples class 4 \u2192 class 0
[2026-07-19 13:48:09,928] 39 root - INFO - [Attacker] Label flip: 12 samples class 4 \u2192 class 0
[2026-07-19 13:48:09,938] 39 root - INFO - [Attacker] Label flip: 8 samples class 4 \u2192 class 0
[2026-07-19 13:48:09,947] 39 root - INFO - [Attacker] Label flip: 7 samples class 4 \u2192 class 0
[2026-07-19 13:48:09,956] 39 root - INFO - [Attacker] Label flip: 17 samples class 4 \u2192 class 0
[2026-07-19 13:48:09,964] 39 root - INFO - [Attacker] Label flip: 7 samples class 4 \u2192 class 0
[2026-07-19 13:48:09,970] 39 root - INFO - [Attacker] Label flip: 11 samples class 4 \u2192 class 0
[2026-07-19 13:48:09,978] 39 root - INFO - [Attacker] Label flip: 13 samples class 4 \u2192 class 0
[2026-07-19 13:48:09,987] 39 root - INFO - [Attacker] Label flip: 17 samples class 4 \u2192 class 0
[2026-07-19 13:48:09,994] 39 root - INFO - [Attacker] Label flip: 13 samples class 4 \u2192 class 0
[2026-07-19 13:48:10,002] 39 root - INFO - [Attacker] Label flip: 11 samples class 4 \u2192 class 0
[2026-07-19 13:48:10,011] 39 root - INFO - [Attacker] Label flip: 13 samples class 4 \u2192 class 0
[2026-07-19 13:48:10,023] 39 root - INFO - [Attacker] Label flip: 15 samples class 4 \u2192 class 0
[2026-07-19 13:48:10,029] 39 root - INFO - [Attacker] Label flip: 7 samples class 4 \u2192 class 0
[2026-07-19 13:48:10,038] 39 root - INFO - [Attacker] Label flip: 12 samples class 4 \u2192 class 0
[2026-07-19 13:48:10,044] 39 root - INFO - [Attacker] Label flip: 13 samples class 4 \u2192 class 0
[2026-07-19 13:48:10,054] 39 root - INFO - [Attacker] Label flip: 9 samples class 4 \u2192 class 0
[2026-07-19 13:48:10,062] 39 root - INFO - [Attacker] Label flip: 12 samples class 4 \u2192 class 0
[2026-07-19 13:48:10,069] 39 root - INFO - [Attacker] Label flip: 12 samples class 4 \u2192 class 0
[2026-07-19 13:48:10,078] 39 root - INFO - [Attacker] Label flip: 12 samples class 4 \u2192 class 0
[2026-07-19 13:48:10,085] 39 root - INFO - [Attacker] Label flip: 10 samples class 4 \u2192 class 0
[2026-07-19 13:48:10,094] 39 root - INFO - [Attacker] Label flip: 14 samples class 4 \u2192 class 0
[2026-07-19 13:48:10,101] 39 root - INFO - [Attacker] Label flip: 15 samples class 4 \u2192 class 0
[2026-07-19 13:48:10,109] 39 root - INFO - [Attacker] Label flip: 13 samples class 4 \u2192 class 0
[2026-07-19 13:48:10,117] 39 root - INFO - [Attacker] Label flip: 11 samples class 4 \u2192 class 0
[2026-07-19 13:48:10,125] 39 root - INFO - [Attacker] Label flip: 9 samples class 4 \u2192 class 0
[2026-07-19 13:48:10,133] 39 root - INFO - [Attacker] Label flip: 7 samples class 4 \u2192 class 0
[2026-07-19 13:48:10,141] 39 root - INFO - [Attacker] Label flip: 19 samples class 4 \u2192 class 0
[2026-07-19 13:48:10,149] 39 root - INFO - [Attacker] Label flip: 13 samples class 4 \u2192 class 0
[2026-07-19 13:48:10,157] 39 root - INFO - [Attacker] Label flip: 10 samples class 4 \u2192 class 0
[2026-07-19 13:48:10,165] 39 root - INFO - [Attacker] Label flip: 13 samples class 4 \u2192 class 0
[2026-07-19 13:48:10,173] 39 root - INFO - [Attacker] Label flip: 12 samples class 4 \u2192 class 0
[2026-07-19 13:48:10,180] 39 root - INFO - [Attacker] Label flip: 13 samples class 4 \u2192 class 0
[2026-07-19 13:48:10,188] 39 root - INFO - [Attacker] Label flip: 10 samples class 4 \u2192 class 0
[2026-07-19 13:48:10,194] 39 root - INFO - [Attacker] Label flip: 12 samples class 4 \u2192 class 0
[2026-07-19 13:48:10,204] 39 root - INFO - [Attacker] Label flip: 18 samples class 4 \u2192 class 0
[2026-07-19 13:48:10,210] 39 root - INFO - [Attacker] Label flip: 12 samples class 4 \u2192 class 0
[2026-07-19 13:48:10,220] 39 root - INFO - [Attacker] Label flip: 7 samples class 4 \u2192 class 0
[2026-07-19 13:48:10,227] 39 root - INFO - [Attacker] Label flip: 12 samples class 4 \u2192 class 0
[2026-07-19 13:48:10,233] 39 root - INFO - [Attacker] Label flip: 10 samples class 4 \u2192 class 0
[2026-07-19 13:48:10,241] 39 root - INFO - [Attacker] Label flip: 17 samples class 4 \u2192 class 0
[2026-07-19 13:48:10,249] 39 root - INFO - [Attacker] Label flip: 11 samples class 4 \u2192 class 0
[2026-07-19 13:48:10,257] 39 root - INFO - [Attacker] Label flip: 10 samples class 4 \u2192 class 0
[2026-07-19 13:48:10,265] 39 root - INFO - [Attacker] Label flip: 11 samples class 4 \u2192 class 0
[2026-07-19 13:48:10,273] 39 root - INFO - [Attacker] Label flip: 9 samples class 4 \u2192 class 0
[2026-07-19 13:48:10,281] 39 root - INFO - [Attacker] Label flip: 15 samples class 4 \u2192 class 0
[2026-07-19 13:48:10,291] 39 root - INFO - [Attacker] Label flip: 14 samples class 4 \u2192 class 0
[2026-07-19 13:48:10,299] 39 root - INFO - [Attacker] Label flip: 11 samples class 4 \u2192 class 0
[2026-07-19 13:48:10,307] 39 root - INFO - [Attacker] Label flip: 14 samples class 4 \u2192 class 0
[2026-07-19 13:48:10,313] 39 root - INFO - [Attacker] Label flip: 14 samples class 4 \u2192 class 0
[2026-07-19 13:48:10,330] 39 root - INFO - [Attacker] Label flip: 13 samples class 4 \u2192 class 0
[2026-07-19 13:48:10,338] 39 root - INFO - [Attacker] Label flip: 7 samples class 4 \u2192 class 0
[2026-07-19 13:48:10,346] 39 root - INFO - [Attacker] Label flip: 14 samples class 4 \u2192 class 0
[2026-07-19 13:48:10,354] 39 root - INFO - [Attacker] Label flip: 14 samples class 4 \u2192 class 0
[2026-07-19 13:48:10,365] 39 root - INFO - [Attacker] Label flip: 18 samples class 4 \u2192 class 0
[2026-07-19 13:48:10,374] 39 root - INFO - [Attacker] Label flip: 14 samples class 4 \u2192 class 0
[2026-07-19 13:48:10,381] 39 root - INFO - [Attacker] Label flip: 9 samples class 4 \u2192 class 0
[2026-07-19 13:48:10,389] 39 root - INFO - [Attacker] Label flip: 12 samples class 4 \u2192 class 0
[2026-07-19 13:48:10,399] 39 root - INFO - [Attacker] Label flip: 13 samples class 4 \u2192 class 0
[2026-07-19 13:48:10,407] 39 root - INFO - [Attacker] Label flip: 10 samples class 4 \u2192 class 0
[2026-07-19 13:48:10,415] 39 root - INFO - [Attacker] Label flip: 14 samples class 4 \u2192 class 0
[2026-07-19 13:48:10,423] 39 root - INFO - [Attacker] Label flip: 12 samples class 4 \u2192 class 0
[2026-07-19 13:48:10,444] 39 root - INFO - [Attacker] Label flip: 9 samples class 4 \u2192 class 0
[2026-07-19 13:48:10,452] 39 root - INFO - [Attacker] Label flip: 9 samples class 4 \u2192 class 0
[2026-07-19 13:48:10,460] 39 root - INFO - [Attacker] Label flip: 17 samples class 4 \u2192 class 0
[2026-07-19 13:48:10,468] 39 root - INFO - [Attacker] Label flip: 9 samples class 4 \u2192 class 0
[2026-07-19 13:48:10,484] 39 root - INFO - [Attacker] Label flip: 17 samples class 4 \u2192 class 0
[2026-07-19 13:48:10,492] 39 root - INFO - [Attacker] Label flip: 12 samples class 4 \u2192 class 0
[2026-07-19 13:48:10,498] 39 root - INFO - [Attacker] Label flip: 19 samples class 4 \u2192 class 0
[2026-07-19 13:48:10,505] 39 root - INFO - [Attacker] Label flip: 9 samples class 4 \u2192 class 0
[2026-07-19 13:48:10,513] 39 root - INFO - [Attacker] Label flip: 11 samples class 4 \u2192 class 0
[2026-07-19 13:48:10,535] 39 root - INFO - [Attacker] Label flip: 16 samples class 4 \u2192 class 0
[2026-07-19 13:48:10,543] 39 root - INFO - [Attacker] Label flip: 11 samples class 4 \u2192 class 0
[2026-07-19 13:48:10,551] 39 root - INFO - [Attacker] Label flip: 19 samples class 4 \u2192 class 0
[2026-07-19 13:48:10,558] 39 root - INFO - [Attacker] Label flip: 15 samples class 4 \u2192 class 0
[2026-07-19 13:48:10,587] 39 root - INFO - [Attacker] Label flip: 16 samples class 4 \u2192 class 0
[2026-07-19 13:48:10,595] 39 root - INFO - [Attacker] Label flip: 17 samples class 4 \u2192 class 0
[2026-07-19 13:48:10,603] 39 root - INFO - [Attacker] Label flip: 12 samples class 4 \u2192 class 0
[2026-07-19 13:48:10,610] 39 root - INFO - [Attacker] Label flip: 10 samples class 4 \u2192 class 0
[2026-07-19 13:48:10,619] 39 root - INFO - [Attacker] Label flip: 12 samples class 4 \u2192 class 0
[2026-07-19 13:48:10,626] 39 root - INFO - [Attacker] Label flip: 10 samples class 4 \u2192 class 0
[2026-07-19 13:48:10,634] 39 root - INFO - [Attacker] Label flip: 14 samples class 4 \u2192 class 0
[2026-07-19 13:48:10,642] 39 root - INFO - [Attacker] Label flip: 12 samples class 4 \u2192 class 0
[2026-07-19 13:48:10,660] 39 root - INFO - [Attacker] Label flip: 11 samples class 4 \u2192 class 0
[2026-07-19 13:48:10,668] 39 root - INFO - [Attacker] Label flip: 16 samples class 4 \u2192 class 0
[2026-07-19 13:48:10,676] 39 root - INFO - [Attacker] Label flip: 11 samples class 4 \u2192 class 0
[2026-07-19 13:48:10,684] 39 root - INFO - [Attacker] Label flip: 13 samples class 4 \u2192 class 0
[2026-07-19 13:48:10,694] 39 root - INFO - [Attacker] Label flip: 15 samples class 4 \u2192 class 0
[2026-07-19 13:48:10,702] 39 root - INFO - [Attacker] Label flip: 14 samples class 4 \u2192 class 0
[2026-07-19 13:48:10,710] 39 root - INFO - [Attacker] Label flip: 9 samples class 4 \u2192 class 0
[2026-07-19 13:48:10,716] 39 root - INFO - [Attacker] Label flip: 12 samples class 4 \u2192 class 0
[2026-07-19 13:48:10,723] 39 root - INFO - [Attacker] Label flip: 11 samples class 4 \u2192 class 0
[2026-07-19 13:48:10,735] 39 root - INFO - [Attacker] Label flip: 11 samples class 4 \u2192 class 0
[2026-07-19 13:48:10,741] 39 root - INFO - [Attacker] Label flip: 14 samples class 4 \u2192 class 0
[2026-07-19 13:48:10,749] 39 root - INFO - [Attacker] Label flip: 13 samples class 4 \u2192 class 0
[2026-07-19 13:48:10,757] 39 root - INFO - [Attacker] Label flip: 9 samples class 4 \u2192 class 0
[2026-07-19 13:48:10,767] 39 root - INFO - [Attacker] Label flip: 11 samples class 4 \u2192 class 0
[2026-07-19 13:48:10,773] 39 root - INFO - [Attacker] Label flip: 16 samples class 4 \u2192 class 0
[2026-07-19 13:48:10,781] 39 root - INFO - [Attacker] Label flip: 15 samples class 4 \u2192 class 0
[2026-07-19 13:48:10,789] 39 root - INFO - [Attacker] Label flip: 17 samples class 4 \u2192 class 0
[2026-07-19 13:48:10,798] 39 root - INFO - [Attacker] Label flip: 16 samples class 4 \u2192 class 0
[2026-07-19 13:48:10,806] 39 root - INFO - [Attacker] Label flip: 11 samples class 4 \u2192 class 0
[2026-07-19 13:48:10,814] 39 root - INFO - [Attacker] Label flip: 8 samples class 4 \u2192 class 0
[2026-07-19 13:48:10,822] 39 root - INFO - [Attacker] Label flip: 15 samples class 4 \u2192 class 0
[2026-07-19 13:48:10,844] 39 root - INFO - [Attacker] Label flip: 13 samples class 4 \u2192 class 0
[2026-07-19 13:48:10,852] 39 root - INFO - [Attacker] Label flip: 22 samples class 4 \u2192 class 0
[2026-07-19 13:48:10,858] 39 root - INFO - [Attacker] Label flip: 15 samples class 4 \u2192 class 0
[2026-07-19 13:48:10,866] 39 root - INFO - [Attacker] Label flip: 12 samples class 4 \u2192 class 0
[2026-07-19 13:48:10,879] 39 root - INFO - [Attacker] Label flip: 7 samples class 4 \u2192 class 0
[2026-07-19 13:48:10,887] 39 root - INFO - [Attacker] Label flip: 11 samples class 4 \u2192 class 0
[2026-07-19 13:48:10,895] 39 root - INFO - [Attacker] Label flip: 15 samples class 4 \u2192 class 0
[2026-07-19 13:48:10,903] 39 root - INFO - [Attacker] Label flip: 9 samples class 4 \u2192 class 0
[2026-07-19 13:48:10,913] 39 root - INFO - [Attacker] Label flip: 11 samples class 4 \u2192 class 0
[2026-07-19 13:48:10,921] 39 root - INFO - [Attacker] Label flip: 9 samples class 4 \u2192 class 0
[2026-07-19 13:48:10,931] 39 root - INFO - [Attacker] Label flip: 12 samples class 4 \u2192 class 0
[2026-07-19 13:48:10,939] 39 root - INFO - [Attacker] Label flip: 15 samples class 4 \u2192 class 0
[2026-07-19 13:48:10,947] 39 root - INFO - [Attacker] Label flip: 16 samples class 4 \u2192 class 0
[2026-07-19 13:48:10,955] 39 root - INFO - [Attacker] Label flip: 11 samples class 4 \u2192 class 0
[2026-07-19 13:48:10,962] 39 root - INFO - [Attacker] Label flip: 18 samples class 4 \u2192 class 0
[2026-07-19 13:48:10,970] 39 root - INFO - [Attacker] Label flip: 15 samples class 4 \u2192 class 0
[2026-07-19 13:48:10,978] 39 root - INFO - [Attacker] Label flip: 11 samples class 4 \u2192 class 0
[2026-07-19 13:48:10,986] 39 root - INFO - [Attacker] Label flip: 12 samples class 4 \u2192 class 0
[2026-07-19 13:48:10,994] 39 root - INFO - [Attacker] Label flip: 7 samples class 4 \u2192 class 0
[2026-07-19 13:48:11,002] 39 root - INFO - [Attacker] Label flip: 14 samples class 4 \u2192 class 0
[2026-07-19 13:48:11,010] 39 root - INFO - [Attacker] Label flip: 8 samples class 4 \u2192 class 0
[2026-07-19 13:48:11,020] 39 root - INFO - [Attacker] Label flip: 20 samples class 4 \u2192 class 0
[2026-07-19 13:48:11,026] 39 root - INFO - [Attacker] Label flip: 13 samples class 4 \u2192 class 0
[2026-07-19 13:48:11,034] 39 root - INFO - [Attacker] Label flip: 14 samples class 4 \u2192 class 0
[2026-07-19 13:48:11,041] 39 root - INFO - [Attacker] Label flip: 15 samples class 4 \u2192 class 0
[2026-07-19 13:48:11,053] 39 root - INFO - [Attacker] Label flip: 12 samples class 4 \u2192 class 0
[2026-07-19 13:48:11,061] 39 root - INFO - [Attacker] Label flip: 10 samples class 4 \u2192 class 0
[2026-07-19 13:48:11,069] 39 root - INFO - [Attacker] Label flip: 7 samples class 4 \u2192 class 0
[2026-07-19 13:48:11,077] 39 root - INFO - [Attacker] Label flip: 14 samples class 4 \u2192 class 0
[2026-07-19 13:48:11,086] 39 root - INFO - [Attacker] Label flip: 14 samples class 4 \u2192 class 0
[2026-07-19 13:48:11,093] 39 root - INFO - [Attacker] Label flip: 10 samples class 4 \u2192 class 0
[2026-07-19 13:48:11,100] 39 root - INFO - [Attacker] Label flip: 10 samples class 4 \u2192 class 0
[2026-07-19 13:48:11,108] 39 root - INFO - [Attacker] Label flip: 9 samples class 4 \u2192 class 0
[2026-07-19 13:48:11,117] 39 root - INFO - [Attacker] Label flip: 10 samples class 4 \u2192 class 0
[2026-07-19 13:48:11,125] 39 root - INFO - [Attacker] Label flip: 8 samples class 4 \u2192 class 0
[2026-07-19 13:48:11,133] 39 root - INFO - [Attacker] Label flip: 16 samples class 4 \u2192 class 0
[2026-07-19 13:48:11,139] 39 root - INFO - [Attacker] Label flip: 14 samples class 4 \u2192 class 0
[2026-07-19 13:48:11,149] 39 root - INFO - [Attacker] Label flip: 13 samples class 4 \u2192 class 0
[2026-07-19 13:48:11,157] 39 root - INFO - [Attacker] Label flip: 14 samples class 4 \u2192 class 0
[2026-07-19 13:48:11,165] 39 root - INFO - [Attacker] Label flip: 12 samples class 4 \u2192 class 0
[2026-07-19 13:48:11,171] 39 root - INFO - [Attacker] Label flip: 14 samples class 4 \u2192 class 0
[2026-07-19 13:48:11,179] 39 root - INFO - [Attacker] Label flip: 14 samples class 4 \u2192 class 0
[2026-07-19 13:48:11,187] 39 root - INFO - [Attacker] Label flip: 14 samples class 4 \u2192 class 0
[2026-07-19 13:48:11,194] 39 root - INFO - [Attacker] Label flip: 12 samples class 4 \u2192 class 0
[2026-07-19 13:48:11,201] 39 root - INFO - [Attacker] Label flip: 8 samples class 4 \u2192 class 0
[2026-07-19 13:48:11,210] 39 root - INFO - [Attacker] Label flip: 9 samples class 4 \u2192 class 0
[2026-07-19 13:48:11,218] 39 root - INFO - [Attacker] Label flip: 14 samples class 4 \u2192 class 0
[2026-07-19 13:48:11,226] 39 root - INFO - [Attacker] Label flip: 12 samples class 4 \u2192 class 0
[2026-07-19 13:48:11,234] 39 root - INFO - [Attacker] Label flip: 13 samples class 4 \u2192 class 0
[2026-07-19 13:48:11,240] 39 root - INFO - [Attacker] Label flip: 8 samples class 4 \u2192 class 0
[2026-07-19 13:48:11,250] 39 root - INFO - [Attacker] Label flip: 13 samples class 4 \u2192 class 0
[2026-07-19 13:48:11,258] 39 root - INFO - [Attacker] Label flip: 14 samples class 4 \u2192 class 0
[2026-07-19 13:48:11,266] 39 root - INFO - [Attacker] Label flip: 13 samples class 4 \u2192 class 0
[2026-07-19 13:48:11,274] 39 root - INFO - [Attacker] Label flip: 9 samples class 4 \u2192 class 0
[2026-07-19 13:48:11,284] 39 root - INFO - [Attacker] Label flip: 16 samples class 4 \u2192 class 0
[2026-07-19 13:48:11,291] 39 root - INFO - [Attacker] Label flip: 13 samples class 4 \u2192 class 0
[2026-07-19 13:48:11,299] 39 root - INFO - [Attacker] Label flip: 14 samples class 4 \u2192 class 0
[2026-07-19 13:48:11,307] 39 root - INFO - [Attacker] Label flip: 14 samples class 4 \u2192 class 0
[2026-07-19 13:48:11,315] 39 root - INFO - [Attacker] Label flip: 13 samples class 4 \u2192 class 0
[2026-07-19 13:48:11,323] 39 root - INFO - [Attacker] Label flip: 14 samples class 4 \u2192 class 0
[2026-07-19 13:48:11,331] 39 root - INFO - [Attacker] Label flip: 15 samples class 4 \u2192 class 0
[2026-07-19 13:48:11,339] 39 root - INFO - [Attacker] Label flip: 15 samples class 4 \u2192 class 0
[2026-07-19 13:48:11,347] 39 root - INFO - [Attacker] Label flip: 14 samples class 4 \u2192 class 0
[2026-07-19 13:48:11,355] 39 root - INFO - [Attacker] Label flip: 8 samples class 4 \u2192 class 0
[2026-07-19 13:48:11,363] 39 root - INFO - [Attacker] Label flip: 15 samples class 4 \u2192 class 0
[2026-07-19 13:48:11,370] 39 root - INFO - [Attacker] Label flip: 15 samples class 4 \u2192 class 0
[2026-07-19 13:48:11,378] 39 root - INFO - [Attacker] Label flip: 18 samples class 4 \u2192 class 0
[2026-07-19 13:48:11,386] 39 root - INFO - [Attacker] Label flip: 9 samples class 4 \u2192 class 0
[2026-07-19 13:48:11,394] 39 root - INFO - [Attacker] Label flip: 21 samples class 4 \u2192 class 0
[2026-07-19 13:48:11,402] 39 root - INFO - [Attacker] Label flip: 13 samples class 4 \u2192 class 0
[2026-07-19 13:48:11,416] 39 root - INFO - [Attacker] Label flip: 15 samples class 4 \u2192 class 0
[2026-07-19 13:48:11,424] 39 root - INFO - [Attacker] Label flip: 16 samples class 4 \u2192 class 0
[2026-07-19 13:48:11,430] 39 root - INFO - [Attacker] Label flip: 11 samples class 4 \u2192 class 0
[2026-07-19 13:48:11,438] 39 root - INFO - [Attacker] Label flip: 12 samples class 4 \u2192 class 0
[2026-07-19 13:48:11,446] 39 root - INFO - [Attacker] Label flip: 9 samples class 4 \u2192 class 0
[2026-07-19 13:48:11,473] 39 root - INFO - [Attacker] Label flip: 10 samples class 4 \u2192 class 0
[2026-07-19 13:48:11,479] 39 root - INFO - [Attacker] Label flip: 14 samples class 4 \u2192 class 0
[2026-07-19 13:48:11,487] 39 root - INFO - [Attacker] Label flip: 13 samples class 4 \u2192 class 0
[2026-07-19 13:48:11,495] 39 root - INFO - [Attacker] Label flip: 8 samples class 4 \u2192 class 0
[2026-07-19 13:48:11,509] 39 root - INFO - [Attacker] Label flip: 12 samples class 4 \u2192 class 0
[2026-07-19 13:48:11,517] 39 root - INFO - [Attacker] Label flip: 11 samples class 4 \u2192 class 0
[2026-07-19 13:48:11,525] 39 root - INFO - [Attacker] Label flip: 15 samples class 4 \u2192 class 0
[2026-07-19 13:48:11,532] 39 root - INFO - [Attacker] Label flip: 16 samples class 4 \u2192 class 0
[2026-07-19 13:48:11,540] 39 root - INFO - [Attacker] Label flip: 15 samples class 4 \u2192 class 0
[2026-07-19 13:48:11,548] 39 root - INFO - [Attacker] Label flip: 16 samples class 4 \u2192 class 0
[2026-07-19 13:48:11,554] 39 root - INFO - [Attacker] Label flip: 14 samples class 4 \u2192 class 0
[2026-07-19 13:48:11,562] 39 root - INFO - [Attacker] Label flip: 12 samples class 4 \u2192 class 0
[2026-07-19 13:48:11,571] 39 root - INFO - [Attacker] Label flip: 16 samples class 4 \u2192 class 0
[2026-07-19 13:48:11,581] 39 root - INFO - [Attacker] Label flip: 12 samples class 4 \u2192 class 0
[2026-07-19 13:48:11,589] 39 root - INFO - [Attacker] Label flip: 15 samples class 4 \u2192 class 0
[2026-07-19 13:48:11,597] 39 root - INFO - [Attacker] Label flip: 8 samples class 4 \u2192 class 0
[2026-07-19 13:48:11,606] 39 root - INFO - [Attacker] Label flip: 9 samples class 4 \u2192 class 0
[2026-07-19 13:48:11,615] 39 root - INFO - [Attacker] Label flip: 14 samples class 4 \u2192 class 0
[2026-07-19 13:48:11,623] 39 root - INFO - [Attacker] Label flip: 23 samples class 4 \u2192 class 0
[2026-07-19 13:48:11,631] 39 root - INFO - [Attacker] Label flip: 12 samples class 4 \u2192 class 0
[2026-07-19 13:48:11,638] 39 root - INFO - [Attacker] Label flip: 11 samples class 4 \u2192 class 0
[2026-07-19 13:48:11,646] 39 root - INFO - [Attacker] Label flip: 10 samples class 4 \u2192 class 0
[2026-07-19 13:48:11,654] 39 root - INFO - [Attacker] Label flip: 15 samples class 4 \u2192 class 0
[2026-07-19 13:48:11,660] 39 root - INFO - [Attacker] Label flip: 15 samples class 4 \u2192 class 0
[2026-07-19 13:48:11,670] 39 root - INFO - [Attacker] Label flip: 18 samples class 4 \u2192 class 0
[2026-07-19 13:48:11,678] 39 root - INFO - [Attacker] Label flip: 15 samples class 4 \u2192 class 0
[2026-07-19 13:48:11,686] 39 root - INFO - [Attacker] Label flip: 18 samples class 4 \u2192 class 0
[2026-07-19 13:48:11,694] 39 root - INFO - [Attacker] Label flip: 16 samples class 4 \u2192 class 0
[2026-07-19 13:48:11,701] 39 root - INFO - [Attacker] Label flip: 9 samples class 4 \u2192 class 0
[2026-07-19 13:48:11,711] 39 root - INFO - [Attacker] Label flip: 13 samples class 4 \u2192 class 0
[2026-07-19 13:48:11,719] 39 root - INFO - [Attacker] Label flip: 6 samples class 4 \u2192 class 0
[2026-07-19 13:48:11,727] 39 root - INFO - [Attacker] Label flip: 8 samples class 4 \u2192 class 0
[2026-07-19 13:48:11,735] 39 root - INFO - [Attacker] Label flip: 15 samples class 4 \u2192 class 0
[2026-07-19 13:48:11,743] 39 root - INFO - [Attacker] Label flip: 17 samples class 4 \u2192 class 0
[2026-07-19 13:48:11,751] 39 root - INFO - [Attacker] Label flip: 17 samples class 4 \u2192 class 0
[2026-07-19 13:48:11,759] 39 root - INFO - [Attacker] Label flip: 10 samples class 4 \u2192 class 0
[2026-07-19 13:48:11,767] 39 root - INFO - [Attacker] Label flip: 12 samples class 4 \u2192 class 0
[2026-07-19 13:48:11,775] 39 root - INFO - [Attacker] Label flip: 14 samples class 4 \u2192 class 0
[2026-07-19 13:48:11,782] 39 root - INFO - [Attacker] Label flip: 11 samples class 4 \u2192 class 0
[2026-07-19 13:48:11,790] 39 root - INFO - [Attacker] Label flip: 18 samples class 4 \u2192 class 0
[2026-07-19 13:48:11,798] 39 root - INFO - [Attacker] Label flip: 11 samples class 4 \u2192 class 0
[2026-07-19 13:48:11,804] 39 root - INFO - [Attacker] Label flip: 19 samples class 4 \u2192 class 0
[2026-07-19 13:48:11,812] 39 root - INFO - [Attacker] Label flip: 17 samples class 4 \u2192 class 0
[2026-07-19 13:48:11,820] 39 root - INFO - [Attacker] Label flip: 22 samples class 4 \u2192 class 0
[2026-07-19 13:48:11,828] 39 root - INFO - [Attacker] Label flip: 12 samples class 4 \u2192 class 0
[2026-07-19 13:48:11,836] 39 root - INFO - [Attacker] Label flip: 10 samples class 4 \u2192 class 0
[2026-07-19 13:48:11,847] 39 root - INFO - [Attacker] Label flip: 13 samples class 4 \u2192 class 0
[2026-07-19 13:48:11,856] 39 root - INFO - [Attacker] Label flip: 13 samples class 4 \u2192 class 0
[2026-07-19 13:48:11,863] 39 root - INFO - [Attacker] Label flip: 11 samples class 4 \u2192 class 0
[2026-07-19 13:48:11,869] 39 root - INFO - [Attacker] Label flip: 10 samples class 4 \u2192 class 0
[2026-07-19 13:48:11,879] 39 root - INFO - [Attacker] Label flip: 11 samples class 4 \u2192 class 0
[2026-07-19 13:48:11,887] 39 root - INFO - [Attacker] Label flip: 14 samples class 4 \u2192 class 0
[2026-07-19 13:48:11,895] 39 root - INFO - [Attacker] Label flip: 10 samples class 4 \u2192 class 0
[2026-07-19 13:48:11,903] 39 root - INFO - [Attacker] Label flip: 16 samples class 4 \u2192 class 0
[2026-07-19 13:48:11,917] 39 root - INFO - [Attacker] Label flip: 12 samples class 4 \u2192 class 0
[2026-07-19 13:48:11,924] 39 root - INFO - [Attacker] Label flip: 9 samples class 4 \u2192 class 0
[2026-07-19 13:48:11,933] 39 root - INFO - [Attacker] Label flip: 14 samples class 4 \u2192 class 0
[2026-07-19 13:48:11,940] 39 root - INFO - [Attacker] Label flip: 13 samples class 4 \u2192 class 0
[2026-07-19 13:48:11,948] 39 root - INFO - [Attacker] Label flip: 12 samples class 4 \u2192 class 0
[2026-07-19 13:48:11,956] 39 root - INFO - [Attacker] Label flip: 15 samples class 4 \u2192 class 0
[2026-07-19 13:48:11,964] 39 root - INFO - [Attacker] Label flip: 12 samples class 4 \u2192 class 0
[2026-07-19 13:48:11,972] 39 root - INFO - [Attacker] Label flip: 12 samples class 4 \u2192 class 0
[2026-07-19 13:48:11,980] 39 root - INFO - [Attacker] Label flip: 14 samples class 4 \u2192 class 0
[2026-07-19 13:48:11,988] 39 root - INFO - [Attacker] Label flip: 12 samples class 4 \u2192 class 0
[2026-07-19 13:48:11,996] 39 root - INFO - [Attacker] Label flip: 21 samples class 4 \u2192 class 0
[2026-07-19 13:48:12,004] 39 root - INFO - [Attacker] Label flip: 9 samples class 4 \u2192 class 0
[2026-07-19 13:48:12,011] 39 root - INFO - [Attacker] Label flip: 16 samples class 4 \u2192 class 0
[2026-07-19 13:48:12,019] 39 root - INFO - [Attacker] Label flip: 6 samples class 4 \u2192 class 0
[2026-07-19 13:48:12,027] 39 root - INFO - [Attacker] Label flip: 9 samples class 4 \u2192 class 0
[2026-07-19 13:48:12,035] 39 root - INFO - [Attacker] Label flip: 11 samples class 4 \u2192 class 0
[2026-07-19 13:48:12,041] 39 root - INFO - [Attacker] Label flip: 15 samples class 4 \u2192 class 0
[2026-07-19 13:48:12,051] 39 root - INFO - [Attacker] Label flip: 10 samples class 4 \u2192 class 0
[2026-07-19 13:48:12,057] 39 root - INFO - [Attacker] Label flip: 8 samples class 4 \u2192 class 0
[2026-07-19 13:48:12,064] 39 root - INFO - [Attacker] Label flip: 10 samples class 4 \u2192 class 0
[2026-07-19 13:48:12,073] 39 root - INFO - [Attacker] Label flip: 13 samples class 4 \u2192 class 0
[2026-07-19 13:48:12,080] 39 root - INFO - [Attacker] Label flip: 8 samples class 4 \u2192 class 0
[2026-07-19 13:48:12,088] 39 root - INFO - [Attacker] Label flip: 13 samples class 4 \u2192 class 0
[2026-07-19 13:48:12,096] 39 root - INFO - [Attacker] Label flip: 9 samples class 4 \u2192 class 0
[2026-07-19 13:48:12,104] 39 root - INFO - [Attacker] Label flip: 13 samples class 4 \u2192 class 0
[2026-07-19 13:48:12,112] 39 root - INFO - [Attacker] Label flip: 16 samples class 4 \u2192 class 0
[2026-07-19 13:48:12,120] 39 root - INFO - [Attacker] Label flip: 10 samples class 4 \u2192 class 0
[2026-07-19 13:48:12,128] 39 root - INFO - [Attacker] Label flip: 14 samples class 4 \u2192 class 0
[2026-07-19 13:48:12,136] 39 root - INFO - [Attacker] Label flip: 16 samples class 4 \u2192 class 0
[2026-07-19 13:48:12,144] 39 root - INFO - [Attacker] Label flip: 17 samples class 4 \u2192 class 0
[2026-07-19 13:48:12,153] 39 root - INFO - [Attacker] Label flip: 15 samples class 4 \u2192 class 0
[2026-07-19 13:48:12,161] 39 root - INFO - [Attacker] Label flip: 15 samples class 4 \u2192 class 0
[2026-07-19 13:48:12,170] 39 root - INFO - [Attacker] Label flip: 7 samples class 4 \u2192 class 0
[2026-07-19 13:48:12,178] 39 root - INFO - [Attacker] Label flip: 11 samples class 4 \u2192 class 0
[2026-07-19 13:48:12,215] 39 root - INFO - [Attacker] Label flip: 12 samples class 4 \u2192 class 0
[2026-07-19 13:48:12,223] 39 root - INFO - [Attacker] Label flip: 12 samples class 4 \u2192 class 0
[2026-07-19 13:48:12,231] 39 root - INFO - [Attacker] Label flip: 11 samples class 4 \u2192 class 0
[2026-07-19 13:48:12,239] 39 root - INFO - [Attacker] Label flip: 9 samples class 4 \u2192 class 0
[2026-07-19 13:48:12,249] 39 root - INFO - [Attacker] Label flip: 14 samples class 4 \u2192 class 0
[2026-07-19 13:48:12,255] 39 root - INFO - [Attacker] Label flip: 8 samples class 4 \u2192 class 0
[2026-07-19 13:48:12,263] 39 root - INFO - [Attacker] Label flip: 12 samples class 4 \u2192 class 0
[2026-07-19 13:48:12,271] 39 root - INFO - [Attacker] Label flip: 16 samples class 4 \u2192 class 0
[2026-07-19 13:48:12,279] 39 root - INFO - [Attacker] Label flip: 7 samples class 4 \u2192 class 0
[2026-07-19 13:48:12,289] 39 root - INFO - [Attacker] Label flip: 12 samples class 4 \u2192 class 0
[2026-07-19 13:48:12,296] 39 root - INFO - [Attacker] Label flip: 16 samples class 4 \u2192 class 0
[2026-07-19 13:48:12,304] 39 root - INFO - [Attacker] Label flip: 9 samples class 4 \u2192 class 0
[2026-07-19 13:48:12,312] 39 root - INFO - [Attacker] Label flip: 16 samples class 4 \u2192 class 0
[2026-07-19 13:48:12,348] 39 root - INFO - [Attacker] Label flip: 13 samples class 4 \u2192 class 0
[2026-07-19 13:48:12,356] 39 root - INFO - [Attacker] Label flip: 11 samples class 4 \u2192 class 0
[2026-07-19 13:48:12,364] 39 root - INFO - [Attacker] Label flip: 13 samples class 4 \u2192 class 0
[2026-07-19 13:48:12,372] 39 root - INFO - [Attacker] Label flip: 11 samples class 4 \u2192 class 0
[2026-07-19 13:48:12,382] 39 root - INFO - [Attacker] Label flip: 9 samples class 4 \u2192 class 0
[2026-07-19 13:48:12,382] 268 flwr - WARNING - DEPRECATED FEATURE: `client_fn` now expects a signature `def client_fn(context: Context)`.The provided `client_fn` has signature: {'cid': <Parameter "cid: str">}. You can import the `Context` like this: `from flwr.common import Context`

            This is a deprecated feature. It will be removed
            entirely in future versions of Flower.
        
[2026-07-19 13:48:12,389] 39 root - INFO - [Attacker] Label flip: 14 samples class 4 \u2192 class 0
[2026-07-19 13:48:12,395] 39 root - INFO - [Attacker] Label flip: 11 samples class 4 \u2192 class 0
[2026-07-19 13:48:12,403] 39 root - INFO - [Attacker] Label flip: 18 samples class 4 \u2192 class 0
[2026-07-19 13:48:12,413] 39 root - INFO - [Attacker] Label flip: 17 samples class 4 \u2192 class 0
[2026-07-19 13:48:12,421] 39 root - INFO - [Attacker] Label flip: 7 samples class 4 \u2192 class 0
[2026-07-19 13:48:12,429] 39 root - INFO - [Attacker] Label flip: 11 samples class 4 \u2192 class 0
[2026-07-19 13:48:12,437] 39 root - INFO - [Attacker] Label flip: 14 samples class 4 \u2192 class 0
[2026-07-19 13:48:12,447] 39 root - INFO - [Attacker] Label flip: 16 samples class 4 \u2192 class 0
[2026-07-19 13:48:12,455] 39 root - INFO - [Attacker] Label flip: 8 samples class 4 \u2192 class 0
[2026-07-19 13:48:12,463] 39 root - INFO - [Attacker] Label flip: 9 samples class 4 \u2192 class 0
[2026-07-19 13:48:12,470] 39 root - INFO - [Attacker] Label flip: 19 samples class 4 \u2192 class 0
[2026-07-19 13:48:12,479] 39 root - INFO - [Attacker] Label flip: 13 samples class 4 \u2192 class 0
[2026-07-19 13:48:12,487] 39 root - INFO - [Attacker] Label flip: 15 samples class 4 \u2192 class 0
[2026-07-19 13:48:12,495] 39 root - INFO - [Attacker] Label flip: 10 samples class 4 \u2192 class 0
[2026-07-19 13:48:12,502] 39 root - INFO - [Attacker] Label flip: 11 samples class 4 \u2192 class 0
[2026-07-19 13:48:12,512] 39 root - INFO - [Attacker] Label flip: 14 samples class 4 \u2192 class 0
[2026-07-19 13:48:12,520] 39 root - INFO - [Attacker] Label flip: 8 samples class 4 \u2192 class 0
[2026-07-19 13:48:12,528] 39 root - INFO - [Attacker] Label flip: 12 samples class 4 \u2192 class 0
[2026-07-19 13:48:12,536] 39 root - INFO - [Attacker] Label flip: 5 samples class 4 \u2192 class 0
[2026-07-19 13:48:12,546] 39 root - INFO - [Attacker] Label flip: 13 samples class 4 \u2192 class 0
[2026-07-19 13:48:12,556] 39 root - INFO - [Attacker] Label flip: 16 samples class 4 \u2192 class 0
[2026-07-19 13:48:12,565] 39 root - INFO - [Attacker] Label flip: 13 samples class 4 \u2192 class 0
[2026-07-19 13:48:12,574] 39 root - INFO - [Attacker] Label flip: 11 samples class 4 \u2192 class 0
[2026-07-19 13:48:12,582] 39 root - INFO - [Attacker] Label flip: 9 samples class 4 \u2192 class 0
[2026-07-19 13:48:12,591] 39 root - INFO - [Attacker] Label flip: 16 samples class 4 \u2192 class 0
[2026-07-19 13:48:12,599] 39 root - INFO - [Attacker] Label flip: 14 samples class 4 \u2192 class 0
[2026-07-19 13:48:12,608] 39 root - INFO - [Attacker] Label flip: 10 samples class 4 \u2192 class 0
[2026-07-19 13:48:12,617] 39 root - INFO - [Attacker] Label flip: 12 samples class 4 \u2192 class 0
[2026-07-19 13:48:12,627] 39 root - INFO - [Attacker] Label flip: 13 samples class 4 \u2192 class 0
[2026-07-19 13:48:12,635] 39 root - INFO - [Attacker] Label flip: 9 samples class 4 \u2192 class 0
[2026-07-19 13:48:12,643] 39 root - INFO - [Attacker] Label flip: 8 samples class 4 \u2192 class 0
[2026-07-19 13:48:12,651] 39 root - INFO - [Attacker] Label flip: 20 samples class 4 \u2192 class 0
[2026-07-19 13:48:12,661] 39 root - INFO - [Attacker] Label flip: 11 samples class 4 \u2192 class 0
[2026-07-19 13:48:12,669] 39 root - INFO - [Attacker] Label flip: 12 samples class 4 \u2192 class 0
[2026-07-19 13:48:12,677] 39 root - INFO - [Attacker] Label flip: 14 samples class 4 \u2192 class 0
[2026-07-19 13:48:12,685] 39 root - INFO - [Attacker] Label flip: 11 samples class 4 \u2192 class 0
[2026-07-19 13:48:12,693] 39 root - INFO - [Attacker] Label flip: 13 samples class 4 \u2192 class 0
[2026-07-19 13:48:12,703] 39 root - INFO - [Attacker] Label flip: 12 samples class 4 \u2192 class 0
[2026-07-19 13:48:12,711] 39 root - INFO - [Attacker] Label flip: 12 samples class 4 \u2192 class 0
[2026-07-19 13:48:12,718] 39 root - INFO - [Attacker] Label flip: 17 samples class 4 \u2192 class 0
[2026-07-19 13:48:12,725] 39 root - INFO - [Attacker] Label flip: 16 samples class 4 \u2192 class 0
[2026-07-19 13:48:12,732] 39 root - INFO - [Attacker] Label flip: 14 samples class 4 \u2192 class 0
[2026-07-19 13:48:12,741] 39 root - INFO - [Attacker] Label flip: 15 samples class 4 \u2192 class 0
[2026-07-19 13:48:12,748] 39 root - INFO - [Attacker] Label flip: 15 samples class 4 \u2192 class 0
[2026-07-19 13:48:12,756] 39 root - INFO - [Attacker] Label flip: 15 samples class 4 \u2192 class 0
[2026-07-19 13:48:12,764] 39 root - INFO - [Attacker] Label flip: 9 samples class 4 \u2192 class 0
[2026-07-19 13:48:12,772] 39 root - INFO - [Attacker] Label flip: 10 samples class 4 \u2192 class 0
[2026-07-19 13:48:12,782] 39 root - INFO - [Attacker] Label flip: 13 samples class 4 \u2192 class 0
[2026-07-19 13:48:12,788] 39 root - INFO - [Attacker] Label flip: 15 samples class 4 \u2192 class 0
[2026-07-19 13:48:12,796] 39 root - INFO - [Attacker] Label flip: 17 samples class 4 \u2192 class 0
[2026-07-19 13:48:12,804] 39 root - INFO - [Attacker] Label flip: 18 samples class 4 \u2192 class 0
[2026-07-19 13:48:12,811] 39 root - INFO - [Attacker] Label flip: 14 samples class 4 \u2192 class 0
[2026-07-19 13:48:12,820] 39 root - INFO - [Attacker] Label flip: 16 samples class 4 \u2192 class 0
[2026-07-19 13:48:12,827] 39 root - INFO - [Attacker] Label flip: 12 samples class 4 \u2192 class 0
[2026-07-19 13:48:12,833] 39 root - INFO - [Attacker] Label flip: 14 samples class 4 \u2192 class 0
[2026-07-19 13:48:12,841] 39 root - INFO - [Attacker] Label flip: 17 samples class 4 \u2192 class 0
[2026-07-19 13:48:12,851] 39 root - INFO - [Attacker] Label flip: 20 samples class 4 \u2192 class 0
[2026-07-19 13:48:12,859] 39 root - INFO - [Attacker] Label flip: 4 samples class 4 \u2192 class 0
[2026-07-19 13:48:12,867] 39 root - INFO - [Attacker] Label flip: 14 samples class 4 \u2192 class 0
[2026-07-19 13:48:12,875] 39 root - INFO - [Attacker] Label flip: 13 samples class 4 \u2192 class 0
[2026-07-19 13:48:12,883] 39 root - INFO - [Attacker] Label flip: 12 samples class 4 \u2192 class 0
[2026-07-19 13:48:12,891] 39 root - INFO - [Attacker] Label flip: 18 samples class 4 \u2192 class 0
[2026-07-19 13:48:12,897] 39 root - INFO - [Attacker] Label flip: 16 samples class 4 \u2192 class 0
[2026-07-19 13:48:12,904] 39 root - INFO - [Attacker] Label flip: 17 samples class 4 \u2192 class 0
[2026-07-19 13:48:12,912] 39 root - INFO - [Attacker] Label flip: 18 samples class 4 \u2192 class 0
[2026-07-19 13:48:12,920] 39 root - INFO - [Attacker] Label flip: 12 samples class 4 \u2192 class 0
[2026-07-19 13:48:12,928] 39 root - INFO - [Attacker] Label flip: 11 samples class 4 \u2192 class 0
[2026-07-19 13:48:12,934] 39 root - INFO - [Attacker] Label flip: 10 samples class 4 \u2192 class 0
[2026-07-19 13:48:12,942] 39 root - INFO - [Attacker] Label flip: 11 samples class 4 \u2192 class 0
[2026-07-19 13:48:12,950] 39 root - INFO - [Attacker] Label flip: 14 samples class 4 \u2192 class 0
[2026-07-19 13:48:12,958] 39 root - INFO - [Attacker] Label flip: 8 samples class 4 \u2192 class 0
[2026-07-19 13:48:12,966] 39 root - INFO - [Attacker] Label flip: 10 samples class 4 \u2192 class 0
[2026-07-19 13:48:12,972] 39 root - INFO - [Attacker] Label flip: 19 samples class 4 \u2192 class 0
[2026-07-19 13:48:12,980] 39 root - INFO - [Attacker] Label flip: 12 samples class 4 \u2192 class 0
[2026-07-19 13:48:12,989] 39 root - INFO - [Attacker] Label flip: 15 samples class 4 \u2192 class 0
[2026-07-19 13:48:12,995] 39 root - INFO - [Attacker] Label flip: 16 samples class 4 \u2192 class 0
[2026-07-19 13:48:13,003] 39 root - INFO - [Attacker] Label flip: 8 samples class 4 \u2192 class 0
[2026-07-19 13:48:13,011] 39 root - INFO - [Attacker] Label flip: 9 samples class 4 \u2192 class 0
[2026-07-19 13:48:13,019] 39 root - INFO - [Attacker] Label flip: 13 samples class 4 \u2192 class 0
[2026-07-19 13:48:13,027] 39 root - INFO - [Attacker] Label flip: 8 samples class 4 \u2192 class 0
[2026-07-19 13:48:13,033] 39 root - INFO - [Attacker] Label flip: 12 samples class 4 \u2192 class 0
[2026-07-19 13:48:13,041] 39 root - INFO - [Attacker] Label flip: 11 samples class 4 \u2192 class 0
[2026-07-19 13:48:13,051] 39 root - INFO - [Attacker] Label flip: 9 samples class 4 \u2192 class 0
[2026-07-19 13:48:13,068] 39 root - INFO - [Attacker] Label flip: 21 samples class 4 \u2192 class 0
[2026-07-19 13:48:13,078] 39 root - INFO - [Attacker] Label flip: 10 samples class 4 \u2192 class 0
[2026-07-19 13:48:13,086] 39 root - INFO - [Attacker] Label flip: 15 samples class 4 \u2192 class 0
[2026-07-19 13:48:13,092] 39 root - INFO - [Attacker] Label flip: 8 samples class 4 \u2192 class 0
[2026-07-19 13:48:13,102] 39 root - INFO - [Attacker] Label flip: 19 samples class 4 \u2192 class 0
[2026-07-19 13:48:13,108] 39 root - INFO - [Attacker] Label flip: 19 samples class 4 \u2192 class 0
[2026-07-19 13:48:13,118] 39 root - INFO - [Attacker] Label flip: 13 samples class 4 \u2192 class 0
[2026-07-19 13:48:13,126] 39 root - INFO - [Attacker] Label flip: 12 samples class 4 \u2192 class 0
[2026-07-19 13:48:13,132] 39 root - INFO - [Attacker] Label flip: 20 samples class 4 \u2192 class 0
[2026-07-19 13:48:13,139] 39 root - INFO - [Attacker] Label flip: 13 samples class 4 \u2192 class 0
[2026-07-19 13:48:13,147] 39 root - INFO - [Attacker] Label flip: 12 samples class 4 \u2192 class 0
[2026-07-19 13:48:13,155] 39 root - INFO - [Attacker] Label flip: 14 samples class 4 \u2192 class 0
[2026-07-19 13:48:13,163] 39 root - INFO - [Attacker] Label flip: 16 samples class 4 \u2192 class 0
[2026-07-19 13:48:13,171] 39 root - INFO - [Attacker] Label flip: 9 samples class 4 \u2192 class 0
[2026-07-19 13:48:13,181] 39 root - INFO - [Attacker] Label flip: 15 samples class 4 \u2192 class 0
[2026-07-19 13:48:13,189] 39 root - INFO - [Attacker] Label flip: 13 samples class 4 \u2192 class 0
[2026-07-19 13:48:13,195] 39 root - INFO - [Attacker] Label flip: 8 samples class 4 \u2192 class 0
[2026-07-19 13:48:13,203] 39 root - INFO - [Attacker] Label flip: 10 samples class 4 \u2192 class 0
[2026-07-19 13:48:13,212] 39 root - INFO - [Attacker] Label flip: 14 samples class 4 \u2192 class 0
[2026-07-19 13:48:13,218] 39 root - INFO - [Attacker] Label flip: 14 samples class 4 \u2192 class 0
[2026-07-19 13:48:13,226] 39 root - INFO - [Attacker] Label flip: 4 samples class 4 \u2192 class 0
[2026-07-19 13:48:13,233] 39 root - INFO - [Attacker] Label flip: 13 samples class 4 \u2192 class 0
[2026-07-19 13:48:13,241] 39 root - INFO - [Attacker] Label flip: 12 samples class 4 \u2192 class 0
[2026-07-19 13:48:13,249] 39 root - INFO - [Attacker] Label flip: 18 samples class 4 \u2192 class 0
[2026-07-19 13:48:13,257] 39 root - INFO - [Attacker] Label flip: 12 samples class 4 \u2192 class 0
[2026-07-19 13:48:13,265] 39 root - INFO - [Attacker] Label flip: 8 samples class 4 \u2192 class 0
[2026-07-19 13:48:13,273] 39 root - INFO - [Attacker] Label flip: 17 samples class 4 \u2192 class 0
[2026-07-19 13:48:13,281] 39 root - INFO - [Attacker] Label flip: 11 samples class 4 \u2192 class 0
[2026-07-19 13:48:13,289] 39 root - INFO - [Attacker] Label flip: 16 samples class 4 \u2192 class 0
[2026-07-19 13:48:13,297] 39 root - INFO - [Attacker] Label flip: 14 samples class 4 \u2192 class 0
[2026-07-19 13:48:13,305] 39 root - INFO - [Attacker] Label flip: 6 samples class 4 \u2192 class 0
[2026-07-19 13:48:13,315] 39 root - INFO - [Attacker] Label flip: 13 samples class 4 \u2192 class 0
[2026-07-19 13:48:13,322] 39 root - INFO - [Attacker] Label flip: 11 samples class 4 \u2192 class 0
[2026-07-19 13:48:13,330] 39 root - INFO - [Attacker] Label flip: 13 samples class 4 \u2192 class 0
[2026-07-19 13:48:13,336] 39 root - INFO - [Attacker] Label flip: 18 samples class 4 \u2192 class 0
[2026-07-19 13:48:13,344] 39 root - INFO - [Attacker] Label flip: 9 samples class 4 \u2192 class 0
[2026-07-19 13:48:13,352] 39 root - INFO - [Attacker] Label flip: 10 samples class 4 \u2192 class 0
[2026-07-19 13:48:13,360] 39 root - INFO - [Attacker] Label flip: 6 samples class 4 \u2192 class 0
[2026-07-19 13:48:13,368] 39 root - INFO - [Attacker] Label flip: 10 samples class 4 \u2192 class 0
[2026-07-19 13:48:13,376] 39 root - INFO - [Attacker] Label flip: 14 samples class 4 \u2192 class 0
[2026-07-19 13:48:13,384] 39 root - INFO - [Attacker] Label flip: 9 samples class 4 \u2192 class 0
[2026-07-19 13:48:13,392] 39 root - INFO - [Attacker] Label flip: 13 samples class 4 \u2192 class 0
[2026-07-19 13:48:13,402] 39 root - INFO - [Attacker] Label flip: 8 samples class 4 \u2192 class 0
[2026-07-19 13:48:13,408] 39 root - INFO - [Attacker] Label flip: 11 samples class 4 \u2192 class 0
[2026-07-19 13:48:13,417] 39 root - INFO - [Attacker] Label flip: 11 samples class 4 \u2192 class 0
[2026-07-19 13:48:13,425] 39 root - INFO - [Attacker] Label flip: 10 samples class 4 \u2192 class 0
[2026-07-19 13:48:13,433] 39 root - INFO - [Attacker] Label flip: 13 samples class 4 \u2192 class 0
[2026-07-19 13:48:13,441] 39 root - INFO - [Attacker] Label flip: 13 samples class 4 \u2192 class 0
[2026-07-19 13:48:13,449] 39 root - INFO - [Attacker] Label flip: 11 samples class 4 \u2192 class 0
[2026-07-19 13:48:13,457] 39 root - INFO - [Attacker] Label flip: 16 samples class 4 \u2192 class 0
[2026-07-19 13:48:13,465] 39 root - INFO - [Attacker] Label flip: 19 samples class 4 \u2192 class 0
[2026-07-19 13:48:13,473] 39 root - INFO - [Attacker] Label flip: 13 samples class 4 \u2192 class 0
[2026-07-19 13:48:13,483] 39 root - INFO - [Attacker] Label flip: 9 samples class 4 \u2192 class 0
[2026-07-19 13:48:13,491] 39 root - INFO - [Attacker] Label flip: 17 samples class 4 \u2192 class 0
[2026-07-19 13:48:13,498] 39 root - INFO - [Attacker] Label flip: 12 samples class 4 \u2192 class 0
[2026-07-19 13:48:13,506] 39 root - INFO - [Attacker] Label flip: 15 samples class 4 \u2192 class 0
[2026-07-19 13:48:13,516] 39 root - INFO - [Attacker] Label flip: 12 samples class 4 \u2192 class 0
[2026-07-19 13:48:13,524] 39 root - INFO - [Attacker] Label flip: 11 samples class 4 \u2192 class 0
[2026-07-19 13:48:13,532] 39 root - INFO - [Attacker] Label flip: 11 samples class 4 \u2192 class 0
[2026-07-19 13:48:13,540] 39 root - INFO - [Attacker] Label flip: 19 samples class 4 \u2192 class 0
[2026-07-19 13:48:13,550] 39 root - INFO - [Attacker] Label flip: 15 samples class 4 \u2192 class 0
[2026-07-19 13:48:13,558] 39 root - INFO - [Attacker] Label flip: 15 samples class 4 \u2192 class 0
[2026-07-19 13:48:13,566] 39 root - INFO - [Attacker] Label flip: 13 samples class 4 \u2192 class 0
[2026-07-19 13:48:13,574] 39 root - INFO - [Attacker] Label flip: 21 samples class 4 \u2192 class 0
[2026-07-19 13:48:13,581] 39 root - INFO - [Attacker] Label flip: 7 samples class 4 \u2192 class 0
[2026-07-19 13:48:13,589] 39 root - INFO - [Attacker] Label flip: 16 samples class 4 \u2192 class 0
[2026-07-19 13:48:13,595] 39 root - INFO - [Attacker] Label flip: 11 samples class 4 \u2192 class 0
[2026-07-19 13:48:13,603] 39 root - INFO - [Attacker] Label flip: 8 samples class 4 \u2192 class 0
[2026-07-19 13:48:13,611] 39 root - INFO - [Attacker] Label flip: 10 samples class 4 \u2192 class 0
[2026-07-19 13:48:13,619] 39 root - INFO - [Attacker] Label flip: 15 samples class 4 \u2192 class 0
[2026-07-19 13:48:13,627] 39 root - INFO - [Attacker] Label flip: 15 samples class 4 \u2192 class 0
[2026-07-19 13:48:13,635] 39 root - INFO - [Attacker] Label flip: 9 samples class 4 \u2192 class 0
[2026-07-19 13:48:13,643] 39 root - INFO - [Attacker] Label flip: 18 samples class 4 \u2192 class 0
[2026-07-19 13:48:13,651] 39 root - INFO - [Attacker] Label flip: 15 samples class 4 \u2192 class 0
[2026-07-19 13:48:13,658] 39 root - INFO - [Attacker] Label flip: 7 samples class 4 \u2192 class 0
[2026-07-19 13:48:13,666] 39 root - INFO - [Attacker] Label flip: 8 samples class 4 \u2192 class 0
[2026-07-19 13:48:13,675] 39 root - INFO - [Attacker] Label flip: 10 samples class 4 \u2192 class 0
[2026-07-19 13:48:13,683] 39 root - INFO - [Attacker] Label flip: 17 samples class 4 \u2192 class 0
[2026-07-19 13:48:13,690] 39 root - INFO - [Attacker] Label flip: 12 samples class 4 \u2192 class 0
[2026-07-19 13:48:13,698] 39 root - INFO - [Attacker] Label flip: 12 samples class 4 \u2192 class 0
[2026-07-19 13:48:13,708] 39 root - INFO - [Attacker] Label flip: 12 samples class 4 \u2192 class 0
[2026-07-19 13:48:13,716] 39 root - INFO - [Attacker] Label flip: 13 samples class 4 \u2192 class 0
[2026-07-19 13:48:13,724] 39 root - INFO - [Attacker] Label flip: 8 samples class 4 \u2192 class 0
[2026-07-19 13:48:13,733] 39 root - INFO - [Attacker] Label flip: 15 samples class 4 \u2192 class 0
[2026-07-19 13:48:13,741] 39 root - INFO - [Attacker] Label flip: 17 samples class 4 \u2192 class 0
[2026-07-19 13:48:13,750] 39 root - INFO - [Attacker] Label flip: 9 samples class 4 \u2192 class 0
[2026-07-19 13:48:13,758] 39 root - INFO - [Attacker] Label flip: 15 samples class 4 \u2192 class 0
[2026-07-19 13:48:13,766] 39 root - INFO - [Attacker] Label flip: 12 samples class 4 \u2192 class 0
[2026-07-19 13:48:13,775] 39 root - INFO - [Attacker] Label flip: 12 samples class 4 \u2192 class 0
[2026-07-19 13:48:13,784] 39 root - INFO - [Attacker] Label flip: 13 samples class 4 \u2192 class 0
[2026-07-19 13:48:13,792] 39 root - INFO - [Attacker] Label flip: 15 samples class 4 \u2192 class 0
[2026-07-19 13:48:13,800] 39 root - INFO - [Attacker] Label flip: 14 samples class 4 \u2192 class 0
[2026-07-19 13:48:13,810] 39 root - INFO - [Attacker] Label flip: 15 samples class 4 \u2192 class 0
[2026-07-19 13:48:13,821] 39 root - INFO - [Attacker] Label flip: 15 samples class 4 \u2192 class 0
[2026-07-19 13:48:13,828] 39 root - INFO - [Attacker] Label flip: 9 samples class 4 \u2192 class 0
[2026-07-19 13:48:13,836] 39 root - INFO - [Attacker] Label flip: 13 samples class 4 \u2192 class 0
[2026-07-19 13:48:13,844] 39 root - INFO - [Attacker] Label flip: 12 samples class 4 \u2192 class 0
[2026-07-19 13:48:13,854] 39 root - INFO - [Attacker] Label flip: 18 samples class 4 \u2192 class 0
[2026-07-19 13:48:13,861] 39 root - INFO - [Attacker] Label flip: 11 samples class 4 \u2192 class 0
[2026-07-19 13:48:13,869] 39 root - INFO - [Attacker] Label flip: 11 samples class 4 \u2192 class 0
[2026-07-19 13:48:13,878] 39 root - INFO - [Attacker] Label flip: 12 samples class 4 \u2192 class 0
[2026-07-19 13:48:13,885] 39 root - INFO - [Attacker] Label flip: 12 samples class 4 \u2192 class 0
[2026-07-19 13:48:13,893] 39 root - INFO - [Attacker] Label flip: 17 samples class 4 \u2192 class 0
[2026-07-19 13:48:13,901] 39 root - INFO - [Attacker] Label flip: 11 samples class 4 \u2192 class 0
[2026-07-19 13:48:13,911] 39 root - INFO - [Attacker] Label flip: 14 samples class 4 \u2192 class 0
[2026-07-19 13:48:13,920] 39 root - INFO - [Attacker] Label flip: 8 samples class 4 \u2192 class 0
[2026-07-19 13:48:13,928] 39 root - INFO - [Attacker] Label flip: 21 samples class 4 \u2192 class 0
[2026-07-19 13:48:13,934] 39 root - INFO - [Attacker] Label flip: 13 samples class 4 \u2192 class 0
[2026-07-19 13:48:13,942] 39 root - INFO - [Attacker] Label flip: 11 samples class 4 \u2192 class 0
[2026-07-19 13:48:13,950] 39 root - INFO - [Attacker] Label flip: 14 samples class 4 \u2192 class 0
[2026-07-19 13:48:13,957] 39 root - INFO - [Attacker] Label flip: 13 samples class 4 \u2192 class 0
[2026-07-19 13:48:13,965] 39 root - INFO - [Attacker] Label flip: 10 samples class 4 \u2192 class 0
[2026-07-19 13:48:13,975] 39 root - INFO - [Attacker] Label flip: 14 samples class 4 \u2192 class 0
[2026-07-19 13:48:13,981] 39 root - INFO - [Attacker] Label flip: 12 samples class 4 \u2192 class 0
[2026-07-19 13:48:13,992] 39 root - INFO - [Attacker] Label flip: 16 samples class 4 \u2192 class 0
[2026-07-19 13:48:13,998] 39 root - INFO - [Attacker] Label flip: 15 samples class 4 \u2192 class 0
[2026-07-19 13:48:14,005] 39 root - INFO - [Attacker] Label flip: 15 samples class 4 \u2192 class 0
[2026-07-19 13:48:14,013] 39 root - INFO - [Attacker] Label flip: 13 samples class 4 \u2192 class 0
[2026-07-19 13:48:14,021] 39 root - INFO - [Attacker] Label flip: 10 samples class 4 \u2192 class 0
[2026-07-19 13:48:14,031] 39 root - INFO - [Attacker] Label flip: 9 samples class 4 \u2192 class 0
[2026-07-19 13:48:14,039] 39 root - INFO - [Attacker] Label flip: 9 samples class 4 \u2192 class 0
[2026-07-19 13:48:14,047] 39 root - INFO - [Attacker] Label flip: 20 samples class 4 \u2192 class 0
[2026-07-19 13:48:14,057] 39 root - INFO - [Attacker] Label flip: 8 samples class 4 \u2192 class 0
[2026-07-19 13:48:14,064] 39 root - INFO - [Attacker] Label flip: 17 samples class 4 \u2192 class 0
[2026-07-19 13:48:14,072] 39 root - INFO - [Attacker] Label flip: 11 samples class 4 \u2192 class 0
[2026-07-19 13:48:14,080] 39 root - INFO - [Attacker] Label flip: 16 samples class 4 \u2192 class 0
[2026-07-19 13:48:14,088] 39 root - INFO - [Attacker] Label flip: 11 samples class 4 \u2192 class 0
[2026-07-19 13:48:14,097] 39 root - INFO - [Attacker] Label flip: 10 samples class 4 \u2192 class 0
[2026-07-19 13:48:14,105] 39 root - INFO - [Attacker] Label flip: 12 samples class 4 \u2192 class 0
[2026-07-19 13:48:14,113] 39 root - INFO - [Attacker] Label flip: 13 samples class 4 \u2192 class 0
[2026-07-19 13:48:14,121] 39 root - INFO - [Attacker] Label flip: 9 samples class 4 \u2192 class 0
[2026-07-19 13:48:14,131] 39 root - INFO - [Attacker] Label flip: 10 samples class 4 \u2192 class 0
[2026-07-19 13:48:14,139] 39 root - INFO - [Attacker] Label flip: 12 samples class 4 \u2192 class 0
[2026-07-19 13:48:14,148] 39 root - INFO - [Attacker] Label flip: 11 samples class 4 \u2192 class 0
[2026-07-19 13:48:14,156] 39 root - INFO - [Attacker] Label flip: 9 samples class 4 \u2192 class 0
[2026-07-19 13:48:14,164] 39 root - INFO - [Attacker] Label flip: 18 samples class 4 \u2192 class 0
[2026-07-19 13:48:14,171] 39 root - INFO - [Attacker] Label flip: 11 samples class 4 \u2192 class 0
[2026-07-19 13:48:14,179] 39 root - INFO - [Attacker] Label flip: 13 samples class 4 \u2192 class 0
[2026-07-19 13:48:14,187] 39 root - INFO - [Attacker] Label flip: 11 samples class 4 \u2192 class 0
[2026-07-19 13:48:14,195] 39 root - INFO - [Attacker] Label flip: 10 samples class 4 \u2192 class 0
[2026-07-19 13:48:14,203] 39 root - INFO - [Attacker] Label flip: 11 samples class 4 \u2192 class 0
[2026-07-19 13:48:14,211] 39 root - INFO - [Attacker] Label flip: 12 samples class 4 \u2192 class 0
[2026-07-19 13:48:14,217] 39 root - INFO - [Attacker] Label flip: 18 samples class 4 \u2192 class 0
[2026-07-19 13:48:14,225] 39 root - INFO - [Attacker] Label flip: 12 samples class 4 \u2192 class 0
[2026-07-19 13:48:14,233] 39 root - INFO - [Attacker] Label flip: 16 samples class 4 \u2192 class 0
[2026-07-19 13:48:14,241] 39 root - INFO - [Attacker] Label flip: 16 samples class 4 \u2192 class 0
[2026-07-19 13:48:14,249] 39 root - INFO - [Attacker] Label flip: 11 samples class 4 \u2192 class 0
[2026-07-19 13:48:14,261] 39 root - INFO - [Attacker] Label flip: 9 samples class 4 \u2192 class 0
[2026-07-19 13:48:14,269] 39 root - INFO - [Attacker] Label flip: 16 samples class 4 \u2192 class 0
[2026-07-19 13:48:14,276] 39 root - INFO - [Attacker] Label flip: 14 samples class 4 \u2192 class 0
[2026-07-19 13:48:14,283] 39 root - INFO - [Attacker] Label flip: 11 samples class 4 \u2192 class 0
[2026-07-19 13:48:14,291] 39 root - INFO - [Attacker] Label flip: 8 samples class 4 \u2192 class 0
[2026-07-19 13:48:14,301] 39 root - INFO - [Attacker] Label flip: 10 samples class 4 \u2192 class 0
[2026-07-19 13:48:14,309] 268 flwr - WARNING - DEPRECATED FEATURE: `client_fn` now expects a signature `def client_fn(context: Context)`.The provided `client_fn` has signature: {'cid': <Parameter "cid: str">}. You can import the `Context` like this: `from flwr.common import Context`

            This is a deprecated feature. It will be removed
            entirely in future versions of Flower.
        
[2026-07-19 13:48:14,311] 39 root - INFO - [Attacker] Label flip: 15 samples class 4 \u2192 class 0
[2026-07-19 13:48:14,322] 39 root - INFO - [Attacker] Label flip: 5 samples class 4 \u2192 class 0
[2026-07-19 13:48:14,331] 39 root - INFO - [Attacker] Label flip: 11 samples class 4 \u2192 class 0
[2026-07-19 13:48:14,337] 39 root - INFO - [Attacker] Label flip: 18 samples class 4 \u2192 class 0
[2026-07-19 13:48:14,346] 39 root - INFO - [Attacker] Label flip: 18 samples class 4 \u2192 class 0
[2026-07-19 13:48:14,352] 39 root - INFO - [Attacker] Label flip: 14 samples class 4 \u2192 class 0
[2026-07-19 13:48:14,359] 39 root - INFO - [Attacker] Label flip: 8 samples class 4 \u2192 class 0
[2026-07-19 13:48:14,367] 39 root - INFO - [Attacker] Label flip: 23 samples class 4 \u2192 class 0
[2026-07-19 13:48:14,377] 39 root - INFO - [Attacker] Label flip: 17 samples class 4 \u2192 class 0
[2026-07-19 13:48:14,385] 39 root - INFO - [Attacker] Label flip: 17 samples class 4 \u2192 class 0
[2026-07-19 13:48:14,392] 39 root - INFO - [Attacker] Label flip: 12 samples class 4 \u2192 class 0
[2026-07-19 13:48:14,400] 39 root - INFO - [Attacker] Label flip: 12 samples class 4 \u2192 class 0
[2026-07-19 13:48:14,408] 39 root - INFO - [Attacker] Label flip: 10 samples class 4 \u2192 class 0
[2026-07-19 13:48:14,416] 39 root - INFO - [Attacker] Label flip: 14 samples class 4 \u2192 class 0
[2026-07-19 13:48:14,423] 39 root - INFO - [Attacker] Label flip: 3 samples class 4 \u2192 class 0
[2026-07-19 13:48:14,434] 39 root - INFO - [Attacker] Label flip: 14 samples class 4 \u2192 class 0
[2026-07-19 13:48:14,441] 39 root - INFO - [Attacker] Label flip: 13 samples class 4 \u2192 class 0
[2026-07-19 13:48:14,449] 39 root - INFO - [Attacker] Label flip: 16 samples class 4 \u2192 class 0
[2026-07-19 13:48:14,457] 39 root - INFO - [Attacker] Label flip: 23 samples class 4 \u2192 class 0
[2026-07-19 13:48:14,465] 39 root - INFO - [Attacker] Label flip: 16 samples class 4 \u2192 class 0
[2026-07-19 13:48:14,475] 39 root - INFO - [Attacker] Label flip: 11 samples class 4 \u2192 class 0
[2026-07-19 13:48:14,484] 39 root - INFO - [Attacker] Label flip: 14 samples class 4 \u2192 class 0
[2026-07-19 13:48:14,491] 39 root - INFO - [Attacker] Label flip: 18 samples class 4 \u2192 class 0
[2026-07-19 13:48:14,499] 39 root - INFO - [Attacker] Label flip: 11 samples class 4 \u2192 class 0
[2026-07-19 13:48:14,518] 39 root - INFO - [Attacker] Label flip: 11 samples class 4 \u2192 class 0
[2026-07-19 13:48:14,524] 39 root - INFO - [Attacker] Label flip: 12 samples class 4 \u2192 class 0
[2026-07-19 13:48:14,532] 39 root - INFO - [Attacker] Label flip: 10 samples class 4 \u2192 class 0
[2026-07-19 13:48:14,546] 39 root - INFO - [Attacker] Label flip: 12 samples class 4 \u2192 class 0
[2026-07-19 13:48:14,559] 39 root - INFO - [Attacker] Label flip: 8 samples class 4 \u2192 class 0
[2026-07-19 13:48:14,567] 39 root - INFO - [Attacker] Label flip: 9 samples class 4 \u2192 class 0
[2026-07-19 13:48:14,575] 39 root - INFO - [Attacker] Label flip: 14 samples class 4 \u2192 class 0
[2026-07-19 13:48:14,583] 39 root - INFO - [Attacker] Label flip: 9 samples class 4 \u2192 class 0
[2026-07-19 13:48:14,591] 39 root - INFO - [Attacker] Label flip: 18 samples class 4 \u2192 class 0
[2026-07-19 13:48:14,599] 39 root - INFO - [Attacker] Label flip: 15 samples class 4 \u2192 class 0
[2026-07-19 13:48:14,607] 39 root - INFO - [Attacker] Label flip: 14 samples class 4 \u2192 class 0
[2026-07-19 13:48:14,616] 39 root - INFO - [Attacker] Label flip: 9 samples class 4 \u2192 class 0
[2026-07-19 13:48:14,624] 39 root - INFO - [Attacker] Label flip: 8 samples class 4 \u2192 class 0
[2026-07-19 13:48:14,632] 39 root - INFO - [Attacker] Label flip: 14 samples class 4 \u2192 class 0
[2026-07-19 13:48:14,640] 39 root - INFO - [Attacker] Label flip: 14 samples class 4 \u2192 class 0
[2026-07-19 13:48:14,649] 39 root - INFO - [Attacker] Label flip: 8 samples class 4 \u2192 class 0
[2026-07-19 13:48:14,659] 39 root - INFO - [Attacker] Label flip: 6 samples class 4 \u2192 class 0
[2026-07-19 13:48:14,667] 39 root - INFO - [Attacker] Label flip: 10 samples class 4 \u2192 class 0
[2026-07-19 13:48:14,673] 39 root - INFO - [Attacker] Label flip: 23 samples class 4 \u2192 class 0
[2026-07-19 13:48:14,681] 39 root - INFO - [Attacker] Label flip: 12 samples class 4 \u2192 class 0
[2026-07-19 13:48:14,693] 39 root - INFO - [Attacker] Label flip: 12 samples class 4 \u2192 class 0
[2026-07-19 13:48:14,701] 39 root - INFO - [Attacker] Label flip: 11 samples class 4 \u2192 class 0
[2026-07-19 13:48:14,708] 39 root - INFO - [Attacker] Label flip: 10 samples class 4 \u2192 class 0
[2026-07-19 13:48:14,716] 39 root - INFO - [Attacker] Label flip: 11 samples class 4 \u2192 class 0
[2026-07-19 13:48:14,725] 39 root - INFO - [Attacker] Label flip: 15 samples class 4 \u2192 class 0
[2026-07-19 13:48:14,733] 39 root - INFO - [Attacker] Label flip: 10 samples class 4 \u2192 class 0
[2026-07-19 13:48:14,741] 39 root - INFO - [Attacker] Label flip: 9 samples class 4 \u2192 class 0
[2026-07-19 13:48:14,749] 39 root - INFO - [Attacker] Label flip: 7 samples class 4 \u2192 class 0
[2026-07-19 13:48:14,759] 39 root - INFO - [Attacker] Label flip: 14 samples class 4 \u2192 class 0
[2026-07-19 13:48:14,767] 39 root - INFO - [Attacker] Label flip: 11 samples class 4 \u2192 class 0
[2026-07-19 13:48:14,775] 39 root - INFO - [Attacker] Label flip: 13 samples class 4 \u2192 class 0
[2026-07-19 13:48:14,781] 39 root - INFO - [Attacker] Label flip: 12 samples class 4 \u2192 class 0
[2026-07-19 13:48:14,790] 39 root - INFO - [Attacker] Label flip: 14 samples class 4 \u2192 class 0
[2026-07-19 13:48:14,798] 39 root - INFO - [Attacker] Label flip: 11 samples class 4 \u2192 class 0
[2026-07-19 13:48:14,805] 39 root - INFO - [Attacker] Label flip: 15 samples class 4 \u2192 class 0
[2026-07-19 13:48:14,813] 39 root - INFO - [Attacker] Label flip: 12 samples class 4 \u2192 class 0
[2026-07-19 13:48:14,821] 39 root - INFO - [Attacker] Label flip: 17 samples class 4 \u2192 class 0
[2026-07-19 13:48:14,829] 39 root - INFO - [Attacker] Label flip: 11 samples class 4 \u2192 class 0
[2026-07-19 13:48:14,837] 39 root - INFO - [Attacker] Label flip: 16 samples class 4 \u2192 class 0
[2026-07-19 13:48:14,845] 39 root - INFO - [Attacker] Label flip: 16 samples class 4 \u2192 class 0
[2026-07-19 13:48:14,852] 39 root - INFO - [Attacker] Label flip: 12 samples class 4 \u2192 class 0
[2026-07-19 13:48:14,862] 39 root - INFO - [Attacker] Label flip: 17 samples class 4 \u2192 class 0
[2026-07-19 13:48:14,871] 39 root - INFO - [Attacker] Label flip: 11 samples class 4 \u2192 class 0
[2026-07-19 13:48:14,877] 39 root - INFO - [Attacker] Label flip: 7 samples class 4 \u2192 class 0
[2026-07-19 13:48:14,885] 39 root - INFO - [Attacker] Label flip: 12 samples class 4 \u2192 class 0
[2026-07-19 13:48:14,894] 39 root - INFO - [Attacker] Label flip: 13 samples class 4 \u2192 class 0
[2026-07-19 13:48:14,901] 39 root - INFO - [Attacker] Label flip: 14 samples class 4 \u2192 class 0
[2026-07-19 13:48:14,909] 39 root - INFO - [Attacker] Label flip: 12 samples class 4 \u2192 class 0
[2026-07-19 13:48:14,917] 39 root - INFO - [Attacker] Label flip: 14 samples class 4 \u2192 class 0
[2026-07-19 13:48:14,926] 39 root - INFO - [Attacker] Label flip: 12 samples class 4 \u2192 class 0
[2026-07-19 13:48:14,934] 39 root - INFO - [Attacker] Label flip: 13 samples class 4 \u2192 class 0
[2026-07-19 13:48:14,942] 39 root - INFO - [Attacker] Label flip: 9 samples class 4 \u2192 class 0
[2026-07-19 13:48:14,950] 39 root - INFO - [Attacker] Label flip: 16 samples class 4 \u2192 class 0
[2026-07-19 13:48:14,958] 39 root - INFO - [Attacker] Label flip: 12 samples class 4 \u2192 class 0
[2026-07-19 13:48:14,966] 39 root - INFO - [Attacker] Label flip: 10 samples class 4 \u2192 class 0
[2026-07-19 13:48:15,035] 39 root - INFO - [Attacker] Label flip: 8 samples class 4 \u2192 class 0
[2026-07-19 13:48:15,043] 39 root - INFO - [Attacker] Label flip: 12 samples class 4 \u2192 class 0
[2026-07-19 13:48:15,051] 39 root - INFO - [Attacker] Label flip: 12 samples class 4 \u2192 class 0
[2026-07-19 13:48:15,080] 39 root - INFO - [Attacker] Label flip: 17 samples class 4 \u2192 class 0
[2026-07-19 13:48:15,087] 39 root - INFO - [Attacker] Label flip: 11 samples class 4 \u2192 class 0
[2026-07-19 13:48:15,095] 39 root - INFO - [Attacker] Label flip: 12 samples class 4 \u2192 class 0
[2026-07-19 13:48:15,105] 39 root - INFO - [Attacker] Label flip: 12 samples class 4 \u2192 class 0
[2026-07-19 13:48:15,116] 39 root - INFO - [Attacker] Label flip: 7 samples class 4 \u2192 class 0
[2026-07-19 13:48:15,123] 39 root - INFO - [Attacker] Label flip: 10 samples class 4 \u2192 class 0
[2026-07-19 13:48:15,132] 39 root - INFO - [Attacker] Label flip: 12 samples class 4 \u2192 class 0
[2026-07-19 13:48:15,139] 39 root - INFO - [Attacker] Label flip: 8 samples class 4 \u2192 class 0
[2026-07-19 13:48:15,147] 39 root - INFO - [Attacker] Label flip: 12 samples class 4 \u2192 class 0
[2026-07-19 13:48:15,157] 39 root - INFO - [Attacker] Label flip: 16 samples class 4 \u2192 class 0
[2026-07-19 13:48:15,163] 39 root - INFO - [Attacker] Label flip: 11 samples class 4 \u2192 class 0
[2026-07-19 13:48:15,172] 39 root - INFO - [Attacker] Label flip: 14 samples class 4 \u2192 class 0
[2026-07-19 13:48:15,180] 39 root - INFO - [Attacker] Label flip: 10 samples class 4 \u2192 class 0
[2026-07-19 13:48:15,188] 39 root - INFO - [Attacker] Label flip: 8 samples class 4 \u2192 class 0
[2026-07-19 13:48:15,196] 39 root - INFO - [Attacker] Label flip: 10 samples class 4 \u2192 class 0
[2026-07-19 13:48:15,204] 39 root - INFO - [Attacker] Label flip: 13 samples class 4 \u2192 class 0
[2026-07-19 13:48:15,212] 39 root - INFO - [Attacker] Label flip: 14 samples class 4 \u2192 class 0
[2026-07-19 13:48:15,220] 39 root - INFO - [Attacker] Label flip: 11 samples class 4 \u2192 class 0
[2026-07-19 13:48:15,229] 39 root - INFO - [Attacker] Label flip: 18 samples class 4 \u2192 class 0
[2026-07-19 13:48:15,236] 39 root - INFO - [Attacker] Label flip: 9 samples class 4 \u2192 class 0
[2026-07-19 13:48:15,244] 39 root - INFO - [Attacker] Label flip: 9 samples class 4 \u2192 class 0
[2026-07-19 13:48:15,252] 39 root - INFO - [Attacker] Label flip: 11 samples class 4 \u2192 class 0
[2026-07-19 13:48:15,260] 39 root - INFO - [Attacker] Label flip: 7 samples class 4 \u2192 class 0
[2026-07-19 13:48:15,267] 39 root - INFO - [Attacker] Label flip: 7 samples class 4 \u2192 class 0
[2026-07-19 13:48:15,277] 39 root - INFO - [Attacker] Label flip: 20 samples class 4 \u2192 class 0
[2026-07-19 13:48:15,285] 39 root - INFO - [Attacker] Label flip: 13 samples class 4 \u2192 class 0
[2026-07-19 13:48:15,293] 39 root - INFO - [Attacker] Label flip: 15 samples class 4 \u2192 class 0
[2026-07-19 13:48:15,300] 39 root - INFO - [Attacker] Label flip: 6 samples class 4 \u2192 class 0
[2026-07-19 13:48:15,308] 39 root - INFO - [Attacker] Label flip: 10 samples class 4 \u2192 class 0
[2026-07-19 13:48:15,317] 39 root - INFO - [Attacker] Label flip: 9 samples class 4 \u2192 class 0
[2026-07-19 13:48:15,323] 39 root - INFO - [Attacker] Label flip: 19 samples class 4 \u2192 class 0
[2026-07-19 13:48:15,332] 39 root - INFO - [Attacker] Label flip: 9 samples class 4 \u2192 class 0
[2026-07-19 13:48:15,339] 39 root - INFO - [Attacker] Label flip: 10 samples class 4 \u2192 class 0
[2026-07-19 13:48:15,348] 39 root - INFO - [Attacker] Label flip: 12 samples class 4 \u2192 class 0
[2026-07-19 13:48:15,357] 39 root - INFO - [Attacker] Label flip: 14 samples class 4 \u2192 class 0
[2026-07-19 13:48:15,363] 39 root - INFO - [Attacker] Label flip: 12 samples class 4 \u2192 class 0
[2026-07-19 13:48:15,373] 39 root - INFO - [Attacker] Label flip: 14 samples class 4 \u2192 class 0
[2026-07-19 13:48:15,381] 39 root - INFO - [Attacker] Label flip: 13 samples class 4 \u2192 class 0
[2026-07-19 13:48:15,389] 39 root - INFO - [Attacker] Label flip: 14 samples class 4 \u2192 class 0
[2026-07-19 13:48:15,397] 39 root - INFO - [Attacker] Label flip: 11 samples class 4 \u2192 class 0
[2026-07-19 13:48:15,405] 39 root - INFO - [Attacker] Label flip: 18 samples class 4 \u2192 class 0
[2026-07-19 13:48:15,415] 39 root - INFO - [Attacker] Label flip: 7 samples class 4 \u2192 class 0
[2026-07-19 13:48:15,423] 39 root - INFO - [Attacker] Label flip: 12 samples class 4 \u2192 class 0
[2026-07-19 13:48:15,431] 39 root - INFO - [Attacker] Label flip: 10 samples class 4 \u2192 class 0
[2026-07-19 13:48:15,438] 39 root - INFO - [Attacker] Label flip: 16 samples class 4 \u2192 class 0
[2026-07-19 13:48:15,448] 39 root - INFO - [Attacker] Label flip: 17 samples class 4 \u2192 class 0
[2026-07-19 13:48:15,458] 39 root - INFO - [Attacker] Label flip: 15 samples class 4 \u2192 class 0
[2026-07-19 13:48:15,466] 39 root - INFO - [Attacker] Label flip: 9 samples class 4 \u2192 class 0
[2026-07-19 13:48:15,473] 39 root - INFO - [Attacker] Label flip: 17 samples class 4 \u2192 class 0
[2026-07-19 13:48:15,481] 39 root - INFO - [Attacker] Label flip: 14 samples class 4 \u2192 class 0
[2026-07-19 13:48:15,489] 39 root - INFO - [Attacker] Label flip: 17 samples class 4 \u2192 class 0
[2026-07-19 13:48:15,497] 39 root - INFO - [Attacker] Label flip: 10 samples class 4 \u2192 class 0
[2026-07-19 13:48:15,505] 39 root - INFO - [Attacker] Label flip: 16 samples class 4 \u2192 class 0
[2026-07-19 13:48:15,516] 39 root - INFO - [Attacker] Label flip: 12 samples class 4 \u2192 class 0
[2026-07-19 13:48:15,525] 39 root - INFO - [Attacker] Label flip: 10 samples class 4 \u2192 class 0
[2026-07-19 13:48:15,532] 39 root - INFO - [Attacker] Label flip: 8 samples class 4 \u2192 class 0
[2026-07-19 13:48:15,540] 39 root - INFO - [Attacker] Label flip: 14 samples class 4 \u2192 class 0
[2026-07-19 13:48:15,547] 39 root - INFO - [Attacker] Label flip: 9 samples class 4 \u2192 class 0
[2026-07-19 13:48:15,743] 39 root - INFO - [Attacker] Label flip: 7 samples class 4 \u2192 class 0
[2026-07-19 13:48:15,751] 39 root - INFO - [Attacker] Label flip: 13 samples class 4 \u2192 class 0
[2026-07-19 13:48:15,759] 39 root - INFO - [Attacker] Label flip: 9 samples class 4 \u2192 class 0
[2026-07-19 13:48:15,767] 39 root - INFO - [Attacker] Label flip: 14 samples class 4 \u2192 class 0
[2026-07-19 13:48:15,775] 39 root - INFO - [Attacker] Label flip: 14 samples class 4 \u2192 class 0
[2026-07-19 13:48:15,785] 39 root - INFO - [Attacker] Label flip: 10 samples class 4 \u2192 class 0
[2026-07-19 13:48:15,793] 39 root - INFO - [Attacker] Label flip: 15 samples class 4 \u2192 class 0
[2026-07-19 13:48:15,801] 39 root - INFO - [Attacker] Label flip: 13 samples class 4 \u2192 class 0
[2026-07-19 13:48:15,807] 39 root - INFO - [Attacker] Label flip: 14 samples class 4 \u2192 class 0
[2026-07-19 13:48:15,816] 39 root - INFO - [Attacker] Label flip: 6 samples class 4 \u2192 class 0
[2026-07-19 13:48:15,824] 39 root - INFO - [Attacker] Label flip: 18 samples class 4 \u2192 class 0
[2026-07-19 13:48:15,832] 39 root - INFO - [Attacker] Label flip: 16 samples class 4 \u2192 class 0
[2026-07-19 13:48:15,838] 39 root - INFO - [Attacker] Label flip: 9 samples class 4 \u2192 class 0
[2026-07-19 13:48:15,848] 39 root - INFO - [Attacker] Label flip: 11 samples class 4 \u2192 class 0
[2026-07-19 13:48:15,856] 39 root - INFO - [Attacker] Label flip: 14 samples class 4 \u2192 class 0
[2026-07-19 13:48:15,863] 39 root - INFO - [Attacker] Label flip: 12 samples class 4 \u2192 class 0
[2026-07-19 13:48:15,871] 39 root - INFO - [Attacker] Label flip: 12 samples class 4 \u2192 class 0
[2026-07-19 13:48:15,878] 39 root - INFO - [Attacker] Label flip: 17 samples class 4 \u2192 class 0
[2026-07-19 13:48:15,886] 39 root - INFO - [Attacker] Label flip: 20 samples class 4 \u2192 class 0
[2026-07-19 13:48:15,894] 39 root - INFO - [Attacker] Label flip: 11 samples class 4 \u2192 class 0
[2026-07-19 13:48:15,902] 39 root - INFO - [Attacker] Label flip: 11 samples class 4 \u2192 class 0
[2026-07-19 13:48:15,912] 39 root - INFO - [Attacker] Label flip: 21 samples class 4 \u2192 class 0
[2026-07-19 13:48:15,920] 39 root - INFO - [Attacker] Label flip: 14 samples class 4 \u2192 class 0
[2026-07-19 13:48:15,928] 39 root - INFO - [Attacker] Label flip: 7 samples class 4 \u2192 class 0
[2026-07-19 13:48:15,936] 39 root - INFO - [Attacker] Label flip: 13 samples class 4 \u2192 class 0
[2026-07-19 13:48:15,945] 39 root - INFO - [Attacker] Label flip: 14 samples class 4 \u2192 class 0
[2026-07-19 13:48:15,952] 39 root - INFO - [Attacker] Label flip: 18 samples class 4 \u2192 class 0
[2026-07-19 13:48:15,960] 39 root - INFO - [Attacker] Label flip: 11 samples class 4 \u2192 class 0
[2026-07-19 13:48:15,967] 39 root - INFO - [Attacker] Label flip: 9 samples class 4 \u2192 class 0
[2026-07-19 13:48:15,975] 39 root - INFO - [Attacker] Label flip: 10 samples class 4 \u2192 class 0
[2026-07-19 13:48:15,983] 39 root - INFO - [Attacker] Label flip: 13 samples class 4 \u2192 class 0
[2026-07-19 13:48:15,991] 39 root - INFO - [Attacker] Label flip: 11 samples class 4 \u2192 class 0
[2026-07-19 13:48:15,999] 39 root - INFO - [Attacker] Label flip: 11 samples class 4 \u2192 class 0
[2026-07-19 13:48:16,007] 39 root - INFO - [Attacker] Label flip: 8 samples class 4 \u2192 class 0
[2026-07-19 13:48:16,015] 39 root - INFO - [Attacker] Label flip: 19 samples class 4 \u2192 class 0
[2026-07-19 13:48:16,023] 39 root - INFO - [Attacker] Label flip: 13 samples class 4 \u2192 class 0
[2026-07-19 13:48:16,031] 39 root - INFO - [Attacker] Label flip: 13 samples class 4 \u2192 class 0
[2026-07-19 13:48:16,039] 39 root - INFO - [Attacker] Label flip: 13 samples class 4 \u2192 class 0
[2026-07-19 13:48:16,048] 39 root - INFO - [Attacker] Label flip: 15 samples class 4 \u2192 class 0
[2026-07-19 13:48:16,057] 39 root - INFO - [Attacker] Label flip: 12 samples class 4 \u2192 class 0
[2026-07-19 13:48:16,064] 39 root - INFO - [Attacker] Label flip: 11 samples class 4 \u2192 class 0
[2026-07-19 13:48:16,072] 39 root - INFO - [Attacker] Label flip: 9 samples class 4 \u2192 class 0
[2026-07-19 13:48:16,082] 39 root - INFO - [Attacker] Label flip: 11 samples class 4 \u2192 class 0
[2026-07-19 13:48:16,090] 39 root - INFO - [Attacker] Label flip: 10 samples class 4 \u2192 class 0
[2026-07-19 13:48:16,096] 39 root - INFO - [Attacker] Label flip: 13 samples class 4 \u2192 class 0
[2026-07-19 13:48:16,104] 39 root - INFO - [Attacker] Label flip: 8 samples class 4 \u2192 class 0
[2026-07-19 13:48:16,114] 39 root - INFO - [Attacker] Label flip: 12 samples class 4 \u2192 class 0
[2026-07-19 13:48:16,122] 39 root - INFO - [Attacker] Label flip: 19 samples class 4 \u2192 class 0
[2026-07-19 13:48:16,130] 39 root - INFO - [Attacker] Label flip: 12 samples class 4 \u2192 class 0
[2026-07-19 13:48:16,136] 39 root - INFO - [Attacker] Label flip: 10 samples class 4 \u2192 class 0
[2026-07-19 13:48:16,146] 39 root - INFO - [Attacker] Label flip: 9 samples class 4 \u2192 class 0
[2026-07-19 13:48:16,154] 39 root - INFO - [Attacker] Label flip: 10 samples class 4 \u2192 class 0
[2026-07-19 13:48:16,161] 39 root - INFO - [Attacker] Label flip: 19 samples class 4 \u2192 class 0
[2026-07-19 13:48:16,169] 39 root - INFO - [Attacker] Label flip: 7 samples class 4 \u2192 class 0
[2026-07-19 13:48:16,177] 39 root - INFO - [Attacker] Label flip: 11 samples class 4 \u2192 class 0
[2026-07-19 13:48:16,185] 39 root - INFO - [Attacker] Label flip: 13 samples class 4 \u2192 class 0
[2026-07-19 13:48:16,193] 39 root - INFO - [Attacker] Label flip: 11 samples class 4 \u2192 class 0
[2026-07-19 13:48:16,199] 39 root - INFO - [Attacker] Label flip: 13 samples class 4 \u2192 class 0
[2026-07-19 13:48:16,208] 39 root - INFO - [Attacker] Label flip: 11 samples class 4 \u2192 class 0
[2026-07-19 13:48:16,216] 39 root - INFO - [Attacker] Label flip: 25 samples class 4 \u2192 class 0
[2026-07-19 13:48:16,223] 39 root - INFO - [Attacker] Label flip: 12 samples class 4 \u2192 class 0
[2026-07-19 13:48:16,231] 39 root - INFO - [Attacker] Label flip: 8 samples class 4 \u2192 class 0
[2026-07-19 13:48:16,239] 39 root - INFO - [Attacker] Label flip: 12 samples class 4 \u2192 class 0
[2026-07-19 13:48:16,249] 39 root - INFO - [Attacker] Label flip: 16 samples class 4 \u2192 class 0
[2026-07-19 13:48:16,257] 39 root - INFO - [Attacker] Label flip: 15 samples class 4 \u2192 class 0
[2026-07-19 13:48:16,265] 39 root - INFO - [Attacker] Label flip: 10 samples class 4 \u2192 class 0
[2026-07-19 13:48:16,272] 39 root - INFO - [Attacker] Label flip: 8 samples class 4 \u2192 class 0
[2026-07-19 13:48:16,282] 39 root - INFO - [Attacker] Label flip: 15 samples class 4 \u2192 class 0
[2026-07-19 13:48:16,290] 39 root - INFO - [Attacker] Label flip: 9 samples class 4 \u2192 class 0
[2026-07-19 13:48:16,296] 39 root - INFO - [Attacker] Label flip: 14 samples class 4 \u2192 class 0
[2026-07-19 13:48:16,304] 39 root - INFO - [Attacker] Label flip: 10 samples class 4 \u2192 class 0
[2026-07-19 13:48:16,312] 39 root - INFO - [Attacker] Label flip: 15 samples class 4 \u2192 class 0
[2026-07-19 13:48:16,320] 39 root - INFO - [Attacker] Label flip: 10 samples class 4 \u2192 class 0
[2026-07-19 13:48:16,328] 39 root - INFO - [Attacker] Label flip: 19 samples class 4 \u2192 class 0
[2026-07-19 13:48:16,336] 39 root - INFO - [Attacker] Label flip: 12 samples class 4 \u2192 class 0
[2026-07-19 13:48:16,344] 39 root - INFO - [Attacker] Label flip: 12 samples class 4 \u2192 class 0
[2026-07-19 13:48:16,354] 39 root - INFO - [Attacker] Label flip: 14 samples class 4 \u2192 class 0
[2026-07-19 13:48:16,360] 39 root - INFO - [Attacker] Label flip: 15 samples class 4 \u2192 class 0
[2026-07-19 13:48:16,367] 39 root - INFO - [Attacker] Label flip: 10 samples class 4 \u2192 class 0
[2026-07-19 13:48:16,375] 39 root - INFO - [Attacker] Label flip: 17 samples class 4 \u2192 class 0
[2026-07-19 13:48:16,385] 39 root - INFO - [Attacker] Label flip: 9 samples class 4 \u2192 class 0
[2026-07-19 13:48:16,392] 39 root - INFO - [Attacker] Label flip: 17 samples class 4 \u2192 class 0
[2026-07-19 13:48:16,400] 39 root - INFO - [Attacker] Label flip: 11 samples class 4 \u2192 class 0
[2026-07-19 13:48:16,410] 39 root - INFO - [Attacker] Label flip: 11 samples class 4 \u2192 class 0
[2026-07-19 13:48:16,418] 39 root - INFO - [Attacker] Label flip: 14 samples class 4 \u2192 class 0
[2026-07-19 13:48:16,426] 39 root - INFO - [Attacker] Label flip: 12 samples class 4 \u2192 class 0
[2026-07-19 13:48:16,434] 39 root - INFO - [Attacker] Label flip: 11 samples class 4 \u2192 class 0
[2026-07-19 13:48:16,443] 39 root - INFO - [Attacker] Label flip: 14 samples class 4 \u2192 class 0
[2026-07-19 13:48:16,449] 39 root - INFO - [Attacker] Label flip: 11 samples class 4 \u2192 class 0
[2026-07-19 13:48:16,459] 39 root - INFO - [Attacker] Label flip: 6 samples class 4 \u2192 class 0
[2026-07-19 13:48:16,467] 39 root - INFO - [Attacker] Label flip: 13 samples class 4 \u2192 class 0
[2026-07-19 13:48:16,475] 39 root - INFO - [Attacker] Label flip: 10 samples class 4 \u2192 class 0
[2026-07-19 13:48:16,483] 39 root - INFO - [Attacker] Label flip: 11 samples class 4 \u2192 class 0
[2026-07-19 13:48:16,491] 39 root - INFO - [Attacker] Label flip: 14 samples class 4 \u2192 class 0
[2026-07-19 13:48:16,499] 39 root - INFO - [Attacker] Label flip: 9 samples class 4 \u2192 class 0
[2026-07-19 13:48:16,506] 39 root - INFO - [Attacker] Label flip: 15 samples class 4 \u2192 class 0
[2026-07-19 13:48:16,516] 39 root - INFO - [Attacker] Label flip: 12 samples class 4 \u2192 class 0
[2026-07-19 13:48:16,524] 39 root - INFO - [Attacker] Label flip: 16 samples class 4 \u2192 class 0
[2026-07-19 13:48:16,532] 39 root - INFO - [Attacker] Label flip: 12 samples class 4 \u2192 class 0
[2026-07-19 13:48:16,540] 39 root - INFO - [Attacker] Label flip: 13 samples class 4 \u2192 class 0
[2026-07-19 13:48:16,548] 39 root - INFO - [Attacker] Label flip: 7 samples class 4 \u2192 class 0
[2026-07-19 13:48:16,554] 39 root - INFO - [Attacker] Label flip: 21 samples class 4 \u2192 class 0
[2026-07-19 13:48:16,562] 39 root - INFO - [Attacker] Label flip: 15 samples class 4 \u2192 class 0
[2026-07-19 13:48:16,570] 39 root - INFO - [Attacker] Label flip: 16 samples class 4 \u2192 class 0
[2026-07-19 13:48:16,581] 39 root - INFO - [Attacker] Label flip: 12 samples class 4 \u2192 class 0
[2026-07-19 13:48:16,587] 39 root - INFO - [Attacker] Label flip: 14 samples class 4 \u2192 class 0
[2026-07-19 13:48:16,595] 39 root - INFO - [Attacker] Label flip: 12 samples class 4 \u2192 class 0
[2026-07-19 13:48:16,603] 39 root - INFO - [Attacker] Label flip: 12 samples class 4 \u2192 class 0
[2026-07-19 13:48:16,611] 39 root - INFO - [Attacker] Label flip: 10 samples class 4 \u2192 class 0
[2026-07-19 13:48:16,619] 39 root - INFO - [Attacker] Label flip: 8 samples class 4 \u2192 class 0
[2026-07-19 13:48:16,627] 39 root - INFO - [Attacker] Label flip: 6 samples class 4 \u2192 class 0
[2026-07-19 13:48:16,635] 39 root - INFO - [Attacker] Label flip: 11 samples class 4 \u2192 class 0
[2026-07-19 13:48:16,644] 39 root - INFO - [Attacker] Label flip: 14 samples class 4 \u2192 class 0
[2026-07-19 13:48:16,652] 39 root - INFO - [Attacker] Label flip: 16 samples class 4 \u2192 class 0
[2026-07-19 13:48:16,660] 39 root - INFO - [Attacker] Label flip: 10 samples class 4 \u2192 class 0
[2026-07-19 13:48:16,666] 39 root - INFO - [Attacker] Label flip: 9 samples class 4 \u2192 class 0
[2026-07-19 13:48:16,676] 39 root - INFO - [Attacker] Label flip: 10 samples class 4 \u2192 class 0
[2026-07-19 13:48:16,682] 39 root - INFO - [Attacker] Label flip: 9 samples class 4 \u2192 class 0
[2026-07-19 13:48:16,690] 39 root - INFO - [Attacker] Label flip: 9 samples class 4 \u2192 class 0
[2026-07-19 13:48:16,698] 39 root - INFO - [Attacker] Label flip: 22 samples class 4 \u2192 class 0
[2026-07-19 13:48:16,705] 39 root - INFO - [Attacker] Label flip: 10 samples class 4 \u2192 class 0
[2026-07-19 13:48:16,715] 39 root - INFO - [Attacker] Label flip: 14 samples class 4 \u2192 class 0
[2026-07-19 13:48:16,723] 39 root - INFO - [Attacker] Label flip: 8 samples class 4 \u2192 class 0
[2026-07-19 13:48:16,731] 39 root - INFO - [Attacker] Label flip: 10 samples class 4 \u2192 class 0
[2026-07-19 13:48:16,739] 39 root - INFO - [Attacker] Label flip: 9 samples class 4 \u2192 class 0
[2026-07-19 13:48:16,747] 39 root - INFO - [Attacker] Label flip: 17 samples class 4 \u2192 class 0
[2026-07-19 13:48:16,755] 39 root - INFO - [Attacker] Label flip: 18 samples class 4 \u2192 class 0
[2026-07-19 13:48:16,763] 39 root - INFO - [Attacker] Label flip: 16 samples class 4 \u2192 class 0
[2026-07-19 13:48:16,771] 39 root - INFO - [Attacker] Label flip: 17 samples class 4 \u2192 class 0
[2026-07-19 13:48:16,779] 39 root - INFO - [Attacker] Label flip: 11 samples class 4 \u2192 class 0
[2026-07-19 13:48:16,786] 39 root - INFO - [Attacker] Label flip: 9 samples class 4 \u2192 class 0
[2026-07-19 13:48:16,795] 39 root - INFO - [Attacker] Label flip: 11 samples class 4 \u2192 class 0
[2026-07-19 13:48:16,802] 39 root - INFO - [Attacker] Label flip: 10 samples class 4 \u2192 class 0
[2026-07-19 13:48:16,812] 39 root - INFO - [Attacker] Label flip: 12 samples class 4 \u2192 class 0
[2026-07-19 13:48:16,820] 39 root - INFO - [Attacker] Label flip: 14 samples class 4 \u2192 class 0
[2026-07-19 13:48:16,828] 39 root - INFO - [Attacker] Label flip: 10 samples class 4 \u2192 class 0
[2026-07-19 13:48:16,836] 39 root - INFO - [Attacker] Label flip: 17 samples class 4 \u2192 class 0
[2026-07-19 13:48:16,844] 39 root - INFO - [Attacker] Label flip: 10 samples class 4 \u2192 class 0
[2026-07-19 13:48:16,853] 39 root - INFO - [Attacker] Label flip: 9 samples class 4 \u2192 class 0
[2026-07-19 13:48:16,859] 39 root - INFO - [Attacker] Label flip: 12 samples class 4 \u2192 class 0
[2026-07-19 13:48:16,867] 39 root - INFO - [Attacker] Label flip: 18 samples class 4 \u2192 class 0
[2026-07-19 13:48:16,877] 39 root - INFO - [Attacker] Label flip: 16 samples class 4 \u2192 class 0
[2026-07-19 13:48:16,897] 39 root - INFO - [Attacker] Label flip: 7 samples class 4 \u2192 class 0
[2026-07-19 13:48:16,905] 39 root - INFO - [Attacker] Label flip: 16 samples class 4 \u2192 class 0
[2026-07-19 13:48:16,912] 39 root - INFO - [Attacker] Label flip: 20 samples class 4 \u2192 class 0
[2026-07-19 13:48:16,936] 39 root - INFO - [Attacker] Label flip: 13 samples class 4 \u2192 class 0
[2026-07-19 13:48:16,946] 39 root - INFO - [Attacker] Label flip: 14 samples class 4 \u2192 class 0
[2026-07-19 13:48:16,953] 39 root - INFO - [Attacker] Label flip: 14 samples class 4 \u2192 class 0
[2026-07-19 13:48:16,959] 39 root - INFO - [Attacker] Label flip: 14 samples class 4 \u2192 class 0
[2026-07-19 13:48:16,969] 39 root - INFO - [Attacker] Label flip: 20 samples class 4 \u2192 class 0
[2026-07-19 13:48:16,975] 39 root - INFO - [Attacker] Label flip: 13 samples class 4 \u2192 class 0
[2026-07-19 13:48:16,985] 39 root - INFO - [Attacker] Label flip: 13 samples class 4 \u2192 class 0
[2026-07-19 13:48:16,993] 268 flwr - WARNING - DEPRECATED FEATURE: `client_fn` now expects a signature `def client_fn(context: Context)`.The provided `client_fn` has signature: {'cid': <Parameter "cid: str">}. You can import the `Context` like this: `from flwr.common import Context`

            This is a deprecated feature. It will be removed
            entirely in future versions of Flower.
        
[2026-07-19 13:48:16,993] 39 root - INFO - [Attacker] Label flip: 10 samples class 4 \u2192 class 0
[2026-07-19 13:48:17,003] 39 root - INFO - [Attacker] Label flip: 8 samples class 4 \u2192 class 0
[2026-07-19 13:48:17,009] 39 root - INFO - [Attacker] Label flip: 18 samples class 4 \u2192 class 0
[2026-07-19 13:48:17,017] 39 root - INFO - [Attacker] Label flip: 8 samples class 4 \u2192 class 0
[2026-07-19 13:48:17,025] 39 root - INFO - [Attacker] Label flip: 13 samples class 4 \u2192 class 0
[2026-07-19 13:48:17,032] 39 root - INFO - [Attacker] Label flip: 14 samples class 4 \u2192 class 0
[2026-07-19 13:48:17,040] 39 root - INFO - [Attacker] Label flip: 11 samples class 4 \u2192 class 0
[2026-07-19 13:48:17,048] 39 root - INFO - [Attacker] Label flip: 9 samples class 4 \u2192 class 0
[2026-07-19 13:48:17,054] 39 root - INFO - [Attacker] Label flip: 21 samples class 4 \u2192 class 0
[2026-07-19 13:48:17,062] 39 root - INFO - [Attacker] Label flip: 13 samples class 4 \u2192 class 0
[2026-07-19 13:48:17,073] 39 root - INFO - [Attacker] Label flip: 14 samples class 4 \u2192 class 0
[2026-07-19 13:48:17,080] 39 root - INFO - [Attacker] Label flip: 16 samples class 4 \u2192 class 0
[2026-07-19 13:48:17,088] 39 root - INFO - [Attacker] Label flip: 15 samples class 4 \u2192 class 0
[2026-07-19 13:48:17,096] 39 root - INFO - [Attacker] Label flip: 12 samples class 4 \u2192 class 0
[2026-07-19 13:48:17,104] 39 root - INFO - [Attacker] Label flip: 13 samples class 4 \u2192 class 0
[2026-07-19 13:48:17,112] 39 root - INFO - [Attacker] Label flip: 16 samples class 4 \u2192 class 0
[2026-07-19 13:48:17,120] 39 root - INFO - [Attacker] Label flip: 13 samples class 4 \u2192 class 0
[2026-07-19 13:48:17,128] 39 root - INFO - [Attacker] Label flip: 12 samples class 4 \u2192 class 0
[2026-07-19 13:48:17,136] 39 root - INFO - [Attacker] Label flip: 12 samples class 4 \u2192 class 0
[2026-07-19 13:48:17,143] 39 root - INFO - [Attacker] Label flip: 11 samples class 4 \u2192 class 0
[2026-07-19 13:48:17,151] 39 root - INFO - [Attacker] Label flip: 12 samples class 4 \u2192 class 0
[2026-07-19 13:48:17,159] 39 root - INFO - [Attacker] Label flip: 15 samples class 4 \u2192 class 0
[2026-07-19 13:48:17,169] 39 root - INFO - [Attacker] Label flip: 22 samples class 4 \u2192 class 0
[2026-07-19 13:48:17,176] 39 root - INFO - [Attacker] Label flip: 12 samples class 4 \u2192 class 0
[2026-07-19 13:48:17,185] 39 root - INFO - [Attacker] Label flip: 17 samples class 4 \u2192 class 0
[2026-07-19 13:48:17,194] 39 root - INFO - [Attacker] Label flip: 12 samples class 4 \u2192 class 0
[2026-07-19 13:48:17,202] 39 root - INFO - [Attacker] Label flip: 12 samples class 4 \u2192 class 0
[2026-07-19 13:48:17,211] 39 root - INFO - [Attacker] Label flip: 14 samples class 4 \u2192 class 0
[2026-07-19 13:48:17,221] 39 root - INFO - [Attacker] Label flip: 11 samples class 4 \u2192 class 0
[2026-07-19 13:48:17,230] 39 root - INFO - [Attacker] Label flip: 13 samples class 4 \u2192 class 0
[2026-07-19 13:48:17,240] 39 root - INFO - [Attacker] Label flip: 11 samples class 4 \u2192 class 0
[2026-07-19 13:48:17,247] 39 root - INFO - [Attacker] Label flip: 14 samples class 4 \u2192 class 0
[2026-07-19 13:48:17,255] 39 root - INFO - [Attacker] Label flip: 15 samples class 4 \u2192 class 0
[2026-07-19 13:48:17,263] 39 root - INFO - [Attacker] Label flip: 11 samples class 4 \u2192 class 0
[2026-07-19 13:48:17,271] 39 root - INFO - [Attacker] Label flip: 19 samples class 4 \u2192 class 0
[2026-07-19 13:48:17,279] 39 root - INFO - [Attacker] Label flip: 15 samples class 4 \u2192 class 0
[2026-07-19 13:48:17,287] 39 root - INFO - [Attacker] Label flip: 13 samples class 4 \u2192 class 0
[2026-07-19 13:48:17,295] 39 root - INFO - [Attacker] Label flip: 11 samples class 4 \u2192 class 0
[2026-07-19 13:48:17,303] 39 root - INFO - [Attacker] Label flip: 14 samples class 4 \u2192 class 0
[2026-07-19 13:48:17,310] 39 root - INFO - [Attacker] Label flip: 12 samples class 4 \u2192 class 0
[2026-07-19 13:48:17,316] 39 root - INFO - [Attacker] Label flip: 18 samples class 4 \u2192 class 0
[2026-07-19 13:48:17,326] 39 root - INFO - [Attacker] Label flip: 13 samples class 4 \u2192 class 0
[2026-07-19 13:48:17,339] 39 root - INFO - [Attacker] Label flip: 19 samples class 4 \u2192 class 0
[2026-07-19 13:48:17,347] 39 root - INFO - [Attacker] Label flip: 16 samples class 4 \u2192 class 0
[2026-07-19 13:48:17,355] 39 root - INFO - [Attacker] Label flip: 13 samples class 4 \u2192 class 0
[2026-07-19 13:48:17,362] 39 root - INFO - [Attacker] Label flip: 11 samples class 4 \u2192 class 0
[2026-07-19 13:48:17,370] 39 root - INFO - [Attacker] Label flip: 12 samples class 4 \u2192 class 0
[2026-07-19 13:48:17,382] 39 root - INFO - [Attacker] Label flip: 13 samples class 4 \u2192 class 0
[2026-07-19 13:48:17,390] 39 root - INFO - [Attacker] Label flip: 14 samples class 4 \u2192 class 0
[2026-07-19 13:48:17,398] 39 root - INFO - [Attacker] Label flip: 18 samples class 4 \u2192 class 0
[2026-07-19 13:48:17,404] 39 root - INFO - [Attacker] Label flip: 7 samples class 4 \u2192 class 0
[2026-07-19 13:48:17,421] 39 root - INFO - [Attacker] Label flip: 17 samples class 4 \u2192 class 0
[2026-07-19 13:48:17,430] 39 root - INFO - [Attacker] Label flip: 18 samples class 4 \u2192 class 0
[2026-07-19 13:48:17,436] 39 root - INFO - [Attacker] Label flip: 20 samples class 4 \u2192 class 0
[2026-07-19 13:48:17,444] 39 root - INFO - [Attacker] Label flip: 10 samples class 4 \u2192 class 0
[2026-07-19 13:48:17,453] 39 root - INFO - [Attacker] Label flip: 8 samples class 4 \u2192 class 0
[2026-07-19 13:48:17,462] 39 root - INFO - [Attacker] Label flip: 11 samples class 4 \u2192 class 0
[2026-07-19 13:48:17,469] 39 root - INFO - [Attacker] Label flip: 11 samples class 4 \u2192 class 0
[2026-07-19 13:48:17,477] 39 root - INFO - [Attacker] Label flip: 13 samples class 4 \u2192 class 0
[2026-07-19 13:48:17,487] 39 root - INFO - [Attacker] Label flip: 11 samples class 4 \u2192 class 0
[2026-07-19 13:48:17,495] 39 root - INFO - [Attacker] Label flip: 18 samples class 4 \u2192 class 0
[2026-07-19 13:48:17,503] 39 root - INFO - [Attacker] Label flip: 11 samples class 4 \u2192 class 0
[2026-07-19 13:48:17,509] 39 root - INFO - [Attacker] Label flip: 10 samples class 4 \u2192 class 0
[2026-07-19 13:48:17,516] 39 root - INFO - [Attacker] Label flip: 10 samples class 4 \u2192 class 0
[2026-07-19 13:48:17,526] 39 root - INFO - [Attacker] Label flip: 12 samples class 4 \u2192 class 0
[2026-07-19 13:48:17,534] 39 root - INFO - [Attacker] Label flip: 12 samples class 4 \u2192 class 0
[2026-07-19 13:48:17,543] 39 root - INFO - [Attacker] Label flip: 15 samples class 4 \u2192 class 0
[2026-07-19 13:48:17,551] 39 root - INFO - [Attacker] Label flip: 13 samples class 4 \u2192 class 0
[2026-07-19 13:48:17,559] 39 root - INFO - [Attacker] Label flip: 9 samples class 4 \u2192 class 0
[2026-07-19 13:48:17,567] 39 root - INFO - [Attacker] Label flip: 13 samples class 4 \u2192 class 0
[2026-07-19 13:48:17,573] 39 root - INFO - [Attacker] Label flip: 8 samples class 4 \u2192 class 0
[2026-07-19 13:48:17,581] 39 root - INFO - [Attacker] Label flip: 16 samples class 4 \u2192 class 0
[2026-07-19 13:48:17,589] 39 root - INFO - [Attacker] Label flip: 13 samples class 4 \u2192 class 0
[2026-07-19 13:48:17,599] 39 root - INFO - [Attacker] Label flip: 11 samples class 4 \u2192 class 0
[2026-07-19 13:48:17,605] 39 root - INFO - [Attacker] Label flip: 19 samples class 4 \u2192 class 0
[2026-07-19 13:48:17,614] 39 root - INFO - [Attacker] Label flip: 14 samples class 4 \u2192 class 0
[2026-07-19 13:48:17,626] 39 root - INFO - [Attacker] Label flip: 8 samples class 4 \u2192 class 0
[2026-07-19 13:48:17,634] 39 root - INFO - [Attacker] Label flip: 15 samples class 4 \u2192 class 0
[2026-07-19 13:48:17,642] 39 root - INFO - [Attacker] Label flip: 11 samples class 4 \u2192 class 0
[2026-07-19 13:48:17,649] 39 root - INFO - [Attacker] Label flip: 21 samples class 4 \u2192 class 0
[2026-07-19 13:48:17,657] 39 root - INFO - [Attacker] Label flip: 10 samples class 4 \u2192 class 0
[2026-07-19 13:48:17,665] 39 root - INFO - [Attacker] Label flip: 13 samples class 4 \u2192 class 0
[2026-07-19 13:48:17,673] 39 root - INFO - [Attacker] Label flip: 12 samples class 4 \u2192 class 0
[2026-07-19 13:48:17,681] 39 root - INFO - [Attacker] Label flip: 12 samples class 4 \u2192 class 0
[2026-07-19 13:48:17,689] 39 root - INFO - [Attacker] Label flip: 15 samples class 4 \u2192 class 0
[2026-07-19 13:48:17,697] 39 root - INFO - [Attacker] Label flip: 13 samples class 4 \u2192 class 0
[2026-07-19 13:48:17,705] 39 root - INFO - [Attacker] Label flip: 12 samples class 4 \u2192 class 0
[2026-07-19 13:48:17,713] 39 root - INFO - [Attacker] Label flip: 12 samples class 4 \u2192 class 0
[2026-07-19 13:48:17,720] 39 root - INFO - [Attacker] Label flip: 10 samples class 4 \u2192 class 0
[2026-07-19 13:48:17,728] 39 root - INFO - [Attacker] Label flip: 17 samples class 4 \u2192 class 0
[2026-07-19 13:48:17,736] 39 root - INFO - [Attacker] Label flip: 10 samples class 4 \u2192 class 0
[2026-07-19 13:48:17,744] 39 root - INFO - [Attacker] Label flip: 7 samples class 4 \u2192 class 0
[2026-07-19 13:48:17,752] 39 root - INFO - [Attacker] Label flip: 14 samples class 4 \u2192 class 0
[2026-07-19 13:48:17,760] 39 root - INFO - [Attacker] Label flip: 15 samples class 4 \u2192 class 0
[2026-07-19 13:48:17,768] 39 root - INFO - [Attacker] Label flip: 8 samples class 4 \u2192 class 0
[2026-07-19 13:48:17,776] 39 root - INFO - [Attacker] Label flip: 16 samples class 4 \u2192 class 0
[2026-07-19 13:48:17,784] 39 root - INFO - [Attacker] Label flip: 9 samples class 4 \u2192 class 0
[2026-07-19 13:48:17,792] 39 root - INFO - [Attacker] Label flip: 11 samples class 4 \u2192 class 0
[2026-07-19 13:48:17,800] 39 root - INFO - [Attacker] Label flip: 14 samples class 4 \u2192 class 0
[2026-07-19 13:48:17,808] 39 root - INFO - [Attacker] Label flip: 18 samples class 4 \u2192 class 0
[2026-07-19 13:48:17,814] 39 root - INFO - [Attacker] Label flip: 11 samples class 4 \u2192 class 0
[2026-07-19 13:48:17,822] 39 root - INFO - [Attacker] Label flip: 10 samples class 4 \u2192 class 0
[2026-07-19 13:48:17,831] 39 root - INFO - [Attacker] Label flip: 10 samples class 4 \u2192 class 0
[2026-07-19 13:48:17,842] 39 root - INFO - [Attacker] Label flip: 13 samples class 4 \u2192 class 0
[2026-07-19 13:48:17,849] 39 root - INFO - [Attacker] Label flip: 10 samples class 4 \u2192 class 0
[2026-07-19 13:48:17,858] 39 root - INFO - [Attacker] Label flip: 12 samples class 4 \u2192 class 0
[2026-07-19 13:48:17,867] 39 root - INFO - [Attacker] Label flip: 17 samples class 4 \u2192 class 0
[2026-07-19 13:48:17,875] 39 root - INFO - [Attacker] Label flip: 11 samples class 4 \u2192 class 0
[2026-07-19 13:48:17,883] 39 root - INFO - [Attacker] Label flip: 6 samples class 4 \u2192 class 0
[2026-07-19 13:48:17,891] 39 root - INFO - [Attacker] Label flip: 12 samples class 4 \u2192 class 0
[2026-07-19 13:48:17,899] 39 root - INFO - [Attacker] Label flip: 13 samples class 4 \u2192 class 0
[2026-07-19 13:48:17,907] 39 root - INFO - [Attacker] Label flip: 13 samples class 4 \u2192 class 0
[2026-07-19 13:48:17,915] 39 root - INFO - [Attacker] Label flip: 13 samples class 4 \u2192 class 0
[2026-07-19 13:48:17,921] 39 root - INFO - [Attacker] Label flip: 8 samples class 4 \u2192 class 0
[2026-07-19 13:48:17,929] 39 root - INFO - [Attacker] Label flip: 15 samples class 4 \u2192 class 0
[2026-07-19 13:48:17,937] 39 root - INFO - [Attacker] Label flip: 13 samples class 4 \u2192 class 0
[2026-07-19 13:48:17,945] 39 root - INFO - [Attacker] Label flip: 15 samples class 4 \u2192 class 0
[2026-07-19 13:48:17,953] 39 root - INFO - [Attacker] Label flip: 8 samples class 4 \u2192 class 0
[2026-07-19 13:48:17,960] 39 root - INFO - [Attacker] Label flip: 11 samples class 4 \u2192 class 0
[2026-07-19 13:48:17,968] 39 root - INFO - [Attacker] Label flip: 12 samples class 4 \u2192 class 0
[2026-07-19 13:48:17,975] 39 root - INFO - [Attacker] Label flip: 11 samples class 4 \u2192 class 0
[2026-07-19 13:48:17,983] 39 root - INFO - [Attacker] Label flip: 18 samples class 4 \u2192 class 0
[2026-07-19 13:48:17,991] 39 root - INFO - [Attacker] Label flip: 7 samples class 4 \u2192 class 0
[2026-07-19 13:48:18,001] 39 root - INFO - [Attacker] Label flip: 6 samples class 4 \u2192 class 0
[2026-07-19 13:48:18,007] 39 root - INFO - [Attacker] Label flip: 10 samples class 4 \u2192 class 0
[2026-07-19 13:48:18,015] 39 root - INFO - [Attacker] Label flip: 5 samples class 4 \u2192 class 0
[2026-07-19 13:48:18,022] 39 root - INFO - [Attacker] Label flip: 13 samples class 4 \u2192 class 0
[2026-07-19 13:48:18,032] 39 root - INFO - [Attacker] Label flip: 8 samples class 4 \u2192 class 0
[2026-07-19 13:48:18,040] 39 root - INFO - [Attacker] Label flip: 16 samples class 4 \u2192 class 0
[2026-07-19 13:48:18,048] 39 root - INFO - [Attacker] Label flip: 9 samples class 4 \u2192 class 0
[2026-07-19 13:48:18,056] 39 root - INFO - [Attacker] Label flip: 13 samples class 4 \u2192 class 0
[2026-07-19 13:48:18,063] 39 root - INFO - [Attacker] Label flip: 16 samples class 4 \u2192 class 0
[2026-07-19 13:48:18,071] 39 root - INFO - [Attacker] Label flip: 11 samples class 4 \u2192 class 0
[2026-07-19 13:48:18,079] 39 root - INFO - [Attacker] Label flip: 14 samples class 4 \u2192 class 0
[2026-07-19 13:48:18,087] 39 root - INFO - [Attacker] Label flip: 9 samples class 4 \u2192 class 0
[2026-07-19 13:48:18,095] 39 root - INFO - [Attacker] Label flip: 16 samples class 4 \u2192 class 0
[2026-07-19 13:48:18,103] 39 root - INFO - [Attacker] Label flip: 8 samples class 4 \u2192 class 0
[2026-07-19 13:48:18,111] 39 root - INFO - [Attacker] Label flip: 11 samples class 4 \u2192 class 0
[2026-07-19 13:48:18,119] 39 root - INFO - [Attacker] Label flip: 15 samples class 4 \u2192 class 0
[2026-07-19 13:48:18,127] 39 root - INFO - [Attacker] Label flip: 7 samples class 4 \u2192 class 0
[2026-07-19 13:48:18,135] 39 root - INFO - [Attacker] Label flip: 11 samples class 4 \u2192 class 0
[2026-07-19 13:48:18,143] 39 root - INFO - [Attacker] Label flip: 13 samples class 4 \u2192 class 0
[2026-07-19 13:48:18,151] 39 root - INFO - [Attacker] Label flip: 8 samples class 4 \u2192 class 0
[2026-07-19 13:48:18,159] 39 root - INFO - [Attacker] Label flip: 13 samples class 4 \u2192 class 0
[2026-07-19 13:48:18,169] 39 root - INFO - [Attacker] Label flip: 14 samples class 4 \u2192 class 0
[2026-07-19 13:48:18,177] 39 root - INFO - [Attacker] Label flip: 17 samples class 4 \u2192 class 0
[2026-07-19 13:48:18,185] 39 root - INFO - [Attacker] Label flip: 22 samples class 4 \u2192 class 0
[2026-07-19 13:48:18,192] 39 root - INFO - [Attacker] Label flip: 13 samples class 4 \u2192 class 0
[2026-07-19 13:48:18,229] 39 root - INFO - [Attacker] Label flip: 16 samples class 4 \u2192 class 0
[2026-07-19 13:48:18,240] 39 root - INFO - [Attacker] Label flip: 14 samples class 4 \u2192 class 0
[2026-07-19 13:48:18,248] 39 root - INFO - [Attacker] Label flip: 18 samples class 4 \u2192 class 0
[2026-07-19 13:48:18,256] 39 root - INFO - [Attacker] Label flip: 20 samples class 4 \u2192 class 0
[2026-07-19 13:48:18,264] 39 root - INFO - [Attacker] Label flip: 9 samples class 4 \u2192 class 0
[2026-07-19 13:48:18,272] 39 root - INFO - [Attacker] Label flip: 7 samples class 4 \u2192 class 0
[2026-07-19 13:48:18,278] 39 root - INFO - [Attacker] Label flip: 12 samples class 4 \u2192 class 0
[2026-07-19 13:48:18,286] 39 root - INFO - [Attacker] Label flip: 8 samples class 4 \u2192 class 0
[2026-07-19 13:48:18,294] 39 root - INFO - [Attacker] Label flip: 18 samples class 4 \u2192 class 0
[2026-07-19 13:48:18,326] 268 flwr - WARNING - DEPRECATED FEATURE: `client_fn` now expects a signature `def client_fn(context: Context)`.The provided `client_fn` has signature: {'cid': <Parameter "cid: str">}. You can import the `Context` like this: `from flwr.common import Context`

            This is a deprecated feature. It will be removed
            entirely in future versions of Flower.
        
[2026-07-19 13:48:19,007] 39 root - INFO - [Attacker] Label flip: 23 samples class 4 \u2192 class 0
[2026-07-19 13:48:19,017] 39 root - INFO - [Attacker] Label flip: 34 samples class 4 \u2192 class 0
[2026-07-19 13:48:19,025] 39 root - INFO - [Attacker] Label flip: 22 samples class 4 \u2192 class 0
[2026-07-19 13:48:19,034] 39 root - INFO - [Attacker] Label flip: 25 samples class 4 \u2192 class 0
[2026-07-19 13:48:19,040] 39 root - INFO - [Attacker] Label flip: 26 samples class 4 \u2192 class 0
[2026-07-19 13:48:19,049] 39 root - INFO - [Attacker] Label flip: 33 samples class 4 \u2192 class 0
[2026-07-19 13:48:19,056] 39 root - INFO - [Attacker] Label flip: 28 samples class 4 \u2192 class 0
[2026-07-19 13:48:19,064] 39 root - INFO - [Attacker] Label flip: 30 samples class 4 \u2192 class 0
[2026-07-19 13:48:19,072] 39 root - INFO - [Attacker] Label flip: 30 samples class 4 \u2192 class 0
[2026-07-19 13:48:19,080] 39 root - INFO - [Attacker] Label flip: 20 samples class 4 \u2192 class 0
[2026-07-19 13:48:19,086] 39 root - INFO - [Attacker] Label flip: 20 samples class 4 \u2192 class 0
[2026-07-19 13:48:19,094] 39 root - INFO - [Attacker] Label flip: 30 samples class 4 \u2192 class 0
[2026-07-19 13:48:19,101] 39 root - INFO - [Attacker] Label flip: 25 samples class 4 \u2192 class 0
[2026-07-19 13:48:19,109] 39 root - INFO - [Attacker] Label flip: 26 samples class 4 \u2192 class 0
[2026-07-19 13:48:19,118] 39 root - INFO - [Attacker] Label flip: 24 samples class 4 \u2192 class 0
[2026-07-19 13:48:19,124] 39 root - INFO - [Attacker] Label flip: 24 samples class 4 \u2192 class 0
[2026-07-19 13:48:19,134] 39 root - INFO - [Attacker] Label flip: 28 samples class 4 \u2192 class 0
[2026-07-19 13:48:19,142] 39 root - INFO - [Attacker] Label flip: 30 samples class 4 \u2192 class 0
[2026-07-19 13:48:19,150] 39 root - INFO - [Attacker] Label flip: 31 samples class 4 \u2192 class 0
[2026-07-19 13:48:19,157] 39 root - INFO - [Attacker] Label flip: 30 samples class 4 \u2192 class 0
[2026-07-19 13:48:19,167] 39 root - INFO - [Attacker] Label flip: 30 samples class 4 \u2192 class 0
[2026-07-19 13:48:19,175] 39 root - INFO - [Attacker] Label flip: 29 samples class 4 \u2192 class 0
[2026-07-19 13:48:19,183] 39 root - INFO - [Attacker] Label flip: 26 samples class 4 \u2192 class 0
[2026-07-19 13:48:19,192] 39 root - INFO - [Attacker] Label flip: 23 samples class 4 \u2192 class 0
[2026-07-19 13:48:19,201] 39 root - INFO - [Attacker] Label flip: 26 samples class 4 \u2192 class 0
[2026-07-19 13:48:19,209] 39 root - INFO - [Attacker] Label flip: 26 samples class 4 \u2192 class 0
[2026-07-19 13:48:19,217] 39 root - INFO - [Attacker] Label flip: 37 samples class 4 \u2192 class 0
[2026-07-19 13:48:19,225] 39 root - INFO - [Attacker] Label flip: 25 samples class 4 \u2192 class 0
[2026-07-19 13:48:19,232] 39 root - INFO - [Attacker] Label flip: 25 samples class 4 \u2192 class 0
[2026-07-19 13:48:19,240] 39 root - INFO - [Attacker] Label flip: 35 samples class 4 \u2192 class 0
[2026-07-19 13:48:19,250] 39 root - INFO - [Attacker] Label flip: 38 samples class 4 \u2192 class 0
[2026-07-19 13:48:19,258] 39 root - INFO - [Attacker] Label flip: 32 samples class 4 \u2192 class 0
[2026-07-19 13:48:19,267] 39 root - INFO - [Attacker] Label flip: 28 samples class 4 \u2192 class 0
[2026-07-19 13:48:19,275] 39 root - INFO - [Attacker] Label flip: 23 samples class 4 \u2192 class 0
[2026-07-19 13:48:19,283] 39 root - INFO - [Attacker] Label flip: 30 samples class 4 \u2192 class 0
[2026-07-19 13:48:19,290] 39 root - INFO - [Attacker] Label flip: 32 samples class 4 \u2192 class 0
[2026-07-19 13:48:19,298] 39 root - INFO - [Attacker] Label flip: 26 samples class 4 \u2192 class 0
[2026-07-19 13:48:19,310] 39 root - INFO - [Attacker] Label flip: 31 samples class 4 \u2192 class 0
[2026-07-19 13:48:19,318] 39 root - INFO - [Attacker] Label flip: 29 samples class 4 \u2192 class 0
[2026-07-19 13:48:19,326] 39 root - INFO - [Attacker] Label flip: 24 samples class 4 \u2192 class 0
[2026-07-19 13:48:19,332] 39 root - INFO - [Attacker] Label flip: 30 samples class 4 \u2192 class 0
[2026-07-19 13:48:19,340] 39 root - INFO - [Attacker] Label flip: 19 samples class 4 \u2192 class 0
[2026-07-19 13:48:19,348] 39 root - INFO - [Attacker] Label flip: 29 samples class 4 \u2192 class 0
[2026-07-19 13:48:19,356] 39 root - INFO - [Attacker] Label flip: 25 samples class 4 \u2192 class 0
[2026-07-19 13:48:19,364] 39 root - INFO - [Attacker] Label flip: 26 samples class 4 \u2192 class 0
[2026-07-19 13:48:19,373] 39 root - INFO - [Attacker] Label flip: 24 samples class 4 \u2192 class 0
[2026-07-19 13:48:19,379] 39 root - INFO - [Attacker] Label flip: 29 samples class 4 \u2192 class 0
[2026-07-19 13:48:19,387] 39 root - INFO - [Attacker] Label flip: 31 samples class 4 \u2192 class 0
[2026-07-19 13:48:19,395] 39 root - INFO - [Attacker] Label flip: 34 samples class 4 \u2192 class 0
[2026-07-19 13:48:19,405] 39 root - INFO - [Attacker] Label flip: 27 samples class 4 \u2192 class 0
[2026-07-19 13:48:19,411] 39 root - INFO - [Attacker] Label flip: 23 samples class 4 \u2192 class 0
[2026-07-19 13:48:19,419] 39 root - INFO - [Attacker] Label flip: 29 samples class 4 \u2192 class 0
[2026-07-19 13:48:19,427] 39 root - INFO - [Attacker] Label flip: 28 samples class 4 \u2192 class 0
[2026-07-19 13:48:19,435] 39 root - INFO - [Attacker] Label flip: 34 samples class 4 \u2192 class 0
[2026-07-19 13:48:19,447] 39 root - INFO - [Attacker] Label flip: 24 samples class 4 \u2192 class 0
[2026-07-19 13:48:19,455] 39 root - INFO - [Attacker] Label flip: 27 samples class 4 \u2192 class 0
[2026-07-19 13:48:19,463] 39 root - INFO - [Attacker] Label flip: 26 samples class 4 \u2192 class 0
[2026-07-19 13:48:19,470] 39 root - INFO - [Attacker] Label flip: 25 samples class 4 \u2192 class 0
[2026-07-19 13:48:19,478] 39 root - INFO - [Attacker] Label flip: 31 samples class 4 \u2192 class 0
[2026-07-19 13:48:19,486] 39 root - INFO - [Attacker] Label flip: 29 samples class 4 \u2192 class 0
[2026-07-19 13:48:19,494] 39 root - INFO - [Attacker] Label flip: 30 samples class 4 \u2192 class 0
[2026-07-19 13:48:19,502] 39 root - INFO - [Attacker] Label flip: 31 samples class 4 \u2192 class 0
[2026-07-19 13:48:19,510] 39 root - INFO - [Attacker] Label flip: 31 samples class 4 \u2192 class 0
[2026-07-19 13:48:19,516] 39 root - INFO - [Attacker] Label flip: 27 samples class 4 \u2192 class 0
[2026-07-19 13:48:19,524] 39 root - INFO - [Attacker] Label flip: 30 samples class 4 \u2192 class 0
[2026-07-19 13:48:19,531] 39 root - INFO - [Attacker] Label flip: 20 samples class 4 \u2192 class 0
[2026-07-19 13:48:19,539] 39 root - INFO - [Attacker] Label flip: 27 samples class 4 \u2192 class 0
[2026-07-19 13:48:19,547] 39 root - INFO - [Attacker] Label flip: 41 samples class 4 \u2192 class 0
[2026-07-19 13:48:19,555] 39 root - INFO - [Attacker] Label flip: 23 samples class 4 \u2192 class 0
[2026-07-19 13:48:19,563] 39 root - INFO - [Attacker] Label flip: 25 samples class 4 \u2192 class 0
[2026-07-19 13:48:19,571] 39 root - INFO - [Attacker] Label flip: 30 samples class 4 \u2192 class 0
[2026-07-19 13:48:19,583] 39 root - INFO - [Attacker] Label flip: 26 samples class 4 \u2192 class 0
[2026-07-19 13:48:19,590] 39 root - INFO - [Attacker] Label flip: 25 samples class 4 \u2192 class 0
[2026-07-19 13:48:19,598] 39 root - INFO - [Attacker] Label flip: 26 samples class 4 \u2192 class 0
[2026-07-19 13:48:19,604] 39 root - INFO - [Attacker] Label flip: 29 samples class 4 \u2192 class 0
[2026-07-19 13:48:19,614] 39 root - INFO - [Attacker] Label flip: 34 samples class 4 \u2192 class 0
[2026-07-19 13:48:19,622] 39 root - INFO - [Attacker] Label flip: 31 samples class 4 \u2192 class 0
[2026-07-19 13:48:19,628] 39 root - INFO - [Attacker] Label flip: 35 samples class 4 \u2192 class 0
[2026-07-19 13:48:19,636] 39 root - INFO - [Attacker] Label flip: 27 samples class 4 \u2192 class 0
[2026-07-19 13:48:19,644] 39 root - INFO - [Attacker] Label flip: 30 samples class 4 \u2192 class 0
[2026-07-19 13:48:19,651] 39 root - INFO - [Attacker] Label flip: 30 samples class 4 \u2192 class 0
[2026-07-19 13:48:19,659] 39 root - INFO - [Attacker] Label flip: 24 samples class 4 \u2192 class 0
[2026-07-19 13:48:19,667] 39 root - INFO - [Attacker] Label flip: 32 samples class 4 \u2192 class 0
[2026-07-19 13:48:19,675] 39 root - INFO - [Attacker] Label flip: 25 samples class 4 \u2192 class 0
[2026-07-19 13:48:19,685] 39 root - INFO - [Attacker] Label flip: 22 samples class 4 \u2192 class 0
[2026-07-19 13:48:19,691] 39 root - INFO - [Attacker] Label flip: 33 samples class 4 \u2192 class 0
[2026-07-19 13:48:19,699] 39 root - INFO - [Attacker] Label flip: 35 samples class 4 \u2192 class 0
[2026-07-19 13:48:19,709] 39 root - INFO - [Attacker] Label flip: 24 samples class 4 \u2192 class 0
[2026-07-19 13:48:19,717] 39 root - INFO - [Attacker] Label flip: 29 samples class 4 \u2192 class 0
[2026-07-19 13:48:19,726] 39 root - INFO - [Attacker] Label flip: 26 samples class 4 \u2192 class 0
[2026-07-19 13:48:19,734] 39 root - INFO - [Attacker] Label flip: 29 samples class 4 \u2192 class 0
[2026-07-19 13:48:19,742] 39 root - INFO - [Attacker] Label flip: 25 samples class 4 \u2192 class 0
[2026-07-19 13:48:19,750] 39 root - INFO - [Attacker] Label flip: 28 samples class 4 \u2192 class 0
[2026-07-19 13:48:19,758] 39 root - INFO - [Attacker] Label flip: 32 samples class 4 \u2192 class 0
[2026-07-19 13:48:19,766] 39 root - INFO - [Attacker] Label flip: 34 samples class 4 \u2192 class 0
[2026-07-19 13:48:19,774] 39 root - INFO - [Attacker] Label flip: 30 samples class 4 \u2192 class 0
[2026-07-19 13:48:19,782] 39 root - INFO - [Attacker] Label flip: 29 samples class 4 \u2192 class 0
[2026-07-19 13:48:19,790] 39 root - INFO - [Attacker] Label flip: 24 samples class 4 \u2192 class 0
[2026-07-19 13:48:19,796] 39 root - INFO - [Attacker] Label flip: 25 samples class 4 \u2192 class 0
[2026-07-19 13:48:19,804] 39 root - INFO - [Attacker] Label flip: 26 samples class 4 \u2192 class 0
[2026-07-19 13:48:19,813] 39 root - INFO - [Attacker] Label flip: 17 samples class 4 \u2192 class 0
[2026-07-19 13:48:19,821] 39 root - INFO - [Attacker] Label flip: 35 samples class 4 \u2192 class 0
[2026-07-19 13:48:19,829] 39 root - INFO - [Attacker] Label flip: 27 samples class 4 \u2192 class 0
[2026-07-19 13:48:19,837] 39 root - INFO - [Attacker] Label flip: 24 samples class 4 \u2192 class 0
[2026-07-19 13:48:19,845] 39 root - INFO - [Attacker] Label flip: 20 samples class 4 \u2192 class 0
[2026-07-19 13:48:19,853] 39 root - INFO - [Attacker] Label flip: 23 samples class 4 \u2192 class 0
[2026-07-19 13:48:19,861] 39 root - INFO - [Attacker] Label flip: 37 samples class 4 \u2192 class 0
[2026-07-19 13:48:19,868] 39 root - INFO - [Attacker] Label flip: 27 samples class 4 \u2192 class 0
[2026-07-19 13:48:19,878] 39 root - INFO - [Attacker] Label flip: 34 samples class 4 \u2192 class 0
[2026-07-19 13:48:19,884] 39 root - INFO - [Attacker] Label flip: 36 samples class 4 \u2192 class 0
[2026-07-19 13:48:19,892] 39 root - INFO - [Attacker] Label flip: 22 samples class 4 \u2192 class 0
[2026-07-19 13:48:19,900] 39 root - INFO - [Attacker] Label flip: 32 samples class 4 \u2192 class 0
[2026-07-19 13:48:19,908] 39 root - INFO - [Attacker] Label flip: 27 samples class 4 \u2192 class 0
[2026-07-19 13:48:19,918] 39 root - INFO - [Attacker] Label flip: 27 samples class 4 \u2192 class 0
[2026-07-19 13:48:19,924] 39 root - INFO - [Attacker] Label flip: 27 samples class 4 \u2192 class 0
[2026-07-19 13:48:19,932] 39 root - INFO - [Attacker] Label flip: 37 samples class 4 \u2192 class 0
[2026-07-19 13:48:19,942] 39 root - INFO - [Attacker] Label flip: 28 samples class 4 \u2192 class 0
[2026-07-19 13:48:19,949] 39 root - INFO - [Attacker] Label flip: 40 samples class 4 \u2192 class 0
[2026-07-19 13:48:19,957] 39 root - INFO - [Attacker] Label flip: 34 samples class 4 \u2192 class 0
[2026-07-19 13:48:19,965] 39 root - INFO - [Attacker] Label flip: 31 samples class 4 \u2192 class 0
[2026-07-19 13:48:19,971] 39 root - INFO - [Attacker] Label flip: 32 samples class 4 \u2192 class 0
[2026-07-19 13:48:19,979] 39 root - INFO - [Attacker] Label flip: 28 samples class 4 \u2192 class 0
[2026-07-19 13:48:19,987] 39 root - INFO - [Attacker] Label flip: 34 samples class 4 \u2192 class 0
[2026-07-19 13:48:19,995] 39 root - INFO - [Attacker] Label flip: 28 samples class 4 \u2192 class 0
[2026-07-19 13:48:20,003] 39 root - INFO - [Attacker] Label flip: 26 samples class 4 \u2192 class 0
[2026-07-19 13:48:20,010] 39 root - INFO - [Attacker] Label flip: 28 samples class 4 \u2192 class 0
[2026-07-19 13:48:20,018] 39 root - INFO - [Attacker] Label flip: 30 samples class 4 \u2192 class 0
[2026-07-19 13:48:20,026] 39 root - INFO - [Attacker] Label flip: 29 samples class 4 \u2192 class 0
[2026-07-19 13:48:20,032] 39 root - INFO - [Attacker] Label flip: 35 samples class 4 \u2192 class 0
[2026-07-19 13:48:20,042] 39 root - INFO - [Attacker] Label flip: 33 samples class 4 \u2192 class 0
[2026-07-19 13:48:20,050] 39 root - INFO - [Attacker] Label flip: 28 samples class 4 \u2192 class 0
[2026-07-19 13:48:20,058] 39 root - INFO - [Attacker] Label flip: 32 samples class 4 \u2192 class 0
[2026-07-19 13:48:20,065] 39 root - INFO - [Attacker] Label flip: 33 samples class 4 \u2192 class 0
[2026-07-19 13:48:20,073] 39 root - INFO - [Attacker] Label flip: 22 samples class 4 \u2192 class 0
[2026-07-19 13:48:20,081] 39 root - INFO - [Attacker] Label flip: 35 samples class 4 \u2192 class 0
[2026-07-19 13:48:20,090] 39 root - INFO - [Attacker] Label flip: 29 samples class 4 \u2192 class 0
[2026-07-19 13:48:20,096] 39 root - INFO - [Attacker] Label flip: 34 samples class 4 \u2192 class 0
[2026-07-19 13:48:20,104] 39 root - INFO - [Attacker] Label flip: 23 samples class 4 \u2192 class 0
[2026-07-19 13:48:20,112] 39 root - INFO - [Attacker] Label flip: 29 samples class 4 \u2192 class 0
[2026-07-19 13:48:20,120] 39 root - INFO - [Attacker] Label flip: 24 samples class 4 \u2192 class 0
[2026-07-19 13:48:20,128] 39 root - INFO - [Attacker] Label flip: 26 samples class 4 \u2192 class 0
[2026-07-19 13:48:20,138] 39 root - INFO - [Attacker] Label flip: 30 samples class 4 \u2192 class 0
[2026-07-19 13:48:20,143] 39 root - INFO - [Attacker] Label flip: 23 samples class 4 \u2192 class 0
[2026-07-19 13:48:20,152] 39 root - INFO - [Attacker] Label flip: 17 samples class 4 \u2192 class 0
[2026-07-19 13:48:20,159] 39 root - INFO - [Attacker] Label flip: 27 samples class 4 \u2192 class 0
[2026-07-19 13:48:20,171] 39 root - INFO - [Attacker] Label flip: 32 samples class 4 \u2192 class 0
[2026-07-19 13:48:20,179] 39 root - INFO - [Attacker] Label flip: 27 samples class 4 \u2192 class 0
[2026-07-19 13:48:20,186] 39 root - INFO - [Attacker] Label flip: 25 samples class 4 \u2192 class 0
[2026-07-19 13:48:20,195] 39 root - INFO - [Attacker] Label flip: 27 samples class 4 \u2192 class 0
[2026-07-19 13:48:20,201] 39 root - INFO - [Attacker] Label flip: 37 samples class 4 \u2192 class 0
[2026-07-19 13:48:20,211] 39 root - INFO - [Attacker] Label flip: 24 samples class 4 \u2192 class 0
[2026-07-19 13:48:20,219] 39 root - INFO - [Attacker] Label flip: 23 samples class 4 \u2192 class 0
[2026-07-19 13:48:20,227] 39 root - INFO - [Attacker] Label flip: 37 samples class 4 \u2192 class 0
[2026-07-19 13:48:20,235] 39 root - INFO - [Attacker] Label flip: 30 samples class 4 \u2192 class 0
[2026-07-19 13:48:20,245] 39 root - INFO - [Attacker] Label flip: 28 samples class 4 \u2192 class 0
[2026-07-19 13:48:20,253] 39 root - INFO - [Attacker] Label flip: 35 samples class 4 \u2192 class 0
[2026-07-19 13:48:20,260] 39 root - INFO - [Attacker] Label flip: 34 samples class 4 \u2192 class 0
[2026-07-19 13:48:20,268] 39 root - INFO - [Attacker] Label flip: 22 samples class 4 \u2192 class 0
[2026-07-19 13:48:20,276] 39 root - INFO - [Attacker] Label flip: 23 samples class 4 \u2192 class 0
[2026-07-19 13:48:20,284] 39 root - INFO - [Attacker] Label flip: 32 samples class 4 \u2192 class 0
[2026-07-19 13:48:20,292] 39 root - INFO - [Attacker] Label flip: 32 samples class 4 \u2192 class 0
[2026-07-19 13:48:20,300] 39 root - INFO - [Attacker] Label flip: 29 samples class 4 \u2192 class 0
[2026-07-19 13:48:20,310] 39 root - INFO - [Attacker] Label flip: 27 samples class 4 \u2192 class 0
[2026-07-19 13:48:20,318] 39 root - INFO - [Attacker] Label flip: 28 samples class 4 \u2192 class 0
[2026-07-19 13:48:20,326] 39 root - INFO - [Attacker] Label flip: 33 samples class 4 \u2192 class 0
[2026-07-19 13:48:20,333] 39 root - INFO - [Attacker] Label flip: 36 samples class 4 \u2192 class 0
[2026-07-19 13:48:20,341] 39 root - INFO - [Attacker] Label flip: 28 samples class 4 \u2192 class 0
[2026-07-19 13:48:20,349] 39 root - INFO - [Attacker] Label flip: 24 samples class 4 \u2192 class 0
[2026-07-19 13:48:20,357] 39 root - INFO - [Attacker] Label flip: 21 samples class 4 \u2192 class 0
[2026-07-19 13:48:20,365] 39 root - INFO - [Attacker] Label flip: 26 samples class 4 \u2192 class 0
[2026-07-19 13:48:20,381] 39 root - INFO - [Attacker] Label flip: 28 samples class 4 \u2192 class 0
[2026-07-19 13:48:20,391] 39 root - INFO - [Attacker] Label flip: 28 samples class 4 \u2192 class 0
[2026-07-19 13:48:20,399] 39 root - INFO - [Attacker] Label flip: 30 samples class 4 \u2192 class 0
[2026-07-19 13:48:20,405] 39 root - INFO - [Attacker] Label flip: 33 samples class 4 \u2192 class 0
[2026-07-19 13:48:20,412] 39 root - INFO - [Attacker] Label flip: 27 samples class 4 \u2192 class 0
[2026-07-19 13:48:20,422] 39 root - INFO - [Attacker] Label flip: 31 samples class 4 \u2192 class 0
[2026-07-19 13:48:20,430] 39 root - INFO - [Attacker] Label flip: 36 samples class 4 \u2192 class 0
[2026-07-19 13:48:20,438] 39 root - INFO - [Attacker] Label flip: 23 samples class 4 \u2192 class 0
[2026-07-19 13:48:20,446] 39 root - INFO - [Attacker] Label flip: 38 samples class 4 \u2192 class 0
[2026-07-19 13:48:20,458] 39 root - INFO - [Attacker] Label flip: 24 samples class 4 \u2192 class 0
[2026-07-19 13:48:20,466] 39 root - INFO - [Attacker] Label flip: 25 samples class 4 \u2192 class 0
[2026-07-19 13:48:20,474] 39 root - INFO - [Attacker] Label flip: 21 samples class 4 \u2192 class 0
[2026-07-19 13:48:20,481] 39 root - INFO - [Attacker] Label flip: 36 samples class 4 \u2192 class 0
[2026-07-19 13:48:20,491] 39 root - INFO - [Attacker] Label flip: 35 samples class 4 \u2192 class 0
[2026-07-19 13:48:20,499] 39 root - INFO - [Attacker] Label flip: 30 samples class 4 \u2192 class 0
[2026-07-19 13:48:20,507] 39 root - INFO - [Attacker] Label flip: 35 samples class 4 \u2192 class 0
[2026-07-19 13:48:20,515] 39 root - INFO - [Attacker] Label flip: 27 samples class 4 \u2192 class 0
[2026-07-19 13:48:20,525] 39 root - INFO - [Attacker] Label flip: 31 samples class 4 \u2192 class 0
[2026-07-19 13:48:20,531] 39 root - INFO - [Attacker] Label flip: 36 samples class 4 \u2192 class 0
[2026-07-19 13:48:20,539] 39 root - INFO - [Attacker] Label flip: 23 samples class 4 \u2192 class 0
[2026-07-19 13:48:20,547] 39 root - INFO - [Attacker] Label flip: 27 samples class 4 \u2192 class 0
[2026-07-19 13:48:20,556] 39 root - INFO - [Attacker] Label flip: 19 samples class 4 \u2192 class 0
[2026-07-19 13:48:20,565] 39 root - INFO - [Attacker] Label flip: 30 samples class 4 \u2192 class 0
[2026-07-19 13:48:20,572] 39 root - INFO - [Attacker] Label flip: 25 samples class 4 \u2192 class 0
[2026-07-19 13:48:20,580] 39 root - INFO - [Attacker] Label flip: 33 samples class 4 \u2192 class 0
[2026-07-19 13:48:20,588] 39 root - INFO - [Attacker] Label flip: 39 samples class 4 \u2192 class 0
[2026-07-19 13:48:20,596] 39 root - INFO - [Attacker] Label flip: 37 samples class 4 \u2192 class 0
[2026-07-19 13:48:20,604] 39 root - INFO - [Attacker] Label flip: 34 samples class 4 \u2192 class 0
[2026-07-19 13:48:20,612] 39 root - INFO - [Attacker] Label flip: 28 samples class 4 \u2192 class 0
[2026-07-19 13:48:20,620] 39 root - INFO - [Attacker] Label flip: 30 samples class 4 \u2192 class 0
[2026-07-19 13:48:20,627] 39 root - INFO - [Attacker] Label flip: 18 samples class 4 \u2192 class 0
[2026-07-19 13:48:20,635] 39 root - INFO - [Attacker] Label flip: 32 samples class 4 \u2192 class 0
[2026-07-19 13:48:20,643] 39 root - INFO - [Attacker] Label flip: 39 samples class 4 \u2192 class 0
[2026-07-19 13:48:20,651] 39 root - INFO - [Attacker] Label flip: 25 samples class 4 \u2192 class 0
[2026-07-19 13:48:20,663] 39 root - INFO - [Attacker] Label flip: 27 samples class 4 \u2192 class 0
[2026-07-19 13:48:20,671] 39 root - INFO - [Attacker] Label flip: 32 samples class 4 \u2192 class 0
[2026-07-19 13:48:20,679] 39 root - INFO - [Attacker] Label flip: 29 samples class 4 \u2192 class 0
[2026-07-19 13:48:20,687] 39 root - INFO - [Attacker] Label flip: 32 samples class 4 \u2192 class 0
[2026-07-19 13:48:20,695] 39 root - INFO - [Attacker] Label flip: 34 samples class 4 \u2192 class 0
[2026-07-19 13:48:20,702] 39 root - INFO - [Attacker] Label flip: 38 samples class 4 \u2192 class 0
[2026-07-19 13:48:20,710] 39 root - INFO - [Attacker] Label flip: 30 samples class 4 \u2192 class 0
[2026-07-19 13:48:20,718] 39 root - INFO - [Attacker] Label flip: 31 samples class 4 \u2192 class 0
[2026-07-19 13:48:20,726] 39 root - INFO - [Attacker] Label flip: 26 samples class 4 \u2192 class 0
[2026-07-19 13:48:20,734] 39 root - INFO - [Attacker] Label flip: 25 samples class 4 \u2192 class 0
[2026-07-19 13:48:20,742] 39 root - INFO - [Attacker] Label flip: 33 samples class 4 \u2192 class 0
[2026-07-19 13:48:20,750] 39 root - INFO - [Attacker] Label flip: 24 samples class 4 \u2192 class 0
[2026-07-19 13:48:20,758] 39 root - INFO - [Attacker] Label flip: 38 samples class 4 \u2192 class 0
[2026-07-19 13:48:20,765] 39 root - INFO - [Attacker] Label flip: 30 samples class 4 \u2192 class 0
[2026-07-19 13:48:20,773] 39 root - INFO - [Attacker] Label flip: 30 samples class 4 \u2192 class 0
[2026-07-19 13:48:20,781] 39 root - INFO - [Attacker] Label flip: 32 samples class 4 \u2192 class 0
[2026-07-19 13:48:20,789] 39 root - INFO - [Attacker] Label flip: 24 samples class 4 \u2192 class 0
[2026-07-19 13:48:20,797] 39 root - INFO - [Attacker] Label flip: 28 samples class 4 \u2192 class 0
[2026-07-19 13:48:20,805] 39 root - INFO - [Attacker] Label flip: 25 samples class 4 \u2192 class 0
[2026-07-19 13:48:20,813] 39 root - INFO - [Attacker] Label flip: 21 samples class 4 \u2192 class 0
[2026-07-19 13:48:20,821] 39 root - INFO - [Attacker] Label flip: 34 samples class 4 \u2192 class 0
[2026-07-19 13:48:20,831] 39 root - INFO - [Attacker] Label flip: 26 samples class 4 \u2192 class 0
[2026-07-19 13:48:20,837] 39 root - INFO - [Attacker] Label flip: 41 samples class 4 \u2192 class 0
[2026-07-19 13:48:20,846] 39 root - INFO - [Attacker] Label flip: 29 samples class 4 \u2192 class 0
[2026-07-19 13:48:20,854] 39 root - INFO - [Attacker] Label flip: 20 samples class 4 \u2192 class 0
[2026-07-19 13:48:20,862] 39 root - INFO - [Attacker] Label flip: 29 samples class 4 \u2192 class 0
[2026-07-19 13:48:20,870] 39 root - INFO - [Attacker] Label flip: 28 samples class 4 \u2192 class 0
[2026-07-19 13:48:20,878] 39 root - INFO - [Attacker] Label flip: 22 samples class 4 \u2192 class 0
[2026-07-19 13:48:20,884] 39 root - INFO - [Attacker] Label flip: 30 samples class 4 \u2192 class 0
[2026-07-19 13:48:20,911] 39 root - INFO - [Attacker] Label flip: 42 samples class 4 \u2192 class 0
[2026-07-19 13:48:20,919] 39 root - INFO - [Attacker] Label flip: 23 samples class 4 \u2192 class 0
[2026-07-19 13:48:20,927] 39 root - INFO - [Attacker] Label flip: 22 samples class 4 \u2192 class 0
[2026-07-19 13:48:20,935] 39 root - INFO - [Attacker] Label flip: 19 samples class 4 \u2192 class 0
[2026-07-19 13:48:20,943] 39 root - INFO - [Attacker] Label flip: 27 samples class 4 \u2192 class 0
[2026-07-19 13:48:20,951] 39 root - INFO - [Attacker] Label flip: 28 samples class 4 \u2192 class 0
[2026-07-19 13:48:20,958] 39 root - INFO - [Attacker] Label flip: 22 samples class 4 \u2192 class 0
[2026-07-19 13:48:20,966] 39 root - INFO - [Attacker] Label flip: 25 samples class 4 \u2192 class 0
[2026-07-19 13:48:20,974] 39 root - INFO - [Attacker] Label flip: 31 samples class 4 \u2192 class 0
[2026-07-19 13:48:20,986] 39 root - INFO - [Attacker] Label flip: 28 samples class 4 \u2192 class 0
[2026-07-19 13:48:20,994] 39 root - INFO - [Attacker] Label flip: 35 samples class 4 \u2192 class 0
[2026-07-19 13:48:21,002] 39 root - INFO - [Attacker] Label flip: 24 samples class 4 \u2192 class 0
[2026-07-19 13:48:21,010] 39 root - INFO - [Attacker] Label flip: 31 samples class 4 \u2192 class 0
[2026-07-19 13:48:21,018] 39 root - INFO - [Attacker] Label flip: 27 samples class 4 \u2192 class 0
[2026-07-19 13:48:21,026] 39 root - INFO - [Attacker] Label flip: 29 samples class 4 \u2192 class 0
[2026-07-19 13:48:21,034] 39 root - INFO - [Attacker] Label flip: 32 samples class 4 \u2192 class 0
[2026-07-19 13:48:21,044] 39 root - INFO - [Attacker] Label flip: 36 samples class 4 \u2192 class 0
[2026-07-19 13:48:21,051] 39 root - INFO - [Attacker] Label flip: 23 samples class 4 \u2192 class 0
[2026-07-19 13:48:21,059] 39 root - INFO - [Attacker] Label flip: 25 samples class 4 \u2192 class 0
[2026-07-19 13:48:21,067] 39 root - INFO - [Attacker] Label flip: 26 samples class 4 \u2192 class 0
[2026-07-19 13:48:21,077] 39 root - INFO - [Attacker] Label flip: 27 samples class 4 \u2192 class 0
[2026-07-19 13:48:21,085] 39 root - INFO - [Attacker] Label flip: 34 samples class 4 \u2192 class 0
[2026-07-19 13:48:21,093] 39 root - INFO - [Attacker] Label flip: 30 samples class 4 \u2192 class 0
[2026-07-19 13:48:21,101] 39 root - INFO - [Attacker] Label flip: 29 samples class 4 \u2192 class 0
[2026-07-19 13:48:21,108] 39 root - INFO - [Attacker] Label flip: 28 samples class 4 \u2192 class 0
[2026-07-19 13:48:21,116] 39 root - INFO - [Attacker] Label flip: 31 samples class 4 \u2192 class 0
[2026-07-19 13:48:21,124] 39 root - INFO - [Attacker] Label flip: 32 samples class 4 \u2192 class 0
[2026-07-19 13:48:21,132] 39 root - INFO - [Attacker] Label flip: 29 samples class 4 \u2192 class 0
[2026-07-19 13:48:21,141] 39 root - INFO - [Attacker] Label flip: 30 samples class 4 \u2192 class 0
[2026-07-19 13:48:21,149] 39 root - INFO - [Attacker] Label flip: 23 samples class 4 \u2192 class 0
[2026-07-19 13:48:21,156] 39 root - INFO - [Attacker] Label flip: 28 samples class 4 \u2192 class 0
[2026-07-19 13:48:21,164] 39 root - INFO - [Attacker] Label flip: 25 samples class 4 \u2192 class 0
[2026-07-19 13:48:21,172] 39 root - INFO - [Attacker] Label flip: 33 samples class 4 \u2192 class 0
[2026-07-19 13:48:21,181] 39 root - INFO - [Attacker] Label flip: 32 samples class 4 \u2192 class 0
[2026-07-19 13:48:21,188] 39 root - INFO - [Attacker] Label flip: 38 samples class 4 \u2192 class 0
[2026-07-19 13:48:21,196] 39 root - INFO - [Attacker] Label flip: 31 samples class 4 \u2192 class 0
[2026-07-19 13:48:21,204] 39 root - INFO - [Attacker] Label flip: 28 samples class 4 \u2192 class 0
[2026-07-19 13:48:21,214] 39 root - INFO - [Attacker] Label flip: 41 samples class 4 \u2192 class 0
[2026-07-19 13:48:21,222] 39 root - INFO - [Attacker] Label flip: 32 samples class 4 \u2192 class 0
[2026-07-19 13:48:21,230] 39 root - INFO - [Attacker] Label flip: 25 samples class 4 \u2192 class 0
[2026-07-19 13:48:21,238] 39 root - INFO - [Attacker] Label flip: 33 samples class 4 \u2192 class 0
[2026-07-19 13:48:21,248] 39 root - INFO - [Attacker] Label flip: 30 samples class 4 \u2192 class 0
[2026-07-19 13:48:21,255] 39 root - INFO - [Attacker] Label flip: 29 samples class 4 \u2192 class 0
[2026-07-19 13:48:21,263] 39 root - INFO - [Attacker] Label flip: 26 samples class 4 \u2192 class 0
[2026-07-19 13:48:21,271] 39 root - INFO - [Attacker] Label flip: 27 samples class 4 \u2192 class 0
[2026-07-19 13:48:21,279] 39 root - INFO - [Attacker] Label flip: 22 samples class 4 \u2192 class 0
[2026-07-19 13:48:21,287] 39 root - INFO - [Attacker] Label flip: 25 samples class 4 \u2192 class 0
[2026-07-19 13:48:21,296] 39 root - INFO - [Attacker] Label flip: 24 samples class 4 \u2192 class 0
[2026-07-19 13:48:21,303] 39 root - INFO - [Attacker] Label flip: 23 samples class 4 \u2192 class 0
[2026-07-19 13:48:21,311] 39 root - INFO - [Attacker] Label flip: 25 samples class 4 \u2192 class 0
[2026-07-19 13:48:21,319] 39 root - INFO - [Attacker] Label flip: 23 samples class 4 \u2192 class 0
[2026-07-19 13:48:21,327] 39 root - INFO - [Attacker] Label flip: 37 samples class 4 \u2192 class 0
[2026-07-19 13:48:21,335] 39 root - INFO - [Attacker] Label flip: 31 samples class 4 \u2192 class 0
[2026-07-19 13:48:21,343] 39 root - INFO - [Attacker] Label flip: 31 samples class 4 \u2192 class 0
[2026-07-19 13:48:21,354] 39 root - INFO - [Attacker] Label flip: 16 samples class 4 \u2192 class 0
[2026-07-19 13:48:21,364] 39 root - INFO - [Attacker] Label flip: 23 samples class 4 \u2192 class 0
[2026-07-19 13:48:21,372] 39 root - INFO - [Attacker] Label flip: 31 samples class 4 \u2192 class 0
[2026-07-19 13:48:21,382] 39 root - INFO - [Attacker] Label flip: 27 samples class 4 \u2192 class 0
[2026-07-19 13:48:21,388] 268 flwr - WARNING - DEPRECATED FEATURE: `client_fn` now expects a signature `def client_fn(context: Context)`.The provided `client_fn` has signature: {'cid': <Parameter "cid: str">}. You can import the `Context` like this: `from flwr.common import Context`

            This is a deprecated feature. It will be removed
            entirely in future versions of Flower.
        
[2026-07-19 13:48:21,390] 39 root - INFO - [Attacker] Label flip: 26 samples class 4 \u2192 class 0
[2026-07-19 13:48:21,398] 39 root - INFO - [Attacker] Label flip: 28 samples class 4 \u2192 class 0
[2026-07-19 13:48:21,406] 39 root - INFO - [Attacker] Label flip: 28 samples class 4 \u2192 class 0
[2026-07-19 13:48:21,416] 39 root - INFO - [Attacker] Label flip: 26 samples class 4 \u2192 class 0
[2026-07-19 13:48:21,429] 39 root - INFO - [Attacker] Label flip: 20 samples class 4 \u2192 class 0
[2026-07-19 13:48:21,439] 39 root - INFO - [Attacker] Label flip: 25 samples class 4 \u2192 class 0
[2026-07-19 13:48:21,447] 39 root - INFO - [Attacker] Label flip: 34 samples class 4 \u2192 class 0
[2026-07-19 13:48:21,455] 39 root - INFO - [Attacker] Label flip: 31 samples class 4 \u2192 class 0
[2026-07-19 13:48:21,463] 39 root - INFO - [Attacker] Label flip: 25 samples class 4 \u2192 class 0
[2026-07-19 13:48:21,483] 39 root - INFO - [Attacker] Label flip: 31 samples class 4 \u2192 class 0
[2026-07-19 13:48:21,490] 39 root - INFO - [Attacker] Label flip: 26 samples class 4 \u2192 class 0
[2026-07-19 13:48:21,499] 39 root - INFO - [Attacker] Label flip: 37 samples class 4 \u2192 class 0
[2026-07-19 13:48:21,507] 39 root - INFO - [Attacker] Label flip: 26 samples class 4 \u2192 class 0
[2026-07-19 13:48:21,515] 39 root - INFO - [Attacker] Label flip: 27 samples class 4 \u2192 class 0
[2026-07-19 13:48:21,523] 39 root - INFO - [Attacker] Label flip: 21 samples class 4 \u2192 class 0
[2026-07-19 13:48:21,532] 39 root - INFO - [Attacker] Label flip: 27 samples class 4 \u2192 class 0
[2026-07-19 13:48:21,541] 39 root - INFO - [Attacker] Label flip: 26 samples class 4 \u2192 class 0
[2026-07-19 13:48:21,549] 39 root - INFO - [Attacker] Label flip: 22 samples class 4 \u2192 class 0
[2026-07-19 13:48:21,557] 39 root - INFO - [Attacker] Label flip: 32 samples class 4 \u2192 class 0
[2026-07-19 13:48:21,565] 39 root - INFO - [Attacker] Label flip: 29 samples class 4 \u2192 class 0
[2026-07-19 13:48:21,573] 39 root - INFO - [Attacker] Label flip: 35 samples class 4 \u2192 class 0
[2026-07-19 13:48:21,581] 39 root - INFO - [Attacker] Label flip: 35 samples class 4 \u2192 class 0
[2026-07-19 13:48:21,589] 39 root - INFO - [Attacker] Label flip: 21 samples class 4 \u2192 class 0
[2026-07-19 13:48:21,597] 39 root - INFO - [Attacker] Label flip: 24 samples class 4 \u2192 class 0
[2026-07-19 13:48:21,604] 39 root - INFO - [Attacker] Label flip: 24 samples class 4 \u2192 class 0
[2026-07-19 13:48:21,612] 39 root - INFO - [Attacker] Label flip: 29 samples class 4 \u2192 class 0
[2026-07-19 13:48:21,622] 39 root - INFO - [Attacker] Label flip: 31 samples class 4 \u2192 class 0
[2026-07-19 13:48:21,630] 39 root - INFO - [Attacker] Label flip: 28 samples class 4 \u2192 class 0
[2026-07-19 13:48:21,638] 39 root - INFO - [Attacker] Label flip: 25 samples class 4 \u2192 class 0
[2026-07-19 13:48:21,644] 39 root - INFO - [Attacker] Label flip: 35 samples class 4 \u2192 class 0
[2026-07-19 13:48:21,652] 39 root - INFO - [Attacker] Label flip: 25 samples class 4 \u2192 class 0
[2026-07-19 13:48:21,660] 39 root - INFO - [Attacker] Label flip: 24 samples class 4 \u2192 class 0
[2026-07-19 13:48:21,670] 39 root - INFO - [Attacker] Label flip: 35 samples class 4 \u2192 class 0
[2026-07-19 13:48:21,678] 39 root - INFO - [Attacker] Label flip: 32 samples class 4 \u2192 class 0
[2026-07-19 13:48:21,688] 39 root - INFO - [Attacker] Label flip: 24 samples class 4 \u2192 class 0
[2026-07-19 13:48:21,695] 39 root - INFO - [Attacker] Label flip: 36 samples class 4 \u2192 class 0
[2026-07-19 13:48:21,703] 39 root - INFO - [Attacker] Label flip: 30 samples class 4 \u2192 class 0
[2026-07-19 13:48:21,710] 39 root - INFO - [Attacker] Label flip: 30 samples class 4 \u2192 class 0
[2026-07-19 13:48:21,718] 39 root - INFO - [Attacker] Label flip: 35 samples class 4 \u2192 class 0
[2026-07-19 13:48:21,728] 39 root - INFO - [Attacker] Label flip: 39 samples class 4 \u2192 class 0
[2026-07-19 13:48:21,736] 39 root - INFO - [Attacker] Label flip: 27 samples class 4 \u2192 class 0
[2026-07-19 13:48:21,744] 39 root - INFO - [Attacker] Label flip: 24 samples class 4 \u2192 class 0
[2026-07-19 13:48:21,752] 39 root - INFO - [Attacker] Label flip: 28 samples class 4 \u2192 class 0
[2026-07-19 13:48:21,760] 39 root - INFO - [Attacker] Label flip: 31 samples class 4 \u2192 class 0
[2026-07-19 13:48:21,768] 39 root - INFO - [Attacker] Label flip: 28 samples class 4 \u2192 class 0
[2026-07-19 13:48:21,777] 39 root - INFO - [Attacker] Label flip: 26 samples class 4 \u2192 class 0
[2026-07-19 13:48:21,785] 39 root - INFO - [Attacker] Label flip: 31 samples class 4 \u2192 class 0
[2026-07-19 13:48:21,791] 39 root - INFO - [Attacker] Label flip: 34 samples class 4 \u2192 class 0
[2026-07-19 13:48:21,800] 39 root - INFO - [Attacker] Label flip: 31 samples class 4 \u2192 class 0
[2026-07-19 13:48:21,808] 39 root - INFO - [Attacker] Label flip: 21 samples class 4 \u2192 class 0
[2026-07-19 13:48:21,816] 39 root - INFO - [Attacker] Label flip: 29 samples class 4 \u2192 class 0
[2026-07-19 13:48:21,824] 39 root - INFO - [Attacker] Label flip: 31 samples class 4 \u2192 class 0
[2026-07-19 13:48:21,833] 39 root - INFO - [Attacker] Label flip: 33 samples class 4 \u2192 class 0
[2026-07-19 13:48:21,840] 39 root - INFO - [Attacker] Label flip: 45 samples class 4 \u2192 class 0
[2026-07-19 13:48:21,848] 39 root - INFO - [Attacker] Label flip: 21 samples class 4 \u2192 class 0
[2026-07-19 13:48:21,856] 39 root - INFO - [Attacker] Label flip: 26 samples class 4 \u2192 class 0
[2026-07-19 13:48:21,865] 39 root - INFO - [Attacker] Label flip: 30 samples class 4 \u2192 class 0
[2026-07-19 13:48:21,871] 39 root - INFO - [Attacker] Label flip: 21 samples class 4 \u2192 class 0
[2026-07-19 13:48:21,879] 39 root - INFO - [Attacker] Label flip: 30 samples class 4 \u2192 class 0
[2026-07-19 13:48:21,886] 39 root - INFO - [Attacker] Label flip: 29 samples class 4 \u2192 class 0
[2026-07-19 13:48:21,894] 39 root - INFO - [Attacker] Label flip: 26 samples class 4 \u2192 class 0
[2026-07-19 13:48:21,903] 39 root - INFO - [Attacker] Label flip: 31 samples class 4 \u2192 class 0
[2026-07-19 13:48:21,911] 39 root - INFO - [Attacker] Label flip: 28 samples class 4 \u2192 class 0
[2026-07-19 13:48:21,919] 39 root - INFO - [Attacker] Label flip: 37 samples class 4 \u2192 class 0
[2026-07-19 13:48:21,927] 39 root - INFO - [Attacker] Label flip: 36 samples class 4 \u2192 class 0
[2026-07-19 13:48:21,935] 39 root - INFO - [Attacker] Label flip: 25 samples class 4 \u2192 class 0
[2026-07-19 13:48:21,942] 39 root - INFO - [Attacker] Label flip: 22 samples class 4 \u2192 class 0
[2026-07-19 13:48:21,949] 39 root - INFO - [Attacker] Label flip: 25 samples class 4 \u2192 class 0
[2026-07-19 13:48:21,956] 39 root - INFO - [Attacker] Label flip: 29 samples class 4 \u2192 class 0
[2026-07-19 13:48:21,966] 39 root - INFO - [Attacker] Label flip: 26 samples class 4 \u2192 class 0
[2026-07-19 13:48:21,977] 39 root - INFO - [Attacker] Label flip: 31 samples class 4 \u2192 class 0
[2026-07-19 13:48:21,986] 39 root - INFO - [Attacker] Label flip: 27 samples class 4 \u2192 class 0
[2026-07-19 13:48:21,992] 39 root - INFO - [Attacker] Label flip: 31 samples class 4 \u2192 class 0
[2026-07-19 13:48:22,002] 39 root - INFO - [Attacker] Label flip: 31 samples class 4 \u2192 class 0
[2026-07-19 13:48:22,010] 39 root - INFO - [Attacker] Label flip: 30 samples class 4 \u2192 class 0
[2026-07-19 13:48:22,018] 39 root - INFO - [Attacker] Label flip: 38 samples class 4 \u2192 class 0
[2026-07-19 13:48:22,026] 39 root - INFO - [Attacker] Label flip: 33 samples class 4 \u2192 class 0
[2026-07-19 13:48:22,034] 39 root - INFO - [Attacker] Label flip: 26 samples class 4 \u2192 class 0
[2026-07-19 13:48:22,042] 39 root - INFO - [Attacker] Label flip: 26 samples class 4 \u2192 class 0
[2026-07-19 13:48:22,050] 39 root - INFO - [Attacker] Label flip: 27 samples class 4 \u2192 class 0
[2026-07-19 13:48:22,058] 39 root - INFO - [Attacker] Label flip: 24 samples class 4 \u2192 class 0
[2026-07-19 13:48:22,066] 39 root - INFO - [Attacker] Label flip: 25 samples class 4 \u2192 class 0
[2026-07-19 13:48:22,074] 39 root - INFO - [Attacker] Label flip: 21 samples class 4 \u2192 class 0
[2026-07-19 13:48:22,081] 39 root - INFO - [Attacker] Label flip: 29 samples class 4 \u2192 class 0
[2026-07-19 13:48:22,089] 39 root - INFO - [Attacker] Label flip: 40 samples class 4 \u2192 class 0
[2026-07-19 13:48:22,095] 39 root - INFO - [Attacker] Label flip: 35 samples class 4 \u2192 class 0
[2026-07-19 13:48:22,106] 39 root - INFO - [Attacker] Label flip: 31 samples class 4 \u2192 class 0
[2026-07-19 13:48:22,113] 39 root - INFO - [Attacker] Label flip: 37 samples class 4 \u2192 class 0
[2026-07-19 13:48:22,121] 39 root - INFO - [Attacker] Label flip: 25 samples class 4 \u2192 class 0
[2026-07-19 13:48:22,129] 39 root - INFO - [Attacker] Label flip: 22 samples class 4 \u2192 class 0
[2026-07-19 13:48:22,137] 39 root - INFO - [Attacker] Label flip: 27 samples class 4 \u2192 class 0
[2026-07-19 13:48:22,145] 39 root - INFO - [Attacker] Label flip: 27 samples class 4 \u2192 class 0
[2026-07-19 13:48:22,153] 39 root - INFO - [Attacker] Label flip: 24 samples class 4 \u2192 class 0
[2026-07-19 13:48:22,163] 39 root - INFO - [Attacker] Label flip: 28 samples class 4 \u2192 class 0
[2026-07-19 13:48:22,169] 268 flwr - WARNING - DEPRECATED FEATURE: `client_fn` now expects a signature `def client_fn(context: Context)`.The provided `client_fn` has signature: {'cid': <Parameter "cid: str">}. You can import the `Context` like this: `from flwr.common import Context`

            This is a deprecated feature. It will be removed
            entirely in future versions of Flower.
        
[2026-07-19 13:48:22,171] 39 root - INFO - [Attacker] Label flip: 31 samples class 4 \u2192 class 0
[2026-07-19 13:48:22,178] 39 root - INFO - [Attacker] Label flip: 21 samples class 4 \u2192 class 0
[2026-07-19 13:48:22,186] 39 root - INFO - [Attacker] Label flip: 24 samples class 4 \u2192 class 0
[2026-07-19 13:48:22,197] 39 root - INFO - [Attacker] Label flip: 38 samples class 4 \u2192 class 0
[2026-07-19 13:48:22,208] 39 root - INFO - [Attacker] Label flip: 30 samples class 4 \u2192 class 0
[2026-07-19 13:48:22,216] 39 root - INFO - [Attacker] Label flip: 17 samples class 4 \u2192 class 0
[2026-07-19 13:48:22,225] 39 root - INFO - [Attacker] Label flip: 22 samples class 4 \u2192 class 0
[2026-07-19 13:48:22,234] 39 root - INFO - [Attacker] Label flip: 28 samples class 4 \u2192 class 0
[2026-07-19 13:48:22,241] 39 root - INFO - [Attacker] Label flip: 28 samples class 4 \u2192 class 0
[2026-07-19 13:48:22,249] 39 root - INFO - [Attacker] Label flip: 26 samples class 4 \u2192 class 0
[2026-07-19 13:48:22,261] 39 root - INFO - [Attacker] Label flip: 20 samples class 4 \u2192 class 0
[2026-07-19 13:48:22,269] 39 root - INFO - [Attacker] Label flip: 33 samples class 4 \u2192 class 0
[2026-07-19 13:48:22,277] 39 root - INFO - [Attacker] Label flip: 32 samples class 4 \u2192 class 0
[2026-07-19 13:48:22,285] 39 root - INFO - [Attacker] Label flip: 31 samples class 4 \u2192 class 0
[2026-07-19 13:48:22,293] 39 root - INFO - [Attacker] Label flip: 28 samples class 4 \u2192 class 0
[2026-07-19 13:48:22,301] 39 root - INFO - [Attacker] Label flip: 34 samples class 4 \u2192 class 0
[2026-07-19 13:48:22,311] 39 root - INFO - [Attacker] Label flip: 30 samples class 4 \u2192 class 0
[2026-07-19 13:48:22,318] 39 root - INFO - [Attacker] Label flip: 27 samples class 4 \u2192 class 0
[2026-07-19 13:48:22,326] 39 root - INFO - [Attacker] Label flip: 21 samples class 4 \u2192 class 0
[2026-07-19 13:48:22,334] 39 root - INFO - [Attacker] Label flip: 22 samples class 4 \u2192 class 0
[2026-07-19 13:48:22,344] 39 root - INFO - [Attacker] Label flip: 35 samples class 4 \u2192 class 0
[2026-07-19 13:48:22,352] 39 root - INFO - [Attacker] Label flip: 36 samples class 4 \u2192 class 0
[2026-07-19 13:48:22,360] 39 root - INFO - [Attacker] Label flip: 24 samples class 4 \u2192 class 0
[2026-07-19 13:48:22,368] 39 root - INFO - [Attacker] Label flip: 32 samples class 4 \u2192 class 0
[2026-07-19 13:48:22,378] 39 root - INFO - [Attacker] Label flip: 25 samples class 4 \u2192 class 0
[2026-07-19 13:48:22,386] 39 root - INFO - [Attacker] Label flip: 23 samples class 4 \u2192 class 0
[2026-07-19 13:48:22,391] 39 root - INFO - [Attacker] Label flip: 28 samples class 4 \u2192 class 0
[2026-07-19 13:48:22,399] 39 root - INFO - [Attacker] Label flip: 33 samples class 4 \u2192 class 0
[2026-07-19 13:48:22,407] 39 root - INFO - [Attacker] Label flip: 32 samples class 4 \u2192 class 0
[2026-07-19 13:48:22,415] 39 root - INFO - [Attacker] Label flip: 32 samples class 4 \u2192 class 0
[2026-07-19 13:48:22,425] 39 root - INFO - [Attacker] Label flip: 20 samples class 4 \u2192 class 0
[2026-07-19 13:48:22,436] 39 root - INFO - [Attacker] Label flip: 26 samples class 4 \u2192 class 0
[2026-07-19 13:48:22,447] 39 root - INFO - [Attacker] Label flip: 30 samples class 4 \u2192 class 0
[2026-07-19 13:48:22,454] 39 root - INFO - [Attacker] Label flip: 23 samples class 4 \u2192 class 0
[2026-07-19 13:48:22,462] 39 root - INFO - [Attacker] Label flip: 25 samples class 4 \u2192 class 0
[2026-07-19 13:48:22,471] 39 root - INFO - [Attacker] Label flip: 27 samples class 4 \u2192 class 0
[2026-07-19 13:48:22,487] 39 root - INFO - [Attacker] Label flip: 28 samples class 4 \u2192 class 0
[2026-07-19 13:48:22,494] 39 root - INFO - [Attacker] Label flip: 31 samples class 4 \u2192 class 0
[2026-07-19 13:48:22,502] 39 root - INFO - [Attacker] Label flip: 25 samples class 4 \u2192 class 0
[2026-07-19 13:48:22,510] 39 root - INFO - [Attacker] Label flip: 33 samples class 4 \u2192 class 0
[2026-07-19 13:48:22,518] 39 root - INFO - [Attacker] Label flip: 31 samples class 4 \u2192 class 0
[2026-07-19 13:48:22,526] 39 root - INFO - [Attacker] Label flip: 28 samples class 4 \u2192 class 0
[2026-07-19 13:48:22,534] 39 root - INFO - [Attacker] Label flip: 42 samples class 4 \u2192 class 0
[2026-07-19 13:48:22,540] 39 root - INFO - [Attacker] Label flip: 27 samples class 4 \u2192 class 0
[2026-07-19 13:48:22,549] 39 root - INFO - [Attacker] Label flip: 28 samples class 4 \u2192 class 0
[2026-07-19 13:48:22,556] 39 root - INFO - [Attacker] Label flip: 16 samples class 4 \u2192 class 0
[2026-07-19 13:48:22,564] 39 root - INFO - [Attacker] Label flip: 32 samples class 4 \u2192 class 0
[2026-07-19 13:48:22,570] 39 root - INFO - [Attacker] Label flip: 23 samples class 4 \u2192 class 0
[2026-07-19 13:48:22,578] 39 root - INFO - [Attacker] Label flip: 35 samples class 4 \u2192 class 0
[2026-07-19 13:48:22,586] 39 root - INFO - [Attacker] Label flip: 33 samples class 4 \u2192 class 0
[2026-07-19 13:48:22,594] 39 root - INFO - [Attacker] Label flip: 29 samples class 4 \u2192 class 0
[2026-07-19 13:48:22,601] 39 root - INFO - [Attacker] Label flip: 26 samples class 4 \u2192 class 0
[2026-07-19 13:48:22,609] 39 root - INFO - [Attacker] Label flip: 27 samples class 4 \u2192 class 0
[2026-07-19 13:48:22,617] 39 root - INFO - [Attacker] Label flip: 32 samples class 4 \u2192 class 0
[2026-07-19 13:48:22,623] 39 root - INFO - [Attacker] Label flip: 25 samples class 4 \u2192 class 0
[2026-07-19 13:48:22,631] 39 root - INFO - [Attacker] Label flip: 33 samples class 4 \u2192 class 0
[2026-07-19 13:48:22,640] 39 root - INFO - [Attacker] Label flip: 31 samples class 4 \u2192 class 0
[2026-07-19 13:48:22,652] 39 root - INFO - [Attacker] Label flip: 29 samples class 4 \u2192 class 0
[2026-07-19 13:48:22,659] 39 root - INFO - [Attacker] Label flip: 32 samples class 4 \u2192 class 0
[2026-07-19 13:48:22,667] 39 root - INFO - [Attacker] Label flip: 28 samples class 4 \u2192 class 0
[2026-07-19 13:48:22,673] 39 root - INFO - [Attacker] Label flip: 22 samples class 4 \u2192 class 0
[2026-07-19 13:48:22,681] 39 root - INFO - [Attacker] Label flip: 28 samples class 4 \u2192 class 0
[2026-07-19 13:48:22,689] 39 root - INFO - [Attacker] Label flip: 28 samples class 4 \u2192 class 0
[2026-07-19 13:48:22,697] 39 root - INFO - [Attacker] Label flip: 31 samples class 4 \u2192 class 0
[2026-07-19 13:48:22,704] 39 root - INFO - [Attacker] Label flip: 29 samples class 4 \u2192 class 0
[2026-07-19 13:48:22,712] 39 root - INFO - [Attacker] Label flip: 23 samples class 4 \u2192 class 0
[2026-07-19 13:48:22,720] 39 root - INFO - [Attacker] Label flip: 27 samples class 4 \u2192 class 0
[2026-07-19 13:48:22,728] 39 root - INFO - [Attacker] Label flip: 28 samples class 4 \u2192 class 0
[2026-07-19 13:48:22,736] 39 root - INFO - [Attacker] Label flip: 34 samples class 4 \u2192 class 0
[2026-07-19 13:48:22,743] 39 root - INFO - [Attacker] Label flip: 34 samples class 4 \u2192 class 0
[2026-07-19 13:48:22,751] 39 root - INFO - [Attacker] Label flip: 26 samples class 4 \u2192 class 0
[2026-07-19 13:48:22,759] 39 root - INFO - [Attacker] Label flip: 31 samples class 4 \u2192 class 0
[2026-07-19 13:48:22,765] 39 root - INFO - [Attacker] Label flip: 30 samples class 4 \u2192 class 0
[2026-07-19 13:48:22,773] 39 root - INFO - [Attacker] Label flip: 26 samples class 4 \u2192 class 0
[2026-07-19 13:48:22,781] 39 root - INFO - [Attacker] Label flip: 31 samples class 4 \u2192 class 0
[2026-07-19 13:48:22,788] 39 root - INFO - [Attacker] Label flip: 28 samples class 4 \u2192 class 0
[2026-07-19 13:48:22,796] 39 root - INFO - [Attacker] Label flip: 24 samples class 4 \u2192 class 0
[2026-07-19 13:48:22,805] 39 root - INFO - [Attacker] Label flip: 31 samples class 4 \u2192 class 0
[2026-07-19 13:48:22,813] 39 root - INFO - [Attacker] Label flip: 34 samples class 4 \u2192 class 0
[2026-07-19 13:48:22,821] 39 root - INFO - [Attacker] Label flip: 30 samples class 4 \u2192 class 0
[2026-07-19 13:48:22,828] 39 root - INFO - [Attacker] Label flip: 28 samples class 4 \u2192 class 0
[2026-07-19 13:48:22,836] 39 root - INFO - [Attacker] Label flip: 19 samples class 4 \u2192 class 0
[2026-07-19 13:48:22,844] 39 root - INFO - [Attacker] Label flip: 27 samples class 4 \u2192 class 0
[2026-07-19 13:48:22,852] 39 root - INFO - [Attacker] Label flip: 28 samples class 4 \u2192 class 0
[2026-07-19 13:48:22,860] 39 root - INFO - [Attacker] Label flip: 22 samples class 4 \u2192 class 0
[2026-07-19 13:48:22,868] 39 root - INFO - [Attacker] Label flip: 23 samples class 4 \u2192 class 0
[2026-07-19 13:48:22,876] 39 root - INFO - [Attacker] Label flip: 38 samples class 4 \u2192 class 0
[2026-07-19 13:48:22,886] 39 root - INFO - [Attacker] Label flip: 39 samples class 4 \u2192 class 0
[2026-07-19 13:48:22,891] 39 root - INFO - [Attacker] Label flip: 34 samples class 4 \u2192 class 0
[2026-07-19 13:48:22,899] 39 root - INFO - [Attacker] Label flip: 32 samples class 4 \u2192 class 0
[2026-07-19 13:48:22,907] 39 root - INFO - [Attacker] Label flip: 28 samples class 4 \u2192 class 0
[2026-07-19 13:48:22,917] 39 root - INFO - [Attacker] Label flip: 25 samples class 4 \u2192 class 0
[2026-07-19 13:48:22,925] 39 root - INFO - [Attacker] Label flip: 30 samples class 4 \u2192 class 0
[2026-07-19 13:48:22,933] 39 root - INFO - [Attacker] Label flip: 36 samples class 4 \u2192 class 0
[2026-07-19 13:48:22,941] 39 root - INFO - [Attacker] Label flip: 27 samples class 4 \u2192 class 0
[2026-07-19 13:48:22,949] 39 root - INFO - [Attacker] Label flip: 33 samples class 4 \u2192 class 0
[2026-07-19 13:48:22,955] 39 root - INFO - [Attacker] Label flip: 21 samples class 4 \u2192 class 0
[2026-07-19 13:48:22,963] 39 root - INFO - [Attacker] Label flip: 30 samples class 4 \u2192 class 0
[2026-07-19 13:48:22,971] 39 root - INFO - [Attacker] Label flip: 30 samples class 4 \u2192 class 0
[2026-07-19 13:48:22,983] 39 root - INFO - [Attacker] Label flip: 39 samples class 4 \u2192 class 0
[2026-07-19 13:48:22,991] 39 root - INFO - [Attacker] Label flip: 28 samples class 4 \u2192 class 0
[2026-07-19 13:48:22,999] 39 root - INFO - [Attacker] Label flip: 26 samples class 4 \u2192 class 0
[2026-07-19 13:48:23,005] 39 root - INFO - [Attacker] Label flip: 27 samples class 4 \u2192 class 0
[2026-07-19 13:48:23,013] 39 root - INFO - [Attacker] Label flip: 37 samples class 4 \u2192 class 0
[2026-07-19 13:48:23,021] 39 root - INFO - [Attacker] Label flip: 28 samples class 4 \u2192 class 0
[2026-07-19 13:48:23,029] 39 root - INFO - [Attacker] Label flip: 26 samples class 4 \u2192 class 0
[2026-07-19 13:48:23,038] 39 root - INFO - [Attacker] Label flip: 33 samples class 4 \u2192 class 0
[2026-07-19 13:48:23,046] 39 root - INFO - [Attacker] Label flip: 27 samples class 4 \u2192 class 0
[2026-07-19 13:48:23,054] 39 root - INFO - [Attacker] Label flip: 22 samples class 4 \u2192 class 0
[2026-07-19 13:48:23,062] 39 root - INFO - [Attacker] Label flip: 21 samples class 4 \u2192 class 0
[2026-07-19 13:48:23,068] 39 root - INFO - [Attacker] Label flip: 27 samples class 4 \u2192 class 0
[2026-07-19 13:48:23,077] 39 root - INFO - [Attacker] Label flip: 22 samples class 4 \u2192 class 0
[2026-07-19 13:48:23,087] 39 root - INFO - [Attacker] Label flip: 36 samples class 4 \u2192 class 0
[2026-07-19 13:48:23,095] 39 root - INFO - [Attacker] Label flip: 22 samples class 4 \u2192 class 0
[2026-07-19 13:48:23,102] 39 root - INFO - [Attacker] Label flip: 26 samples class 4 \u2192 class 0
[2026-07-19 13:48:23,108] 39 root - INFO - [Attacker] Label flip: 23 samples class 4 \u2192 class 0
[2026-07-19 13:48:23,118] 39 root - INFO - [Attacker] Label flip: 20 samples class 4 \u2192 class 0
[2026-07-19 13:48:23,126] 39 root - INFO - [Attacker] Label flip: 20 samples class 4 \u2192 class 0
[2026-07-19 13:48:23,134] 39 root - INFO - [Attacker] Label flip: 19 samples class 4 \u2192 class 0
[2026-07-19 13:48:23,142] 39 root - INFO - [Attacker] Label flip: 23 samples class 4 \u2192 class 0
[2026-07-19 13:48:23,147] 39 root - INFO - [Attacker] Label flip: 38 samples class 4 \u2192 class 0
[2026-07-19 13:48:23,155] 39 root - INFO - [Attacker] Label flip: 30 samples class 4 \u2192 class 0
[2026-07-19 13:48:23,163] 39 root - INFO - [Attacker] Label flip: 32 samples class 4 \u2192 class 0
[2026-07-19 13:48:23,170] 39 root - INFO - [Attacker] Label flip: 25 samples class 4 \u2192 class 0
[2026-07-19 13:48:23,179] 39 root - INFO - [Attacker] Label flip: 32 samples class 4 \u2192 class 0
[2026-07-19 13:48:23,185] 39 root - INFO - [Attacker] Label flip: 38 samples class 4 \u2192 class 0
[2026-07-19 13:48:23,193] 39 root - INFO - [Attacker] Label flip: 34 samples class 4 \u2192 class 0
[2026-07-19 13:48:23,201] 39 root - INFO - [Attacker] Label flip: 31 samples class 4 \u2192 class 0
[2026-07-19 13:48:23,209] 39 root - INFO - [Attacker] Label flip: 25 samples class 4 \u2192 class 0
[2026-07-19 13:48:23,217] 39 root - INFO - [Attacker] Label flip: 41 samples class 4 \u2192 class 0
[2026-07-19 13:48:23,225] 39 root - INFO - [Attacker] Label flip: 36 samples class 4 \u2192 class 0
[2026-07-19 13:48:23,233] 39 root - INFO - [Attacker] Label flip: 33 samples class 4 \u2192 class 0
[2026-07-19 13:48:23,238] 39 root - INFO - [Attacker] Label flip: 35 samples class 4 \u2192 class 0
[2026-07-19 13:48:23,248] 39 root - INFO - [Attacker] Label flip: 24 samples class 4 \u2192 class 0
[2026-07-19 13:48:23,256] 39 root - INFO - [Attacker] Label flip: 25 samples class 4 \u2192 class 0
[2026-07-19 13:48:23,264] 39 root - INFO - [Attacker] Label flip: 32 samples class 4 \u2192 class 0
[2026-07-19 13:48:23,272] 39 root - INFO - [Attacker] Label flip: 26 samples class 4 \u2192 class 0
[2026-07-19 13:48:23,280] 39 root - INFO - [Attacker] Label flip: 28 samples class 4 \u2192 class 0
[2026-07-19 13:48:23,288] 39 root - INFO - [Attacker] Label flip: 34 samples class 4 \u2192 class 0
[2026-07-19 13:48:23,298] 39 root - INFO - [Attacker] Label flip: 35 samples class 4 \u2192 class 0
[2026-07-19 13:48:23,304] 39 root - INFO - [Attacker] Label flip: 29 samples class 4 \u2192 class 0
[2026-07-19 13:48:23,312] 39 root - INFO - [Attacker] Label flip: 37 samples class 4 \u2192 class 0
[2026-07-19 13:48:23,320] 39 root - INFO - [Attacker] Label flip: 28 samples class 4 \u2192 class 0
[2026-07-19 13:48:23,327] 39 root - INFO - [Attacker] Label flip: 37 samples class 4 \u2192 class 0
[2026-07-19 13:48:23,333] 39 root - INFO - [Attacker] Label flip: 30 samples class 4 \u2192 class 0
[2026-07-19 13:48:23,341] 39 root - INFO - [Attacker] Label flip: 31 samples class 4 \u2192 class 0
[2026-07-19 13:48:23,349] 39 root - INFO - [Attacker] Label flip: 35 samples class 4 \u2192 class 0
[2026-07-19 13:48:23,357] 39 root - INFO - [Attacker] Label flip: 24 samples class 4 \u2192 class 0
[2026-07-19 13:48:23,365] 39 root - INFO - [Attacker] Label flip: 36 samples class 4 \u2192 class 0
[2026-07-19 13:48:23,373] 39 root - INFO - [Attacker] Label flip: 23 samples class 4 \u2192 class 0
[2026-07-19 13:48:23,381] 39 root - INFO - [Attacker] Label flip: 28 samples class 4 \u2192 class 0
[2026-07-19 13:48:23,389] 39 root - INFO - [Attacker] Label flip: 36 samples class 4 \u2192 class 0
[2026-07-19 13:48:23,397] 39 root - INFO - [Attacker] Label flip: 33 samples class 4 \u2192 class 0
[2026-07-19 13:48:23,403] 39 root - INFO - [Attacker] Label flip: 29 samples class 4 \u2192 class 0
[2026-07-19 13:48:23,414] 39 root - INFO - [Attacker] Label flip: 21 samples class 4 \u2192 class 0
[2026-07-19 13:48:23,420] 39 root - INFO - [Attacker] Label flip: 23 samples class 4 \u2192 class 0
[2026-07-19 13:48:23,428] 39 root - INFO - [Attacker] Label flip: 31 samples class 4 \u2192 class 0
[2026-07-19 13:48:23,436] 39 root - INFO - [Attacker] Label flip: 22 samples class 4 \u2192 class 0
[2026-07-19 13:48:23,444] 39 root - INFO - [Attacker] Label flip: 27 samples class 4 \u2192 class 0
[2026-07-19 13:48:23,452] 39 root - INFO - [Attacker] Label flip: 28 samples class 4 \u2192 class 0
[2026-07-19 13:48:23,458] 39 root - INFO - [Attacker] Label flip: 27 samples class 4 \u2192 class 0
[2026-07-19 13:48:23,466] 39 root - INFO - [Attacker] Label flip: 25 samples class 4 \u2192 class 0
[2026-07-19 13:48:23,473] 39 root - INFO - [Attacker] Label flip: 38 samples class 4 \u2192 class 0
[2026-07-19 13:48:23,484] 39 root - INFO - [Attacker] Label flip: 20 samples class 4 \u2192 class 0
[2026-07-19 13:48:23,491] 39 root - INFO - [Attacker] Label flip: 25 samples class 4 \u2192 class 0
[2026-07-19 13:48:23,499] 39 root - INFO - [Attacker] Label flip: 38 samples class 4 \u2192 class 0
[2026-07-19 13:48:23,507] 39 root - INFO - [Attacker] Label flip: 20 samples class 4 \u2192 class 0
[2026-07-19 13:48:23,513] 39 root - INFO - [Attacker] Label flip: 30 samples class 4 \u2192 class 0
[2026-07-19 13:48:23,521] 39 root - INFO - [Attacker] Label flip: 35 samples class 4 \u2192 class 0
[2026-07-19 13:48:23,529] 39 root - INFO - [Attacker] Label flip: 42 samples class 4 \u2192 class 0
[2026-07-19 13:48:23,537] 39 root - INFO - [Attacker] Label flip: 27 samples class 4 \u2192 class 0
[2026-07-19 13:48:23,547] 39 root - INFO - [Attacker] Label flip: 27 samples class 4 \u2192 class 0
[2026-07-19 13:48:23,554] 39 root - INFO - [Attacker] Label flip: 36 samples class 4 \u2192 class 0
[2026-07-19 13:48:23,560] 39 root - INFO - [Attacker] Label flip: 20 samples class 4 \u2192 class 0
[2026-07-19 13:48:23,568] 39 root - INFO - [Attacker] Label flip: 20 samples class 4 \u2192 class 0
[2026-07-19 13:48:23,576] 39 root - INFO - [Attacker] Label flip: 19 samples class 4 \u2192 class 0
[2026-07-19 13:48:23,586] 39 root - INFO - [Attacker] Label flip: 28 samples class 4 \u2192 class 0
[2026-07-19 13:48:23,592] 39 root - INFO - [Attacker] Label flip: 37 samples class 4 \u2192 class 0
[2026-07-19 13:48:23,600] 39 root - INFO - [Attacker] Label flip: 37 samples class 4 \u2192 class 0
[2026-07-19 13:48:23,608] 39 root - INFO - [Attacker] Label flip: 39 samples class 4 \u2192 class 0
[2026-07-19 13:48:23,616] 39 root - INFO - [Attacker] Label flip: 26 samples class 4 \u2192 class 0
[2026-07-19 13:48:23,624] 39 root - INFO - [Attacker] Label flip: 31 samples class 4 \u2192 class 0
[2026-07-19 13:48:23,631] 39 root - INFO - [Attacker] Label flip: 24 samples class 4 \u2192 class 0
[2026-07-19 13:48:23,637] 39 root - INFO - [Attacker] Label flip: 30 samples class 4 \u2192 class 0
[2026-07-19 13:48:23,645] 39 root - INFO - [Attacker] Label flip: 32 samples class 4 \u2192 class 0
[2026-07-19 13:48:23,653] 39 root - INFO - [Attacker] Label flip: 27 samples class 4 \u2192 class 0
[2026-07-19 13:48:23,663] 39 root - INFO - [Attacker] Label flip: 26 samples class 4 \u2192 class 0
[2026-07-19 13:48:23,669] 39 root - INFO - [Attacker] Label flip: 35 samples class 4 \u2192 class 0
[2026-07-19 13:48:23,677] 39 root - INFO - [Attacker] Label flip: 24 samples class 4 \u2192 class 0
[2026-07-19 13:48:23,685] 39 root - INFO - [Attacker] Label flip: 33 samples class 4 \u2192 class 0
[2026-07-19 13:48:23,693] 39 root - INFO - [Attacker] Label flip: 27 samples class 4 \u2192 class 0
[2026-07-19 13:48:23,699] 39 root - INFO - [Attacker] Label flip: 28 samples class 4 \u2192 class 0
[2026-07-19 13:48:23,706] 39 root - INFO - [Attacker] Label flip: 32 samples class 4 \u2192 class 0
[2026-07-19 13:48:23,716] 39 root - INFO - [Attacker] Label flip: 22 samples class 4 \u2192 class 0
[2026-07-19 13:48:23,724] 39 root - INFO - [Attacker] Label flip: 27 samples class 4 \u2192 class 0
[2026-07-19 13:48:23,732] 39 root - INFO - [Attacker] Label flip: 31 samples class 4 \u2192 class 0
[2026-07-19 13:48:23,740] 39 root - INFO - [Attacker] Label flip: 32 samples class 4 \u2192 class 0
[2026-07-19 13:48:23,748] 39 root - INFO - [Attacker] Label flip: 22 samples class 4 \u2192 class 0
[2026-07-19 13:48:23,756] 39 root - INFO - [Attacker] Label flip: 23 samples class 4 \u2192 class 0
[2026-07-19 13:48:23,764] 39 root - INFO - [Attacker] Label flip: 38 samples class 4 \u2192 class 0
[2026-07-19 13:48:23,772] 39 root - INFO - [Attacker] Label flip: 32 samples class 4 \u2192 class 0
[2026-07-19 13:48:23,780] 39 root - INFO - [Attacker] Label flip: 26 samples class 4 \u2192 class 0
[2026-07-19 13:48:23,787] 39 root - INFO - [Attacker] Label flip: 28 samples class 4 \u2192 class 0
[2026-07-19 13:48:23,795] 39 root - INFO - [Attacker] Label flip: 29 samples class 4 \u2192 class 0
[2026-07-19 13:48:23,803] 39 root - INFO - [Attacker] Label flip: 36 samples class 4 \u2192 class 0
[2026-07-19 13:48:23,810] 39 root - INFO - [Attacker] Label flip: 35 samples class 4 \u2192 class 0
[2026-07-19 13:48:23,818] 39 root - INFO - [Attacker] Label flip: 23 samples class 4 \u2192 class 0
[2026-07-19 13:48:23,825] 39 root - INFO - [Attacker] Label flip: 33 samples class 4 \u2192 class 0
[2026-07-19 13:48:23,833] 39 root - INFO - [Attacker] Label flip: 31 samples class 4 \u2192 class 0
[2026-07-19 13:48:23,839] 39 root - INFO - [Attacker] Label flip: 22 samples class 4 \u2192 class 0
[2026-07-19 13:48:23,849] 39 root - INFO - [Attacker] Label flip: 26 samples class 4 \u2192 class 0
[2026-07-19 13:48:23,855] 39 root - INFO - [Attacker] Label flip: 34 samples class 4 \u2192 class 0
[2026-07-19 13:48:23,863] 39 root - INFO - [Attacker] Label flip: 26 samples class 4 \u2192 class 0
[2026-07-19 13:48:23,871] 39 root - INFO - [Attacker] Label flip: 37 samples class 4 \u2192 class 0
[2026-07-19 13:48:23,878] 39 root - INFO - [Attacker] Label flip: 26 samples class 4 \u2192 class 0
[2026-07-19 13:48:23,886] 39 root - INFO - [Attacker] Label flip: 31 samples class 4 \u2192 class 0
[2026-07-19 13:48:23,894] 39 root - INFO - [Attacker] Label flip: 21 samples class 4 \u2192 class 0
[2026-07-19 13:48:23,900] 39 root - INFO - [Attacker] Label flip: 29 samples class 4 \u2192 class 0
[2026-07-19 13:48:23,910] 39 root - INFO - [Attacker] Label flip: 28 samples class 4 \u2192 class 0
[2026-07-19 13:48:23,918] 39 root - INFO - [Attacker] Label flip: 21 samples class 4 \u2192 class 0
[2026-07-19 13:48:23,924] 39 root - INFO - [Attacker] Label flip: 29 samples class 4 \u2192 class 0
[2026-07-19 13:48:23,932] 39 root - INFO - [Attacker] Label flip: 25 samples class 4 \u2192 class 0
[2026-07-19 13:48:23,940] 39 root - INFO - [Attacker] Label flip: 26 samples class 4 \u2192 class 0
[2026-07-19 13:48:23,949] 39 root - INFO - [Attacker] Label flip: 32 samples class 4 \u2192 class 0
[2026-07-19 13:48:23,957] 39 root - INFO - [Attacker] Label flip: 28 samples class 4 \u2192 class 0
[2026-07-19 13:48:23,965] 39 root - INFO - [Attacker] Label flip: 31 samples class 4 \u2192 class 0
[2026-07-19 13:48:23,971] 39 root - INFO - [Attacker] Label flip: 28 samples class 4 \u2192 class 0
[2026-07-19 13:48:23,979] 39 root - INFO - [Attacker] Label flip: 29 samples class 4 \u2192 class 0
[2026-07-19 13:48:23,987] 39 root - INFO - [Attacker] Label flip: 30 samples class 4 \u2192 class 0
[2026-07-19 13:48:23,995] 39 root - INFO - [Attacker] Label flip: 41 samples class 4 \u2192 class 0
[2026-07-19 13:48:24,001] 39 root - INFO - [Attacker] Label flip: 28 samples class 4 \u2192 class 0
[2026-07-19 13:48:24,009] 39 root - INFO - [Attacker] Label flip: 21 samples class 4 \u2192 class 0
[2026-07-19 13:48:24,018] 39 root - INFO - [Attacker] Label flip: 20 samples class 4 \u2192 class 0
[2026-07-19 13:48:24,024] 39 root - INFO - [Attacker] Label flip: 22 samples class 4 \u2192 class 0
[2026-07-19 13:48:24,033] 39 root - INFO - [Attacker] Label flip: 31 samples class 4 \u2192 class 0
[2026-07-19 13:48:24,039] 39 root - INFO - [Attacker] Label flip: 30 samples class 4 \u2192 class 0
[2026-07-19 13:48:24,046] 39 root - INFO - [Attacker] Label flip: 26 samples class 4 \u2192 class 0
[2026-07-19 13:48:24,054] 39 root - INFO - [Attacker] Label flip: 29 samples class 4 \u2192 class 0
[2026-07-19 13:48:24,062] 39 root - INFO - [Attacker] Label flip: 30 samples class 4 \u2192 class 0
[2026-07-19 13:48:24,070] 39 root - INFO - [Attacker] Label flip: 37 samples class 4 \u2192 class 0
[2026-07-19 13:48:24,080] 39 root - INFO - [Attacker] Label flip: 32 samples class 4 \u2192 class 0
[2026-07-19 13:48:24,088] 39 root - INFO - [Attacker] Label flip: 27 samples class 4 \u2192 class 0
[2026-07-19 13:48:24,096] 39 root - INFO - [Attacker] Label flip: 21 samples class 4 \u2192 class 0
[2026-07-19 13:48:24,102] 39 root - INFO - [Attacker] Label flip: 32 samples class 4 \u2192 class 0
[2026-07-19 13:48:24,110] 39 root - INFO - [Attacker] Label flip: 30 samples class 4 \u2192 class 0
[2026-07-19 13:48:24,118] 39 root - INFO - [Attacker] Label flip: 32 samples class 4 \u2192 class 0
[2026-07-19 13:48:24,125] 39 root - INFO - [Attacker] Label flip: 27 samples class 4 \u2192 class 0
[2026-07-19 13:48:24,133] 39 root - INFO - [Attacker] Label flip: 27 samples class 4 \u2192 class 0
[2026-07-19 13:48:24,141] 39 root - INFO - [Attacker] Label flip: 18 samples class 4 \u2192 class 0
[2026-07-19 13:48:24,149] 39 root - INFO - [Attacker] Label flip: 20 samples class 4 \u2192 class 0
[2026-07-19 13:48:24,157] 39 root - INFO - [Attacker] Label flip: 31 samples class 4 \u2192 class 0
[2026-07-19 13:48:24,163] 39 root - INFO - [Attacker] Label flip: 30 samples class 4 \u2192 class 0
[2026-07-19 13:48:24,171] 39 root - INFO - [Attacker] Label flip: 27 samples class 4 \u2192 class 0
[2026-07-19 13:48:24,179] 39 root - INFO - [Attacker] Label flip: 28 samples class 4 \u2192 class 0
[2026-07-19 13:48:24,187] 39 root - INFO - [Attacker] Label flip: 26 samples class 4 \u2192 class 0
[2026-07-19 13:48:24,195] 39 root - INFO - [Attacker] Label flip: 27 samples class 4 \u2192 class 0
[2026-07-19 13:48:24,201] 39 root - INFO - [Attacker] Label flip: 28 samples class 4 \u2192 class 0
[2026-07-19 13:48:24,210] 39 root - INFO - [Attacker] Label flip: 28 samples class 4 \u2192 class 0
[2026-07-19 13:48:24,218] 39 root - INFO - [Attacker] Label flip: 26 samples class 4 \u2192 class 0
[2026-07-19 13:48:24,224] 39 root - INFO - [Attacker] Label flip: 28 samples class 4 \u2192 class 0
[2026-07-19 13:48:24,232] 39 root - INFO - [Attacker] Label flip: 31 samples class 4 \u2192 class 0
[2026-07-19 13:48:24,240] 39 root - INFO - [Attacker] Label flip: 24 samples class 4 \u2192 class 0
[2026-07-19 13:48:24,248] 39 root - INFO - [Attacker] Label flip: 34 samples class 4 \u2192 class 0
[2026-07-19 13:48:24,254] 39 root - INFO - [Attacker] Label flip: 32 samples class 4 \u2192 class 0
[2026-07-19 13:48:24,262] 39 root - INFO - [Attacker] Label flip: 32 samples class 4 \u2192 class 0
[2026-07-19 13:48:24,270] 39 root - INFO - [Attacker] Label flip: 25 samples class 4 \u2192 class 0
[2026-07-19 13:48:24,279] 39 root - INFO - [Attacker] Label flip: 21 samples class 4 \u2192 class 0
[2026-07-19 13:48:24,287] 39 root - INFO - [Attacker] Label flip: 35 samples class 4 \u2192 class 0
[2026-07-19 13:48:24,293] 39 root - INFO - [Attacker] Label flip: 21 samples class 4 \u2192 class 0
[2026-07-19 13:48:24,301] 39 root - INFO - [Attacker] Label flip: 30 samples class 4 \u2192 class 0
[2026-07-19 13:48:24,309] 39 root - INFO - [Attacker] Label flip: 24 samples class 4 \u2192 class 0
[2026-07-19 13:48:24,317] 39 root - INFO - [Attacker] Label flip: 23 samples class 4 \u2192 class 0
[2026-07-19 13:48:24,325] 39 root - INFO - [Attacker] Label flip: 32 samples class 4 \u2192 class 0
[2026-07-19 13:48:24,334] 39 root - INFO - [Attacker] Label flip: 31 samples class 4 \u2192 class 0
[2026-07-19 13:48:24,340] 39 root - INFO - [Attacker] Label flip: 31 samples class 4 \u2192 class 0
[2026-07-19 13:48:24,348] 39 root - INFO - [Attacker] Label flip: 39 samples class 4 \u2192 class 0
[2026-07-19 13:48:24,356] 39 root - INFO - [Attacker] Label flip: 29 samples class 4 \u2192 class 0
[2026-07-19 13:48:24,364] 39 root - INFO - [Attacker] Label flip: 24 samples class 4 \u2192 class 0
[2026-07-19 13:48:24,371] 39 root - INFO - [Attacker] Label flip: 32 samples class 4 \u2192 class 0
[2026-07-19 13:48:24,383] 39 root - INFO - [Attacker] Label flip: 31 samples class 4 \u2192 class 0
[2026-07-19 13:48:24,391] 39 root - INFO - [Attacker] Label flip: 20 samples class 4 \u2192 class 0
[2026-07-19 13:48:24,399] 39 root - INFO - [Attacker] Label flip: 34 samples class 4 \u2192 class 0
[2026-07-19 13:48:24,407] 39 root - INFO - [Attacker] Label flip: 23 samples class 4 \u2192 class 0
[2026-07-19 13:48:24,419] 39 root - INFO - [Attacker] Label flip: 28 samples class 4 \u2192 class 0
[2026-07-19 13:48:24,427] 39 root - INFO - [Attacker] Label flip: 22 samples class 4 \u2192 class 0
[2026-07-19 13:48:24,435] 39 root - INFO - [Attacker] Label flip: 36 samples class 4 \u2192 class 0
[2026-07-19 13:48:24,443] 39 root - INFO - [Attacker] Label flip: 34 samples class 4 \u2192 class 0
[2026-07-19 13:48:24,456] 39 root - INFO - [Attacker] Label flip: 20 samples class 4 \u2192 class 0
[2026-07-19 13:48:24,464] 39 root - INFO - [Attacker] Label flip: 21 samples class 4 \u2192 class 0
[2026-07-19 13:48:24,472] 39 root - INFO - [Attacker] Label flip: 26 samples class 4 \u2192 class 0
[2026-07-19 13:48:24,480] 39 root - INFO - [Attacker] Label flip: 29 samples class 4 \u2192 class 0
[2026-07-19 13:48:24,494] 39 root - INFO - [Attacker] Label flip: 30 samples class 4 \u2192 class 0
[2026-07-19 13:48:24,502] 39 root - INFO - [Attacker] Label flip: 28 samples class 4 \u2192 class 0
[2026-07-19 13:48:24,510] 39 root - INFO - [Attacker] Label flip: 27 samples class 4 \u2192 class 0
[2026-07-19 13:48:24,518] 39 root - INFO - [Attacker] Label flip: 25 samples class 4 \u2192 class 0
[2026-07-19 13:48:24,528] 39 root - INFO - [Attacker] Label flip: 29 samples class 4 \u2192 class 0
[2026-07-19 13:48:24,536] 39 root - INFO - [Attacker] Label flip: 26 samples class 4 \u2192 class 0
[2026-07-19 13:48:24,543] 39 root - INFO - [Attacker] Label flip: 22 samples class 4 \u2192 class 0
[2026-07-19 13:48:24,551] 39 root - INFO - [Attacker] Label flip: 35 samples class 4 \u2192 class 0
[2026-07-19 13:48:24,563] 39 root - INFO - [Attacker] Label flip: 22 samples class 4 \u2192 class 0
[2026-07-19 13:48:24,569] 39 root - INFO - [Attacker] Label flip: 31 samples class 4 \u2192 class 0
[2026-07-19 13:48:24,577] 39 root - INFO - [Attacker] Label flip: 27 samples class 4 \u2192 class 0
[2026-07-19 13:48:24,585] 39 root - INFO - [Attacker] Label flip: 33 samples class 4 \u2192 class 0
[2026-07-19 13:48:24,593] 39 root - INFO - [Attacker] Label flip: 32 samples class 4 \u2192 class 0
[2026-07-19 13:48:24,601] 39 root - INFO - [Attacker] Label flip: 32 samples class 4 \u2192 class 0
[2026-07-19 13:48:24,609] 39 root - INFO - [Attacker] Label flip: 34 samples class 4 \u2192 class 0
[2026-07-19 13:48:24,617] 39 root - INFO - [Attacker] Label flip: 25 samples class 4 \u2192 class 0
[2026-07-19 13:48:24,622] 39 root - INFO - [Attacker] Label flip: 29 samples class 4 \u2192 class 0
[2026-07-19 13:48:24,630] 39 root - INFO - [Attacker] Label flip: 42 samples class 4 \u2192 class 0
[2026-07-19 13:48:24,638] 39 root - INFO - [Attacker] Label flip: 36 samples class 4 \u2192 class 0
[2026-07-19 13:48:24,646] 39 root - INFO - [Attacker] Label flip: 26 samples class 4 \u2192 class 0
[2026-07-19 13:48:24,654] 39 root - INFO - [Attacker] Label flip: 23 samples class 4 \u2192 class 0
[2026-07-19 13:48:24,662] 39 root - INFO - [Attacker] Label flip: 36 samples class 4 \u2192 class 0
[2026-07-19 13:48:24,670] 39 root - INFO - [Attacker] Label flip: 32 samples class 4 \u2192 class 0
[2026-07-19 13:48:24,678] 39 root - INFO - [Attacker] Label flip: 33 samples class 4 \u2192 class 0
[2026-07-19 13:48:24,685] 39 root - INFO - [Attacker] Label flip: 33 samples class 4 \u2192 class 0
[2026-07-19 13:48:24,693] 39 root - INFO - [Attacker] Label flip: 26 samples class 4 \u2192 class 0
[2026-07-19 13:48:24,701] 39 root - INFO - [Attacker] Label flip: 28 samples class 4 \u2192 class 0
[2026-07-19 13:48:24,709] 39 root - INFO - [Attacker] Label flip: 27 samples class 4 \u2192 class 0
[2026-07-19 13:48:24,715] 39 root - INFO - [Attacker] Label flip: 31 samples class 4 \u2192 class 0
[2026-07-19 13:48:24,723] 39 root - INFO - [Attacker] Label flip: 30 samples class 4 \u2192 class 0
[2026-07-19 13:48:24,731] 39 root - INFO - [Attacker] Label flip: 27 samples class 4 \u2192 class 0
[2026-07-19 13:48:24,739] 39 root - INFO - [Attacker] Label flip: 26 samples class 4 \u2192 class 0
[2026-07-19 13:48:24,747] 39 root - INFO - [Attacker] Label flip: 27 samples class 4 \u2192 class 0
[2026-07-19 13:48:24,753] 39 root - INFO - [Attacker] Label flip: 30 samples class 4 \u2192 class 0
[2026-07-19 13:48:24,762] 39 root - INFO - [Attacker] Label flip: 26 samples class 4 \u2192 class 0
[2026-07-19 13:48:24,768] 39 root - INFO - [Attacker] Label flip: 26 samples class 4 \u2192 class 0
[2026-07-19 13:48:24,776] 39 root - INFO - [Attacker] Label flip: 35 samples class 4 \u2192 class 0
[2026-07-19 13:48:24,784] 39 root - INFO - [Attacker] Label flip: 29 samples class 4 \u2192 class 0
[2026-07-19 13:48:24,792] 39 root - INFO - [Attacker] Label flip: 20 samples class 4 \u2192 class 0
[2026-07-19 13:48:24,800] 39 root - INFO - [Attacker] Label flip: 30 samples class 4 \u2192 class 0
[2026-07-19 13:48:24,806] 39 root - INFO - [Attacker] Label flip: 26 samples class 4 \u2192 class 0
[2026-07-19 13:48:24,813] 39 root - INFO - [Attacker] Label flip: 25 samples class 4 \u2192 class 0
[2026-07-19 13:48:24,822] 39 root - INFO - [Attacker] Label flip: 28 samples class 4 \u2192 class 0
[2026-07-19 13:48:24,829] 39 root - INFO - [Attacker] Label flip: 28 samples class 4 \u2192 class 0
[2026-07-19 13:48:24,837] 39 root - INFO - [Attacker] Label flip: 34 samples class 4 \u2192 class 0
[2026-07-19 13:48:24,845] 39 root - INFO - [Attacker] Label flip: 32 samples class 4 \u2192 class 0
[2026-07-19 13:48:24,853] 39 root - INFO - [Attacker] Label flip: 23 samples class 4 \u2192 class 0
[2026-07-19 13:48:24,861] 39 root - INFO - [Attacker] Label flip: 28 samples class 4 \u2192 class 0
[2026-07-19 13:48:24,870] 39 root - INFO - [Attacker] Label flip: 21 samples class 4 \u2192 class 0
[2026-07-19 13:48:24,876] 39 root - INFO - [Attacker] Label flip: 21 samples class 4 \u2192 class 0
[2026-07-19 13:48:24,897] 268 flwr - WARNING - DEPRECATED FEATURE: `client_fn` now expects a signature `def client_fn(context: Context)`.The provided `client_fn` has signature: {'cid': <Parameter "cid: str">}. You can import the `Context` like this: `from flwr.common import Context`

            This is a deprecated feature. It will be removed
            entirely in future versions of Flower.
        
[2026-07-19 13:50:01,821] 268 flwr - WARNING - DEPRECATED FEATURE: `client_fn` now expects a signature `def client_fn(context: Context)`.The provided `client_fn` has signature: {'cid': <Parameter "cid: str">}. You can import the `Context` like this: `from flwr.common import Context`

            This is a deprecated feature. It will be removed
            entirely in future versions of Flower.
        
[2026-07-19 13:50:01,825] 268 flwr - WARNING - DEPRECATED FEATURE: `client_fn` now expects a signature `def client_fn(context: Context)`.The provided `client_fn` has signature: {'cid': <Parameter "cid: str">}. You can import the `Context` like this: `from flwr.common import Context`

            This is a deprecated feature. It will be removed
            entirely in future versions of Flower.
        
[2026-07-19 13:50:01,831] 268 flwr - WARNING - DEPRECATED FEATURE: `client_fn` now expects a signature `def client_fn(context: Context)`.The provided `client_fn` has signature: {'cid': <Parameter "cid: str">}. You can import the `Context` like this: `from flwr.common import Context`

            This is a deprecated feature. It will be removed
            entirely in future versions of Flower.
        
[2026-07-19 13:50:01,835] 268 flwr - WARNING - DEPRECATED FEATURE: `client_fn` now expects a signature `def client_fn(context: Context)`.The provided `client_fn` has signature: {'cid': <Parameter "cid: str">}. You can import the `Context` like this: `from flwr.common import Context`

            This is a deprecated feature. It will be removed
            entirely in future versions of Flower.
        
[2026-07-19 13:50:01,845] 268 flwr - WARNING - DEPRECATED FEATURE: `client_fn` now expects a signature `def client_fn(context: Context)`.The provided `client_fn` has signature: {'cid': <Parameter "cid: str">}. You can import the `Context` like this: `from flwr.common import Context`

            This is a deprecated feature. It will be removed
            entirely in future versions of Flower.
        
[2026-07-19 13:50:02,004] 268 flwr - WARNING - DEPRECATED FEATURE: `client_fn` now expects a signature `def client_fn(context: Context)`.The provided `client_fn` has signature: {'cid': <Parameter "cid: str">}. You can import the `Context` like this: `from flwr.common import Context`

            This is a deprecated feature. It will be removed
            entirely in future versions of Flower.
        
[2026-07-19 13:50:02,060] 268 flwr - WARNING - DEPRECATED FEATURE: `client_fn` now expects a signature `def client_fn(context: Context)`.The provided `client_fn` has signature: {'cid': <Parameter "cid: str">}. You can import the `Context` like this: `from flwr.common import Context`

            This is a deprecated feature. It will be removed
            entirely in future versions of Flower.
        
[2026-07-19 13:50:02,361] 268 flwr - WARNING - DEPRECATED FEATURE: `client_fn` now expects a signature `def client_fn(context: Context)`.The provided `client_fn` has signature: {'cid': <Parameter "cid: str">}. You can import the `Context` like this: `from flwr.common import Context`

            This is a deprecated feature. It will be removed
            entirely in future versions of Flower.
        
[2026-07-19 13:50:02,490] 268 flwr - WARNING - DEPRECATED FEATURE: `client_fn` now expects a signature `def client_fn(context: Context)`.The provided `client_fn` has signature: {'cid': <Parameter "cid: str">}. You can import the `Context` like this: `from flwr.common import Context`

            This is a deprecated feature. It will be removed
            entirely in future versions of Flower.
        
[2026-07-19 13:50:02,634] 268 flwr - WARNING - DEPRECATED FEATURE: `client_fn` now expects a signature `def client_fn(context: Context)`.The provided `client_fn` has signature: {'cid': <Parameter "cid: str">}. You can import the `Context` like this: `from flwr.common import Context`

            This is a deprecated feature. It will be removed
            entirely in future versions of Flower.
        
[2026-07-19 13:50:02,889] 268 flwr - WARNING - DEPRECATED FEATURE: `client_fn` now expects a signature `def client_fn(context: Context)`.The provided `client_fn` has signature: {'cid': <Parameter "cid: str">}. You can import the `Context` like this: `from flwr.common import Context`

            This is a deprecated feature. It will be removed
            entirely in future versions of Flower.
        
[2026-07-19 13:50:03,087] 268 flwr - WARNING - DEPRECATED FEATURE: `client_fn` now expects a signature `def client_fn(context: Context)`.The provided `client_fn` has signature: {'cid': <Parameter "cid: str">}. You can import the `Context` like this: `from flwr.common import Context`

            This is a deprecated feature. It will be removed
            entirely in future versions of Flower.
        
[2026-07-19 13:50:03,175] 268 flwr - WARNING - DEPRECATED FEATURE: `client_fn` now expects a signature `def client_fn(context: Context)`.The provided `client_fn` has signature: {'cid': <Parameter "cid: str">}. You can import the `Context` like this: `from flwr.common import Context`

            This is a deprecated feature. It will be removed
            entirely in future versions of Flower.
        
[2026-07-19 13:50:03,282] 268 flwr - WARNING - DEPRECATED FEATURE: `client_fn` now expects a signature `def client_fn(context: Context)`.The provided `client_fn` has signature: {'cid': <Parameter "cid: str">}. You can import the `Context` like this: `from flwr.common import Context`

            This is a deprecated feature. It will be removed
            entirely in future versions of Flower.
        
[2026-07-19 13:50:03,353] 268 flwr - WARNING - DEPRECATED FEATURE: `client_fn` now expects a signature `def client_fn(context: Context)`.The provided `client_fn` has signature: {'cid': <Parameter "cid: str">}. You can import the `Context` like this: `from flwr.common import Context`

            This is a deprecated feature. It will be removed
            entirely in future versions of Flower.
        
[2026-07-19 13:50:07,396] 268 flwr - WARNING - DEPRECATED FEATURE: `client_fn` now expects a signature `def client_fn(context: Context)`.The provided `client_fn` has signature: {'cid': <Parameter "cid: str">}. You can import the `Context` like this: `from flwr.common import Context`

            This is a deprecated feature. It will be removed
            entirely in future versions of Flower.
        
[2026-07-19 13:50:07,396] 268 flwr - WARNING - DEPRECATED FEATURE: `client_fn` now expects a signature `def client_fn(context: Context)`.The provided `client_fn` has signature: {'cid': <Parameter "cid: str">}. You can import the `Context` like this: `from flwr.common import Context`

            This is a deprecated feature. It will be removed
            entirely in future versions of Flower.
        
[2026-07-19 13:50:07,400] 268 flwr - WARNING - DEPRECATED FEATURE: `client_fn` now expects a signature `def client_fn(context: Context)`.The provided `client_fn` has signature: {'cid': <Parameter "cid: str">}. You can import the `Context` like this: `from flwr.common import Context`

            This is a deprecated feature. It will be removed
            entirely in future versions of Flower.
        
[2026-07-19 13:50:07,413] 268 flwr - WARNING - DEPRECATED FEATURE: `client_fn` now expects a signature `def client_fn(context: Context)`.The provided `client_fn` has signature: {'cid': <Parameter "cid: str">}. You can import the `Context` like this: `from flwr.common import Context`

            This is a deprecated feature. It will be removed
            entirely in future versions of Flower.
        
[2026-07-19 13:50:07,414] 268 flwr - WARNING - DEPRECATED FEATURE: `client_fn` now expects a signature `def client_fn(context: Context)`.The provided `client_fn` has signature: {'cid': <Parameter "cid: str">}. You can import the `Context` like this: `from flwr.common import Context`

            This is a deprecated feature. It will be removed
            entirely in future versions of Flower.
        
[2026-07-19 13:50:09,175] 268 flwr - WARNING - DEPRECATED FEATURE: `client_fn` now expects a signature `def client_fn(context: Context)`.The provided `client_fn` has signature: {'cid': <Parameter "cid: str">}. You can import the `Context` like this: `from flwr.common import Context`

            This is a deprecated feature. It will be removed
            entirely in future versions of Flower.
        
[2026-07-19 13:50:09,918] 268 flwr - WARNING - DEPRECATED FEATURE: `client_fn` now expects a signature `def client_fn(context: Context)`.The provided `client_fn` has signature: {'cid': <Parameter "cid: str">}. You can import the `Context` like this: `from flwr.common import Context`

            This is a deprecated feature. It will be removed
            entirely in future versions of Flower.
        
[2026-07-19 13:50:10,732] 268 flwr - WARNING - DEPRECATED FEATURE: `client_fn` now expects a signature `def client_fn(context: Context)`.The provided `client_fn` has signature: {'cid': <Parameter "cid: str">}. You can import the `Context` like this: `from flwr.common import Context`

            This is a deprecated feature. It will be removed
            entirely in future versions of Flower.
        
[2026-07-19 13:50:11,100] 268 flwr - WARNING - DEPRECATED FEATURE: `client_fn` now expects a signature `def client_fn(context: Context)`.The provided `client_fn` has signature: {'cid': <Parameter "cid: str">}. You can import the `Context` like this: `from flwr.common import Context`

            This is a deprecated feature. It will be removed
            entirely in future versions of Flower.
        
[2026-07-19 13:50:18,130] 268 flwr - WARNING - DEPRECATED FEATURE: `client_fn` now expects a signature `def client_fn(context: Context)`.The provided `client_fn` has signature: {'cid': <Parameter "cid: str">}. You can import the `Context` like this: `from flwr.common import Context`

            This is a deprecated feature. It will be removed
            entirely in future versions of Flower.
        
[2026-07-19 13:50:18,671] 39 root - INFO - [Attacker] Label flip: 29 samples class 4 \u2192 class 0
[2026-07-19 13:50:18,679] 39 root - INFO - [Attacker] Label flip: 41 samples class 4 \u2192 class 0
[2026-07-19 13:50:18,687] 39 root - INFO - [Attacker] Label flip: 29 samples class 4 \u2192 class 0
[2026-07-19 13:50:18,695] 39 root - INFO - [Attacker] Label flip: 27 samples class 4 \u2192 class 0
[2026-07-19 13:50:18,705] 39 root - INFO - [Attacker] Label flip: 25 samples class 4 \u2192 class 0
[2026-07-19 13:50:18,713] 39 root - INFO - [Attacker] Label flip: 30 samples class 4 \u2192 class 0
[2026-07-19 13:50:18,721] 39 root - INFO - [Attacker] Label flip: 28 samples class 4 \u2192 class 0
[2026-07-19 13:50:18,729] 39 root - INFO - [Attacker] Label flip: 28 samples class 4 \u2192 class 0
[2026-07-19 13:50:18,738] 39 root - INFO - [Attacker] Label flip: 21 samples class 4 \u2192 class 0
[2026-07-19 13:50:18,744] 39 root - INFO - [Attacker] Label flip: 26 samples class 4 \u2192 class 0
[2026-07-19 13:50:18,752] 39 root - INFO - [Attacker] Label flip: 43 samples class 4 \u2192 class 0
[2026-07-19 13:50:18,760] 39 root - INFO - [Attacker] Label flip: 33 samples class 4 \u2192 class 0
[2026-07-19 13:50:18,768] 39 root - INFO - [Attacker] Label flip: 32 samples class 4 \u2192 class 0
[2026-07-19 13:50:18,776] 39 root - INFO - [Attacker] Label flip: 25 samples class 4 \u2192 class 0
[2026-07-19 13:50:18,784] 39 root - INFO - [Attacker] Label flip: 32 samples class 4 \u2192 class 0
[2026-07-19 13:50:18,792] 39 root - INFO - [Attacker] Label flip: 19 samples class 4 \u2192 class 0
[2026-07-19 13:50:18,800] 39 root - INFO - [Attacker] Label flip: 40 samples class 4 \u2192 class 0
[2026-07-19 13:50:18,808] 39 root - INFO - [Attacker] Label flip: 31 samples class 4 \u2192 class 0
[2026-07-19 13:50:18,815] 39 root - INFO - [Attacker] Label flip: 27 samples class 4 \u2192 class 0
[2026-07-19 13:50:18,823] 39 root - INFO - [Attacker] Label flip: 22 samples class 4 \u2192 class 0
[2026-07-19 13:50:18,830] 39 root - INFO - [Attacker] Label flip: 31 samples class 4 \u2192 class 0
[2026-07-19 13:50:18,838] 39 root - INFO - [Attacker] Label flip: 26 samples class 4 \u2192 class 0
[2026-07-19 13:50:18,845] 39 root - INFO - [Attacker] Label flip: 30 samples class 4 \u2192 class 0
[2026-07-19 13:50:18,854] 39 root - INFO - [Attacker] Label flip: 27 samples class 4 \u2192 class 0
[2026-07-19 13:50:18,861] 39 root - INFO - [Attacker] Label flip: 28 samples class 4 \u2192 class 0
[2026-07-19 13:50:18,870] 39 root - INFO - [Attacker] Label flip: 27 samples class 4 \u2192 class 0
[2026-07-19 13:50:18,879] 39 root - INFO - [Attacker] Label flip: 24 samples class 4 \u2192 class 0
[2026-07-19 13:50:18,887] 39 root - INFO - [Attacker] Label flip: 27 samples class 4 \u2192 class 0
[2026-07-19 13:50:18,893] 39 root - INFO - [Attacker] Label flip: 28 samples class 4 \u2192 class 0
[2026-07-19 13:50:18,905] 39 root - INFO - [Attacker] Label flip: 35 samples class 4 \u2192 class 0
[2026-07-19 13:50:18,911] 39 root - INFO - [Attacker] Label flip: 38 samples class 4 \u2192 class 0
[2026-07-19 13:50:18,919] 39 root - INFO - [Attacker] Label flip: 24 samples class 4 \u2192 class 0
[2026-07-19 13:50:18,927] 39 root - INFO - [Attacker] Label flip: 26 samples class 4 \u2192 class 0
[2026-07-19 13:50:18,935] 39 root - INFO - [Attacker] Label flip: 23 samples class 4 \u2192 class 0
[2026-07-19 13:50:18,943] 39 root - INFO - [Attacker] Label flip: 29 samples class 4 \u2192 class 0
[2026-07-19 13:50:18,951] 39 root - INFO - [Attacker] Label flip: 22 samples class 4 \u2192 class 0
[2026-07-19 13:50:18,958] 39 root - INFO - [Attacker] Label flip: 25 samples class 4 \u2192 class 0
[2026-07-19 13:50:18,966] 39 root - INFO - [Attacker] Label flip: 19 samples class 4 \u2192 class 0
[2026-07-19 13:50:18,975] 39 root - INFO - [Attacker] Label flip: 29 samples class 4 \u2192 class 0
[2026-07-19 13:50:18,983] 39 root - INFO - [Attacker] Label flip: 24 samples class 4 \u2192 class 0
[2026-07-19 13:50:18,990] 39 root - INFO - [Attacker] Label flip: 27 samples class 4 \u2192 class 0
[2026-07-19 13:50:18,998] 39 root - INFO - [Attacker] Label flip: 26 samples class 4 \u2192 class 0
[2026-07-19 13:50:19,006] 39 root - INFO - [Attacker] Label flip: 26 samples class 4 \u2192 class 0
[2026-07-19 13:50:19,014] 39 root - INFO - [Attacker] Label flip: 33 samples class 4 \u2192 class 0
[2026-07-19 13:50:19,022] 39 root - INFO - [Attacker] Label flip: 27 samples class 4 \u2192 class 0
[2026-07-19 13:50:19,030] 39 root - INFO - [Attacker] Label flip: 32 samples class 4 \u2192 class 0
[2026-07-19 13:50:19,038] 39 root - INFO - [Attacker] Label flip: 29 samples class 4 \u2192 class 0
[2026-07-19 13:50:19,044] 39 root - INFO - [Attacker] Label flip: 23 samples class 4 \u2192 class 0
[2026-07-19 13:50:19,052] 39 root - INFO - [Attacker] Label flip: 34 samples class 4 \u2192 class 0
[2026-07-19 13:50:19,060] 39 root - INFO - [Attacker] Label flip: 34 samples class 4 \u2192 class 0
[2026-07-19 13:50:19,069] 39 root - INFO - [Attacker] Label flip: 33 samples class 4 \u2192 class 0
[2026-07-19 13:50:19,075] 39 root - INFO - [Attacker] Label flip: 33 samples class 4 \u2192 class 0
[2026-07-19 13:50:19,083] 39 root - INFO - [Attacker] Label flip: 30 samples class 4 \u2192 class 0
[2026-07-19 13:50:19,091] 39 root - INFO - [Attacker] Label flip: 37 samples class 4 \u2192 class 0
[2026-07-19 13:50:19,101] 39 root - INFO - [Attacker] Label flip: 27 samples class 4 \u2192 class 0
[2026-07-19 13:50:19,109] 39 root - INFO - [Attacker] Label flip: 30 samples class 4 \u2192 class 0
[2026-07-19 13:50:19,117] 39 root - INFO - [Attacker] Label flip: 24 samples class 4 \u2192 class 0
[2026-07-19 13:50:19,125] 39 root - INFO - [Attacker] Label flip: 22 samples class 4 \u2192 class 0
[2026-07-19 13:50:19,133] 39 root - INFO - [Attacker] Label flip: 21 samples class 4 \u2192 class 0
[2026-07-19 13:50:19,141] 39 root - INFO - [Attacker] Label flip: 34 samples class 4 \u2192 class 0
[2026-07-19 13:50:19,148] 39 root - INFO - [Attacker] Label flip: 29 samples class 4 \u2192 class 0
[2026-07-19 13:50:19,156] 39 root - INFO - [Attacker] Label flip: 24 samples class 4 \u2192 class 0
[2026-07-19 13:50:19,164] 39 root - INFO - [Attacker] Label flip: 26 samples class 4 \u2192 class 0
[2026-07-19 13:50:19,172] 39 root - INFO - [Attacker] Label flip: 26 samples class 4 \u2192 class 0
[2026-07-19 13:50:19,180] 39 root - INFO - [Attacker] Label flip: 20 samples class 4 \u2192 class 0
[2026-07-19 13:50:19,188] 39 root - INFO - [Attacker] Label flip: 25 samples class 4 \u2192 class 0
[2026-07-19 13:50:19,196] 39 root - INFO - [Attacker] Label flip: 19 samples class 4 \u2192 class 0
[2026-07-19 13:50:19,204] 39 root - INFO - [Attacker] Label flip: 35 samples class 4 \u2192 class 0
[2026-07-19 13:50:19,212] 39 root - INFO - [Attacker] Label flip: 32 samples class 4 \u2192 class 0
[2026-07-19 13:50:19,220] 39 root - INFO - [Attacker] Label flip: 29 samples class 4 \u2192 class 0
[2026-07-19 13:50:19,225] 39 root - INFO - [Attacker] Label flip: 21 samples class 4 \u2192 class 0
[2026-07-19 13:50:19,239] 39 root - INFO - [Attacker] Label flip: 18 samples class 4 \u2192 class 0
[2026-07-19 13:50:19,245] 39 root - INFO - [Attacker] Label flip: 23 samples class 4 \u2192 class 0
[2026-07-19 13:50:19,253] 39 root - INFO - [Attacker] Label flip: 28 samples class 4 \u2192 class 0
[2026-07-19 13:50:19,261] 39 root - INFO - [Attacker] Label flip: 26 samples class 4 \u2192 class 0
[2026-07-19 13:50:19,269] 39 root - INFO - [Attacker] Label flip: 28 samples class 4 \u2192 class 0
[2026-07-19 13:50:19,277] 39 root - INFO - [Attacker] Label flip: 30 samples class 4 \u2192 class 0
[2026-07-19 13:50:19,283] 39 root - INFO - [Attacker] Label flip: 25 samples class 4 \u2192 class 0
[2026-07-19 13:50:19,290] 39 root - INFO - [Attacker] Label flip: 27 samples class 4 \u2192 class 0
[2026-07-19 13:50:19,296] 268 flwr - WARNING - DEPRECATED FEATURE: `client_fn` now expects a signature `def client_fn(context: Context)`.The provided `client_fn` has signature: {'cid': <Parameter "cid: str">}. You can import the `Context` like this: `from flwr.common import Context`

            This is a deprecated feature. It will be removed
            entirely in future versions of Flower.
        
[2026-07-19 13:50:19,298] 39 root - INFO - [Attacker] Label flip: 37 samples class 4 \u2192 class 0
[2026-07-19 13:50:19,306] 39 root - INFO - [Attacker] Label flip: 14 samples class 4 \u2192 class 0
[2026-07-19 13:50:19,314] 39 root - INFO - [Attacker] Label flip: 28 samples class 4 \u2192 class 0
[2026-07-19 13:50:19,321] 39 root - INFO - [Attacker] Label flip: 27 samples class 4 \u2192 class 0
[2026-07-19 13:50:19,329] 39 root - INFO - [Attacker] Label flip: 21 samples class 4 \u2192 class 0
[2026-07-19 13:50:19,337] 39 root - INFO - [Attacker] Label flip: 21 samples class 4 \u2192 class 0
[2026-07-19 13:50:19,344] 39 root - INFO - [Attacker] Label flip: 24 samples class 4 \u2192 class 0
[2026-07-19 13:50:19,352] 39 root - INFO - [Attacker] Label flip: 29 samples class 4 \u2192 class 0
[2026-07-19 13:50:19,360] 39 root - INFO - [Attacker] Label flip: 25 samples class 4 \u2192 class 0
[2026-07-19 13:50:19,370] 39 root - INFO - [Attacker] Label flip: 31 samples class 4 \u2192 class 0
[2026-07-19 13:50:19,380] 39 root - INFO - [Attacker] Label flip: 22 samples class 4 \u2192 class 0
[2026-07-19 13:50:19,387] 39 root - INFO - [Attacker] Label flip: 24 samples class 4 \u2192 class 0
[2026-07-19 13:50:19,395] 39 root - INFO - [Attacker] Label flip: 21 samples class 4 \u2192 class 0
[2026-07-19 13:50:19,403] 39 root - INFO - [Attacker] Label flip: 30 samples class 4 \u2192 class 0
[2026-07-19 13:50:19,411] 39 root - INFO - [Attacker] Label flip: 23 samples class 4 \u2192 class 0
[2026-07-19 13:50:19,419] 39 root - INFO - [Attacker] Label flip: 36 samples class 4 \u2192 class 0
[2026-07-19 13:50:19,425] 39 root - INFO - [Attacker] Label flip: 37 samples class 4 \u2192 class 0
[2026-07-19 13:50:19,435] 39 root - INFO - [Attacker] Label flip: 26 samples class 4 \u2192 class 0
[2026-07-19 13:50:19,443] 39 root - INFO - [Attacker] Label flip: 14 samples class 4 \u2192 class 0
[2026-07-19 13:50:19,450] 39 root - INFO - [Attacker] Label flip: 36 samples class 4 \u2192 class 0
[2026-07-19 13:50:19,459] 39 root - INFO - [Attacker] Label flip: 28 samples class 4 \u2192 class 0
[2026-07-19 13:50:19,468] 39 root - INFO - [Attacker] Label flip: 29 samples class 4 \u2192 class 0
[2026-07-19 13:50:19,474] 39 root - INFO - [Attacker] Label flip: 26 samples class 4 \u2192 class 0
[2026-07-19 13:50:19,482] 39 root - INFO - [Attacker] Label flip: 33 samples class 4 \u2192 class 0
[2026-07-19 13:50:19,490] 39 root - INFO - [Attacker] Label flip: 30 samples class 4 \u2192 class 0
[2026-07-19 13:50:19,498] 39 root - INFO - [Attacker] Label flip: 33 samples class 4 \u2192 class 0
[2026-07-19 13:50:19,510] 39 root - INFO - [Attacker] Label flip: 31 samples class 4 \u2192 class 0
[2026-07-19 13:50:19,520] 39 root - INFO - [Attacker] Label flip: 33 samples class 4 \u2192 class 0
[2026-07-19 13:50:19,528] 39 root - INFO - [Attacker] Label flip: 23 samples class 4 \u2192 class 0
[2026-07-19 13:50:19,536] 39 root - INFO - [Attacker] Label flip: 35 samples class 4 \u2192 class 0
[2026-07-19 13:50:19,544] 39 root - INFO - [Attacker] Label flip: 32 samples class 4 \u2192 class 0
[2026-07-19 13:50:19,552] 39 root - INFO - [Attacker] Label flip: 30 samples class 4 \u2192 class 0
[2026-07-19 13:50:19,560] 39 root - INFO - [Attacker] Label flip: 29 samples class 4 \u2192 class 0
[2026-07-19 13:50:19,567] 39 root - INFO - [Attacker] Label flip: 25 samples class 4 \u2192 class 0
[2026-07-19 13:50:19,575] 39 root - INFO - [Attacker] Label flip: 21 samples class 4 \u2192 class 0
[2026-07-19 13:50:19,583] 39 root - INFO - [Attacker] Label flip: 23 samples class 4 \u2192 class 0
[2026-07-19 13:50:19,591] 39 root - INFO - [Attacker] Label flip: 35 samples class 4 \u2192 class 0
[2026-07-19 13:50:19,600] 39 root - INFO - [Attacker] Label flip: 35 samples class 4 \u2192 class 0
[2026-07-19 13:50:19,608] 39 root - INFO - [Attacker] Label flip: 34 samples class 4 \u2192 class 0
[2026-07-19 13:50:19,616] 39 root - INFO - [Attacker] Label flip: 28 samples class 4 \u2192 class 0
[2026-07-19 13:50:19,624] 39 root - INFO - [Attacker] Label flip: 37 samples class 4 \u2192 class 0
[2026-07-19 13:50:19,632] 39 root - INFO - [Attacker] Label flip: 34 samples class 4 \u2192 class 0
[2026-07-19 13:50:19,640] 39 root - INFO - [Attacker] Label flip: 24 samples class 4 \u2192 class 0
[2026-07-19 13:50:19,648] 39 root - INFO - [Attacker] Label flip: 37 samples class 4 \u2192 class 0
[2026-07-19 13:50:19,656] 39 root - INFO - [Attacker] Label flip: 34 samples class 4 \u2192 class 0
[2026-07-19 13:50:19,664] 39 root - INFO - [Attacker] Label flip: 30 samples class 4 \u2192 class 0
[2026-07-19 13:50:19,673] 39 root - INFO - [Attacker] Label flip: 32 samples class 4 \u2192 class 0
[2026-07-19 13:50:19,681] 39 root - INFO - [Attacker] Label flip: 30 samples class 4 \u2192 class 0
[2026-07-19 13:50:19,688] 39 root - INFO - [Attacker] Label flip: 34 samples class 4 \u2192 class 0
[2026-07-19 13:50:19,696] 39 root - INFO - [Attacker] Label flip: 39 samples class 4 \u2192 class 0
[2026-07-19 13:50:19,704] 39 root - INFO - [Attacker] Label flip: 28 samples class 4 \u2192 class 0
[2026-07-19 13:50:19,714] 39 root - INFO - [Attacker] Label flip: 26 samples class 4 \u2192 class 0
[2026-07-19 13:50:19,722] 39 root - INFO - [Attacker] Label flip: 32 samples class 4 \u2192 class 0
[2026-07-19 13:50:19,728] 39 root - INFO - [Attacker] Label flip: 32 samples class 4 \u2192 class 0
[2026-07-19 13:50:19,736] 39 root - INFO - [Attacker] Label flip: 31 samples class 4 \u2192 class 0
[2026-07-19 13:50:19,743] 39 root - INFO - [Attacker] Label flip: 35 samples class 4 \u2192 class 0
[2026-07-19 13:50:19,751] 39 root - INFO - [Attacker] Label flip: 33 samples class 4 \u2192 class 0
[2026-07-19 13:50:19,759] 39 root - INFO - [Attacker] Label flip: 33 samples class 4 \u2192 class 0
[2026-07-19 13:50:19,768] 39 root - INFO - [Attacker] Label flip: 37 samples class 4 \u2192 class 0
[2026-07-19 13:50:19,775] 39 root - INFO - [Attacker] Label flip: 32 samples class 4 \u2192 class 0
[2026-07-19 13:50:19,844] 39 root - INFO - [Attacker] Label flip: 27 samples class 4 \u2192 class 0
[2026-07-19 13:50:19,852] 39 root - INFO - [Attacker] Label flip: 31 samples class 4 \u2192 class 0
[2026-07-19 13:50:19,860] 39 root - INFO - [Attacker] Label flip: 33 samples class 4 \u2192 class 0
[2026-07-19 13:50:19,871] 39 root - INFO - [Attacker] Label flip: 34 samples class 4 \u2192 class 0
[2026-07-19 13:50:19,902] 39 root - INFO - [Attacker] Label flip: 33 samples class 4 \u2192 class 0
[2026-07-19 13:50:19,910] 39 root - INFO - [Attacker] Label flip: 25 samples class 4 \u2192 class 0
[2026-07-19 13:50:19,916] 39 root - INFO - [Attacker] Label flip: 35 samples class 4 \u2192 class 0
[2026-07-19 13:50:19,925] 39 root - INFO - [Attacker] Label flip: 28 samples class 4 \u2192 class 0
[2026-07-19 13:50:19,933] 39 root - INFO - [Attacker] Label flip: 28 samples class 4 \u2192 class 0
[2026-07-19 13:50:19,941] 39 root - INFO - [Attacker] Label flip: 23 samples class 4 \u2192 class 0
[2026-07-19 13:50:19,949] 39 root - INFO - [Attacker] Label flip: 28 samples class 4 \u2192 class 0
[2026-07-19 13:50:19,955] 39 root - INFO - [Attacker] Label flip: 31 samples class 4 \u2192 class 0
[2026-07-19 13:50:19,973] 39 root - INFO - [Attacker] Label flip: 31 samples class 4 \u2192 class 0
[2026-07-19 13:50:19,981] 39 root - INFO - [Attacker] Label flip: 26 samples class 4 \u2192 class 0
[2026-07-19 13:50:19,989] 39 root - INFO - [Attacker] Label flip: 26 samples class 4 \u2192 class 0
[2026-07-19 13:50:19,997] 39 root - INFO - [Attacker] Label flip: 19 samples class 4 \u2192 class 0
[2026-07-19 13:50:20,008] 39 root - INFO - [Attacker] Label flip: 29 samples class 4 \u2192 class 0
[2026-07-19 13:50:20,016] 39 root - INFO - [Attacker] Label flip: 28 samples class 4 \u2192 class 0
[2026-07-19 13:50:20,024] 39 root - INFO - [Attacker] Label flip: 24 samples class 4 \u2192 class 0
[2026-07-19 13:50:20,032] 39 root - INFO - [Attacker] Label flip: 38 samples class 4 \u2192 class 0
[2026-07-19 13:50:20,040] 39 root - INFO - [Attacker] Label flip: 24 samples class 4 \u2192 class 0
[2026-07-19 13:50:20,047] 39 root - INFO - [Attacker] Label flip: 34 samples class 4 \u2192 class 0
[2026-07-19 13:50:20,055] 39 root - INFO - [Attacker] Label flip: 26 samples class 4 \u2192 class 0
[2026-07-19 13:50:20,064] 39 root - INFO - [Attacker] Label flip: 28 samples class 4 \u2192 class 0
[2026-07-19 13:50:20,071] 39 root - INFO - [Attacker] Label flip: 29 samples class 4 \u2192 class 0
[2026-07-19 13:50:20,083] 39 root - INFO - [Attacker] Label flip: 30 samples class 4 \u2192 class 0
[2026-07-19 13:50:20,089] 39 root - INFO - [Attacker] Label flip: 27 samples class 4 \u2192 class 0
[2026-07-19 13:50:20,098] 39 root - INFO - [Attacker] Label flip: 22 samples class 4 \u2192 class 0
[2026-07-19 13:50:20,105] 39 root - INFO - [Attacker] Label flip: 27 samples class 4 \u2192 class 0
[2026-07-19 13:50:20,113] 39 root - INFO - [Attacker] Label flip: 32 samples class 4 \u2192 class 0
[2026-07-19 13:50:20,121] 39 root - INFO - [Attacker] Label flip: 26 samples class 4 \u2192 class 0
[2026-07-19 13:50:20,129] 39 root - INFO - [Attacker] Label flip: 27 samples class 4 \u2192 class 0
[2026-07-19 13:50:20,138] 39 root - INFO - [Attacker] Label flip: 23 samples class 4 \u2192 class 0
[2026-07-19 13:50:20,150] 39 root - INFO - [Attacker] Label flip: 35 samples class 4 \u2192 class 0
[2026-07-19 13:50:20,157] 39 root - INFO - [Attacker] Label flip: 29 samples class 4 \u2192 class 0
[2026-07-19 13:50:20,164] 39 root - INFO - [Attacker] Label flip: 27 samples class 4 \u2192 class 0
[2026-07-19 13:50:20,171] 39 root - INFO - [Attacker] Label flip: 32 samples class 4 \u2192 class 0
[2026-07-19 13:50:20,184] 39 root - INFO - [Attacker] Label flip: 29 samples class 4 \u2192 class 0
[2026-07-19 13:50:20,192] 39 root - INFO - [Attacker] Label flip: 29 samples class 4 \u2192 class 0
[2026-07-19 13:50:20,200] 39 root - INFO - [Attacker] Label flip: 29 samples class 4 \u2192 class 0
[2026-07-19 13:50:20,206] 39 root - INFO - [Attacker] Label flip: 32 samples class 4 \u2192 class 0
[2026-07-19 13:50:20,216] 39 root - INFO - [Attacker] Label flip: 24 samples class 4 \u2192 class 0
[2026-07-19 13:50:20,221] 39 root - INFO - [Attacker] Label flip: 22 samples class 4 \u2192 class 0
[2026-07-19 13:50:20,229] 39 root - INFO - [Attacker] Label flip: 34 samples class 4 \u2192 class 0
[2026-07-19 13:50:20,237] 39 root - INFO - [Attacker] Label flip: 24 samples class 4 \u2192 class 0
[2026-07-19 13:50:20,245] 39 root - INFO - [Attacker] Label flip: 26 samples class 4 \u2192 class 0
[2026-07-19 13:50:20,253] 39 root - INFO - [Attacker] Label flip: 29 samples class 4 \u2192 class 0
[2026-07-19 13:50:20,261] 39 root - INFO - [Attacker] Label flip: 33 samples class 4 \u2192 class 0
[2026-07-19 13:50:20,269] 39 root - INFO - [Attacker] Label flip: 30 samples class 4 \u2192 class 0
[2026-07-19 13:50:20,277] 39 root - INFO - [Attacker] Label flip: 19 samples class 4 \u2192 class 0
[2026-07-19 13:50:20,286] 39 root - INFO - [Attacker] Label flip: 24 samples class 4 \u2192 class 0
[2026-07-19 13:50:20,295] 39 root - INFO - [Attacker] Label flip: 26 samples class 4 \u2192 class 0
[2026-07-19 13:50:20,302] 39 root - INFO - [Attacker] Label flip: 29 samples class 4 \u2192 class 0
[2026-07-19 13:50:20,308] 39 root - INFO - [Attacker] Label flip: 29 samples class 4 \u2192 class 0
[2026-07-19 13:50:20,318] 39 root - INFO - [Attacker] Label flip: 33 samples class 4 \u2192 class 0
[2026-07-19 13:50:20,326] 39 root - INFO - [Attacker] Label flip: 27 samples class 4 \u2192 class 0
[2026-07-19 13:50:20,334] 39 root - INFO - [Attacker] Label flip: 29 samples class 4 \u2192 class 0
[2026-07-19 13:50:20,342] 39 root - INFO - [Attacker] Label flip: 26 samples class 4 \u2192 class 0
[2026-07-19 13:50:20,350] 39 root - INFO - [Attacker] Label flip: 27 samples class 4 \u2192 class 0
[2026-07-19 13:50:20,359] 39 root - INFO - [Attacker] Label flip: 28 samples class 4 \u2192 class 0
[2026-07-19 13:50:20,367] 39 root - INFO - [Attacker] Label flip: 28 samples class 4 \u2192 class 0
[2026-07-19 13:50:20,374] 39 root - INFO - [Attacker] Label flip: 29 samples class 4 \u2192 class 0
[2026-07-19 13:50:20,382] 39 root - INFO - [Attacker] Label flip: 31 samples class 4 \u2192 class 0
[2026-07-19 13:50:20,391] 39 root - INFO - [Attacker] Label flip: 24 samples class 4 \u2192 class 0
[2026-07-19 13:50:20,399] 39 root - INFO - [Attacker] Label flip: 21 samples class 4 \u2192 class 0
[2026-07-19 13:50:20,406] 39 root - INFO - [Attacker] Label flip: 31 samples class 4 \u2192 class 0
[2026-07-19 13:50:20,414] 39 root - INFO - [Attacker] Label flip: 22 samples class 4 \u2192 class 0
[2026-07-19 13:50:20,424] 39 root - INFO - [Attacker] Label flip: 28 samples class 4 \u2192 class 0
[2026-07-19 13:50:20,432] 39 root - INFO - [Attacker] Label flip: 26 samples class 4 \u2192 class 0
[2026-07-19 13:50:20,439] 39 root - INFO - [Attacker] Label flip: 33 samples class 4 \u2192 class 0
[2026-07-19 13:50:20,447] 39 root - INFO - [Attacker] Label flip: 25 samples class 4 \u2192 class 0
[2026-07-19 13:50:20,457] 39 root - INFO - [Attacker] Label flip: 26 samples class 4 \u2192 class 0
[2026-07-19 13:50:20,464] 39 root - INFO - [Attacker] Label flip: 31 samples class 4 \u2192 class 0
[2026-07-19 13:50:20,472] 39 root - INFO - [Attacker] Label flip: 29 samples class 4 \u2192 class 0
[2026-07-19 13:50:20,480] 39 root - INFO - [Attacker] Label flip: 25 samples class 4 \u2192 class 0
[2026-07-19 13:50:20,488] 39 root - INFO - [Attacker] Label flip: 28 samples class 4 \u2192 class 0
[2026-07-19 13:50:20,496] 39 root - INFO - [Attacker] Label flip: 28 samples class 4 \u2192 class 0
[2026-07-19 13:50:20,504] 39 root - INFO - [Attacker] Label flip: 27 samples class 4 \u2192 class 0
[2026-07-19 13:50:20,512] 39 root - INFO - [Attacker] Label flip: 35 samples class 4 \u2192 class 0
[2026-07-19 13:50:20,520] 39 root - INFO - [Attacker] Label flip: 24 samples class 4 \u2192 class 0
[2026-07-19 13:50:20,530] 39 root - INFO - [Attacker] Label flip: 28 samples class 4 \u2192 class 0
[2026-07-19 13:50:20,538] 39 root - INFO - [Attacker] Label flip: 32 samples class 4 \u2192 class 0
[2026-07-19 13:50:20,544] 39 root - INFO - [Attacker] Label flip: 39 samples class 4 \u2192 class 0
[2026-07-19 13:50:20,555] 39 root - INFO - [Attacker] Label flip: 34 samples class 4 \u2192 class 0
[2026-07-19 13:50:20,563] 39 root - INFO - [Attacker] Label flip: 29 samples class 4 \u2192 class 0
[2026-07-19 13:50:20,571] 39 root - INFO - [Attacker] Label flip: 22 samples class 4 \u2192 class 0
[2026-07-19 13:50:20,579] 39 root - INFO - [Attacker] Label flip: 33 samples class 4 \u2192 class 0
[2026-07-19 13:50:20,587] 39 root - INFO - [Attacker] Label flip: 34 samples class 4 \u2192 class 0
[2026-07-19 13:50:20,597] 39 root - INFO - [Attacker] Label flip: 31 samples class 4 \u2192 class 0
[2026-07-19 13:50:20,606] 39 root - INFO - [Attacker] Label flip: 38 samples class 4 \u2192 class 0
[2026-07-19 13:50:20,613] 39 root - INFO - [Attacker] Label flip: 27 samples class 4 \u2192 class 0
[2026-07-19 13:50:20,621] 39 root - INFO - [Attacker] Label flip: 28 samples class 4 \u2192 class 0
[2026-07-19 13:50:20,631] 39 root - INFO - [Attacker] Label flip: 37 samples class 4 \u2192 class 0
[2026-07-19 13:50:20,637] 39 root - INFO - [Attacker] Label flip: 31 samples class 4 \u2192 class 0
[2026-07-19 13:50:20,645] 39 root - INFO - [Attacker] Label flip: 27 samples class 4 \u2192 class 0
[2026-07-19 13:50:20,653] 39 root - INFO - [Attacker] Label flip: 27 samples class 4 \u2192 class 0
[2026-07-19 13:50:20,660] 39 root - INFO - [Attacker] Label flip: 35 samples class 4 \u2192 class 0
[2026-07-19 13:50:20,668] 39 root - INFO - [Attacker] Label flip: 36 samples class 4 \u2192 class 0
[2026-07-19 13:50:20,676] 39 root - INFO - [Attacker] Label flip: 30 samples class 4 \u2192 class 0
[2026-07-19 13:50:20,684] 39 root - INFO - [Attacker] Label flip: 29 samples class 4 \u2192 class 0
[2026-07-19 13:50:20,702] 39 root - INFO - [Attacker] Label flip: 28 samples class 4 \u2192 class 0
[2026-07-19 13:50:20,710] 39 root - INFO - [Attacker] Label flip: 29 samples class 4 \u2192 class 0
[2026-07-19 13:50:20,716] 39 root - INFO - [Attacker] Label flip: 29 samples class 4 \u2192 class 0
[2026-07-19 13:50:20,728] 39 root - INFO - [Attacker] Label flip: 20 samples class 4 \u2192 class 0
[2026-07-19 13:50:20,747] 39 root - INFO - [Attacker] Label flip: 25 samples class 4 \u2192 class 0
[2026-07-19 13:50:20,755] 39 root - INFO - [Attacker] Label flip: 31 samples class 4 \u2192 class 0
[2026-07-19 13:50:20,762] 39 root - INFO - [Attacker] Label flip: 24 samples class 4 \u2192 class 0
[2026-07-19 13:50:20,770] 39 root - INFO - [Attacker] Label flip: 28 samples class 4 \u2192 class 0
[2026-07-19 13:50:20,780] 39 root - INFO - [Attacker] Label flip: 29 samples class 4 \u2192 class 0
[2026-07-19 13:50:20,788] 39 root - INFO - [Attacker] Label flip: 21 samples class 4 \u2192 class 0
[2026-07-19 13:50:20,796] 39 root - INFO - [Attacker] Label flip: 23 samples class 4 \u2192 class 0
[2026-07-19 13:50:20,804] 39 root - INFO - [Attacker] Label flip: 26 samples class 4 \u2192 class 0
[2026-07-19 13:50:20,823] 39 root - INFO - [Attacker] Label flip: 37 samples class 4 \u2192 class 0
[2026-07-19 13:50:20,833] 39 root - INFO - [Attacker] Label flip: 24 samples class 4 \u2192 class 0
[2026-07-19 13:50:20,841] 39 root - INFO - [Attacker] Label flip: 33 samples class 4 \u2192 class 0
[2026-07-19 13:50:20,849] 39 root - INFO - [Attacker] Label flip: 36 samples class 4 \u2192 class 0
[2026-07-19 13:50:20,859] 39 root - INFO - [Attacker] Label flip: 32 samples class 4 \u2192 class 0
[2026-07-19 13:50:20,867] 39 root - INFO - [Attacker] Label flip: 27 samples class 4 \u2192 class 0
[2026-07-19 13:50:20,875] 39 root - INFO - [Attacker] Label flip: 25 samples class 4 \u2192 class 0
[2026-07-19 13:50:20,884] 39 root - INFO - [Attacker] Label flip: 27 samples class 4 \u2192 class 0
[2026-07-19 13:50:20,891] 39 root - INFO - [Attacker] Label flip: 27 samples class 4 \u2192 class 0
[2026-07-19 13:50:20,901] 39 root - INFO - [Attacker] Label flip: 32 samples class 4 \u2192 class 0
[2026-07-19 13:50:20,909] 39 root - INFO - [Attacker] Label flip: 27 samples class 4 \u2192 class 0
[2026-07-19 13:50:20,916] 39 root - INFO - [Attacker] Label flip: 31 samples class 4 \u2192 class 0
[2026-07-19 13:50:20,925] 39 root - INFO - [Attacker] Label flip: 26 samples class 4 \u2192 class 0
[2026-07-19 13:50:20,933] 39 root - INFO - [Attacker] Label flip: 19 samples class 4 \u2192 class 0
[2026-07-19 13:50:20,943] 39 root - INFO - [Attacker] Label flip: 26 samples class 4 \u2192 class 0
[2026-07-19 13:50:20,950] 39 root - INFO - [Attacker] Label flip: 26 samples class 4 \u2192 class 0
[2026-07-19 13:50:20,958] 39 root - INFO - [Attacker] Label flip: 25 samples class 4 \u2192 class 0
[2026-07-19 13:50:20,965] 39 root - INFO - [Attacker] Label flip: 29 samples class 4 \u2192 class 0
[2026-07-19 13:50:20,975] 39 root - INFO - [Attacker] Label flip: 26 samples class 4 \u2192 class 0
[2026-07-19 13:50:20,982] 39 root - INFO - [Attacker] Label flip: 24 samples class 4 \u2192 class 0
[2026-07-19 13:50:20,990] 39 root - INFO - [Attacker] Label flip: 28 samples class 4 \u2192 class 0
[2026-07-19 13:50:20,999] 39 root - INFO - [Attacker] Label flip: 25 samples class 4 \u2192 class 0
[2026-07-19 13:50:21,007] 39 root - INFO - [Attacker] Label flip: 26 samples class 4 \u2192 class 0
[2026-07-19 13:50:21,014] 39 root - INFO - [Attacker] Label flip: 26 samples class 4 \u2192 class 0
[2026-07-19 13:50:21,022] 39 root - INFO - [Attacker] Label flip: 31 samples class 4 \u2192 class 0
[2026-07-19 13:50:21,034] 39 root - INFO - [Attacker] Label flip: 21 samples class 4 \u2192 class 0
[2026-07-19 13:50:21,040] 39 root - INFO - [Attacker] Label flip: 24 samples class 4 \u2192 class 0
[2026-07-19 13:50:21,048] 39 root - INFO - [Attacker] Label flip: 35 samples class 4 \u2192 class 0
[2026-07-19 13:50:21,056] 39 root - INFO - [Attacker] Label flip: 30 samples class 4 \u2192 class 0
[2026-07-19 13:50:21,064] 39 root - INFO - [Attacker] Label flip: 33 samples class 4 \u2192 class 0
[2026-07-19 13:50:21,072] 39 root - INFO - [Attacker] Label flip: 36 samples class 4 \u2192 class 0
[2026-07-19 13:50:21,080] 39 root - INFO - [Attacker] Label flip: 27 samples class 4 \u2192 class 0
[2026-07-19 13:50:21,086] 39 root - INFO - [Attacker] Label flip: 33 samples class 4 \u2192 class 0
[2026-07-19 13:50:21,094] 39 root - INFO - [Attacker] Label flip: 30 samples class 4 \u2192 class 0
[2026-07-19 13:50:21,102] 39 root - INFO - [Attacker] Label flip: 26 samples class 4 \u2192 class 0
[2026-07-19 13:50:21,109] 39 root - INFO - [Attacker] Label flip: 37 samples class 4 \u2192 class 0
[2026-07-19 13:50:21,117] 39 root - INFO - [Attacker] Label flip: 19 samples class 4 \u2192 class 0
[2026-07-19 13:50:21,125] 39 root - INFO - [Attacker] Label flip: 23 samples class 4 \u2192 class 0
[2026-07-19 13:50:21,133] 39 root - INFO - [Attacker] Label flip: 30 samples class 4 \u2192 class 0
[2026-07-19 13:50:21,141] 39 root - INFO - [Attacker] Label flip: 28 samples class 4 \u2192 class 0
[2026-07-19 13:50:21,149] 39 root - INFO - [Attacker] Label flip: 21 samples class 4 \u2192 class 0
[2026-07-19 13:50:21,155] 39 root - INFO - [Attacker] Label flip: 37 samples class 4 \u2192 class 0
[2026-07-19 13:50:21,165] 39 root - INFO - [Attacker] Label flip: 30 samples class 4 \u2192 class 0
[2026-07-19 13:50:21,171] 39 root - INFO - [Attacker] Label flip: 23 samples class 4 \u2192 class 0
[2026-07-19 13:50:21,179] 39 root - INFO - [Attacker] Label flip: 22 samples class 4 \u2192 class 0
[2026-07-19 13:50:21,187] 39 root - INFO - [Attacker] Label flip: 35 samples class 4 \u2192 class 0
[2026-07-19 13:50:21,196] 39 root - INFO - [Attacker] Label flip: 26 samples class 4 \u2192 class 0
[2026-07-19 13:50:21,204] 39 root - INFO - [Attacker] Label flip: 28 samples class 4 \u2192 class 0
[2026-07-19 13:50:21,212] 39 root - INFO - [Attacker] Label flip: 37 samples class 4 \u2192 class 0
[2026-07-19 13:50:21,218] 39 root - INFO - [Attacker] Label flip: 20 samples class 4 \u2192 class 0
[2026-07-19 13:50:21,228] 39 root - INFO - [Attacker] Label flip: 27 samples class 4 \u2192 class 0
[2026-07-19 13:50:21,236] 39 root - INFO - [Attacker] Label flip: 22 samples class 4 \u2192 class 0
[2026-07-19 13:50:21,245] 39 root - INFO - [Attacker] Label flip: 24 samples class 4 \u2192 class 0
[2026-07-19 13:50:21,252] 39 root - INFO - [Attacker] Label flip: 32 samples class 4 \u2192 class 0
[2026-07-19 13:50:21,260] 39 root - INFO - [Attacker] Label flip: 27 samples class 4 \u2192 class 0
[2026-07-19 13:50:21,268] 39 root - INFO - [Attacker] Label flip: 27 samples class 4 \u2192 class 0
[2026-07-19 13:50:21,276] 39 root - INFO - [Attacker] Label flip: 22 samples class 4 \u2192 class 0
[2026-07-19 13:50:21,284] 39 root - INFO - [Attacker] Label flip: 23 samples class 4 \u2192 class 0
[2026-07-19 13:50:21,292] 39 root - INFO - [Attacker] Label flip: 33 samples class 4 \u2192 class 0
[2026-07-19 13:50:21,302] 39 root - INFO - [Attacker] Label flip: 32 samples class 4 \u2192 class 0
[2026-07-19 13:50:21,309] 39 root - INFO - [Attacker] Label flip: 26 samples class 4 \u2192 class 0
[2026-07-19 13:50:21,316] 39 root - INFO - [Attacker] Label flip: 24 samples class 4 \u2192 class 0
[2026-07-19 13:50:21,324] 39 root - INFO - [Attacker] Label flip: 23 samples class 4 \u2192 class 0
[2026-07-19 13:50:21,334] 39 root - INFO - [Attacker] Label flip: 38 samples class 4 \u2192 class 0
[2026-07-19 13:50:21,342] 39 root - INFO - [Attacker] Label flip: 23 samples class 4 \u2192 class 0
[2026-07-19 13:50:21,350] 39 root - INFO - [Attacker] Label flip: 31 samples class 4 \u2192 class 0
[2026-07-19 13:50:21,356] 39 root - INFO - [Attacker] Label flip: 17 samples class 4 \u2192 class 0
[2026-07-19 13:50:21,366] 39 root - INFO - [Attacker] Label flip: 21 samples class 4 \u2192 class 0
[2026-07-19 13:50:21,374] 39 root - INFO - [Attacker] Label flip: 36 samples class 4 \u2192 class 0
[2026-07-19 13:50:21,382] 39 root - INFO - [Attacker] Label flip: 34 samples class 4 \u2192 class 0
[2026-07-19 13:50:21,388] 39 root - INFO - [Attacker] Label flip: 33 samples class 4 \u2192 class 0
[2026-07-19 13:50:21,396] 39 root - INFO - [Attacker] Label flip: 31 samples class 4 \u2192 class 0
[2026-07-19 13:50:21,407] 39 root - INFO - [Attacker] Label flip: 31 samples class 4 \u2192 class 0
[2026-07-19 13:50:21,415] 39 root - INFO - [Attacker] Label flip: 20 samples class 4 \u2192 class 0
[2026-07-19 13:50:21,422] 39 root - INFO - [Attacker] Label flip: 35 samples class 4 \u2192 class 0
[2026-07-19 13:50:21,431] 39 root - INFO - [Attacker] Label flip: 13 samples class 4 \u2192 class 0
[2026-07-19 13:50:21,440] 39 root - INFO - [Attacker] Label flip: 28 samples class 4 \u2192 class 0
[2026-07-19 13:50:21,447] 39 root - INFO - [Attacker] Label flip: 32 samples class 4 \u2192 class 0
[2026-07-19 13:50:21,455] 39 root - INFO - [Attacker] Label flip: 32 samples class 4 \u2192 class 0
[2026-07-19 13:50:21,463] 39 root - INFO - [Attacker] Label flip: 25 samples class 4 \u2192 class 0
[2026-07-19 13:50:21,472] 39 root - INFO - [Attacker] Label flip: 31 samples class 4 \u2192 class 0
[2026-07-19 13:50:21,480] 39 root - INFO - [Attacker] Label flip: 34 samples class 4 \u2192 class 0
[2026-07-19 13:50:21,486] 39 root - INFO - [Attacker] Label flip: 17 samples class 4 \u2192 class 0
[2026-07-19 13:50:21,495] 39 root - INFO - [Attacker] Label flip: 23 samples class 4 \u2192 class 0
[2026-07-19 13:50:21,503] 39 root - INFO - [Attacker] Label flip: 20 samples class 4 \u2192 class 0
[2026-07-19 13:50:21,511] 39 root - INFO - [Attacker] Label flip: 30 samples class 4 \u2192 class 0
[2026-07-19 13:50:21,517] 39 root - INFO - [Attacker] Label flip: 28 samples class 4 \u2192 class 0
[2026-07-19 13:50:21,525] 39 root - INFO - [Attacker] Label flip: 26 samples class 4 \u2192 class 0
[2026-07-19 13:50:21,535] 39 root - INFO - [Attacker] Label flip: 32 samples class 4 \u2192 class 0
[2026-07-19 13:50:21,543] 39 root - INFO - [Attacker] Label flip: 27 samples class 4 \u2192 class 0
[2026-07-19 13:50:21,549] 39 root - INFO - [Attacker] Label flip: 33 samples class 4 \u2192 class 0
[2026-07-19 13:50:21,557] 39 root - INFO - [Attacker] Label flip: 32 samples class 4 \u2192 class 0
[2026-07-19 13:50:21,565] 39 root - INFO - [Attacker] Label flip: 28 samples class 4 \u2192 class 0
[2026-07-19 13:50:21,577] 39 root - INFO - [Attacker] Label flip: 27 samples class 4 \u2192 class 0
[2026-07-19 13:50:21,584] 39 root - INFO - [Attacker] Label flip: 41 samples class 4 \u2192 class 0
[2026-07-19 13:50:21,592] 39 root - INFO - [Attacker] Label flip: 25 samples class 4 \u2192 class 0
[2026-07-19 13:50:21,600] 39 root - INFO - [Attacker] Label flip: 24 samples class 4 \u2192 class 0
[2026-07-19 13:50:21,608] 39 root - INFO - [Attacker] Label flip: 28 samples class 4 \u2192 class 0
[2026-07-19 13:50:21,616] 39 root - INFO - [Attacker] Label flip: 25 samples class 4 \u2192 class 0
[2026-07-19 13:50:21,624] 39 root - INFO - [Attacker] Label flip: 22 samples class 4 \u2192 class 0
[2026-07-19 13:50:21,632] 39 root - INFO - [Attacker] Label flip: 37 samples class 4 \u2192 class 0
[2026-07-19 13:50:21,640] 39 root - INFO - [Attacker] Label flip: 20 samples class 4 \u2192 class 0
[2026-07-19 13:50:21,648] 39 root - INFO - [Attacker] Label flip: 23 samples class 4 \u2192 class 0
[2026-07-19 13:50:21,654] 39 root - INFO - [Attacker] Label flip: 22 samples class 4 \u2192 class 0
[2026-07-19 13:50:21,662] 39 root - INFO - [Attacker] Label flip: 22 samples class 4 \u2192 class 0
[2026-07-19 13:50:21,670] 39 root - INFO - [Attacker] Label flip: 31 samples class 4 \u2192 class 0
[2026-07-19 13:50:21,678] 39 root - INFO - [Attacker] Label flip: 26 samples class 4 \u2192 class 0
[2026-07-19 13:50:21,686] 39 root - INFO - [Attacker] Label flip: 29 samples class 4 \u2192 class 0
[2026-07-19 13:50:21,694] 39 root - INFO - [Attacker] Label flip: 28 samples class 4 \u2192 class 0
[2026-07-19 13:50:21,701] 39 root - INFO - [Attacker] Label flip: 26 samples class 4 \u2192 class 0
[2026-07-19 13:50:21,710] 39 root - INFO - [Attacker] Label flip: 28 samples class 4 \u2192 class 0
[2026-07-19 13:50:21,718] 39 root - INFO - [Attacker] Label flip: 37 samples class 4 \u2192 class 0
[2026-07-19 13:50:21,726] 39 root - INFO - [Attacker] Label flip: 33 samples class 4 \u2192 class 0
[2026-07-19 13:50:21,733] 39 root - INFO - [Attacker] Label flip: 26 samples class 4 \u2192 class 0
[2026-07-19 13:50:21,743] 39 root - INFO - [Attacker] Label flip: 33 samples class 4 \u2192 class 0
[2026-07-19 13:50:21,751] 39 root - INFO - [Attacker] Label flip: 26 samples class 4 \u2192 class 0
[2026-07-19 13:50:21,759] 39 root - INFO - [Attacker] Label flip: 26 samples class 4 \u2192 class 0
[2026-07-19 13:50:21,767] 39 root - INFO - [Attacker] Label flip: 33 samples class 4 \u2192 class 0
[2026-07-19 13:50:21,776] 39 root - INFO - [Attacker] Label flip: 27 samples class 4 \u2192 class 0
[2026-07-19 13:50:21,783] 39 root - INFO - [Attacker] Label flip: 27 samples class 4 \u2192 class 0
[2026-07-19 13:50:21,791] 39 root - INFO - [Attacker] Label flip: 24 samples class 4 \u2192 class 0
[2026-07-19 13:50:21,799] 39 root - INFO - [Attacker] Label flip: 38 samples class 4 \u2192 class 0
[2026-07-19 13:50:21,807] 39 root - INFO - [Attacker] Label flip: 28 samples class 4 \u2192 class 0
[2026-07-19 13:50:21,815] 39 root - INFO - [Attacker] Label flip: 22 samples class 4 \u2192 class 0
[2026-07-19 13:50:21,823] 39 root - INFO - [Attacker] Label flip: 23 samples class 4 \u2192 class 0
[2026-07-19 13:50:21,831] 39 root - INFO - [Attacker] Label flip: 32 samples class 4 \u2192 class 0
[2026-07-19 13:50:21,839] 39 root - INFO - [Attacker] Label flip: 33 samples class 4 \u2192 class 0
[2026-07-19 13:50:21,850] 39 root - INFO - [Attacker] Label flip: 25 samples class 4 \u2192 class 0
[2026-07-19 13:50:21,856] 39 root - INFO - [Attacker] Label flip: 32 samples class 4 \u2192 class 0
[2026-07-19 13:50:21,864] 39 root - INFO - [Attacker] Label flip: 26 samples class 4 \u2192 class 0
[2026-07-19 13:50:21,872] 39 root - INFO - [Attacker] Label flip: 23 samples class 4 \u2192 class 0
[2026-07-19 13:50:21,881] 39 root - INFO - [Attacker] Label flip: 27 samples class 4 \u2192 class 0
[2026-07-19 13:50:21,889] 39 root - INFO - [Attacker] Label flip: 28 samples class 4 \u2192 class 0
[2026-07-19 13:50:21,897] 39 root - INFO - [Attacker] Label flip: 21 samples class 4 \u2192 class 0
[2026-07-19 13:50:21,905] 39 root - INFO - [Attacker] Label flip: 30 samples class 4 \u2192 class 0
[2026-07-19 13:50:21,917] 39 root - INFO - [Attacker] Label flip: 21 samples class 4 \u2192 class 0
[2026-07-19 13:50:21,983] 39 root - INFO - [Attacker] Label flip: 34 samples class 4 \u2192 class 0
[2026-07-19 13:50:21,992] 39 root - INFO - [Attacker] Label flip: 28 samples class 4 \u2192 class 0
[2026-07-19 13:50:21,999] 39 root - INFO - [Attacker] Label flip: 29 samples class 4 \u2192 class 0
[2026-07-19 13:50:22,013] 39 root - INFO - [Attacker] Label flip: 29 samples class 4 \u2192 class 0
[2026-07-19 13:50:22,038] 39 root - INFO - [Attacker] Label flip: 32 samples class 4 \u2192 class 0
[2026-07-19 13:50:22,045] 39 root - INFO - [Attacker] Label flip: 35 samples class 4 \u2192 class 0
[2026-07-19 13:50:22,053] 39 root - INFO - [Attacker] Label flip: 31 samples class 4 \u2192 class 0
[2026-07-19 13:50:22,063] 39 root - INFO - [Attacker] Label flip: 25 samples class 4 \u2192 class 0
[2026-07-19 13:50:22,071] 39 root - INFO - [Attacker] Label flip: 21 samples class 4 \u2192 class 0
[2026-07-19 13:50:22,079] 39 root - INFO - [Attacker] Label flip: 25 samples class 4 \u2192 class 0
[2026-07-19 13:50:22,086] 39 root - INFO - [Attacker] Label flip: 28 samples class 4 \u2192 class 0
[2026-07-19 13:50:22,094] 39 root - INFO - [Attacker] Label flip: 34 samples class 4 \u2192 class 0
[2026-07-19 13:50:22,102] 39 root - INFO - [Attacker] Label flip: 33 samples class 4 \u2192 class 0
[2026-07-19 13:50:22,110] 39 root - INFO - [Attacker] Label flip: 29 samples class 4 \u2192 class 0
[2026-07-19 13:50:22,116] 39 root - INFO - [Attacker] Label flip: 29 samples class 4 \u2192 class 0
[2026-07-19 13:50:22,125] 39 root - INFO - [Attacker] Label flip: 28 samples class 4 \u2192 class 0
[2026-07-19 13:50:22,133] 39 root - INFO - [Attacker] Label flip: 25 samples class 4 \u2192 class 0
[2026-07-19 13:50:22,140] 39 root - INFO - [Attacker] Label flip: 38 samples class 4 \u2192 class 0
[2026-07-19 13:50:22,148] 39 root - INFO - [Attacker] Label flip: 29 samples class 4 \u2192 class 0
[2026-07-19 13:50:22,156] 39 root - INFO - [Attacker] Label flip: 25 samples class 4 \u2192 class 0
[2026-07-19 13:50:22,164] 39 root - INFO - [Attacker] Label flip: 18 samples class 4 \u2192 class 0
[2026-07-19 13:50:22,172] 39 root - INFO - [Attacker] Label flip: 34 samples class 4 \u2192 class 0
[2026-07-19 13:50:22,180] 39 root - INFO - [Attacker] Label flip: 28 samples class 4 \u2192 class 0
[2026-07-19 13:50:22,186] 39 root - INFO - [Attacker] Label flip: 34 samples class 4 \u2192 class 0
[2026-07-19 13:50:22,196] 39 root - INFO - [Attacker] Label flip: 32 samples class 4 \u2192 class 0
[2026-07-19 13:50:22,203] 39 root - INFO - [Attacker] Label flip: 30 samples class 4 \u2192 class 0
[2026-07-19 13:50:22,211] 39 root - INFO - [Attacker] Label flip: 41 samples class 4 \u2192 class 0
[2026-07-19 13:50:22,219] 39 root - INFO - [Attacker] Label flip: 20 samples class 4 \u2192 class 0
[2026-07-19 13:50:22,225] 39 root - INFO - [Attacker] Label flip: 36 samples class 4 \u2192 class 0
[2026-07-19 13:50:22,235] 39 root - INFO - [Attacker] Label flip: 28 samples class 4 \u2192 class 0
[2026-07-19 13:50:22,244] 39 root - INFO - [Attacker] Label flip: 32 samples class 4 \u2192 class 0
[2026-07-19 13:50:22,251] 39 root - INFO - [Attacker] Label flip: 29 samples class 4 \u2192 class 0
[2026-07-19 13:50:22,259] 39 root - INFO - [Attacker] Label flip: 35 samples class 4 \u2192 class 0
[2026-07-19 13:50:22,267] 39 root - INFO - [Attacker] Label flip: 34 samples class 4 \u2192 class 0
[2026-07-19 13:50:22,273] 39 root - INFO - [Attacker] Label flip: 34 samples class 4 \u2192 class 0
[2026-07-19 13:50:22,281] 39 root - INFO - [Attacker] Label flip: 37 samples class 4 \u2192 class 0
[2026-07-19 13:50:22,289] 39 root - INFO - [Attacker] Label flip: 28 samples class 4 \u2192 class 0
[2026-07-19 13:50:22,296] 39 root - INFO - [Attacker] Label flip: 23 samples class 4 \u2192 class 0
[2026-07-19 13:50:22,305] 39 root - INFO - [Attacker] Label flip: 32 samples class 4 \u2192 class 0
[2026-07-19 13:50:22,312] 39 root - INFO - [Attacker] Label flip: 37 samples class 4 \u2192 class 0
[2026-07-19 13:50:22,320] 39 root - INFO - [Attacker] Label flip: 35 samples class 4 \u2192 class 0
[2026-07-19 13:50:22,330] 39 root - INFO - [Attacker] Label flip: 24 samples class 4 \u2192 class 0
[2026-07-19 13:50:22,336] 39 root - INFO - [Attacker] Label flip: 32 samples class 4 \u2192 class 0
[2026-07-19 13:50:22,344] 39 root - INFO - [Attacker] Label flip: 38 samples class 4 \u2192 class 0
[2026-07-19 13:50:22,352] 39 root - INFO - [Attacker] Label flip: 24 samples class 4 \u2192 class 0
[2026-07-19 13:50:22,362] 39 root - INFO - [Attacker] Label flip: 29 samples class 4 \u2192 class 0
[2026-07-19 13:50:22,368] 39 root - INFO - [Attacker] Label flip: 38 samples class 4 \u2192 class 0
[2026-07-19 13:50:22,378] 39 root - INFO - [Attacker] Label flip: 21 samples class 4 \u2192 class 0
[2026-07-19 13:50:22,384] 39 root - INFO - [Attacker] Label flip: 32 samples class 4 \u2192 class 0
[2026-07-19 13:50:22,394] 39 root - INFO - [Attacker] Label flip: 24 samples class 4 \u2192 class 0
[2026-07-19 13:50:22,402] 39 root - INFO - [Attacker] Label flip: 27 samples class 4 \u2192 class 0
[2026-07-19 13:50:22,409] 39 root - INFO - [Attacker] Label flip: 30 samples class 4 \u2192 class 0
[2026-07-19 13:50:22,417] 39 root - INFO - [Attacker] Label flip: 31 samples class 4 \u2192 class 0
[2026-07-19 13:50:22,425] 39 root - INFO - [Attacker] Label flip: 28 samples class 4 \u2192 class 0
[2026-07-19 13:50:22,433] 39 root - INFO - [Attacker] Label flip: 35 samples class 4 \u2192 class 0
[2026-07-19 13:50:22,441] 39 root - INFO - [Attacker] Label flip: 27 samples class 4 \u2192 class 0
[2026-07-19 13:50:22,449] 39 root - INFO - [Attacker] Label flip: 35 samples class 4 \u2192 class 0
[2026-07-19 13:50:22,457] 39 root - INFO - [Attacker] Label flip: 26 samples class 4 \u2192 class 0
[2026-07-19 13:50:22,465] 39 root - INFO - [Attacker] Label flip: 37 samples class 4 \u2192 class 0
[2026-07-19 13:50:22,473] 39 root - INFO - [Attacker] Label flip: 29 samples class 4 \u2192 class 0
[2026-07-19 13:50:22,481] 39 root - INFO - [Attacker] Label flip: 32 samples class 4 \u2192 class 0
[2026-07-19 13:50:22,487] 39 root - INFO - [Attacker] Label flip: 31 samples class 4 \u2192 class 0
[2026-07-19 13:50:22,495] 39 root - INFO - [Attacker] Label flip: 32 samples class 4 \u2192 class 0
[2026-07-19 13:50:22,502] 39 root - INFO - [Attacker] Label flip: 27 samples class 4 \u2192 class 0
[2026-07-19 13:50:22,511] 39 root - INFO - [Attacker] Label flip: 20 samples class 4 \u2192 class 0
[2026-07-19 13:50:22,519] 39 root - INFO - [Attacker] Label flip: 20 samples class 4 \u2192 class 0
[2026-07-19 13:50:22,528] 39 root - INFO - [Attacker] Label flip: 35 samples class 4 \u2192 class 0
[2026-07-19 13:50:22,534] 39 root - INFO - [Attacker] Label flip: 42 samples class 4 \u2192 class 0
[2026-07-19 13:50:22,542] 39 root - INFO - [Attacker] Label flip: 38 samples class 4 \u2192 class 0
[2026-07-19 13:50:22,550] 39 root - INFO - [Attacker] Label flip: 24 samples class 4 \u2192 class 0
[2026-07-19 13:50:22,559] 39 root - INFO - [Attacker] Label flip: 30 samples class 4 \u2192 class 0
[2026-07-19 13:50:22,566] 39 root - INFO - [Attacker] Label flip: 28 samples class 4 \u2192 class 0
[2026-07-19 13:50:22,574] 39 root - INFO - [Attacker] Label flip: 30 samples class 4 \u2192 class 0
[2026-07-19 13:50:22,582] 39 root - INFO - [Attacker] Label flip: 33 samples class 4 \u2192 class 0
[2026-07-19 13:50:22,591] 39 root - INFO - [Attacker] Label flip: 26 samples class 4 \u2192 class 0
[2026-07-19 13:50:22,599] 39 root - INFO - [Attacker] Label flip: 27 samples class 4 \u2192 class 0
[2026-07-19 13:50:22,607] 39 root - INFO - [Attacker] Label flip: 41 samples class 4 \u2192 class 0
[2026-07-19 13:50:22,613] 39 root - INFO - [Attacker] Label flip: 31 samples class 4 \u2192 class 0
[2026-07-19 13:50:22,621] 39 root - INFO - [Attacker] Label flip: 20 samples class 4 \u2192 class 0
[2026-07-19 13:50:22,631] 39 root - INFO - [Attacker] Label flip: 29 samples class 4 \u2192 class 0
[2026-07-19 13:50:22,639] 39 root - INFO - [Attacker] Label flip: 25 samples class 4 \u2192 class 0
[2026-07-19 13:50:22,645] 39 root - INFO - [Attacker] Label flip: 28 samples class 4 \u2192 class 0
[2026-07-19 13:50:22,653] 39 root - INFO - [Attacker] Label flip: 32 samples class 4 \u2192 class 0
[2026-07-19 13:50:22,661] 39 root - INFO - [Attacker] Label flip: 32 samples class 4 \u2192 class 0
[2026-07-19 13:50:22,668] 39 root - INFO - [Attacker] Label flip: 27 samples class 4 \u2192 class 0
[2026-07-19 13:50:22,676] 39 root - INFO - [Attacker] Label flip: 34 samples class 4 \u2192 class 0
[2026-07-19 13:50:22,684] 39 root - INFO - [Attacker] Label flip: 34 samples class 4 \u2192 class 0
[2026-07-19 13:50:22,694] 39 root - INFO - [Attacker] Label flip: 32 samples class 4 \u2192 class 0
[2026-07-19 13:50:22,702] 39 root - INFO - [Attacker] Label flip: 37 samples class 4 \u2192 class 0
[2026-07-19 13:50:22,708] 39 root - INFO - [Attacker] Label flip: 30 samples class 4 \u2192 class 0
[2026-07-19 13:50:22,716] 39 root - INFO - [Attacker] Label flip: 25 samples class 4 \u2192 class 0
[2026-07-19 13:50:22,724] 39 root - INFO - [Attacker] Label flip: 28 samples class 4 \u2192 class 0
[2026-07-19 13:50:22,733] 39 root - INFO - [Attacker] Label flip: 38 samples class 4 \u2192 class 0
[2026-07-19 13:50:22,739] 39 root - INFO - [Attacker] Label flip: 28 samples class 4 \u2192 class 0
[2026-07-19 13:50:22,747] 39 root - INFO - [Attacker] Label flip: 27 samples class 4 \u2192 class 0
[2026-07-19 13:50:22,755] 39 root - INFO - [Attacker] Label flip: 29 samples class 4 \u2192 class 0
[2026-07-19 13:50:22,763] 39 root - INFO - [Attacker] Label flip: 28 samples class 4 \u2192 class 0
[2026-07-19 13:50:22,776] 39 root - INFO - [Attacker] Label flip: 31 samples class 4 \u2192 class 0
[2026-07-19 13:50:22,783] 39 root - INFO - [Attacker] Label flip: 21 samples class 4 \u2192 class 0
[2026-07-19 13:50:22,791] 39 root - INFO - [Attacker] Label flip: 24 samples class 4 \u2192 class 0
[2026-07-19 13:50:22,799] 39 root - INFO - [Attacker] Label flip: 27 samples class 4 \u2192 class 0
[2026-07-19 13:50:22,807] 39 root - INFO - [Attacker] Label flip: 26 samples class 4 \u2192 class 0
[2026-07-19 13:50:22,815] 39 root - INFO - [Attacker] Label flip: 27 samples class 4 \u2192 class 0
[2026-07-19 13:50:22,823] 39 root - INFO - [Attacker] Label flip: 33 samples class 4 \u2192 class 0
[2026-07-19 13:50:22,830] 39 root - INFO - [Attacker] Label flip: 32 samples class 4 \u2192 class 0
[2026-07-19 13:50:22,839] 39 root - INFO - [Attacker] Label flip: 26 samples class 4 \u2192 class 0
[2026-07-19 13:50:22,846] 39 root - INFO - [Attacker] Label flip: 20 samples class 4 \u2192 class 0
[2026-07-19 13:50:22,854] 39 root - INFO - [Attacker] Label flip: 34 samples class 4 \u2192 class 0
[2026-07-19 13:50:22,864] 39 root - INFO - [Attacker] Label flip: 28 samples class 4 \u2192 class 0
[2026-07-19 13:50:22,870] 39 root - INFO - [Attacker] Label flip: 35 samples class 4 \u2192 class 0
[2026-07-19 13:50:22,878] 39 root - INFO - [Attacker] Label flip: 33 samples class 4 \u2192 class 0
[2026-07-19 13:50:22,887] 39 root - INFO - [Attacker] Label flip: 30 samples class 4 \u2192 class 0
[2026-07-19 13:50:22,894] 39 root - INFO - [Attacker] Label flip: 19 samples class 4 \u2192 class 0
[2026-07-19 13:50:22,902] 39 root - INFO - [Attacker] Label flip: 25 samples class 4 \u2192 class 0
[2026-07-19 13:50:22,910] 39 root - INFO - [Attacker] Label flip: 29 samples class 4 \u2192 class 0
[2026-07-19 13:50:22,920] 39 root - INFO - [Attacker] Label flip: 27 samples class 4 \u2192 class 0
[2026-07-19 13:50:22,928] 39 root - INFO - [Attacker] Label flip: 23 samples class 4 \u2192 class 0
[2026-07-19 13:50:22,937] 39 root - INFO - [Attacker] Label flip: 20 samples class 4 \u2192 class 0
[2026-07-19 13:50:22,945] 39 root - INFO - [Attacker] Label flip: 21 samples class 4 \u2192 class 0
[2026-07-19 13:50:22,951] 39 root - INFO - [Attacker] Label flip: 29 samples class 4 \u2192 class 0
[2026-07-19 13:50:22,959] 39 root - INFO - [Attacker] Label flip: 24 samples class 4 \u2192 class 0
[2026-07-19 13:50:22,967] 39 root - INFO - [Attacker] Label flip: 27 samples class 4 \u2192 class 0
[2026-07-19 13:50:22,975] 39 root - INFO - [Attacker] Label flip: 26 samples class 4 \u2192 class 0
[2026-07-19 13:50:22,983] 39 root - INFO - [Attacker] Label flip: 38 samples class 4 \u2192 class 0
[2026-07-19 13:50:22,991] 39 root - INFO - [Attacker] Label flip: 31 samples class 4 \u2192 class 0
[2026-07-19 13:50:22,998] 39 root - INFO - [Attacker] Label flip: 26 samples class 4 \u2192 class 0
[2026-07-19 13:50:23,005] 39 root - INFO - [Attacker] Label flip: 23 samples class 4 \u2192 class 0
[2026-07-19 13:50:23,013] 39 root - INFO - [Attacker] Label flip: 23 samples class 4 \u2192 class 0
[2026-07-19 13:50:23,021] 39 root - INFO - [Attacker] Label flip: 32 samples class 4 \u2192 class 0
[2026-07-19 13:50:23,029] 39 root - INFO - [Attacker] Label flip: 28 samples class 4 \u2192 class 0
[2026-07-19 13:50:23,037] 39 root - INFO - [Attacker] Label flip: 30 samples class 4 \u2192 class 0
[2026-07-19 13:50:23,045] 39 root - INFO - [Attacker] Label flip: 27 samples class 4 \u2192 class 0
[2026-07-19 13:50:23,053] 39 root - INFO - [Attacker] Label flip: 33 samples class 4 \u2192 class 0
[2026-07-19 13:50:23,061] 39 root - INFO - [Attacker] Label flip: 40 samples class 4 \u2192 class 0
[2026-07-19 13:50:23,069] 39 root - INFO - [Attacker] Label flip: 22 samples class 4 \u2192 class 0
[2026-07-19 13:50:23,077] 39 root - INFO - [Attacker] Label flip: 32 samples class 4 \u2192 class 0
[2026-07-19 13:50:23,083] 39 root - INFO - [Attacker] Label flip: 26 samples class 4 \u2192 class 0
[2026-07-19 13:50:23,093] 39 root - INFO - [Attacker] Label flip: 23 samples class 4 \u2192 class 0
[2026-07-19 13:50:23,101] 39 root - INFO - [Attacker] Label flip: 27 samples class 4 \u2192 class 0
[2026-07-19 13:50:23,109] 39 root - INFO - [Attacker] Label flip: 23 samples class 4 \u2192 class 0
[2026-07-19 13:50:23,116] 39 root - INFO - [Attacker] Label flip: 29 samples class 4 \u2192 class 0
[2026-07-19 13:50:23,125] 39 root - INFO - [Attacker] Label flip: 28 samples class 4 \u2192 class 0
[2026-07-19 13:50:23,131] 39 root - INFO - [Attacker] Label flip: 27 samples class 4 \u2192 class 0
[2026-07-19 13:50:23,139] 39 root - INFO - [Attacker] Label flip: 31 samples class 4 \u2192 class 0
[2026-07-19 13:50:23,147] 39 root - INFO - [Attacker] Label flip: 28 samples class 4 \u2192 class 0
[2026-07-19 13:50:23,156] 39 root - INFO - [Attacker] Label flip: 26 samples class 4 \u2192 class 0
[2026-07-19 13:50:23,164] 39 root - INFO - [Attacker] Label flip: 25 samples class 4 \u2192 class 0
[2026-07-19 13:50:23,172] 39 root - INFO - [Attacker] Label flip: 30 samples class 4 \u2192 class 0
[2026-07-19 13:50:23,180] 39 root - INFO - [Attacker] Label flip: 32 samples class 4 \u2192 class 0
[2026-07-19 13:50:23,188] 39 root - INFO - [Attacker] Label flip: 32 samples class 4 \u2192 class 0
[2026-07-19 13:50:23,196] 39 root - INFO - [Attacker] Label flip: 28 samples class 4 \u2192 class 0
[2026-07-19 13:50:23,204] 39 root - INFO - [Attacker] Label flip: 27 samples class 4 \u2192 class 0
[2026-07-19 13:50:23,210] 39 root - INFO - [Attacker] Label flip: 26 samples class 4 \u2192 class 0
[2026-07-19 13:50:23,218] 39 root - INFO - [Attacker] Label flip: 25 samples class 4 \u2192 class 0
[2026-07-19 13:50:23,228] 39 root - INFO - [Attacker] Label flip: 23 samples class 4 \u2192 class 0
[2026-07-19 13:50:23,235] 39 root - INFO - [Attacker] Label flip: 32 samples class 4 \u2192 class 0
[2026-07-19 13:50:23,243] 39 root - INFO - [Attacker] Label flip: 37 samples class 4 \u2192 class 0
[2026-07-19 13:50:23,251] 39 root - INFO - [Attacker] Label flip: 37 samples class 4 \u2192 class 0
[2026-07-19 13:50:23,261] 39 root - INFO - [Attacker] Label flip: 33 samples class 4 \u2192 class 0
[2026-07-19 13:50:23,269] 39 root - INFO - [Attacker] Label flip: 23 samples class 4 \u2192 class 0
[2026-07-19 13:50:23,277] 39 root - INFO - [Attacker] Label flip: 31 samples class 4 \u2192 class 0
[2026-07-19 13:50:23,285] 39 root - INFO - [Attacker] Label flip: 31 samples class 4 \u2192 class 0
[2026-07-19 13:50:23,293] 39 root - INFO - [Attacker] Label flip: 36 samples class 4 \u2192 class 0
[2026-07-19 13:50:23,301] 39 root - INFO - [Attacker] Label flip: 30 samples class 4 \u2192 class 0
[2026-07-19 13:50:23,309] 39 root - INFO - [Attacker] Label flip: 36 samples class 4 \u2192 class 0
[2026-07-19 13:50:23,314] 39 root - INFO - [Attacker] Label flip: 29 samples class 4 \u2192 class 0
[2026-07-19 13:50:23,322] 39 root - INFO - [Attacker] Label flip: 29 samples class 4 \u2192 class 0
[2026-07-19 13:50:23,330] 39 root - INFO - [Attacker] Label flip: 30 samples class 4 \u2192 class 0
[2026-07-19 13:50:23,338] 39 root - INFO - [Attacker] Label flip: 19 samples class 4 \u2192 class 0
[2026-07-19 13:50:23,346] 39 root - INFO - [Attacker] Label flip: 20 samples class 4 \u2192 class 0
[2026-07-19 13:50:23,354] 39 root - INFO - [Attacker] Label flip: 21 samples class 4 \u2192 class 0
[2026-07-19 13:50:23,360] 39 root - INFO - [Attacker] Label flip: 27 samples class 4 \u2192 class 0
[2026-07-19 13:50:23,368] 39 root - INFO - [Attacker] Label flip: 30 samples class 4 \u2192 class 0
[2026-07-19 13:50:23,376] 39 root - INFO - [Attacker] Label flip: 29 samples class 4 \u2192 class 0
[2026-07-19 13:50:23,384] 39 root - INFO - [Attacker] Label flip: 33 samples class 4 \u2192 class 0
[2026-07-19 13:50:23,391] 39 root - INFO - [Attacker] Label flip: 26 samples class 4 \u2192 class 0
[2026-07-19 13:50:23,399] 39 root - INFO - [Attacker] Label flip: 24 samples class 4 \u2192 class 0
[2026-07-19 13:50:23,407] 39 root - INFO - [Attacker] Label flip: 31 samples class 4 \u2192 class 0
[2026-07-19 13:50:23,413] 39 root - INFO - [Attacker] Label flip: 47 samples class 4 \u2192 class 0
[2026-07-19 13:50:23,423] 39 root - INFO - [Attacker] Label flip: 22 samples class 4 \u2192 class 0
[2026-07-19 13:50:23,431] 39 root - INFO - [Attacker] Label flip: 32 samples class 4 \u2192 class 0
[2026-07-19 13:50:23,439] 39 root - INFO - [Attacker] Label flip: 25 samples class 4 \u2192 class 0
[2026-07-19 13:50:23,447] 39 root - INFO - [Attacker] Label flip: 22 samples class 4 \u2192 class 0
[2026-07-19 13:50:23,455] 39 root - INFO - [Attacker] Label flip: 20 samples class 4 \u2192 class 0
[2026-07-19 13:50:23,461] 39 root - INFO - [Attacker] Label flip: 32 samples class 4 \u2192 class 0
[2026-07-19 13:50:23,468] 39 root - INFO - [Attacker] Label flip: 27 samples class 4 \u2192 class 0
[2026-07-19 13:50:23,477] 39 root - INFO - [Attacker] Label flip: 20 samples class 4 \u2192 class 0
[2026-07-19 13:50:23,484] 39 root - INFO - [Attacker] Label flip: 33 samples class 4 \u2192 class 0
[2026-07-19 13:50:23,492] 39 root - INFO - [Attacker] Label flip: 20 samples class 4 \u2192 class 0
[2026-07-19 13:50:23,500] 39 root - INFO - [Attacker] Label flip: 24 samples class 4 \u2192 class 0
[2026-07-19 13:50:23,508] 39 root - INFO - [Attacker] Label flip: 30 samples class 4 \u2192 class 0
[2026-07-19 13:50:23,516] 39 root - INFO - [Attacker] Label flip: 31 samples class 4 \u2192 class 0
[2026-07-19 13:50:23,526] 39 root - INFO - [Attacker] Label flip: 29 samples class 4 \u2192 class 0
[2026-07-19 13:50:23,534] 39 root - INFO - [Attacker] Label flip: 30 samples class 4 \u2192 class 0
[2026-07-19 13:50:23,540] 39 root - INFO - [Attacker] Label flip: 34 samples class 4 \u2192 class 0
[2026-07-19 13:50:23,548] 39 root - INFO - [Attacker] Label flip: 31 samples class 4 \u2192 class 0
[2026-07-19 13:50:23,558] 39 root - INFO - [Attacker] Label flip: 25 samples class 4 \u2192 class 0
[2026-07-19 13:50:23,565] 39 root - INFO - [Attacker] Label flip: 24 samples class 4 \u2192 class 0
[2026-07-19 13:50:23,573] 39 root - INFO - [Attacker] Label flip: 23 samples class 4 \u2192 class 0
[2026-07-19 13:50:23,583] 39 root - INFO - [Attacker] Label flip: 32 samples class 4 \u2192 class 0
[2026-07-19 13:50:23,591] 39 root - INFO - [Attacker] Label flip: 37 samples class 4 \u2192 class 0
[2026-07-19 13:50:23,599] 39 root - INFO - [Attacker] Label flip: 26 samples class 4 \u2192 class 0
[2026-07-19 13:50:23,605] 39 root - INFO - [Attacker] Label flip: 31 samples class 4 \u2192 class 0
[2026-07-19 13:50:23,614] 39 root - INFO - [Attacker] Label flip: 36 samples class 4 \u2192 class 0
[2026-07-19 13:50:23,620] 39 root - INFO - [Attacker] Label flip: 32 samples class 4 \u2192 class 0
[2026-07-19 13:50:23,628] 39 root - INFO - [Attacker] Label flip: 27 samples class 4 \u2192 class 0
[2026-07-19 13:50:23,636] 39 root - INFO - [Attacker] Label flip: 19 samples class 4 \u2192 class 0
[2026-07-19 13:50:23,644] 39 root - INFO - [Attacker] Label flip: 29 samples class 4 \u2192 class 0
[2026-07-19 13:50:23,652] 39 root - INFO - [Attacker] Label flip: 34 samples class 4 \u2192 class 0
[2026-07-19 13:50:23,659] 39 root - INFO - [Attacker] Label flip: 27 samples class 4 \u2192 class 0
[2026-07-19 13:50:23,667] 39 root - INFO - [Attacker] Label flip: 34 samples class 4 \u2192 class 0
[2026-07-19 13:50:23,673] 39 root - INFO - [Attacker] Label flip: 30 samples class 4 \u2192 class 0
[2026-07-19 13:50:23,682] 39 root - INFO - [Attacker] Label flip: 28 samples class 4 \u2192 class 0
[2026-07-19 13:50:23,690] 39 root - INFO - [Attacker] Label flip: 28 samples class 4 \u2192 class 0
[2026-07-19 13:50:23,699] 39 root - INFO - [Attacker] Label flip: 23 samples class 4 \u2192 class 0
[2026-07-19 13:50:23,705] 39 root - INFO - [Attacker] Label flip: 36 samples class 4 \u2192 class 0
[2026-07-19 13:50:23,713] 39 root - INFO - [Attacker] Label flip: 31 samples class 4 \u2192 class 0
[2026-07-19 13:50:23,725] 39 root - INFO - [Attacker] Label flip: 24 samples class 4 \u2192 class 0
[2026-07-19 13:50:23,733] 39 root - INFO - [Attacker] Label flip: 29 samples class 4 \u2192 class 0
[2026-07-19 13:50:23,741] 39 root - INFO - [Attacker] Label flip: 26 samples class 4 \u2192 class 0
[2026-07-19 13:50:23,749] 39 root - INFO - [Attacker] Label flip: 30 samples class 4 \u2192 class 0
[2026-07-19 13:50:23,756] 39 root - INFO - [Attacker] Label flip: 34 samples class 4 \u2192 class 0
[2026-07-19 13:50:23,765] 39 root - INFO - [Attacker] Label flip: 33 samples class 4 \u2192 class 0
[2026-07-19 13:50:23,772] 39 root - INFO - [Attacker] Label flip: 33 samples class 4 \u2192 class 0
[2026-07-19 13:50:23,780] 39 root - INFO - [Attacker] Label flip: 36 samples class 4 \u2192 class 0
[2026-07-19 13:50:23,786] 39 root - INFO - [Attacker] Label flip: 30 samples class 4 \u2192 class 0
[2026-07-19 13:50:23,794] 39 root - INFO - [Attacker] Label flip: 26 samples class 4 \u2192 class 0
[2026-07-19 13:50:23,802] 39 root - INFO - [Attacker] Label flip: 30 samples class 4 \u2192 class 0
[2026-07-19 13:50:23,810] 39 root - INFO - [Attacker] Label flip: 34 samples class 4 \u2192 class 0
[2026-07-19 13:50:23,818] 39 root - INFO - [Attacker] Label flip: 25 samples class 4 \u2192 class 0
[2026-07-19 13:50:23,826] 39 root - INFO - [Attacker] Label flip: 22 samples class 4 \u2192 class 0
[2026-07-19 13:50:23,834] 39 root - INFO - [Attacker] Label flip: 37 samples class 4 \u2192 class 0
[2026-07-19 13:50:23,842] 39 root - INFO - [Attacker] Label flip: 26 samples class 4 \u2192 class 0
[2026-07-19 13:50:23,850] 39 root - INFO - [Attacker] Label flip: 23 samples class 4 \u2192 class 0
[2026-07-19 13:50:23,858] 39 root - INFO - [Attacker] Label flip: 28 samples class 4 \u2192 class 0
[2026-07-19 13:50:23,865] 39 root - INFO - [Attacker] Label flip: 30 samples class 4 \u2192 class 0
[2026-07-19 13:50:23,873] 39 root - INFO - [Attacker] Label flip: 29 samples class 4 \u2192 class 0
[2026-07-19 13:50:23,883] 39 root - INFO - [Attacker] Label flip: 34 samples class 4 \u2192 class 0
[2026-07-19 13:50:23,890] 39 root - INFO - [Attacker] Label flip: 29 samples class 4 \u2192 class 0
[2026-07-19 13:50:23,897] 39 root - INFO - [Attacker] Label flip: 30 samples class 4 \u2192 class 0
[2026-07-19 13:50:23,905] 39 root - INFO - [Attacker] Label flip: 22 samples class 4 \u2192 class 0
[2026-07-19 13:50:23,913] 39 root - INFO - [Attacker] Label flip: 20 samples class 4 \u2192 class 0
[2026-07-19 13:50:23,921] 39 root - INFO - [Attacker] Label flip: 42 samples class 4 \u2192 class 0
[2026-07-19 13:50:23,929] 39 root - INFO - [Attacker] Label flip: 23 samples class 4 \u2192 class 0
[2026-07-19 13:50:23,937] 39 root - INFO - [Attacker] Label flip: 24 samples class 4 \u2192 class 0
[2026-07-19 13:50:23,945] 39 root - INFO - [Attacker] Label flip: 28 samples class 4 \u2192 class 0
[2026-07-19 13:50:23,955] 39 root - INFO - [Attacker] Label flip: 26 samples class 4 \u2192 class 0
[2026-07-19 13:50:23,962] 39 root - INFO - [Attacker] Label flip: 30 samples class 4 \u2192 class 0
[2026-07-19 13:50:23,968] 39 root - INFO - [Attacker] Label flip: 34 samples class 4 \u2192 class 0
[2026-07-19 13:50:23,976] 39 root - INFO - [Attacker] Label flip: 30 samples class 4 \u2192 class 0
[2026-07-19 13:50:23,984] 39 root - INFO - [Attacker] Label flip: 24 samples class 4 \u2192 class 0
[2026-07-19 13:50:23,992] 39 root - INFO - [Attacker] Label flip: 27 samples class 4 \u2192 class 0
[2026-07-19 13:50:24,000] 39 root - INFO - [Attacker] Label flip: 41 samples class 4 \u2192 class 0
[2026-07-19 13:50:24,008] 39 root - INFO - [Attacker] Label flip: 22 samples class 4 \u2192 class 0
[2026-07-19 13:50:24,020] 39 root - INFO - [Attacker] Label flip: 26 samples class 4 \u2192 class 0
[2026-07-19 13:50:24,026] 39 root - INFO - [Attacker] Label flip: 26 samples class 4 \u2192 class 0
[2026-07-19 13:50:24,034] 39 root - INFO - [Attacker] Label flip: 26 samples class 4 \u2192 class 0
[2026-07-19 13:50:24,042] 39 root - INFO - [Attacker] Label flip: 22 samples class 4 \u2192 class 0
[2026-07-19 13:50:24,077] 39 root - INFO - [Attacker] Label flip: 29 samples class 4 \u2192 class 0
[2026-07-19 13:50:24,087] 39 root - INFO - [Attacker] Label flip: 25 samples class 4 \u2192 class 0
[2026-07-19 13:50:24,095] 39 root - INFO - [Attacker] Label flip: 28 samples class 4 \u2192 class 0
[2026-07-19 13:50:24,103] 39 root - INFO - [Attacker] Label flip: 21 samples class 4 \u2192 class 0
[2026-07-19 13:50:24,115] 39 root - INFO - [Attacker] Label flip: 24 samples class 4 \u2192 class 0
[2026-07-19 13:50:24,123] 39 root - INFO - [Attacker] Label flip: 27 samples class 4 \u2192 class 0
[2026-07-19 13:50:24,131] 39 root - INFO - [Attacker] Label flip: 32 samples class 4 \u2192 class 0
[2026-07-19 13:50:24,137] 39 root - INFO - [Attacker] Label flip: 30 samples class 4 \u2192 class 0
[2026-07-19 13:50:24,145] 39 root - INFO - [Attacker] Label flip: 26 samples class 4 \u2192 class 0
[2026-07-19 13:50:24,157] 39 root - INFO - [Attacker] Label flip: 36 samples class 4 \u2192 class 0
[2026-07-19 13:50:24,164] 39 root - INFO - [Attacker] Label flip: 34 samples class 4 \u2192 class 0
[2026-07-19 13:50:24,172] 39 root - INFO - [Attacker] Label flip: 29 samples class 4 \u2192 class 0
[2026-07-19 13:50:24,180] 39 root - INFO - [Attacker] Label flip: 32 samples class 4 \u2192 class 0
[2026-07-19 13:50:24,190] 39 root - INFO - [Attacker] Label flip: 34 samples class 4 \u2192 class 0
[2026-07-19 13:50:24,198] 39 root - INFO - [Attacker] Label flip: 21 samples class 4 \u2192 class 0
[2026-07-19 13:50:24,206] 39 root - INFO - [Attacker] Label flip: 20 samples class 4 \u2192 class 0
[2026-07-19 13:50:24,214] 39 root - INFO - [Attacker] Label flip: 31 samples class 4 \u2192 class 0
[2026-07-19 13:50:24,221] 39 root - INFO - [Attacker] Label flip: 32 samples class 4 \u2192 class 0
[2026-07-19 13:50:24,229] 39 root - INFO - [Attacker] Label flip: 26 samples class 4 \u2192 class 0
[2026-07-19 13:50:24,237] 39 root - INFO - [Attacker] Label flip: 35 samples class 4 \u2192 class 0
[2026-07-19 13:50:24,245] 39 root - INFO - [Attacker] Label flip: 27 samples class 4 \u2192 class 0
[2026-07-19 13:50:24,251] 39 root - INFO - [Attacker] Label flip: 26 samples class 4 \u2192 class 0
[2026-07-19 13:50:24,259] 39 root - INFO - [Attacker] Label flip: 37 samples class 4 \u2192 class 0
[2026-07-19 13:50:24,267] 39 root - INFO - [Attacker] Label flip: 28 samples class 4 \u2192 class 0
[2026-07-19 13:50:24,275] 39 root - INFO - [Attacker] Label flip: 33 samples class 4 \u2192 class 0
[2026-07-19 13:50:24,283] 39 root - INFO - [Attacker] Label flip: 29 samples class 4 \u2192 class 0
[2026-07-19 13:50:24,293] 39 root - INFO - [Attacker] Label flip: 18 samples class 4 \u2192 class 0
[2026-07-19 13:50:24,299] 39 root - INFO - [Attacker] Label flip: 37 samples class 4 \u2192 class 0
[2026-07-19 13:50:24,306] 39 root - INFO - [Attacker] Label flip: 25 samples class 4 \u2192 class 0
[2026-07-19 13:50:24,315] 39 root - INFO - [Attacker] Label flip: 21 samples class 4 \u2192 class 0
[2026-07-19 13:50:24,324] 39 root - INFO - [Attacker] Label flip: 27 samples class 4 \u2192 class 0
[2026-07-19 13:50:24,333] 39 root - INFO - [Attacker] Label flip: 25 samples class 4 \u2192 class 0
[2026-07-19 13:50:24,340] 39 root - INFO - [Attacker] Label flip: 31 samples class 4 \u2192 class 0
[2026-07-19 13:50:24,348] 39 root - INFO - [Attacker] Label flip: 21 samples class 4 \u2192 class 0
[2026-07-19 13:50:24,356] 39 root - INFO - [Attacker] Label flip: 37 samples class 4 \u2192 class 0
[2026-07-19 13:50:24,364] 39 root - INFO - [Attacker] Label flip: 32 samples class 4 \u2192 class 0
[2026-07-19 13:50:24,372] 39 root - INFO - [Attacker] Label flip: 35 samples class 4 \u2192 class 0
[2026-07-19 13:50:24,380] 39 root - INFO - [Attacker] Label flip: 32 samples class 4 \u2192 class 0
[2026-07-19 13:50:24,388] 39 root - INFO - [Attacker] Label flip: 34 samples class 4 \u2192 class 0
[2026-07-19 13:50:24,396] 39 root - INFO - [Attacker] Label flip: 17 samples class 4 \u2192 class 0
[2026-07-19 13:50:24,404] 39 root - INFO - [Attacker] Label flip: 28 samples class 4 \u2192 class 0
[2026-07-19 13:50:24,412] 39 root - INFO - [Attacker] Label flip: 24 samples class 4 \u2192 class 0
[2026-07-19 13:50:24,419] 39 root - INFO - [Attacker] Label flip: 39 samples class 4 \u2192 class 0
[2026-07-19 13:50:24,427] 39 root - INFO - [Attacker] Label flip: 21 samples class 4 \u2192 class 0
[2026-07-19 13:50:24,435] 39 root - INFO - [Attacker] Label flip: 23 samples class 4 \u2192 class 0
[2026-07-19 13:50:24,443] 39 root - INFO - [Attacker] Label flip: 28 samples class 4 \u2192 class 0
[2026-07-19 13:50:24,452] 39 root - INFO - [Attacker] Label flip: 31 samples class 4 \u2192 class 0
[2026-07-19 13:50:24,463] 39 root - INFO - [Attacker] Label flip: 22 samples class 4 \u2192 class 0
[2026-07-19 13:50:24,471] 39 root - INFO - [Attacker] Label flip: 34 samples class 4 \u2192 class 0
[2026-07-19 13:50:24,479] 39 root - INFO - [Attacker] Label flip: 30 samples class 4 \u2192 class 0
[2026-07-19 13:50:24,487] 39 root - INFO - [Attacker] Label flip: 23 samples class 4 \u2192 class 0
[2026-07-19 13:50:24,495] 39 root - INFO - [Attacker] Label flip: 29 samples class 4 \u2192 class 0
[2026-07-19 13:50:24,503] 39 root - INFO - [Attacker] Label flip: 30 samples class 4 \u2192 class 0
[2026-07-19 13:50:24,511] 39 root - INFO - [Attacker] Label flip: 33 samples class 4 \u2192 class 0
[2026-07-19 13:50:24,519] 39 root - INFO - [Attacker] Label flip: 25 samples class 4 \u2192 class 0
[2026-07-19 13:50:24,526] 39 root - INFO - [Attacker] Label flip: 43 samples class 4 \u2192 class 0
[2026-07-19 13:50:24,534] 39 root - INFO - [Attacker] Label flip: 24 samples class 4 \u2192 class 0
[2026-07-19 13:50:24,542] 39 root - INFO - [Attacker] Label flip: 27 samples class 4 \u2192 class 0
[2026-07-19 13:50:24,550] 39 root - INFO - [Attacker] Label flip: 29 samples class 4 \u2192 class 0
[2026-07-19 13:50:24,560] 39 root - INFO - [Attacker] Label flip: 30 samples class 4 \u2192 class 0
[2026-07-19 13:50:24,568] 39 root - INFO - [Attacker] Label flip: 27 samples class 4 \u2192 class 0
[2026-07-19 13:50:24,576] 39 root - INFO - [Attacker] Label flip: 28 samples class 4 \u2192 class 0
[2026-07-19 13:50:24,584] 39 root - INFO - [Attacker] Label flip: 30 samples class 4 \u2192 class 0
[2026-07-19 13:50:24,594] 39 root - INFO - [Attacker] Label flip: 33 samples class 4 \u2192 class 0
[2026-07-19 13:50:24,602] 39 root - INFO - [Attacker] Label flip: 42 samples class 4 \u2192 class 0
[2026-07-19 13:50:24,609] 39 root - INFO - [Attacker] Label flip: 27 samples class 4 \u2192 class 0
[2026-07-19 13:50:24,617] 39 root - INFO - [Attacker] Label flip: 31 samples class 4 \u2192 class 0
[2026-07-19 13:50:24,625] 39 root - INFO - [Attacker] Label flip: 28 samples class 4 \u2192 class 0
[2026-07-19 13:50:24,633] 39 root - INFO - [Attacker] Label flip: 26 samples class 4 \u2192 class 0
[2026-07-19 13:50:24,642] 39 root - INFO - [Attacker] Label flip: 30 samples class 4 \u2192 class 0
[2026-07-19 13:50:24,650] 39 root - INFO - [Attacker] Label flip: 36 samples class 4 \u2192 class 0
[2026-07-19 13:50:24,658] 39 root - INFO - [Attacker] Label flip: 28 samples class 4 \u2192 class 0
[2026-07-19 13:50:24,666] 39 root - INFO - [Attacker] Label flip: 35 samples class 4 \u2192 class 0
[2026-07-19 13:50:24,674] 39 root - INFO - [Attacker] Label flip: 31 samples class 4 \u2192 class 0
[2026-07-19 13:50:24,871] 39 root - INFO - [Attacker] Label flip: 24 samples class 4 \u2192 class 0
[2026-07-19 13:50:24,881] 39 root - INFO - [Attacker] Label flip: 30 samples class 4 \u2192 class 0
[2026-07-19 13:50:24,887] 39 root - INFO - [Attacker] Label flip: 41 samples class 4 \u2192 class 0
[2026-07-19 13:50:24,907] 39 root - INFO - [Attacker] Label flip: 36 samples class 4 \u2192 class 0
[2026-07-19 13:50:24,915] 39 root - INFO - [Attacker] Label flip: 25 samples class 4 \u2192 class 0
[2026-07-19 13:50:24,923] 39 root - INFO - [Attacker] Label flip: 28 samples class 4 \u2192 class 0
[2026-07-19 13:50:24,931] 39 root - INFO - [Attacker] Label flip: 32 samples class 4 \u2192 class 0
[2026-07-19 13:50:24,998] 268 flwr - WARNING - DEPRECATED FEATURE: `client_fn` now expects a signature `def client_fn(context: Context)`.The provided `client_fn` has signature: {'cid': <Parameter "cid: str">}. You can import the `Context` like this: `from flwr.common import Context`

            This is a deprecated feature. It will be removed
            entirely in future versions of Flower.
        
[2026-07-19 13:50:32,851] 268 flwr - WARNING - DEPRECATED FEATURE: `client_fn` now expects a signature `def client_fn(context: Context)`.The provided `client_fn` has signature: {'cid': <Parameter "cid: str">}. You can import the `Context` like this: `from flwr.common import Context`

            This is a deprecated feature. It will be removed
            entirely in future versions of Flower.
        
[2026-07-19 13:50:38,184] 268 flwr - WARNING - DEPRECATED FEATURE: `client_fn` now expects a signature `def client_fn(context: Context)`.The provided `client_fn` has signature: {'cid': <Parameter "cid: str">}. You can import the `Context` like this: `from flwr.common import Context`

            This is a deprecated feature. It will be removed
            entirely in future versions of Flower.
        
[2026-07-19 13:50:41,575] 268 flwr - WARNING - DEPRECATED FEATURE: `client_fn` now expects a signature `def client_fn(context: Context)`.The provided `client_fn` has signature: {'cid': <Parameter "cid: str">}. You can import the `Context` like this: `from flwr.common import Context`

            This is a deprecated feature. It will be removed
            entirely in future versions of Flower.
        
[2026-07-19 13:50:47,434] 268 flwr - WARNING - DEPRECATED FEATURE: `client_fn` now expects a signature `def client_fn(context: Context)`.The provided `client_fn` has signature: {'cid': <Parameter "cid: str">}. You can import the `Context` like this: `from flwr.common import Context`

            This is a deprecated feature. It will be removed
            entirely in future versions of Flower.
        
[2026-07-19 13:50:48,596] 268 flwr - WARNING - DEPRECATED FEATURE: `client_fn` now expects a signature `def client_fn(context: Context)`.The provided `client_fn` has signature: {'cid': <Parameter "cid: str">}. You can import the `Context` like this: `from flwr.common import Context`

            This is a deprecated feature. It will be removed
            entirely in future versions of Flower.
        
[2026-07-19 13:50:48,796] 268 flwr - WARNING - DEPRECATED FEATURE: `client_fn` now expects a signature `def client_fn(context: Context)`.The provided `client_fn` has signature: {'cid': <Parameter "cid: str">}. You can import the `Context` like this: `from flwr.common import Context`

            This is a deprecated feature. It will be removed
            entirely in future versions of Flower.
        
[2026-07-19 13:50:50,361] 39 root - INFO - [Attacker] Label flip: 13 samples class 4 \u2192 class 0
[2026-07-19 13:50:50,368] 39 root - INFO - [Attacker] Label flip: 15 samples class 4 \u2192 class 0
[2026-07-19 13:50:50,378] 39 root - INFO - [Attacker] Label flip: 21 samples class 4 \u2192 class 0
[2026-07-19 13:50:50,384] 39 root - INFO - [Attacker] Label flip: 16 samples class 4 \u2192 class 0
[2026-07-19 13:50:50,406] 39 root - INFO - [Attacker] Label flip: 12 samples class 4 \u2192 class 0
[2026-07-19 13:50:50,414] 39 root - INFO - [Attacker] Label flip: 9 samples class 4 \u2192 class 0
[2026-07-19 13:50:50,422] 39 root - INFO - [Attacker] Label flip: 10 samples class 4 \u2192 class 0
[2026-07-19 13:50:50,429] 39 root - INFO - [Attacker] Label flip: 11 samples class 4 \u2192 class 0
[2026-07-19 13:50:50,443] 39 root - INFO - [Attacker] Label flip: 15 samples class 4 \u2192 class 0
[2026-07-19 13:50:50,461] 39 root - INFO - [Attacker] Label flip: 14 samples class 4 \u2192 class 0
[2026-07-19 13:50:50,467] 39 root - INFO - [Attacker] Label flip: 12 samples class 4 \u2192 class 0
[2026-07-19 13:50:50,475] 39 root - INFO - [Attacker] Label flip: 7 samples class 4 \u2192 class 0
[2026-07-19 13:50:50,485] 39 root - INFO - [Attacker] Label flip: 19 samples class 4 \u2192 class 0
[2026-07-19 13:50:50,497] 39 root - INFO - [Attacker] Label flip: 8 samples class 4 \u2192 class 0
[2026-07-19 13:50:50,503] 39 root - INFO - [Attacker] Label flip: 8 samples class 4 \u2192 class 0
[2026-07-19 13:50:50,512] 39 root - INFO - [Attacker] Label flip: 14 samples class 4 \u2192 class 0
[2026-07-19 13:50:50,520] 39 root - INFO - [Attacker] Label flip: 21 samples class 4 \u2192 class 0
[2026-07-19 13:50:50,530] 39 root - INFO - [Attacker] Label flip: 9 samples class 4 \u2192 class 0
[2026-07-19 13:50:50,538] 39 root - INFO - [Attacker] Label flip: 13 samples class 4 \u2192 class 0
[2026-07-19 13:50:50,546] 39 root - INFO - [Attacker] Label flip: 18 samples class 4 \u2192 class 0
[2026-07-19 13:50:50,554] 39 root - INFO - [Attacker] Label flip: 17 samples class 4 \u2192 class 0
[2026-07-19 13:50:50,566] 39 root - INFO - [Attacker] Label flip: 11 samples class 4 \u2192 class 0
[2026-07-19 13:50:50,573] 39 root - INFO - [Attacker] Label flip: 13 samples class 4 \u2192 class 0
[2026-07-19 13:50:50,581] 39 root - INFO - [Attacker] Label flip: 14 samples class 4 \u2192 class 0
[2026-07-19 13:50:50,589] 39 root - INFO - [Attacker] Label flip: 8 samples class 4 \u2192 class 0
[2026-07-19 13:50:50,599] 39 root - INFO - [Attacker] Label flip: 5 samples class 4 \u2192 class 0
[2026-07-19 13:50:50,610] 39 root - INFO - [Attacker] Label flip: 12 samples class 4 \u2192 class 0
[2026-07-19 13:50:50,618] 39 root - INFO - [Attacker] Label flip: 8 samples class 4 \u2192 class 0
[2026-07-19 13:50:50,625] 39 root - INFO - [Attacker] Label flip: 17 samples class 4 \u2192 class 0
[2026-07-19 13:50:50,638] 39 root - INFO - [Attacker] Label flip: 7 samples class 4 \u2192 class 0
[2026-07-19 13:50:50,646] 39 root - INFO - [Attacker] Label flip: 10 samples class 4 \u2192 class 0
[2026-07-19 13:50:50,654] 39 root - INFO - [Attacker] Label flip: 15 samples class 4 \u2192 class 0
[2026-07-19 13:50:50,662] 39 root - INFO - [Attacker] Label flip: 11 samples class 4 \u2192 class 0
[2026-07-19 13:50:50,672] 39 root - INFO - [Attacker] Label flip: 11 samples class 4 \u2192 class 0
[2026-07-19 13:50:50,679] 39 root - INFO - [Attacker] Label flip: 12 samples class 4 \u2192 class 0
[2026-07-19 13:50:50,687] 39 root - INFO - [Attacker] Label flip: 20 samples class 4 \u2192 class 0
[2026-07-19 13:50:50,695] 39 root - INFO - [Attacker] Label flip: 12 samples class 4 \u2192 class 0
[2026-07-19 13:50:50,703] 39 root - INFO - [Attacker] Label flip: 12 samples class 4 \u2192 class 0
[2026-07-19 13:50:50,713] 39 root - INFO - [Attacker] Label flip: 8 samples class 4 \u2192 class 0
[2026-07-19 13:50:50,721] 39 root - INFO - [Attacker] Label flip: 12 samples class 4 \u2192 class 0
[2026-07-19 13:50:50,729] 39 root - INFO - [Attacker] Label flip: 14 samples class 4 \u2192 class 0
[2026-07-19 13:50:50,735] 39 root - INFO - [Attacker] Label flip: 14 samples class 4 \u2192 class 0
[2026-07-19 13:50:50,748] 39 root - INFO - [Attacker] Label flip: 10 samples class 4 \u2192 class 0
[2026-07-19 13:50:50,756] 39 root - INFO - [Attacker] Label flip: 17 samples class 4 \u2192 class 0
[2026-07-19 13:50:50,762] 39 root - INFO - [Attacker] Label flip: 10 samples class 4 \u2192 class 0
[2026-07-19 13:50:50,770] 39 root - INFO - [Attacker] Label flip: 14 samples class 4 \u2192 class 0
[2026-07-19 13:50:50,782] 39 root - INFO - [Attacker] Label flip: 16 samples class 4 \u2192 class 0
[2026-07-19 13:50:50,790] 39 root - INFO - [Attacker] Label flip: 5 samples class 4 \u2192 class 0
[2026-07-19 13:50:50,798] 39 root - INFO - [Attacker] Label flip: 5 samples class 4 \u2192 class 0
[2026-07-19 13:50:50,806] 39 root - INFO - [Attacker] Label flip: 8 samples class 4 \u2192 class 0
[2026-07-19 13:50:50,816] 39 root - INFO - [Attacker] Label flip: 11 samples class 4 \u2192 class 0
[2026-07-19 13:50:50,823] 39 root - INFO - [Attacker] Label flip: 12 samples class 4 \u2192 class 0
[2026-07-19 13:50:50,831] 39 root - INFO - [Attacker] Label flip: 15 samples class 4 \u2192 class 0
[2026-07-19 13:50:50,839] 39 root - INFO - [Attacker] Label flip: 16 samples class 4 \u2192 class 0
[2026-07-19 13:50:50,849] 39 root - INFO - [Attacker] Label flip: 8 samples class 4 \u2192 class 0
[2026-07-19 13:50:50,857] 39 root - INFO - [Attacker] Label flip: 17 samples class 4 \u2192 class 0
[2026-07-19 13:50:50,863] 39 root - INFO - [Attacker] Label flip: 12 samples class 4 \u2192 class 0
[2026-07-19 13:50:50,871] 39 root - INFO - [Attacker] Label flip: 10 samples class 4 \u2192 class 0
[2026-07-19 13:50:50,887] 39 root - INFO - [Attacker] Label flip: 20 samples class 4 \u2192 class 0
[2026-07-19 13:50:50,895] 39 root - INFO - [Attacker] Label flip: 18 samples class 4 \u2192 class 0
[2026-07-19 13:50:50,902] 39 root - INFO - [Attacker] Label flip: 13 samples class 4 \u2192 class 0
[2026-07-19 13:50:50,910] 39 root - INFO - [Attacker] Label flip: 16 samples class 4 \u2192 class 0
[2026-07-19 13:50:50,928] 39 root - INFO - [Attacker] Label flip: 12 samples class 4 \u2192 class 0
[2026-07-19 13:50:50,938] 39 root - INFO - [Attacker] Label flip: 10 samples class 4 \u2192 class 0
[2026-07-19 13:50:50,946] 39 root - INFO - [Attacker] Label flip: 12 samples class 4 \u2192 class 0
[2026-07-19 13:50:50,952] 39 root - INFO - [Attacker] Label flip: 13 samples class 4 \u2192 class 0
[2026-07-19 13:50:50,960] 39 root - INFO - [Attacker] Label flip: 16 samples class 4 \u2192 class 0
[2026-07-19 13:50:50,980] 39 root - INFO - [Attacker] Label flip: 6 samples class 4 \u2192 class 0
[2026-07-19 13:50:50,988] 39 root - INFO - [Attacker] Label flip: 11 samples class 4 \u2192 class 0
[2026-07-19 13:50:50,995] 39 root - INFO - [Attacker] Label flip: 9 samples class 4 \u2192 class 0
[2026-07-19 13:50:51,004] 39 root - INFO - [Attacker] Label flip: 15 samples class 4 \u2192 class 0
[2026-07-19 13:50:51,013] 39 root - INFO - [Attacker] Label flip: 11 samples class 4 \u2192 class 0
[2026-07-19 13:50:51,021] 39 root - INFO - [Attacker] Label flip: 21 samples class 4 \u2192 class 0
[2026-07-19 13:50:51,029] 39 root - INFO - [Attacker] Label flip: 11 samples class 4 \u2192 class 0
[2026-07-19 13:50:51,037] 39 root - INFO - [Attacker] Label flip: 11 samples class 4 \u2192 class 0
[2026-07-19 13:50:51,055] 39 root - INFO - [Attacker] Label flip: 8 samples class 4 \u2192 class 0
[2026-07-19 13:50:51,063] 39 root - INFO - [Attacker] Label flip: 14 samples class 4 \u2192 class 0
[2026-07-19 13:50:51,071] 39 root - INFO - [Attacker] Label flip: 12 samples class 4 \u2192 class 0
[2026-07-19 13:50:51,079] 39 root - INFO - [Attacker] Label flip: 17 samples class 4 \u2192 class 0
[2026-07-19 13:50:51,098] 39 root - INFO - [Attacker] Label flip: 12 samples class 4 \u2192 class 0
[2026-07-19 13:50:51,106] 39 root - INFO - [Attacker] Label flip: 11 samples class 4 \u2192 class 0
[2026-07-19 13:50:51,116] 39 root - INFO - [Attacker] Label flip: 10 samples class 4 \u2192 class 0
[2026-07-19 13:50:51,124] 39 root - INFO - [Attacker] Label flip: 12 samples class 4 \u2192 class 0
[2026-07-19 13:50:51,134] 39 root - INFO - [Attacker] Label flip: 15 samples class 4 \u2192 class 0
[2026-07-19 13:50:51,142] 39 root - INFO - [Attacker] Label flip: 13 samples class 4 \u2192 class 0
[2026-07-19 13:50:51,150] 39 root - INFO - [Attacker] Label flip: 9 samples class 4 \u2192 class 0
[2026-07-19 13:50:51,158] 39 root - INFO - [Attacker] Label flip: 18 samples class 4 \u2192 class 0
[2026-07-19 13:50:51,168] 39 root - INFO - [Attacker] Label flip: 14 samples class 4 \u2192 class 0
[2026-07-19 13:50:51,176] 39 root - INFO - [Attacker] Label flip: 9 samples class 4 \u2192 class 0
[2026-07-19 13:50:51,184] 39 root - INFO - [Attacker] Label flip: 12 samples class 4 \u2192 class 0
[2026-07-19 13:50:51,192] 39 root - INFO - [Attacker] Label flip: 11 samples class 4 \u2192 class 0
[2026-07-19 13:50:51,208] 39 root - INFO - [Attacker] Label flip: 11 samples class 4 \u2192 class 0
[2026-07-19 13:50:51,215] 39 root - INFO - [Attacker] Label flip: 7 samples class 4 \u2192 class 0
[2026-07-19 13:50:51,223] 39 root - INFO - [Attacker] Label flip: 8 samples class 4 \u2192 class 0
[2026-07-19 13:50:51,231] 39 root - INFO - [Attacker] Label flip: 8 samples class 4 \u2192 class 0
[2026-07-19 13:50:51,241] 39 root - INFO - [Attacker] Label flip: 9 samples class 4 \u2192 class 0
[2026-07-19 13:50:51,249] 39 root - INFO - [Attacker] Label flip: 13 samples class 4 \u2192 class 0
[2026-07-19 13:50:51,257] 39 root - INFO - [Attacker] Label flip: 19 samples class 4 \u2192 class 0
[2026-07-19 13:50:51,263] 39 root - INFO - [Attacker] Label flip: 7 samples class 4 \u2192 class 0
[2026-07-19 13:50:51,275] 39 root - INFO - [Attacker] Label flip: 15 samples class 4 \u2192 class 0
[2026-07-19 13:50:51,281] 39 root - INFO - [Attacker] Label flip: 11 samples class 4 \u2192 class 0
[2026-07-19 13:50:51,289] 39 root - INFO - [Attacker] Label flip: 17 samples class 4 \u2192 class 0
[2026-07-19 13:50:51,297] 39 root - INFO - [Attacker] Label flip: 8 samples class 4 \u2192 class 0
[2026-07-19 13:50:51,305] 39 root - INFO - [Attacker] Label flip: 11 samples class 4 \u2192 class 0
[2026-07-19 13:50:51,316] 39 root - INFO - [Attacker] Label flip: 14 samples class 4 \u2192 class 0
[2026-07-19 13:50:51,324] 39 root - INFO - [Attacker] Label flip: 12 samples class 4 \u2192 class 0
[2026-07-19 13:50:51,332] 39 root - INFO - [Attacker] Label flip: 8 samples class 4 \u2192 class 0
[2026-07-19 13:50:51,340] 39 root - INFO - [Attacker] Label flip: 20 samples class 4 \u2192 class 0
[2026-07-19 13:50:51,350] 39 root - INFO - [Attacker] Label flip: 12 samples class 4 \u2192 class 0
[2026-07-19 13:50:51,358] 39 root - INFO - [Attacker] Label flip: 12 samples class 4 \u2192 class 0
[2026-07-19 13:50:51,366] 39 root - INFO - [Attacker] Label flip: 15 samples class 4 \u2192 class 0
[2026-07-19 13:50:51,374] 39 root - INFO - [Attacker] Label flip: 14 samples class 4 \u2192 class 0
[2026-07-19 13:50:51,383] 39 root - INFO - [Attacker] Label flip: 9 samples class 4 \u2192 class 0
[2026-07-19 13:50:51,391] 39 root - INFO - [Attacker] Label flip: 13 samples class 4 \u2192 class 0
[2026-07-19 13:50:51,399] 39 root - INFO - [Attacker] Label flip: 8 samples class 4 \u2192 class 0
[2026-07-19 13:50:51,407] 39 root - INFO - [Attacker] Label flip: 10 samples class 4 \u2192 class 0
[2026-07-19 13:50:51,417] 39 root - INFO - [Attacker] Label flip: 16 samples class 4 \u2192 class 0
[2026-07-19 13:50:51,425] 39 root - INFO - [Attacker] Label flip: 14 samples class 4 \u2192 class 0
[2026-07-19 13:50:51,433] 39 root - INFO - [Attacker] Label flip: 9 samples class 4 \u2192 class 0
[2026-07-19 13:50:51,441] 39 root - INFO - [Attacker] Label flip: 14 samples class 4 \u2192 class 0
[2026-07-19 13:50:51,454] 39 root - INFO - [Attacker] Label flip: 22 samples class 4 \u2192 class 0
[2026-07-19 13:50:51,460] 39 root - INFO - [Attacker] Label flip: 8 samples class 4 \u2192 class 0
[2026-07-19 13:50:51,470] 39 root - INFO - [Attacker] Label flip: 5 samples class 4 \u2192 class 0
[2026-07-19 13:50:51,476] 39 root - INFO - [Attacker] Label flip: 12 samples class 4 \u2192 class 0
[2026-07-19 13:50:51,485] 39 root - INFO - [Attacker] Label flip: 17 samples class 4 \u2192 class 0
[2026-07-19 13:50:51,496] 39 root - INFO - [Attacker] Label flip: 13 samples class 4 \u2192 class 0
[2026-07-19 13:50:51,504] 39 root - INFO - [Attacker] Label flip: 11 samples class 4 \u2192 class 0
[2026-07-19 13:50:51,512] 39 root - INFO - [Attacker] Label flip: 14 samples class 4 \u2192 class 0
[2026-07-19 13:50:51,518] 39 root - INFO - [Attacker] Label flip: 14 samples class 4 \u2192 class 0
[2026-07-19 13:50:51,530] 39 root - INFO - [Attacker] Label flip: 15 samples class 4 \u2192 class 0
[2026-07-19 13:50:51,538] 39 root - INFO - [Attacker] Label flip: 14 samples class 4 \u2192 class 0
[2026-07-19 13:50:51,544] 39 root - INFO - [Attacker] Label flip: 16 samples class 4 \u2192 class 0
[2026-07-19 13:50:51,552] 39 root - INFO - [Attacker] Label flip: 16 samples class 4 \u2192 class 0
[2026-07-19 13:50:51,563] 39 root - INFO - [Attacker] Label flip: 10 samples class 4 \u2192 class 0
[2026-07-19 13:50:51,571] 39 root - INFO - [Attacker] Label flip: 11 samples class 4 \u2192 class 0
[2026-07-19 13:50:51,579] 39 root - INFO - [Attacker] Label flip: 12 samples class 4 \u2192 class 0
[2026-07-19 13:50:51,587] 39 root - INFO - [Attacker] Label flip: 13 samples class 4 \u2192 class 0
[2026-07-19 13:50:51,601] 39 root - INFO - [Attacker] Label flip: 5 samples class 4 \u2192 class 0
[2026-07-19 13:50:51,609] 39 root - INFO - [Attacker] Label flip: 7 samples class 4 \u2192 class 0
[2026-07-19 13:50:51,615] 39 root - INFO - [Attacker] Label flip: 17 samples class 4 \u2192 class 0
[2026-07-19 13:50:51,623] 39 root - INFO - [Attacker] Label flip: 11 samples class 4 \u2192 class 0
[2026-07-19 13:50:51,635] 39 root - INFO - [Attacker] Label flip: 12 samples class 4 \u2192 class 0
[2026-07-19 13:50:51,643] 39 root - INFO - [Attacker] Label flip: 12 samples class 4 \u2192 class 0
[2026-07-19 13:50:51,651] 39 root - INFO - [Attacker] Label flip: 9 samples class 4 \u2192 class 0
[2026-07-19 13:50:51,658] 39 root - INFO - [Attacker] Label flip: 7 samples class 4 \u2192 class 0
[2026-07-19 13:50:51,670] 39 root - INFO - [Attacker] Label flip: 10 samples class 4 \u2192 class 0
[2026-07-19 13:50:51,679] 39 root - INFO - [Attacker] Label flip: 14 samples class 4 \u2192 class 0
[2026-07-19 13:50:51,685] 39 root - INFO - [Attacker] Label flip: 12 samples class 4 \u2192 class 0
[2026-07-19 13:50:51,693] 39 root - INFO - [Attacker] Label flip: 12 samples class 4 \u2192 class 0
[2026-07-19 13:50:51,703] 39 root - INFO - [Attacker] Label flip: 12 samples class 4 \u2192 class 0
[2026-07-19 13:50:51,712] 39 root - INFO - [Attacker] Label flip: 12 samples class 4 \u2192 class 0
[2026-07-19 13:50:51,720] 39 root - INFO - [Attacker] Label flip: 13 samples class 4 \u2192 class 0
[2026-07-19 13:50:51,727] 39 root - INFO - [Attacker] Label flip: 8 samples class 4 \u2192 class 0
[2026-07-19 13:50:51,735] 39 root - INFO - [Attacker] Label flip: 11 samples class 4 \u2192 class 0
[2026-07-19 13:50:51,747] 39 root - INFO - [Attacker] Label flip: 16 samples class 4 \u2192 class 0
[2026-07-19 13:50:51,755] 39 root - INFO - [Attacker] Label flip: 10 samples class 4 \u2192 class 0
[2026-07-19 13:50:51,762] 39 root - INFO - [Attacker] Label flip: 13 samples class 4 \u2192 class 0
[2026-07-19 13:50:51,770] 39 root - INFO - [Attacker] Label flip: 14 samples class 4 \u2192 class 0
[2026-07-19 13:50:51,780] 39 root - INFO - [Attacker] Label flip: 17 samples class 4 \u2192 class 0
[2026-07-19 13:50:51,788] 39 root - INFO - [Attacker] Label flip: 14 samples class 4 \u2192 class 0
[2026-07-19 13:50:51,796] 39 root - INFO - [Attacker] Label flip: 21 samples class 4 \u2192 class 0
[2026-07-19 13:50:51,804] 39 root - INFO - [Attacker] Label flip: 15 samples class 4 \u2192 class 0
[2026-07-19 13:50:51,814] 39 root - INFO - [Attacker] Label flip: 16 samples class 4 \u2192 class 0
[2026-07-19 13:50:51,821] 39 root - INFO - [Attacker] Label flip: 19 samples class 4 \u2192 class 0
[2026-07-19 13:50:51,829] 39 root - INFO - [Attacker] Label flip: 12 samples class 4 \u2192 class 0
[2026-07-19 13:50:51,837] 39 root - INFO - [Attacker] Label flip: 14 samples class 4 \u2192 class 0
[2026-07-19 13:50:51,849] 39 root - INFO - [Attacker] Label flip: 6 samples class 4 \u2192 class 0
[2026-07-19 13:50:51,867] 39 root - INFO - [Attacker] Label flip: 10 samples class 4 \u2192 class 0
[2026-07-19 13:50:51,875] 39 root - INFO - [Attacker] Label flip: 11 samples class 4 \u2192 class 0
[2026-07-19 13:50:51,883] 39 root - INFO - [Attacker] Label flip: 10 samples class 4 \u2192 class 0
[2026-07-19 13:50:51,894] 39 root - INFO - [Attacker] Label flip: 12 samples class 4 \u2192 class 0
[2026-07-19 13:50:51,902] 39 root - INFO - [Attacker] Label flip: 10 samples class 4 \u2192 class 0
[2026-07-19 13:50:51,910] 39 root - INFO - [Attacker] Label flip: 9 samples class 4 \u2192 class 0
[2026-07-19 13:50:51,918] 39 root - INFO - [Attacker] Label flip: 15 samples class 4 \u2192 class 0
[2026-07-19 13:50:51,930] 39 root - INFO - [Attacker] Label flip: 12 samples class 4 \u2192 class 0
[2026-07-19 13:50:51,938] 39 root - INFO - [Attacker] Label flip: 5 samples class 4 \u2192 class 0
[2026-07-19 13:50:51,946] 39 root - INFO - [Attacker] Label flip: 17 samples class 4 \u2192 class 0
[2026-07-19 13:50:51,953] 39 root - INFO - [Attacker] Label flip: 12 samples class 4 \u2192 class 0
[2026-07-19 13:50:51,961] 39 root - INFO - [Attacker] Label flip: 13 samples class 4 \u2192 class 0
[2026-07-19 13:50:51,972] 39 root - INFO - [Attacker] Label flip: 15 samples class 4 \u2192 class 0
[2026-07-19 13:50:51,980] 39 root - INFO - [Attacker] Label flip: 9 samples class 4 \u2192 class 0
[2026-07-19 13:50:51,988] 39 root - INFO - [Attacker] Label flip: 15 samples class 4 \u2192 class 0
[2026-07-19 13:50:51,995] 39 root - INFO - [Attacker] Label flip: 12 samples class 4 \u2192 class 0
[2026-07-19 13:50:52,009] 39 root - INFO - [Attacker] Label flip: 10 samples class 4 \u2192 class 0
[2026-07-19 13:50:52,017] 39 root - INFO - [Attacker] Label flip: 15 samples class 4 \u2192 class 0
[2026-07-19 13:50:52,025] 39 root - INFO - [Attacker] Label flip: 15 samples class 4 \u2192 class 0
[2026-07-19 13:50:52,033] 39 root - INFO - [Attacker] Label flip: 16 samples class 4 \u2192 class 0
[2026-07-19 13:50:52,051] 39 root - INFO - [Attacker] Label flip: 9 samples class 4 \u2192 class 0
[2026-07-19 13:50:52,061] 39 root - INFO - [Attacker] Label flip: 11 samples class 4 \u2192 class 0
[2026-07-19 13:50:52,071] 39 root - INFO - [Attacker] Label flip: 10 samples class 4 \u2192 class 0
[2026-07-19 13:50:52,078] 39 root - INFO - [Attacker] Label flip: 10 samples class 4 \u2192 class 0
[2026-07-19 13:50:52,094] 39 root - INFO - [Attacker] Label flip: 12 samples class 4 \u2192 class 0
[2026-07-19 13:50:52,100] 39 root - INFO - [Attacker] Label flip: 14 samples class 4 \u2192 class 0
[2026-07-19 13:50:52,110] 39 root - INFO - [Attacker] Label flip: 13 samples class 4 \u2192 class 0
[2026-07-19 13:50:52,118] 39 root - INFO - [Attacker] Label flip: 9 samples class 4 \u2192 class 0
[2026-07-19 13:50:52,130] 39 root - INFO - [Attacker] Label flip: 9 samples class 4 \u2192 class 0
[2026-07-19 13:50:52,138] 39 root - INFO - [Attacker] Label flip: 13 samples class 4 \u2192 class 0
[2026-07-19 13:50:52,146] 39 root - INFO - [Attacker] Label flip: 13 samples class 4 \u2192 class 0
[2026-07-19 13:50:52,155] 39 root - INFO - [Attacker] Label flip: 7 samples class 4 \u2192 class 0
[2026-07-19 13:50:52,177] 39 root - INFO - [Attacker] Label flip: 9 samples class 4 \u2192 class 0
[2026-07-19 13:50:52,185] 39 root - INFO - [Attacker] Label flip: 11 samples class 4 \u2192 class 0
[2026-07-19 13:50:52,191] 39 root - INFO - [Attacker] Label flip: 13 samples class 4 \u2192 class 0
[2026-07-19 13:50:52,199] 39 root - INFO - [Attacker] Label flip: 17 samples class 4 \u2192 class 0
[2026-07-19 13:50:52,215] 39 root - INFO - [Attacker] Label flip: 8 samples class 4 \u2192 class 0
[2026-07-19 13:50:52,223] 39 root - INFO - [Attacker] Label flip: 14 samples class 4 \u2192 class 0
[2026-07-19 13:50:52,231] 39 root - INFO - [Attacker] Label flip: 12 samples class 4 \u2192 class 0
[2026-07-19 13:50:52,239] 39 root - INFO - [Attacker] Label flip: 21 samples class 4 \u2192 class 0
[2026-07-19 13:50:52,251] 39 root - INFO - [Attacker] Label flip: 9 samples class 4 \u2192 class 0
[2026-07-19 13:50:52,259] 39 root - INFO - [Attacker] Label flip: 13 samples class 4 \u2192 class 0
[2026-07-19 13:50:52,266] 39 root - INFO - [Attacker] Label flip: 13 samples class 4 \u2192 class 0
[2026-07-19 13:50:52,276] 39 root - INFO - [Attacker] Label flip: 10 samples class 4 \u2192 class 0
[2026-07-19 13:50:52,284] 39 root - INFO - [Attacker] Label flip: 8 samples class 4 \u2192 class 0
[2026-07-19 13:50:52,297] 39 root - INFO - [Attacker] Label flip: 11 samples class 4 \u2192 class 0
[2026-07-19 13:50:52,306] 39 root - INFO - [Attacker] Label flip: 17 samples class 4 \u2192 class 0
[2026-07-19 13:50:52,314] 39 root - INFO - [Attacker] Label flip: 18 samples class 4 \u2192 class 0
[2026-07-19 13:50:52,322] 39 root - INFO - [Attacker] Label flip: 17 samples class 4 \u2192 class 0
[2026-07-19 13:50:52,333] 39 root - INFO - [Attacker] Label flip: 13 samples class 4 \u2192 class 0
[2026-07-19 13:50:52,341] 39 root - INFO - [Attacker] Label flip: 19 samples class 4 \u2192 class 0
[2026-07-19 13:50:52,349] 39 root - INFO - [Attacker] Label flip: 13 samples class 4 \u2192 class 0
[2026-07-19 13:50:52,357] 39 root - INFO - [Attacker] Label flip: 6 samples class 4 \u2192 class 0
[2026-07-19 13:50:52,371] 39 root - INFO - [Attacker] Label flip: 11 samples class 4 \u2192 class 0
[2026-07-19 13:50:52,379] 39 root - INFO - [Attacker] Label flip: 12 samples class 4 \u2192 class 0
[2026-07-19 13:50:52,385] 39 root - INFO - [Attacker] Label flip: 14 samples class 4 \u2192 class 0
[2026-07-19 13:50:52,395] 39 root - INFO - [Attacker] Label flip: 15 samples class 4 \u2192 class 0
[2026-07-19 13:50:52,406] 39 root - INFO - [Attacker] Label flip: 13 samples class 4 \u2192 class 0
[2026-07-19 13:50:52,414] 39 root - INFO - [Attacker] Label flip: 9 samples class 4 \u2192 class 0
[2026-07-19 13:50:52,422] 39 root - INFO - [Attacker] Label flip: 15 samples class 4 \u2192 class 0
[2026-07-19 13:50:52,430] 39 root - INFO - [Attacker] Label flip: 14 samples class 4 \u2192 class 0
[2026-07-19 13:50:52,442] 39 root - INFO - [Attacker] Label flip: 15 samples class 4 \u2192 class 0
[2026-07-19 13:50:52,448] 39 root - INFO - [Attacker] Label flip: 9 samples class 4 \u2192 class 0
[2026-07-19 13:50:52,456] 39 root - INFO - [Attacker] Label flip: 16 samples class 4 \u2192 class 0
[2026-07-19 13:50:52,464] 39 root - INFO - [Attacker] Label flip: 9 samples class 4 \u2192 class 0
[2026-07-19 13:50:52,505] 39 root - INFO - [Attacker] Label flip: 10 samples class 4 \u2192 class 0
[2026-07-19 13:50:52,515] 39 root - INFO - [Attacker] Label flip: 9 samples class 4 \u2192 class 0
[2026-07-19 13:50:52,523] 39 root - INFO - [Attacker] Label flip: 11 samples class 4 \u2192 class 0
[2026-07-19 13:50:52,531] 39 root - INFO - [Attacker] Label flip: 10 samples class 4 \u2192 class 0
[2026-07-19 13:50:52,551] 39 root - INFO - [Attacker] Label flip: 16 samples class 4 \u2192 class 0
[2026-07-19 13:50:52,559] 39 root - INFO - [Attacker] Label flip: 14 samples class 4 \u2192 class 0
[2026-07-19 13:50:52,566] 39 root - INFO - [Attacker] Label flip: 9 samples class 4 \u2192 class 0
[2026-07-19 13:50:52,574] 39 root - INFO - [Attacker] Label flip: 11 samples class 4 \u2192 class 0
[2026-07-19 13:50:52,594] 39 root - INFO - [Attacker] Label flip: 16 samples class 4 \u2192 class 0
[2026-07-19 13:50:52,602] 39 root - INFO - [Attacker] Label flip: 7 samples class 4 \u2192 class 0
[2026-07-19 13:50:52,610] 39 root - INFO - [Attacker] Label flip: 11 samples class 4 \u2192 class 0
[2026-07-19 13:50:52,616] 39 root - INFO - [Attacker] Label flip: 11 samples class 4 \u2192 class 0
[2026-07-19 13:50:52,645] 39 root - INFO - [Attacker] Label flip: 18 samples class 4 \u2192 class 0
[2026-07-19 13:50:52,653] 39 root - INFO - [Attacker] Label flip: 21 samples class 4 \u2192 class 0
[2026-07-19 13:50:52,661] 39 root - INFO - [Attacker] Label flip: 9 samples class 4 \u2192 class 0
[2026-07-19 13:50:52,669] 39 root - INFO - [Attacker] Label flip: 13 samples class 4 \u2192 class 0
[2026-07-19 13:50:52,677] 39 root - INFO - [Attacker] Label flip: 17 samples class 4 \u2192 class 0
[2026-07-19 13:50:52,719] 39 root - INFO - [Attacker] Label flip: 8 samples class 4 \u2192 class 0
[2026-07-19 13:50:52,726] 39 root - INFO - [Attacker] Label flip: 10 samples class 4 \u2192 class 0
[2026-07-19 13:50:52,734] 39 root - INFO - [Attacker] Label flip: 11 samples class 4 \u2192 class 0
[2026-07-19 13:50:52,742] 39 root - INFO - [Attacker] Label flip: 12 samples class 4 \u2192 class 0
[2026-07-19 13:50:52,767] 39 root - INFO - [Attacker] Label flip: 23 samples class 4 \u2192 class 0
[2026-07-19 13:50:52,775] 39 root - INFO - [Attacker] Label flip: 18 samples class 4 \u2192 class 0
[2026-07-19 13:50:52,783] 39 root - INFO - [Attacker] Label flip: 10 samples class 4 \u2192 class 0
[2026-07-19 13:50:52,795] 39 root - INFO - [Attacker] Label flip: 15 samples class 4 \u2192 class 0
[2026-07-19 13:50:52,803] 39 root - INFO - [Attacker] Label flip: 11 samples class 4 \u2192 class 0
[2026-07-19 13:50:52,811] 39 root - INFO - [Attacker] Label flip: 4 samples class 4 \u2192 class 0
[2026-07-19 13:50:52,817] 39 root - INFO - [Attacker] Label flip: 5 samples class 4 \u2192 class 0
[2026-07-19 13:50:52,824] 39 root - INFO - [Attacker] Label flip: 8 samples class 4 \u2192 class 0
[2026-07-19 13:50:52,839] 39 root - INFO - [Attacker] Label flip: 16 samples class 4 \u2192 class 0
[2026-07-19 13:50:52,846] 39 root - INFO - [Attacker] Label flip: 15 samples class 4 \u2192 class 0
[2026-07-19 13:50:52,854] 39 root - INFO - [Attacker] Label flip: 7 samples class 4 \u2192 class 0
[2026-07-19 13:50:52,862] 39 root - INFO - [Attacker] Label flip: 19 samples class 4 \u2192 class 0
[2026-07-19 13:50:52,874] 39 root - INFO - [Attacker] Label flip: 14 samples class 4 \u2192 class 0
[2026-07-19 13:50:52,882] 39 root - INFO - [Attacker] Label flip: 15 samples class 4 \u2192 class 0
[2026-07-19 13:50:52,890] 39 root - INFO - [Attacker] Label flip: 13 samples class 4 \u2192 class 0
[2026-07-19 13:50:52,898] 39 root - INFO - [Attacker] Label flip: 10 samples class 4 \u2192 class 0
[2026-07-19 13:50:52,910] 39 root - INFO - [Attacker] Label flip: 10 samples class 4 \u2192 class 0
[2026-07-19 13:50:52,918] 39 root - INFO - [Attacker] Label flip: 14 samples class 4 \u2192 class 0
[2026-07-19 13:50:52,925] 39 root - INFO - [Attacker] Label flip: 11 samples class 4 \u2192 class 0
[2026-07-19 13:50:52,931] 39 root - INFO - [Attacker] Label flip: 11 samples class 4 \u2192 class 0
[2026-07-19 13:50:52,941] 39 root - INFO - [Attacker] Label flip: 9 samples class 4 \u2192 class 0
[2026-07-19 13:50:52,949] 39 root - INFO - [Attacker] Label flip: 12 samples class 4 \u2192 class 0
[2026-07-19 13:50:52,957] 39 root - INFO - [Attacker] Label flip: 14 samples class 4 \u2192 class 0
[2026-07-19 13:50:52,965] 39 root - INFO - [Attacker] Label flip: 11 samples class 4 \u2192 class 0
[2026-07-19 13:50:52,975] 39 root - INFO - [Attacker] Label flip: 13 samples class 4 \u2192 class 0
[2026-07-19 13:50:52,983] 39 root - INFO - [Attacker] Label flip: 12 samples class 4 \u2192 class 0
[2026-07-19 13:50:52,991] 39 root - INFO - [Attacker] Label flip: 16 samples class 4 \u2192 class 0
[2026-07-19 13:50:52,998] 39 root - INFO - [Attacker] Label flip: 10 samples class 4 \u2192 class 0
[2026-07-19 13:50:53,008] 39 root - INFO - [Attacker] Label flip: 11 samples class 4 \u2192 class 0
[2026-07-19 13:50:53,016] 39 root - INFO - [Attacker] Label flip: 8 samples class 4 \u2192 class 0
[2026-07-19 13:50:53,024] 39 root - INFO - [Attacker] Label flip: 13 samples class 4 \u2192 class 0
[2026-07-19 13:50:53,032] 39 root - INFO - [Attacker] Label flip: 15 samples class 4 \u2192 class 0
[2026-07-19 13:50:53,040] 39 root - INFO - [Attacker] Label flip: 10 samples class 4 \u2192 class 0
[2026-07-19 13:50:53,047] 39 root - INFO - [Attacker] Label flip: 15 samples class 4 \u2192 class 0
[2026-07-19 13:50:53,056] 39 root - INFO - [Attacker] Label flip: 12 samples class 4 \u2192 class 0
[2026-07-19 13:50:53,063] 39 root - INFO - [Attacker] Label flip: 14 samples class 4 \u2192 class 0
[2026-07-19 13:50:53,069] 39 root - INFO - [Attacker] Label flip: 12 samples class 4 \u2192 class 0
[2026-07-19 13:50:53,081] 39 root - INFO - [Attacker] Label flip: 11 samples class 4 \u2192 class 0
[2026-07-19 13:50:53,089] 39 root - INFO - [Attacker] Label flip: 7 samples class 4 \u2192 class 0
[2026-07-19 13:50:53,097] 39 root - INFO - [Attacker] Label flip: 10 samples class 4 \u2192 class 0
[2026-07-19 13:50:53,103] 39 root - INFO - [Attacker] Label flip: 9 samples class 4 \u2192 class 0
[2026-07-19 13:50:53,115] 39 root - INFO - [Attacker] Label flip: 16 samples class 4 \u2192 class 0
[2026-07-19 13:50:53,123] 39 root - INFO - [Attacker] Label flip: 11 samples class 4 \u2192 class 0
[2026-07-19 13:50:53,130] 39 root - INFO - [Attacker] Label flip: 18 samples class 4 \u2192 class 0
[2026-07-19 13:50:53,138] 39 root - INFO - [Attacker] Label flip: 11 samples class 4 \u2192 class 0
[2026-07-19 13:50:53,150] 39 root - INFO - [Attacker] Label flip: 12 samples class 4 \u2192 class 0
[2026-07-19 13:50:53,158] 39 root - INFO - [Attacker] Label flip: 7 samples class 4 \u2192 class 0
[2026-07-19 13:50:53,166] 39 root - INFO - [Attacker] Label flip: 18 samples class 4 \u2192 class 0
[2026-07-19 13:50:53,174] 39 root - INFO - [Attacker] Label flip: 10 samples class 4 \u2192 class 0
[2026-07-19 13:50:53,184] 39 root - INFO - [Attacker] Label flip: 15 samples class 4 \u2192 class 0
[2026-07-19 13:50:53,192] 39 root - INFO - [Attacker] Label flip: 16 samples class 4 \u2192 class 0
[2026-07-19 13:50:53,200] 39 root - INFO - [Attacker] Label flip: 18 samples class 4 \u2192 class 0
[2026-07-19 13:50:53,207] 39 root - INFO - [Attacker] Label flip: 9 samples class 4 \u2192 class 0
[2026-07-19 13:50:53,218] 39 root - INFO - [Attacker] Label flip: 14 samples class 4 \u2192 class 0
[2026-07-19 13:50:53,226] 39 root - INFO - [Attacker] Label flip: 11 samples class 4 \u2192 class 0
[2026-07-19 13:50:53,236] 39 root - INFO - [Attacker] Label flip: 7 samples class 4 \u2192 class 0
[2026-07-19 13:50:53,243] 39 root - INFO - [Attacker] Label flip: 15 samples class 4 \u2192 class 0
[2026-07-19 13:50:53,255] 39 root - INFO - [Attacker] Label flip: 21 samples class 4 \u2192 class 0
[2026-07-19 13:50:53,263] 39 root - INFO - [Attacker] Label flip: 12 samples class 4 \u2192 class 0
[2026-07-19 13:50:53,271] 39 root - INFO - [Attacker] Label flip: 18 samples class 4 \u2192 class 0
[2026-07-19 13:50:53,279] 39 root - INFO - [Attacker] Label flip: 12 samples class 4 \u2192 class 0
[2026-07-19 13:50:53,292] 39 root - INFO - [Attacker] Label flip: 10 samples class 4 \u2192 class 0
[2026-07-19 13:50:53,300] 39 root - INFO - [Attacker] Label flip: 16 samples class 4 \u2192 class 0
[2026-07-19 13:50:53,308] 39 root - INFO - [Attacker] Label flip: 10 samples class 4 \u2192 class 0
[2026-07-19 13:50:53,316] 39 root - INFO - [Attacker] Label flip: 13 samples class 4 \u2192 class 0
[2026-07-19 13:50:53,326] 39 root - INFO - [Attacker] Label flip: 14 samples class 4 \u2192 class 0
[2026-07-19 13:50:53,334] 39 root - INFO - [Attacker] Label flip: 6 samples class 4 \u2192 class 0
[2026-07-19 13:50:53,344] 39 root - INFO - [Attacker] Label flip: 12 samples class 4 \u2192 class 0
[2026-07-19 13:50:53,351] 39 root - INFO - [Attacker] Label flip: 18 samples class 4 \u2192 class 0
[2026-07-19 13:50:53,359] 39 root - INFO - [Attacker] Label flip: 14 samples class 4 \u2192 class 0
[2026-07-19 13:50:53,371] 39 root - INFO - [Attacker] Label flip: 9 samples class 4 \u2192 class 0
[2026-07-19 13:50:53,379] 39 root - INFO - [Attacker] Label flip: 12 samples class 4 \u2192 class 0
[2026-07-19 13:50:53,385] 39 root - INFO - [Attacker] Label flip: 11 samples class 4 \u2192 class 0
[2026-07-19 13:50:53,393] 39 root - INFO - [Attacker] Label flip: 11 samples class 4 \u2192 class 0
[2026-07-19 13:50:53,405] 39 root - INFO - [Attacker] Label flip: 14 samples class 4 \u2192 class 0
[2026-07-19 13:50:53,412] 39 root - INFO - [Attacker] Label flip: 13 samples class 4 \u2192 class 0
[2026-07-19 13:50:53,420] 39 root - INFO - [Attacker] Label flip: 9 samples class 4 \u2192 class 0
[2026-07-19 13:50:53,428] 39 root - INFO - [Attacker] Label flip: 14 samples class 4 \u2192 class 0
[2026-07-19 13:50:53,455] 39 root - INFO - [Attacker] Label flip: 10 samples class 4 \u2192 class 0
[2026-07-19 13:50:53,462] 39 root - INFO - [Attacker] Label flip: 22 samples class 4 \u2192 class 0
[2026-07-19 13:50:53,470] 39 root - INFO - [Attacker] Label flip: 12 samples class 4 \u2192 class 0
[2026-07-19 13:50:53,478] 39 root - INFO - [Attacker] Label flip: 6 samples class 4 \u2192 class 0
[2026-07-19 13:50:53,490] 39 root - INFO - [Attacker] Label flip: 14 samples class 4 \u2192 class 0
[2026-07-19 13:50:53,498] 39 root - INFO - [Attacker] Label flip: 13 samples class 4 \u2192 class 0
[2026-07-19 13:50:53,505] 39 root - INFO - [Attacker] Label flip: 17 samples class 4 \u2192 class 0
[2026-07-19 13:50:53,513] 39 root - INFO - [Attacker] Label flip: 10 samples class 4 \u2192 class 0
[2026-07-19 13:50:53,523] 39 root - INFO - [Attacker] Label flip: 16 samples class 4 \u2192 class 0
[2026-07-19 13:50:53,533] 39 root - INFO - [Attacker] Label flip: 14 samples class 4 \u2192 class 0
[2026-07-19 13:50:53,541] 39 root - INFO - [Attacker] Label flip: 19 samples class 4 \u2192 class 0
[2026-07-19 13:50:53,549] 39 root - INFO - [Attacker] Label flip: 13 samples class 4 \u2192 class 0
[2026-07-19 13:50:53,563] 39 root - INFO - [Attacker] Label flip: 13 samples class 4 \u2192 class 0
[2026-07-19 13:50:53,571] 39 root - INFO - [Attacker] Label flip: 8 samples class 4 \u2192 class 0
[2026-07-19 13:50:53,579] 39 root - INFO - [Attacker] Label flip: 14 samples class 4 \u2192 class 0
[2026-07-19 13:50:53,586] 39 root - INFO - [Attacker] Label flip: 15 samples class 4 \u2192 class 0
[2026-07-19 13:50:53,600] 39 root - INFO - [Attacker] Label flip: 15 samples class 4 \u2192 class 0
[2026-07-19 13:50:53,610] 39 root - INFO - [Attacker] Label flip: 16 samples class 4 \u2192 class 0
[2026-07-19 13:50:53,618] 39 root - INFO - [Attacker] Label flip: 13 samples class 4 \u2192 class 0
[2026-07-19 13:50:53,626] 39 root - INFO - [Attacker] Label flip: 17 samples class 4 \u2192 class 0
[2026-07-19 13:50:53,638] 39 root - INFO - [Attacker] Label flip: 11 samples class 4 \u2192 class 0
[2026-07-19 13:50:53,646] 39 root - INFO - [Attacker] Label flip: 12 samples class 4 \u2192 class 0
[2026-07-19 13:50:53,654] 39 root - INFO - [Attacker] Label flip: 19 samples class 4 \u2192 class 0
[2026-07-19 13:50:53,662] 39 root - INFO - [Attacker] Label flip: 16 samples class 4 \u2192 class 0
[2026-07-19 13:50:53,672] 39 root - INFO - [Attacker] Label flip: 10 samples class 4 \u2192 class 0
[2026-07-19 13:50:53,679] 39 root - INFO - [Attacker] Label flip: 13 samples class 4 \u2192 class 0
[2026-07-19 13:50:53,688] 39 root - INFO - [Attacker] Label flip: 14 samples class 4 \u2192 class 0
[2026-07-19 13:50:53,695] 39 root - INFO - [Attacker] Label flip: 15 samples class 4 \u2192 class 0
[2026-07-19 13:50:53,703] 39 root - INFO - [Attacker] Label flip: 14 samples class 4 \u2192 class 0
[2026-07-19 13:50:53,713] 39 root - INFO - [Attacker] Label flip: 16 samples class 4 \u2192 class 0
[2026-07-19 13:50:53,721] 39 root - INFO - [Attacker] Label flip: 11 samples class 4 \u2192 class 0
[2026-07-19 13:50:53,729] 39 root - INFO - [Attacker] Label flip: 10 samples class 4 \u2192 class 0
[2026-07-19 13:50:53,737] 39 root - INFO - [Attacker] Label flip: 9 samples class 4 \u2192 class 0
[2026-07-19 13:50:53,747] 39 root - INFO - [Attacker] Label flip: 16 samples class 4 \u2192 class 0
[2026-07-19 13:50:53,755] 39 root - INFO - [Attacker] Label flip: 15 samples class 4 \u2192 class 0
[2026-07-19 13:50:53,763] 39 root - INFO - [Attacker] Label flip: 10 samples class 4 \u2192 class 0
[2026-07-19 13:50:53,771] 39 root - INFO - [Attacker] Label flip: 8 samples class 4 \u2192 class 0
[2026-07-19 13:50:53,778] 39 root - INFO - [Attacker] Label flip: 14 samples class 4 \u2192 class 0
[2026-07-19 13:50:53,786] 39 root - INFO - [Attacker] Label flip: 11 samples class 4 \u2192 class 0
[2026-07-19 13:50:53,796] 39 root - INFO - [Attacker] Label flip: 17 samples class 4 \u2192 class 0
[2026-07-19 13:50:53,803] 39 root - INFO - [Attacker] Label flip: 23 samples class 4 \u2192 class 0
[2026-07-19 13:50:53,814] 39 root - INFO - [Attacker] Label flip: 3 samples class 4 \u2192 class 0
[2026-07-19 13:50:53,823] 39 root - INFO - [Attacker] Label flip: 12 samples class 4 \u2192 class 0
[2026-07-19 13:50:53,829] 39 root - INFO - [Attacker] Label flip: 14 samples class 4 \u2192 class 0
[2026-07-19 13:50:53,839] 39 root - INFO - [Attacker] Label flip: 14 samples class 4 \u2192 class 0
[2026-07-19 13:50:53,851] 39 root - INFO - [Attacker] Label flip: 17 samples class 4 \u2192 class 0
[2026-07-19 13:50:53,859] 39 root - INFO - [Attacker] Label flip: 12 samples class 4 \u2192 class 0
[2026-07-19 13:50:53,867] 39 root - INFO - [Attacker] Label flip: 9 samples class 4 \u2192 class 0
[2026-07-19 13:50:53,874] 39 root - INFO - [Attacker] Label flip: 14 samples class 4 \u2192 class 0
[2026-07-19 13:50:53,884] 39 root - INFO - [Attacker] Label flip: 21 samples class 4 \u2192 class 0
[2026-07-19 13:50:53,892] 39 root - INFO - [Attacker] Label flip: 11 samples class 4 \u2192 class 0
[2026-07-19 13:50:53,900] 39 root - INFO - [Attacker] Label flip: 12 samples class 4 \u2192 class 0
[2026-07-19 13:50:53,908] 39 root - INFO - [Attacker] Label flip: 10 samples class 4 \u2192 class 0
[2026-07-19 13:50:53,919] 39 root - INFO - [Attacker] Label flip: 11 samples class 4 \u2192 class 0
[2026-07-19 13:50:53,927] 39 root - INFO - [Attacker] Label flip: 21 samples class 4 \u2192 class 0
[2026-07-19 13:50:53,934] 39 root - INFO - [Attacker] Label flip: 14 samples class 4 \u2192 class 0
[2026-07-19 13:50:53,940] 39 root - INFO - [Attacker] Label flip: 10 samples class 4 \u2192 class 0
[2026-07-19 13:50:53,952] 39 root - INFO - [Attacker] Label flip: 6 samples class 4 \u2192 class 0
[2026-07-19 13:50:53,960] 39 root - INFO - [Attacker] Label flip: 16 samples class 4 \u2192 class 0
[2026-07-19 13:50:53,968] 39 root - INFO - [Attacker] Label flip: 13 samples class 4 \u2192 class 0
[2026-07-19 13:50:53,976] 39 root - INFO - [Attacker] Label flip: 15 samples class 4 \u2192 class 0
[2026-07-19 13:50:53,988] 39 root - INFO - [Attacker] Label flip: 9 samples class 4 \u2192 class 0
[2026-07-19 13:50:53,996] 39 root - INFO - [Attacker] Label flip: 19 samples class 4 \u2192 class 0
[2026-07-19 13:50:54,004] 39 root - INFO - [Attacker] Label flip: 18 samples class 4 \u2192 class 0
[2026-07-19 13:50:54,012] 39 root - INFO - [Attacker] Label flip: 16 samples class 4 \u2192 class 0
[2026-07-19 13:50:54,019] 39 root - INFO - [Attacker] Label flip: 14 samples class 4 \u2192 class 0
[2026-07-19 13:50:54,029] 39 root - INFO - [Attacker] Label flip: 9 samples class 4 \u2192 class 0
[2026-07-19 13:50:54,037] 39 root - INFO - [Attacker] Label flip: 16 samples class 4 \u2192 class 0
[2026-07-19 13:50:54,045] 39 root - INFO - [Attacker] Label flip: 10 samples class 4 \u2192 class 0
[2026-07-19 13:50:54,053] 39 root - INFO - [Attacker] Label flip: 11 samples class 4 \u2192 class 0
[2026-07-19 13:50:54,063] 39 root - INFO - [Attacker] Label flip: 17 samples class 4 \u2192 class 0
[2026-07-19 13:50:54,071] 39 root - INFO - [Attacker] Label flip: 11 samples class 4 \u2192 class 0
[2026-07-19 13:50:54,079] 39 root - INFO - [Attacker] Label flip: 12 samples class 4 \u2192 class 0
[2026-07-19 13:50:54,087] 39 root - INFO - [Attacker] Label flip: 12 samples class 4 \u2192 class 0
[2026-07-19 13:50:54,097] 39 root - INFO - [Attacker] Label flip: 10 samples class 4 \u2192 class 0
[2026-07-19 13:50:54,105] 39 root - INFO - [Attacker] Label flip: 12 samples class 4 \u2192 class 0
[2026-07-19 13:50:54,113] 39 root - INFO - [Attacker] Label flip: 11 samples class 4 \u2192 class 0
[2026-07-19 13:50:54,119] 39 root - INFO - [Attacker] Label flip: 11 samples class 4 \u2192 class 0
[2026-07-19 13:50:54,130] 39 root - INFO - [Attacker] Label flip: 15 samples class 4 \u2192 class 0
[2026-07-19 13:50:54,136] 39 root - INFO - [Attacker] Label flip: 9 samples class 4 \u2192 class 0
[2026-07-19 13:50:54,144] 39 root - INFO - [Attacker] Label flip: 14 samples class 4 \u2192 class 0
[2026-07-19 13:50:54,152] 39 root - INFO - [Attacker] Label flip: 13 samples class 4 \u2192 class 0
[2026-07-19 13:50:54,166] 39 root - INFO - [Attacker] Label flip: 12 samples class 4 \u2192 class 0
[2026-07-19 13:50:54,174] 39 root - INFO - [Attacker] Label flip: 15 samples class 4 \u2192 class 0
[2026-07-19 13:50:54,182] 39 root - INFO - [Attacker] Label flip: 8 samples class 4 \u2192 class 0
[2026-07-19 13:50:54,190] 39 root - INFO - [Attacker] Label flip: 13 samples class 4 \u2192 class 0
[2026-07-19 13:50:54,198] 39 root - INFO - [Attacker] Label flip: 8 samples class 4 \u2192 class 0
[2026-07-19 13:50:54,213] 39 root - INFO - [Attacker] Label flip: 14 samples class 4 \u2192 class 0
[2026-07-19 13:50:54,223] 39 root - INFO - [Attacker] Label flip: 14 samples class 4 \u2192 class 0
[2026-07-19 13:50:54,229] 39 root - INFO - [Attacker] Label flip: 12 samples class 4 \u2192 class 0
[2026-07-19 13:50:54,237] 39 root - INFO - [Attacker] Label flip: 6 samples class 4 \u2192 class 0
[2026-07-19 13:50:54,251] 39 root - INFO - [Attacker] Label flip: 15 samples class 4 \u2192 class 0
[2026-07-19 13:50:54,259] 39 root - INFO - [Attacker] Label flip: 13 samples class 4 \u2192 class 0
[2026-07-19 13:50:54,267] 39 root - INFO - [Attacker] Label flip: 12 samples class 4 \u2192 class 0
[2026-07-19 13:50:54,274] 39 root - INFO - [Attacker] Label flip: 12 samples class 4 \u2192 class 0
[2026-07-19 13:50:54,286] 39 root - INFO - [Attacker] Label flip: 12 samples class 4 \u2192 class 0
[2026-07-19 13:50:54,294] 39 root - INFO - [Attacker] Label flip: 15 samples class 4 \u2192 class 0
[2026-07-19 13:50:54,302] 39 root - INFO - [Attacker] Label flip: 18 samples class 4 \u2192 class 0
[2026-07-19 13:50:54,310] 39 root - INFO - [Attacker] Label flip: 8 samples class 4 \u2192 class 0
[2026-07-19 13:50:54,321] 39 root - INFO - [Attacker] Label flip: 8 samples class 4 \u2192 class 0
[2026-07-19 13:50:54,328] 39 root - INFO - [Attacker] Label flip: 6 samples class 4 \u2192 class 0
[2026-07-19 13:50:54,336] 39 root - INFO - [Attacker] Label flip: 13 samples class 4 \u2192 class 0
[2026-07-19 13:50:54,344] 39 root - INFO - [Attacker] Label flip: 8 samples class 4 \u2192 class 0
[2026-07-19 13:50:54,352] 39 root - INFO - [Attacker] Label flip: 18 samples class 4 \u2192 class 0
[2026-07-19 13:50:54,362] 39 root - INFO - [Attacker] Label flip: 9 samples class 4 \u2192 class 0
[2026-07-19 13:50:54,370] 39 root - INFO - [Attacker] Label flip: 14 samples class 4 \u2192 class 0
[2026-07-19 13:50:54,378] 39 root - INFO - [Attacker] Label flip: 11 samples class 4 \u2192 class 0
[2026-07-19 13:50:54,385] 39 root - INFO - [Attacker] Label flip: 13 samples class 4 \u2192 class 0
[2026-07-19 13:50:54,397] 39 root - INFO - [Attacker] Label flip: 11 samples class 4 \u2192 class 0
[2026-07-19 13:50:54,405] 39 root - INFO - [Attacker] Label flip: 8 samples class 4 \u2192 class 0
[2026-07-19 13:50:54,413] 39 root - INFO - [Attacker] Label flip: 7 samples class 4 \u2192 class 0
[2026-07-19 13:50:54,421] 39 root - INFO - [Attacker] Label flip: 13 samples class 4 \u2192 class 0
[2026-07-19 13:50:54,431] 39 root - INFO - [Attacker] Label flip: 21 samples class 4 \u2192 class 0
[2026-07-19 13:50:54,439] 39 root - INFO - [Attacker] Label flip: 11 samples class 4 \u2192 class 0
[2026-07-19 13:50:54,447] 39 root - INFO - [Attacker] Label flip: 16 samples class 4 \u2192 class 0
[2026-07-19 13:50:54,454] 39 root - INFO - [Attacker] Label flip: 10 samples class 4 \u2192 class 0
[2026-07-19 13:50:54,466] 39 root - INFO - [Attacker] Label flip: 19 samples class 4 \u2192 class 0
[2026-07-19 13:50:54,474] 39 root - INFO - [Attacker] Label flip: 16 samples class 4 \u2192 class 0
[2026-07-19 13:50:54,482] 39 root - INFO - [Attacker] Label flip: 8 samples class 4 \u2192 class 0
[2026-07-19 13:50:54,488] 39 root - INFO - [Attacker] Label flip: 22 samples class 4 \u2192 class 0
[2026-07-19 13:50:54,498] 39 root - INFO - [Attacker] Label flip: 12 samples class 4 \u2192 class 0
[2026-07-19 13:50:54,508] 39 root - INFO - [Attacker] Label flip: 17 samples class 4 \u2192 class 0
[2026-07-19 13:50:54,516] 39 root - INFO - [Attacker] Label flip: 11 samples class 4 \u2192 class 0
[2026-07-19 13:50:54,522] 39 root - INFO - [Attacker] Label flip: 16 samples class 4 \u2192 class 0
[2026-07-19 13:50:54,534] 39 root - INFO - [Attacker] Label flip: 15 samples class 4 \u2192 class 0
[2026-07-19 13:50:54,542] 39 root - INFO - [Attacker] Label flip: 10 samples class 4 \u2192 class 0
[2026-07-19 13:50:54,549] 39 root - INFO - [Attacker] Label flip: 12 samples class 4 \u2192 class 0
[2026-07-19 13:50:54,557] 39 root - INFO - [Attacker] Label flip: 10 samples class 4 \u2192 class 0
[2026-07-19 13:50:54,567] 39 root - INFO - [Attacker] Label flip: 19 samples class 4 \u2192 class 0
[2026-07-19 13:50:54,575] 39 root - INFO - [Attacker] Label flip: 14 samples class 4 \u2192 class 0
[2026-07-19 13:50:54,583] 39 root - INFO - [Attacker] Label flip: 7 samples class 4 \u2192 class 0
[2026-07-19 13:50:54,591] 39 root - INFO - [Attacker] Label flip: 12 samples class 4 \u2192 class 0
[2026-07-19 13:50:54,603] 39 root - INFO - [Attacker] Label flip: 15 samples class 4 \u2192 class 0
[2026-07-19 13:50:54,611] 39 root - INFO - [Attacker] Label flip: 10 samples class 4 \u2192 class 0
[2026-07-19 13:50:54,619] 39 root - INFO - [Attacker] Label flip: 8 samples class 4 \u2192 class 0
[2026-07-19 13:50:54,626] 39 root - INFO - [Attacker] Label flip: 13 samples class 4 \u2192 class 0
[2026-07-19 13:50:54,632] 39 root - INFO - [Attacker] Label flip: 9 samples class 4 \u2192 class 0
[2026-07-19 13:50:54,642] 39 root - INFO - [Attacker] Label flip: 13 samples class 4 \u2192 class 0
[2026-07-19 13:50:54,650] 39 root - INFO - [Attacker] Label flip: 13 samples class 4 \u2192 class 0
[2026-07-19 13:50:54,658] 39 root - INFO - [Attacker] Label flip: 8 samples class 4 \u2192 class 0
[2026-07-19 13:50:54,666] 39 root - INFO - [Attacker] Label flip: 15 samples class 4 \u2192 class 0
[2026-07-19 13:50:54,684] 39 root - INFO - [Attacker] Label flip: 9 samples class 4 \u2192 class 0
[2026-07-19 13:50:54,692] 39 root - INFO - [Attacker] Label flip: 16 samples class 4 \u2192 class 0
[2026-07-19 13:50:54,700] 39 root - INFO - [Attacker] Label flip: 13 samples class 4 \u2192 class 0
[2026-07-19 13:50:54,707] 39 root - INFO - [Attacker] Label flip: 17 samples class 4 \u2192 class 0
[2026-07-19 13:50:54,725] 39 root - INFO - [Attacker] Label flip: 16 samples class 4 \u2192 class 0
[2026-07-19 13:50:54,731] 39 root - INFO - [Attacker] Label flip: 14 samples class 4 \u2192 class 0
[2026-07-19 13:50:54,741] 39 root - INFO - [Attacker] Label flip: 11 samples class 4 \u2192 class 0
[2026-07-19 13:50:54,747] 39 root - INFO - [Attacker] Label flip: 14 samples class 4 \u2192 class 0
[2026-07-19 13:50:54,773] 39 root - INFO - [Attacker] Label flip: 12 samples class 4 \u2192 class 0
[2026-07-19 13:50:54,781] 39 root - INFO - [Attacker] Label flip: 12 samples class 4 \u2192 class 0
[2026-07-19 13:50:54,789] 39 root - INFO - [Attacker] Label flip: 17 samples class 4 \u2192 class 0
[2026-07-19 13:50:54,797] 39 root - INFO - [Attacker] Label flip: 18 samples class 4 \u2192 class 0
[2026-07-19 13:50:54,811] 39 root - INFO - [Attacker] Label flip: 13 samples class 4 \u2192 class 0
[2026-07-19 13:50:54,818] 39 root - INFO - [Attacker] Label flip: 10 samples class 4 \u2192 class 0
[2026-07-19 13:50:54,826] 39 root - INFO - [Attacker] Label flip: 16 samples class 4 \u2192 class 0
[2026-07-19 13:50:54,834] 39 root - INFO - [Attacker] Label flip: 12 samples class 4 \u2192 class 0
[2026-07-19 13:50:54,846] 39 root - INFO - [Attacker] Label flip: 10 samples class 4 \u2192 class 0
[2026-07-19 13:50:54,854] 39 root - INFO - [Attacker] Label flip: 9 samples class 4 \u2192 class 0
[2026-07-19 13:50:54,863] 39 root - INFO - [Attacker] Label flip: 12 samples class 4 \u2192 class 0
[2026-07-19 13:50:54,871] 39 root - INFO - [Attacker] Label flip: 5 samples class 4 \u2192 class 0
[2026-07-19 13:50:54,879] 39 root - INFO - [Attacker] Label flip: 12 samples class 4 \u2192 class 0
[2026-07-19 13:50:54,889] 39 root - INFO - [Attacker] Label flip: 13 samples class 4 \u2192 class 0
[2026-07-19 13:50:54,897] 39 root - INFO - [Attacker] Label flip: 14 samples class 4 \u2192 class 0
[2026-07-19 13:50:54,905] 39 root - INFO - [Attacker] Label flip: 10 samples class 4 \u2192 class 0
[2026-07-19 13:50:54,912] 39 root - INFO - [Attacker] Label flip: 16 samples class 4 \u2192 class 0
[2026-07-19 13:50:54,922] 39 root - INFO - [Attacker] Label flip: 15 samples class 4 \u2192 class 0
[2026-07-19 13:50:54,930] 39 root - INFO - [Attacker] Label flip: 10 samples class 4 \u2192 class 0
[2026-07-19 13:50:54,938] 39 root - INFO - [Attacker] Label flip: 15 samples class 4 \u2192 class 0
[2026-07-19 13:50:54,946] 39 root - INFO - [Attacker] Label flip: 18 samples class 4 \u2192 class 0
[2026-07-19 13:50:54,958] 39 root - INFO - [Attacker] Label flip: 12 samples class 4 \u2192 class 0
[2026-07-19 13:50:54,964] 39 root - INFO - [Attacker] Label flip: 17 samples class 4 \u2192 class 0
[2026-07-19 13:50:54,972] 39 root - INFO - [Attacker] Label flip: 15 samples class 4 \u2192 class 0
[2026-07-19 13:50:54,979] 39 root - INFO - [Attacker] Label flip: 9 samples class 4 \u2192 class 0
[2026-07-19 13:50:54,991] 39 root - INFO - [Attacker] Label flip: 11 samples class 4 \u2192 class 0
[2026-07-19 13:50:54,999] 39 root - INFO - [Attacker] Label flip: 14 samples class 4 \u2192 class 0
[2026-07-19 13:50:55,007] 39 root - INFO - [Attacker] Label flip: 11 samples class 4 \u2192 class 0
[2026-07-19 13:50:55,015] 39 root - INFO - [Attacker] Label flip: 10 samples class 4 \u2192 class 0
[2026-07-19 13:50:55,023] 39 root - INFO - [Attacker] Label flip: 20 samples class 4 \u2192 class 0
[2026-07-19 13:50:55,040] 39 root - INFO - [Attacker] Label flip: 11 samples class 4 \u2192 class 0
[2026-07-19 13:50:55,048] 39 root - INFO - [Attacker] Label flip: 13 samples class 4 \u2192 class 0
[2026-07-19 13:50:55,056] 39 root - INFO - [Attacker] Label flip: 16 samples class 4 \u2192 class 0
[2026-07-19 13:50:55,064] 39 root - INFO - [Attacker] Label flip: 13 samples class 4 \u2192 class 0
[2026-07-19 13:50:55,078] 39 root - INFO - [Attacker] Label flip: 15 samples class 4 \u2192 class 0
[2026-07-19 13:50:55,088] 39 root - INFO - [Attacker] Label flip: 14 samples class 4 \u2192 class 0
[2026-07-19 13:50:55,096] 39 root - INFO - [Attacker] Label flip: 9 samples class 4 \u2192 class 0
[2026-07-19 13:50:55,104] 39 root - INFO - [Attacker] Label flip: 10 samples class 4 \u2192 class 0
[2026-07-19 13:50:55,112] 39 root - INFO - [Attacker] Label flip: 9 samples class 4 \u2192 class 0
[2026-07-19 13:50:55,119] 39 root - INFO - [Attacker] Label flip: 18 samples class 4 \u2192 class 0
[2026-07-19 13:50:55,127] 39 root - INFO - [Attacker] Label flip: 18 samples class 4 \u2192 class 0
[2026-07-19 13:50:55,135] 39 root - INFO - [Attacker] Label flip: 10 samples class 4 \u2192 class 0
[2026-07-19 13:50:55,147] 39 root - INFO - [Attacker] Label flip: 16 samples class 4 \u2192 class 0
[2026-07-19 13:50:55,155] 39 root - INFO - [Attacker] Label flip: 10 samples class 4 \u2192 class 0
[2026-07-19 13:50:55,163] 39 root - INFO - [Attacker] Label flip: 11 samples class 4 \u2192 class 0
[2026-07-19 13:50:55,171] 39 root - INFO - [Attacker] Label flip: 16 samples class 4 \u2192 class 0
[2026-07-19 13:50:55,183] 39 root - INFO - [Attacker] Label flip: 13 samples class 4 \u2192 class 0
[2026-07-19 13:50:55,191] 39 root - INFO - [Attacker] Label flip: 19 samples class 4 \u2192 class 0
[2026-07-19 13:50:55,198] 39 root - INFO - [Attacker] Label flip: 17 samples class 4 \u2192 class 0
[2026-07-19 13:50:55,204] 39 root - INFO - [Attacker] Label flip: 7 samples class 4 \u2192 class 0
[2026-07-19 13:50:55,212] 39 root - INFO - [Attacker] Label flip: 19 samples class 4 \u2192 class 0
[2026-07-19 13:50:55,222] 39 root - INFO - [Attacker] Label flip: 6 samples class 4 \u2192 class 0
[2026-07-19 13:50:55,230] 39 root - INFO - [Attacker] Label flip: 13 samples class 4 \u2192 class 0
[2026-07-19 13:50:55,238] 39 root - INFO - [Attacker] Label flip: 11 samples class 4 \u2192 class 0
[2026-07-19 13:50:55,246] 39 root - INFO - [Attacker] Label flip: 10 samples class 4 \u2192 class 0
[2026-07-19 13:50:55,258] 39 root - INFO - [Attacker] Label flip: 12 samples class 4 \u2192 class 0
[2026-07-19 13:50:55,264] 39 root - INFO - [Attacker] Label flip: 13 samples class 4 \u2192 class 0
[2026-07-19 13:50:55,272] 39 root - INFO - [Attacker] Label flip: 13 samples class 4 \u2192 class 0
[2026-07-19 13:50:55,280] 39 root - INFO - [Attacker] Label flip: 15 samples class 4 \u2192 class 0
[2026-07-19 13:50:55,292] 39 root - INFO - [Attacker] Label flip: 7 samples class 4 \u2192 class 0
[2026-07-19 13:50:55,300] 39 root - INFO - [Attacker] Label flip: 9 samples class 4 \u2192 class 0
[2026-07-19 13:50:55,307] 39 root - INFO - [Attacker] Label flip: 20 samples class 4 \u2192 class 0
[2026-07-19 13:50:55,315] 39 root - INFO - [Attacker] Label flip: 11 samples class 4 \u2192 class 0
[2026-07-19 13:50:55,329] 39 root - INFO - [Attacker] Label flip: 12 samples class 4 \u2192 class 0
[2026-07-19 13:50:55,337] 39 root - INFO - [Attacker] Label flip: 12 samples class 4 \u2192 class 0
[2026-07-19 13:50:55,345] 39 root - INFO - [Attacker] Label flip: 7 samples class 4 \u2192 class 0
[2026-07-19 13:50:55,353] 39 root - INFO - [Attacker] Label flip: 19 samples class 4 \u2192 class 0
[2026-07-19 13:50:55,361] 39 root - INFO - [Attacker] Label flip: 12 samples class 4 \u2192 class 0
[2026-07-19 13:50:55,369] 39 root - INFO - [Attacker] Label flip: 11 samples class 4 \u2192 class 0
[2026-07-19 13:50:55,377] 39 root - INFO - [Attacker] Label flip: 19 samples class 4 \u2192 class 0
[2026-07-19 13:50:55,385] 39 root - INFO - [Attacker] Label flip: 14 samples class 4 \u2192 class 0
[2026-07-19 13:50:55,395] 39 root - INFO - [Attacker] Label flip: 13 samples class 4 \u2192 class 0
[2026-07-19 13:50:55,401] 39 root - INFO - [Attacker] Label flip: 19 samples class 4 \u2192 class 0
[2026-07-19 13:50:55,409] 39 root - INFO - [Attacker] Label flip: 8 samples class 4 \u2192 class 0
[2026-07-19 13:50:55,417] 39 root - INFO - [Attacker] Label flip: 8 samples class 4 \u2192 class 0
[2026-07-19 13:50:55,427] 39 root - INFO - [Attacker] Label flip: 13 samples class 4 \u2192 class 0
[2026-07-19 13:50:55,434] 39 root - INFO - [Attacker] Label flip: 8 samples class 4 \u2192 class 0
[2026-07-19 13:50:55,442] 39 root - INFO - [Attacker] Label flip: 11 samples class 4 \u2192 class 0
[2026-07-19 13:50:55,450] 39 root - INFO - [Attacker] Label flip: 15 samples class 4 \u2192 class 0
[2026-07-19 13:50:55,462] 39 root - INFO - [Attacker] Label flip: 10 samples class 4 \u2192 class 0
[2026-07-19 13:50:55,472] 39 root - INFO - [Attacker] Label flip: 13 samples class 4 \u2192 class 0
[2026-07-19 13:50:55,478] 39 root - INFO - [Attacker] Label flip: 14 samples class 4 \u2192 class 0
[2026-07-19 13:50:55,486] 39 root - INFO - [Attacker] Label flip: 8 samples class 4 \u2192 class 0
[2026-07-19 13:50:55,499] 39 root - INFO - [Attacker] Label flip: 12 samples class 4 \u2192 class 0
[2026-07-19 13:50:55,509] 39 root - INFO - [Attacker] Label flip: 13 samples class 4 \u2192 class 0
[2026-07-19 13:50:55,517] 39 root - INFO - [Attacker] Label flip: 10 samples class 4 \u2192 class 0
[2026-07-19 13:50:55,527] 39 root - INFO - [Attacker] Label flip: 12 samples class 4 \u2192 class 0
[2026-07-19 13:50:55,535] 39 root - INFO - [Attacker] Label flip: 11 samples class 4 \u2192 class 0
[2026-07-19 13:50:55,546] 39 root - INFO - [Attacker] Label flip: 20 samples class 4 \u2192 class 0
[2026-07-19 13:50:55,554] 39 root - INFO - [Attacker] Label flip: 16 samples class 4 \u2192 class 0
[2026-07-19 13:50:55,562] 39 root - INFO - [Attacker] Label flip: 9 samples class 4 \u2192 class 0
[2026-07-19 13:50:55,570] 39 root - INFO - [Attacker] Label flip: 15 samples class 4 \u2192 class 0
[2026-07-19 13:50:55,582] 39 root - INFO - [Attacker] Label flip: 15 samples class 4 \u2192 class 0
[2026-07-19 13:50:55,590] 39 root - INFO - [Attacker] Label flip: 16 samples class 4 \u2192 class 0
[2026-07-19 13:50:55,598] 39 root - INFO - [Attacker] Label flip: 15 samples class 4 \u2192 class 0
[2026-07-19 13:50:55,606] 39 root - INFO - [Attacker] Label flip: 11 samples class 4 \u2192 class 0
[2026-07-19 13:50:55,637] 39 root - INFO - [Attacker] Label flip: 12 samples class 4 \u2192 class 0
[2026-07-19 13:50:55,645] 39 root - INFO - [Attacker] Label flip: 12 samples class 4 \u2192 class 0
[2026-07-19 13:50:55,653] 39 root - INFO - [Attacker] Label flip: 13 samples class 4 \u2192 class 0
[2026-07-19 13:50:55,659] 39 root - INFO - [Attacker] Label flip: 16 samples class 4 \u2192 class 0
[2026-07-19 13:50:55,675] 39 root - INFO - [Attacker] Label flip: 17 samples class 4 \u2192 class 0
[2026-07-19 13:50:55,683] 39 root - INFO - [Attacker] Label flip: 9 samples class 4 \u2192 class 0
[2026-07-19 13:50:55,691] 39 root - INFO - [Attacker] Label flip: 16 samples class 4 \u2192 class 0
[2026-07-19 13:50:55,699] 39 root - INFO - [Attacker] Label flip: 11 samples class 4 \u2192 class 0
[2026-07-19 13:50:55,713] 39 root - INFO - [Attacker] Label flip: 10 samples class 4 \u2192 class 0
[2026-07-19 13:50:55,720] 39 root - INFO - [Attacker] Label flip: 12 samples class 4 \u2192 class 0
[2026-07-19 13:50:55,728] 39 root - INFO - [Attacker] Label flip: 12 samples class 4 \u2192 class 0
[2026-07-19 13:50:55,738] 39 root - INFO - [Attacker] Label flip: 19 samples class 4 \u2192 class 0
[2026-07-19 13:50:55,754] 39 root - INFO - [Attacker] Label flip: 13 samples class 4 \u2192 class 0
[2026-07-19 13:50:55,762] 39 root - INFO - [Attacker] Label flip: 15 samples class 4 \u2192 class 0
[2026-07-19 13:50:55,770] 39 root - INFO - [Attacker] Label flip: 11 samples class 4 \u2192 class 0
[2026-07-19 13:50:55,777] 39 root - INFO - [Attacker] Label flip: 11 samples class 4 \u2192 class 0
[2026-07-19 13:50:55,792] 39 root - INFO - [Attacker] Label flip: 11 samples class 4 \u2192 class 0
[2026-07-19 13:50:55,800] 39 root - INFO - [Attacker] Label flip: 16 samples class 4 \u2192 class 0
[2026-07-19 13:50:55,807] 39 root - INFO - [Attacker] Label flip: 19 samples class 4 \u2192 class 0
[2026-07-19 13:50:55,815] 39 root - INFO - [Attacker] Label flip: 16 samples class 4 \u2192 class 0
[2026-07-19 13:50:55,829] 39 root - INFO - [Attacker] Label flip: 10 samples class 4 \u2192 class 0
[2026-07-19 13:50:55,837] 39 root - INFO - [Attacker] Label flip: 7 samples class 4 \u2192 class 0
[2026-07-19 13:50:55,847] 39 root - INFO - [Attacker] Label flip: 9 samples class 4 \u2192 class 0
[2026-07-19 13:50:55,854] 39 root - INFO - [Attacker] Label flip: 15 samples class 4 \u2192 class 0
[2026-07-19 13:50:55,865] 39 root - INFO - [Attacker] Label flip: 13 samples class 4 \u2192 class 0
[2026-07-19 13:50:55,871] 39 root - INFO - [Attacker] Label flip: 18 samples class 4 \u2192 class 0
[2026-07-19 13:50:55,890] 39 root - INFO - [Attacker] Label flip: 17 samples class 4 \u2192 class 0
[2026-07-19 13:50:55,900] 39 root - INFO - [Attacker] Label flip: 15 samples class 4 \u2192 class 0
[2026-07-19 13:50:55,908] 39 root - INFO - [Attacker] Label flip: 15 samples class 4 \u2192 class 0
[2026-07-19 13:50:55,916] 39 root - INFO - [Attacker] Label flip: 15 samples class 4 \u2192 class 0
[2026-07-19 13:50:55,925] 39 root - INFO - [Attacker] Label flip: 14 samples class 4 \u2192 class 0
[2026-07-19 13:50:55,935] 39 root - INFO - [Attacker] Label flip: 15 samples class 4 \u2192 class 0
[2026-07-19 13:50:55,942] 39 root - INFO - [Attacker] Label flip: 14 samples class 4 \u2192 class 0
[2026-07-19 13:50:55,950] 39 root - INFO - [Attacker] Label flip: 16 samples class 4 \u2192 class 0
[2026-07-19 13:50:55,957] 39 root - INFO - [Attacker] Label flip: 13 samples class 4 \u2192 class 0
[2026-07-19 13:50:55,968] 39 root - INFO - [Attacker] Label flip: 13 samples class 4 \u2192 class 0
[2026-07-19 13:50:55,975] 39 root - INFO - [Attacker] Label flip: 14 samples class 4 \u2192 class 0
[2026-07-19 13:50:55,983] 39 root - INFO - [Attacker] Label flip: 10 samples class 4 \u2192 class 0
[2026-07-19 13:50:55,991] 39 root - INFO - [Attacker] Label flip: 7 samples class 4 \u2192 class 0
[2026-07-19 13:50:55,999] 39 root - INFO - [Attacker] Label flip: 12 samples class 4 \u2192 class 0
[2026-07-19 13:50:56,007] 39 root - INFO - [Attacker] Label flip: 11 samples class 4 \u2192 class 0
[2026-07-19 13:50:56,013] 39 root - INFO - [Attacker] Label flip: 6 samples class 4 \u2192 class 0
[2026-07-19 13:50:56,020] 39 root - INFO - [Attacker] Label flip: 15 samples class 4 \u2192 class 0
[2026-07-19 13:50:56,029] 39 root - INFO - [Attacker] Label flip: 18 samples class 4 \u2192 class 0
[2026-07-19 13:50:56,038] 39 root - INFO - [Attacker] Label flip: 9 samples class 4 \u2192 class 0
[2026-07-19 13:50:56,046] 39 root - INFO - [Attacker] Label flip: 10 samples class 4 \u2192 class 0
[2026-07-19 13:50:56,052] 39 root - INFO - [Attacker] Label flip: 10 samples class 4 \u2192 class 0
[2026-07-19 13:50:56,060] 39 root - INFO - [Attacker] Label flip: 15 samples class 4 \u2192 class 0
[2026-07-19 13:50:56,070] 39 root - INFO - [Attacker] Label flip: 12 samples class 4 \u2192 class 0
[2026-07-19 13:50:56,078] 39 root - INFO - [Attacker] Label flip: 10 samples class 4 \u2192 class 0
[2026-07-19 13:50:56,086] 39 root - INFO - [Attacker] Label flip: 11 samples class 4 \u2192 class 0
[2026-07-19 13:50:56,094] 39 root - INFO - [Attacker] Label flip: 18 samples class 4 \u2192 class 0
[2026-07-19 13:50:56,103] 39 root - INFO - [Attacker] Label flip: 9 samples class 4 \u2192 class 0
[2026-07-19 13:50:56,111] 39 root - INFO - [Attacker] Label flip: 12 samples class 4 \u2192 class 0
[2026-07-19 13:50:56,117] 39 root - INFO - [Attacker] Label flip: 18 samples class 4 \u2192 class 0
[2026-07-19 13:50:56,125] 39 root - INFO - [Attacker] Label flip: 13 samples class 4 \u2192 class 0
[2026-07-19 13:50:56,135] 39 root - INFO - [Attacker] Label flip: 8 samples class 4 \u2192 class 0
[2026-07-19 13:50:56,141] 39 root - INFO - [Attacker] Label flip: 16 samples class 4 \u2192 class 0
[2026-07-19 13:50:56,149] 39 root - INFO - [Attacker] Label flip: 12 samples class 4 \u2192 class 0
[2026-07-19 13:50:56,157] 39 root - INFO - [Attacker] Label flip: 10 samples class 4 \u2192 class 0
[2026-07-19 13:50:56,169] 39 root - INFO - [Attacker] Label flip: 11 samples class 4 \u2192 class 0
[2026-07-19 13:50:56,176] 39 root - INFO - [Attacker] Label flip: 8 samples class 4 \u2192 class 0
[2026-07-19 13:50:56,184] 39 root - INFO - [Attacker] Label flip: 13 samples class 4 \u2192 class 0
[2026-07-19 13:50:56,190] 39 root - INFO - [Attacker] Label flip: 12 samples class 4 \u2192 class 0
[2026-07-19 13:50:56,198] 39 root - INFO - [Attacker] Label flip: 13 samples class 4 \u2192 class 0
[2026-07-19 13:50:56,212] 39 root - INFO - [Attacker] Label flip: 10 samples class 4 \u2192 class 0
[2026-07-19 13:50:56,220] 39 root - INFO - [Attacker] Label flip: 14 samples class 4 \u2192 class 0
[2026-07-19 13:50:56,226] 39 root - INFO - [Attacker] Label flip: 8 samples class 4 \u2192 class 0
[2026-07-19 13:50:56,234] 39 root - INFO - [Attacker] Label flip: 12 samples class 4 \u2192 class 0
[2026-07-19 13:50:56,250] 39 root - INFO - [Attacker] Label flip: 13 samples class 4 \u2192 class 0
[2026-07-19 13:50:56,259] 39 root - INFO - [Attacker] Label flip: 13 samples class 4 \u2192 class 0
[2026-07-19 13:50:56,268] 39 root - INFO - [Attacker] Label flip: 16 samples class 4 \u2192 class 0
[2026-07-19 13:50:56,274] 39 root - INFO - [Attacker] Label flip: 13 samples class 4 \u2192 class 0
[2026-07-19 13:50:56,284] 39 root - INFO - [Attacker] Label flip: 12 samples class 4 \u2192 class 0
[2026-07-19 13:50:56,292] 39 root - INFO - [Attacker] Label flip: 17 samples class 4 \u2192 class 0
[2026-07-19 13:50:56,303] 39 root - INFO - [Attacker] Label flip: 13 samples class 4 \u2192 class 0
[2026-07-19 13:50:56,311] 39 root - INFO - [Attacker] Label flip: 9 samples class 4 \u2192 class 0
[2026-07-19 13:50:56,323] 39 root - INFO - [Attacker] Label flip: 11 samples class 4 \u2192 class 0
[2026-07-19 13:50:56,330] 39 root - INFO - [Attacker] Label flip: 13 samples class 4 \u2192 class 0
[2026-07-19 13:50:56,337] 39 root - INFO - [Attacker] Label flip: 10 samples class 4 \u2192 class 0
[2026-07-19 13:50:56,345] 39 root - INFO - [Attacker] Label flip: 15 samples class 4 \u2192 class 0
[2026-07-19 13:50:56,355] 39 root - INFO - [Attacker] Label flip: 10 samples class 4 \u2192 class 0
[2026-07-19 13:50:56,363] 39 root - INFO - [Attacker] Label flip: 12 samples class 4 \u2192 class 0
[2026-07-19 13:50:56,373] 39 root - INFO - [Attacker] Label flip: 8 samples class 4 \u2192 class 0
[2026-07-19 13:50:56,381] 39 root - INFO - [Attacker] Label flip: 13 samples class 4 \u2192 class 0
[2026-07-19 13:50:56,391] 39 root - INFO - [Attacker] Label flip: 14 samples class 4 \u2192 class 0
[2026-07-19 13:50:56,398] 39 root - INFO - [Attacker] Label flip: 12 samples class 4 \u2192 class 0
[2026-07-19 13:50:56,407] 39 root - INFO - [Attacker] Label flip: 12 samples class 4 \u2192 class 0
[2026-07-19 13:50:56,414] 39 root - INFO - [Attacker] Label flip: 14 samples class 4 \u2192 class 0
[2026-07-19 13:50:56,422] 39 root - INFO - [Attacker] Label flip: 17 samples class 4 \u2192 class 0
[2026-07-19 13:50:56,432] 39 root - INFO - [Attacker] Label flip: 14 samples class 4 \u2192 class 0
[2026-07-19 13:50:56,440] 39 root - INFO - [Attacker] Label flip: 15 samples class 4 \u2192 class 0
[2026-07-19 13:50:56,448] 39 root - INFO - [Attacker] Label flip: 9 samples class 4 \u2192 class 0
[2026-07-19 13:50:56,454] 39 root - INFO - [Attacker] Label flip: 17 samples class 4 \u2192 class 0
[2026-07-19 13:50:56,463] 39 root - INFO - [Attacker] Label flip: 15 samples class 4 \u2192 class 0
[2026-07-19 13:50:56,472] 39 root - INFO - [Attacker] Label flip: 12 samples class 4 \u2192 class 0
[2026-07-19 13:50:56,478] 39 root - INFO - [Attacker] Label flip: 14 samples class 4 \u2192 class 0
[2026-07-19 13:50:56,486] 39 root - INFO - [Attacker] Label flip: 9 samples class 4 \u2192 class 0
[2026-07-19 13:50:56,494] 39 root - INFO - [Attacker] Label flip: 13 samples class 4 \u2192 class 0
[2026-07-19 13:50:56,502] 39 root - INFO - [Attacker] Label flip: 12 samples class 4 \u2192 class 0
[2026-07-19 13:50:56,510] 39 root - INFO - [Attacker] Label flip: 14 samples class 4 \u2192 class 0
[2026-07-19 13:50:56,517] 39 root - INFO - [Attacker] Label flip: 14 samples class 4 \u2192 class 0
[2026-07-19 13:50:56,528] 39 root - INFO - [Attacker] Label flip: 13 samples class 4 \u2192 class 0
[2026-07-19 13:50:56,533] 39 root - INFO - [Attacker] Label flip: 17 samples class 4 \u2192 class 0
[2026-07-19 13:50:56,541] 39 root - INFO - [Attacker] Label flip: 16 samples class 4 \u2192 class 0
[2026-07-19 13:50:56,549] 39 root - INFO - [Attacker] Label flip: 11 samples class 4 \u2192 class 0
[2026-07-19 13:50:56,557] 39 root - INFO - [Attacker] Label flip: 8 samples class 4 \u2192 class 0
[2026-07-19 13:50:56,565] 39 root - INFO - [Attacker] Label flip: 11 samples class 4 \u2192 class 0
[2026-07-19 13:50:56,573] 39 root - INFO - [Attacker] Label flip: 12 samples class 4 \u2192 class 0
[2026-07-19 13:50:56,581] 39 root - INFO - [Attacker] Label flip: 13 samples class 4 \u2192 class 0
[2026-07-19 13:50:56,587] 39 root - INFO - [Attacker] Label flip: 19 samples class 4 \u2192 class 0
[2026-07-19 13:50:56,597] 39 root - INFO - [Attacker] Label flip: 9 samples class 4 \u2192 class 0
[2026-07-19 13:50:56,603] 39 root - INFO - [Attacker] Label flip: 17 samples class 4 \u2192 class 0
[2026-07-19 13:50:56,611] 39 root - INFO - [Attacker] Label flip: 11 samples class 4 \u2192 class 0
[2026-07-19 13:50:56,619] 39 root - INFO - [Attacker] Label flip: 9 samples class 4 \u2192 class 0
[2026-07-19 13:50:56,628] 39 root - INFO - [Attacker] Label flip: 11 samples class 4 \u2192 class 0
[2026-07-19 13:50:56,636] 39 root - INFO - [Attacker] Label flip: 16 samples class 4 \u2192 class 0
[2026-07-19 13:50:56,642] 39 root - INFO - [Attacker] Label flip: 14 samples class 4 \u2192 class 0
[2026-07-19 13:50:56,650] 39 root - INFO - [Attacker] Label flip: 17 samples class 4 \u2192 class 0
[2026-07-19 13:50:56,658] 39 root - INFO - [Attacker] Label flip: 19 samples class 4 \u2192 class 0
[2026-07-19 13:50:56,666] 39 root - INFO - [Attacker] Label flip: 10 samples class 4 \u2192 class 0
[2026-07-19 13:50:56,674] 39 root - INFO - [Attacker] Label flip: 13 samples class 4 \u2192 class 0
[2026-07-19 13:50:56,682] 39 root - INFO - [Attacker] Label flip: 14 samples class 4 \u2192 class 0
[2026-07-19 13:50:56,692] 39 root - INFO - [Attacker] Label flip: 6 samples class 4 \u2192 class 0
[2026-07-19 13:50:56,700] 39 root - INFO - [Attacker] Label flip: 12 samples class 4 \u2192 class 0
[2026-07-19 13:50:56,707] 39 root - INFO - [Attacker] Label flip: 13 samples class 4 \u2192 class 0
[2026-07-19 13:50:56,715] 39 root - INFO - [Attacker] Label flip: 17 samples class 4 \u2192 class 0
[2026-07-19 13:50:56,725] 39 root - INFO - [Attacker] Label flip: 9 samples class 4 \u2192 class 0
[2026-07-19 13:50:56,731] 39 root - INFO - [Attacker] Label flip: 18 samples class 4 \u2192 class 0
[2026-07-19 13:50:56,739] 39 root - INFO - [Attacker] Label flip: 17 samples class 4 \u2192 class 0
[2026-07-19 13:50:56,747] 39 root - INFO - [Attacker] Label flip: 9 samples class 4 \u2192 class 0
[2026-07-19 13:50:56,755] 39 root - INFO - [Attacker] Label flip: 11 samples class 4 \u2192 class 0
[2026-07-19 13:50:56,763] 39 root - INFO - [Attacker] Label flip: 13 samples class 4 \u2192 class 0
[2026-07-19 13:50:56,771] 39 root - INFO - [Attacker] Label flip: 6 samples class 4 \u2192 class 0
[2026-07-19 13:50:56,779] 39 root - INFO - [Attacker] Label flip: 13 samples class 4 \u2192 class 0
[2026-07-19 13:50:56,786] 39 root - INFO - [Attacker] Label flip: 15 samples class 4 \u2192 class 0
[2026-07-19 13:50:56,794] 39 root - INFO - [Attacker] Label flip: 13 samples class 4 \u2192 class 0
[2026-07-19 13:50:56,802] 39 root - INFO - [Attacker] Label flip: 12 samples class 4 \u2192 class 0
[2026-07-19 13:50:56,811] 39 root - INFO - [Attacker] Label flip: 7 samples class 4 \u2192 class 0
[2026-07-19 13:50:56,818] 39 root - INFO - [Attacker] Label flip: 14 samples class 4 \u2192 class 0
[2026-07-19 13:50:56,826] 39 root - INFO - [Attacker] Label flip: 7 samples class 4 \u2192 class 0
[2026-07-19 13:50:56,834] 39 root - INFO - [Attacker] Label flip: 12 samples class 4 \u2192 class 0
[2026-07-19 13:50:56,842] 39 root - INFO - [Attacker] Label flip: 12 samples class 4 \u2192 class 0
[2026-07-19 13:50:56,850] 39 root - INFO - [Attacker] Label flip: 7 samples class 4 \u2192 class 0
[2026-07-19 13:50:56,858] 39 root - INFO - [Attacker] Label flip: 7 samples class 4 \u2192 class 0
[2026-07-19 13:50:56,866] 39 root - INFO - [Attacker] Label flip: 16 samples class 4 \u2192 class 0
[2026-07-19 13:50:56,874] 39 root - INFO - [Attacker] Label flip: 15 samples class 4 \u2192 class 0
[2026-07-19 13:50:56,881] 39 root - INFO - [Attacker] Label flip: 14 samples class 4 \u2192 class 0
[2026-07-19 13:50:56,890] 39 root - INFO - [Attacker] Label flip: 17 samples class 4 \u2192 class 0
[2026-07-19 13:50:56,897] 39 root - INFO - [Attacker] Label flip: 13 samples class 4 \u2192 class 0
[2026-07-19 13:50:56,905] 39 root - INFO - [Attacker] Label flip: 14 samples class 4 \u2192 class 0
[2026-07-19 13:50:56,913] 39 root - INFO - [Attacker] Label flip: 8 samples class 4 \u2192 class 0
[2026-07-19 13:50:56,921] 39 root - INFO - [Attacker] Label flip: 12 samples class 4 \u2192 class 0
[2026-07-19 13:50:56,929] 39 root - INFO - [Attacker] Label flip: 15 samples class 4 \u2192 class 0
[2026-07-19 13:50:56,937] 39 root - INFO - [Attacker] Label flip: 13 samples class 4 \u2192 class 0
[2026-07-19 13:50:56,945] 39 root - INFO - [Attacker] Label flip: 14 samples class 4 \u2192 class 0
[2026-07-19 13:50:56,953] 39 root - INFO - [Attacker] Label flip: 22 samples class 4 \u2192 class 0
[2026-07-19 13:50:56,961] 39 root - INFO - [Attacker] Label flip: 16 samples class 4 \u2192 class 0
[2026-07-19 13:50:56,969] 39 root - INFO - [Attacker] Label flip: 11 samples class 4 \u2192 class 0
[2026-07-19 13:50:56,977] 39 root - INFO - [Attacker] Label flip: 7 samples class 4 \u2192 class 0
[2026-07-19 13:50:56,986] 39 root - INFO - [Attacker] Label flip: 10 samples class 4 \u2192 class 0
[2026-07-19 13:50:56,994] 39 root - INFO - [Attacker] Label flip: 15 samples class 4 \u2192 class 0
[2026-07-19 13:50:57,001] 39 root - INFO - [Attacker] Label flip: 14 samples class 4 \u2192 class 0
[2026-07-19 13:50:57,010] 39 root - INFO - [Attacker] Label flip: 13 samples class 4 \u2192 class 0
[2026-07-19 13:50:57,017] 39 root - INFO - [Attacker] Label flip: 13 samples class 4 \u2192 class 0
[2026-07-19 13:50:57,025] 39 root - INFO - [Attacker] Label flip: 12 samples class 4 \u2192 class 0
[2026-07-19 13:50:57,033] 39 root - INFO - [Attacker] Label flip: 17 samples class 4 \u2192 class 0
[2026-07-19 13:50:57,041] 39 root - INFO - [Attacker] Label flip: 15 samples class 4 \u2192 class 0
[2026-07-19 13:50:57,049] 39 root - INFO - [Attacker] Label flip: 10 samples class 4 \u2192 class 0
[2026-07-19 13:50:57,057] 39 root - INFO - [Attacker] Label flip: 19 samples class 4 \u2192 class 0
[2026-07-19 13:50:57,124] 39 root - INFO - [Attacker] Label flip: 10 samples class 4 \u2192 class 0
[2026-07-19 13:50:57,132] 39 root - INFO - [Attacker] Label flip: 14 samples class 4 \u2192 class 0
[2026-07-19 13:50:57,142] 39 root - INFO - [Attacker] Label flip: 14 samples class 4 \u2192 class 0
[2026-07-19 13:50:57,172] 39 root - INFO - [Attacker] Label flip: 11 samples class 4 \u2192 class 0
[2026-07-19 13:50:57,180] 39 root - INFO - [Attacker] Label flip: 13 samples class 4 \u2192 class 0
[2026-07-19 13:50:57,188] 39 root - INFO - [Attacker] Label flip: 22 samples class 4 \u2192 class 0
[2026-07-19 13:50:57,196] 39 root - INFO - [Attacker] Label flip: 19 samples class 4 \u2192 class 0
[2026-07-19 13:50:57,204] 39 root - INFO - [Attacker] Label flip: 9 samples class 4 \u2192 class 0
[2026-07-19 13:50:57,211] 39 root - INFO - [Attacker] Label flip: 16 samples class 4 \u2192 class 0
[2026-07-19 13:50:57,220] 39 root - INFO - [Attacker] Label flip: 10 samples class 4 \u2192 class 0
[2026-07-19 13:50:57,227] 39 root - INFO - [Attacker] Label flip: 8 samples class 4 \u2192 class 0
[2026-07-19 13:50:57,241] 39 root - INFO - [Attacker] Label flip: 13 samples class 4 \u2192 class 0
[2026-07-19 13:50:57,249] 39 root - INFO - [Attacker] Label flip: 12 samples class 4 \u2192 class 0
[2026-07-19 13:50:57,265] 39 root - INFO - [Attacker] Label flip: 12 samples class 4 \u2192 class 0
[2026-07-19 13:50:57,273] 39 root - INFO - [Attacker] Label flip: 9 samples class 4 \u2192 class 0
[2026-07-19 13:50:57,283] 39 root - INFO - [Attacker] Label flip: 19 samples class 4 \u2192 class 0
[2026-07-19 13:50:57,291] 39 root - INFO - [Attacker] Label flip: 11 samples class 4 \u2192 class 0
[2026-07-19 13:50:57,299] 39 root - INFO - [Attacker] Label flip: 15 samples class 4 \u2192 class 0
[2026-07-19 13:50:57,307] 39 root - INFO - [Attacker] Label flip: 12 samples class 4 \u2192 class 0
[2026-07-19 13:50:57,315] 39 root - INFO - [Attacker] Label flip: 18 samples class 4 \u2192 class 0
[2026-07-19 13:50:57,322] 39 root - INFO - [Attacker] Label flip: 13 samples class 4 \u2192 class 0
[2026-07-19 13:50:57,330] 39 root - INFO - [Attacker] Label flip: 13 samples class 4 \u2192 class 0
[2026-07-19 13:50:57,338] 39 root - INFO - [Attacker] Label flip: 12 samples class 4 \u2192 class 0
[2026-07-19 13:50:57,346] 39 root - INFO - [Attacker] Label flip: 10 samples class 4 \u2192 class 0
[2026-07-19 13:50:57,354] 39 root - INFO - [Attacker] Label flip: 18 samples class 4 \u2192 class 0
[2026-07-19 13:50:57,360] 39 root - INFO - [Attacker] Label flip: 14 samples class 4 \u2192 class 0
[2026-07-19 13:50:57,368] 39 root - INFO - [Attacker] Label flip: 9 samples class 4 \u2192 class 0
[2026-07-19 13:50:57,376] 39 root - INFO - [Attacker] Label flip: 19 samples class 4 \u2192 class 0
[2026-07-19 13:50:57,386] 39 root - INFO - [Attacker] Label flip: 13 samples class 4 \u2192 class 0
[2026-07-19 13:50:57,394] 39 root - INFO - [Attacker] Label flip: 7 samples class 4 \u2192 class 0
[2026-07-19 13:50:57,401] 39 root - INFO - [Attacker] Label flip: 7 samples class 4 \u2192 class 0
[2026-07-19 13:50:57,409] 39 root - INFO - [Attacker] Label flip: 11 samples class 4 \u2192 class 0
[2026-07-19 13:50:57,426] 39 root - INFO - [Attacker] Label flip: 12 samples class 4 \u2192 class 0
[2026-07-19 13:50:57,433] 39 root - INFO - [Attacker] Label flip: 10 samples class 4 \u2192 class 0
[2026-07-19 13:50:57,441] 39 root - INFO - [Attacker] Label flip: 13 samples class 4 \u2192 class 0
[2026-07-19 13:50:57,449] 39 root - INFO - [Attacker] Label flip: 18 samples class 4 \u2192 class 0
[2026-07-19 13:50:57,457] 39 root - INFO - [Attacker] Label flip: 11 samples class 4 \u2192 class 0
[2026-07-19 13:50:57,465] 39 root - INFO - [Attacker] Label flip: 11 samples class 4 \u2192 class 0
[2026-07-19 13:50:57,473] 39 root - INFO - [Attacker] Label flip: 10 samples class 4 \u2192 class 0
[2026-07-19 13:50:57,481] 39 root - INFO - [Attacker] Label flip: 11 samples class 4 \u2192 class 0
[2026-07-19 13:50:57,489] 39 root - INFO - [Attacker] Label flip: 10 samples class 4 \u2192 class 0
[2026-07-19 13:50:57,498] 39 root - INFO - [Attacker] Label flip: 18 samples class 4 \u2192 class 0
[2026-07-19 13:50:57,505] 39 root - INFO - [Attacker] Label flip: 13 samples class 4 \u2192 class 0
[2026-07-19 13:50:57,513] 39 root - INFO - [Attacker] Label flip: 9 samples class 4 \u2192 class 0
[2026-07-19 13:50:57,520] 268 flwr - WARNING - DEPRECATED FEATURE: `client_fn` now expects a signature `def client_fn(context: Context)`.The provided `client_fn` has signature: {'cid': <Parameter "cid: str">}. You can import the `Context` like this: `from flwr.common import Context`

            This is a deprecated feature. It will be removed
            entirely in future versions of Flower.
        
[2026-07-19 13:50:57,524] 39 root - INFO - [Attacker] Label flip: 16 samples class 4 \u2192 class 0
[2026-07-19 13:50:57,532] 39 root - INFO - [Attacker] Label flip: 13 samples class 4 \u2192 class 0
[2026-07-19 13:50:57,540] 39 root - INFO - [Attacker] Label flip: 15 samples class 4 \u2192 class 0
[2026-07-19 13:50:57,548] 39 root - INFO - [Attacker] Label flip: 9 samples class 4 \u2192 class 0
[2026-07-19 13:50:57,558] 39 root - INFO - [Attacker] Label flip: 18 samples class 4 \u2192 class 0
[2026-07-19 13:50:57,565] 39 root - INFO - [Attacker] Label flip: 5 samples class 4 \u2192 class 0
[2026-07-19 13:50:57,573] 39 root - INFO - [Attacker] Label flip: 15 samples class 4 \u2192 class 0
[2026-07-19 13:50:57,581] 39 root - INFO - [Attacker] Label flip: 13 samples class 4 \u2192 class 0
[2026-07-19 13:50:57,591] 39 root - INFO - [Attacker] Label flip: 7 samples class 4 \u2192 class 0
[2026-07-19 13:50:57,599] 39 root - INFO - [Attacker] Label flip: 15 samples class 4 \u2192 class 0
[2026-07-19 13:50:57,605] 39 root - INFO - [Attacker] Label flip: 13 samples class 4 \u2192 class 0
[2026-07-19 13:50:57,615] 39 root - INFO - [Attacker] Label flip: 11 samples class 4 \u2192 class 0
[2026-07-19 13:50:57,623] 39 root - INFO - [Attacker] Label flip: 17 samples class 4 \u2192 class 0
[2026-07-19 13:50:57,631] 39 root - INFO - [Attacker] Label flip: 12 samples class 4 \u2192 class 0
[2026-07-19 13:50:57,637] 39 root - INFO - [Attacker] Label flip: 12 samples class 4 \u2192 class 0
[2026-07-19 13:50:57,644] 39 root - INFO - [Attacker] Label flip: 20 samples class 4 \u2192 class 0
[2026-07-19 13:50:57,652] 39 root - INFO - [Attacker] Label flip: 11 samples class 4 \u2192 class 0
[2026-07-19 13:50:57,660] 39 root - INFO - [Attacker] Label flip: 13 samples class 4 \u2192 class 0
[2026-07-19 13:50:57,668] 39 root - INFO - [Attacker] Label flip: 19 samples class 4 \u2192 class 0
[2026-07-19 13:50:57,676] 39 root - INFO - [Attacker] Label flip: 12 samples class 4 \u2192 class 0
[2026-07-19 13:50:57,682] 39 root - INFO - [Attacker] Label flip: 10 samples class 4 \u2192 class 0
[2026-07-19 13:50:57,691] 39 root - INFO - [Attacker] Label flip: 9 samples class 4 \u2192 class 0
[2026-07-19 13:50:57,698] 39 root - INFO - [Attacker] Label flip: 13 samples class 4 \u2192 class 0
[2026-07-19 13:50:57,706] 39 root - INFO - [Attacker] Label flip: 18 samples class 4 \u2192 class 0
[2026-07-19 13:50:57,714] 39 root - INFO - [Attacker] Label flip: 15 samples class 4 \u2192 class 0
[2026-07-19 13:50:57,724] 39 root - INFO - [Attacker] Label flip: 9 samples class 4 \u2192 class 0
[2026-07-19 13:50:57,732] 39 root - INFO - [Attacker] Label flip: 12 samples class 4 \u2192 class 0
[2026-07-19 13:50:57,739] 39 root - INFO - [Attacker] Label flip: 13 samples class 4 \u2192 class 0
[2026-07-19 13:50:57,745] 39 root - INFO - [Attacker] Label flip: 8 samples class 4 \u2192 class 0
[2026-07-19 13:50:57,755] 39 root - INFO - [Attacker] Label flip: 8 samples class 4 \u2192 class 0
[2026-07-19 13:50:57,761] 39 root - INFO - [Attacker] Label flip: 14 samples class 4 \u2192 class 0
[2026-07-19 13:50:57,769] 39 root - INFO - [Attacker] Label flip: 9 samples class 4 \u2192 class 0
[2026-07-19 13:50:57,777] 39 root - INFO - [Attacker] Label flip: 12 samples class 4 \u2192 class 0
[2026-07-19 13:50:57,785] 39 root - INFO - [Attacker] Label flip: 16 samples class 4 \u2192 class 0
[2026-07-19 13:50:57,793] 39 root - INFO - [Attacker] Label flip: 14 samples class 4 \u2192 class 0
[2026-07-19 13:50:57,801] 39 root - INFO - [Attacker] Label flip: 13 samples class 4 \u2192 class 0
[2026-07-19 13:50:57,809] 39 root - INFO - [Attacker] Label flip: 9 samples class 4 \u2192 class 0
[2026-07-19 13:50:57,815] 39 root - INFO - [Attacker] Label flip: 11 samples class 4 \u2192 class 0
[2026-07-19 13:50:57,824] 39 root - INFO - [Attacker] Label flip: 12 samples class 4 \u2192 class 0
[2026-07-19 13:50:57,833] 39 root - INFO - [Attacker] Label flip: 15 samples class 4 \u2192 class 0
[2026-07-19 13:50:57,841] 39 root - INFO - [Attacker] Label flip: 9 samples class 4 \u2192 class 0
[2026-07-19 13:50:57,846] 39 root - INFO - [Attacker] Label flip: 6 samples class 4 \u2192 class 0
[2026-07-19 13:50:57,855] 39 root - INFO - [Attacker] Label flip: 11 samples class 4 \u2192 class 0
[2026-07-19 13:50:57,862] 39 root - INFO - [Attacker] Label flip: 16 samples class 4 \u2192 class 0
[2026-07-19 13:50:57,870] 39 root - INFO - [Attacker] Label flip: 9 samples class 4 \u2192 class 0
[2026-07-19 13:50:57,878] 39 root - INFO - [Attacker] Label flip: 9 samples class 4 \u2192 class 0
[2026-07-19 13:50:57,886] 39 root - INFO - [Attacker] Label flip: 16 samples class 4 \u2192 class 0
[2026-07-19 13:50:57,894] 39 root - INFO - [Attacker] Label flip: 13 samples class 4 \u2192 class 0
[2026-07-19 13:50:57,902] 39 root - INFO - [Attacker] Label flip: 14 samples class 4 \u2192 class 0
[2026-07-19 13:50:57,910] 39 root - INFO - [Attacker] Label flip: 11 samples class 4 \u2192 class 0
[2026-07-19 13:50:57,918] 39 root - INFO - [Attacker] Label flip: 7 samples class 4 \u2192 class 0
[2026-07-19 13:50:57,925] 39 root - INFO - [Attacker] Label flip: 12 samples class 4 \u2192 class 0
[2026-07-19 13:50:57,933] 39 root - INFO - [Attacker] Label flip: 14 samples class 4 \u2192 class 0
[2026-07-19 13:50:57,939] 39 root - INFO - [Attacker] Label flip: 12 samples class 4 \u2192 class 0
[2026-07-19 13:50:57,947] 39 root - INFO - [Attacker] Label flip: 13 samples class 4 \u2192 class 0
[2026-07-19 13:50:57,958] 39 root - INFO - [Attacker] Label flip: 11 samples class 4 \u2192 class 0
[2026-07-19 13:50:57,967] 39 root - INFO - [Attacker] Label flip: 8 samples class 4 \u2192 class 0
[2026-07-19 13:50:57,975] 39 root - INFO - [Attacker] Label flip: 14 samples class 4 \u2192 class 0
[2026-07-19 13:50:57,983] 39 root - INFO - [Attacker] Label flip: 9 samples class 4 \u2192 class 0
[2026-07-19 13:50:57,991] 39 root - INFO - [Attacker] Label flip: 17 samples class 4 \u2192 class 0
[2026-07-19 13:50:57,999] 39 root - INFO - [Attacker] Label flip: 11 samples class 4 \u2192 class 0
[2026-07-19 13:50:58,005] 39 root - INFO - [Attacker] Label flip: 12 samples class 4 \u2192 class 0
[2026-07-19 13:50:58,013] 39 root - INFO - [Attacker] Label flip: 17 samples class 4 \u2192 class 0
[2026-07-19 13:50:58,023] 39 root - INFO - [Attacker] Label flip: 14 samples class 4 \u2192 class 0
[2026-07-19 13:50:58,033] 39 root - INFO - [Attacker] Label flip: 12 samples class 4 \u2192 class 0
[2026-07-19 13:50:58,040] 39 root - INFO - [Attacker] Label flip: 11 samples class 4 \u2192 class 0
[2026-07-19 13:50:58,048] 39 root - INFO - [Attacker] Label flip: 10 samples class 4 \u2192 class 0
[2026-07-19 13:50:58,056] 39 root - INFO - [Attacker] Label flip: 5 samples class 4 \u2192 class 0
[2026-07-19 13:50:58,070] 39 root - INFO - [Attacker] Label flip: 16 samples class 4 \u2192 class 0
[2026-07-19 13:50:58,078] 39 root - INFO - [Attacker] Label flip: 10 samples class 4 \u2192 class 0
[2026-07-19 13:50:58,086] 39 root - INFO - [Attacker] Label flip: 11 samples class 4 \u2192 class 0
[2026-07-19 13:50:58,093] 39 root - INFO - [Attacker] Label flip: 8 samples class 4 \u2192 class 0
[2026-07-19 13:50:58,105] 39 root - INFO - [Attacker] Label flip: 10 samples class 4 \u2192 class 0
[2026-07-19 13:50:58,113] 39 root - INFO - [Attacker] Label flip: 18 samples class 4 \u2192 class 0
[2026-07-19 13:50:58,121] 39 root - INFO - [Attacker] Label flip: 11 samples class 4 \u2192 class 0
[2026-07-19 13:50:58,129] 39 root - INFO - [Attacker] Label flip: 14 samples class 4 \u2192 class 0
[2026-07-19 13:50:58,143] 39 root - INFO - [Attacker] Label flip: 13 samples class 4 \u2192 class 0
[2026-07-19 13:50:58,151] 39 root - INFO - [Attacker] Label flip: 11 samples class 4 \u2192 class 0
[2026-07-19 13:50:58,159] 39 root - INFO - [Attacker] Label flip: 17 samples class 4 \u2192 class 0
[2026-07-19 13:50:58,166] 39 root - INFO - [Attacker] Label flip: 12 samples class 4 \u2192 class 0
[2026-07-19 13:50:58,174] 39 root - INFO - [Attacker] Label flip: 7 samples class 4 \u2192 class 0
[2026-07-19 13:50:58,180] 39 root - INFO - [Attacker] Label flip: 11 samples class 4 \u2192 class 0
[2026-07-19 13:50:58,188] 39 root - INFO - [Attacker] Label flip: 14 samples class 4 \u2192 class 0
[2026-07-19 13:50:58,196] 39 root - INFO - [Attacker] Label flip: 23 samples class 4 \u2192 class 0
[2026-07-19 13:50:58,204] 39 root - INFO - [Attacker] Label flip: 9 samples class 4 \u2192 class 0
[2026-07-19 13:50:58,212] 39 root - INFO - [Attacker] Label flip: 12 samples class 4 \u2192 class 0
[2026-07-19 13:50:58,220] 39 root - INFO - [Attacker] Label flip: 12 samples class 4 \u2192 class 0
[2026-07-19 13:50:58,228] 39 root - INFO - [Attacker] Label flip: 13 samples class 4 \u2192 class 0
[2026-07-19 13:50:58,236] 39 root - INFO - [Attacker] Label flip: 13 samples class 4 \u2192 class 0
[2026-07-19 13:50:58,243] 39 root - INFO - [Attacker] Label flip: 11 samples class 4 \u2192 class 0
[2026-07-19 13:50:58,251] 39 root - INFO - [Attacker] Label flip: 13 samples class 4 \u2192 class 0
[2026-07-19 13:50:58,259] 39 root - INFO - [Attacker] Label flip: 11 samples class 4 \u2192 class 0
[2026-07-19 13:50:58,267] 39 root - INFO - [Attacker] Label flip: 13 samples class 4 \u2192 class 0
[2026-07-19 13:50:58,275] 39 root - INFO - [Attacker] Label flip: 11 samples class 4 \u2192 class 0
[2026-07-19 13:50:58,283] 39 root - INFO - [Attacker] Label flip: 16 samples class 4 \u2192 class 0
[2026-07-19 13:50:58,290] 39 root - INFO - [Attacker] Label flip: 12 samples class 4 \u2192 class 0
[2026-07-19 13:50:58,298] 39 root - INFO - [Attacker] Label flip: 16 samples class 4 \u2192 class 0
[2026-07-19 13:50:58,306] 39 root - INFO - [Attacker] Label flip: 9 samples class 4 \u2192 class 0
[2026-07-19 13:50:58,314] 39 root - INFO - [Attacker] Label flip: 15 samples class 4 \u2192 class 0
[2026-07-19 13:50:58,322] 39 root - INFO - [Attacker] Label flip: 16 samples class 4 \u2192 class 0
[2026-07-19 13:50:58,330] 39 root - INFO - [Attacker] Label flip: 17 samples class 4 \u2192 class 0
[2026-07-19 13:50:58,338] 39 root - INFO - [Attacker] Label flip: 15 samples class 4 \u2192 class 0
[2026-07-19 13:50:58,346] 39 root - INFO - [Attacker] Label flip: 5 samples class 4 \u2192 class 0
[2026-07-19 13:50:58,354] 39 root - INFO - [Attacker] Label flip: 11 samples class 4 \u2192 class 0
[2026-07-19 13:50:58,360] 39 root - INFO - [Attacker] Label flip: 11 samples class 4 \u2192 class 0
[2026-07-19 13:50:58,369] 39 root - INFO - [Attacker] Label flip: 12 samples class 4 \u2192 class 0
[2026-07-19 13:50:58,378] 39 root - INFO - [Attacker] Label flip: 19 samples class 4 \u2192 class 0
[2026-07-19 13:50:58,384] 39 root - INFO - [Attacker] Label flip: 10 samples class 4 \u2192 class 0
[2026-07-19 13:50:58,392] 39 root - INFO - [Attacker] Label flip: 14 samples class 4 \u2192 class 0
[2026-07-19 13:50:58,400] 39 root - INFO - [Attacker] Label flip: 16 samples class 4 \u2192 class 0
[2026-07-19 13:50:58,410] 39 root - INFO - [Attacker] Label flip: 16 samples class 4 \u2192 class 0
[2026-07-19 13:50:58,416] 39 root - INFO - [Attacker] Label flip: 13 samples class 4 \u2192 class 0
[2026-07-19 13:50:58,424] 39 root - INFO - [Attacker] Label flip: 15 samples class 4 \u2192 class 0
[2026-07-19 13:50:58,434] 39 root - INFO - [Attacker] Label flip: 10 samples class 4 \u2192 class 0
[2026-07-19 13:50:58,446] 39 root - INFO - [Attacker] Label flip: 14 samples class 4 \u2192 class 0
[2026-07-19 13:50:58,454] 39 root - INFO - [Attacker] Label flip: 14 samples class 4 \u2192 class 0
[2026-07-19 13:50:58,461] 39 root - INFO - [Attacker] Label flip: 12 samples class 4 \u2192 class 0
[2026-07-19 13:50:58,472] 39 root - INFO - [Attacker] Label flip: 6 samples class 4 \u2192 class 0
[2026-07-19 13:50:58,480] 39 root - INFO - [Attacker] Label flip: 17 samples class 4 \u2192 class 0
[2026-07-19 13:50:58,487] 39 root - INFO - [Attacker] Label flip: 11 samples class 4 \u2192 class 0
[2026-07-19 13:50:58,495] 39 root - INFO - [Attacker] Label flip: 15 samples class 4 \u2192 class 0
[2026-07-19 13:50:58,503] 39 root - INFO - [Attacker] Label flip: 5 samples class 4 \u2192 class 0
[2026-07-19 13:50:58,513] 39 root - INFO - [Attacker] Label flip: 17 samples class 4 \u2192 class 0
[2026-07-19 13:50:58,521] 39 root - INFO - [Attacker] Label flip: 11 samples class 4 \u2192 class 0
[2026-07-19 13:50:58,529] 39 root - INFO - [Attacker] Label flip: 14 samples class 4 \u2192 class 0
[2026-07-19 13:50:58,536] 39 root - INFO - [Attacker] Label flip: 11 samples class 4 \u2192 class 0
[2026-07-19 13:50:58,544] 39 root - INFO - [Attacker] Label flip: 7 samples class 4 \u2192 class 0
[2026-07-19 13:50:58,553] 39 root - INFO - [Attacker] Label flip: 11 samples class 4 \u2192 class 0
[2026-07-19 13:50:58,560] 39 root - INFO - [Attacker] Label flip: 11 samples class 4 \u2192 class 0
[2026-07-19 13:50:58,568] 39 root - INFO - [Attacker] Label flip: 15 samples class 4 \u2192 class 0
[2026-07-19 13:50:58,576] 39 root - INFO - [Attacker] Label flip: 16 samples class 4 \u2192 class 0
[2026-07-19 13:50:58,584] 39 root - INFO - [Attacker] Label flip: 13 samples class 4 \u2192 class 0
[2026-07-19 13:50:58,592] 39 root - INFO - [Attacker] Label flip: 8 samples class 4 \u2192 class 0
[2026-07-19 13:50:58,600] 39 root - INFO - [Attacker] Label flip: 11 samples class 4 \u2192 class 0
[2026-07-19 13:50:58,608] 39 root - INFO - [Attacker] Label flip: 11 samples class 4 \u2192 class 0
[2026-07-19 13:50:58,616] 39 root - INFO - [Attacker] Label flip: 11 samples class 4 \u2192 class 0
[2026-07-19 13:50:58,623] 39 root - INFO - [Attacker] Label flip: 16 samples class 4 \u2192 class 0
[2026-07-19 13:50:58,631] 39 root - INFO - [Attacker] Label flip: 11 samples class 4 \u2192 class 0
[2026-07-19 13:50:58,641] 39 root - INFO - [Attacker] Label flip: 7 samples class 4 \u2192 class 0
[2026-07-19 13:50:58,649] 39 root - INFO - [Attacker] Label flip: 14 samples class 4 \u2192 class 0
[2026-07-19 13:50:58,655] 39 root - INFO - [Attacker] Label flip: 11 samples class 4 \u2192 class 0
[2026-07-19 13:50:58,663] 39 root - INFO - [Attacker] Label flip: 10 samples class 4 \u2192 class 0
[2026-07-19 13:50:58,671] 39 root - INFO - [Attacker] Label flip: 7 samples class 4 \u2192 class 0
[2026-07-19 13:50:58,679] 39 root - INFO - [Attacker] Label flip: 14 samples class 4 \u2192 class 0
[2026-07-19 13:50:58,687] 39 root - INFO - [Attacker] Label flip: 15 samples class 4 \u2192 class 0
[2026-07-19 13:50:58,695] 39 root - INFO - [Attacker] Label flip: 10 samples class 4 \u2192 class 0
[2026-07-19 13:50:58,702] 39 root - INFO - [Attacker] Label flip: 8 samples class 4 \u2192 class 0
[2026-07-19 13:50:58,710] 39 root - INFO - [Attacker] Label flip: 11 samples class 4 \u2192 class 0
[2026-07-19 13:50:58,719] 39 root - INFO - [Attacker] Label flip: 19 samples class 4 \u2192 class 0
[2026-07-19 13:50:58,725] 39 root - INFO - [Attacker] Label flip: 12 samples class 4 \u2192 class 0
[2026-07-19 13:50:58,734] 39 root - INFO - [Attacker] Label flip: 20 samples class 4 \u2192 class 0
[2026-07-19 13:50:58,742] 39 root - INFO - [Attacker] Label flip: 15 samples class 4 \u2192 class 0
[2026-07-19 13:50:58,752] 39 root - INFO - [Attacker] Label flip: 13 samples class 4 \u2192 class 0
[2026-07-19 13:50:58,758] 39 root - INFO - [Attacker] Label flip: 9 samples class 4 \u2192 class 0
[2026-07-19 13:50:58,766] 39 root - INFO - [Attacker] Label flip: 14 samples class 4 \u2192 class 0
[2026-07-19 13:50:58,774] 39 root - INFO - [Attacker] Label flip: 18 samples class 4 \u2192 class 0
[2026-07-19 13:50:58,782] 39 root - INFO - [Attacker] Label flip: 15 samples class 4 \u2192 class 0
[2026-07-19 13:50:58,790] 39 root - INFO - [Attacker] Label flip: 18 samples class 4 \u2192 class 0
[2026-07-19 13:50:58,798] 39 root - INFO - [Attacker] Label flip: 15 samples class 4 \u2192 class 0
[2026-07-19 13:50:58,808] 39 root - INFO - [Attacker] Label flip: 18 samples class 4 \u2192 class 0
[2026-07-19 13:50:58,815] 39 root - INFO - [Attacker] Label flip: 9 samples class 4 \u2192 class 0
[2026-07-19 13:50:58,823] 39 root - INFO - [Attacker] Label flip: 20 samples class 4 \u2192 class 0
[2026-07-19 13:50:58,831] 39 root - INFO - [Attacker] Label flip: 10 samples class 4 \u2192 class 0
[2026-07-19 13:50:58,838] 39 root - INFO - [Attacker] Label flip: 18 samples class 4 \u2192 class 0
[2026-07-19 13:50:58,847] 39 root - INFO - [Attacker] Label flip: 7 samples class 4 \u2192 class 0
[2026-07-19 13:50:58,855] 39 root - INFO - [Attacker] Label flip: 18 samples class 4 \u2192 class 0
[2026-07-19 13:50:58,863] 39 root - INFO - [Attacker] Label flip: 15 samples class 4 \u2192 class 0
[2026-07-19 13:50:58,869] 39 root - INFO - [Attacker] Label flip: 10 samples class 4 \u2192 class 0
[2026-07-19 13:50:58,879] 39 root - INFO - [Attacker] Label flip: 14 samples class 4 \u2192 class 0
[2026-07-19 13:50:58,887] 39 root - INFO - [Attacker] Label flip: 10 samples class 4 \u2192 class 0
[2026-07-19 13:50:58,893] 39 root - INFO - [Attacker] Label flip: 14 samples class 4 \u2192 class 0
[2026-07-19 13:50:58,901] 39 root - INFO - [Attacker] Label flip: 13 samples class 4 \u2192 class 0
[2026-07-19 13:50:58,908] 39 root - INFO - [Attacker] Label flip: 15 samples class 4 \u2192 class 0
[2026-07-19 13:50:58,916] 39 root - INFO - [Attacker] Label flip: 18 samples class 4 \u2192 class 0
[2026-07-19 13:50:58,924] 39 root - INFO - [Attacker] Label flip: 14 samples class 4 \u2192 class 0
[2026-07-19 13:50:58,932] 39 root - INFO - [Attacker] Label flip: 9 samples class 4 \u2192 class 0
[2026-07-19 13:50:58,940] 39 root - INFO - [Attacker] Label flip: 12 samples class 4 \u2192 class 0
[2026-07-19 13:50:58,947] 39 root - INFO - [Attacker] Label flip: 9 samples class 4 \u2192 class 0
[2026-07-19 13:50:58,956] 39 root - INFO - [Attacker] Label flip: 9 samples class 4 \u2192 class 0
[2026-07-19 13:50:58,962] 39 root - INFO - [Attacker] Label flip: 19 samples class 4 \u2192 class 0
[2026-07-19 13:50:58,970] 39 root - INFO - [Attacker] Label flip: 9 samples class 4 \u2192 class 0
[2026-07-19 13:50:58,978] 39 root - INFO - [Attacker] Label flip: 13 samples class 4 \u2192 class 0
[2026-07-19 13:50:58,986] 39 root - INFO - [Attacker] Label flip: 5 samples class 4 \u2192 class 0
[2026-07-19 13:50:58,994] 39 root - INFO - [Attacker] Label flip: 8 samples class 4 \u2192 class 0
[2026-07-19 13:50:59,002] 39 root - INFO - [Attacker] Label flip: 8 samples class 4 \u2192 class 0
[2026-07-19 13:50:59,010] 39 root - INFO - [Attacker] Label flip: 14 samples class 4 \u2192 class 0
[2026-07-19 13:50:59,017] 39 root - INFO - [Attacker] Label flip: 20 samples class 4 \u2192 class 0
[2026-07-19 13:50:59,025] 39 root - INFO - [Attacker] Label flip: 17 samples class 4 \u2192 class 0
[2026-07-19 13:50:59,033] 39 root - INFO - [Attacker] Label flip: 6 samples class 4 \u2192 class 0
[2026-07-19 13:50:59,043] 39 root - INFO - [Attacker] Label flip: 9 samples class 4 \u2192 class 0
[2026-07-19 13:50:59,052] 39 root - INFO - [Attacker] Label flip: 13 samples class 4 \u2192 class 0
[2026-07-19 13:50:59,058] 39 root - INFO - [Attacker] Label flip: 12 samples class 4 \u2192 class 0
[2026-07-19 13:50:59,067] 39 root - INFO - [Attacker] Label flip: 8 samples class 4 \u2192 class 0
[2026-07-19 13:50:59,077] 39 root - INFO - [Attacker] Label flip: 14 samples class 4 \u2192 class 0
[2026-07-19 13:50:59,085] 39 root - INFO - [Attacker] Label flip: 17 samples class 4 \u2192 class 0
[2026-07-19 13:50:59,092] 39 root - INFO - [Attacker] Label flip: 15 samples class 4 \u2192 class 0
[2026-07-19 13:50:59,100] 39 root - INFO - [Attacker] Label flip: 13 samples class 4 \u2192 class 0
[2026-07-19 13:50:59,107] 39 root - INFO - [Attacker] Label flip: 11 samples class 4 \u2192 class 0
[2026-07-19 13:50:59,115] 39 root - INFO - [Attacker] Label flip: 15 samples class 4 \u2192 class 0
[2026-07-19 13:50:59,123] 39 root - INFO - [Attacker] Label flip: 10 samples class 4 \u2192 class 0
[2026-07-19 13:50:59,131] 39 root - INFO - [Attacker] Label flip: 16 samples class 4 \u2192 class 0
[2026-07-19 13:50:59,139] 39 root - INFO - [Attacker] Label flip: 10 samples class 4 \u2192 class 0
[2026-07-19 13:50:59,145] 39 root - INFO - [Attacker] Label flip: 14 samples class 4 \u2192 class 0
[2026-07-19 13:50:59,153] 39 root - INFO - [Attacker] Label flip: 15 samples class 4 \u2192 class 0
[2026-07-19 13:50:59,161] 39 root - INFO - [Attacker] Label flip: 11 samples class 4 \u2192 class 0
[2026-07-19 13:50:59,169] 39 root - INFO - [Attacker] Label flip: 15 samples class 4 \u2192 class 0
[2026-07-19 13:50:59,177] 39 root - INFO - [Attacker] Label flip: 14 samples class 4 \u2192 class 0
[2026-07-19 13:50:59,185] 39 root - INFO - [Attacker] Label flip: 8 samples class 4 \u2192 class 0
[2026-07-19 13:50:59,193] 39 root - INFO - [Attacker] Label flip: 7 samples class 4 \u2192 class 0
[2026-07-19 13:50:59,199] 39 root - INFO - [Attacker] Label flip: 11 samples class 4 \u2192 class 0
[2026-07-19 13:50:59,209] 39 root - INFO - [Attacker] Label flip: 13 samples class 4 \u2192 class 0
[2026-07-19 13:50:59,217] 39 root - INFO - [Attacker] Label flip: 5 samples class 4 \u2192 class 0
[2026-07-19 13:50:59,224] 39 root - INFO - [Attacker] Label flip: 13 samples class 4 \u2192 class 0
[2026-07-19 13:50:59,234] 39 root - INFO - [Attacker] Label flip: 12 samples class 4 \u2192 class 0
[2026-07-19 13:50:59,242] 39 root - INFO - [Attacker] Label flip: 8 samples class 4 \u2192 class 0
[2026-07-19 13:50:59,252] 39 root - INFO - [Attacker] Label flip: 18 samples class 4 \u2192 class 0
[2026-07-19 13:50:59,260] 39 root - INFO - [Attacker] Label flip: 14 samples class 4 \u2192 class 0
[2026-07-19 13:50:59,266] 39 root - INFO - [Attacker] Label flip: 13 samples class 4 \u2192 class 0
[2026-07-19 13:50:59,276] 39 root - INFO - [Attacker] Label flip: 15 samples class 4 \u2192 class 0
[2026-07-19 13:50:59,284] 39 root - INFO - [Attacker] Label flip: 14 samples class 4 \u2192 class 0
[2026-07-19 13:50:59,290] 39 root - INFO - [Attacker] Label flip: 8 samples class 4 \u2192 class 0
[2026-07-19 13:50:59,298] 39 root - INFO - [Attacker] Label flip: 11 samples class 4 \u2192 class 0
[2026-07-19 13:50:59,306] 39 root - INFO - [Attacker] Label flip: 21 samples class 4 \u2192 class 0
[2026-07-19 13:50:59,313] 39 root - INFO - [Attacker] Label flip: 14 samples class 4 \u2192 class 0
[2026-07-19 13:50:59,319] 39 root - INFO - [Attacker] Label flip: 10 samples class 4 \u2192 class 0
[2026-07-19 13:50:59,327] 39 root - INFO - [Attacker] Label flip: 11 samples class 4 \u2192 class 0
[2026-07-19 13:50:59,335] 39 root - INFO - [Attacker] Label flip: 11 samples class 4 \u2192 class 0
[2026-07-19 13:50:59,343] 39 root - INFO - [Attacker] Label flip: 11 samples class 4 \u2192 class 0
[2026-07-19 13:50:59,351] 39 root - INFO - [Attacker] Label flip: 17 samples class 4 \u2192 class 0
[2026-07-19 13:50:59,357] 39 root - INFO - [Attacker] Label flip: 10 samples class 4 \u2192 class 0
[2026-07-19 13:50:59,365] 39 root - INFO - [Attacker] Label flip: 11 samples class 4 \u2192 class 0
[2026-07-19 13:50:59,373] 39 root - INFO - [Attacker] Label flip: 10 samples class 4 \u2192 class 0
[2026-07-19 13:50:59,381] 39 root - INFO - [Attacker] Label flip: 17 samples class 4 \u2192 class 0
[2026-07-19 13:50:59,389] 39 root - INFO - [Attacker] Label flip: 12 samples class 4 \u2192 class 0
[2026-07-19 13:50:59,396] 39 root - INFO - [Attacker] Label flip: 13 samples class 4 \u2192 class 0
[2026-07-19 13:50:59,402] 39 root - INFO - [Attacker] Label flip: 16 samples class 4 \u2192 class 0
[2026-07-19 13:50:59,410] 39 root - INFO - [Attacker] Label flip: 9 samples class 4 \u2192 class 0
[2026-07-19 13:50:59,418] 39 root - INFO - [Attacker] Label flip: 20 samples class 4 \u2192 class 0
[2026-07-19 13:50:59,426] 39 root - INFO - [Attacker] Label flip: 13 samples class 4 \u2192 class 0
[2026-07-19 13:50:59,434] 39 root - INFO - [Attacker] Label flip: 16 samples class 4 \u2192 class 0
[2026-07-19 13:50:59,442] 39 root - INFO - [Attacker] Label flip: 13 samples class 4 \u2192 class 0
[2026-07-19 13:50:59,450] 39 root - INFO - [Attacker] Label flip: 13 samples class 4 \u2192 class 0
[2026-07-19 13:50:59,455] 39 root - INFO - [Attacker] Label flip: 8 samples class 4 \u2192 class 0
[2026-07-19 13:50:59,464] 39 root - INFO - [Attacker] Label flip: 14 samples class 4 \u2192 class 0
[2026-07-19 13:50:59,471] 39 root - INFO - [Attacker] Label flip: 20 samples class 4 \u2192 class 0
[2026-07-19 13:50:59,479] 39 root - INFO - [Attacker] Label flip: 5 samples class 4 \u2192 class 0
[2026-07-19 13:50:59,487] 39 root - INFO - [Attacker] Label flip: 14 samples class 4 \u2192 class 0
[2026-07-19 13:50:59,493] 39 root - INFO - [Attacker] Label flip: 13 samples class 4 \u2192 class 0
[2026-07-19 13:50:59,501] 39 root - INFO - [Attacker] Label flip: 17 samples class 4 \u2192 class 0
[2026-07-19 13:50:59,509] 39 root - INFO - [Attacker] Label flip: 6 samples class 4 \u2192 class 0
[2026-07-19 13:50:59,515] 39 root - INFO - [Attacker] Label flip: 9 samples class 4 \u2192 class 0
[2026-07-19 13:50:59,523] 39 root - INFO - [Attacker] Label flip: 9 samples class 4 \u2192 class 0
[2026-07-19 13:50:59,531] 39 root - INFO - [Attacker] Label flip: 12 samples class 4 \u2192 class 0
[2026-07-19 13:50:59,538] 39 root - INFO - [Attacker] Label flip: 12 samples class 4 \u2192 class 0
[2026-07-19 13:50:59,546] 39 root - INFO - [Attacker] Label flip: 12 samples class 4 \u2192 class 0
[2026-07-19 13:50:59,554] 39 root - INFO - [Attacker] Label flip: 12 samples class 4 \u2192 class 0
[2026-07-19 13:50:59,560] 39 root - INFO - [Attacker] Label flip: 13 samples class 4 \u2192 class 0
[2026-07-19 13:50:59,570] 39 root - INFO - [Attacker] Label flip: 16 samples class 4 \u2192 class 0
[2026-07-19 13:50:59,576] 39 root - INFO - [Attacker] Label flip: 12 samples class 4 \u2192 class 0
[2026-07-19 13:50:59,584] 39 root - INFO - [Attacker] Label flip: 6 samples class 4 \u2192 class 0
[2026-07-19 13:50:59,592] 39 root - INFO - [Attacker] Label flip: 9 samples class 4 \u2192 class 0
[2026-07-19 13:50:59,599] 39 root - INFO - [Attacker] Label flip: 18 samples class 4 \u2192 class 0
[2026-07-19 13:50:59,605] 39 root - INFO - [Attacker] Label flip: 11 samples class 4 \u2192 class 0
[2026-07-19 13:50:59,615] 39 root - INFO - [Attacker] Label flip: 18 samples class 4 \u2192 class 0
[2026-07-19 13:50:59,622] 39 root - INFO - [Attacker] Label flip: 15 samples class 4 \u2192 class 0
[2026-07-19 13:50:59,629] 39 root - INFO - [Attacker] Label flip: 12 samples class 4 \u2192 class 0
[2026-07-19 13:50:59,637] 39 root - INFO - [Attacker] Label flip: 14 samples class 4 \u2192 class 0
[2026-07-19 13:50:59,645] 39 root - INFO - [Attacker] Label flip: 11 samples class 4 \u2192 class 0
[2026-07-19 13:50:59,653] 39 root - INFO - [Attacker] Label flip: 10 samples class 4 \u2192 class 0
[2026-07-19 13:50:59,659] 39 root - INFO - [Attacker] Label flip: 14 samples class 4 \u2192 class 0
[2026-07-19 13:50:59,667] 39 root - INFO - [Attacker] Label flip: 15 samples class 4 \u2192 class 0
[2026-07-19 13:50:59,675] 39 root - INFO - [Attacker] Label flip: 10 samples class 4 \u2192 class 0
[2026-07-19 13:50:59,683] 39 root - INFO - [Attacker] Label flip: 13 samples class 4 \u2192 class 0
[2026-07-19 13:50:59,689] 39 root - INFO - [Attacker] Label flip: 12 samples class 4 \u2192 class 0
[2026-07-19 13:50:59,696] 39 root - INFO - [Attacker] Label flip: 14 samples class 4 \u2192 class 0
[2026-07-19 13:50:59,704] 39 root - INFO - [Attacker] Label flip: 10 samples class 4 \u2192 class 0
[2026-07-19 13:50:59,712] 39 root - INFO - [Attacker] Label flip: 12 samples class 4 \u2192 class 0
[2026-07-19 13:50:59,720] 39 root - INFO - [Attacker] Label flip: 12 samples class 4 \u2192 class 0
[2026-07-19 13:50:59,728] 39 root - INFO - [Attacker] Label flip: 12 samples class 4 \u2192 class 0
[2026-07-19 13:50:59,734] 39 root - INFO - [Attacker] Label flip: 10 samples class 4 \u2192 class 0
[2026-07-19 13:50:59,742] 39 root - INFO - [Attacker] Label flip: 5 samples class 4 \u2192 class 0
[2026-07-19 13:50:59,750] 39 root - INFO - [Attacker] Label flip: 18 samples class 4 \u2192 class 0
[2026-07-19 13:50:59,759] 39 root - INFO - [Attacker] Label flip: 11 samples class 4 \u2192 class 0
[2026-07-19 13:50:59,767] 39 root - INFO - [Attacker] Label flip: 11 samples class 4 \u2192 class 0
[2026-07-19 13:50:59,775] 39 root - INFO - [Attacker] Label flip: 10 samples class 4 \u2192 class 0
[2026-07-19 13:50:59,781] 39 root - INFO - [Attacker] Label flip: 13 samples class 4 \u2192 class 0
[2026-07-19 13:50:59,789] 39 root - INFO - [Attacker] Label flip: 14 samples class 4 \u2192 class 0
[2026-07-19 13:50:59,797] 39 root - INFO - [Attacker] Label flip: 9 samples class 4 \u2192 class 0
[2026-07-19 13:50:59,806] 39 root - INFO - [Attacker] Label flip: 14 samples class 4 \u2192 class 0
[2026-07-19 13:50:59,814] 39 root - INFO - [Attacker] Label flip: 13 samples class 4 \u2192 class 0
[2026-07-19 13:50:59,822] 39 root - INFO - [Attacker] Label flip: 15 samples class 4 \u2192 class 0
[2026-07-19 13:50:59,828] 39 root - INFO - [Attacker] Label flip: 18 samples class 4 \u2192 class 0
[2026-07-19 13:50:59,836] 39 root - INFO - [Attacker] Label flip: 16 samples class 4 \u2192 class 0
[2026-07-19 13:50:59,844] 39 root - INFO - [Attacker] Label flip: 14 samples class 4 \u2192 class 0
[2026-07-19 13:50:59,852] 39 root - INFO - [Attacker] Label flip: 16 samples class 4 \u2192 class 0
[2026-07-19 13:50:59,860] 39 root - INFO - [Attacker] Label flip: 18 samples class 4 \u2192 class 0
[2026-07-19 13:50:59,868] 39 root - INFO - [Attacker] Label flip: 10 samples class 4 \u2192 class 0
[2026-07-19 13:50:59,876] 39 root - INFO - [Attacker] Label flip: 15 samples class 4 \u2192 class 0
[2026-07-19 13:50:59,883] 39 root - INFO - [Attacker] Label flip: 9 samples class 4 \u2192 class 0
[2026-07-19 13:50:59,891] 39 root - INFO - [Attacker] Label flip: 13 samples class 4 \u2192 class 0
[2026-07-19 13:50:59,899] 39 root - INFO - [Attacker] Label flip: 16 samples class 4 \u2192 class 0
[2026-07-19 13:50:59,905] 39 root - INFO - [Attacker] Label flip: 11 samples class 4 \u2192 class 0
[2026-07-19 13:50:59,913] 39 root - INFO - [Attacker] Label flip: 12 samples class 4 \u2192 class 0
[2026-07-19 13:50:59,921] 39 root - INFO - [Attacker] Label flip: 13 samples class 4 \u2192 class 0
[2026-07-19 13:50:59,929] 39 root - INFO - [Attacker] Label flip: 14 samples class 4 \u2192 class 0
[2026-07-19 13:50:59,937] 39 root - INFO - [Attacker] Label flip: 10 samples class 4 \u2192 class 0
[2026-07-19 13:50:59,945] 39 root - INFO - [Attacker] Label flip: 19 samples class 4 \u2192 class 0
[2026-07-19 13:50:59,953] 39 root - INFO - [Attacker] Label flip: 13 samples class 4 \u2192 class 0
[2026-07-19 13:50:59,958] 39 root - INFO - [Attacker] Label flip: 13 samples class 4 \u2192 class 0
[2026-07-19 13:50:59,966] 39 root - INFO - [Attacker] Label flip: 8 samples class 4 \u2192 class 0
[2026-07-19 13:50:59,974] 39 root - INFO - [Attacker] Label flip: 13 samples class 4 \u2192 class 0
[2026-07-19 13:50:59,982] 39 root - INFO - [Attacker] Label flip: 11 samples class 4 \u2192 class 0
[2026-07-19 13:50:59,990] 39 root - INFO - [Attacker] Label flip: 12 samples class 4 \u2192 class 0
[2026-07-19 13:50:59,998] 39 root - INFO - [Attacker] Label flip: 11 samples class 4 \u2192 class 0
[2026-07-19 13:51:00,006] 39 root - INFO - [Attacker] Label flip: 13 samples class 4 \u2192 class 0
[2026-07-19 13:51:00,014] 39 root - INFO - [Attacker] Label flip: 9 samples class 4 \u2192 class 0
[2026-07-19 13:51:00,020] 39 root - INFO - [Attacker] Label flip: 10 samples class 4 \u2192 class 0
[2026-07-19 13:51:00,028] 39 root - INFO - [Attacker] Label flip: 13 samples class 4 \u2192 class 0
[2026-07-19 13:51:00,034] 39 root - INFO - [Attacker] Label flip: 12 samples class 4 \u2192 class 0
[2026-07-19 13:51:00,041] 39 root - INFO - [Attacker] Label flip: 10 samples class 4 \u2192 class 0
[2026-07-19 13:51:00,049] 39 root - INFO - [Attacker] Label flip: 21 samples class 4 \u2192 class 0
[2026-07-19 13:51:00,057] 39 root - INFO - [Attacker] Label flip: 12 samples class 4 \u2192 class 0
[2026-07-19 13:51:00,065] 39 root - INFO - [Attacker] Label flip: 11 samples class 4 \u2192 class 0
[2026-07-19 13:51:00,071] 39 root - INFO - [Attacker] Label flip: 12 samples class 4 \u2192 class 0
[2026-07-19 13:51:00,079] 39 root - INFO - [Attacker] Label flip: 12 samples class 4 \u2192 class 0
[2026-07-19 13:51:00,087] 39 root - INFO - [Attacker] Label flip: 12 samples class 4 \u2192 class 0
[2026-07-19 13:51:00,095] 39 root - INFO - [Attacker] Label flip: 8 samples class 4 \u2192 class 0
[2026-07-19 13:51:00,102] 39 root - INFO - [Attacker] Label flip: 15 samples class 4 \u2192 class 0
[2026-07-19 13:51:00,109] 39 root - INFO - [Attacker] Label flip: 18 samples class 4 \u2192 class 0
[2026-07-19 13:51:00,116] 39 root - INFO - [Attacker] Label flip: 8 samples class 4 \u2192 class 0
[2026-07-19 13:51:00,124] 39 root - INFO - [Attacker] Label flip: 14 samples class 4 \u2192 class 0
[2026-07-19 13:51:00,132] 39 root - INFO - [Attacker] Label flip: 11 samples class 4 \u2192 class 0
[2026-07-19 13:51:00,140] 39 root - INFO - [Attacker] Label flip: 13 samples class 4 \u2192 class 0
[2026-07-19 13:51:00,148] 39 root - INFO - [Attacker] Label flip: 8 samples class 4 \u2192 class 0
[2026-07-19 13:51:00,155] 39 root - INFO - [Attacker] Label flip: 16 samples class 4 \u2192 class 0
[2026-07-19 13:51:00,163] 39 root - INFO - [Attacker] Label flip: 9 samples class 4 \u2192 class 0
[2026-07-19 13:51:00,171] 39 root - INFO - [Attacker] Label flip: 11 samples class 4 \u2192 class 0
[2026-07-19 13:51:00,178] 39 root - INFO - [Attacker] Label flip: 12 samples class 4 \u2192 class 0
[2026-07-19 13:51:00,186] 39 root - INFO - [Attacker] Label flip: 13 samples class 4 \u2192 class 0
[2026-07-19 13:51:00,194] 39 root - INFO - [Attacker] Label flip: 13 samples class 4 \u2192 class 0
[2026-07-19 13:51:00,200] 39 root - INFO - [Attacker] Label flip: 14 samples class 4 \u2192 class 0
[2026-07-19 13:51:00,208] 39 root - INFO - [Attacker] Label flip: 17 samples class 4 \u2192 class 0
[2026-07-19 13:51:00,217] 39 root - INFO - [Attacker] Label flip: 8 samples class 4 \u2192 class 0
[2026-07-19 13:51:00,224] 39 root - INFO - [Attacker] Label flip: 11 samples class 4 \u2192 class 0
[2026-07-19 13:51:00,232] 39 root - INFO - [Attacker] Label flip: 11 samples class 4 \u2192 class 0
[2026-07-19 13:51:00,240] 39 root - INFO - [Attacker] Label flip: 15 samples class 4 \u2192 class 0
[2026-07-19 13:51:00,246] 39 root - INFO - [Attacker] Label flip: 12 samples class 4 \u2192 class 0
[2026-07-19 13:51:00,253] 39 root - INFO - [Attacker] Label flip: 14 samples class 4 \u2192 class 0
[2026-07-19 13:51:00,261] 39 root - INFO - [Attacker] Label flip: 15 samples class 4 \u2192 class 0
[2026-07-19 13:51:00,269] 39 root - INFO - [Attacker] Label flip: 14 samples class 4 \u2192 class 0
[2026-07-19 13:51:00,277] 39 root - INFO - [Attacker] Label flip: 13 samples class 4 \u2192 class 0
[2026-07-19 13:51:00,285] 39 root - INFO - [Attacker] Label flip: 9 samples class 4 \u2192 class 0
[2026-07-19 13:51:00,291] 39 root - INFO - [Attacker] Label flip: 14 samples class 4 \u2192 class 0
[2026-07-19 13:51:00,299] 39 root - INFO - [Attacker] Label flip: 14 samples class 4 \u2192 class 0
[2026-07-19 13:51:00,307] 39 root - INFO - [Attacker] Label flip: 15 samples class 4 \u2192 class 0
[2026-07-19 13:51:00,313] 39 root - INFO - [Attacker] Label flip: 13 samples class 4 \u2192 class 0
[2026-07-19 13:51:00,321] 39 root - INFO - [Attacker] Label flip: 22 samples class 4 \u2192 class 0
[2026-07-19 13:51:00,329] 39 root - INFO - [Attacker] Label flip: 11 samples class 4 \u2192 class 0
[2026-07-19 13:51:00,337] 39 root - INFO - [Attacker] Label flip: 10 samples class 4 \u2192 class 0
[2026-07-19 13:51:00,343] 39 root - INFO - [Attacker] Label flip: 12 samples class 4 \u2192 class 0
[2026-07-19 13:51:00,350] 39 root - INFO - [Attacker] Label flip: 9 samples class 4 \u2192 class 0
[2026-07-19 13:51:00,358] 39 root - INFO - [Attacker] Label flip: 6 samples class 4 \u2192 class 0
[2026-07-19 13:51:00,366] 39 root - INFO - [Attacker] Label flip: 14 samples class 4 \u2192 class 0
[2026-07-19 13:51:00,374] 39 root - INFO - [Attacker] Label flip: 10 samples class 4 \u2192 class 0
[2026-07-19 13:51:00,380] 39 root - INFO - [Attacker] Label flip: 15 samples class 4 \u2192 class 0
[2026-07-19 13:51:00,388] 39 root - INFO - [Attacker] Label flip: 14 samples class 4 \u2192 class 0
[2026-07-19 13:51:00,396] 39 root - INFO - [Attacker] Label flip: 10 samples class 4 \u2192 class 0
[2026-07-19 13:51:00,404] 39 root - INFO - [Attacker] Label flip: 10 samples class 4 \u2192 class 0
[2026-07-19 13:51:00,410] 39 root - INFO - [Attacker] Label flip: 15 samples class 4 \u2192 class 0
[2026-07-19 13:51:00,420] 39 root - INFO - [Attacker] Label flip: 7 samples class 4 \u2192 class 0
[2026-07-19 13:51:00,427] 39 root - INFO - [Attacker] Label flip: 18 samples class 4 \u2192 class 0
[2026-07-19 13:51:00,433] 39 root - INFO - [Attacker] Label flip: 13 samples class 4 \u2192 class 0
[2026-07-19 13:51:00,441] 39 root - INFO - [Attacker] Label flip: 16 samples class 4 \u2192 class 0
[2026-07-19 13:51:00,449] 39 root - INFO - [Attacker] Label flip: 13 samples class 4 \u2192 class 0
[2026-07-19 13:51:00,457] 39 root - INFO - [Attacker] Label flip: 15 samples class 4 \u2192 class 0
[2026-07-19 13:51:00,465] 39 root - INFO - [Attacker] Label flip: 14 samples class 4 \u2192 class 0
[2026-07-19 13:51:00,471] 39 root - INFO - [Attacker] Label flip: 8 samples class 4 \u2192 class 0
[2026-07-19 13:51:00,478] 39 root - INFO - [Attacker] Label flip: 18 samples class 4 \u2192 class 0
[2026-07-19 13:51:00,486] 39 root - INFO - [Attacker] Label flip: 11 samples class 4 \u2192 class 0
[2026-07-19 13:51:00,494] 39 root - INFO - [Attacker] Label flip: 18 samples class 4 \u2192 class 0
[2026-07-19 13:51:00,502] 39 root - INFO - [Attacker] Label flip: 11 samples class 4 \u2192 class 0
[2026-07-19 13:51:00,510] 39 root - INFO - [Attacker] Label flip: 16 samples class 4 \u2192 class 0
[2026-07-19 13:51:00,516] 39 root - INFO - [Attacker] Label flip: 14 samples class 4 \u2192 class 0
[2026-07-19 13:51:00,524] 39 root - INFO - [Attacker] Label flip: 16 samples class 4 \u2192 class 0
[2026-07-19 13:51:00,532] 39 root - INFO - [Attacker] Label flip: 13 samples class 4 \u2192 class 0
[2026-07-19 13:51:00,540] 39 root - INFO - [Attacker] Label flip: 11 samples class 4 \u2192 class 0
[2026-07-19 13:51:00,546] 39 root - INFO - [Attacker] Label flip: 19 samples class 4 \u2192 class 0
[2026-07-19 13:51:00,553] 39 root - INFO - [Attacker] Label flip: 13 samples class 4 \u2192 class 0
[2026-07-19 13:51:00,561] 39 root - INFO - [Attacker] Label flip: 10 samples class 4 \u2192 class 0
[2026-07-19 13:51:00,569] 39 root - INFO - [Attacker] Label flip: 8 samples class 4 \u2192 class 0
[2026-07-19 13:51:00,577] 39 root - INFO - [Attacker] Label flip: 15 samples class 4 \u2192 class 0
[2026-07-19 13:51:00,585] 39 root - INFO - [Attacker] Label flip: 16 samples class 4 \u2192 class 0
[2026-07-19 13:51:00,591] 39 root - INFO - [Attacker] Label flip: 13 samples class 4 \u2192 class 0
[2026-07-19 13:51:00,599] 39 root - INFO - [Attacker] Label flip: 11 samples class 4 \u2192 class 0
[2026-07-19 13:51:00,607] 39 root - INFO - [Attacker] Label flip: 13 samples class 4 \u2192 class 0
[2026-07-19 13:51:00,615] 39 root - INFO - [Attacker] Label flip: 13 samples class 4 \u2192 class 0
[2026-07-19 13:51:00,621] 39 root - INFO - [Attacker] Label flip: 15 samples class 4 \u2192 class 0
[2026-07-19 13:51:00,629] 39 root - INFO - [Attacker] Label flip: 10 samples class 4 \u2192 class 0
[2026-07-19 13:51:00,636] 39 root - INFO - [Attacker] Label flip: 6 samples class 4 \u2192 class 0
[2026-07-19 13:51:00,644] 39 root - INFO - [Attacker] Label flip: 13 samples class 4 \u2192 class 0
[2026-07-19 13:51:00,652] 39 root - INFO - [Attacker] Label flip: 10 samples class 4 \u2192 class 0
[2026-07-19 13:51:00,658] 39 root - INFO - [Attacker] Label flip: 11 samples class 4 \u2192 class 0
[2026-07-19 13:51:00,668] 39 root - INFO - [Attacker] Label flip: 12 samples class 4 \u2192 class 0
[2026-07-19 13:51:00,674] 39 root - INFO - [Attacker] Label flip: 9 samples class 4 \u2192 class 0
[2026-07-19 13:51:00,684] 39 root - INFO - [Attacker] Label flip: 9 samples class 4 \u2192 class 0
[2026-07-19 13:51:00,691] 39 root - INFO - [Attacker] Label flip: 8 samples class 4 \u2192 class 0
[2026-07-19 13:51:00,699] 39 root - INFO - [Attacker] Label flip: 14 samples class 4 \u2192 class 0
[2026-07-19 13:51:00,706] 39 root - INFO - [Attacker] Label flip: 12 samples class 4 \u2192 class 0
[2026-07-19 13:51:00,714] 39 root - INFO - [Attacker] Label flip: 15 samples class 4 \u2192 class 0
[2026-07-19 13:51:00,721] 39 root - INFO - [Attacker] Label flip: 10 samples class 4 \u2192 class 0
[2026-07-19 13:51:00,728] 39 root - INFO - [Attacker] Label flip: 14 samples class 4 \u2192 class 0
[2026-07-19 13:51:00,737] 39 root - INFO - [Attacker] Label flip: 13 samples class 4 \u2192 class 0
[2026-07-19 13:51:00,745] 39 root - INFO - [Attacker] Label flip: 14 samples class 4 \u2192 class 0
[2026-07-19 13:51:00,753] 39 root - INFO - [Attacker] Label flip: 19 samples class 4 \u2192 class 0
[2026-07-19 13:51:00,771] 39 root - INFO - [Attacker] Label flip: 8 samples class 4 \u2192 class 0
[2026-07-19 13:51:00,777] 39 root - INFO - [Attacker] Label flip: 11 samples class 4 \u2192 class 0
[2026-07-19 13:51:00,785] 39 root - INFO - [Attacker] Label flip: 10 samples class 4 \u2192 class 0
[2026-07-19 13:51:00,795] 39 root - INFO - [Attacker] Label flip: 9 samples class 4 \u2192 class 0
[2026-07-19 13:51:00,803] 39 root - INFO - [Attacker] Label flip: 11 samples class 4 \u2192 class 0
[2026-07-19 13:51:00,811] 39 root - INFO - [Attacker] Label flip: 11 samples class 4 \u2192 class 0
[2026-07-19 13:51:00,818] 39 root - INFO - [Attacker] Label flip: 5 samples class 4 \u2192 class 0
[2026-07-19 13:51:00,824] 39 root - INFO - [Attacker] Label flip: 11 samples class 4 \u2192 class 0
[2026-07-19 13:51:00,834] 39 root - INFO - [Attacker] Label flip: 7 samples class 4 \u2192 class 0
[2026-07-19 13:51:00,844] 39 root - INFO - [Attacker] Label flip: 14 samples class 4 \u2192 class 0
[2026-07-19 13:51:00,850] 39 root - INFO - [Attacker] Label flip: 9 samples class 4 \u2192 class 0
[2026-07-19 13:51:00,858] 39 root - INFO - [Attacker] Label flip: 11 samples class 4 \u2192 class 0
[2026-07-19 13:51:00,868] 39 root - INFO - [Attacker] Label flip: 5 samples class 4 \u2192 class 0
[2026-07-19 13:51:00,875] 39 root - INFO - [Attacker] Label flip: 9 samples class 4 \u2192 class 0
[2026-07-19 13:51:00,885] 39 root - INFO - [Attacker] Label flip: 17 samples class 4 \u2192 class 0
[2026-07-19 13:51:00,893] 39 root - INFO - [Attacker] Label flip: 19 samples class 4 \u2192 class 0
[2026-07-19 13:51:00,899] 39 root - INFO - [Attacker] Label flip: 11 samples class 4 \u2192 class 0
[2026-07-19 13:51:00,907] 39 root - INFO - [Attacker] Label flip: 14 samples class 4 \u2192 class 0
[2026-07-19 13:51:00,915] 39 root - INFO - [Attacker] Label flip: 10 samples class 4 \u2192 class 0
[2026-07-19 13:51:00,925] 39 root - INFO - [Attacker] Label flip: 11 samples class 4 \u2192 class 0
[2026-07-19 13:51:00,931] 39 root - INFO - [Attacker] Label flip: 11 samples class 4 \u2192 class 0
[2026-07-19 13:51:00,938] 39 root - INFO - [Attacker] Label flip: 18 samples class 4 \u2192 class 0
[2026-07-19 13:51:00,946] 39 root - INFO - [Attacker] Label flip: 10 samples class 4 \u2192 class 0
[2026-07-19 13:51:00,954] 39 root - INFO - [Attacker] Label flip: 18 samples class 4 \u2192 class 0
[2026-07-19 13:51:00,962] 39 root - INFO - [Attacker] Label flip: 18 samples class 4 \u2192 class 0
[2026-07-19 13:51:00,972] 39 root - INFO - [Attacker] Label flip: 14 samples class 4 \u2192 class 0
[2026-07-19 13:51:00,980] 39 root - INFO - [Attacker] Label flip: 11 samples class 4 \u2192 class 0
[2026-07-19 13:51:00,988] 39 root - INFO - [Attacker] Label flip: 10 samples class 4 \u2192 class 0
[2026-07-19 13:51:00,996] 39 root - INFO - [Attacker] Label flip: 14 samples class 4 \u2192 class 0
[2026-07-19 13:51:01,005] 39 root - INFO - [Attacker] Label flip: 18 samples class 4 \u2192 class 0
[2026-07-19 13:51:01,013] 39 root - INFO - [Attacker] Label flip: 10 samples class 4 \u2192 class 0
[2026-07-19 13:51:01,021] 39 root - INFO - [Attacker] Label flip: 17 samples class 4 \u2192 class 0
[2026-07-19 13:51:01,027] 39 root - INFO - [Attacker] Label flip: 11 samples class 4 \u2192 class 0
[2026-07-19 13:51:01,035] 39 root - INFO - [Attacker] Label flip: 16 samples class 4 \u2192 class 0
[2026-07-19 13:51:01,043] 39 root - INFO - [Attacker] Label flip: 11 samples class 4 \u2192 class 0
[2026-07-19 13:51:01,053] 39 root - INFO - [Attacker] Label flip: 11 samples class 4 \u2192 class 0
[2026-07-19 13:51:01,061] 39 root - INFO - [Attacker] Label flip: 16 samples class 4 \u2192 class 0
[2026-07-19 13:51:01,068] 39 root - INFO - [Attacker] Label flip: 10 samples class 4 \u2192 class 0
[2026-07-19 13:51:01,076] 39 root - INFO - [Attacker] Label flip: 12 samples class 4 \u2192 class 0
[2026-07-19 13:51:01,083] 39 root - INFO - [Attacker] Label flip: 14 samples class 4 \u2192 class 0
[2026-07-19 13:51:01,091] 39 root - INFO - [Attacker] Label flip: 15 samples class 4 \u2192 class 0
[2026-07-19 13:51:01,098] 39 root - INFO - [Attacker] Label flip: 12 samples class 4 \u2192 class 0
[2026-07-19 13:51:01,104] 39 root - INFO - [Attacker] Label flip: 8 samples class 4 \u2192 class 0
[2026-07-19 13:51:01,112] 39 root - INFO - [Attacker] Label flip: 17 samples class 4 \u2192 class 0
[2026-07-19 13:51:01,120] 39 root - INFO - [Attacker] Label flip: 8 samples class 4 \u2192 class 0
[2026-07-19 13:51:01,128] 39 root - INFO - [Attacker] Label flip: 12 samples class 4 \u2192 class 0
[2026-07-19 13:51:01,136] 39 root - INFO - [Attacker] Label flip: 12 samples class 4 \u2192 class 0
[2026-07-19 13:51:01,142] 39 root - INFO - [Attacker] Label flip: 18 samples class 4 \u2192 class 0
[2026-07-19 13:51:01,150] 39 root - INFO - [Attacker] Label flip: 15 samples class 4 \u2192 class 0
[2026-07-19 13:51:01,158] 39 root - INFO - [Attacker] Label flip: 12 samples class 4 \u2192 class 0
[2026-07-19 13:51:01,165] 39 root - INFO - [Attacker] Label flip: 14 samples class 4 \u2192 class 0
[2026-07-19 13:51:01,172] 39 root - INFO - [Attacker] Label flip: 11 samples class 4 \u2192 class 0
[2026-07-19 13:51:01,180] 39 root - INFO - [Attacker] Label flip: 14 samples class 4 \u2192 class 0
[2026-07-19 13:51:01,188] 39 root - INFO - [Attacker] Label flip: 12 samples class 4 \u2192 class 0
[2026-07-19 13:51:01,195] 39 root - INFO - [Attacker] Label flip: 8 samples class 4 \u2192 class 0
[2026-07-19 13:51:01,201] 39 root - INFO - [Attacker] Label flip: 16 samples class 4 \u2192 class 0
[2026-07-19 13:51:01,211] 39 root - INFO - [Attacker] Label flip: 8 samples class 4 \u2192 class 0
[2026-07-19 13:51:01,218] 39 root - INFO - [Attacker] Label flip: 17 samples class 4 \u2192 class 0
[2026-07-19 13:51:01,224] 39 root - INFO - [Attacker] Label flip: 15 samples class 4 \u2192 class 0
[2026-07-19 13:51:01,232] 39 root - INFO - [Attacker] Label flip: 18 samples class 4 \u2192 class 0
[2026-07-19 13:51:01,240] 39 root - INFO - [Attacker] Label flip: 13 samples class 4 \u2192 class 0
[2026-07-19 13:51:01,248] 39 root - INFO - [Attacker] Label flip: 10 samples class 4 \u2192 class 0
[2026-07-19 13:51:01,254] 39 root - INFO - [Attacker] Label flip: 8 samples class 4 \u2192 class 0
[2026-07-19 13:51:01,261] 39 root - INFO - [Attacker] Label flip: 14 samples class 4 \u2192 class 0
[2026-07-19 13:51:01,269] 39 root - INFO - [Attacker] Label flip: 15 samples class 4 \u2192 class 0
[2026-07-19 13:51:01,277] 39 root - INFO - [Attacker] Label flip: 16 samples class 4 \u2192 class 0
[2026-07-19 13:51:01,283] 39 root - INFO - [Attacker] Label flip: 15 samples class 4 \u2192 class 0
[2026-07-19 13:51:01,292] 39 root - INFO - [Attacker] Label flip: 11 samples class 4 \u2192 class 0
[2026-07-19 13:51:01,299] 39 root - INFO - [Attacker] Label flip: 13 samples class 4 \u2192 class 0
[2026-07-19 13:51:01,305] 39 root - INFO - [Attacker] Label flip: 10 samples class 4 \u2192 class 0
[2026-07-19 13:51:01,313] 39 root - INFO - [Attacker] Label flip: 22 samples class 4 \u2192 class 0
[2026-07-19 13:51:01,321] 39 root - INFO - [Attacker] Label flip: 18 samples class 4 \u2192 class 0
[2026-07-19 13:51:01,329] 39 root - INFO - [Attacker] Label flip: 8 samples class 4 \u2192 class 0
[2026-07-19 13:51:01,335] 39 root - INFO - [Attacker] Label flip: 5 samples class 4 \u2192 class 0
[2026-07-19 13:51:01,343] 39 root - INFO - [Attacker] Label flip: 8 samples class 4 \u2192 class 0
[2026-07-19 13:51:01,351] 39 root - INFO - [Attacker] Label flip: 13 samples class 4 \u2192 class 0
[2026-07-19 13:51:01,356] 39 root - INFO - [Attacker] Label flip: 11 samples class 4 \u2192 class 0
[2026-07-19 13:51:01,364] 39 root - INFO - [Attacker] Label flip: 15 samples class 4 \u2192 class 0
[2026-07-19 13:51:01,373] 39 root - INFO - [Attacker] Label flip: 11 samples class 4 \u2192 class 0
[2026-07-19 13:51:01,381] 39 root - INFO - [Attacker] Label flip: 15 samples class 4 \u2192 class 0
[2026-07-19 13:51:01,387] 39 root - INFO - [Attacker] Label flip: 13 samples class 4 \u2192 class 0
[2026-07-19 13:51:01,394] 39 root - INFO - [Attacker] Label flip: 12 samples class 4 \u2192 class 0
[2026-07-19 13:51:01,402] 39 root - INFO - [Attacker] Label flip: 15 samples class 4 \u2192 class 0
[2026-07-19 13:51:01,410] 39 root - INFO - [Attacker] Label flip: 23 samples class 4 \u2192 class 0
[2026-07-19 13:51:01,416] 39 root - INFO - [Attacker] Label flip: 7 samples class 4 \u2192 class 0
[2026-07-19 13:51:01,424] 39 root - INFO - [Attacker] Label flip: 13 samples class 4 \u2192 class 0
[2026-07-19 13:51:01,432] 39 root - INFO - [Attacker] Label flip: 13 samples class 4 \u2192 class 0
[2026-07-19 13:51:01,440] 39 root - INFO - [Attacker] Label flip: 11 samples class 4 \u2192 class 0
[2026-07-19 13:51:01,448] 39 root - INFO - [Attacker] Label flip: 7 samples class 4 \u2192 class 0
[2026-07-19 13:51:01,455] 39 root - INFO - [Attacker] Label flip: 19 samples class 4 \u2192 class 0
[2026-07-19 13:51:01,461] 39 root - INFO - [Attacker] Label flip: 16 samples class 4 \u2192 class 0
[2026-07-19 13:51:01,469] 39 root - INFO - [Attacker] Label flip: 13 samples class 4 \u2192 class 0
[2026-07-19 13:51:01,477] 39 root - INFO - [Attacker] Label flip: 8 samples class 4 \u2192 class 0
[2026-07-19 13:51:01,483] 39 root - INFO - [Attacker] Label flip: 10 samples class 4 \u2192 class 0
[2026-07-19 13:51:01,491] 39 root - INFO - [Attacker] Label flip: 9 samples class 4 \u2192 class 0
[2026-07-19 13:51:01,499] 39 root - INFO - [Attacker] Label flip: 8 samples class 4 \u2192 class 0
[2026-07-19 13:51:01,505] 39 root - INFO - [Attacker] Label flip: 18 samples class 4 \u2192 class 0
[2026-07-19 13:51:01,513] 39 root - INFO - [Attacker] Label flip: 13 samples class 4 \u2192 class 0
[2026-07-19 13:51:01,520] 39 root - INFO - [Attacker] Label flip: 12 samples class 4 \u2192 class 0
[2026-07-19 13:51:01,526] 39 root - INFO - [Attacker] Label flip: 16 samples class 4 \u2192 class 0
[2026-07-19 13:51:01,534] 39 root - INFO - [Attacker] Label flip: 11 samples class 4 \u2192 class 0
[2026-07-19 13:51:01,542] 39 root - INFO - [Attacker] Label flip: 6 samples class 4 \u2192 class 0
[2026-07-19 13:51:01,550] 39 root - INFO - [Attacker] Label flip: 17 samples class 4 \u2192 class 0
[2026-07-19 13:51:01,556] 39 root - INFO - [Attacker] Label flip: 13 samples class 4 \u2192 class 0
[2026-07-19 13:51:01,564] 39 root - INFO - [Attacker] Label flip: 10 samples class 4 \u2192 class 0
[2026-07-19 13:51:01,572] 39 root - INFO - [Attacker] Label flip: 9 samples class 4 \u2192 class 0
[2026-07-19 13:51:01,579] 39 root - INFO - [Attacker] Label flip: 14 samples class 4 \u2192 class 0
[2026-07-19 13:51:01,585] 39 root - INFO - [Attacker] Label flip: 7 samples class 4 \u2192 class 0
[2026-07-19 13:51:01,593] 39 root - INFO - [Attacker] Label flip: 11 samples class 4 \u2192 class 0
[2026-07-19 13:51:01,601] 39 root - INFO - [Attacker] Label flip: 15 samples class 4 \u2192 class 0
[2026-07-19 13:51:01,609] 39 root - INFO - [Attacker] Label flip: 15 samples class 4 \u2192 class 0
[2026-07-19 13:51:01,617] 39 root - INFO - [Attacker] Label flip: 16 samples class 4 \u2192 class 0
[2026-07-19 13:51:01,623] 39 root - INFO - [Attacker] Label flip: 16 samples class 4 \u2192 class 0
[2026-07-19 13:51:01,630] 39 root - INFO - [Attacker] Label flip: 12 samples class 4 \u2192 class 0
[2026-07-19 13:51:01,638] 39 root - INFO - [Attacker] Label flip: 4 samples class 4 \u2192 class 0
[2026-07-19 13:51:01,644] 39 root - INFO - [Attacker] Label flip: 9 samples class 4 \u2192 class 0
[2026-07-19 13:51:01,652] 39 root - INFO - [Attacker] Label flip: 11 samples class 4 \u2192 class 0
[2026-07-19 13:51:01,660] 39 root - INFO - [Attacker] Label flip: 11 samples class 4 \u2192 class 0
[2026-07-19 13:51:01,666] 39 root - INFO - [Attacker] Label flip: 14 samples class 4 \u2192 class 0
[2026-07-19 13:51:01,674] 39 root - INFO - [Attacker] Label flip: 10 samples class 4 \u2192 class 0
[2026-07-19 13:51:01,682] 39 root - INFO - [Attacker] Label flip: 11 samples class 4 \u2192 class 0
[2026-07-19 13:51:01,690] 39 root - INFO - [Attacker] Label flip: 15 samples class 4 \u2192 class 0
[2026-07-19 13:51:01,696] 39 root - INFO - [Attacker] Label flip: 15 samples class 4 \u2192 class 0
[2026-07-19 13:51:01,703] 39 root - INFO - [Attacker] Label flip: 9 samples class 4 \u2192 class 0
[2026-07-19 13:51:01,711] 39 root - INFO - [Attacker] Label flip: 13 samples class 4 \u2192 class 0
[2026-07-19 13:51:01,719] 39 root - INFO - [Attacker] Label flip: 11 samples class 4 \u2192 class 0
[2026-07-19 13:51:01,725] 39 root - INFO - [Attacker] Label flip: 11 samples class 4 \u2192 class 0
[2026-07-19 13:51:01,733] 39 root - INFO - [Attacker] Label flip: 12 samples class 4 \u2192 class 0
[2026-07-19 13:51:01,741] 39 root - INFO - [Attacker] Label flip: 13 samples class 4 \u2192 class 0
[2026-07-19 13:51:01,748] 39 root - INFO - [Attacker] Label flip: 10 samples class 4 \u2192 class 0
[2026-07-19 13:51:01,754] 39 root - INFO - [Attacker] Label flip: 16 samples class 4 \u2192 class 0
[2026-07-19 13:51:01,761] 39 root - INFO - [Attacker] Label flip: 16 samples class 4 \u2192 class 0
[2026-07-19 13:51:01,769] 39 root - INFO - [Attacker] Label flip: 8 samples class 4 \u2192 class 0
[2026-07-19 13:51:01,777] 39 root - INFO - [Attacker] Label flip: 15 samples class 4 \u2192 class 0
[2026-07-19 13:51:01,784] 39 root - INFO - [Attacker] Label flip: 20 samples class 4 \u2192 class 0
[2026-07-19 13:51:01,791] 39 root - INFO - [Attacker] Label flip: 14 samples class 4 \u2192 class 0
[2026-07-19 13:51:01,799] 39 root - INFO - [Attacker] Label flip: 11 samples class 4 \u2192 class 0
[2026-07-19 13:51:01,807] 39 root - INFO - [Attacker] Label flip: 16 samples class 4 \u2192 class 0
[2026-07-19 13:51:01,813] 39 root - INFO - [Attacker] Label flip: 9 samples class 4 \u2192 class 0
[2026-07-19 13:51:01,821] 39 root - INFO - [Attacker] Label flip: 17 samples class 4 \u2192 class 0
[2026-07-19 13:51:01,829] 39 root - INFO - [Attacker] Label flip: 8 samples class 4 \u2192 class 0
[2026-07-19 13:51:01,836] 39 root - INFO - [Attacker] Label flip: 11 samples class 4 \u2192 class 0
[2026-07-19 13:51:01,844] 39 root - INFO - [Attacker] Label flip: 7 samples class 4 \u2192 class 0
[2026-07-19 13:51:01,850] 39 root - INFO - [Attacker] Label flip: 14 samples class 4 \u2192 class 0
[2026-07-19 13:51:01,858] 39 root - INFO - [Attacker] Label flip: 14 samples class 4 \u2192 class 0
[2026-07-19 13:51:01,866] 39 root - INFO - [Attacker] Label flip: 14 samples class 4 \u2192 class 0
[2026-07-19 13:51:01,874] 39 root - INFO - [Attacker] Label flip: 5 samples class 4 \u2192 class 0
[2026-07-19 13:51:01,882] 39 root - INFO - [Attacker] Label flip: 12 samples class 4 \u2192 class 0
[2026-07-19 13:51:01,888] 39 root - INFO - [Attacker] Label flip: 16 samples class 4 \u2192 class 0
[2026-07-19 13:51:01,896] 39 root - INFO - [Attacker] Label flip: 14 samples class 4 \u2192 class 0
[2026-07-19 13:51:01,904] 39 root - INFO - [Attacker] Label flip: 14 samples class 4 \u2192 class 0
[2026-07-19 13:51:01,912] 39 root - INFO - [Attacker] Label flip: 14 samples class 4 \u2192 class 0
[2026-07-19 13:51:01,920] 39 root - INFO - [Attacker] Label flip: 12 samples class 4 \u2192 class 0
[2026-07-19 13:51:01,926] 39 root - INFO - [Attacker] Label flip: 11 samples class 4 \u2192 class 0
[2026-07-19 13:51:01,933] 39 root - INFO - [Attacker] Label flip: 15 samples class 4 \u2192 class 0
[2026-07-19 13:51:01,941] 39 root - INFO - [Attacker] Label flip: 15 samples class 4 \u2192 class 0
[2026-07-19 13:51:01,949] 39 root - INFO - [Attacker] Label flip: 9 samples class 4 \u2192 class 0
[2026-07-19 13:51:01,955] 39 root - INFO - [Attacker] Label flip: 13 samples class 4 \u2192 class 0
[2026-07-19 13:51:01,963] 39 root - INFO - [Attacker] Label flip: 8 samples class 4 \u2192 class 0
[2026-07-19 13:51:01,971] 39 root - INFO - [Attacker] Label flip: 16 samples class 4 \u2192 class 0
[2026-07-19 13:51:01,979] 39 root - INFO - [Attacker] Label flip: 11 samples class 4 \u2192 class 0
[2026-07-19 13:51:01,985] 39 root - INFO - [Attacker] Label flip: 10 samples class 4 \u2192 class 0
[2026-07-19 13:51:01,993] 39 root - INFO - [Attacker] Label flip: 12 samples class 4 \u2192 class 0
[2026-07-19 13:51:02,000] 39 root - INFO - [Attacker] Label flip: 13 samples class 4 \u2192 class 0
[2026-07-19 13:51:02,008] 39 root - INFO - [Attacker] Label flip: 11 samples class 4 \u2192 class 0
[2026-07-19 13:51:02,014] 39 root - INFO - [Attacker] Label flip: 15 samples class 4 \u2192 class 0
[2026-07-19 13:51:02,022] 39 root - INFO - [Attacker] Label flip: 10 samples class 4 \u2192 class 0
[2026-07-19 13:51:02,030] 39 root - INFO - [Attacker] Label flip: 15 samples class 4 \u2192 class 0
[2026-07-19 13:51:02,038] 39 root - INFO - [Attacker] Label flip: 18 samples class 4 \u2192 class 0
[2026-07-19 13:51:02,046] 39 root - INFO - [Attacker] Label flip: 8 samples class 4 \u2192 class 0
[2026-07-19 13:51:02,052] 39 root - INFO - [Attacker] Label flip: 12 samples class 4 \u2192 class 0
[2026-07-19 13:51:02,059] 39 root - INFO - [Attacker] Label flip: 7 samples class 4 \u2192 class 0
[2026-07-19 13:51:02,067] 39 root - INFO - [Attacker] Label flip: 17 samples class 4 \u2192 class 0
[2026-07-19 13:51:02,075] 39 root - INFO - [Attacker] Label flip: 12 samples class 4 \u2192 class 0
[2026-07-19 13:51:02,083] 39 root - INFO - [Attacker] Label flip: 12 samples class 4 \u2192 class 0
[2026-07-19 13:51:02,091] 39 root - INFO - [Attacker] Label flip: 5 samples class 4 \u2192 class 0
[2026-07-19 13:51:02,099] 39 root - INFO - [Attacker] Label flip: 16 samples class 4 \u2192 class 0
[2026-07-19 13:51:02,107] 39 root - INFO - [Attacker] Label flip: 8 samples class 4 \u2192 class 0
[2026-07-19 13:51:02,113] 39 root - INFO - [Attacker] Label flip: 13 samples class 4 \u2192 class 0
[2026-07-19 13:51:02,120] 39 root - INFO - [Attacker] Label flip: 17 samples class 4 \u2192 class 0
[2026-07-19 13:51:02,128] 39 root - INFO - [Attacker] Label flip: 9 samples class 4 \u2192 class 0
[2026-07-19 13:51:02,134] 39 root - INFO - [Attacker] Label flip: 16 samples class 4 \u2192 class 0
[2026-07-19 13:51:02,142] 39 root - INFO - [Attacker] Label flip: 19 samples class 4 \u2192 class 0
[2026-07-19 13:51:02,150] 39 root - INFO - [Attacker] Label flip: 16 samples class 4 \u2192 class 0
[2026-07-19 13:51:02,156] 39 root - INFO - [Attacker] Label flip: 11 samples class 4 \u2192 class 0
[2026-07-19 13:51:02,164] 39 root - INFO - [Attacker] Label flip: 12 samples class 4 \u2192 class 0
[2026-07-19 13:51:02,172] 39 root - INFO - [Attacker] Label flip: 17 samples class 4 \u2192 class 0
[2026-07-19 13:51:02,180] 39 root - INFO - [Attacker] Label flip: 12 samples class 4 \u2192 class 0
[2026-07-19 13:51:02,185] 39 root - INFO - [Attacker] Label flip: 8 samples class 4 \u2192 class 0
[2026-07-19 13:51:02,193] 39 root - INFO - [Attacker] Label flip: 9 samples class 4 \u2192 class 0
[2026-07-19 13:51:02,201] 39 root - INFO - [Attacker] Label flip: 9 samples class 4 \u2192 class 0
[2026-07-19 13:51:02,209] 39 root - INFO - [Attacker] Label flip: 7 samples class 4 \u2192 class 0
[2026-07-19 13:51:02,215] 39 root - INFO - [Attacker] Label flip: 8 samples class 4 \u2192 class 0
[2026-07-19 13:51:02,223] 39 root - INFO - [Attacker] Label flip: 11 samples class 4 \u2192 class 0
[2026-07-19 13:51:02,231] 39 root - INFO - [Attacker] Label flip: 18 samples class 4 \u2192 class 0
[2026-07-19 13:51:02,239] 39 root - INFO - [Attacker] Label flip: 5 samples class 4 \u2192 class 0
[2026-07-19 13:51:02,245] 39 root - INFO - [Attacker] Label flip: 12 samples class 4 \u2192 class 0
[2026-07-19 13:51:02,252] 39 root - INFO - [Attacker] Label flip: 12 samples class 4 \u2192 class 0
[2026-07-19 13:51:02,261] 39 root - INFO - [Attacker] Label flip: 9 samples class 4 \u2192 class 0
[2026-07-19 13:51:02,269] 39 root - INFO - [Attacker] Label flip: 9 samples class 4 \u2192 class 0
[2026-07-19 13:51:02,276] 39 root - INFO - [Attacker] Label flip: 16 samples class 4 \u2192 class 0
[2026-07-19 13:51:02,284] 39 root - INFO - [Attacker] Label flip: 14 samples class 4 \u2192 class 0
[2026-07-19 13:51:02,291] 39 root - INFO - [Attacker] Label flip: 14 samples class 4 \u2192 class 0
[2026-07-19 13:51:02,300] 39 root - INFO - [Attacker] Label flip: 12 samples class 4 \u2192 class 0
[2026-07-19 13:51:02,307] 39 root - INFO - [Attacker] Label flip: 14 samples class 4 \u2192 class 0
[2026-07-19 13:51:02,313] 39 root - INFO - [Attacker] Label flip: 15 samples class 4 \u2192 class 0
[2026-07-19 13:51:02,321] 39 root - INFO - [Attacker] Label flip: 12 samples class 4 \u2192 class 0
[2026-07-19 13:51:02,329] 39 root - INFO - [Attacker] Label flip: 14 samples class 4 \u2192 class 0
[2026-07-19 13:51:02,337] 39 root - INFO - [Attacker] Label flip: 13 samples class 4 \u2192 class 0
[2026-07-19 13:51:02,343] 39 root - INFO - [Attacker] Label flip: 14 samples class 4 \u2192 class 0
[2026-07-19 13:51:02,351] 39 root - INFO - [Attacker] Label flip: 13 samples class 4 \u2192 class 0
[2026-07-19 13:51:02,359] 39 root - INFO - [Attacker] Label flip: 8 samples class 4 \u2192 class 0
[2026-07-19 13:51:02,364] 39 root - INFO - [Attacker] Label flip: 11 samples class 4 \u2192 class 0
[2026-07-19 13:51:02,372] 39 root - INFO - [Attacker] Label flip: 23 samples class 4 \u2192 class 0
[2026-07-19 13:51:02,380] 39 root - INFO - [Attacker] Label flip: 6 samples class 4 \u2192 class 0
[2026-07-19 13:51:02,388] 39 root - INFO - [Attacker] Label flip: 13 samples class 4 \u2192 class 0
[2026-07-19 13:51:02,394] 39 root - INFO - [Attacker] Label flip: 14 samples class 4 \u2192 class 0
[2026-07-19 13:51:02,402] 39 root - INFO - [Attacker] Label flip: 13 samples class 4 \u2192 class 0
[2026-07-19 13:51:02,410] 39 root - INFO - [Attacker] Label flip: 17 samples class 4 \u2192 class 0
[2026-07-19 13:51:02,418] 39 root - INFO - [Attacker] Label flip: 21 samples class 4 \u2192 class 0
[2026-07-19 13:51:02,424] 39 root - INFO - [Attacker] Label flip: 11 samples class 4 \u2192 class 0
[2026-07-19 13:51:02,432] 39 root - INFO - [Attacker] Label flip: 12 samples class 4 \u2192 class 0
[2026-07-19 13:51:02,440] 39 root - INFO - [Attacker] Label flip: 17 samples class 4 \u2192 class 0
[2026-07-19 13:51:02,447] 39 root - INFO - [Attacker] Label flip: 11 samples class 4 \u2192 class 0
[2026-07-19 13:51:02,456] 39 root - INFO - [Attacker] Label flip: 11 samples class 4 \u2192 class 0
[2026-07-19 13:51:02,463] 39 root - INFO - [Attacker] Label flip: 19 samples class 4 \u2192 class 0
[2026-07-19 13:51:02,471] 39 root - INFO - [Attacker] Label flip: 9 samples class 4 \u2192 class 0
[2026-07-19 13:51:02,479] 39 root - INFO - [Attacker] Label flip: 11 samples class 4 \u2192 class 0
[2026-07-19 13:51:02,487] 39 root - INFO - [Attacker] Label flip: 9 samples class 4 \u2192 class 0
[2026-07-19 13:51:02,493] 39 root - INFO - [Attacker] Label flip: 14 samples class 4 \u2192 class 0
[2026-07-19 13:51:02,501] 39 root - INFO - [Attacker] Label flip: 14 samples class 4 \u2192 class 0
[2026-07-19 13:51:02,509] 39 root - INFO - [Attacker] Label flip: 6 samples class 4 \u2192 class 0
[2026-07-19 13:51:02,515] 39 root - INFO - [Attacker] Label flip: 18 samples class 4 \u2192 class 0
[2026-07-19 13:51:02,522] 39 root - INFO - [Attacker] Label flip: 13 samples class 4 \u2192 class 0
[2026-07-19 13:51:02,528] 39 root - INFO - [Attacker] Label flip: 15 samples class 4 \u2192 class 0
[2026-07-19 13:51:02,536] 39 root - INFO - [Attacker] Label flip: 7 samples class 4 \u2192 class 0
[2026-07-19 13:51:02,544] 39 root - INFO - [Attacker] Label flip: 16 samples class 4 \u2192 class 0
[2026-07-19 13:51:02,550] 39 root - INFO - [Attacker] Label flip: 13 samples class 4 \u2192 class 0
[2026-07-19 13:51:02,558] 39 root - INFO - [Attacker] Label flip: 18 samples class 4 \u2192 class 0
[2026-07-19 13:51:02,564] 39 root - INFO - [Attacker] Label flip: 18 samples class 4 \u2192 class 0
[2026-07-19 13:51:02,572] 39 root - INFO - [Attacker] Label flip: 13 samples class 4 \u2192 class 0
[2026-07-19 13:51:02,580] 39 root - INFO - [Attacker] Label flip: 8 samples class 4 \u2192 class 0
[2026-07-19 13:51:02,587] 39 root - INFO - [Attacker] Label flip: 12 samples class 4 \u2192 class 0
[2026-07-19 13:51:02,593] 39 root - INFO - [Attacker] Label flip: 11 samples class 4 \u2192 class 0
[2026-07-19 13:51:02,601] 39 root - INFO - [Attacker] Label flip: 10 samples class 4 \u2192 class 0
[2026-07-19 13:51:02,609] 39 root - INFO - [Attacker] Label flip: 13 samples class 4 \u2192 class 0
[2026-07-19 13:51:02,615] 39 root - INFO - [Attacker] Label flip: 20 samples class 4 \u2192 class 0
[2026-07-19 13:51:02,623] 39 root - INFO - [Attacker] Label flip: 11 samples class 4 \u2192 class 0
[2026-07-19 13:51:02,631] 39 root - INFO - [Attacker] Label flip: 14 samples class 4 \u2192 class 0
[2026-07-19 13:51:02,639] 39 root - INFO - [Attacker] Label flip: 13 samples class 4 \u2192 class 0
[2026-07-19 13:51:02,645] 39 root - INFO - [Attacker] Label flip: 7 samples class 4 \u2192 class 0
[2026-07-19 13:51:02,652] 39 root - INFO - [Attacker] Label flip: 17 samples class 4 \u2192 class 0
[2026-07-19 13:51:02,658] 39 root - INFO - [Attacker] Label flip: 15 samples class 4 \u2192 class 0
[2026-07-19 13:51:02,666] 39 root - INFO - [Attacker] Label flip: 15 samples class 4 \u2192 class 0
[2026-07-19 13:51:02,674] 39 root - INFO - [Attacker] Label flip: 16 samples class 4 \u2192 class 0
[2026-07-19 13:51:02,680] 39 root - INFO - [Attacker] Label flip: 16 samples class 4 \u2192 class 0
[2026-07-19 13:51:02,688] 39 root - INFO - [Attacker] Label flip: 18 samples class 4 \u2192 class 0
[2026-07-19 13:51:02,694] 39 root - INFO - [Attacker] Label flip: 11 samples class 4 \u2192 class 0
[2026-07-19 13:51:02,702] 39 root - INFO - [Attacker] Label flip: 12 samples class 4 \u2192 class 0
[2026-07-19 13:51:02,708] 39 root - INFO - [Attacker] Label flip: 20 samples class 4 \u2192 class 0
[2026-07-19 13:51:02,715] 39 root - INFO - [Attacker] Label flip: 13 samples class 4 \u2192 class 0
[2026-07-19 13:51:02,721] 39 root - INFO - [Attacker] Label flip: 11 samples class 4 \u2192 class 0
[2026-07-19 13:51:02,729] 39 root - INFO - [Attacker] Label flip: 15 samples class 4 \u2192 class 0
[2026-07-19 13:51:02,737] 39 root - INFO - [Attacker] Label flip: 12 samples class 4 \u2192 class 0
[2026-07-19 13:51:02,743] 39 root - INFO - [Attacker] Label flip: 13 samples class 4 \u2192 class 0
[2026-07-19 13:51:02,751] 39 root - INFO - [Attacker] Label flip: 12 samples class 4 \u2192 class 0
[2026-07-19 13:51:02,759] 39 root - INFO - [Attacker] Label flip: 7 samples class 4 \u2192 class 0
[2026-07-19 13:51:02,767] 39 root - INFO - [Attacker] Label flip: 14 samples class 4 \u2192 class 0
[2026-07-19 13:51:02,773] 39 root - INFO - [Attacker] Label flip: 11 samples class 4 \u2192 class 0
[2026-07-19 13:51:02,780] 39 root - INFO - [Attacker] Label flip: 11 samples class 4 \u2192 class 0
[2026-07-19 13:51:02,788] 39 root - INFO - [Attacker] Label flip: 12 samples class 4 \u2192 class 0
[2026-07-19 13:51:02,795] 39 root - INFO - [Attacker] Label flip: 13 samples class 4 \u2192 class 0
[2026-07-19 13:51:02,802] 39 root - INFO - [Attacker] Label flip: 10 samples class 4 \u2192 class 0
[2026-07-19 13:51:02,810] 39 root - INFO - [Attacker] Label flip: 12 samples class 4 \u2192 class 0
[2026-07-19 13:51:02,817] 39 root - INFO - [Attacker] Label flip: 12 samples class 4 \u2192 class 0
[2026-07-19 13:51:02,824] 39 root - INFO - [Attacker] Label flip: 12 samples class 4 \u2192 class 0
[2026-07-19 13:51:02,831] 39 root - INFO - [Attacker] Label flip: 11 samples class 4 \u2192 class 0
[2026-07-19 13:51:02,839] 39 root - INFO - [Attacker] Label flip: 10 samples class 4 \u2192 class 0
[2026-07-19 13:51:02,845] 39 root - INFO - [Attacker] Label flip: 12 samples class 4 \u2192 class 0
[2026-07-19 13:51:02,853] 39 root - INFO - [Attacker] Label flip: 10 samples class 4 \u2192 class 0
[2026-07-19 13:51:02,861] 39 root - INFO - [Attacker] Label flip: 17 samples class 4 \u2192 class 0
[2026-07-19 13:51:02,869] 39 root - INFO - [Attacker] Label flip: 12 samples class 4 \u2192 class 0
[2026-07-19 13:51:02,875] 39 root - INFO - [Attacker] Label flip: 19 samples class 4 \u2192 class 0
[2026-07-19 13:51:02,883] 39 root - INFO - [Attacker] Label flip: 16 samples class 4 \u2192 class 0
[2026-07-19 13:51:02,891] 39 root - INFO - [Attacker] Label flip: 15 samples class 4 \u2192 class 0
[2026-07-19 13:51:02,896] 39 root - INFO - [Attacker] Label flip: 10 samples class 4 \u2192 class 0
[2026-07-19 13:51:02,904] 39 root - INFO - [Attacker] Label flip: 11 samples class 4 \u2192 class 0
[2026-07-19 13:51:02,912] 39 root - INFO - [Attacker] Label flip: 13 samples class 4 \u2192 class 0
[2026-07-19 13:51:02,918] 39 root - INFO - [Attacker] Label flip: 12 samples class 4 \u2192 class 0
[2026-07-19 13:51:02,926] 39 root - INFO - [Attacker] Label flip: 11 samples class 4 \u2192 class 0
[2026-07-19 13:51:02,934] 39 root - INFO - [Attacker] Label flip: 5 samples class 4 \u2192 class 0
[2026-07-19 13:51:02,942] 39 root - INFO - [Attacker] Label flip: 7 samples class 4 \u2192 class 0
[2026-07-19 13:51:02,948] 39 root - INFO - [Attacker] Label flip: 9 samples class 4 \u2192 class 0
[2026-07-19 13:51:02,956] 39 root - INFO - [Attacker] Label flip: 11 samples class 4 \u2192 class 0
[2026-07-19 13:51:02,964] 39 root - INFO - [Attacker] Label flip: 12 samples class 4 \u2192 class 0
[2026-07-19 13:51:02,970] 39 root - INFO - [Attacker] Label flip: 12 samples class 4 \u2192 class 0
[2026-07-19 13:51:02,977] 39 root - INFO - [Attacker] Label flip: 11 samples class 4 \u2192 class 0
[2026-07-19 13:51:02,985] 39 root - INFO - [Attacker] Label flip: 18 samples class 4 \u2192 class 0
[2026-07-19 13:51:02,993] 39 root - INFO - [Attacker] Label flip: 12 samples class 4 \u2192 class 0
[2026-07-19 13:51:02,999] 39 root - INFO - [Attacker] Label flip: 11 samples class 4 \u2192 class 0
[2026-07-19 13:51:03,007] 39 root - INFO - [Attacker] Label flip: 15 samples class 4 \u2192 class 0
[2026-07-19 13:51:03,015] 39 root - INFO - [Attacker] Label flip: 13 samples class 4 \u2192 class 0
[2026-07-19 13:51:03,021] 39 root - INFO - [Attacker] Label flip: 13 samples class 4 \u2192 class 0
[2026-07-19 13:51:03,029] 39 root - INFO - [Attacker] Label flip: 19 samples class 4 \u2192 class 0
[2026-07-19 13:51:03,037] 39 root - INFO - [Attacker] Label flip: 5 samples class 4 \u2192 class 0
[2026-07-19 13:51:03,045] 39 root - INFO - [Attacker] Label flip: 8 samples class 4 \u2192 class 0
[2026-07-19 13:51:03,052] 39 root - INFO - [Attacker] Label flip: 12 samples class 4 \u2192 class 0
[2026-07-19 13:51:03,058] 39 root - INFO - [Attacker] Label flip: 12 samples class 4 \u2192 class 0
[2026-07-19 13:51:03,066] 39 root - INFO - [Attacker] Label flip: 12 samples class 4 \u2192 class 0
[2026-07-19 13:51:03,074] 39 root - INFO - [Attacker] Label flip: 9 samples class 4 \u2192 class 0
[2026-07-19 13:51:03,080] 39 root - INFO - [Attacker] Label flip: 7 samples class 4 \u2192 class 0
[2026-07-19 13:51:03,088] 39 root - INFO - [Attacker] Label flip: 8 samples class 4 \u2192 class 0
[2026-07-19 13:51:03,096] 39 root - INFO - [Attacker] Label flip: 15 samples class 4 \u2192 class 0
[2026-07-19 13:51:03,102] 39 root - INFO - [Attacker] Label flip: 12 samples class 4 \u2192 class 0
[2026-07-19 13:51:03,110] 39 root - INFO - [Attacker] Label flip: 17 samples class 4 \u2192 class 0
[2026-07-19 13:51:03,117] 39 root - INFO - [Attacker] Label flip: 7 samples class 4 \u2192 class 0
[2026-07-19 13:51:03,123] 39 root - INFO - [Attacker] Label flip: 16 samples class 4 \u2192 class 0
[2026-07-19 13:51:03,131] 39 root - INFO - [Attacker] Label flip: 16 samples class 4 \u2192 class 0
[2026-07-19 13:51:03,137] 39 root - INFO - [Attacker] Label flip: 12 samples class 4 \u2192 class 0
[2026-07-19 13:51:03,145] 39 root - INFO - [Attacker] Label flip: 16 samples class 4 \u2192 class 0
[2026-07-19 13:51:03,151] 39 root - INFO - [Attacker] Label flip: 13 samples class 4 \u2192 class 0
[2026-07-19 13:51:03,159] 39 root - INFO - [Attacker] Label flip: 15 samples class 4 \u2192 class 0
[2026-07-19 13:51:03,166] 39 root - INFO - [Attacker] Label flip: 9 samples class 4 \u2192 class 0
[2026-07-19 13:51:03,172] 39 root - INFO - [Attacker] Label flip: 16 samples class 4 \u2192 class 0
[2026-07-19 13:51:03,180] 39 root - INFO - [Attacker] Label flip: 12 samples class 4 \u2192 class 0
[2026-07-19 13:51:03,188] 39 root - INFO - [Attacker] Label flip: 13 samples class 4 \u2192 class 0
[2026-07-19 13:51:03,196] 39 root - INFO - [Attacker] Label flip: 15 samples class 4 \u2192 class 0
[2026-07-19 13:51:03,202] 39 root - INFO - [Attacker] Label flip: 15 samples class 4 \u2192 class 0
[2026-07-19 13:51:03,210] 39 root - INFO - [Attacker] Label flip: 14 samples class 4 \u2192 class 0
[2026-07-19 13:51:03,216] 39 root - INFO - [Attacker] Label flip: 12 samples class 4 \u2192 class 0
[2026-07-19 13:51:03,224] 39 root - INFO - [Attacker] Label flip: 9 samples class 4 \u2192 class 0
[2026-07-19 13:51:03,232] 39 root - INFO - [Attacker] Label flip: 12 samples class 4 \u2192 class 0
[2026-07-19 13:51:03,238] 39 root - INFO - [Attacker] Label flip: 13 samples class 4 \u2192 class 0
[2026-07-19 13:51:03,245] 39 root - INFO - [Attacker] Label flip: 15 samples class 4 \u2192 class 0
[2026-07-19 13:51:03,251] 39 root - INFO - [Attacker] Label flip: 13 samples class 4 \u2192 class 0
[2026-07-19 13:51:03,259] 39 root - INFO - [Attacker] Label flip: 17 samples class 4 \u2192 class 0
[2026-07-19 13:51:03,265] 39 root - INFO - [Attacker] Label flip: 10 samples class 4 \u2192 class 0
[2026-07-19 13:51:03,273] 39 root - INFO - [Attacker] Label flip: 18 samples class 4 \u2192 class 0
[2026-07-19 13:51:03,281] 39 root - INFO - [Attacker] Label flip: 14 samples class 4 \u2192 class 0
[2026-07-19 13:51:03,287] 39 root - INFO - [Attacker] Label flip: 13 samples class 4 \u2192 class 0
[2026-07-19 13:51:03,295] 39 root - INFO - [Attacker] Label flip: 13 samples class 4 \u2192 class 0
[2026-07-19 13:51:03,302] 39 root - INFO - [Attacker] Label flip: 13 samples class 4 \u2192 class 0
[2026-07-19 13:51:03,308] 39 root - INFO - [Attacker] Label flip: 14 samples class 4 \u2192 class 0
[2026-07-19 13:51:03,316] 39 root - INFO - [Attacker] Label flip: 14 samples class 4 \u2192 class 0
[2026-07-19 13:51:03,324] 39 root - INFO - [Attacker] Label flip: 16 samples class 4 \u2192 class 0
[2026-07-19 13:51:03,330] 39 root - INFO - [Attacker] Label flip: 14 samples class 4 \u2192 class 0
[2026-07-19 13:51:03,339] 39 root - INFO - [Attacker] Label flip: 9 samples class 4 \u2192 class 0
[2026-07-19 13:51:03,347] 39 root - INFO - [Attacker] Label flip: 12 samples class 4 \u2192 class 0
[2026-07-19 13:51:03,355] 39 root - INFO - [Attacker] Label flip: 15 samples class 4 \u2192 class 0
[2026-07-19 13:51:03,362] 39 root - INFO - [Attacker] Label flip: 9 samples class 4 \u2192 class 0
[2026-07-19 13:51:03,368] 39 root - INFO - [Attacker] Label flip: 18 samples class 4 \u2192 class 0
[2026-07-19 13:51:03,376] 39 root - INFO - [Attacker] Label flip: 10 samples class 4 \u2192 class 0
[2026-07-19 13:51:03,382] 39 root - INFO - [Attacker] Label flip: 14 samples class 4 \u2192 class 0
[2026-07-19 13:51:03,390] 39 root - INFO - [Attacker] Label flip: 10 samples class 4 \u2192 class 0
[2026-07-19 13:51:03,396] 39 root - INFO - [Attacker] Label flip: 16 samples class 4 \u2192 class 0
[2026-07-19 13:51:03,404] 39 root - INFO - [Attacker] Label flip: 7 samples class 4 \u2192 class 0
[2026-07-19 13:51:03,409] 39 root - INFO - [Attacker] Label flip: 13 samples class 4 \u2192 class 0
[2026-07-19 13:51:03,417] 39 root - INFO - [Attacker] Label flip: 12 samples class 4 \u2192 class 0
[2026-07-19 13:51:03,423] 39 root - INFO - [Attacker] Label flip: 11 samples class 4 \u2192 class 0
[2026-07-19 13:51:03,431] 39 root - INFO - [Attacker] Label flip: 12 samples class 4 \u2192 class 0
[2026-07-19 13:51:03,439] 39 root - INFO - [Attacker] Label flip: 15 samples class 4 \u2192 class 0
[2026-07-19 13:51:03,445] 39 root - INFO - [Attacker] Label flip: 14 samples class 4 \u2192 class 0
[2026-07-19 13:51:03,453] 39 root - INFO - [Attacker] Label flip: 13 samples class 4 \u2192 class 0
[2026-07-19 13:51:03,461] 39 root - INFO - [Attacker] Label flip: 16 samples class 4 \u2192 class 0
[2026-07-19 13:51:03,469] 39 root - INFO - [Attacker] Label flip: 16 samples class 4 \u2192 class 0
[2026-07-19 13:51:03,475] 39 root - INFO - [Attacker] Label flip: 10 samples class 4 \u2192 class 0
[2026-07-19 13:51:03,483] 39 root - INFO - [Attacker] Label flip: 7 samples class 4 \u2192 class 0
[2026-07-19 13:51:03,490] 39 root - INFO - [Attacker] Label flip: 16 samples class 4 \u2192 class 0
[2026-07-19 13:51:03,496] 39 root - INFO - [Attacker] Label flip: 12 samples class 4 \u2192 class 0
[2026-07-19 13:51:03,506] 39 root - INFO - [Attacker] Label flip: 10 samples class 4 \u2192 class 0
[2026-07-19 13:51:03,512] 39 root - INFO - [Attacker] Label flip: 7 samples class 4 \u2192 class 0
[2026-07-19 13:51:03,520] 39 root - INFO - [Attacker] Label flip: 22 samples class 4 \u2192 class 0
[2026-07-19 13:51:03,527] 39 root - INFO - [Attacker] Label flip: 8 samples class 4 \u2192 class 0
[2026-07-19 13:51:03,534] 39 root - INFO - [Attacker] Label flip: 13 samples class 4 \u2192 class 0
[2026-07-19 13:51:03,542] 39 root - INFO - [Attacker] Label flip: 13 samples class 4 \u2192 class 0
[2026-07-19 13:51:03,548] 39 root - INFO - [Attacker] Label flip: 11 samples class 4 \u2192 class 0
[2026-07-19 13:51:03,556] 39 root - INFO - [Attacker] Label flip: 21 samples class 4 \u2192 class 0
[2026-07-19 13:51:03,564] 39 root - INFO - [Attacker] Label flip: 17 samples class 4 \u2192 class 0
[2026-07-19 13:51:03,570] 39 root - INFO - [Attacker] Label flip: 12 samples class 4 \u2192 class 0
[2026-07-19 13:51:03,578] 39 root - INFO - [Attacker] Label flip: 16 samples class 4 \u2192 class 0
[2026-07-19 13:51:03,585] 39 root - INFO - [Attacker] Label flip: 20 samples class 4 \u2192 class 0
[2026-07-19 13:51:03,591] 39 root - INFO - [Attacker] Label flip: 9 samples class 4 \u2192 class 0
[2026-07-19 13:51:03,599] 39 root - INFO - [Attacker] Label flip: 15 samples class 4 \u2192 class 0
[2026-07-19 13:51:03,605] 39 root - INFO - [Attacker] Label flip: 6 samples class 4 \u2192 class 0
[2026-07-19 13:51:03,613] 39 root - INFO - [Attacker] Label flip: 13 samples class 4 \u2192 class 0
[2026-07-19 13:51:03,621] 39 root - INFO - [Attacker] Label flip: 12 samples class 4 \u2192 class 0
[2026-07-19 13:51:03,627] 39 root - INFO - [Attacker] Label flip: 11 samples class 4 \u2192 class 0
[2026-07-19 13:51:03,635] 39 root - INFO - [Attacker] Label flip: 12 samples class 4 \u2192 class 0
[2026-07-19 13:51:03,641] 39 root - INFO - [Attacker] Label flip: 16 samples class 4 \u2192 class 0
[2026-07-19 13:51:03,648] 39 root - INFO - [Attacker] Label flip: 16 samples class 4 \u2192 class 0
[2026-07-19 13:51:03,656] 39 root - INFO - [Attacker] Label flip: 13 samples class 4 \u2192 class 0
[2026-07-19 13:51:03,664] 39 root - INFO - [Attacker] Label flip: 19 samples class 4 \u2192 class 0
[2026-07-19 13:51:03,672] 39 root - INFO - [Attacker] Label flip: 12 samples class 4 \u2192 class 0
[2026-07-19 13:51:03,678] 39 root - INFO - [Attacker] Label flip: 11 samples class 4 \u2192 class 0
[2026-07-19 13:51:03,686] 39 root - INFO - [Attacker] Label flip: 11 samples class 4 \u2192 class 0
[2026-07-19 13:51:03,694] 39 root - INFO - [Attacker] Label flip: 7 samples class 4 \u2192 class 0
[2026-07-19 13:51:03,702] 39 root - INFO - [Attacker] Label flip: 10 samples class 4 \u2192 class 0
[2026-07-19 13:51:03,710] 39 root - INFO - [Attacker] Label flip: 14 samples class 4 \u2192 class 0
[2026-07-19 13:51:03,718] 39 root - INFO - [Attacker] Label flip: 18 samples class 4 \u2192 class 0
[2026-07-19 13:51:03,725] 39 root - INFO - [Attacker] Label flip: 10 samples class 4 \u2192 class 0
[2026-07-19 13:51:03,731] 39 root - INFO - [Attacker] Label flip: 15 samples class 4 \u2192 class 0
[2026-07-19 13:51:03,739] 39 root - INFO - [Attacker] Label flip: 13 samples class 4 \u2192 class 0
[2026-07-19 13:51:03,747] 39 root - INFO - [Attacker] Label flip: 19 samples class 4 \u2192 class 0
[2026-07-19 13:51:03,755] 39 root - INFO - [Attacker] Label flip: 11 samples class 4 \u2192 class 0
[2026-07-19 13:51:03,761] 39 root - INFO - [Attacker] Label flip: 14 samples class 4 \u2192 class 0
[2026-07-19 13:51:03,769] 39 root - INFO - [Attacker] Label flip: 14 samples class 4 \u2192 class 0
[2026-07-19 13:51:03,777] 39 root - INFO - [Attacker] Label flip: 13 samples class 4 \u2192 class 0
[2026-07-19 13:51:03,784] 39 root - INFO - [Attacker] Label flip: 17 samples class 4 \u2192 class 0
[2026-07-19 13:51:03,790] 39 root - INFO - [Attacker] Label flip: 16 samples class 4 \u2192 class 0
[2026-07-19 13:51:03,798] 39 root - INFO - [Attacker] Label flip: 12 samples class 4 \u2192 class 0
[2026-07-19 13:51:03,804] 39 root - INFO - [Attacker] Label flip: 11 samples class 4 \u2192 class 0
[2026-07-19 13:51:03,812] 39 root - INFO - [Attacker] Label flip: 14 samples class 4 \u2192 class 0
[2026-07-19 13:51:03,818] 39 root - INFO - [Attacker] Label flip: 13 samples class 4 \u2192 class 0
[2026-07-19 13:51:03,826] 39 root - INFO - [Attacker] Label flip: 8 samples class 4 \u2192 class 0
[2026-07-19 13:51:03,833] 39 root - INFO - [Attacker] Label flip: 11 samples class 4 \u2192 class 0
[2026-07-19 13:51:03,839] 39 root - INFO - [Attacker] Label flip: 14 samples class 4 \u2192 class 0
[2026-07-19 13:51:03,847] 39 root - INFO - [Attacker] Label flip: 15 samples class 4 \u2192 class 0
[2026-07-19 13:51:03,853] 39 root - INFO - [Attacker] Label flip: 9 samples class 4 \u2192 class 0
[2026-07-19 13:51:03,861] 39 root - INFO - [Attacker] Label flip: 10 samples class 4 \u2192 class 0
[2026-07-19 13:51:03,869] 39 root - INFO - [Attacker] Label flip: 14 samples class 4 \u2192 class 0
[2026-07-19 13:51:03,876] 39 root - INFO - [Attacker] Label flip: 14 samples class 4 \u2192 class 0
[2026-07-19 13:51:03,882] 39 root - INFO - [Attacker] Label flip: 17 samples class 4 \u2192 class 0
[2026-07-19 13:51:03,890] 39 root - INFO - [Attacker] Label flip: 15 samples class 4 \u2192 class 0
[2026-07-19 13:51:03,898] 39 root - INFO - [Attacker] Label flip: 11 samples class 4 \u2192 class 0
[2026-07-19 13:51:03,906] 39 root - INFO - [Attacker] Label flip: 14 samples class 4 \u2192 class 0
[2026-07-19 13:51:03,912] 39 root - INFO - [Attacker] Label flip: 17 samples class 4 \u2192 class 0
[2026-07-19 13:51:03,919] 39 root - INFO - [Attacker] Label flip: 9 samples class 4 \u2192 class 0
[2026-07-19 13:51:03,927] 39 root - INFO - [Attacker] Label flip: 10 samples class 4 \u2192 class 0
[2026-07-19 13:51:03,933] 39 root - INFO - [Attacker] Label flip: 14 samples class 4 \u2192 class 0
[2026-07-19 13:51:03,941] 39 root - INFO - [Attacker] Label flip: 6 samples class 4 \u2192 class 0
[2026-07-19 13:51:03,949] 39 root - INFO - [Attacker] Label flip: 12 samples class 4 \u2192 class 0
[2026-07-19 13:51:03,955] 39 root - INFO - [Attacker] Label flip: 14 samples class 4 \u2192 class 0
[2026-07-19 13:51:03,963] 39 root - INFO - [Attacker] Label flip: 18 samples class 4 \u2192 class 0
[2026-07-19 13:51:03,971] 39 root - INFO - [Attacker] Label flip: 16 samples class 4 \u2192 class 0
[2026-07-19 13:51:03,977] 39 root - INFO - [Attacker] Label flip: 16 samples class 4 \u2192 class 0
[2026-07-19 13:51:03,985] 39 root - INFO - [Attacker] Label flip: 18 samples class 4 \u2192 class 0
[2026-07-19 13:51:03,991] 39 root - INFO - [Attacker] Label flip: 10 samples class 4 \u2192 class 0
[2026-07-19 13:51:03,998] 39 root - INFO - [Attacker] Label flip: 12 samples class 4 \u2192 class 0
[2026-07-19 13:51:04,004] 39 root - INFO - [Attacker] Label flip: 17 samples class 4 \u2192 class 0
[2026-07-19 13:51:04,012] 39 root - INFO - [Attacker] Label flip: 11 samples class 4 \u2192 class 0
[2026-07-19 13:51:04,020] 39 root - INFO - [Attacker] Label flip: 17 samples class 4 \u2192 class 0
[2026-07-19 13:51:04,026] 39 root - INFO - [Attacker] Label flip: 17 samples class 4 \u2192 class 0
[2026-07-19 13:51:04,034] 39 root - INFO - [Attacker] Label flip: 10 samples class 4 \u2192 class 0
[2026-07-19 13:51:04,040] 39 root - INFO - [Attacker] Label flip: 14 samples class 4 \u2192 class 0
[2026-07-19 13:51:04,048] 39 root - INFO - [Attacker] Label flip: 10 samples class 4 \u2192 class 0
[2026-07-19 13:51:04,056] 39 root - INFO - [Attacker] Label flip: 8 samples class 4 \u2192 class 0
[2026-07-19 13:51:04,064] 39 root - INFO - [Attacker] Label flip: 7 samples class 4 \u2192 class 0
[2026-07-19 13:51:04,070] 39 root - INFO - [Attacker] Label flip: 21 samples class 4 \u2192 class 0
[2026-07-19 13:51:04,078] 39 root - INFO - [Attacker] Label flip: 13 samples class 4 \u2192 class 0
[2026-07-19 13:51:04,084] 39 root - INFO - [Attacker] Label flip: 15 samples class 4 \u2192 class 0
[2026-07-19 13:51:04,091] 39 root - INFO - [Attacker] Label flip: 12 samples class 4 \u2192 class 0
[2026-07-19 13:51:04,099] 39 root - INFO - [Attacker] Label flip: 6 samples class 4 \u2192 class 0
[2026-07-19 13:51:04,105] 39 root - INFO - [Attacker] Label flip: 8 samples class 4 \u2192 class 0
[2026-07-19 13:51:04,113] 39 root - INFO - [Attacker] Label flip: 7 samples class 4 \u2192 class 0
[2026-07-19 13:51:04,121] 39 root - INFO - [Attacker] Label flip: 11 samples class 4 \u2192 class 0
[2026-07-19 13:51:04,127] 39 root - INFO - [Attacker] Label flip: 15 samples class 4 \u2192 class 0
[2026-07-19 13:51:04,135] 39 root - INFO - [Attacker] Label flip: 15 samples class 4 \u2192 class 0
[2026-07-19 13:51:04,143] 39 root - INFO - [Attacker] Label flip: 10 samples class 4 \u2192 class 0
[2026-07-19 13:51:04,149] 39 root - INFO - [Attacker] Label flip: 11 samples class 4 \u2192 class 0
[2026-07-19 13:51:04,156] 39 root - INFO - [Attacker] Label flip: 10 samples class 4 \u2192 class 0
[2026-07-19 13:51:04,162] 39 root - INFO - [Attacker] Label flip: 19 samples class 4 \u2192 class 0
[2026-07-19 13:51:04,170] 39 root - INFO - [Attacker] Label flip: 16 samples class 4 \u2192 class 0
[2026-07-19 13:51:04,178] 39 root - INFO - [Attacker] Label flip: 14 samples class 4 \u2192 class 0
[2026-07-19 13:51:04,184] 39 root - INFO - [Attacker] Label flip: 8 samples class 4 \u2192 class 0
[2026-07-19 13:51:04,192] 39 root - INFO - [Attacker] Label flip: 13 samples class 4 \u2192 class 0
[2026-07-19 13:51:04,200] 39 root - INFO - [Attacker] Label flip: 6 samples class 4 \u2192 class 0
[2026-07-19 13:51:04,206] 39 root - INFO - [Attacker] Label flip: 8 samples class 4 \u2192 class 0
[2026-07-19 13:51:04,214] 39 root - INFO - [Attacker] Label flip: 9 samples class 4 \u2192 class 0
[2026-07-19 13:51:04,221] 39 root - INFO - [Attacker] Label flip: 18 samples class 4 \u2192 class 0
[2026-07-19 13:51:04,227] 39 root - INFO - [Attacker] Label flip: 14 samples class 4 \u2192 class 0
[2026-07-19 13:51:04,235] 39 root - INFO - [Attacker] Label flip: 17 samples class 4 \u2192 class 0
[2026-07-19 13:51:04,243] 39 root - INFO - [Attacker] Label flip: 7 samples class 4 \u2192 class 0
[2026-07-19 13:51:04,249] 39 root - INFO - [Attacker] Label flip: 11 samples class 4 \u2192 class 0
[2026-07-19 13:51:04,257] 39 root - INFO - [Attacker] Label flip: 14 samples class 4 \u2192 class 0
[2026-07-19 13:51:04,265] 39 root - INFO - [Attacker] Label flip: 20 samples class 4 \u2192 class 0
[2026-07-19 13:51:04,271] 39 root - INFO - [Attacker] Label flip: 18 samples class 4 \u2192 class 0
[2026-07-19 13:51:04,279] 39 root - INFO - [Attacker] Label flip: 13 samples class 4 \u2192 class 0
[2026-07-19 13:51:04,287] 39 root - INFO - [Attacker] Label flip: 13 samples class 4 \u2192 class 0
[2026-07-19 13:51:04,293] 39 root - INFO - [Attacker] Label flip: 12 samples class 4 \u2192 class 0
[2026-07-19 13:51:04,300] 39 root - INFO - [Attacker] Label flip: 19 samples class 4 \u2192 class 0
[2026-07-19 13:51:04,308] 39 root - INFO - [Attacker] Label flip: 17 samples class 4 \u2192 class 0
[2026-07-19 13:51:04,316] 39 root - INFO - [Attacker] Label flip: 9 samples class 4 \u2192 class 0
[2026-07-19 13:51:04,322] 39 root - INFO - [Attacker] Label flip: 16 samples class 4 \u2192 class 0
[2026-07-19 13:51:04,330] 39 root - INFO - [Attacker] Label flip: 14 samples class 4 \u2192 class 0
[2026-07-19 13:51:04,336] 39 root - INFO - [Attacker] Label flip: 14 samples class 4 \u2192 class 0
[2026-07-19 13:51:04,343] 39 root - INFO - [Attacker] Label flip: 10 samples class 4 \u2192 class 0
[2026-07-19 13:51:04,351] 39 root - INFO - [Attacker] Label flip: 13 samples class 4 \u2192 class 0
[2026-07-19 13:51:04,359] 39 root - INFO - [Attacker] Label flip: 8 samples class 4 \u2192 class 0
[2026-07-19 13:51:04,367] 39 root - INFO - [Attacker] Label flip: 11 samples class 4 \u2192 class 0
[2026-07-19 13:51:04,373] 39 root - INFO - [Attacker] Label flip: 16 samples class 4 \u2192 class 0
[2026-07-19 13:51:04,381] 39 root - INFO - [Attacker] Label flip: 17 samples class 4 \u2192 class 0
[2026-07-19 13:51:04,387] 39 root - INFO - [Attacker] Label flip: 16 samples class 4 \u2192 class 0
[2026-07-19 13:51:04,396] 39 root - INFO - [Attacker] Label flip: 13 samples class 4 \u2192 class 0
[2026-07-19 13:51:04,402] 39 root - INFO - [Attacker] Label flip: 11 samples class 4 \u2192 class 0
[2026-07-19 13:51:04,410] 39 root - INFO - [Attacker] Label flip: 9 samples class 4 \u2192 class 0
[2026-07-19 13:51:04,418] 39 root - INFO - [Attacker] Label flip: 9 samples class 4 \u2192 class 0
[2026-07-19 13:51:04,424] 39 root - INFO - [Attacker] Label flip: 12 samples class 4 \u2192 class 0
[2026-07-19 13:51:04,431] 39 root - INFO - [Attacker] Label flip: 20 samples class 4 \u2192 class 0
[2026-07-19 13:51:04,438] 39 root - INFO - [Attacker] Label flip: 8 samples class 4 \u2192 class 0
[2026-07-19 13:51:04,446] 39 root - INFO - [Attacker] Label flip: 18 samples class 4 \u2192 class 0
[2026-07-19 13:51:04,454] 39 root - INFO - [Attacker] Label flip: 13 samples class 4 \u2192 class 0
[2026-07-19 13:51:04,461] 39 root - INFO - [Attacker] Label flip: 11 samples class 4 \u2192 class 0
[2026-07-19 13:51:04,467] 39 root - INFO - [Attacker] Label flip: 12 samples class 4 \u2192 class 0
[2026-07-19 13:51:04,475] 39 root - INFO - [Attacker] Label flip: 16 samples class 4 \u2192 class 0
[2026-07-19 13:51:04,483] 39 root - INFO - [Attacker] Label flip: 14 samples class 4 \u2192 class 0
[2026-07-19 13:51:04,489] 39 root - INFO - [Attacker] Label flip: 11 samples class 4 \u2192 class 0
[2026-07-19 13:51:04,497] 39 root - INFO - [Attacker] Label flip: 9 samples class 4 \u2192 class 0
[2026-07-19 13:51:04,503] 39 root - INFO - [Attacker] Label flip: 12 samples class 4 \u2192 class 0
[2026-07-19 13:51:04,511] 39 root - INFO - [Attacker] Label flip: 10 samples class 4 \u2192 class 0
[2026-07-19 13:51:04,519] 39 root - INFO - [Attacker] Label flip: 10 samples class 4 \u2192 class 0
[2026-07-19 13:51:04,524] 39 root - INFO - [Attacker] Label flip: 9 samples class 4 \u2192 class 0
[2026-07-19 13:51:04,532] 39 root - INFO - [Attacker] Label flip: 10 samples class 4 \u2192 class 0
[2026-07-19 13:51:04,540] 39 root - INFO - [Attacker] Label flip: 9 samples class 4 \u2192 class 0
[2026-07-19 13:51:04,546] 39 root - INFO - [Attacker] Label flip: 10 samples class 4 \u2192 class 0
[2026-07-19 13:51:04,554] 39 root - INFO - [Attacker] Label flip: 11 samples class 4 \u2192 class 0
[2026-07-19 13:51:04,560] 39 root - INFO - [Attacker] Label flip: 11 samples class 4 \u2192 class 0
[2026-07-19 13:51:04,568] 39 root - INFO - [Attacker] Label flip: 9 samples class 4 \u2192 class 0
[2026-07-19 13:51:04,576] 39 root - INFO - [Attacker] Label flip: 12 samples class 4 \u2192 class 0
[2026-07-19 13:51:04,582] 39 root - INFO - [Attacker] Label flip: 9 samples class 4 \u2192 class 0
[2026-07-19 13:51:04,589] 39 root - INFO - [Attacker] Label flip: 17 samples class 4 \u2192 class 0
[2026-07-19 13:51:04,597] 39 root - INFO - [Attacker] Label flip: 20 samples class 4 \u2192 class 0
[2026-07-19 13:51:04,605] 39 root - INFO - [Attacker] Label flip: 10 samples class 4 \u2192 class 0
[2026-07-19 13:51:04,611] 39 root - INFO - [Attacker] Label flip: 12 samples class 4 \u2192 class 0
[2026-07-19 13:51:04,619] 39 root - INFO - [Attacker] Label flip: 17 samples class 4 \u2192 class 0
[2026-07-19 13:51:04,627] 39 root - INFO - [Attacker] Label flip: 12 samples class 4 \u2192 class 0
[2026-07-19 13:51:04,633] 39 root - INFO - [Attacker] Label flip: 15 samples class 4 \u2192 class 0
[2026-07-19 13:51:04,641] 39 root - INFO - [Attacker] Label flip: 12 samples class 4 \u2192 class 0
[2026-07-19 13:51:04,648] 39 root - INFO - [Attacker] Label flip: 16 samples class 4 \u2192 class 0
[2026-07-19 13:51:04,654] 39 root - INFO - [Attacker] Label flip: 15 samples class 4 \u2192 class 0
[2026-07-19 13:51:04,662] 39 root - INFO - [Attacker] Label flip: 10 samples class 4 \u2192 class 0
[2026-07-19 13:51:04,670] 39 root - INFO - [Attacker] Label flip: 7 samples class 4 \u2192 class 0
[2026-07-19 13:51:04,676] 39 root - INFO - [Attacker] Label flip: 12 samples class 4 \u2192 class 0
[2026-07-19 13:51:04,684] 39 root - INFO - [Attacker] Label flip: 17 samples class 4 \u2192 class 0
[2026-07-19 13:51:04,692] 39 root - INFO - [Attacker] Label flip: 17 samples class 4 \u2192 class 0
[2026-07-19 13:51:04,698] 39 root - INFO - [Attacker] Label flip: 13 samples class 4 \u2192 class 0
[2026-07-19 13:51:04,706] 39 root - INFO - [Attacker] Label flip: 13 samples class 4 \u2192 class 0
[2026-07-19 13:51:04,712] 39 root - INFO - [Attacker] Label flip: 10 samples class 4 \u2192 class 0
[2026-07-19 13:51:04,719] 39 root - INFO - [Attacker] Label flip: 14 samples class 4 \u2192 class 0
[2026-07-19 13:51:04,727] 39 root - INFO - [Attacker] Label flip: 13 samples class 4 \u2192 class 0
[2026-07-19 13:51:04,735] 39 root - INFO - [Attacker] Label flip: 14 samples class 4 \u2192 class 0
[2026-07-19 13:51:04,741] 39 root - INFO - [Attacker] Label flip: 14 samples class 4 \u2192 class 0
[2026-07-19 13:51:04,749] 39 root - INFO - [Attacker] Label flip: 16 samples class 4 \u2192 class 0
[2026-07-19 13:51:04,756] 39 root - INFO - [Attacker] Label flip: 10 samples class 4 \u2192 class 0
[2026-07-19 13:51:04,764] 39 root - INFO - [Attacker] Label flip: 12 samples class 4 \u2192 class 0
[2026-07-19 13:51:04,770] 39 root - INFO - [Attacker] Label flip: 14 samples class 4 \u2192 class 0
[2026-07-19 13:51:04,778] 39 root - INFO - [Attacker] Label flip: 9 samples class 4 \u2192 class 0
[2026-07-19 13:51:04,786] 39 root - INFO - [Attacker] Label flip: 16 samples class 4 \u2192 class 0
[2026-07-19 13:51:04,792] 39 root - INFO - [Attacker] Label flip: 16 samples class 4 \u2192 class 0
[2026-07-19 13:51:04,800] 39 root - INFO - [Attacker] Label flip: 17 samples class 4 \u2192 class 0
[2026-07-19 13:51:04,806] 39 root - INFO - [Attacker] Label flip: 12 samples class 4 \u2192 class 0
[2026-07-19 13:51:04,814] 39 root - INFO - [Attacker] Label flip: 9 samples class 4 \u2192 class 0
[2026-07-19 13:51:04,822] 39 root - INFO - [Attacker] Label flip: 14 samples class 4 \u2192 class 0
[2026-07-19 13:51:04,830] 39 root - INFO - [Attacker] Label flip: 14 samples class 4 \u2192 class 0
[2026-07-19 13:51:04,836] 39 root - INFO - [Attacker] Label flip: 15 samples class 4 \u2192 class 0
[2026-07-19 13:51:04,843] 39 root - INFO - [Attacker] Label flip: 18 samples class 4 \u2192 class 0
[2026-07-19 13:51:04,851] 39 root - INFO - [Attacker] Label flip: 10 samples class 4 \u2192 class 0
[2026-07-19 13:51:04,857] 39 root - INFO - [Attacker] Label flip: 9 samples class 4 \u2192 class 0
[2026-07-19 13:51:04,865] 39 root - INFO - [Attacker] Label flip: 11 samples class 4 \u2192 class 0
[2026-07-19 13:51:04,873] 39 root - INFO - [Attacker] Label flip: 8 samples class 4 \u2192 class 0
[2026-07-19 13:51:04,879] 39 root - INFO - [Attacker] Label flip: 15 samples class 4 \u2192 class 0
[2026-07-19 13:51:04,886] 39 root - INFO - [Attacker] Label flip: 12 samples class 4 \u2192 class 0
[2026-07-19 13:51:04,892] 39 root - INFO - [Attacker] Label flip: 20 samples class 4 \u2192 class 0
[2026-07-19 13:51:04,900] 39 root - INFO - [Attacker] Label flip: 12 samples class 4 \u2192 class 0
[2026-07-19 13:51:04,908] 39 root - INFO - [Attacker] Label flip: 9 samples class 4 \u2192 class 0
[2026-07-19 13:51:04,914] 39 root - INFO - [Attacker] Label flip: 15 samples class 4 \u2192 class 0
[2026-07-19 13:51:04,923] 39 root - INFO - [Attacker] Label flip: 14 samples class 4 \u2192 class 0
[2026-07-19 13:51:04,930] 39 root - INFO - [Attacker] Label flip: 8 samples class 4 \u2192 class 0
[2026-07-19 13:51:04,936] 39 root - INFO - [Attacker] Label flip: 9 samples class 4 \u2192 class 0
[2026-07-19 13:51:04,944] 39 root - INFO - [Attacker] Label flip: 12 samples class 4 \u2192 class 0
[2026-07-19 13:51:04,952] 39 root - INFO - [Attacker] Label flip: 10 samples class 4 \u2192 class 0
[2026-07-19 13:51:04,959] 39 root - INFO - [Attacker] Label flip: 12 samples class 4 \u2192 class 0
[2026-07-19 13:51:04,965] 39 root - INFO - [Attacker] Label flip: 7 samples class 4 \u2192 class 0
[2026-07-19 13:51:04,973] 39 root - INFO - [Attacker] Label flip: 17 samples class 4 \u2192 class 0
[2026-07-19 13:51:04,981] 39 root - INFO - [Attacker] Label flip: 9 samples class 4 \u2192 class 0
[2026-07-19 13:51:04,987] 39 root - INFO - [Attacker] Label flip: 14 samples class 4 \u2192 class 0
[2026-07-19 13:51:04,995] 39 root - INFO - [Attacker] Label flip: 12 samples class 4 \u2192 class 0
[2026-07-19 13:51:05,001] 39 root - INFO - [Attacker] Label flip: 8 samples class 4 \u2192 class 0
[2026-07-19 13:51:05,008] 39 root - INFO - [Attacker] Label flip: 16 samples class 4 \u2192 class 0
[2026-07-19 13:51:05,016] 39 root - INFO - [Attacker] Label flip: 14 samples class 4 \u2192 class 0
[2026-07-19 13:51:05,024] 39 root - INFO - [Attacker] Label flip: 18 samples class 4 \u2192 class 0
[2026-07-19 13:51:05,030] 39 root - INFO - [Attacker] Label flip: 6 samples class 4 \u2192 class 0
[2026-07-19 13:51:05,038] 39 root - INFO - [Attacker] Label flip: 20 samples class 4 \u2192 class 0
[2026-07-19 13:51:05,046] 39 root - INFO - [Attacker] Label flip: 10 samples class 4 \u2192 class 0
[2026-07-19 13:51:05,052] 39 root - INFO - [Attacker] Label flip: 9 samples class 4 \u2192 class 0
[2026-07-19 13:51:05,059] 39 root - INFO - [Attacker] Label flip: 8 samples class 4 \u2192 class 0
[2026-07-19 13:51:05,067] 39 root - INFO - [Attacker] Label flip: 12 samples class 4 \u2192 class 0
[2026-07-19 13:51:05,073] 39 root - INFO - [Attacker] Label flip: 10 samples class 4 \u2192 class 0
[2026-07-19 13:51:05,081] 39 root - INFO - [Attacker] Label flip: 13 samples class 4 \u2192 class 0
[2026-07-19 13:51:05,089] 39 root - INFO - [Attacker] Label flip: 16 samples class 4 \u2192 class 0
[2026-07-19 13:51:05,095] 39 root - INFO - [Attacker] Label flip: 9 samples class 4 \u2192 class 0
[2026-07-19 13:51:05,103] 39 root - INFO - [Attacker] Label flip: 10 samples class 4 \u2192 class 0
[2026-07-19 13:51:05,111] 39 root - INFO - [Attacker] Label flip: 12 samples class 4 \u2192 class 0
[2026-07-19 13:51:05,117] 39 root - INFO - [Attacker] Label flip: 10 samples class 4 \u2192 class 0
[2026-07-19 13:51:05,125] 39 root - INFO - [Attacker] Label flip: 17 samples class 4 \u2192 class 0
[2026-07-19 13:51:05,132] 39 root - INFO - [Attacker] Label flip: 8 samples class 4 \u2192 class 0
[2026-07-19 13:51:05,140] 39 root - INFO - [Attacker] Label flip: 10 samples class 4 \u2192 class 0
[2026-07-19 13:51:05,146] 39 root - INFO - [Attacker] Label flip: 14 samples class 4 \u2192 class 0
[2026-07-19 13:51:05,154] 39 root - INFO - [Attacker] Label flip: 9 samples class 4 \u2192 class 0
[2026-07-19 13:51:05,162] 39 root - INFO - [Attacker] Label flip: 6 samples class 4 \u2192 class 0
[2026-07-19 13:51:05,170] 39 root - INFO - [Attacker] Label flip: 12 samples class 4 \u2192 class 0
[2026-07-19 13:51:05,176] 39 root - INFO - [Attacker] Label flip: 14 samples class 4 \u2192 class 0
[2026-07-19 13:51:05,184] 39 root - INFO - [Attacker] Label flip: 18 samples class 4 \u2192 class 0
[2026-07-19 13:51:54,278] 268 flwr - WARNING - DEPRECATED FEATURE: `client_fn` now expects a signature `def client_fn(context: Context)`.The provided `client_fn` has signature: {'cid': <Parameter "cid: str">}. You can import the `Context` like this: `from flwr.common import Context`

            This is a deprecated feature. It will be removed
            entirely in future versions of Flower.
        
[2026-07-19 13:51:54,282] 268 flwr - WARNING - DEPRECATED FEATURE: `client_fn` now expects a signature `def client_fn(context: Context)`.The provided `client_fn` has signature: {'cid': <Parameter "cid: str">}. You can import the `Context` like this: `from flwr.common import Context`

            This is a deprecated feature. It will be removed
            entirely in future versions of Flower.
        
[2026-07-19 13:51:54,285] 268 flwr - WARNING - DEPRECATED FEATURE: `client_fn` now expects a signature `def client_fn(context: Context)`.The provided `client_fn` has signature: {'cid': <Parameter "cid: str">}. You can import the `Context` like this: `from flwr.common import Context`

            This is a deprecated feature. It will be removed
            entirely in future versions of Flower.
        
[2026-07-19 13:51:54,293] 268 flwr - WARNING - DEPRECATED FEATURE: `client_fn` now expects a signature `def client_fn(context: Context)`.The provided `client_fn` has signature: {'cid': <Parameter "cid: str">}. You can import the `Context` like this: `from flwr.common import Context`

            This is a deprecated feature. It will be removed
            entirely in future versions of Flower.
        
[2026-07-19 13:51:54,296] 268 flwr - WARNING - DEPRECATED FEATURE: `client_fn` now expects a signature `def client_fn(context: Context)`.The provided `client_fn` has signature: {'cid': <Parameter "cid: str">}. You can import the `Context` like this: `from flwr.common import Context`

            This is a deprecated feature. It will be removed
            entirely in future versions of Flower.
        
[2026-07-19 13:51:54,399] 268 flwr - WARNING - DEPRECATED FEATURE: `client_fn` now expects a signature `def client_fn(context: Context)`.The provided `client_fn` has signature: {'cid': <Parameter "cid: str">}. You can import the `Context` like this: `from flwr.common import Context`

            This is a deprecated feature. It will be removed
            entirely in future versions of Flower.
        
[2026-07-19 13:51:54,456] 268 flwr - WARNING - DEPRECATED FEATURE: `client_fn` now expects a signature `def client_fn(context: Context)`.The provided `client_fn` has signature: {'cid': <Parameter "cid: str">}. You can import the `Context` like this: `from flwr.common import Context`

            This is a deprecated feature. It will be removed
            entirely in future versions of Flower.
        
[2026-07-19 13:51:54,929] 268 flwr - WARNING - DEPRECATED FEATURE: `client_fn` now expects a signature `def client_fn(context: Context)`.The provided `client_fn` has signature: {'cid': <Parameter "cid: str">}. You can import the `Context` like this: `from flwr.common import Context`

            This is a deprecated feature. It will be removed
            entirely in future versions of Flower.
        
[2026-07-19 13:51:55,024] 268 flwr - WARNING - DEPRECATED FEATURE: `client_fn` now expects a signature `def client_fn(context: Context)`.The provided `client_fn` has signature: {'cid': <Parameter "cid: str">}. You can import the `Context` like this: `from flwr.common import Context`

            This is a deprecated feature. It will be removed
            entirely in future versions of Flower.
        
[2026-07-19 13:51:55,217] 268 flwr - WARNING - DEPRECATED FEATURE: `client_fn` now expects a signature `def client_fn(context: Context)`.The provided `client_fn` has signature: {'cid': <Parameter "cid: str">}. You can import the `Context` like this: `from flwr.common import Context`

            This is a deprecated feature. It will be removed
            entirely in future versions of Flower.
        
[2026-07-19 13:51:55,611] 268 flwr - WARNING - DEPRECATED FEATURE: `client_fn` now expects a signature `def client_fn(context: Context)`.The provided `client_fn` has signature: {'cid': <Parameter "cid: str">}. You can import the `Context` like this: `from flwr.common import Context`

            This is a deprecated feature. It will be removed
            entirely in future versions of Flower.
        
[2026-07-19 13:51:55,623] 268 flwr - WARNING - DEPRECATED FEATURE: `client_fn` now expects a signature `def client_fn(context: Context)`.The provided `client_fn` has signature: {'cid': <Parameter "cid: str">}. You can import the `Context` like this: `from flwr.common import Context`

            This is a deprecated feature. It will be removed
            entirely in future versions of Flower.
        
[2026-07-19 13:51:55,842] 268 flwr - WARNING - DEPRECATED FEATURE: `client_fn` now expects a signature `def client_fn(context: Context)`.The provided `client_fn` has signature: {'cid': <Parameter "cid: str">}. You can import the `Context` like this: `from flwr.common import Context`

            This is a deprecated feature. It will be removed
            entirely in future versions of Flower.
        
[2026-07-19 13:51:56,167] 268 flwr - WARNING - DEPRECATED FEATURE: `client_fn` now expects a signature `def client_fn(context: Context)`.The provided `client_fn` has signature: {'cid': <Parameter "cid: str">}. You can import the `Context` like this: `from flwr.common import Context`

            This is a deprecated feature. It will be removed
            entirely in future versions of Flower.
        
[2026-07-19 13:51:56,193] 268 flwr - WARNING - DEPRECATED FEATURE: `client_fn` now expects a signature `def client_fn(context: Context)`.The provided `client_fn` has signature: {'cid': <Parameter "cid: str">}. You can import the `Context` like this: `from flwr.common import Context`

            This is a deprecated feature. It will be removed
            entirely in future versions of Flower.
        
[2026-07-19 13:51:59,204] 268 flwr - WARNING - DEPRECATED FEATURE: `client_fn` now expects a signature `def client_fn(context: Context)`.The provided `client_fn` has signature: {'cid': <Parameter "cid: str">}. You can import the `Context` like this: `from flwr.common import Context`

            This is a deprecated feature. It will be removed
            entirely in future versions of Flower.
        
[2026-07-19 13:51:59,208] 268 flwr - WARNING - DEPRECATED FEATURE: `client_fn` now expects a signature `def client_fn(context: Context)`.The provided `client_fn` has signature: {'cid': <Parameter "cid: str">}. You can import the `Context` like this: `from flwr.common import Context`

            This is a deprecated feature. It will be removed
            entirely in future versions of Flower.
        
[2026-07-19 13:51:59,210] 268 flwr - WARNING - DEPRECATED FEATURE: `client_fn` now expects a signature `def client_fn(context: Context)`.The provided `client_fn` has signature: {'cid': <Parameter "cid: str">}. You can import the `Context` like this: `from flwr.common import Context`

            This is a deprecated feature. It will be removed
            entirely in future versions of Flower.
        
[2026-07-19 13:51:59,214] 268 flwr - WARNING - DEPRECATED FEATURE: `client_fn` now expects a signature `def client_fn(context: Context)`.The provided `client_fn` has signature: {'cid': <Parameter "cid: str">}. You can import the `Context` like this: `from flwr.common import Context`

            This is a deprecated feature. It will be removed
            entirely in future versions of Flower.
        
[2026-07-19 13:51:59,221] 268 flwr - WARNING - DEPRECATED FEATURE: `client_fn` now expects a signature `def client_fn(context: Context)`.The provided `client_fn` has signature: {'cid': <Parameter "cid: str">}. You can import the `Context` like this: `from flwr.common import Context`

            This is a deprecated feature. It will be removed
            entirely in future versions of Flower.
        
[2026-07-19 13:52:00,026] 268 flwr - WARNING - DEPRECATED FEATURE: `client_fn` now expects a signature `def client_fn(context: Context)`.The provided `client_fn` has signature: {'cid': <Parameter "cid: str">}. You can import the `Context` like this: `from flwr.common import Context`

            This is a deprecated feature. It will be removed
            entirely in future versions of Flower.
        
[2026-07-19 13:52:01,309] 39 root - INFO - [Attacker] Label flip: 20 samples class 4 \u2192 class 0
[2026-07-19 13:52:01,317] 39 root - INFO - [Attacker] Label flip: 13 samples class 4 \u2192 class 0
[2026-07-19 13:52:01,325] 39 root - INFO - [Attacker] Label flip: 18 samples class 4 \u2192 class 0
[2026-07-19 13:52:01,333] 39 root - INFO - [Attacker] Label flip: 15 samples class 4 \u2192 class 0
[2026-07-19 13:52:01,341] 39 root - INFO - [Attacker] Label flip: 11 samples class 4 \u2192 class 0
[2026-07-19 13:52:01,347] 39 root - INFO - [Attacker] Label flip: 15 samples class 4 \u2192 class 0
[2026-07-19 13:52:01,355] 39 root - INFO - [Attacker] Label flip: 16 samples class 4 \u2192 class 0
[2026-07-19 13:52:01,363] 39 root - INFO - [Attacker] Label flip: 15 samples class 4 \u2192 class 0
[2026-07-19 13:52:01,370] 39 root - INFO - [Attacker] Label flip: 19 samples class 4 \u2192 class 0
[2026-07-19 13:52:01,376] 39 root - INFO - [Attacker] Label flip: 12 samples class 4 \u2192 class 0
[2026-07-19 13:52:01,384] 39 root - INFO - [Attacker] Label flip: 14 samples class 4 \u2192 class 0
[2026-07-19 13:52:01,393] 39 root - INFO - [Attacker] Label flip: 11 samples class 4 \u2192 class 0
[2026-07-19 13:52:01,400] 39 root - INFO - [Attacker] Label flip: 10 samples class 4 \u2192 class 0
[2026-07-19 13:52:01,408] 39 root - INFO - [Attacker] Label flip: 21 samples class 4 \u2192 class 0
[2026-07-19 13:52:01,416] 39 root - INFO - [Attacker] Label flip: 15 samples class 4 \u2192 class 0
[2026-07-19 13:52:01,422] 39 root - INFO - [Attacker] Label flip: 16 samples class 4 \u2192 class 0
[2026-07-19 13:52:01,430] 39 root - INFO - [Attacker] Label flip: 10 samples class 4 \u2192 class 0
[2026-07-19 13:52:01,438] 39 root - INFO - [Attacker] Label flip: 14 samples class 4 \u2192 class 0
[2026-07-19 13:52:01,444] 39 root - INFO - [Attacker] Label flip: 22 samples class 4 \u2192 class 0
[2026-07-19 13:52:01,452] 39 root - INFO - [Attacker] Label flip: 16 samples class 4 \u2192 class 0
[2026-07-19 13:52:01,460] 39 root - INFO - [Attacker] Label flip: 9 samples class 4 \u2192 class 0
[2026-07-19 13:52:01,467] 39 root - INFO - [Attacker] Label flip: 15 samples class 4 \u2192 class 0
[2026-07-19 13:52:01,475] 39 root - INFO - [Attacker] Label flip: 10 samples class 4 \u2192 class 0
[2026-07-19 13:52:01,481] 39 root - INFO - [Attacker] Label flip: 11 samples class 4 \u2192 class 0
[2026-07-19 13:52:01,489] 39 root - INFO - [Attacker] Label flip: 15 samples class 4 \u2192 class 0
[2026-07-19 13:52:01,497] 39 root - INFO - [Attacker] Label flip: 17 samples class 4 \u2192 class 0
[2026-07-19 13:52:01,504] 39 root - INFO - [Attacker] Label flip: 7 samples class 4 \u2192 class 0
[2026-07-19 13:52:01,511] 39 root - INFO - [Attacker] Label flip: 13 samples class 4 \u2192 class 0
[2026-07-19 13:52:01,519] 39 root - INFO - [Attacker] Label flip: 11 samples class 4 \u2192 class 0
[2026-07-19 13:52:01,529] 39 root - INFO - [Attacker] Label flip: 14 samples class 4 \u2192 class 0
[2026-07-19 13:52:01,535] 39 root - INFO - [Attacker] Label flip: 10 samples class 4 \u2192 class 0
[2026-07-19 13:52:01,543] 39 root - INFO - [Attacker] Label flip: 17 samples class 4 \u2192 class 0
[2026-07-19 13:52:01,551] 39 root - INFO - [Attacker] Label flip: 17 samples class 4 \u2192 class 0
[2026-07-19 13:52:01,558] 39 root - INFO - [Attacker] Label flip: 12 samples class 4 \u2192 class 0
[2026-07-19 13:52:01,566] 39 root - INFO - [Attacker] Label flip: 17 samples class 4 \u2192 class 0
[2026-07-19 13:52:01,574] 39 root - INFO - [Attacker] Label flip: 15 samples class 4 \u2192 class 0
[2026-07-19 13:52:01,582] 39 root - INFO - [Attacker] Label flip: 9 samples class 4 \u2192 class 0
[2026-07-19 13:52:01,588] 39 root - INFO - [Attacker] Label flip: 16 samples class 4 \u2192 class 0
[2026-07-19 13:52:01,596] 39 root - INFO - [Attacker] Label flip: 14 samples class 4 \u2192 class 0
[2026-07-19 13:52:01,604] 39 root - INFO - [Attacker] Label flip: 13 samples class 4 \u2192 class 0
[2026-07-19 13:52:01,610] 39 root - INFO - [Attacker] Label flip: 18 samples class 4 \u2192 class 0
[2026-07-19 13:52:01,618] 39 root - INFO - [Attacker] Label flip: 12 samples class 4 \u2192 class 0
[2026-07-19 13:52:01,627] 39 root - INFO - [Attacker] Label flip: 11 samples class 4 \u2192 class 0
[2026-07-19 13:52:01,635] 39 root - INFO - [Attacker] Label flip: 17 samples class 4 \u2192 class 0
[2026-07-19 13:52:01,641] 39 root - INFO - [Attacker] Label flip: 19 samples class 4 \u2192 class 0
[2026-07-19 13:52:01,648] 39 root - INFO - [Attacker] Label flip: 9 samples class 4 \u2192 class 0
[2026-07-19 13:52:01,658] 39 root - INFO - [Attacker] Label flip: 12 samples class 4 \u2192 class 0
[2026-07-19 13:52:01,666] 39 root - INFO - [Attacker] Label flip: 19 samples class 4 \u2192 class 0
[2026-07-19 13:52:01,672] 39 root - INFO - [Attacker] Label flip: 14 samples class 4 \u2192 class 0
[2026-07-19 13:52:01,680] 39 root - INFO - [Attacker] Label flip: 14 samples class 4 \u2192 class 0
[2026-07-19 13:52:01,688] 39 root - INFO - [Attacker] Label flip: 12 samples class 4 \u2192 class 0
[2026-07-19 13:52:01,702] 39 root - INFO - [Attacker] Label flip: 17 samples class 4 \u2192 class 0
[2026-07-19 13:52:01,710] 39 root - INFO - [Attacker] Label flip: 8 samples class 4 \u2192 class 0
[2026-07-19 13:52:01,716] 39 root - INFO - [Attacker] Label flip: 13 samples class 4 \u2192 class 0
[2026-07-19 13:52:01,724] 39 root - INFO - [Attacker] Label flip: 13 samples class 4 \u2192 class 0
[2026-07-19 13:52:01,731] 39 root - INFO - [Attacker] Label flip: 10 samples class 4 \u2192 class 0
[2026-07-19 13:52:01,739] 39 root - INFO - [Attacker] Label flip: 19 samples class 4 \u2192 class 0
[2026-07-19 13:52:01,747] 39 root - INFO - [Attacker] Label flip: 15 samples class 4 \u2192 class 0
[2026-07-19 13:52:01,753] 39 root - INFO - [Attacker] Label flip: 13 samples class 4 \u2192 class 0
[2026-07-19 13:52:01,791] 39 root - INFO - [Attacker] Label flip: 14 samples class 4 \u2192 class 0
[2026-07-19 13:52:01,799] 39 root - INFO - [Attacker] Label flip: 16 samples class 4 \u2192 class 0
[2026-07-19 13:52:01,806] 39 root - INFO - [Attacker] Label flip: 14 samples class 4 \u2192 class 0
[2026-07-19 13:52:01,812] 39 root - INFO - [Attacker] Label flip: 14 samples class 4 \u2192 class 0
[2026-07-19 13:52:01,820] 39 root - INFO - [Attacker] Label flip: 16 samples class 4 \u2192 class 0
[2026-07-19 13:52:01,832] 39 root - INFO - [Attacker] Label flip: 15 samples class 4 \u2192 class 0
[2026-07-19 13:52:01,840] 39 root - INFO - [Attacker] Label flip: 17 samples class 4 \u2192 class 0
[2026-07-19 13:52:01,848] 39 root - INFO - [Attacker] Label flip: 11 samples class 4 \u2192 class 0
[2026-07-19 13:52:01,856] 39 root - INFO - [Attacker] Label flip: 10 samples class 4 \u2192 class 0
[2026-07-19 13:52:01,870] 39 root - INFO - [Attacker] Label flip: 11 samples class 4 \u2192 class 0
[2026-07-19 13:52:01,878] 39 root - INFO - [Attacker] Label flip: 17 samples class 4 \u2192 class 0
[2026-07-19 13:52:01,883] 39 root - INFO - [Attacker] Label flip: 10 samples class 4 \u2192 class 0
[2026-07-19 13:52:01,891] 39 root - INFO - [Attacker] Label flip: 19 samples class 4 \u2192 class 0
[2026-07-19 13:52:01,899] 39 root - INFO - [Attacker] Label flip: 12 samples class 4 \u2192 class 0
[2026-07-19 13:52:01,907] 39 root - INFO - [Attacker] Label flip: 13 samples class 4 \u2192 class 0
[2026-07-19 13:52:01,915] 39 root - INFO - [Attacker] Label flip: 14 samples class 4 \u2192 class 0
[2026-07-19 13:52:01,921] 39 root - INFO - [Attacker] Label flip: 12 samples class 4 \u2192 class 0
[2026-07-19 13:52:01,929] 39 root - INFO - [Attacker] Label flip: 8 samples class 4 \u2192 class 0
[2026-07-19 13:52:01,939] 39 root - INFO - [Attacker] Label flip: 12 samples class 4 \u2192 class 0
[2026-07-19 13:52:01,946] 39 root - INFO - [Attacker] Label flip: 7 samples class 4 \u2192 class 0
[2026-07-19 13:52:01,953] 39 root - INFO - [Attacker] Label flip: 15 samples class 4 \u2192 class 0
[2026-07-19 13:52:01,961] 39 root - INFO - [Attacker] Label flip: 10 samples class 4 \u2192 class 0
[2026-07-19 13:52:01,968] 39 root - INFO - [Attacker] Label flip: 16 samples class 4 \u2192 class 0
[2026-07-19 13:52:01,976] 39 root - INFO - [Attacker] Label flip: 11 samples class 4 \u2192 class 0
[2026-07-19 13:52:01,984] 39 root - INFO - [Attacker] Label flip: 11 samples class 4 \u2192 class 0
[2026-07-19 13:52:01,992] 39 root - INFO - [Attacker] Label flip: 15 samples class 4 \u2192 class 0
[2026-07-19 13:52:02,000] 39 root - INFO - [Attacker] Label flip: 13 samples class 4 \u2192 class 0
[2026-07-19 13:52:02,008] 39 root - INFO - [Attacker] Label flip: 12 samples class 4 \u2192 class 0
[2026-07-19 13:52:02,014] 39 root - INFO - [Attacker] Label flip: 15 samples class 4 \u2192 class 0
[2026-07-19 13:52:02,022] 39 root - INFO - [Attacker] Label flip: 5 samples class 4 \u2192 class 0
[2026-07-19 13:52:02,029] 39 root - INFO - [Attacker] Label flip: 12 samples class 4 \u2192 class 0
[2026-07-19 13:52:02,037] 39 root - INFO - [Attacker] Label flip: 12 samples class 4 \u2192 class 0
[2026-07-19 13:52:02,045] 39 root - INFO - [Attacker] Label flip: 15 samples class 4 \u2192 class 0
[2026-07-19 13:52:02,053] 39 root - INFO - [Attacker] Label flip: 19 samples class 4 \u2192 class 0
[2026-07-19 13:52:02,061] 39 root - INFO - [Attacker] Label flip: 16 samples class 4 \u2192 class 0
[2026-07-19 13:52:02,069] 39 root - INFO - [Attacker] Label flip: 10 samples class 4 \u2192 class 0
[2026-07-19 13:52:02,077] 39 root - INFO - [Attacker] Label flip: 9 samples class 4 \u2192 class 0
[2026-07-19 13:52:02,085] 39 root - INFO - [Attacker] Label flip: 16 samples class 4 \u2192 class 0
[2026-07-19 13:52:02,093] 39 root - INFO - [Attacker] Label flip: 11 samples class 4 \u2192 class 0
[2026-07-19 13:52:02,100] 39 root - INFO - [Attacker] Label flip: 8 samples class 4 \u2192 class 0
[2026-07-19 13:52:02,112] 39 root - INFO - [Attacker] Label flip: 13 samples class 4 \u2192 class 0
[2026-07-19 13:52:02,120] 39 root - INFO - [Attacker] Label flip: 11 samples class 4 \u2192 class 0
[2026-07-19 13:52:02,128] 39 root - INFO - [Attacker] Label flip: 13 samples class 4 \u2192 class 0
[2026-07-19 13:52:02,136] 39 root - INFO - [Attacker] Label flip: 11 samples class 4 \u2192 class 0
[2026-07-19 13:52:02,144] 39 root - INFO - [Attacker] Label flip: 15 samples class 4 \u2192 class 0
[2026-07-19 13:52:02,150] 39 root - INFO - [Attacker] Label flip: 14 samples class 4 \u2192 class 0
[2026-07-19 13:52:02,159] 39 root - INFO - [Attacker] Label flip: 12 samples class 4 \u2192 class 0
[2026-07-19 13:52:02,167] 39 root - INFO - [Attacker] Label flip: 14 samples class 4 \u2192 class 0
[2026-07-19 13:52:02,176] 39 root - INFO - [Attacker] Label flip: 9 samples class 4 \u2192 class 0
[2026-07-19 13:52:02,182] 39 root - INFO - [Attacker] Label flip: 13 samples class 4 \u2192 class 0
[2026-07-19 13:52:02,190] 39 root - INFO - [Attacker] Label flip: 14 samples class 4 \u2192 class 0
[2026-07-19 13:52:02,198] 39 root - INFO - [Attacker] Label flip: 15 samples class 4 \u2192 class 0
[2026-07-19 13:52:02,205] 39 root - INFO - [Attacker] Label flip: 7 samples class 4 \u2192 class 0
[2026-07-19 13:52:02,213] 39 root - INFO - [Attacker] Label flip: 6 samples class 4 \u2192 class 0
[2026-07-19 13:52:02,221] 39 root - INFO - [Attacker] Label flip: 9 samples class 4 \u2192 class 0
[2026-07-19 13:52:02,229] 39 root - INFO - [Attacker] Label flip: 14 samples class 4 \u2192 class 0
[2026-07-19 13:52:02,235] 39 root - INFO - [Attacker] Label flip: 14 samples class 4 \u2192 class 0
[2026-07-19 13:52:02,245] 39 root - INFO - [Attacker] Label flip: 14 samples class 4 \u2192 class 0
[2026-07-19 13:52:02,253] 39 root - INFO - [Attacker] Label flip: 11 samples class 4 \u2192 class 0
[2026-07-19 13:52:02,261] 39 root - INFO - [Attacker] Label flip: 15 samples class 4 \u2192 class 0
[2026-07-19 13:52:02,268] 39 root - INFO - [Attacker] Label flip: 16 samples class 4 \u2192 class 0
[2026-07-19 13:52:02,278] 39 root - INFO - [Attacker] Label flip: 15 samples class 4 \u2192 class 0
[2026-07-19 13:52:02,284] 39 root - INFO - [Attacker] Label flip: 9 samples class 4 \u2192 class 0
[2026-07-19 13:52:02,292] 39 root - INFO - [Attacker] Label flip: 13 samples class 4 \u2192 class 0
[2026-07-19 13:52:02,300] 39 root - INFO - [Attacker] Label flip: 10 samples class 4 \u2192 class 0
[2026-07-19 13:52:02,308] 39 root - INFO - [Attacker] Label flip: 9 samples class 4 \u2192 class 0
[2026-07-19 13:52:02,316] 39 root - INFO - [Attacker] Label flip: 15 samples class 4 \u2192 class 0
[2026-07-19 13:52:02,324] 39 root - INFO - [Attacker] Label flip: 13 samples class 4 \u2192 class 0
[2026-07-19 13:52:02,331] 39 root - INFO - [Attacker] Label flip: 10 samples class 4 \u2192 class 0
[2026-07-19 13:52:02,337] 39 root - INFO - [Attacker] Label flip: 10 samples class 4 \u2192 class 0
[2026-07-19 13:52:02,345] 39 root - INFO - [Attacker] Label flip: 7 samples class 4 \u2192 class 0
[2026-07-19 13:52:02,353] 39 root - INFO - [Attacker] Label flip: 12 samples class 4 \u2192 class 0
[2026-07-19 13:52:02,361] 39 root - INFO - [Attacker] Label flip: 12 samples class 4 \u2192 class 0
[2026-07-19 13:52:02,369] 39 root - INFO - [Attacker] Label flip: 13 samples class 4 \u2192 class 0
[2026-07-19 13:52:02,375] 39 root - INFO - [Attacker] Label flip: 18 samples class 4 \u2192 class 0
[2026-07-19 13:52:02,383] 39 root - INFO - [Attacker] Label flip: 11 samples class 4 \u2192 class 0
[2026-07-19 13:52:02,391] 39 root - INFO - [Attacker] Label flip: 17 samples class 4 \u2192 class 0
[2026-07-19 13:52:02,399] 39 root - INFO - [Attacker] Label flip: 13 samples class 4 \u2192 class 0
[2026-07-19 13:52:02,410] 39 root - INFO - [Attacker] Label flip: 11 samples class 4 \u2192 class 0
[2026-07-19 13:52:02,416] 39 root - INFO - [Attacker] Label flip: 13 samples class 4 \u2192 class 0
[2026-07-19 13:52:02,424] 39 root - INFO - [Attacker] Label flip: 12 samples class 4 \u2192 class 0
[2026-07-19 13:52:02,432] 39 root - INFO - [Attacker] Label flip: 15 samples class 4 \u2192 class 0
[2026-07-19 13:52:02,440] 39 root - INFO - [Attacker] Label flip: 8 samples class 4 \u2192 class 0
[2026-07-19 13:52:02,450] 39 root - INFO - [Attacker] Label flip: 15 samples class 4 \u2192 class 0
[2026-07-19 13:52:02,458] 39 root - INFO - [Attacker] Label flip: 12 samples class 4 \u2192 class 0
[2026-07-19 13:52:02,464] 39 root - INFO - [Attacker] Label flip: 18 samples class 4 \u2192 class 0
[2026-07-19 13:52:02,472] 39 root - INFO - [Attacker] Label flip: 11 samples class 4 \u2192 class 0
[2026-07-19 13:52:02,480] 39 root - INFO - [Attacker] Label flip: 12 samples class 4 \u2192 class 0
[2026-07-19 13:52:02,488] 39 root - INFO - [Attacker] Label flip: 11 samples class 4 \u2192 class 0
[2026-07-19 13:52:02,493] 39 root - INFO - [Attacker] Label flip: 14 samples class 4 \u2192 class 0
[2026-07-19 13:52:02,501] 39 root - INFO - [Attacker] Label flip: 14 samples class 4 \u2192 class 0
[2026-07-19 13:52:02,511] 39 root - INFO - [Attacker] Label flip: 7 samples class 4 \u2192 class 0
[2026-07-19 13:52:02,519] 39 root - INFO - [Attacker] Label flip: 6 samples class 4 \u2192 class 0
[2026-07-19 13:52:02,527] 39 root - INFO - [Attacker] Label flip: 5 samples class 4 \u2192 class 0
[2026-07-19 13:52:02,533] 39 root - INFO - [Attacker] Label flip: 15 samples class 4 \u2192 class 0
[2026-07-19 13:52:02,541] 39 root - INFO - [Attacker] Label flip: 15 samples class 4 \u2192 class 0
[2026-07-19 13:52:02,553] 39 root - INFO - [Attacker] Label flip: 10 samples class 4 \u2192 class 0
[2026-07-19 13:52:02,561] 39 root - INFO - [Attacker] Label flip: 9 samples class 4 \u2192 class 0
[2026-07-19 13:52:02,568] 39 root - INFO - [Attacker] Label flip: 18 samples class 4 \u2192 class 0
[2026-07-19 13:52:02,576] 39 root - INFO - [Attacker] Label flip: 8 samples class 4 \u2192 class 0
[2026-07-19 13:52:02,586] 39 root - INFO - [Attacker] Label flip: 9 samples class 4 \u2192 class 0
[2026-07-19 13:52:02,594] 39 root - INFO - [Attacker] Label flip: 7 samples class 4 \u2192 class 0
[2026-07-19 13:52:02,602] 39 root - INFO - [Attacker] Label flip: 16 samples class 4 \u2192 class 0
[2026-07-19 13:52:02,610] 39 root - INFO - [Attacker] Label flip: 14 samples class 4 \u2192 class 0
[2026-07-19 13:52:02,620] 39 root - INFO - [Attacker] Label flip: 8 samples class 4 \u2192 class 0
[2026-07-19 13:52:02,628] 39 root - INFO - [Attacker] Label flip: 7 samples class 4 \u2192 class 0
[2026-07-19 13:52:02,635] 39 root - INFO - [Attacker] Label flip: 10 samples class 4 \u2192 class 0
[2026-07-19 13:52:02,643] 39 root - INFO - [Attacker] Label flip: 7 samples class 4 \u2192 class 0
[2026-07-19 13:52:02,651] 39 root - INFO - [Attacker] Label flip: 10 samples class 4 \u2192 class 0
[2026-07-19 13:52:02,659] 39 root - INFO - [Attacker] Label flip: 16 samples class 4 \u2192 class 0
[2026-07-19 13:52:02,667] 39 root - INFO - [Attacker] Label flip: 10 samples class 4 \u2192 class 0
[2026-07-19 13:52:02,675] 39 root - INFO - [Attacker] Label flip: 12 samples class 4 \u2192 class 0
[2026-07-19 13:52:02,685] 39 root - INFO - [Attacker] Label flip: 14 samples class 4 \u2192 class 0
[2026-07-19 13:52:02,691] 39 root - INFO - [Attacker] Label flip: 7 samples class 4 \u2192 class 0
[2026-07-19 13:52:02,700] 39 root - INFO - [Attacker] Label flip: 13 samples class 4 \u2192 class 0
[2026-07-19 13:52:02,707] 39 root - INFO - [Attacker] Label flip: 6 samples class 4 \u2192 class 0
[2026-07-19 13:52:02,717] 39 root - INFO - [Attacker] Label flip: 10 samples class 4 \u2192 class 0
[2026-07-19 13:52:02,725] 39 root - INFO - [Attacker] Label flip: 17 samples class 4 \u2192 class 0
[2026-07-19 13:52:02,733] 39 root - INFO - [Attacker] Label flip: 10 samples class 4 \u2192 class 0
[2026-07-19 13:52:02,741] 39 root - INFO - [Attacker] Label flip: 14 samples class 4 \u2192 class 0
[2026-07-19 13:52:02,749] 39 root - INFO - [Attacker] Label flip: 8 samples class 4 \u2192 class 0
[2026-07-19 13:52:02,759] 39 root - INFO - [Attacker] Label flip: 12 samples class 4 \u2192 class 0
[2026-07-19 13:52:02,766] 39 root - INFO - [Attacker] Label flip: 16 samples class 4 \u2192 class 0
[2026-07-19 13:52:02,772] 39 root - INFO - [Attacker] Label flip: 13 samples class 4 \u2192 class 0
[2026-07-19 13:52:02,780] 39 root - INFO - [Attacker] Label flip: 16 samples class 4 \u2192 class 0
[2026-07-19 13:52:02,792] 39 root - INFO - [Attacker] Label flip: 13 samples class 4 \u2192 class 0
[2026-07-19 13:52:02,800] 39 root - INFO - [Attacker] Label flip: 9 samples class 4 \u2192 class 0
[2026-07-19 13:52:02,808] 39 root - INFO - [Attacker] Label flip: 13 samples class 4 \u2192 class 0
[2026-07-19 13:52:02,816] 39 root - INFO - [Attacker] Label flip: 17 samples class 4 \u2192 class 0
[2026-07-19 13:52:02,825] 39 root - INFO - [Attacker] Label flip: 16 samples class 4 \u2192 class 0
[2026-07-19 13:52:02,832] 39 root - INFO - [Attacker] Label flip: 9 samples class 4 \u2192 class 0
[2026-07-19 13:52:02,840] 39 root - INFO - [Attacker] Label flip: 17 samples class 4 \u2192 class 0
[2026-07-19 13:52:02,848] 39 root - INFO - [Attacker] Label flip: 12 samples class 4 \u2192 class 0
[2026-07-19 13:52:02,858] 39 root - INFO - [Attacker] Label flip: 15 samples class 4 \u2192 class 0
[2026-07-19 13:52:02,865] 39 root - INFO - [Attacker] Label flip: 19 samples class 4 \u2192 class 0
[2026-07-19 13:52:02,873] 39 root - INFO - [Attacker] Label flip: 13 samples class 4 \u2192 class 0
[2026-07-19 13:52:02,879] 39 root - INFO - [Attacker] Label flip: 16 samples class 4 \u2192 class 0
[2026-07-19 13:52:02,889] 39 root - INFO - [Attacker] Label flip: 12 samples class 4 \u2192 class 0
[2026-07-19 13:52:02,897] 39 root - INFO - [Attacker] Label flip: 13 samples class 4 \u2192 class 0
[2026-07-19 13:52:02,905] 39 root - INFO - [Attacker] Label flip: 12 samples class 4 \u2192 class 0
[2026-07-19 13:52:02,913] 39 root - INFO - [Attacker] Label flip: 8 samples class 4 \u2192 class 0
[2026-07-19 13:52:02,921] 39 root - INFO - [Attacker] Label flip: 13 samples class 4 \u2192 class 0
[2026-07-19 13:52:02,927] 39 root - INFO - [Attacker] Label flip: 10 samples class 4 \u2192 class 0
[2026-07-19 13:52:02,935] 39 root - INFO - [Attacker] Label flip: 12 samples class 4 \u2192 class 0
[2026-07-19 13:52:02,942] 39 root - INFO - [Attacker] Label flip: 11 samples class 4 \u2192 class 0
[2026-07-19 13:52:02,950] 39 root - INFO - [Attacker] Label flip: 12 samples class 4 \u2192 class 0
[2026-07-19 13:52:02,959] 39 root - INFO - [Attacker] Label flip: 17 samples class 4 \u2192 class 0
[2026-07-19 13:52:02,967] 39 root - INFO - [Attacker] Label flip: 12 samples class 4 \u2192 class 0
[2026-07-19 13:52:02,974] 39 root - INFO - [Attacker] Label flip: 15 samples class 4 \u2192 class 0
[2026-07-19 13:52:02,980] 39 root - INFO - [Attacker] Label flip: 20 samples class 4 \u2192 class 0
[2026-07-19 13:52:02,992] 39 root - INFO - [Attacker] Label flip: 16 samples class 4 \u2192 class 0
[2026-07-19 13:52:02,998] 39 root - INFO - [Attacker] Label flip: 17 samples class 4 \u2192 class 0
[2026-07-19 13:52:03,006] 39 root - INFO - [Attacker] Label flip: 13 samples class 4 \u2192 class 0
[2026-07-19 13:52:03,014] 39 root - INFO - [Attacker] Label flip: 9 samples class 4 \u2192 class 0
[2026-07-19 13:52:03,024] 39 root - INFO - [Attacker] Label flip: 7 samples class 4 \u2192 class 0
[2026-07-19 13:52:03,032] 39 root - INFO - [Attacker] Label flip: 8 samples class 4 \u2192 class 0
[2026-07-19 13:52:03,040] 39 root - INFO - [Attacker] Label flip: 12 samples class 4 \u2192 class 0
[2026-07-19 13:52:03,046] 39 root - INFO - [Attacker] Label flip: 11 samples class 4 \u2192 class 0
[2026-07-19 13:52:03,055] 39 root - INFO - [Attacker] Label flip: 18 samples class 4 \u2192 class 0
[2026-07-19 13:52:03,061] 39 root - INFO - [Attacker] Label flip: 13 samples class 4 \u2192 class 0
[2026-07-19 13:52:03,069] 39 root - INFO - [Attacker] Label flip: 8 samples class 4 \u2192 class 0
[2026-07-19 13:52:03,077] 39 root - INFO - [Attacker] Label flip: 12 samples class 4 \u2192 class 0
[2026-07-19 13:52:03,085] 39 root - INFO - [Attacker] Label flip: 12 samples class 4 \u2192 class 0
[2026-07-19 13:52:03,094] 39 root - INFO - [Attacker] Label flip: 14 samples class 4 \u2192 class 0
[2026-07-19 13:52:03,101] 39 root - INFO - [Attacker] Label flip: 19 samples class 4 \u2192 class 0
[2026-07-19 13:52:03,109] 39 root - INFO - [Attacker] Label flip: 10 samples class 4 \u2192 class 0
[2026-07-19 13:52:03,117] 39 root - INFO - [Attacker] Label flip: 11 samples class 4 \u2192 class 0
[2026-07-19 13:52:03,125] 39 root - INFO - [Attacker] Label flip: 11 samples class 4 \u2192 class 0
[2026-07-19 13:52:03,133] 39 root - INFO - [Attacker] Label flip: 13 samples class 4 \u2192 class 0
[2026-07-19 13:52:03,141] 39 root - INFO - [Attacker] Label flip: 11 samples class 4 \u2192 class 0
[2026-07-19 13:52:03,148] 39 root - INFO - [Attacker] Label flip: 8 samples class 4 \u2192 class 0
[2026-07-19 13:52:03,156] 39 root - INFO - [Attacker] Label flip: 10 samples class 4 \u2192 class 0
[2026-07-19 13:52:03,164] 39 root - INFO - [Attacker] Label flip: 17 samples class 4 \u2192 class 0
[2026-07-19 13:52:03,172] 39 root - INFO - [Attacker] Label flip: 16 samples class 4 \u2192 class 0
[2026-07-19 13:52:03,180] 39 root - INFO - [Attacker] Label flip: 11 samples class 4 \u2192 class 0
[2026-07-19 13:52:03,190] 39 root - INFO - [Attacker] Label flip: 21 samples class 4 \u2192 class 0
[2026-07-19 13:52:03,198] 39 root - INFO - [Attacker] Label flip: 12 samples class 4 \u2192 class 0
[2026-07-19 13:52:03,204] 39 root - INFO - [Attacker] Label flip: 16 samples class 4 \u2192 class 0
[2026-07-19 13:52:03,212] 39 root - INFO - [Attacker] Label flip: 15 samples class 4 \u2192 class 0
[2026-07-19 13:52:03,220] 39 root - INFO - [Attacker] Label flip: 11 samples class 4 \u2192 class 0
[2026-07-19 13:52:03,228] 39 root - INFO - [Attacker] Label flip: 14 samples class 4 \u2192 class 0
[2026-07-19 13:52:03,237] 39 root - INFO - [Attacker] Label flip: 10 samples class 4 \u2192 class 0
[2026-07-19 13:52:03,243] 39 root - INFO - [Attacker] Label flip: 22 samples class 4 \u2192 class 0
[2026-07-19 13:52:03,252] 39 root - INFO - [Attacker] Label flip: 6 samples class 4 \u2192 class 0
[2026-07-19 13:52:03,260] 39 root - INFO - [Attacker] Label flip: 9 samples class 4 \u2192 class 0
[2026-07-19 13:52:03,268] 39 root - INFO - [Attacker] Label flip: 16 samples class 4 \u2192 class 0
[2026-07-19 13:52:03,276] 39 root - INFO - [Attacker] Label flip: 17 samples class 4 \u2192 class 0
[2026-07-19 13:52:03,284] 39 root - INFO - [Attacker] Label flip: 16 samples class 4 \u2192 class 0
[2026-07-19 13:52:03,292] 39 root - INFO - [Attacker] Label flip: 17 samples class 4 \u2192 class 0
[2026-07-19 13:52:03,300] 39 root - INFO - [Attacker] Label flip: 11 samples class 4 \u2192 class 0
[2026-07-19 13:52:03,306] 39 root - INFO - [Attacker] Label flip: 17 samples class 4 \u2192 class 0
[2026-07-19 13:52:03,314] 39 root - INFO - [Attacker] Label flip: 11 samples class 4 \u2192 class 0
[2026-07-19 13:52:03,322] 39 root - INFO - [Attacker] Label flip: 10 samples class 4 \u2192 class 0
[2026-07-19 13:52:03,330] 39 root - INFO - [Attacker] Label flip: 10 samples class 4 \u2192 class 0
[2026-07-19 13:52:03,337] 39 root - INFO - [Attacker] Label flip: 15 samples class 4 \u2192 class 0
[2026-07-19 13:52:03,345] 39 root - INFO - [Attacker] Label flip: 15 samples class 4 \u2192 class 0
[2026-07-19 13:52:03,354] 39 root - INFO - [Attacker] Label flip: 13 samples class 4 \u2192 class 0
[2026-07-19 13:52:03,360] 39 root - INFO - [Attacker] Label flip: 19 samples class 4 \u2192 class 0
[2026-07-19 13:52:03,369] 39 root - INFO - [Attacker] Label flip: 13 samples class 4 \u2192 class 0
[2026-07-19 13:52:03,375] 39 root - INFO - [Attacker] Label flip: 10 samples class 4 \u2192 class 0
[2026-07-19 13:52:03,387] 39 root - INFO - [Attacker] Label flip: 11 samples class 4 \u2192 class 0
[2026-07-19 13:52:03,393] 39 root - INFO - [Attacker] Label flip: 9 samples class 4 \u2192 class 0
[2026-07-19 13:52:03,401] 39 root - INFO - [Attacker] Label flip: 13 samples class 4 \u2192 class 0
[2026-07-19 13:52:03,409] 39 root - INFO - [Attacker] Label flip: 18 samples class 4 \u2192 class 0
[2026-07-19 13:52:03,417] 39 root - INFO - [Attacker] Label flip: 9 samples class 4 \u2192 class 0
[2026-07-19 13:52:03,425] 39 root - INFO - [Attacker] Label flip: 16 samples class 4 \u2192 class 0
[2026-07-19 13:52:03,432] 39 root - INFO - [Attacker] Label flip: 14 samples class 4 \u2192 class 0
[2026-07-19 13:52:03,441] 39 root - INFO - [Attacker] Label flip: 14 samples class 4 \u2192 class 0
[2026-07-19 13:52:03,450] 39 root - INFO - [Attacker] Label flip: 12 samples class 4 \u2192 class 0
[2026-07-19 13:52:03,458] 39 root - INFO - [Attacker] Label flip: 12 samples class 4 \u2192 class 0
[2026-07-19 13:52:03,464] 39 root - INFO - [Attacker] Label flip: 12 samples class 4 \u2192 class 0
[2026-07-19 13:52:03,472] 39 root - INFO - [Attacker] Label flip: 15 samples class 4 \u2192 class 0
[2026-07-19 13:52:03,481] 39 root - INFO - [Attacker] Label flip: 8 samples class 4 \u2192 class 0
[2026-07-19 13:52:03,490] 39 root - INFO - [Attacker] Label flip: 10 samples class 4 \u2192 class 0
[2026-07-19 13:52:03,498] 39 root - INFO - [Attacker] Label flip: 16 samples class 4 \u2192 class 0
[2026-07-19 13:52:03,504] 39 root - INFO - [Attacker] Label flip: 16 samples class 4 \u2192 class 0
[2026-07-19 13:52:03,516] 39 root - INFO - [Attacker] Label flip: 15 samples class 4 \u2192 class 0
[2026-07-19 13:52:03,524] 39 root - INFO - [Attacker] Label flip: 20 samples class 4 \u2192 class 0
[2026-07-19 13:52:03,530] 39 root - INFO - [Attacker] Label flip: 9 samples class 4 \u2192 class 0
[2026-07-19 13:52:03,537] 39 root - INFO - [Attacker] Label flip: 15 samples class 4 \u2192 class 0
[2026-07-19 13:52:03,545] 39 root - INFO - [Attacker] Label flip: 11 samples class 4 \u2192 class 0
[2026-07-19 13:52:03,553] 39 root - INFO - [Attacker] Label flip: 14 samples class 4 \u2192 class 0
[2026-07-19 13:52:03,561] 39 root - INFO - [Attacker] Label flip: 8 samples class 4 \u2192 class 0
[2026-07-19 13:52:03,569] 39 root - INFO - [Attacker] Label flip: 13 samples class 4 \u2192 class 0
[2026-07-19 13:52:03,577] 39 root - INFO - [Attacker] Label flip: 14 samples class 4 \u2192 class 0
[2026-07-19 13:52:03,585] 39 root - INFO - [Attacker] Label flip: 14 samples class 4 \u2192 class 0
[2026-07-19 13:52:03,593] 39 root - INFO - [Attacker] Label flip: 9 samples class 4 \u2192 class 0
[2026-07-19 13:52:03,601] 39 root - INFO - [Attacker] Label flip: 11 samples class 4 \u2192 class 0
[2026-07-19 13:52:03,609] 39 root - INFO - [Attacker] Label flip: 10 samples class 4 \u2192 class 0
[2026-07-19 13:52:03,619] 39 root - INFO - [Attacker] Label flip: 16 samples class 4 \u2192 class 0
[2026-07-19 13:52:03,627] 39 root - INFO - [Attacker] Label flip: 15 samples class 4 \u2192 class 0
[2026-07-19 13:52:03,634] 39 root - INFO - [Attacker] Label flip: 10 samples class 4 \u2192 class 0
[2026-07-19 13:52:03,643] 39 root - INFO - [Attacker] Label flip: 14 samples class 4 \u2192 class 0
[2026-07-19 13:52:03,650] 39 root - INFO - [Attacker] Label flip: 14 samples class 4 \u2192 class 0
[2026-07-19 13:52:03,658] 39 root - INFO - [Attacker] Label flip: 13 samples class 4 \u2192 class 0
[2026-07-19 13:52:03,666] 39 root - INFO - [Attacker] Label flip: 13 samples class 4 \u2192 class 0
[2026-07-19 13:52:03,672] 39 root - INFO - [Attacker] Label flip: 13 samples class 4 \u2192 class 0
[2026-07-19 13:52:03,680] 39 root - INFO - [Attacker] Label flip: 20 samples class 4 \u2192 class 0
[2026-07-19 13:52:03,688] 39 root - INFO - [Attacker] Label flip: 14 samples class 4 \u2192 class 0
[2026-07-19 13:52:03,696] 39 root - INFO - [Attacker] Label flip: 13 samples class 4 \u2192 class 0
[2026-07-19 13:52:03,704] 39 root - INFO - [Attacker] Label flip: 10 samples class 4 \u2192 class 0
[2026-07-19 13:52:03,710] 39 root - INFO - [Attacker] Label flip: 10 samples class 4 \u2192 class 0
[2026-07-19 13:52:03,720] 39 root - INFO - [Attacker] Label flip: 14 samples class 4 \u2192 class 0
[2026-07-19 13:52:03,727] 39 root - INFO - [Attacker] Label flip: 14 samples class 4 \u2192 class 0
[2026-07-19 13:52:03,735] 39 root - INFO - [Attacker] Label flip: 13 samples class 4 \u2192 class 0
[2026-07-19 13:52:03,741] 39 root - INFO - [Attacker] Label flip: 13 samples class 4 \u2192 class 0
[2026-07-19 13:52:03,753] 39 root - INFO - [Attacker] Label flip: 17 samples class 4 \u2192 class 0
[2026-07-19 13:52:03,762] 39 root - INFO - [Attacker] Label flip: 8 samples class 4 \u2192 class 0
[2026-07-19 13:52:03,769] 39 root - INFO - [Attacker] Label flip: 12 samples class 4 \u2192 class 0
[2026-07-19 13:52:03,777] 39 root - INFO - [Attacker] Label flip: 18 samples class 4 \u2192 class 0
[2026-07-19 13:52:03,785] 39 root - INFO - [Attacker] Label flip: 16 samples class 4 \u2192 class 0
[2026-07-19 13:52:03,793] 39 root - INFO - [Attacker] Label flip: 10 samples class 4 \u2192 class 0
[2026-07-19 13:52:03,801] 39 root - INFO - [Attacker] Label flip: 15 samples class 4 \u2192 class 0
[2026-07-19 13:52:03,809] 39 root - INFO - [Attacker] Label flip: 12 samples class 4 \u2192 class 0
[2026-07-19 13:52:03,816] 39 root - INFO - [Attacker] Label flip: 13 samples class 4 \u2192 class 0
[2026-07-19 13:52:03,824] 39 root - INFO - [Attacker] Label flip: 14 samples class 4 \u2192 class 0
[2026-07-19 13:52:03,832] 39 root - INFO - [Attacker] Label flip: 13 samples class 4 \u2192 class 0
[2026-07-19 13:52:03,838] 39 root - INFO - [Attacker] Label flip: 16 samples class 4 \u2192 class 0
[2026-07-19 13:52:03,848] 39 root - INFO - [Attacker] Label flip: 10 samples class 4 \u2192 class 0
[2026-07-19 13:52:03,854] 39 root - INFO - [Attacker] Label flip: 5 samples class 4 \u2192 class 0
[2026-07-19 13:52:03,862] 39 root - INFO - [Attacker] Label flip: 13 samples class 4 \u2192 class 0
[2026-07-19 13:52:03,870] 39 root - INFO - [Attacker] Label flip: 17 samples class 4 \u2192 class 0
[2026-07-19 13:52:03,880] 39 root - INFO - [Attacker] Label flip: 8 samples class 4 \u2192 class 0
[2026-07-19 13:52:03,888] 39 root - INFO - [Attacker] Label flip: 10 samples class 4 \u2192 class 0
[2026-07-19 13:52:03,895] 39 root - INFO - [Attacker] Label flip: 19 samples class 4 \u2192 class 0
[2026-07-19 13:52:03,903] 39 root - INFO - [Attacker] Label flip: 18 samples class 4 \u2192 class 0
[2026-07-19 13:52:03,911] 39 root - INFO - [Attacker] Label flip: 9 samples class 4 \u2192 class 0
[2026-07-19 13:52:03,919] 39 root - INFO - [Attacker] Label flip: 11 samples class 4 \u2192 class 0
[2026-07-19 13:52:03,927] 39 root - INFO - [Attacker] Label flip: 8 samples class 4 \u2192 class 0
[2026-07-19 13:52:03,933] 39 root - INFO - [Attacker] Label flip: 14 samples class 4 \u2192 class 0
[2026-07-19 13:52:03,941] 39 root - INFO - [Attacker] Label flip: 9 samples class 4 \u2192 class 0
[2026-07-19 13:52:03,951] 39 root - INFO - [Attacker] Label flip: 15 samples class 4 \u2192 class 0
[2026-07-19 13:52:03,959] 39 root - INFO - [Attacker] Label flip: 15 samples class 4 \u2192 class 0
[2026-07-19 13:52:03,967] 39 root - INFO - [Attacker] Label flip: 12 samples class 4 \u2192 class 0
[2026-07-19 13:52:03,973] 39 root - INFO - [Attacker] Label flip: 15 samples class 4 \u2192 class 0
[2026-07-19 13:52:03,982] 39 root - INFO - [Attacker] Label flip: 12 samples class 4 \u2192 class 0
[2026-07-19 13:52:03,988] 39 root - INFO - [Attacker] Label flip: 14 samples class 4 \u2192 class 0
[2026-07-19 13:52:03,996] 39 root - INFO - [Attacker] Label flip: 7 samples class 4 \u2192 class 0
[2026-07-19 13:52:04,004] 39 root - INFO - [Attacker] Label flip: 16 samples class 4 \u2192 class 0
[2026-07-19 13:52:04,014] 39 root - INFO - [Attacker] Label flip: 9 samples class 4 \u2192 class 0
[2026-07-19 13:52:04,022] 39 root - INFO - [Attacker] Label flip: 9 samples class 4 \u2192 class 0
[2026-07-19 13:52:04,030] 39 root - INFO - [Attacker] Label flip: 20 samples class 4 \u2192 class 0
[2026-07-19 13:52:04,036] 39 root - INFO - [Attacker] Label flip: 18 samples class 4 \u2192 class 0
[2026-07-19 13:52:04,046] 39 root - INFO - [Attacker] Label flip: 11 samples class 4 \u2192 class 0
[2026-07-19 13:52:04,053] 39 root - INFO - [Attacker] Label flip: 12 samples class 4 \u2192 class 0
[2026-07-19 13:52:04,059] 39 root - INFO - [Attacker] Label flip: 9 samples class 4 \u2192 class 0
[2026-07-19 13:52:04,067] 39 root - INFO - [Attacker] Label flip: 10 samples class 4 \u2192 class 0
[2026-07-19 13:52:04,075] 39 root - INFO - [Attacker] Label flip: 17 samples class 4 \u2192 class 0
[2026-07-19 13:52:04,085] 39 root - INFO - [Attacker] Label flip: 14 samples class 4 \u2192 class 0
[2026-07-19 13:52:04,093] 39 root - INFO - [Attacker] Label flip: 11 samples class 4 \u2192 class 0
[2026-07-19 13:52:04,101] 39 root - INFO - [Attacker] Label flip: 17 samples class 4 \u2192 class 0
[2026-07-19 13:52:04,108] 39 root - INFO - [Attacker] Label flip: 6 samples class 4 \u2192 class 0
[2026-07-19 13:52:04,116] 39 root - INFO - [Attacker] Label flip: 8 samples class 4 \u2192 class 0
[2026-07-19 13:52:04,124] 39 root - INFO - [Attacker] Label flip: 14 samples class 4 \u2192 class 0
[2026-07-19 13:52:04,132] 39 root - INFO - [Attacker] Label flip: 14 samples class 4 \u2192 class 0
[2026-07-19 13:52:04,138] 39 root - INFO - [Attacker] Label flip: 8 samples class 4 \u2192 class 0
[2026-07-19 13:52:04,148] 39 root - INFO - [Attacker] Label flip: 6 samples class 4 \u2192 class 0
[2026-07-19 13:52:04,154] 39 root - INFO - [Attacker] Label flip: 21 samples class 4 \u2192 class 0
[2026-07-19 13:52:04,162] 39 root - INFO - [Attacker] Label flip: 19 samples class 4 \u2192 class 0
[2026-07-19 13:52:04,170] 39 root - INFO - [Attacker] Label flip: 15 samples class 4 \u2192 class 0
[2026-07-19 13:52:04,180] 39 root - INFO - [Attacker] Label flip: 9 samples class 4 \u2192 class 0
[2026-07-19 13:52:04,188] 39 root - INFO - [Attacker] Label flip: 10 samples class 4 \u2192 class 0
[2026-07-19 13:52:04,195] 39 root - INFO - [Attacker] Label flip: 11 samples class 4 \u2192 class 0
[2026-07-19 13:52:04,203] 39 root - INFO - [Attacker] Label flip: 16 samples class 4 \u2192 class 0
[2026-07-19 13:52:04,211] 39 root - INFO - [Attacker] Label flip: 13 samples class 4 \u2192 class 0
[2026-07-19 13:52:04,219] 39 root - INFO - [Attacker] Label flip: 10 samples class 4 \u2192 class 0
[2026-07-19 13:52:04,227] 39 root - INFO - [Attacker] Label flip: 6 samples class 4 \u2192 class 0
[2026-07-19 13:52:04,235] 39 root - INFO - [Attacker] Label flip: 16 samples class 4 \u2192 class 0
[2026-07-19 13:52:04,242] 39 root - INFO - [Attacker] Label flip: 13 samples class 4 \u2192 class 0
[2026-07-19 13:52:04,251] 39 root - INFO - [Attacker] Label flip: 7 samples class 4 \u2192 class 0
[2026-07-19 13:52:04,258] 39 root - INFO - [Attacker] Label flip: 17 samples class 4 \u2192 class 0
[2026-07-19 13:52:04,264] 39 root - INFO - [Attacker] Label flip: 13 samples class 4 \u2192 class 0
[2026-07-19 13:52:04,272] 39 root - INFO - [Attacker] Label flip: 10 samples class 4 \u2192 class 0
[2026-07-19 13:52:04,281] 39 root - INFO - [Attacker] Label flip: 14 samples class 4 \u2192 class 0
[2026-07-19 13:52:04,289] 39 root - INFO - [Attacker] Label flip: 13 samples class 4 \u2192 class 0
[2026-07-19 13:52:04,296] 39 root - INFO - [Attacker] Label flip: 8 samples class 4 \u2192 class 0
[2026-07-19 13:52:04,304] 39 root - INFO - [Attacker] Label flip: 13 samples class 4 \u2192 class 0
[2026-07-19 13:52:04,314] 39 root - INFO - [Attacker] Label flip: 12 samples class 4 \u2192 class 0
[2026-07-19 13:52:04,322] 39 root - INFO - [Attacker] Label flip: 9 samples class 4 \u2192 class 0
[2026-07-19 13:52:04,330] 39 root - INFO - [Attacker] Label flip: 12 samples class 4 \u2192 class 0
[2026-07-19 13:52:04,338] 39 root - INFO - [Attacker] Label flip: 15 samples class 4 \u2192 class 0
[2026-07-19 13:52:04,346] 39 root - INFO - [Attacker] Label flip: 10 samples class 4 \u2192 class 0
[2026-07-19 13:52:04,354] 39 root - INFO - [Attacker] Label flip: 12 samples class 4 \u2192 class 0
[2026-07-19 13:52:04,362] 39 root - INFO - [Attacker] Label flip: 16 samples class 4 \u2192 class 0
[2026-07-19 13:52:04,370] 268 flwr - WARNING - DEPRECATED FEATURE: `client_fn` now expects a signature `def client_fn(context: Context)`.The provided `client_fn` has signature: {'cid': <Parameter "cid: str">}. You can import the `Context` like this: `from flwr.common import Context`

            This is a deprecated feature. It will be removed
            entirely in future versions of Flower.
        
[2026-07-19 13:52:04,372] 39 root - INFO - [Attacker] Label flip: 16 samples class 4 \u2192 class 0
[2026-07-19 13:52:04,380] 39 root - INFO - [Attacker] Label flip: 8 samples class 4 \u2192 class 0
[2026-07-19 13:52:04,388] 39 root - INFO - [Attacker] Label flip: 8 samples class 4 \u2192 class 0
[2026-07-19 13:52:04,395] 39 root - INFO - [Attacker] Label flip: 10 samples class 4 \u2192 class 0
[2026-07-19 13:52:04,404] 39 root - INFO - [Attacker] Label flip: 13 samples class 4 \u2192 class 0
[2026-07-19 13:52:04,413] 39 root - INFO - [Attacker] Label flip: 14 samples class 4 \u2192 class 0
[2026-07-19 13:52:04,419] 39 root - INFO - [Attacker] Label flip: 9 samples class 4 \u2192 class 0
[2026-07-19 13:52:04,427] 39 root - INFO - [Attacker] Label flip: 12 samples class 4 \u2192 class 0
[2026-07-19 13:52:04,435] 39 root - INFO - [Attacker] Label flip: 8 samples class 4 \u2192 class 0
[2026-07-19 13:52:04,443] 39 root - INFO - [Attacker] Label flip: 11 samples class 4 \u2192 class 0
[2026-07-19 13:52:04,450] 39 root - INFO - [Attacker] Label flip: 16 samples class 4 \u2192 class 0
[2026-07-19 13:52:04,458] 39 root - INFO - [Attacker] Label flip: 7 samples class 4 \u2192 class 0
[2026-07-19 13:52:04,466] 39 root - INFO - [Attacker] Label flip: 10 samples class 4 \u2192 class 0
[2026-07-19 13:52:04,474] 39 root - INFO - [Attacker] Label flip: 9 samples class 4 \u2192 class 0
[2026-07-19 13:52:04,482] 39 root - INFO - [Attacker] Label flip: 9 samples class 4 \u2192 class 0
[2026-07-19 13:52:04,490] 39 root - INFO - [Attacker] Label flip: 17 samples class 4 \u2192 class 0
[2026-07-19 13:52:04,498] 39 root - INFO - [Attacker] Label flip: 12 samples class 4 \u2192 class 0
[2026-07-19 13:52:04,506] 39 root - INFO - [Attacker] Label flip: 11 samples class 4 \u2192 class 0
[2026-07-19 13:52:04,514] 39 root - INFO - [Attacker] Label flip: 11 samples class 4 \u2192 class 0
[2026-07-19 13:52:04,522] 39 root - INFO - [Attacker] Label flip: 15 samples class 4 \u2192 class 0
[2026-07-19 13:52:04,530] 39 root - INFO - [Attacker] Label flip: 14 samples class 4 \u2192 class 0
[2026-07-19 13:52:04,538] 39 root - INFO - [Attacker] Label flip: 13 samples class 4 \u2192 class 0
[2026-07-19 13:52:04,544] 39 root - INFO - [Attacker] Label flip: 8 samples class 4 \u2192 class 0
[2026-07-19 13:52:04,558] 39 root - INFO - [Attacker] Label flip: 8 samples class 4 \u2192 class 0
[2026-07-19 13:52:04,566] 39 root - INFO - [Attacker] Label flip: 11 samples class 4 \u2192 class 0
[2026-07-19 13:52:04,574] 39 root - INFO - [Attacker] Label flip: 12 samples class 4 \u2192 class 0
[2026-07-19 13:52:04,581] 39 root - INFO - [Attacker] Label flip: 9 samples class 4 \u2192 class 0
[2026-07-19 13:52:04,590] 39 root - INFO - [Attacker] Label flip: 16 samples class 4 \u2192 class 0
[2026-07-19 13:52:04,596] 39 root - INFO - [Attacker] Label flip: 13 samples class 4 \u2192 class 0
[2026-07-19 13:52:04,604] 39 root - INFO - [Attacker] Label flip: 12 samples class 4 \u2192 class 0
[2026-07-19 13:52:04,614] 39 root - INFO - [Attacker] Label flip: 17 samples class 4 \u2192 class 0
[2026-07-19 13:52:04,622] 39 root - INFO - [Attacker] Label flip: 17 samples class 4 \u2192 class 0
[2026-07-19 13:52:04,630] 39 root - INFO - [Attacker] Label flip: 15 samples class 4 \u2192 class 0
[2026-07-19 13:52:04,638] 39 root - INFO - [Attacker] Label flip: 12 samples class 4 \u2192 class 0
[2026-07-19 13:52:04,644] 39 root - INFO - [Attacker] Label flip: 14 samples class 4 \u2192 class 0
[2026-07-19 13:52:04,654] 39 root - INFO - [Attacker] Label flip: 9 samples class 4 \u2192 class 0
[2026-07-19 13:52:04,662] 39 root - INFO - [Attacker] Label flip: 17 samples class 4 \u2192 class 0
[2026-07-19 13:52:04,669] 39 root - INFO - [Attacker] Label flip: 9 samples class 4 \u2192 class 0
[2026-07-19 13:52:04,677] 39 root - INFO - [Attacker] Label flip: 20 samples class 4 \u2192 class 0
[2026-07-19 13:52:04,688] 39 root - INFO - [Attacker] Label flip: 18 samples class 4 \u2192 class 0
[2026-07-19 13:52:04,698] 39 root - INFO - [Attacker] Label flip: 12 samples class 4 \u2192 class 0
[2026-07-19 13:52:04,704] 39 root - INFO - [Attacker] Label flip: 11 samples class 4 \u2192 class 0
[2026-07-19 13:52:04,712] 39 root - INFO - [Attacker] Label flip: 13 samples class 4 \u2192 class 0
[2026-07-19 13:52:04,720] 39 root - INFO - [Attacker] Label flip: 12 samples class 4 \u2192 class 0
[2026-07-19 13:52:04,728] 39 root - INFO - [Attacker] Label flip: 10 samples class 4 \u2192 class 0
[2026-07-19 13:52:04,738] 39 root - INFO - [Attacker] Label flip: 10 samples class 4 \u2192 class 0
[2026-07-19 13:52:04,744] 39 root - INFO - [Attacker] Label flip: 12 samples class 4 \u2192 class 0
[2026-07-19 13:52:04,752] 39 root - INFO - [Attacker] Label flip: 13 samples class 4 \u2192 class 0
[2026-07-19 13:52:04,762] 39 root - INFO - [Attacker] Label flip: 16 samples class 4 \u2192 class 0
[2026-07-19 13:52:04,768] 39 root - INFO - [Attacker] Label flip: 17 samples class 4 \u2192 class 0
[2026-07-19 13:52:04,776] 39 root - INFO - [Attacker] Label flip: 11 samples class 4 \u2192 class 0
[2026-07-19 13:52:04,783] 39 root - INFO - [Attacker] Label flip: 13 samples class 4 \u2192 class 0
[2026-07-19 13:52:04,793] 39 root - INFO - [Attacker] Label flip: 9 samples class 4 \u2192 class 0
[2026-07-19 13:52:04,801] 39 root - INFO - [Attacker] Label flip: 10 samples class 4 \u2192 class 0
[2026-07-19 13:52:04,809] 39 root - INFO - [Attacker] Label flip: 15 samples class 4 \u2192 class 0
[2026-07-19 13:52:04,817] 39 root - INFO - [Attacker] Label flip: 13 samples class 4 \u2192 class 0
[2026-07-19 13:52:04,826] 39 root - INFO - [Attacker] Label flip: 10 samples class 4 \u2192 class 0
[2026-07-19 13:52:04,834] 39 root - INFO - [Attacker] Label flip: 14 samples class 4 \u2192 class 0
[2026-07-19 13:52:04,842] 39 root - INFO - [Attacker] Label flip: 11 samples class 4 \u2192 class 0
[2026-07-19 13:52:04,850] 39 root - INFO - [Attacker] Label flip: 8 samples class 4 \u2192 class 0
[2026-07-19 13:52:04,859] 39 root - INFO - [Attacker] Label flip: 9 samples class 4 \u2192 class 0
[2026-07-19 13:52:04,867] 39 root - INFO - [Attacker] Label flip: 13 samples class 4 \u2192 class 0
[2026-07-19 13:52:04,875] 39 root - INFO - [Attacker] Label flip: 10 samples class 4 \u2192 class 0
[2026-07-19 13:52:04,884] 39 root - INFO - [Attacker] Label flip: 15 samples class 4 \u2192 class 0
[2026-07-19 13:52:04,893] 39 root - INFO - [Attacker] Label flip: 13 samples class 4 \u2192 class 0
[2026-07-19 13:52:04,901] 39 root - INFO - [Attacker] Label flip: 13 samples class 4 \u2192 class 0
[2026-07-19 13:52:04,909] 39 root - INFO - [Attacker] Label flip: 11 samples class 4 \u2192 class 0
[2026-07-19 13:52:04,919] 39 root - INFO - [Attacker] Label flip: 8 samples class 4 \u2192 class 0
[2026-07-19 13:52:04,927] 39 root - INFO - [Attacker] Label flip: 18 samples class 4 \u2192 class 0
[2026-07-19 13:52:04,937] 39 root - INFO - [Attacker] Label flip: 16 samples class 4 \u2192 class 0
[2026-07-19 13:52:04,943] 39 root - INFO - [Attacker] Label flip: 11 samples class 4 \u2192 class 0
[2026-07-19 13:52:04,951] 39 root - INFO - [Attacker] Label flip: 14 samples class 4 \u2192 class 0
[2026-07-19 13:52:04,959] 39 root - INFO - [Attacker] Label flip: 4 samples class 4 \u2192 class 0
[2026-07-19 13:52:04,969] 39 root - INFO - [Attacker] Label flip: 12 samples class 4 \u2192 class 0
[2026-07-19 13:52:04,977] 39 root - INFO - [Attacker] Label flip: 12 samples class 4 \u2192 class 0
[2026-07-19 13:52:04,985] 39 root - INFO - [Attacker] Label flip: 14 samples class 4 \u2192 class 0
[2026-07-19 13:52:04,993] 39 root - INFO - [Attacker] Label flip: 9 samples class 4 \u2192 class 0
[2026-07-19 13:52:05,003] 39 root - INFO - [Attacker] Label flip: 12 samples class 4 \u2192 class 0
[2026-07-19 13:52:05,011] 39 root - INFO - [Attacker] Label flip: 9 samples class 4 \u2192 class 0
[2026-07-19 13:52:05,020] 39 root - INFO - [Attacker] Label flip: 16 samples class 4 \u2192 class 0
[2026-07-19 13:52:05,028] 39 root - INFO - [Attacker] Label flip: 14 samples class 4 \u2192 class 0
[2026-07-19 13:52:05,036] 39 root - INFO - [Attacker] Label flip: 12 samples class 4 \u2192 class 0
[2026-07-19 13:52:05,044] 39 root - INFO - [Attacker] Label flip: 9 samples class 4 \u2192 class 0
[2026-07-19 13:52:05,054] 39 root - INFO - [Attacker] Label flip: 7 samples class 4 \u2192 class 0
[2026-07-19 13:52:05,061] 39 root - INFO - [Attacker] Label flip: 11 samples class 4 \u2192 class 0
[2026-07-19 13:52:05,070] 39 root - INFO - [Attacker] Label flip: 9 samples class 4 \u2192 class 0
[2026-07-19 13:52:05,078] 39 root - INFO - [Attacker] Label flip: 13 samples class 4 \u2192 class 0
[2026-07-19 13:52:05,085] 39 root - INFO - [Attacker] Label flip: 20 samples class 4 \u2192 class 0
[2026-07-19 13:52:05,093] 39 root - INFO - [Attacker] Label flip: 9 samples class 4 \u2192 class 0
[2026-07-19 13:52:05,101] 39 root - INFO - [Attacker] Label flip: 17 samples class 4 \u2192 class 0
[2026-07-19 13:52:05,109] 39 root - INFO - [Attacker] Label flip: 13 samples class 4 \u2192 class 0
[2026-07-19 13:52:05,117] 39 root - INFO - [Attacker] Label flip: 12 samples class 4 \u2192 class 0
[2026-07-19 13:52:05,126] 39 root - INFO - [Attacker] Label flip: 9 samples class 4 \u2192 class 0
[2026-07-19 13:52:05,133] 39 root - INFO - [Attacker] Label flip: 13 samples class 4 \u2192 class 0
[2026-07-19 13:52:05,141] 39 root - INFO - [Attacker] Label flip: 6 samples class 4 \u2192 class 0
[2026-07-19 13:52:05,149] 39 root - INFO - [Attacker] Label flip: 18 samples class 4 \u2192 class 0
[2026-07-19 13:52:05,157] 39 root - INFO - [Attacker] Label flip: 16 samples class 4 \u2192 class 0
[2026-07-19 13:52:05,165] 39 root - INFO - [Attacker] Label flip: 18 samples class 4 \u2192 class 0
[2026-07-19 13:52:05,173] 39 root - INFO - [Attacker] Label flip: 14 samples class 4 \u2192 class 0
[2026-07-19 13:52:05,182] 39 root - INFO - [Attacker] Label flip: 11 samples class 4 \u2192 class 0
[2026-07-19 13:52:05,191] 39 root - INFO - [Attacker] Label flip: 10 samples class 4 \u2192 class 0
[2026-07-19 13:52:05,198] 39 root - INFO - [Attacker] Label flip: 8 samples class 4 \u2192 class 0
[2026-07-19 13:52:05,206] 39 root - INFO - [Attacker] Label flip: 15 samples class 4 \u2192 class 0
[2026-07-19 13:52:05,214] 39 root - INFO - [Attacker] Label flip: 14 samples class 4 \u2192 class 0
[2026-07-19 13:52:05,222] 39 root - INFO - [Attacker] Label flip: 13 samples class 4 \u2192 class 0
[2026-07-19 13:52:05,230] 39 root - INFO - [Attacker] Label flip: 11 samples class 4 \u2192 class 0
[2026-07-19 13:52:05,238] 39 root - INFO - [Attacker] Label flip: 17 samples class 4 \u2192 class 0
[2026-07-19 13:52:05,246] 39 root - INFO - [Attacker] Label flip: 8 samples class 4 \u2192 class 0
[2026-07-19 13:52:05,253] 39 root - INFO - [Attacker] Label flip: 16 samples class 4 \u2192 class 0
[2026-07-19 13:52:05,261] 39 root - INFO - [Attacker] Label flip: 20 samples class 4 \u2192 class 0
[2026-07-19 13:52:05,267] 39 root - INFO - [Attacker] Label flip: 16 samples class 4 \u2192 class 0
[2026-07-19 13:52:05,277] 39 root - INFO - [Attacker] Label flip: 12 samples class 4 \u2192 class 0
[2026-07-19 13:52:05,285] 39 root - INFO - [Attacker] Label flip: 13 samples class 4 \u2192 class 0
[2026-07-19 13:52:05,293] 39 root - INFO - [Attacker] Label flip: 12 samples class 4 \u2192 class 0
[2026-07-19 13:52:05,301] 39 root - INFO - [Attacker] Label flip: 11 samples class 4 \u2192 class 0
[2026-07-19 13:52:05,318] 39 root - INFO - [Attacker] Label flip: 12 samples class 4 \u2192 class 0
[2026-07-19 13:52:05,324] 39 root - INFO - [Attacker] Label flip: 13 samples class 4 \u2192 class 0
[2026-07-19 13:52:05,332] 39 root - INFO - [Attacker] Label flip: 18 samples class 4 \u2192 class 0
[2026-07-19 13:52:05,341] 39 root - INFO - [Attacker] Label flip: 14 samples class 4 \u2192 class 0
[2026-07-19 13:52:05,353] 39 root - INFO - [Attacker] Label flip: 13 samples class 4 \u2192 class 0
[2026-07-19 13:52:05,362] 39 root - INFO - [Attacker] Label flip: 8 samples class 4 \u2192 class 0
[2026-07-19 13:52:05,368] 39 root - INFO - [Attacker] Label flip: 12 samples class 4 \u2192 class 0
[2026-07-19 13:52:05,376] 39 root - INFO - [Attacker] Label flip: 16 samples class 4 \u2192 class 0
[2026-07-19 13:52:05,386] 39 root - INFO - [Attacker] Label flip: 15 samples class 4 \u2192 class 0
[2026-07-19 13:52:05,393] 39 root - INFO - [Attacker] Label flip: 20 samples class 4 \u2192 class 0
[2026-07-19 13:52:05,401] 39 root - INFO - [Attacker] Label flip: 17 samples class 4 \u2192 class 0
[2026-07-19 13:52:05,409] 39 root - INFO - [Attacker] Label flip: 14 samples class 4 \u2192 class 0
[2026-07-19 13:52:05,417] 39 root - INFO - [Attacker] Label flip: 7 samples class 4 \u2192 class 0
[2026-07-19 13:52:05,425] 39 root - INFO - [Attacker] Label flip: 10 samples class 4 \u2192 class 0
[2026-07-19 13:52:05,433] 39 root - INFO - [Attacker] Label flip: 12 samples class 4 \u2192 class 0
[2026-07-19 13:52:05,441] 39 root - INFO - [Attacker] Label flip: 10 samples class 4 \u2192 class 0
[2026-07-19 13:52:05,449] 39 root - INFO - [Attacker] Label flip: 9 samples class 4 \u2192 class 0
[2026-07-19 13:52:05,459] 39 root - INFO - [Attacker] Label flip: 15 samples class 4 \u2192 class 0
[2026-07-19 13:52:05,467] 39 root - INFO - [Attacker] Label flip: 8 samples class 4 \u2192 class 0
[2026-07-19 13:52:05,473] 39 root - INFO - [Attacker] Label flip: 16 samples class 4 \u2192 class 0
[2026-07-19 13:52:05,481] 39 root - INFO - [Attacker] Label flip: 8 samples class 4 \u2192 class 0
[2026-07-19 13:52:05,490] 39 root - INFO - [Attacker] Label flip: 16 samples class 4 \u2192 class 0
[2026-07-19 13:52:05,496] 39 root - INFO - [Attacker] Label flip: 15 samples class 4 \u2192 class 0
[2026-07-19 13:52:05,504] 39 root - INFO - [Attacker] Label flip: 11 samples class 4 \u2192 class 0
[2026-07-19 13:52:05,512] 39 root - INFO - [Attacker] Label flip: 15 samples class 4 \u2192 class 0
[2026-07-19 13:52:05,522] 39 root - INFO - [Attacker] Label flip: 14 samples class 4 \u2192 class 0
[2026-07-19 13:52:05,528] 39 root - INFO - [Attacker] Label flip: 14 samples class 4 \u2192 class 0
[2026-07-19 13:52:05,536] 39 root - INFO - [Attacker] Label flip: 17 samples class 4 \u2192 class 0
[2026-07-19 13:52:05,544] 39 root - INFO - [Attacker] Label flip: 15 samples class 4 \u2192 class 0
[2026-07-19 13:52:05,552] 39 root - INFO - [Attacker] Label flip: 8 samples class 4 \u2192 class 0
[2026-07-19 13:52:05,560] 39 root - INFO - [Attacker] Label flip: 16 samples class 4 \u2192 class 0
[2026-07-19 13:52:05,567] 39 root - INFO - [Attacker] Label flip: 12 samples class 4 \u2192 class 0
[2026-07-19 13:52:05,576] 39 root - INFO - [Attacker] Label flip: 12 samples class 4 \u2192 class 0
[2026-07-19 13:52:05,585] 39 root - INFO - [Attacker] Label flip: 13 samples class 4 \u2192 class 0
[2026-07-19 13:52:05,593] 39 root - INFO - [Attacker] Label flip: 14 samples class 4 \u2192 class 0
[2026-07-19 13:52:05,601] 39 root - INFO - [Attacker] Label flip: 8 samples class 4 \u2192 class 0
[2026-07-19 13:52:05,607] 39 root - INFO - [Attacker] Label flip: 11 samples class 4 \u2192 class 0
[2026-07-19 13:52:05,615] 39 root - INFO - [Attacker] Label flip: 9 samples class 4 \u2192 class 0
[2026-07-19 13:52:05,625] 39 root - INFO - [Attacker] Label flip: 11 samples class 4 \u2192 class 0
[2026-07-19 13:52:05,633] 39 root - INFO - [Attacker] Label flip: 15 samples class 4 \u2192 class 0
[2026-07-19 13:52:05,641] 39 root - INFO - [Attacker] Label flip: 9 samples class 4 \u2192 class 0
[2026-07-19 13:52:05,649] 39 root - INFO - [Attacker] Label flip: 12 samples class 4 \u2192 class 0
[2026-07-19 13:52:05,657] 39 root - INFO - [Attacker] Label flip: 11 samples class 4 \u2192 class 0
[2026-07-19 13:52:05,664] 39 root - INFO - [Attacker] Label flip: 14 samples class 4 \u2192 class 0
[2026-07-19 13:52:05,672] 39 root - INFO - [Attacker] Label flip: 11 samples class 4 \u2192 class 0
[2026-07-19 13:52:05,678] 39 root - INFO - [Attacker] Label flip: 14 samples class 4 \u2192 class 0
[2026-07-19 13:52:05,688] 39 root - INFO - [Attacker] Label flip: 12 samples class 4 \u2192 class 0
[2026-07-19 13:52:05,696] 39 root - INFO - [Attacker] Label flip: 12 samples class 4 \u2192 class 0
[2026-07-19 13:52:05,704] 39 root - INFO - [Attacker] Label flip: 14 samples class 4 \u2192 class 0
[2026-07-19 13:52:05,712] 39 root - INFO - [Attacker] Label flip: 20 samples class 4 \u2192 class 0
[2026-07-19 13:52:05,720] 39 root - INFO - [Attacker] Label flip: 19 samples class 4 \u2192 class 0
[2026-07-19 13:52:05,728] 39 root - INFO - [Attacker] Label flip: 6 samples class 4 \u2192 class 0
[2026-07-19 13:52:05,734] 39 root - INFO - [Attacker] Label flip: 14 samples class 4 \u2192 class 0
[2026-07-19 13:52:05,741] 39 root - INFO - [Attacker] Label flip: 12 samples class 4 \u2192 class 0
[2026-07-19 13:52:05,751] 39 root - INFO - [Attacker] Label flip: 12 samples class 4 \u2192 class 0
[2026-07-19 13:52:05,759] 39 root - INFO - [Attacker] Label flip: 7 samples class 4 \u2192 class 0
[2026-07-19 13:52:05,767] 39 root - INFO - [Attacker] Label flip: 8 samples class 4 \u2192 class 0
[2026-07-19 13:52:05,775] 39 root - INFO - [Attacker] Label flip: 17 samples class 4 \u2192 class 0
[2026-07-19 13:52:05,783] 39 root - INFO - [Attacker] Label flip: 12 samples class 4 \u2192 class 0
[2026-07-19 13:52:05,791] 39 root - INFO - [Attacker] Label flip: 10 samples class 4 \u2192 class 0
[2026-07-19 13:52:05,799] 39 root - INFO - [Attacker] Label flip: 10 samples class 4 \u2192 class 0
[2026-07-19 13:52:05,807] 39 root - INFO - [Attacker] Label flip: 8 samples class 4 \u2192 class 0
[2026-07-19 13:52:05,814] 39 root - INFO - [Attacker] Label flip: 18 samples class 4 \u2192 class 0
[2026-07-19 13:52:05,822] 39 root - INFO - [Attacker] Label flip: 18 samples class 4 \u2192 class 0
[2026-07-19 13:52:05,830] 39 root - INFO - [Attacker] Label flip: 12 samples class 4 \u2192 class 0
[2026-07-19 13:52:05,838] 39 root - INFO - [Attacker] Label flip: 11 samples class 4 \u2192 class 0
[2026-07-19 13:52:05,844] 39 root - INFO - [Attacker] Label flip: 12 samples class 4 \u2192 class 0
[2026-07-19 13:52:05,854] 39 root - INFO - [Attacker] Label flip: 13 samples class 4 \u2192 class 0
[2026-07-19 13:52:05,862] 39 root - INFO - [Attacker] Label flip: 8 samples class 4 \u2192 class 0
[2026-07-19 13:52:05,869] 39 root - INFO - [Attacker] Label flip: 15 samples class 4 \u2192 class 0
[2026-07-19 13:52:05,877] 39 root - INFO - [Attacker] Label flip: 6 samples class 4 \u2192 class 0
[2026-07-19 13:52:05,886] 39 root - INFO - [Attacker] Label flip: 9 samples class 4 \u2192 class 0
[2026-07-19 13:52:05,894] 39 root - INFO - [Attacker] Label flip: 15 samples class 4 \u2192 class 0
[2026-07-19 13:52:05,901] 39 root - INFO - [Attacker] Label flip: 14 samples class 4 \u2192 class 0
[2026-07-19 13:52:05,909] 39 root - INFO - [Attacker] Label flip: 9 samples class 4 \u2192 class 0
[2026-07-19 13:52:05,917] 39 root - INFO - [Attacker] Label flip: 17 samples class 4 \u2192 class 0
[2026-07-19 13:52:05,925] 39 root - INFO - [Attacker] Label flip: 13 samples class 4 \u2192 class 0
[2026-07-19 13:52:05,933] 39 root - INFO - [Attacker] Label flip: 11 samples class 4 \u2192 class 0
[2026-07-19 13:52:05,943] 39 root - INFO - [Attacker] Label flip: 15 samples class 4 \u2192 class 0
[2026-07-19 13:52:05,953] 39 root - INFO - [Attacker] Label flip: 17 samples class 4 \u2192 class 0
[2026-07-19 13:52:05,961] 39 root - INFO - [Attacker] Label flip: 14 samples class 4 \u2192 class 0
[2026-07-19 13:52:05,968] 39 root - INFO - [Attacker] Label flip: 11 samples class 4 \u2192 class 0
[2026-07-19 13:52:05,976] 39 root - INFO - [Attacker] Label flip: 10 samples class 4 \u2192 class 0
[2026-07-19 13:52:05,986] 39 root - INFO - [Attacker] Label flip: 13 samples class 4 \u2192 class 0
[2026-07-19 13:52:05,994] 39 root - INFO - [Attacker] Label flip: 11 samples class 4 \u2192 class 0
[2026-07-19 13:52:06,002] 39 root - INFO - [Attacker] Label flip: 14 samples class 4 \u2192 class 0
[2026-07-19 13:52:06,012] 39 root - INFO - [Attacker] Label flip: 10 samples class 4 \u2192 class 0
[2026-07-19 13:52:06,020] 39 root - INFO - [Attacker] Label flip: 7 samples class 4 \u2192 class 0
[2026-07-19 13:52:06,028] 39 root - INFO - [Attacker] Label flip: 10 samples class 4 \u2192 class 0
[2026-07-19 13:52:06,036] 39 root - INFO - [Attacker] Label flip: 10 samples class 4 \u2192 class 0
[2026-07-19 13:52:06,044] 39 root - INFO - [Attacker] Label flip: 16 samples class 4 \u2192 class 0
[2026-07-19 13:52:06,051] 39 root - INFO - [Attacker] Label flip: 11 samples class 4 \u2192 class 0
[2026-07-19 13:52:06,059] 39 root - INFO - [Attacker] Label flip: 4 samples class 4 \u2192 class 0
[2026-07-19 13:52:06,067] 39 root - INFO - [Attacker] Label flip: 9 samples class 4 \u2192 class 0
[2026-07-19 13:52:06,075] 39 root - INFO - [Attacker] Label flip: 6 samples class 4 \u2192 class 0
[2026-07-19 13:52:06,083] 39 root - INFO - [Attacker] Label flip: 8 samples class 4 \u2192 class 0
[2026-07-19 13:52:06,091] 39 root - INFO - [Attacker] Label flip: 14 samples class 4 \u2192 class 0
[2026-07-19 13:52:06,099] 39 root - INFO - [Attacker] Label flip: 10 samples class 4 \u2192 class 0
[2026-07-19 13:52:06,107] 39 root - INFO - [Attacker] Label flip: 11 samples class 4 \u2192 class 0
[2026-07-19 13:52:06,115] 39 root - INFO - [Attacker] Label flip: 17 samples class 4 \u2192 class 0
[2026-07-19 13:52:06,122] 39 root - INFO - [Attacker] Label flip: 5 samples class 4 \u2192 class 0
[2026-07-19 13:52:06,130] 39 root - INFO - [Attacker] Label flip: 7 samples class 4 \u2192 class 0
[2026-07-19 13:52:06,138] 39 root - INFO - [Attacker] Label flip: 11 samples class 4 \u2192 class 0
[2026-07-19 13:52:06,146] 39 root - INFO - [Attacker] Label flip: 15 samples class 4 \u2192 class 0
[2026-07-19 13:52:06,164] 39 root - INFO - [Attacker] Label flip: 9 samples class 4 \u2192 class 0
[2026-07-19 13:52:06,172] 39 root - INFO - [Attacker] Label flip: 13 samples class 4 \u2192 class 0
[2026-07-19 13:52:06,180] 39 root - INFO - [Attacker] Label flip: 8 samples class 4 \u2192 class 0
[2026-07-19 13:52:06,190] 39 root - INFO - [Attacker] Label flip: 17 samples class 4 \u2192 class 0
[2026-07-19 13:52:06,199] 39 root - INFO - [Attacker] Label flip: 14 samples class 4 \u2192 class 0
[2026-07-19 13:52:06,207] 39 root - INFO - [Attacker] Label flip: 10 samples class 4 \u2192 class 0
[2026-07-19 13:52:06,215] 39 root - INFO - [Attacker] Label flip: 13 samples class 4 \u2192 class 0
[2026-07-19 13:52:06,223] 39 root - INFO - [Attacker] Label flip: 13 samples class 4 \u2192 class 0
[2026-07-19 13:52:06,232] 39 root - INFO - [Attacker] Label flip: 7 samples class 4 \u2192 class 0
[2026-07-19 13:52:06,239] 39 root - INFO - [Attacker] Label flip: 17 samples class 4 \u2192 class 0
[2026-07-19 13:52:06,247] 39 root - INFO - [Attacker] Label flip: 15 samples class 4 \u2192 class 0
[2026-07-19 13:52:06,257] 39 root - INFO - [Attacker] Label flip: 14 samples class 4 \u2192 class 0
[2026-07-19 13:52:06,265] 39 root - INFO - [Attacker] Label flip: 12 samples class 4 \u2192 class 0
[2026-07-19 13:52:06,273] 39 root - INFO - [Attacker] Label flip: 17 samples class 4 \u2192 class 0
[2026-07-19 13:52:06,281] 39 root - INFO - [Attacker] Label flip: 18 samples class 4 \u2192 class 0
[2026-07-19 13:52:06,293] 39 root - INFO - [Attacker] Label flip: 12 samples class 4 \u2192 class 0
[2026-07-19 13:52:06,300] 39 root - INFO - [Attacker] Label flip: 14 samples class 4 \u2192 class 0
[2026-07-19 13:52:06,306] 39 root - INFO - [Attacker] Label flip: 14 samples class 4 \u2192 class 0
[2026-07-19 13:52:06,314] 39 root - INFO - [Attacker] Label flip: 13 samples class 4 \u2192 class 0
[2026-07-19 13:52:06,324] 39 root - INFO - [Attacker] Label flip: 13 samples class 4 \u2192 class 0
[2026-07-19 13:52:06,333] 39 root - INFO - [Attacker] Label flip: 18 samples class 4 \u2192 class 0
[2026-07-19 13:52:06,341] 39 root - INFO - [Attacker] Label flip: 15 samples class 4 \u2192 class 0
[2026-07-19 13:52:06,349] 39 root - INFO - [Attacker] Label flip: 13 samples class 4 \u2192 class 0
[2026-07-19 13:52:06,357] 39 root - INFO - [Attacker] Label flip: 10 samples class 4 \u2192 class 0
[2026-07-19 13:52:06,365] 39 root - INFO - [Attacker] Label flip: 19 samples class 4 \u2192 class 0
[2026-07-19 13:52:06,373] 39 root - INFO - [Attacker] Label flip: 11 samples class 4 \u2192 class 0
[2026-07-19 13:52:06,381] 39 root - INFO - [Attacker] Label flip: 8 samples class 4 \u2192 class 0
[2026-07-19 13:52:06,389] 39 root - INFO - [Attacker] Label flip: 10 samples class 4 \u2192 class 0
[2026-07-19 13:52:06,395] 39 root - INFO - [Attacker] Label flip: 13 samples class 4 \u2192 class 0
[2026-07-19 13:52:06,407] 39 root - INFO - [Attacker] Label flip: 8 samples class 4 \u2192 class 0
[2026-07-19 13:52:06,416] 39 root - INFO - [Attacker] Label flip: 12 samples class 4 \u2192 class 0
[2026-07-19 13:52:06,422] 39 root - INFO - [Attacker] Label flip: 15 samples class 4 \u2192 class 0
[2026-07-19 13:52:06,455] 39 root - INFO - [Attacker] Label flip: 15 samples class 4 \u2192 class 0
[2026-07-19 13:52:06,465] 39 root - INFO - [Attacker] Label flip: 17 samples class 4 \u2192 class 0
[2026-07-19 13:52:06,471] 39 root - INFO - [Attacker] Label flip: 21 samples class 4 \u2192 class 0
[2026-07-19 13:52:06,479] 39 root - INFO - [Attacker] Label flip: 9 samples class 4 \u2192 class 0
[2026-07-19 13:52:06,489] 39 root - INFO - [Attacker] Label flip: 18 samples class 4 \u2192 class 0
[2026-07-19 13:52:06,497] 39 root - INFO - [Attacker] Label flip: 10 samples class 4 \u2192 class 0
[2026-07-19 13:52:06,505] 39 root - INFO - [Attacker] Label flip: 17 samples class 4 \u2192 class 0
[2026-07-19 13:52:06,511] 39 root - INFO - [Attacker] Label flip: 13 samples class 4 \u2192 class 0
[2026-07-19 13:52:06,519] 39 root - INFO - [Attacker] Label flip: 8 samples class 4 \u2192 class 0
[2026-07-19 13:52:06,530] 39 root - INFO - [Attacker] Label flip: 7 samples class 4 \u2192 class 0
[2026-07-19 13:52:06,538] 39 root - INFO - [Attacker] Label flip: 17 samples class 4 \u2192 class 0
[2026-07-19 13:52:06,546] 39 root - INFO - [Attacker] Label flip: 13 samples class 4 \u2192 class 0
[2026-07-19 13:52:06,554] 39 root - INFO - [Attacker] Label flip: 8 samples class 4 \u2192 class 0
[2026-07-19 13:52:06,590] 39 root - INFO - [Attacker] Label flip: 15 samples class 4 \u2192 class 0
[2026-07-19 13:52:06,599] 39 root - INFO - [Attacker] Label flip: 14 samples class 4 \u2192 class 0
[2026-07-19 13:52:06,606] 39 root - INFO - [Attacker] Label flip: 13 samples class 4 \u2192 class 0
[2026-07-19 13:52:06,614] 39 root - INFO - [Attacker] Label flip: 8 samples class 4 \u2192 class 0
[2026-07-19 13:52:06,624] 39 root - INFO - [Attacker] Label flip: 17 samples class 4 \u2192 class 0
[2026-07-19 13:52:06,630] 39 root - INFO - [Attacker] Label flip: 13 samples class 4 \u2192 class 0
[2026-07-19 13:52:06,638] 39 root - INFO - [Attacker] Label flip: 16 samples class 4 \u2192 class 0
[2026-07-19 13:52:06,646] 39 root - INFO - [Attacker] Label flip: 15 samples class 4 \u2192 class 0
[2026-07-19 13:52:06,656] 39 root - INFO - [Attacker] Label flip: 9 samples class 4 \u2192 class 0
[2026-07-19 13:52:06,664] 39 root - INFO - [Attacker] Label flip: 9 samples class 4 \u2192 class 0
[2026-07-19 13:52:06,672] 39 root - INFO - [Attacker] Label flip: 8 samples class 4 \u2192 class 0
[2026-07-19 13:52:06,680] 39 root - INFO - [Attacker] Label flip: 6 samples class 4 \u2192 class 0
[2026-07-19 13:52:06,688] 39 root - INFO - [Attacker] Label flip: 11 samples class 4 \u2192 class 0
[2026-07-19 13:52:06,696] 39 root - INFO - [Attacker] Label flip: 12 samples class 4 \u2192 class 0
[2026-07-19 13:52:06,704] 39 root - INFO - [Attacker] Label flip: 5 samples class 4 \u2192 class 0
[2026-07-19 13:52:06,712] 39 root - INFO - [Attacker] Label flip: 6 samples class 4 \u2192 class 0
[2026-07-19 13:52:06,722] 39 root - INFO - [Attacker] Label flip: 14 samples class 4 \u2192 class 0
[2026-07-19 13:52:06,730] 39 root - INFO - [Attacker] Label flip: 17 samples class 4 \u2192 class 0
[2026-07-19 13:52:06,738] 39 root - INFO - [Attacker] Label flip: 17 samples class 4 \u2192 class 0
[2026-07-19 13:52:06,744] 39 root - INFO - [Attacker] Label flip: 12 samples class 4 \u2192 class 0
[2026-07-19 13:52:06,754] 39 root - INFO - [Attacker] Label flip: 20 samples class 4 \u2192 class 0
[2026-07-19 13:52:06,825] 39 root - INFO - [Attacker] Label flip: 12 samples class 4 \u2192 class 0
[2026-07-19 13:52:06,833] 39 root - INFO - [Attacker] Label flip: 7 samples class 4 \u2192 class 0
[2026-07-19 13:52:06,841] 39 root - INFO - [Attacker] Label flip: 13 samples class 4 \u2192 class 0
[2026-07-19 13:52:06,851] 39 root - INFO - [Attacker] Label flip: 11 samples class 4 \u2192 class 0
[2026-07-19 13:52:06,877] 39 root - INFO - [Attacker] Label flip: 15 samples class 4 \u2192 class 0
[2026-07-19 13:52:06,885] 39 root - INFO - [Attacker] Label flip: 14 samples class 4 \u2192 class 0
[2026-07-19 13:52:06,892] 39 root - INFO - [Attacker] Label flip: 12 samples class 4 \u2192 class 0
[2026-07-19 13:52:06,900] 39 root - INFO - [Attacker] Label flip: 15 samples class 4 \u2192 class 0
[2026-07-19 13:52:06,911] 39 root - INFO - [Attacker] Label flip: 12 samples class 4 \u2192 class 0
[2026-07-19 13:52:06,919] 39 root - INFO - [Attacker] Label flip: 13 samples class 4 \u2192 class 0
[2026-07-19 13:52:06,927] 39 root - INFO - [Attacker] Label flip: 13 samples class 4 \u2192 class 0
[2026-07-19 13:52:06,937] 39 root - INFO - [Attacker] Label flip: 16 samples class 4 \u2192 class 0
[2026-07-19 13:52:06,945] 39 root - INFO - [Attacker] Label flip: 8 samples class 4 \u2192 class 0
[2026-07-19 13:52:06,953] 39 root - INFO - [Attacker] Label flip: 10 samples class 4 \u2192 class 0
[2026-07-19 13:52:06,961] 39 root - INFO - [Attacker] Label flip: 11 samples class 4 \u2192 class 0
[2026-07-19 13:52:06,967] 39 root - INFO - [Attacker] Label flip: 3 samples class 4 \u2192 class 0
[2026-07-19 13:52:06,976] 39 root - INFO - [Attacker] Label flip: 18 samples class 4 \u2192 class 0
[2026-07-19 13:52:06,984] 39 root - INFO - [Attacker] Label flip: 15 samples class 4 \u2192 class 0
[2026-07-19 13:52:06,992] 39 root - INFO - [Attacker] Label flip: 6 samples class 4 \u2192 class 0
[2026-07-19 13:52:07,001] 39 root - INFO - [Attacker] Label flip: 13 samples class 4 \u2192 class 0
[2026-07-19 13:52:07,008] 39 root - INFO - [Attacker] Label flip: 19 samples class 4 \u2192 class 0
[2026-07-19 13:52:07,016] 39 root - INFO - [Attacker] Label flip: 16 samples class 4 \u2192 class 0
[2026-07-19 13:52:07,024] 39 root - INFO - [Attacker] Label flip: 5 samples class 4 \u2192 class 0
[2026-07-19 13:52:07,032] 39 root - INFO - [Attacker] Label flip: 19 samples class 4 \u2192 class 0
[2026-07-19 13:52:07,039] 39 root - INFO - [Attacker] Label flip: 16 samples class 4 \u2192 class 0
[2026-07-19 13:52:07,045] 39 root - INFO - [Attacker] Label flip: 14 samples class 4 \u2192 class 0
[2026-07-19 13:52:07,053] 39 root - INFO - [Attacker] Label flip: 12 samples class 4 \u2192 class 0
[2026-07-19 13:52:07,061] 39 root - INFO - [Attacker] Label flip: 14 samples class 4 \u2192 class 0
[2026-07-19 13:52:07,070] 39 root - INFO - [Attacker] Label flip: 6 samples class 4 \u2192 class 0
[2026-07-19 13:52:07,077] 39 root - INFO - [Attacker] Label flip: 8 samples class 4 \u2192 class 0
[2026-07-19 13:52:07,085] 39 root - INFO - [Attacker] Label flip: 19 samples class 4 \u2192 class 0
[2026-07-19 13:52:07,093] 39 root - INFO - [Attacker] Label flip: 18 samples class 4 \u2192 class 0
[2026-07-19 13:52:07,101] 39 root - INFO - [Attacker] Label flip: 8 samples class 4 \u2192 class 0
[2026-07-19 13:52:07,109] 39 root - INFO - [Attacker] Label flip: 14 samples class 4 \u2192 class 0
[2026-07-19 13:52:07,117] 39 root - INFO - [Attacker] Label flip: 12 samples class 4 \u2192 class 0
[2026-07-19 13:52:07,125] 39 root - INFO - [Attacker] Label flip: 17 samples class 4 \u2192 class 0
[2026-07-19 13:52:07,134] 39 root - INFO - [Attacker] Label flip: 13 samples class 4 \u2192 class 0
[2026-07-19 13:52:07,142] 39 root - INFO - [Attacker] Label flip: 7 samples class 4 \u2192 class 0
[2026-07-19 13:52:07,150] 39 root - INFO - [Attacker] Label flip: 10 samples class 4 \u2192 class 0
[2026-07-19 13:52:07,158] 39 root - INFO - [Attacker] Label flip: 15 samples class 4 \u2192 class 0
[2026-07-19 13:52:07,166] 39 root - INFO - [Attacker] Label flip: 11 samples class 4 \u2192 class 0
[2026-07-19 13:52:07,174] 39 root - INFO - [Attacker] Label flip: 14 samples class 4 \u2192 class 0
[2026-07-19 13:52:07,182] 39 root - INFO - [Attacker] Label flip: 13 samples class 4 \u2192 class 0
[2026-07-19 13:52:07,190] 39 root - INFO - [Attacker] Label flip: 15 samples class 4 \u2192 class 0
[2026-07-19 13:52:07,198] 39 root - INFO - [Attacker] Label flip: 12 samples class 4 \u2192 class 0
[2026-07-19 13:52:07,206] 39 root - INFO - [Attacker] Label flip: 10 samples class 4 \u2192 class 0
[2026-07-19 13:52:07,214] 39 root - INFO - [Attacker] Label flip: 13 samples class 4 \u2192 class 0
[2026-07-19 13:52:07,222] 39 root - INFO - [Attacker] Label flip: 14 samples class 4 \u2192 class 0
[2026-07-19 13:52:07,232] 39 root - INFO - [Attacker] Label flip: 15 samples class 4 \u2192 class 0
[2026-07-19 13:52:07,240] 268 flwr - WARNING - DEPRECATED FEATURE: `client_fn` now expects a signature `def client_fn(context: Context)`.The provided `client_fn` has signature: {'cid': <Parameter "cid: str">}. You can import the `Context` like this: `from flwr.common import Context`

            This is a deprecated feature. It will be removed
            entirely in future versions of Flower.
        
[2026-07-19 13:52:07,242] 39 root - INFO - [Attacker] Label flip: 7 samples class 4 \u2192 class 0
[2026-07-19 13:52:07,250] 39 root - INFO - [Attacker] Label flip: 7 samples class 4 \u2192 class 0
[2026-07-19 13:52:07,258] 39 root - INFO - [Attacker] Label flip: 11 samples class 4 \u2192 class 0
[2026-07-19 13:52:07,268] 39 root - INFO - [Attacker] Label flip: 14 samples class 4 \u2192 class 0
[2026-07-19 13:52:07,278] 39 root - INFO - [Attacker] Label flip: 11 samples class 4 \u2192 class 0
[2026-07-19 13:52:07,287] 39 root - INFO - [Attacker] Label flip: 16 samples class 4 \u2192 class 0
[2026-07-19 13:52:07,295] 39 root - INFO - [Attacker] Label flip: 16 samples class 4 \u2192 class 0
[2026-07-19 13:52:07,302] 39 root - INFO - [Attacker] Label flip: 11 samples class 4 \u2192 class 0
[2026-07-19 13:52:07,312] 39 root - INFO - [Attacker] Label flip: 8 samples class 4 \u2192 class 0
[2026-07-19 13:52:07,320] 39 root - INFO - [Attacker] Label flip: 5 samples class 4 \u2192 class 0
[2026-07-19 13:52:07,326] 39 root - INFO - [Attacker] Label flip: 11 samples class 4 \u2192 class 0
[2026-07-19 13:52:07,336] 39 root - INFO - [Attacker] Label flip: 12 samples class 4 \u2192 class 0
[2026-07-19 13:52:07,345] 39 root - INFO - [Attacker] Label flip: 13 samples class 4 \u2192 class 0
[2026-07-19 13:52:07,353] 39 root - INFO - [Attacker] Label flip: 12 samples class 4 \u2192 class 0
[2026-07-19 13:52:07,360] 39 root - INFO - [Attacker] Label flip: 17 samples class 4 \u2192 class 0
[2026-07-19 13:52:07,369] 39 root - INFO - [Attacker] Label flip: 19 samples class 4 \u2192 class 0
[2026-07-19 13:52:07,376] 39 root - INFO - [Attacker] Label flip: 15 samples class 4 \u2192 class 0
[2026-07-19 13:52:07,384] 39 root - INFO - [Attacker] Label flip: 12 samples class 4 \u2192 class 0
[2026-07-19 13:52:07,393] 39 root - INFO - [Attacker] Label flip: 15 samples class 4 \u2192 class 0
[2026-07-19 13:52:07,401] 39 root - INFO - [Attacker] Label flip: 12 samples class 4 \u2192 class 0
[2026-07-19 13:52:07,410] 39 root - INFO - [Attacker] Label flip: 12 samples class 4 \u2192 class 0
[2026-07-19 13:52:07,418] 39 root - INFO - [Attacker] Label flip: 13 samples class 4 \u2192 class 0
[2026-07-19 13:52:07,427] 39 root - INFO - [Attacker] Label flip: 8 samples class 4 \u2192 class 0
[2026-07-19 13:52:07,436] 39 root - INFO - [Attacker] Label flip: 16 samples class 4 \u2192 class 0
[2026-07-19 13:52:07,444] 39 root - INFO - [Attacker] Label flip: 12 samples class 4 \u2192 class 0
[2026-07-19 13:52:07,452] 39 root - INFO - [Attacker] Label flip: 20 samples class 4 \u2192 class 0
[2026-07-19 13:52:07,462] 39 root - INFO - [Attacker] Label flip: 11 samples class 4 \u2192 class 0
[2026-07-19 13:52:07,467] 39 root - INFO - [Attacker] Label flip: 13 samples class 4 \u2192 class 0
[2026-07-19 13:52:07,475] 39 root - INFO - [Attacker] Label flip: 13 samples class 4 \u2192 class 0
[2026-07-19 13:52:07,485] 39 root - INFO - [Attacker] Label flip: 12 samples class 4 \u2192 class 0
[2026-07-19 13:52:07,493] 39 root - INFO - [Attacker] Label flip: 15 samples class 4 \u2192 class 0
[2026-07-19 13:52:07,499] 39 root - INFO - [Attacker] Label flip: 14 samples class 4 \u2192 class 0
[2026-07-19 13:52:07,507] 39 root - INFO - [Attacker] Label flip: 11 samples class 4 \u2192 class 0
[2026-07-19 13:52:07,516] 39 root - INFO - [Attacker] Label flip: 11 samples class 4 \u2192 class 0
[2026-07-19 13:52:07,523] 39 root - INFO - [Attacker] Label flip: 16 samples class 4 \u2192 class 0
[2026-07-19 13:52:07,530] 39 root - INFO - [Attacker] Label flip: 14 samples class 4 \u2192 class 0
[2026-07-19 13:52:07,538] 39 root - INFO - [Attacker] Label flip: 16 samples class 4 \u2192 class 0
[2026-07-19 13:52:07,548] 39 root - INFO - [Attacker] Label flip: 16 samples class 4 \u2192 class 0
[2026-07-19 13:52:07,554] 39 root - INFO - [Attacker] Label flip: 16 samples class 4 \u2192 class 0
[2026-07-19 13:52:07,562] 39 root - INFO - [Attacker] Label flip: 13 samples class 4 \u2192 class 0
[2026-07-19 13:52:07,570] 39 root - INFO - [Attacker] Label flip: 16 samples class 4 \u2192 class 0
[2026-07-19 13:52:07,577] 39 root - INFO - [Attacker] Label flip: 7 samples class 4 \u2192 class 0
[2026-07-19 13:52:07,585] 39 root - INFO - [Attacker] Label flip: 13 samples class 4 \u2192 class 0
[2026-07-19 13:52:07,593] 39 root - INFO - [Attacker] Label flip: 16 samples class 4 \u2192 class 0
[2026-07-19 13:52:07,601] 39 root - INFO - [Attacker] Label flip: 10 samples class 4 \u2192 class 0
[2026-07-19 13:52:07,607] 39 root - INFO - [Attacker] Label flip: 13 samples class 4 \u2192 class 0
[2026-07-19 13:52:07,617] 39 root - INFO - [Attacker] Label flip: 11 samples class 4 \u2192 class 0
[2026-07-19 13:52:07,625] 39 root - INFO - [Attacker] Label flip: 13 samples class 4 \u2192 class 0
[2026-07-19 13:52:07,631] 39 root - INFO - [Attacker] Label flip: 16 samples class 4 \u2192 class 0
[2026-07-19 13:52:07,639] 39 root - INFO - [Attacker] Label flip: 14 samples class 4 \u2192 class 0
[2026-07-19 13:52:07,647] 39 root - INFO - [Attacker] Label flip: 11 samples class 4 \u2192 class 0
[2026-07-19 13:52:07,655] 39 root - INFO - [Attacker] Label flip: 18 samples class 4 \u2192 class 0
[2026-07-19 13:52:07,661] 39 root - INFO - [Attacker] Label flip: 26 samples class 4 \u2192 class 0
[2026-07-19 13:52:07,669] 39 root - INFO - [Attacker] Label flip: 19 samples class 4 \u2192 class 0
[2026-07-19 13:52:07,677] 39 root - INFO - [Attacker] Label flip: 12 samples class 4 \u2192 class 0
[2026-07-19 13:52:07,685] 39 root - INFO - [Attacker] Label flip: 18 samples class 4 \u2192 class 0
[2026-07-19 13:52:07,692] 39 root - INFO - [Attacker] Label flip: 9 samples class 4 \u2192 class 0
[2026-07-19 13:52:07,700] 39 root - INFO - [Attacker] Label flip: 16 samples class 4 \u2192 class 0
[2026-07-19 13:52:07,708] 39 root - INFO - [Attacker] Label flip: 12 samples class 4 \u2192 class 0
[2026-07-19 13:52:07,718] 39 root - INFO - [Attacker] Label flip: 14 samples class 4 \u2192 class 0
[2026-07-19 13:52:07,726] 39 root - INFO - [Attacker] Label flip: 11 samples class 4 \u2192 class 0
[2026-07-19 13:52:07,734] 39 root - INFO - [Attacker] Label flip: 12 samples class 4 \u2192 class 0
[2026-07-19 13:52:07,740] 39 root - INFO - [Attacker] Label flip: 15 samples class 4 \u2192 class 0
[2026-07-19 13:52:07,748] 39 root - INFO - [Attacker] Label flip: 19 samples class 4 \u2192 class 0
[2026-07-19 13:52:07,756] 39 root - INFO - [Attacker] Label flip: 8 samples class 4 \u2192 class 0
[2026-07-19 13:52:07,762] 39 root - INFO - [Attacker] Label flip: 12 samples class 4 \u2192 class 0
[2026-07-19 13:52:07,770] 39 root - INFO - [Attacker] Label flip: 9 samples class 4 \u2192 class 0
[2026-07-19 13:52:07,778] 39 root - INFO - [Attacker] Label flip: 12 samples class 4 \u2192 class 0
[2026-07-19 13:52:07,785] 39 root - INFO - [Attacker] Label flip: 17 samples class 4 \u2192 class 0
[2026-07-19 13:52:07,793] 39 root - INFO - [Attacker] Label flip: 13 samples class 4 \u2192 class 0
[2026-07-19 13:52:07,801] 39 root - INFO - [Attacker] Label flip: 14 samples class 4 \u2192 class 0
[2026-07-19 13:52:07,809] 39 root - INFO - [Attacker] Label flip: 12 samples class 4 \u2192 class 0
[2026-07-19 13:52:07,817] 39 root - INFO - [Attacker] Label flip: 15 samples class 4 \u2192 class 0
[2026-07-19 13:52:07,823] 39 root - INFO - [Attacker] Label flip: 10 samples class 4 \u2192 class 0
[2026-07-19 13:52:07,831] 39 root - INFO - [Attacker] Label flip: 14 samples class 4 \u2192 class 0
[2026-07-19 13:52:07,839] 39 root - INFO - [Attacker] Label flip: 17 samples class 4 \u2192 class 0
[2026-07-19 13:52:07,849] 39 root - INFO - [Attacker] Label flip: 12 samples class 4 \u2192 class 0
[2026-07-19 13:52:07,855] 39 root - INFO - [Attacker] Label flip: 14 samples class 4 \u2192 class 0
[2026-07-19 13:52:07,864] 39 root - INFO - [Attacker] Label flip: 11 samples class 4 \u2192 class 0
[2026-07-19 13:52:07,870] 39 root - INFO - [Attacker] Label flip: 8 samples class 4 \u2192 class 0
[2026-07-19 13:52:07,878] 39 root - INFO - [Attacker] Label flip: 14 samples class 4 \u2192 class 0
[2026-07-19 13:52:07,886] 39 root - INFO - [Attacker] Label flip: 16 samples class 4 \u2192 class 0
[2026-07-19 13:52:07,894] 39 root - INFO - [Attacker] Label flip: 13 samples class 4 \u2192 class 0
[2026-07-19 13:52:07,902] 39 root - INFO - [Attacker] Label flip: 15 samples class 4 \u2192 class 0
[2026-07-19 13:52:07,910] 39 root - INFO - [Attacker] Label flip: 16 samples class 4 \u2192 class 0
[2026-07-19 13:52:07,918] 39 root - INFO - [Attacker] Label flip: 17 samples class 4 \u2192 class 0
[2026-07-19 13:52:07,925] 39 root - INFO - [Attacker] Label flip: 11 samples class 4 \u2192 class 0
[2026-07-19 13:52:07,931] 39 root - INFO - [Attacker] Label flip: 11 samples class 4 \u2192 class 0
[2026-07-19 13:52:07,939] 39 root - INFO - [Attacker] Label flip: 11 samples class 4 \u2192 class 0
[2026-07-19 13:52:07,949] 39 root - INFO - [Attacker] Label flip: 11 samples class 4 \u2192 class 0
[2026-07-19 13:52:07,955] 39 root - INFO - [Attacker] Label flip: 8 samples class 4 \u2192 class 0
[2026-07-19 13:52:07,963] 39 root - INFO - [Attacker] Label flip: 10 samples class 4 \u2192 class 0
[2026-07-19 13:52:07,971] 39 root - INFO - [Attacker] Label flip: 22 samples class 4 \u2192 class 0
[2026-07-19 13:52:07,979] 39 root - INFO - [Attacker] Label flip: 14 samples class 4 \u2192 class 0
[2026-07-19 13:52:07,987] 39 root - INFO - [Attacker] Label flip: 19 samples class 4 \u2192 class 0
[2026-07-19 13:52:07,993] 39 root - INFO - [Attacker] Label flip: 12 samples class 4 \u2192 class 0
[2026-07-19 13:52:08,001] 39 root - INFO - [Attacker] Label flip: 16 samples class 4 \u2192 class 0
[2026-07-19 13:52:08,009] 39 root - INFO - [Attacker] Label flip: 12 samples class 4 \u2192 class 0
[2026-07-19 13:52:08,017] 39 root - INFO - [Attacker] Label flip: 11 samples class 4 \u2192 class 0
[2026-07-19 13:52:08,025] 39 root - INFO - [Attacker] Label flip: 14 samples class 4 \u2192 class 0
[2026-07-19 13:52:08,032] 39 root - INFO - [Attacker] Label flip: 12 samples class 4 \u2192 class 0
[2026-07-19 13:52:08,038] 39 root - INFO - [Attacker] Label flip: 22 samples class 4 \u2192 class 0
[2026-07-19 13:52:08,046] 39 root - INFO - [Attacker] Label flip: 12 samples class 4 \u2192 class 0
[2026-07-19 13:52:08,054] 39 root - INFO - [Attacker] Label flip: 7 samples class 4 \u2192 class 0
[2026-07-19 13:52:08,062] 39 root - INFO - [Attacker] Label flip: 15 samples class 4 \u2192 class 0
[2026-07-19 13:52:08,070] 39 root - INFO - [Attacker] Label flip: 18 samples class 4 \u2192 class 0
[2026-07-19 13:52:08,078] 39 root - INFO - [Attacker] Label flip: 7 samples class 4 \u2192 class 0
[2026-07-19 13:52:08,086] 39 root - INFO - [Attacker] Label flip: 10 samples class 4 \u2192 class 0
[2026-07-19 13:52:08,092] 39 root - INFO - [Attacker] Label flip: 16 samples class 4 \u2192 class 0
[2026-07-19 13:52:08,100] 39 root - INFO - [Attacker] Label flip: 20 samples class 4 \u2192 class 0
[2026-07-19 13:52:08,107] 39 root - INFO - [Attacker] Label flip: 13 samples class 4 \u2192 class 0
[2026-07-19 13:52:08,115] 39 root - INFO - [Attacker] Label flip: 15 samples class 4 \u2192 class 0
[2026-07-19 13:52:08,123] 39 root - INFO - [Attacker] Label flip: 21 samples class 4 \u2192 class 0
[2026-07-19 13:52:08,131] 39 root - INFO - [Attacker] Label flip: 10 samples class 4 \u2192 class 0
[2026-07-19 13:52:08,137] 39 root - INFO - [Attacker] Label flip: 7 samples class 4 \u2192 class 0
[2026-07-19 13:52:08,147] 39 root - INFO - [Attacker] Label flip: 12 samples class 4 \u2192 class 0
[2026-07-19 13:52:08,153] 39 root - INFO - [Attacker] Label flip: 13 samples class 4 \u2192 class 0
[2026-07-19 13:52:08,161] 39 root - INFO - [Attacker] Label flip: 7 samples class 4 \u2192 class 0
[2026-07-19 13:52:08,169] 39 root - INFO - [Attacker] Label flip: 14 samples class 4 \u2192 class 0
[2026-07-19 13:52:08,176] 39 root - INFO - [Attacker] Label flip: 11 samples class 4 \u2192 class 0
[2026-07-19 13:52:08,184] 39 root - INFO - [Attacker] Label flip: 10 samples class 4 \u2192 class 0
[2026-07-19 13:52:08,192] 39 root - INFO - [Attacker] Label flip: 9 samples class 4 \u2192 class 0
[2026-07-19 13:52:08,200] 39 root - INFO - [Attacker] Label flip: 13 samples class 4 \u2192 class 0
[2026-07-19 13:52:08,208] 39 root - INFO - [Attacker] Label flip: 7 samples class 4 \u2192 class 0
[2026-07-19 13:52:08,216] 39 root - INFO - [Attacker] Label flip: 7 samples class 4 \u2192 class 0
[2026-07-19 13:52:08,224] 39 root - INFO - [Attacker] Label flip: 11 samples class 4 \u2192 class 0
[2026-07-19 13:52:08,232] 39 root - INFO - [Attacker] Label flip: 10 samples class 4 \u2192 class 0
[2026-07-19 13:52:08,239] 39 root - INFO - [Attacker] Label flip: 9 samples class 4 \u2192 class 0
[2026-07-19 13:52:08,249] 39 root - INFO - [Attacker] Label flip: 15 samples class 4 \u2192 class 0
[2026-07-19 13:52:08,257] 39 root - INFO - [Attacker] Label flip: 19 samples class 4 \u2192 class 0
[2026-07-19 13:52:08,263] 39 root - INFO - [Attacker] Label flip: 15 samples class 4 \u2192 class 0
[2026-07-19 13:52:08,271] 39 root - INFO - [Attacker] Label flip: 14 samples class 4 \u2192 class 0
[2026-07-19 13:52:08,279] 39 root - INFO - [Attacker] Label flip: 18 samples class 4 \u2192 class 0
[2026-07-19 13:52:08,287] 39 root - INFO - [Attacker] Label flip: 13 samples class 4 \u2192 class 0
[2026-07-19 13:52:08,293] 39 root - INFO - [Attacker] Label flip: 16 samples class 4 \u2192 class 0
[2026-07-19 13:52:08,301] 39 root - INFO - [Attacker] Label flip: 9 samples class 4 \u2192 class 0
[2026-07-19 13:52:08,311] 39 root - INFO - [Attacker] Label flip: 14 samples class 4 \u2192 class 0
[2026-07-19 13:52:08,318] 39 root - INFO - [Attacker] Label flip: 13 samples class 4 \u2192 class 0
[2026-07-19 13:52:08,326] 39 root - INFO - [Attacker] Label flip: 12 samples class 4 \u2192 class 0
[2026-07-19 13:52:08,332] 39 root - INFO - [Attacker] Label flip: 12 samples class 4 \u2192 class 0
[2026-07-19 13:52:08,341] 39 root - INFO - [Attacker] Label flip: 10 samples class 4 \u2192 class 0
[2026-07-19 13:52:08,356] 39 root - INFO - [Attacker] Label flip: 9 samples class 4 \u2192 class 0
[2026-07-19 13:52:08,364] 39 root - INFO - [Attacker] Label flip: 12 samples class 4 \u2192 class 0
[2026-07-19 13:52:08,372] 39 root - INFO - [Attacker] Label flip: 12 samples class 4 \u2192 class 0
[2026-07-19 13:52:08,380] 39 root - INFO - [Attacker] Label flip: 13 samples class 4 \u2192 class 0
[2026-07-19 13:52:08,390] 39 root - INFO - [Attacker] Label flip: 17 samples class 4 \u2192 class 0
[2026-07-19 13:52:08,398] 39 root - INFO - [Attacker] Label flip: 10 samples class 4 \u2192 class 0
[2026-07-19 13:52:08,406] 39 root - INFO - [Attacker] Label flip: 15 samples class 4 \u2192 class 0
[2026-07-19 13:52:08,413] 39 root - INFO - [Attacker] Label flip: 11 samples class 4 \u2192 class 0
[2026-07-19 13:52:08,421] 39 root - INFO - [Attacker] Label flip: 8 samples class 4 \u2192 class 0
[2026-07-19 13:52:08,429] 39 root - INFO - [Attacker] Label flip: 11 samples class 4 \u2192 class 0
[2026-07-19 13:52:08,437] 39 root - INFO - [Attacker] Label flip: 14 samples class 4 \u2192 class 0
[2026-07-19 13:52:08,445] 39 root - INFO - [Attacker] Label flip: 15 samples class 4 \u2192 class 0
[2026-07-19 13:52:08,453] 39 root - INFO - [Attacker] Label flip: 9 samples class 4 \u2192 class 0
[2026-07-19 13:52:08,461] 39 root - INFO - [Attacker] Label flip: 8 samples class 4 \u2192 class 0
[2026-07-19 13:52:08,468] 39 root - INFO - [Attacker] Label flip: 13 samples class 4 \u2192 class 0
[2026-07-19 13:52:08,476] 39 root - INFO - [Attacker] Label flip: 14 samples class 4 \u2192 class 0
[2026-07-19 13:52:08,482] 39 root - INFO - [Attacker] Label flip: 10 samples class 4 \u2192 class 0
[2026-07-19 13:52:08,490] 39 root - INFO - [Attacker] Label flip: 12 samples class 4 \u2192 class 0
[2026-07-19 13:52:08,498] 39 root - INFO - [Attacker] Label flip: 12 samples class 4 \u2192 class 0
[2026-07-19 13:52:08,506] 39 root - INFO - [Attacker] Label flip: 10 samples class 4 \u2192 class 0
[2026-07-19 13:52:08,512] 39 root - INFO - [Attacker] Label flip: 14 samples class 4 \u2192 class 0
[2026-07-19 13:52:08,522] 39 root - INFO - [Attacker] Label flip: 7 samples class 4 \u2192 class 0
[2026-07-19 13:52:08,531] 39 root - INFO - [Attacker] Label flip: 18 samples class 4 \u2192 class 0
[2026-07-19 13:52:08,538] 39 root - INFO - [Attacker] Label flip: 12 samples class 4 \u2192 class 0
[2026-07-19 13:52:08,546] 39 root - INFO - [Attacker] Label flip: 17 samples class 4 \u2192 class 0
[2026-07-19 13:52:08,552] 39 root - INFO - [Attacker] Label flip: 14 samples class 4 \u2192 class 0
[2026-07-19 13:52:08,562] 39 root - INFO - [Attacker] Label flip: 13 samples class 4 \u2192 class 0
[2026-07-19 13:52:08,563] 268 flwr - WARNING - DEPRECATED FEATURE: `client_fn` now expects a signature `def client_fn(context: Context)`.The provided `client_fn` has signature: {'cid': <Parameter "cid: str">}. You can import the `Context` like this: `from flwr.common import Context`

            This is a deprecated feature. It will be removed
            entirely in future versions of Flower.
        
[2026-07-19 13:52:08,569] 39 root - INFO - [Attacker] Label flip: 8 samples class 4 \u2192 class 0
[2026-07-19 13:52:08,579] 39 root - INFO - [Attacker] Label flip: 14 samples class 4 \u2192 class 0
[2026-07-19 13:52:08,586] 39 root - INFO - [Attacker] Label flip: 15 samples class 4 \u2192 class 0
[2026-07-19 13:52:08,594] 39 root - INFO - [Attacker] Label flip: 7 samples class 4 \u2192 class 0
[2026-07-19 13:52:08,601] 39 root - INFO - [Attacker] Label flip: 17 samples class 4 \u2192 class 0
[2026-07-19 13:52:08,609] 39 root - INFO - [Attacker] Label flip: 11 samples class 4 \u2192 class 0
[2026-07-19 13:52:08,617] 39 root - INFO - [Attacker] Label flip: 13 samples class 4 \u2192 class 0
[2026-07-19 13:52:08,625] 39 root - INFO - [Attacker] Label flip: 13 samples class 4 \u2192 class 0
[2026-07-19 13:52:08,633] 39 root - INFO - [Attacker] Label flip: 19 samples class 4 \u2192 class 0
[2026-07-19 13:52:08,641] 39 root - INFO - [Attacker] Label flip: 9 samples class 4 \u2192 class 0
[2026-07-19 13:52:08,648] 39 root - INFO - [Attacker] Label flip: 13 samples class 4 \u2192 class 0
[2026-07-19 13:52:08,656] 39 root - INFO - [Attacker] Label flip: 11 samples class 4 \u2192 class 0
[2026-07-19 13:52:08,662] 39 root - INFO - [Attacker] Label flip: 5 samples class 4 \u2192 class 0
[2026-07-19 13:52:08,670] 39 root - INFO - [Attacker] Label flip: 16 samples class 4 \u2192 class 0
[2026-07-19 13:52:08,678] 39 root - INFO - [Attacker] Label flip: 7 samples class 4 \u2192 class 0
[2026-07-19 13:52:08,686] 39 root - INFO - [Attacker] Label flip: 13 samples class 4 \u2192 class 0
[2026-07-19 13:52:08,694] 39 root - INFO - [Attacker] Label flip: 17 samples class 4 \u2192 class 0
[2026-07-19 13:52:08,700] 39 root - INFO - [Attacker] Label flip: 10 samples class 4 \u2192 class 0
[2026-07-19 13:52:08,708] 39 root - INFO - [Attacker] Label flip: 11 samples class 4 \u2192 class 0
[2026-07-19 13:52:08,715] 39 root - INFO - [Attacker] Label flip: 18 samples class 4 \u2192 class 0
[2026-07-19 13:52:08,725] 39 root - INFO - [Attacker] Label flip: 11 samples class 4 \u2192 class 0
[2026-07-19 13:52:08,733] 39 root - INFO - [Attacker] Label flip: 16 samples class 4 \u2192 class 0
[2026-07-19 13:52:08,741] 39 root - INFO - [Attacker] Label flip: 12 samples class 4 \u2192 class 0
[2026-07-19 13:52:08,750] 39 root - INFO - [Attacker] Label flip: 10 samples class 4 \u2192 class 0
[2026-07-19 13:52:08,763] 39 root - INFO - [Attacker] Label flip: 13 samples class 4 \u2192 class 0
[2026-07-19 13:52:08,771] 39 root - INFO - [Attacker] Label flip: 11 samples class 4 \u2192 class 0
[2026-07-19 13:52:08,779] 39 root - INFO - [Attacker] Label flip: 12 samples class 4 \u2192 class 0
[2026-07-19 13:52:08,787] 39 root - INFO - [Attacker] Label flip: 12 samples class 4 \u2192 class 0
[2026-07-19 13:52:08,793] 39 root - INFO - [Attacker] Label flip: 18 samples class 4 \u2192 class 0
[2026-07-19 13:52:08,801] 39 root - INFO - [Attacker] Label flip: 14 samples class 4 \u2192 class 0
[2026-07-19 13:52:08,808] 39 root - INFO - [Attacker] Label flip: 10 samples class 4 \u2192 class 0
[2026-07-19 13:52:08,819] 39 root - INFO - [Attacker] Label flip: 16 samples class 4 \u2192 class 0
[2026-07-19 13:52:08,828] 39 root - INFO - [Attacker] Label flip: 5 samples class 4 \u2192 class 0
[2026-07-19 13:52:08,837] 39 root - INFO - [Attacker] Label flip: 13 samples class 4 \u2192 class 0
[2026-07-19 13:52:08,845] 39 root - INFO - [Attacker] Label flip: 9 samples class 4 \u2192 class 0
[2026-07-19 13:52:08,853] 39 root - INFO - [Attacker] Label flip: 14 samples class 4 \u2192 class 0
[2026-07-19 13:52:08,861] 39 root - INFO - [Attacker] Label flip: 6 samples class 4 \u2192 class 0
[2026-07-19 13:52:08,884] 39 root - INFO - [Attacker] Label flip: 11 samples class 4 \u2192 class 0
[2026-07-19 13:52:08,892] 39 root - INFO - [Attacker] Label flip: 20 samples class 4 \u2192 class 0
[2026-07-19 13:52:08,900] 39 root - INFO - [Attacker] Label flip: 15 samples class 4 \u2192 class 0
[2026-07-19 13:52:08,908] 39 root - INFO - [Attacker] Label flip: 10 samples class 4 \u2192 class 0
[2026-07-19 13:52:08,916] 39 root - INFO - [Attacker] Label flip: 10 samples class 4 \u2192 class 0
[2026-07-19 13:52:08,924] 39 root - INFO - [Attacker] Label flip: 12 samples class 4 \u2192 class 0
[2026-07-19 13:52:08,931] 39 root - INFO - [Attacker] Label flip: 17 samples class 4 \u2192 class 0
[2026-07-19 13:52:08,939] 39 root - INFO - [Attacker] Label flip: 15 samples class 4 \u2192 class 0
[2026-07-19 13:52:08,945] 39 root - INFO - [Attacker] Label flip: 17 samples class 4 \u2192 class 0
[2026-07-19 13:52:08,955] 39 root - INFO - [Attacker] Label flip: 10 samples class 4 \u2192 class 0
[2026-07-19 13:52:08,963] 39 root - INFO - [Attacker] Label flip: 6 samples class 4 \u2192 class 0
[2026-07-19 13:52:08,971] 39 root - INFO - [Attacker] Label flip: 10 samples class 4 \u2192 class 0
[2026-07-19 13:52:08,979] 39 root - INFO - [Attacker] Label flip: 19 samples class 4 \u2192 class 0
[2026-07-19 13:52:08,987] 39 root - INFO - [Attacker] Label flip: 11 samples class 4 \u2192 class 0
[2026-07-19 13:52:08,995] 39 root - INFO - [Attacker] Label flip: 16 samples class 4 \u2192 class 0
[2026-07-19 13:52:09,003] 39 root - INFO - [Attacker] Label flip: 17 samples class 4 \u2192 class 0
[2026-07-19 13:52:09,010] 39 root - INFO - [Attacker] Label flip: 11 samples class 4 \u2192 class 0
[2026-07-19 13:52:09,018] 39 root - INFO - [Attacker] Label flip: 14 samples class 4 \u2192 class 0
[2026-07-19 13:52:09,026] 39 root - INFO - [Attacker] Label flip: 7 samples class 4 \u2192 class 0
[2026-07-19 13:52:09,034] 39 root - INFO - [Attacker] Label flip: 13 samples class 4 \u2192 class 0
[2026-07-19 13:52:09,042] 39 root - INFO - [Attacker] Label flip: 8 samples class 4 \u2192 class 0
[2026-07-19 13:52:09,051] 39 root - INFO - [Attacker] Label flip: 13 samples class 4 \u2192 class 0
[2026-07-19 13:52:09,058] 39 root - INFO - [Attacker] Label flip: 8 samples class 4 \u2192 class 0
[2026-07-19 13:52:09,066] 39 root - INFO - [Attacker] Label flip: 14 samples class 4 \u2192 class 0
[2026-07-19 13:52:09,074] 39 root - INFO - [Attacker] Label flip: 16 samples class 4 \u2192 class 0
[2026-07-19 13:52:09,083] 39 root - INFO - [Attacker] Label flip: 20 samples class 4 \u2192 class 0
[2026-07-19 13:52:09,091] 39 root - INFO - [Attacker] Label flip: 15 samples class 4 \u2192 class 0
[2026-07-19 13:52:09,099] 39 root - INFO - [Attacker] Label flip: 7 samples class 4 \u2192 class 0
[2026-07-19 13:52:09,107] 39 root - INFO - [Attacker] Label flip: 11 samples class 4 \u2192 class 0
[2026-07-19 13:52:09,115] 39 root - INFO - [Attacker] Label flip: 10 samples class 4 \u2192 class 0
[2026-07-19 13:52:09,123] 39 root - INFO - [Attacker] Label flip: 4 samples class 4 \u2192 class 0
[2026-07-19 13:52:09,129] 39 root - INFO - [Attacker] Label flip: 8 samples class 4 \u2192 class 0
[2026-07-19 13:52:09,137] 39 root - INFO - [Attacker] Label flip: 11 samples class 4 \u2192 class 0
[2026-07-19 13:52:09,146] 39 root - INFO - [Attacker] Label flip: 15 samples class 4 \u2192 class 0
[2026-07-19 13:52:09,154] 39 root - INFO - [Attacker] Label flip: 11 samples class 4 \u2192 class 0
[2026-07-19 13:52:09,162] 39 root - INFO - [Attacker] Label flip: 18 samples class 4 \u2192 class 0
[2026-07-19 13:52:09,169] 39 root - INFO - [Attacker] Label flip: 15 samples class 4 \u2192 class 0
[2026-07-19 13:52:09,178] 39 root - INFO - [Attacker] Label flip: 12 samples class 4 \u2192 class 0
[2026-07-19 13:52:09,186] 39 root - INFO - [Attacker] Label flip: 15 samples class 4 \u2192 class 0
[2026-07-19 13:52:09,194] 39 root - INFO - [Attacker] Label flip: 11 samples class 4 \u2192 class 0
[2026-07-19 13:52:09,201] 39 root - INFO - [Attacker] Label flip: 12 samples class 4 \u2192 class 0
[2026-07-19 13:52:09,209] 39 root - INFO - [Attacker] Label flip: 11 samples class 4 \u2192 class 0
[2026-07-19 13:52:09,216] 39 root - INFO - [Attacker] Label flip: 14 samples class 4 \u2192 class 0
[2026-07-19 13:52:09,224] 39 root - INFO - [Attacker] Label flip: 16 samples class 4 \u2192 class 0
[2026-07-19 13:52:09,231] 39 root - INFO - [Attacker] Label flip: 8 samples class 4 \u2192 class 0
[2026-07-19 13:52:09,239] 39 root - INFO - [Attacker] Label flip: 13 samples class 4 \u2192 class 0
[2026-07-19 13:52:09,248] 39 root - INFO - [Attacker] Label flip: 15 samples class 4 \u2192 class 0
[2026-07-19 13:52:09,256] 39 root - INFO - [Attacker] Label flip: 18 samples class 4 \u2192 class 0
[2026-07-19 13:52:09,262] 39 root - INFO - [Attacker] Label flip: 18 samples class 4 \u2192 class 0
[2026-07-19 13:52:09,270] 39 root - INFO - [Attacker] Label flip: 13 samples class 4 \u2192 class 0
[2026-07-19 13:52:09,278] 39 root - INFO - [Attacker] Label flip: 11 samples class 4 \u2192 class 0
[2026-07-19 13:52:09,286] 39 root - INFO - [Attacker] Label flip: 8 samples class 4 \u2192 class 0
[2026-07-19 13:52:09,294] 39 root - INFO - [Attacker] Label flip: 9 samples class 4 \u2192 class 0
[2026-07-19 13:52:09,302] 39 root - INFO - [Attacker] Label flip: 11 samples class 4 \u2192 class 0
[2026-07-19 13:52:09,312] 39 root - INFO - [Attacker] Label flip: 7 samples class 4 \u2192 class 0
[2026-07-19 13:52:09,321] 39 root - INFO - [Attacker] Label flip: 16 samples class 4 \u2192 class 0
[2026-07-19 13:52:09,328] 39 root - INFO - [Attacker] Label flip: 16 samples class 4 \u2192 class 0
[2026-07-19 13:52:09,335] 39 root - INFO - [Attacker] Label flip: 10 samples class 4 \u2192 class 0
[2026-07-19 13:52:09,345] 39 root - INFO - [Attacker] Label flip: 14 samples class 4 \u2192 class 0
[2026-07-19 13:52:09,353] 39 root - INFO - [Attacker] Label flip: 10 samples class 4 \u2192 class 0
[2026-07-19 13:52:09,361] 39 root - INFO - [Attacker] Label flip: 12 samples class 4 \u2192 class 0
[2026-07-19 13:52:09,368] 39 root - INFO - [Attacker] Label flip: 14 samples class 4 \u2192 class 0
[2026-07-19 13:52:09,376] 39 root - INFO - [Attacker] Label flip: 10 samples class 4 \u2192 class 0
[2026-07-19 13:52:09,384] 39 root - INFO - [Attacker] Label flip: 10 samples class 4 \u2192 class 0
[2026-07-19 13:52:09,392] 39 root - INFO - [Attacker] Label flip: 8 samples class 4 \u2192 class 0
[2026-07-19 13:52:09,400] 39 root - INFO - [Attacker] Label flip: 13 samples class 4 \u2192 class 0
[2026-07-19 13:52:09,408] 39 root - INFO - [Attacker] Label flip: 9 samples class 4 \u2192 class 0
[2026-07-19 13:52:09,416] 39 root - INFO - [Attacker] Label flip: 17 samples class 4 \u2192 class 0
[2026-07-19 13:52:09,422] 39 root - INFO - [Attacker] Label flip: 14 samples class 4 \u2192 class 0
[2026-07-19 13:52:09,430] 39 root - INFO - [Attacker] Label flip: 18 samples class 4 \u2192 class 0
[2026-07-19 13:52:09,440] 39 root - INFO - [Attacker] Label flip: 13 samples class 4 \u2192 class 0
[2026-07-19 13:52:09,447] 39 root - INFO - [Attacker] Label flip: 11 samples class 4 \u2192 class 0
[2026-07-19 13:52:09,455] 39 root - INFO - [Attacker] Label flip: 11 samples class 4 \u2192 class 0
[2026-07-19 13:52:09,461] 39 root - INFO - [Attacker] Label flip: 11 samples class 4 \u2192 class 0
[2026-07-19 13:52:09,469] 39 root - INFO - [Attacker] Label flip: 14 samples class 4 \u2192 class 0
[2026-07-19 13:52:09,477] 39 root - INFO - [Attacker] Label flip: 17 samples class 4 \u2192 class 0
[2026-07-19 13:52:09,485] 39 root - INFO - [Attacker] Label flip: 16 samples class 4 \u2192 class 0
[2026-07-19 13:52:09,495] 39 root - INFO - [Attacker] Label flip: 14 samples class 4 \u2192 class 0
[2026-07-19 13:52:09,503] 39 root - INFO - [Attacker] Label flip: 8 samples class 4 \u2192 class 0
[2026-07-19 13:52:09,511] 39 root - INFO - [Attacker] Label flip: 15 samples class 4 \u2192 class 0
[2026-07-19 13:52:09,517] 39 root - INFO - [Attacker] Label flip: 6 samples class 4 \u2192 class 0
[2026-07-19 13:52:09,524] 39 root - INFO - [Attacker] Label flip: 13 samples class 4 \u2192 class 0
[2026-07-19 13:52:09,532] 39 root - INFO - [Attacker] Label flip: 17 samples class 4 \u2192 class 0
[2026-07-19 13:52:09,540] 39 root - INFO - [Attacker] Label flip: 13 samples class 4 \u2192 class 0
[2026-07-19 13:52:09,548] 39 root - INFO - [Attacker] Label flip: 17 samples class 4 \u2192 class 0
[2026-07-19 13:52:09,556] 39 root - INFO - [Attacker] Label flip: 16 samples class 4 \u2192 class 0
[2026-07-19 13:52:09,564] 39 root - INFO - [Attacker] Label flip: 12 samples class 4 \u2192 class 0
[2026-07-19 13:52:09,756] 39 root - INFO - [Attacker] Label flip: 12 samples class 4 \u2192 class 0
[2026-07-19 13:52:09,764] 39 root - INFO - [Attacker] Label flip: 9 samples class 4 \u2192 class 0
[2026-07-19 13:52:09,772] 39 root - INFO - [Attacker] Label flip: 12 samples class 4 \u2192 class 0
[2026-07-19 13:52:09,781] 39 root - INFO - [Attacker] Label flip: 16 samples class 4 \u2192 class 0
[2026-07-19 13:52:09,789] 39 root - INFO - [Attacker] Label flip: 6 samples class 4 \u2192 class 0
[2026-07-19 13:52:09,797] 39 root - INFO - [Attacker] Label flip: 16 samples class 4 \u2192 class 0
[2026-07-19 13:52:09,803] 39 root - INFO - [Attacker] Label flip: 12 samples class 4 \u2192 class 0
[2026-07-19 13:52:09,815] 39 root - INFO - [Attacker] Label flip: 15 samples class 4 \u2192 class 0
[2026-07-19 13:52:09,823] 39 root - INFO - [Attacker] Label flip: 18 samples class 4 \u2192 class 0
[2026-07-19 13:52:09,831] 39 root - INFO - [Attacker] Label flip: 16 samples class 4 \u2192 class 0
[2026-07-19 13:52:09,839] 39 root - INFO - [Attacker] Label flip: 15 samples class 4 \u2192 class 0
[2026-07-19 13:52:09,847] 39 root - INFO - [Attacker] Label flip: 14 samples class 4 \u2192 class 0
[2026-07-19 13:52:09,855] 39 root - INFO - [Attacker] Label flip: 16 samples class 4 \u2192 class 0
[2026-07-19 13:52:09,863] 39 root - INFO - [Attacker] Label flip: 11 samples class 4 \u2192 class 0
[2026-07-19 13:52:09,870] 39 root - INFO - [Attacker] Label flip: 13 samples class 4 \u2192 class 0
[2026-07-19 13:52:09,878] 39 root - INFO - [Attacker] Label flip: 11 samples class 4 \u2192 class 0
[2026-07-19 13:52:09,886] 39 root - INFO - [Attacker] Label flip: 12 samples class 4 \u2192 class 0
[2026-07-19 13:52:09,896] 39 root - INFO - [Attacker] Label flip: 11 samples class 4 \u2192 class 0
[2026-07-19 13:52:09,904] 39 root - INFO - [Attacker] Label flip: 13 samples class 4 \u2192 class 0
[2026-07-19 13:52:09,914] 39 root - INFO - [Attacker] Label flip: 14 samples class 4 \u2192 class 0
[2026-07-19 13:52:09,922] 39 root - INFO - [Attacker] Label flip: 6 samples class 4 \u2192 class 0
[2026-07-19 13:52:09,930] 39 root - INFO - [Attacker] Label flip: 11 samples class 4 \u2192 class 0
[2026-07-19 13:52:09,935] 39 root - INFO - [Attacker] Label flip: 8 samples class 4 \u2192 class 0
[2026-07-19 13:52:09,943] 39 root - INFO - [Attacker] Label flip: 13 samples class 4 \u2192 class 0
[2026-07-19 13:52:09,951] 39 root - INFO - [Attacker] Label flip: 10 samples class 4 \u2192 class 0
[2026-07-19 13:52:09,959] 39 root - INFO - [Attacker] Label flip: 17 samples class 4 \u2192 class 0
[2026-07-19 13:52:09,967] 39 root - INFO - [Attacker] Label flip: 9 samples class 4 \u2192 class 0
[2026-07-19 13:52:09,975] 39 root - INFO - [Attacker] Label flip: 10 samples class 4 \u2192 class 0
[2026-07-19 13:52:09,983] 39 root - INFO - [Attacker] Label flip: 13 samples class 4 \u2192 class 0
[2026-07-19 13:52:09,991] 39 root - INFO - [Attacker] Label flip: 12 samples class 4 \u2192 class 0
[2026-07-19 13:52:09,999] 39 root - INFO - [Attacker] Label flip: 12 samples class 4 \u2192 class 0
[2026-07-19 13:52:10,007] 39 root - INFO - [Attacker] Label flip: 14 samples class 4 \u2192 class 0
[2026-07-19 13:52:10,014] 39 root - INFO - [Attacker] Label flip: 14 samples class 4 \u2192 class 0
[2026-07-19 13:52:10,022] 39 root - INFO - [Attacker] Label flip: 19 samples class 4 \u2192 class 0
[2026-07-19 13:52:10,030] 39 root - INFO - [Attacker] Label flip: 8 samples class 4 \u2192 class 0
[2026-07-19 13:52:10,038] 39 root - INFO - [Attacker] Label flip: 14 samples class 4 \u2192 class 0
[2026-07-19 13:52:10,048] 39 root - INFO - [Attacker] Label flip: 9 samples class 4 \u2192 class 0
[2026-07-19 13:52:10,056] 39 root - INFO - [Attacker] Label flip: 15 samples class 4 \u2192 class 0
[2026-07-19 13:52:10,064] 39 root - INFO - [Attacker] Label flip: 10 samples class 4 \u2192 class 0
[2026-07-19 13:52:10,072] 39 root - INFO - [Attacker] Label flip: 8 samples class 4 \u2192 class 0
[2026-07-19 13:52:10,081] 39 root - INFO - [Attacker] Label flip: 11 samples class 4 \u2192 class 0
[2026-07-19 13:52:10,089] 39 root - INFO - [Attacker] Label flip: 10 samples class 4 \u2192 class 0
[2026-07-19 13:52:10,097] 39 root - INFO - [Attacker] Label flip: 6 samples class 4 \u2192 class 0
[2026-07-19 13:52:10,105] 39 root - INFO - [Attacker] Label flip: 18 samples class 4 \u2192 class 0
[2026-07-19 13:52:10,113] 39 root - INFO - [Attacker] Label flip: 7 samples class 4 \u2192 class 0
[2026-07-19 13:52:10,122] 39 root - INFO - [Attacker] Label flip: 16 samples class 4 \u2192 class 0
[2026-07-19 13:52:10,130] 39 root - INFO - [Attacker] Label flip: 14 samples class 4 \u2192 class 0
[2026-07-19 13:52:10,137] 39 root - INFO - [Attacker] Label flip: 17 samples class 4 \u2192 class 0
[2026-07-19 13:52:10,149] 39 root - INFO - [Attacker] Label flip: 8 samples class 4 \u2192 class 0
[2026-07-19 13:52:10,157] 39 root - INFO - [Attacker] Label flip: 17 samples class 4 \u2192 class 0
[2026-07-19 13:52:10,165] 39 root - INFO - [Attacker] Label flip: 15 samples class 4 \u2192 class 0
[2026-07-19 13:52:10,173] 39 root - INFO - [Attacker] Label flip: 13 samples class 4 \u2192 class 0
[2026-07-19 13:52:10,182] 39 root - INFO - [Attacker] Label flip: 12 samples class 4 \u2192 class 0
[2026-07-19 13:52:10,188] 39 root - INFO - [Attacker] Label flip: 13 samples class 4 \u2192 class 0
[2026-07-19 13:52:10,196] 39 root - INFO - [Attacker] Label flip: 23 samples class 4 \u2192 class 0
[2026-07-19 13:52:10,204] 39 root - INFO - [Attacker] Label flip: 12 samples class 4 \u2192 class 0
[2026-07-19 13:52:10,212] 39 root - INFO - [Attacker] Label flip: 7 samples class 4 \u2192 class 0
[2026-07-19 13:52:10,220] 39 root - INFO - [Attacker] Label flip: 16 samples class 4 \u2192 class 0
[2026-07-19 13:52:10,228] 39 root - INFO - [Attacker] Label flip: 14 samples class 4 \u2192 class 0
[2026-07-19 13:52:10,236] 39 root - INFO - [Attacker] Label flip: 17 samples class 4 \u2192 class 0
[2026-07-19 13:52:10,244] 39 root - INFO - [Attacker] Label flip: 6 samples class 4 \u2192 class 0
[2026-07-19 13:52:10,253] 39 root - INFO - [Attacker] Label flip: 21 samples class 4 \u2192 class 0
[2026-07-19 13:52:10,260] 39 root - INFO - [Attacker] Label flip: 11 samples class 4 \u2192 class 0
[2026-07-19 13:52:10,268] 39 root - INFO - [Attacker] Label flip: 8 samples class 4 \u2192 class 0
[2026-07-19 13:52:10,275] 39 root - INFO - [Attacker] Label flip: 10 samples class 4 \u2192 class 0
[2026-07-19 13:52:10,284] 39 root - INFO - [Attacker] Label flip: 15 samples class 4 \u2192 class 0
[2026-07-19 13:52:10,291] 39 root - INFO - [Attacker] Label flip: 11 samples class 4 \u2192 class 0
[2026-07-19 13:52:10,299] 39 root - INFO - [Attacker] Label flip: 15 samples class 4 \u2192 class 0
[2026-07-19 13:52:10,307] 39 root - INFO - [Attacker] Label flip: 16 samples class 4 \u2192 class 0
[2026-07-19 13:52:10,325] 39 root - INFO - [Attacker] Label flip: 12 samples class 4 \u2192 class 0
[2026-07-19 13:52:10,331] 39 root - INFO - [Attacker] Label flip: 15 samples class 4 \u2192 class 0
[2026-07-19 13:52:10,341] 39 root - INFO - [Attacker] Label flip: 9 samples class 4 \u2192 class 0
[2026-07-19 13:52:10,347] 39 root - INFO - [Attacker] Label flip: 16 samples class 4 \u2192 class 0
[2026-07-19 13:52:10,354] 39 root - INFO - [Attacker] Label flip: 13 samples class 4 \u2192 class 0
[2026-07-19 13:52:10,363] 39 root - INFO - [Attacker] Label flip: 17 samples class 4 \u2192 class 0
[2026-07-19 13:52:10,371] 39 root - INFO - [Attacker] Label flip: 15 samples class 4 \u2192 class 0
[2026-07-19 13:52:10,377] 39 root - INFO - [Attacker] Label flip: 10 samples class 4 \u2192 class 0
[2026-07-19 13:52:10,386] 39 root - INFO - [Attacker] Label flip: 9 samples class 4 \u2192 class 0
[2026-07-19 13:52:10,394] 39 root - INFO - [Attacker] Label flip: 10 samples class 4 \u2192 class 0
[2026-07-19 13:52:10,402] 39 root - INFO - [Attacker] Label flip: 11 samples class 4 \u2192 class 0
[2026-07-19 13:52:10,410] 39 root - INFO - [Attacker] Label flip: 17 samples class 4 \u2192 class 0
[2026-07-19 13:52:10,416] 39 root - INFO - [Attacker] Label flip: 13 samples class 4 \u2192 class 0
[2026-07-19 13:52:10,424] 39 root - INFO - [Attacker] Label flip: 7 samples class 4 \u2192 class 0
[2026-07-19 13:52:10,432] 39 root - INFO - [Attacker] Label flip: 12 samples class 4 \u2192 class 0
[2026-07-19 13:52:10,440] 39 root - INFO - [Attacker] Label flip: 13 samples class 4 \u2192 class 0
[2026-07-19 13:52:10,448] 39 root - INFO - [Attacker] Label flip: 9 samples class 4 \u2192 class 0
[2026-07-19 13:52:10,456] 39 root - INFO - [Attacker] Label flip: 19 samples class 4 \u2192 class 0
[2026-07-19 13:52:10,463] 39 root - INFO - [Attacker] Label flip: 14 samples class 4 \u2192 class 0
[2026-07-19 13:52:10,471] 39 root - INFO - [Attacker] Label flip: 13 samples class 4 \u2192 class 0
[2026-07-19 13:52:10,479] 39 root - INFO - [Attacker] Label flip: 8 samples class 4 \u2192 class 0
[2026-07-19 13:52:10,489] 39 root - INFO - [Attacker] Label flip: 16 samples class 4 \u2192 class 0
[2026-07-19 13:52:10,497] 39 root - INFO - [Attacker] Label flip: 11 samples class 4 \u2192 class 0
[2026-07-19 13:52:10,505] 39 root - INFO - [Attacker] Label flip: 17 samples class 4 \u2192 class 0
[2026-07-19 13:52:10,513] 39 root - INFO - [Attacker] Label flip: 8 samples class 4 \u2192 class 0
[2026-07-19 13:52:10,523] 39 root - INFO - [Attacker] Label flip: 13 samples class 4 \u2192 class 0
[2026-07-19 13:52:10,531] 39 root - INFO - [Attacker] Label flip: 12 samples class 4 \u2192 class 0
[2026-07-19 13:52:10,539] 39 root - INFO - [Attacker] Label flip: 17 samples class 4 \u2192 class 0
[2026-07-19 13:52:10,547] 39 root - INFO - [Attacker] Label flip: 8 samples class 4 \u2192 class 0
[2026-07-19 13:52:10,555] 39 root - INFO - [Attacker] Label flip: 10 samples class 4 \u2192 class 0
[2026-07-19 13:52:10,562] 39 root - INFO - [Attacker] Label flip: 13 samples class 4 \u2192 class 0
[2026-07-19 13:52:10,570] 39 root - INFO - [Attacker] Label flip: 9 samples class 4 \u2192 class 0
[2026-07-19 13:52:10,578] 39 root - INFO - [Attacker] Label flip: 6 samples class 4 \u2192 class 0
[2026-07-19 13:52:10,588] 39 root - INFO - [Attacker] Label flip: 8 samples class 4 \u2192 class 0
[2026-07-19 13:52:10,596] 39 root - INFO - [Attacker] Label flip: 9 samples class 4 \u2192 class 0
[2026-07-19 13:52:10,604] 39 root - INFO - [Attacker] Label flip: 15 samples class 4 \u2192 class 0
[2026-07-19 13:52:10,612] 39 root - INFO - [Attacker] Label flip: 11 samples class 4 \u2192 class 0
[2026-07-19 13:52:10,618] 39 root - INFO - [Attacker] Label flip: 12 samples class 4 \u2192 class 0
[2026-07-19 13:52:10,627] 39 root - INFO - [Attacker] Label flip: 18 samples class 4 \u2192 class 0
[2026-07-19 13:52:10,637] 39 root - INFO - [Attacker] Label flip: 11 samples class 4 \u2192 class 0
[2026-07-19 13:52:10,645] 39 root - INFO - [Attacker] Label flip: 10 samples class 4 \u2192 class 0
[2026-07-19 13:52:10,661] 39 root - INFO - [Attacker] Label flip: 6 samples class 4 \u2192 class 0
[2026-07-19 13:52:10,670] 39 root - INFO - [Attacker] Label flip: 12 samples class 4 \u2192 class 0
[2026-07-19 13:52:10,676] 39 root - INFO - [Attacker] Label flip: 14 samples class 4 \u2192 class 0
[2026-07-19 13:52:10,684] 39 root - INFO - [Attacker] Label flip: 12 samples class 4 \u2192 class 0
[2026-07-19 13:52:10,702] 39 root - INFO - [Attacker] Label flip: 13 samples class 4 \u2192 class 0
[2026-07-19 13:52:10,708] 39 root - INFO - [Attacker] Label flip: 14 samples class 4 \u2192 class 0
[2026-07-19 13:52:10,718] 39 root - INFO - [Attacker] Label flip: 13 samples class 4 \u2192 class 0
[2026-07-19 13:52:10,726] 39 root - INFO - [Attacker] Label flip: 14 samples class 4 \u2192 class 0
[2026-07-19 13:52:10,734] 39 root - INFO - [Attacker] Label flip: 12 samples class 4 \u2192 class 0
[2026-07-19 13:52:10,742] 39 root - INFO - [Attacker] Label flip: 13 samples class 4 \u2192 class 0
[2026-07-19 13:52:10,760] 39 root - INFO - [Attacker] Label flip: 12 samples class 4 \u2192 class 0
[2026-07-19 13:52:10,767] 39 root - INFO - [Attacker] Label flip: 15 samples class 4 \u2192 class 0
[2026-07-19 13:52:10,775] 39 root - INFO - [Attacker] Label flip: 14 samples class 4 \u2192 class 0
[2026-07-19 13:52:10,783] 39 root - INFO - [Attacker] Label flip: 11 samples class 4 \u2192 class 0
[2026-07-19 13:52:10,791] 39 root - INFO - [Attacker] Label flip: 13 samples class 4 \u2192 class 0
[2026-07-19 13:52:10,799] 39 root - INFO - [Attacker] Label flip: 15 samples class 4 \u2192 class 0
[2026-07-19 13:52:10,807] 39 root - INFO - [Attacker] Label flip: 10 samples class 4 \u2192 class 0
[2026-07-19 13:52:10,815] 39 root - INFO - [Attacker] Label flip: 9 samples class 4 \u2192 class 0
[2026-07-19 13:52:10,823] 39 root - INFO - [Attacker] Label flip: 10 samples class 4 \u2192 class 0
[2026-07-19 13:52:10,831] 39 root - INFO - [Attacker] Label flip: 13 samples class 4 \u2192 class 0
[2026-07-19 13:52:10,839] 39 root - INFO - [Attacker] Label flip: 13 samples class 4 \u2192 class 0
[2026-07-19 13:52:10,847] 39 root - INFO - [Attacker] Label flip: 12 samples class 4 \u2192 class 0
[2026-07-19 13:52:10,855] 39 root - INFO - [Attacker] Label flip: 11 samples class 4 \u2192 class 0
[2026-07-19 13:52:10,862] 39 root - INFO - [Attacker] Label flip: 7 samples class 4 \u2192 class 0
[2026-07-19 13:52:10,870] 39 root - INFO - [Attacker] Label flip: 19 samples class 4 \u2192 class 0
[2026-07-19 13:52:10,876] 39 root - INFO - [Attacker] Label flip: 11 samples class 4 \u2192 class 0
[2026-07-19 13:52:10,884] 39 root - INFO - [Attacker] Label flip: 16 samples class 4 \u2192 class 0
[2026-07-19 13:52:10,892] 39 root - INFO - [Attacker] Label flip: 15 samples class 4 \u2192 class 0
[2026-07-19 13:52:10,900] 39 root - INFO - [Attacker] Label flip: 18 samples class 4 \u2192 class 0
[2026-07-19 13:52:10,908] 39 root - INFO - [Attacker] Label flip: 11 samples class 4 \u2192 class 0
[2026-07-19 13:52:10,916] 39 root - INFO - [Attacker] Label flip: 11 samples class 4 \u2192 class 0
[2026-07-19 13:52:10,924] 39 root - INFO - [Attacker] Label flip: 13 samples class 4 \u2192 class 0
[2026-07-19 13:52:10,932] 39 root - INFO - [Attacker] Label flip: 10 samples class 4 \u2192 class 0
[2026-07-19 13:52:10,939] 39 root - INFO - [Attacker] Label flip: 14 samples class 4 \u2192 class 0
[2026-07-19 13:52:10,947] 39 root - INFO - [Attacker] Label flip: 16 samples class 4 \u2192 class 0
[2026-07-19 13:52:10,955] 39 root - INFO - [Attacker] Label flip: 10 samples class 4 \u2192 class 0
[2026-07-19 13:52:10,963] 39 root - INFO - [Attacker] Label flip: 15 samples class 4 \u2192 class 0
[2026-07-19 13:52:10,971] 39 root - INFO - [Attacker] Label flip: 10 samples class 4 \u2192 class 0
[2026-07-19 13:52:10,979] 39 root - INFO - [Attacker] Label flip: 12 samples class 4 \u2192 class 0
[2026-07-19 13:52:10,987] 39 root - INFO - [Attacker] Label flip: 11 samples class 4 \u2192 class 0
[2026-07-19 13:52:10,995] 39 root - INFO - [Attacker] Label flip: 8 samples class 4 \u2192 class 0
[2026-07-19 13:52:11,001] 39 root - INFO - [Attacker] Label flip: 8 samples class 4 \u2192 class 0
[2026-07-19 13:52:11,011] 39 root - INFO - [Attacker] Label flip: 15 samples class 4 \u2192 class 0
[2026-07-19 13:52:11,018] 39 root - INFO - [Attacker] Label flip: 9 samples class 4 \u2192 class 0
[2026-07-19 13:52:11,026] 39 root - INFO - [Attacker] Label flip: 5 samples class 4 \u2192 class 0
[2026-07-19 13:52:11,033] 39 root - INFO - [Attacker] Label flip: 15 samples class 4 \u2192 class 0
[2026-07-19 13:52:11,040] 39 root - INFO - [Attacker] Label flip: 8 samples class 4 \u2192 class 0
[2026-07-19 13:52:11,050] 39 root - INFO - [Attacker] Label flip: 15 samples class 4 \u2192 class 0
[2026-07-19 13:52:11,056] 39 root - INFO - [Attacker] Label flip: 16 samples class 4 \u2192 class 0
[2026-07-19 13:52:11,064] 39 root - INFO - [Attacker] Label flip: 11 samples class 4 \u2192 class 0
[2026-07-19 13:52:11,072] 39 root - INFO - [Attacker] Label flip: 9 samples class 4 \u2192 class 0
[2026-07-19 13:52:11,081] 39 root - INFO - [Attacker] Label flip: 12 samples class 4 \u2192 class 0
[2026-07-19 13:52:11,089] 39 root - INFO - [Attacker] Label flip: 8 samples class 4 \u2192 class 0
[2026-07-19 13:52:11,097] 39 root - INFO - [Attacker] Label flip: 13 samples class 4 \u2192 class 0
[2026-07-19 13:52:11,105] 39 root - INFO - [Attacker] Label flip: 13 samples class 4 \u2192 class 0
[2026-07-19 13:52:11,113] 39 root - INFO - [Attacker] Label flip: 23 samples class 4 \u2192 class 0
[2026-07-19 13:52:11,119] 39 root - INFO - [Attacker] Label flip: 11 samples class 4 \u2192 class 0
[2026-07-19 13:52:11,127] 39 root - INFO - [Attacker] Label flip: 9 samples class 4 \u2192 class 0
[2026-07-19 13:52:11,135] 39 root - INFO - [Attacker] Label flip: 9 samples class 4 \u2192 class 0
[2026-07-19 13:52:11,143] 39 root - INFO - [Attacker] Label flip: 13 samples class 4 \u2192 class 0
[2026-07-19 13:52:11,151] 39 root - INFO - [Attacker] Label flip: 8 samples class 4 \u2192 class 0
[2026-07-19 13:52:11,159] 39 root - INFO - [Attacker] Label flip: 9 samples class 4 \u2192 class 0
[2026-07-19 13:52:11,167] 39 root - INFO - [Attacker] Label flip: 12 samples class 4 \u2192 class 0
[2026-07-19 13:52:11,184] 39 root - INFO - [Attacker] Label flip: 13 samples class 4 \u2192 class 0
[2026-07-19 13:52:11,194] 39 root - INFO - [Attacker] Label flip: 8 samples class 4 \u2192 class 0
[2026-07-19 13:52:11,200] 39 root - INFO - [Attacker] Label flip: 6 samples class 4 \u2192 class 0
[2026-07-19 13:52:11,207] 39 root - INFO - [Attacker] Label flip: 10 samples class 4 \u2192 class 0
[2026-07-19 13:52:11,237] 39 root - INFO - [Attacker] Label flip: 12 samples class 4 \u2192 class 0
[2026-07-19 13:52:11,245] 39 root - INFO - [Attacker] Label flip: 19 samples class 4 \u2192 class 0
[2026-07-19 13:52:11,253] 39 root - INFO - [Attacker] Label flip: 13 samples class 4 \u2192 class 0
[2026-07-19 13:52:11,261] 39 root - INFO - [Attacker] Label flip: 15 samples class 4 \u2192 class 0
[2026-07-19 13:52:11,268] 39 root - INFO - [Attacker] Label flip: 15 samples class 4 \u2192 class 0
[2026-07-19 13:52:11,276] 39 root - INFO - [Attacker] Label flip: 15 samples class 4 \u2192 class 0
[2026-07-19 13:52:11,286] 39 root - INFO - [Attacker] Label flip: 13 samples class 4 \u2192 class 0
[2026-07-19 13:52:11,292] 39 root - INFO - [Attacker] Label flip: 12 samples class 4 \u2192 class 0
[2026-07-19 13:52:11,300] 39 root - INFO - [Attacker] Label flip: 10 samples class 4 \u2192 class 0
[2026-07-19 13:52:11,309] 39 root - INFO - [Attacker] Label flip: 9 samples class 4 \u2192 class 0
[2026-07-19 13:52:11,318] 39 root - INFO - [Attacker] Label flip: 10 samples class 4 \u2192 class 0
[2026-07-19 13:52:11,326] 39 root - INFO - [Attacker] Label flip: 12 samples class 4 \u2192 class 0
[2026-07-19 13:52:11,333] 39 root - INFO - [Attacker] Label flip: 15 samples class 4 \u2192 class 0
[2026-07-19 13:52:11,345] 39 root - INFO - [Attacker] Label flip: 15 samples class 4 \u2192 class 0
[2026-07-19 13:52:11,353] 39 root - INFO - [Attacker] Label flip: 13 samples class 4 \u2192 class 0
[2026-07-19 13:52:11,361] 39 root - INFO - [Attacker] Label flip: 12 samples class 4 \u2192 class 0
[2026-07-19 13:52:11,367] 39 root - INFO - [Attacker] Label flip: 19 samples class 4 \u2192 class 0
[2026-07-19 13:52:11,379] 39 root - INFO - [Attacker] Label flip: 8 samples class 4 \u2192 class 0
[2026-07-19 13:52:11,397] 39 root - INFO - [Attacker] Label flip: 10 samples class 4 \u2192 class 0
[2026-07-19 13:52:11,405] 39 root - INFO - [Attacker] Label flip: 10 samples class 4 \u2192 class 0
[2026-07-19 13:52:11,412] 39 root - INFO - [Attacker] Label flip: 11 samples class 4 \u2192 class 0
[2026-07-19 13:52:11,420] 39 root - INFO - [Attacker] Label flip: 11 samples class 4 \u2192 class 0
[2026-07-19 13:52:11,428] 39 root - INFO - [Attacker] Label flip: 16 samples class 4 \u2192 class 0
[2026-07-19 13:52:11,436] 39 root - INFO - [Attacker] Label flip: 9 samples class 4 \u2192 class 0
[2026-07-19 13:52:11,444] 39 root - INFO - [Attacker] Label flip: 11 samples class 4 \u2192 class 0
[2026-07-19 13:52:11,452] 39 root - INFO - [Attacker] Label flip: 6 samples class 4 \u2192 class 0
[2026-07-19 13:52:11,460] 39 root - INFO - [Attacker] Label flip: 7 samples class 4 \u2192 class 0
[2026-07-19 13:52:11,468] 39 root - INFO - [Attacker] Label flip: 13 samples class 4 \u2192 class 0
[2026-07-19 13:52:11,476] 39 root - INFO - [Attacker] Label flip: 12 samples class 4 \u2192 class 0
[2026-07-19 13:52:11,486] 39 root - INFO - [Attacker] Label flip: 12 samples class 4 \u2192 class 0
[2026-07-19 13:52:11,493] 39 root - INFO - [Attacker] Label flip: 7 samples class 4 \u2192 class 0
[2026-07-19 13:52:11,501] 39 root - INFO - [Attacker] Label flip: 16 samples class 4 \u2192 class 0
[2026-07-19 13:52:11,509] 39 root - INFO - [Attacker] Label flip: 13 samples class 4 \u2192 class 0
[2026-07-19 13:52:11,517] 39 root - INFO - [Attacker] Label flip: 17 samples class 4 \u2192 class 0
[2026-07-19 13:52:11,525] 39 root - INFO - [Attacker] Label flip: 16 samples class 4 \u2192 class 0
[2026-07-19 13:52:11,533] 39 root - INFO - [Attacker] Label flip: 9 samples class 4 \u2192 class 0
[2026-07-19 13:52:11,541] 39 root - INFO - [Attacker] Label flip: 10 samples class 4 \u2192 class 0
[2026-07-19 13:52:11,551] 39 root - INFO - [Attacker] Label flip: 15 samples class 4 \u2192 class 0
[2026-07-19 13:52:11,557] 39 root - INFO - [Attacker] Label flip: 12 samples class 4 \u2192 class 0
[2026-07-19 13:52:11,565] 39 root - INFO - [Attacker] Label flip: 17 samples class 4 \u2192 class 0
[2026-07-19 13:52:11,572] 39 root - INFO - [Attacker] Label flip: 8 samples class 4 \u2192 class 0
[2026-07-19 13:52:11,580] 39 root - INFO - [Attacker] Label flip: 12 samples class 4 \u2192 class 0
[2026-07-19 13:52:11,588] 39 root - INFO - [Attacker] Label flip: 7 samples class 4 \u2192 class 0
[2026-07-19 13:52:11,596] 39 root - INFO - [Attacker] Label flip: 15 samples class 4 \u2192 class 0
[2026-07-19 13:52:11,604] 39 root - INFO - [Attacker] Label flip: 11 samples class 4 \u2192 class 0
[2026-07-19 13:52:11,612] 39 root - INFO - [Attacker] Label flip: 14 samples class 4 \u2192 class 0
[2026-07-19 13:52:11,620] 39 root - INFO - [Attacker] Label flip: 9 samples class 4 \u2192 class 0
[2026-07-19 13:52:11,628] 39 root - INFO - [Attacker] Label flip: 18 samples class 4 \u2192 class 0
[2026-07-19 13:52:11,635] 39 root - INFO - [Attacker] Label flip: 14 samples class 4 \u2192 class 0
[2026-07-19 13:52:11,643] 39 root - INFO - [Attacker] Label flip: 13 samples class 4 \u2192 class 0
[2026-07-19 13:52:11,651] 39 root - INFO - [Attacker] Label flip: 12 samples class 4 \u2192 class 0
[2026-07-19 13:52:11,659] 39 root - INFO - [Attacker] Label flip: 14 samples class 4 \u2192 class 0
[2026-07-19 13:52:11,667] 39 root - INFO - [Attacker] Label flip: 12 samples class 4 \u2192 class 0
[2026-07-19 13:52:11,675] 39 root - INFO - [Attacker] Label flip: 10 samples class 4 \u2192 class 0
[2026-07-19 13:52:11,685] 39 root - INFO - [Attacker] Label flip: 13 samples class 4 \u2192 class 0
[2026-07-19 13:52:11,693] 39 root - INFO - [Attacker] Label flip: 13 samples class 4 \u2192 class 0
[2026-07-19 13:52:11,701] 39 root - INFO - [Attacker] Label flip: 10 samples class 4 \u2192 class 0
[2026-07-19 13:52:11,710] 39 root - INFO - [Attacker] Label flip: 8 samples class 4 \u2192 class 0
[2026-07-19 13:52:11,718] 39 root - INFO - [Attacker] Label flip: 14 samples class 4 \u2192 class 0
[2026-07-19 13:52:11,725] 39 root - INFO - [Attacker] Label flip: 12 samples class 4 \u2192 class 0
[2026-07-19 13:52:11,733] 39 root - INFO - [Attacker] Label flip: 5 samples class 4 \u2192 class 0
[2026-07-19 13:52:11,741] 39 root - INFO - [Attacker] Label flip: 12 samples class 4 \u2192 class 0
[2026-07-19 13:52:11,747] 39 root - INFO - [Attacker] Label flip: 14 samples class 4 \u2192 class 0
[2026-07-19 13:52:11,755] 39 root - INFO - [Attacker] Label flip: 16 samples class 4 \u2192 class 0
[2026-07-19 13:52:11,763] 39 root - INFO - [Attacker] Label flip: 13 samples class 4 \u2192 class 0
[2026-07-19 13:52:11,771] 39 root - INFO - [Attacker] Label flip: 12 samples class 4 \u2192 class 0
[2026-07-19 13:52:11,779] 39 root - INFO - [Attacker] Label flip: 10 samples class 4 \u2192 class 0
[2026-07-19 13:52:11,787] 39 root - INFO - [Attacker] Label flip: 10 samples class 4 \u2192 class 0
[2026-07-19 13:52:11,795] 39 root - INFO - [Attacker] Label flip: 7 samples class 4 \u2192 class 0
[2026-07-19 13:52:11,802] 39 root - INFO - [Attacker] Label flip: 17 samples class 4 \u2192 class 0
[2026-07-19 13:52:11,809] 39 root - INFO - [Attacker] Label flip: 8 samples class 4 \u2192 class 0
[2026-07-19 13:52:11,818] 39 root - INFO - [Attacker] Label flip: 7 samples class 4 \u2192 class 0
[2026-07-19 13:52:11,826] 39 root - INFO - [Attacker] Label flip: 6 samples class 4 \u2192 class 0
[2026-07-19 13:52:11,834] 39 root - INFO - [Attacker] Label flip: 19 samples class 4 \u2192 class 0
[2026-07-19 13:52:11,842] 39 root - INFO - [Attacker] Label flip: 19 samples class 4 \u2192 class 0
[2026-07-19 13:52:11,850] 39 root - INFO - [Attacker] Label flip: 14 samples class 4 \u2192 class 0
[2026-07-19 13:52:11,858] 39 root - INFO - [Attacker] Label flip: 15 samples class 4 \u2192 class 0
[2026-07-19 13:52:11,866] 39 root - INFO - [Attacker] Label flip: 18 samples class 4 \u2192 class 0
[2026-07-19 13:52:11,872] 39 root - INFO - [Attacker] Label flip: 12 samples class 4 \u2192 class 0
[2026-07-19 13:52:11,880] 39 root - INFO - [Attacker] Label flip: 11 samples class 4 \u2192 class 0
[2026-07-19 13:52:11,890] 39 root - INFO - [Attacker] Label flip: 6 samples class 4 \u2192 class 0
[2026-07-19 13:52:11,897] 39 root - INFO - [Attacker] Label flip: 15 samples class 4 \u2192 class 0
[2026-07-19 13:52:11,905] 39 root - INFO - [Attacker] Label flip: 6 samples class 4 \u2192 class 0
[2026-07-19 13:52:11,913] 39 root - INFO - [Attacker] Label flip: 12 samples class 4 \u2192 class 0
[2026-07-19 13:52:11,921] 39 root - INFO - [Attacker] Label flip: 16 samples class 4 \u2192 class 0
[2026-07-19 13:52:11,929] 39 root - INFO - [Attacker] Label flip: 14 samples class 4 \u2192 class 0
[2026-07-19 13:52:11,937] 39 root - INFO - [Attacker] Label flip: 12 samples class 4 \u2192 class 0
[2026-07-19 13:52:11,945] 39 root - INFO - [Attacker] Label flip: 16 samples class 4 \u2192 class 0
[2026-07-19 13:52:11,953] 39 root - INFO - [Attacker] Label flip: 15 samples class 4 \u2192 class 0
[2026-07-19 13:52:11,961] 39 root - INFO - [Attacker] Label flip: 14 samples class 4 \u2192 class 0
[2026-07-19 13:52:11,971] 39 root - INFO - [Attacker] Label flip: 21 samples class 4 \u2192 class 0
[2026-07-19 13:52:11,971] 268 flwr - WARNING - DEPRECATED FEATURE: `client_fn` now expects a signature `def client_fn(context: Context)`.The provided `client_fn` has signature: {'cid': <Parameter "cid: str">}. You can import the `Context` like this: `from flwr.common import Context`

            This is a deprecated feature. It will be removed
            entirely in future versions of Flower.
        
[2026-07-19 13:52:11,979] 39 root - INFO - [Attacker] Label flip: 16 samples class 4 \u2192 class 0
[2026-07-19 13:52:11,987] 39 root - INFO - [Attacker] Label flip: 14 samples class 4 \u2192 class 0
[2026-07-19 13:52:11,994] 39 root - INFO - [Attacker] Label flip: 21 samples class 4 \u2192 class 0
[2026-07-19 13:52:12,006] 39 root - INFO - [Attacker] Label flip: 14 samples class 4 \u2192 class 0
[2026-07-19 13:52:12,014] 39 root - INFO - [Attacker] Label flip: 13 samples class 4 \u2192 class 0
[2026-07-19 13:52:12,022] 39 root - INFO - [Attacker] Label flip: 14 samples class 4 \u2192 class 0
[2026-07-19 13:52:12,030] 39 root - INFO - [Attacker] Label flip: 9 samples class 4 \u2192 class 0
[2026-07-19 13:52:12,039] 39 root - INFO - [Attacker] Label flip: 16 samples class 4 \u2192 class 0
[2026-07-19 13:52:12,046] 39 root - INFO - [Attacker] Label flip: 10 samples class 4 \u2192 class 0
[2026-07-19 13:52:12,054] 39 root - INFO - [Attacker] Label flip: 9 samples class 4 \u2192 class 0
[2026-07-19 13:52:12,062] 39 root - INFO - [Attacker] Label flip: 12 samples class 4 \u2192 class 0
[2026-07-19 13:52:12,070] 39 root - INFO - [Attacker] Label flip: 12 samples class 4 \u2192 class 0
[2026-07-19 13:52:12,080] 39 root - INFO - [Attacker] Label flip: 13 samples class 4 \u2192 class 0
[2026-07-19 13:52:12,088] 39 root - INFO - [Attacker] Label flip: 11 samples class 4 \u2192 class 0
[2026-07-19 13:52:12,096] 39 root - INFO - [Attacker] Label flip: 15 samples class 4 \u2192 class 0
[2026-07-19 13:52:12,104] 39 root - INFO - [Attacker] Label flip: 12 samples class 4 \u2192 class 0
[2026-07-19 13:52:12,114] 39 root - INFO - [Attacker] Label flip: 12 samples class 4 \u2192 class 0
[2026-07-19 13:52:12,122] 39 root - INFO - [Attacker] Label flip: 13 samples class 4 \u2192 class 0
[2026-07-19 13:52:12,130] 39 root - INFO - [Attacker] Label flip: 11 samples class 4 \u2192 class 0
[2026-07-19 13:52:12,136] 39 root - INFO - [Attacker] Label flip: 11 samples class 4 \u2192 class 0
[2026-07-19 13:52:12,148] 39 root - INFO - [Attacker] Label flip: 11 samples class 4 \u2192 class 0
[2026-07-19 13:52:12,155] 39 root - INFO - [Attacker] Label flip: 11 samples class 4 \u2192 class 0
[2026-07-19 13:52:12,163] 39 root - INFO - [Attacker] Label flip: 13 samples class 4 \u2192 class 0
[2026-07-19 13:52:12,169] 39 root - INFO - [Attacker] Label flip: 13 samples class 4 \u2192 class 0
[2026-07-19 13:52:12,179] 39 root - INFO - [Attacker] Label flip: 10 samples class 4 \u2192 class 0
[2026-07-19 13:52:12,187] 39 root - INFO - [Attacker] Label flip: 8 samples class 4 \u2192 class 0
[2026-07-19 13:52:12,195] 39 root - INFO - [Attacker] Label flip: 16 samples class 4 \u2192 class 0
[2026-07-19 13:52:12,203] 39 root - INFO - [Attacker] Label flip: 13 samples class 4 \u2192 class 0
[2026-07-19 13:52:12,213] 39 root - INFO - [Attacker] Label flip: 10 samples class 4 \u2192 class 0
[2026-07-19 13:52:12,223] 39 root - INFO - [Attacker] Label flip: 8 samples class 4 \u2192 class 0
[2026-07-19 13:52:12,231] 39 root - INFO - [Attacker] Label flip: 10 samples class 4 \u2192 class 0
[2026-07-19 13:52:12,241] 39 root - INFO - [Attacker] Label flip: 17 samples class 4 \u2192 class 0
[2026-07-19 13:52:12,249] 39 root - INFO - [Attacker] Label flip: 11 samples class 4 \u2192 class 0
[2026-07-19 13:52:12,257] 39 root - INFO - [Attacker] Label flip: 13 samples class 4 \u2192 class 0
[2026-07-19 13:52:12,265] 39 root - INFO - [Attacker] Label flip: 12 samples class 4 \u2192 class 0
[2026-07-19 13:52:12,272] 39 root - INFO - [Attacker] Label flip: 13 samples class 4 \u2192 class 0
[2026-07-19 13:52:12,285] 39 root - INFO - [Attacker] Label flip: 11 samples class 4 \u2192 class 0
[2026-07-19 13:52:12,292] 39 root - INFO - [Attacker] Label flip: 15 samples class 4 \u2192 class 0
[2026-07-19 13:52:12,300] 39 root - INFO - [Attacker] Label flip: 14 samples class 4 \u2192 class 0
[2026-07-19 13:52:12,308] 39 root - INFO - [Attacker] Label flip: 12 samples class 4 \u2192 class 0
[2026-07-19 13:52:12,318] 39 root - INFO - [Attacker] Label flip: 10 samples class 4 \u2192 class 0
[2026-07-19 13:52:12,325] 39 root - INFO - [Attacker] Label flip: 13 samples class 4 \u2192 class 0
[2026-07-19 13:52:12,333] 39 root - INFO - [Attacker] Label flip: 18 samples class 4 \u2192 class 0
[2026-07-19 13:52:12,341] 39 root - INFO - [Attacker] Label flip: 13 samples class 4 \u2192 class 0
[2026-07-19 13:52:12,349] 39 root - INFO - [Attacker] Label flip: 11 samples class 4 \u2192 class 0
[2026-07-19 13:52:12,357] 39 root - INFO - [Attacker] Label flip: 15 samples class 4 \u2192 class 0
[2026-07-19 13:52:12,364] 39 root - INFO - [Attacker] Label flip: 11 samples class 4 \u2192 class 0
[2026-07-19 13:52:12,372] 39 root - INFO - [Attacker] Label flip: 15 samples class 4 \u2192 class 0
[2026-07-19 13:52:12,378] 39 root - INFO - [Attacker] Label flip: 13 samples class 4 \u2192 class 0
[2026-07-19 13:52:12,390] 39 root - INFO - [Attacker] Label flip: 18 samples class 4 \u2192 class 0
[2026-07-19 13:52:12,396] 39 root - INFO - [Attacker] Label flip: 12 samples class 4 \u2192 class 0
[2026-07-19 13:52:12,406] 39 root - INFO - [Attacker] Label flip: 12 samples class 4 \u2192 class 0
[2026-07-19 13:52:12,414] 39 root - INFO - [Attacker] Label flip: 15 samples class 4 \u2192 class 0
[2026-07-19 13:52:12,424] 39 root - INFO - [Attacker] Label flip: 12 samples class 4 \u2192 class 0
[2026-07-19 13:52:12,430] 39 root - INFO - [Attacker] Label flip: 17 samples class 4 \u2192 class 0
[2026-07-19 13:52:12,440] 39 root - INFO - [Attacker] Label flip: 11 samples class 4 \u2192 class 0
[2026-07-19 13:52:12,446] 39 root - INFO - [Attacker] Label flip: 13 samples class 4 \u2192 class 0
[2026-07-19 13:52:12,457] 39 root - INFO - [Attacker] Label flip: 13 samples class 4 \u2192 class 0
[2026-07-19 13:52:12,465] 39 root - INFO - [Attacker] Label flip: 12 samples class 4 \u2192 class 0
[2026-07-19 13:52:12,473] 39 root - INFO - [Attacker] Label flip: 11 samples class 4 \u2192 class 0
[2026-07-19 13:52:12,481] 39 root - INFO - [Attacker] Label flip: 15 samples class 4 \u2192 class 0
[2026-07-19 13:52:12,489] 39 root - INFO - [Attacker] Label flip: 16 samples class 4 \u2192 class 0
[2026-07-19 13:52:12,497] 39 root - INFO - [Attacker] Label flip: 10 samples class 4 \u2192 class 0
[2026-07-19 13:52:12,504] 39 root - INFO - [Attacker] Label flip: 10 samples class 4 \u2192 class 0
[2026-07-19 13:52:12,513] 39 root - INFO - [Attacker] Label flip: 11 samples class 4 \u2192 class 0
[2026-07-19 13:52:12,662] 39 root - INFO - [Attacker] Label flip: 16 samples class 4 \u2192 class 0
[2026-07-19 13:52:12,672] 39 root - INFO - [Attacker] Label flip: 17 samples class 4 \u2192 class 0
[2026-07-19 13:52:12,680] 39 root - INFO - [Attacker] Label flip: 16 samples class 4 \u2192 class 0
[2026-07-19 13:52:12,686] 39 root - INFO - [Attacker] Label flip: 14 samples class 4 \u2192 class 0
[2026-07-19 13:52:12,694] 39 root - INFO - [Attacker] Label flip: 16 samples class 4 \u2192 class 0
[2026-07-19 13:52:12,706] 39 root - INFO - [Attacker] Label flip: 18 samples class 4 \u2192 class 0
[2026-07-19 13:52:12,714] 39 root - INFO - [Attacker] Label flip: 12 samples class 4 \u2192 class 0
[2026-07-19 13:52:12,722] 39 root - INFO - [Attacker] Label flip: 13 samples class 4 \u2192 class 0
[2026-07-19 13:52:12,730] 39 root - INFO - [Attacker] Label flip: 16 samples class 4 \u2192 class 0
[2026-07-19 13:52:12,738] 39 root - INFO - [Attacker] Label flip: 11 samples class 4 \u2192 class 0
[2026-07-19 13:52:12,748] 39 root - INFO - [Attacker] Label flip: 11 samples class 4 \u2192 class 0
[2026-07-19 13:52:12,756] 39 root - INFO - [Attacker] Label flip: 18 samples class 4 \u2192 class 0
[2026-07-19 13:52:12,764] 39 root - INFO - [Attacker] Label flip: 12 samples class 4 \u2192 class 0
[2026-07-19 13:52:12,771] 39 root - INFO - [Attacker] Label flip: 17 samples class 4 \u2192 class 0
[2026-07-19 13:52:12,778] 39 root - INFO - [Attacker] Label flip: 6 samples class 4 \u2192 class 0
[2026-07-19 13:52:12,789] 39 root - INFO - [Attacker] Label flip: 14 samples class 4 \u2192 class 0
[2026-07-19 13:52:12,797] 39 root - INFO - [Attacker] Label flip: 15 samples class 4 \u2192 class 0
[2026-07-19 13:52:12,805] 39 root - INFO - [Attacker] Label flip: 22 samples class 4 \u2192 class 0
[2026-07-19 13:52:12,812] 39 root - INFO - [Attacker] Label flip: 20 samples class 4 \u2192 class 0
[2026-07-19 13:52:12,820] 39 root - INFO - [Attacker] Label flip: 15 samples class 4 \u2192 class 0
[2026-07-19 13:52:12,828] 39 root - INFO - [Attacker] Label flip: 18 samples class 4 \u2192 class 0
[2026-07-19 13:52:12,838] 39 root - INFO - [Attacker] Label flip: 8 samples class 4 \u2192 class 0
[2026-07-19 13:52:12,846] 39 root - INFO - [Attacker] Label flip: 17 samples class 4 \u2192 class 0
[2026-07-19 13:52:12,854] 39 root - INFO - [Attacker] Label flip: 11 samples class 4 \u2192 class 0
[2026-07-19 13:52:12,860] 39 root - INFO - [Attacker] Label flip: 12 samples class 4 \u2192 class 0
[2026-07-19 13:52:12,868] 39 root - INFO - [Attacker] Label flip: 12 samples class 4 \u2192 class 0
[2026-07-19 13:52:12,875] 39 root - INFO - [Attacker] Label flip: 16 samples class 4 \u2192 class 0
[2026-07-19 13:52:12,883] 39 root - INFO - [Attacker] Label flip: 12 samples class 4 \u2192 class 0
[2026-07-19 13:52:12,891] 39 root - INFO - [Attacker] Label flip: 6 samples class 4 \u2192 class 0
[2026-07-19 13:52:12,899] 39 root - INFO - [Attacker] Label flip: 15 samples class 4 \u2192 class 0
[2026-07-19 13:52:12,907] 39 root - INFO - [Attacker] Label flip: 11 samples class 4 \u2192 class 0
[2026-07-19 13:52:12,915] 39 root - INFO - [Attacker] Label flip: 13 samples class 4 \u2192 class 0
[2026-07-19 13:52:12,923] 39 root - INFO - [Attacker] Label flip: 17 samples class 4 \u2192 class 0
[2026-07-19 13:52:12,931] 39 root - INFO - [Attacker] Label flip: 13 samples class 4 \u2192 class 0
[2026-07-19 13:52:12,938] 39 root - INFO - [Attacker] Label flip: 13 samples class 4 \u2192 class 0
[2026-07-19 13:52:12,946] 39 root - INFO - [Attacker] Label flip: 11 samples class 4 \u2192 class 0
[2026-07-19 13:52:12,954] 39 root - INFO - [Attacker] Label flip: 10 samples class 4 \u2192 class 0
[2026-07-19 13:52:12,962] 39 root - INFO - [Attacker] Label flip: 12 samples class 4 \u2192 class 0
[2026-07-19 13:52:12,972] 39 root - INFO - [Attacker] Label flip: 11 samples class 4 \u2192 class 0
[2026-07-19 13:52:12,978] 39 root - INFO - [Attacker] Label flip: 7 samples class 4 \u2192 class 0
[2026-07-19 13:52:12,986] 39 root - INFO - [Attacker] Label flip: 11 samples class 4 \u2192 class 0
[2026-07-19 13:52:12,995] 39 root - INFO - [Attacker] Label flip: 11 samples class 4 \u2192 class 0
[2026-07-19 13:52:13,003] 39 root - INFO - [Attacker] Label flip: 12 samples class 4 \u2192 class 0
[2026-07-19 13:52:13,011] 39 root - INFO - [Attacker] Label flip: 15 samples class 4 \u2192 class 0
[2026-07-19 13:52:13,018] 39 root - INFO - [Attacker] Label flip: 11 samples class 4 \u2192 class 0
[2026-07-19 13:52:13,026] 39 root - INFO - [Attacker] Label flip: 14 samples class 4 \u2192 class 0
[2026-07-19 13:52:13,035] 39 root - INFO - [Attacker] Label flip: 11 samples class 4 \u2192 class 0
[2026-07-19 13:52:13,043] 39 root - INFO - [Attacker] Label flip: 11 samples class 4 \u2192 class 0
[2026-07-19 13:52:13,050] 39 root - INFO - [Attacker] Label flip: 13 samples class 4 \u2192 class 0
[2026-07-19 13:52:13,056] 39 root - INFO - [Attacker] Label flip: 11 samples class 4 \u2192 class 0
[2026-07-19 13:52:13,066] 39 root - INFO - [Attacker] Label flip: 11 samples class 4 \u2192 class 0
[2026-07-19 13:52:13,074] 39 root - INFO - [Attacker] Label flip: 17 samples class 4 \u2192 class 0
[2026-07-19 13:52:13,082] 39 root - INFO - [Attacker] Label flip: 10 samples class 4 \u2192 class 0
[2026-07-19 13:52:13,088] 39 root - INFO - [Attacker] Label flip: 12 samples class 4 \u2192 class 0
[2026-07-19 13:52:13,097] 39 root - INFO - [Attacker] Label flip: 7 samples class 4 \u2192 class 0
[2026-07-19 13:52:13,106] 39 root - INFO - [Attacker] Label flip: 9 samples class 4 \u2192 class 0
[2026-07-19 13:52:13,114] 39 root - INFO - [Attacker] Label flip: 13 samples class 4 \u2192 class 0
[2026-07-19 13:52:13,122] 39 root - INFO - [Attacker] Label flip: 13 samples class 4 \u2192 class 0
[2026-07-19 13:52:13,132] 39 root - INFO - [Attacker] Label flip: 14 samples class 4 \u2192 class 0
[2026-07-19 13:52:13,139] 39 root - INFO - [Attacker] Label flip: 14 samples class 4 \u2192 class 0
[2026-07-19 13:52:13,147] 39 root - INFO - [Attacker] Label flip: 6 samples class 4 \u2192 class 0
[2026-07-19 13:52:13,154] 39 root - INFO - [Attacker] Label flip: 13 samples class 4 \u2192 class 0
[2026-07-19 13:52:13,162] 39 root - INFO - [Attacker] Label flip: 16 samples class 4 \u2192 class 0
[2026-07-19 13:52:13,173] 39 root - INFO - [Attacker] Label flip: 16 samples class 4 \u2192 class 0
[2026-07-19 13:52:13,181] 39 root - INFO - [Attacker] Label flip: 8 samples class 4 \u2192 class 0
[2026-07-19 13:52:13,188] 39 root - INFO - [Attacker] Label flip: 7 samples class 4 \u2192 class 0
[2026-07-19 13:52:13,196] 39 root - INFO - [Attacker] Label flip: 11 samples class 4 \u2192 class 0
[2026-07-19 13:52:13,203] 39 root - INFO - [Attacker] Label flip: 16 samples class 4 \u2192 class 0
[2026-07-19 13:52:13,211] 39 root - INFO - [Attacker] Label flip: 18 samples class 4 \u2192 class 0
[2026-07-19 13:52:13,219] 39 root - INFO - [Attacker] Label flip: 12 samples class 4 \u2192 class 0
[2026-07-19 13:52:13,227] 39 root - INFO - [Attacker] Label flip: 11 samples class 4 \u2192 class 0
[2026-07-19 13:52:13,235] 39 root - INFO - [Attacker] Label flip: 13 samples class 4 \u2192 class 0
[2026-07-19 13:52:13,243] 39 root - INFO - [Attacker] Label flip: 13 samples class 4 \u2192 class 0
[2026-07-19 13:52:13,249] 39 root - INFO - [Attacker] Label flip: 16 samples class 4 \u2192 class 0
[2026-07-19 13:52:13,257] 39 root - INFO - [Attacker] Label flip: 15 samples class 4 \u2192 class 0
[2026-07-19 13:52:13,265] 39 root - INFO - [Attacker] Label flip: 11 samples class 4 \u2192 class 0
[2026-07-19 13:52:13,273] 39 root - INFO - [Attacker] Label flip: 8 samples class 4 \u2192 class 0
[2026-07-19 13:52:13,283] 39 root - INFO - [Attacker] Label flip: 13 samples class 4 \u2192 class 0
[2026-07-19 13:52:13,291] 39 root - INFO - [Attacker] Label flip: 10 samples class 4 \u2192 class 0
[2026-07-19 13:52:13,299] 39 root - INFO - [Attacker] Label flip: 20 samples class 4 \u2192 class 0
[2026-07-19 13:52:13,307] 39 root - INFO - [Attacker] Label flip: 17 samples class 4 \u2192 class 0
[2026-07-19 13:52:13,313] 39 root - INFO - [Attacker] Label flip: 12 samples class 4 \u2192 class 0
[2026-07-19 13:52:13,323] 39 root - INFO - [Attacker] Label flip: 12 samples class 4 \u2192 class 0
[2026-07-19 13:52:13,331] 39 root - INFO - [Attacker] Label flip: 13 samples class 4 \u2192 class 0
[2026-07-19 13:52:13,338] 39 root - INFO - [Attacker] Label flip: 19 samples class 4 \u2192 class 0
[2026-07-19 13:52:13,347] 39 root - INFO - [Attacker] Label flip: 11 samples class 4 \u2192 class 0
[2026-07-19 13:52:13,355] 39 root - INFO - [Attacker] Label flip: 15 samples class 4 \u2192 class 0
[2026-07-19 13:52:13,363] 39 root - INFO - [Attacker] Label flip: 10 samples class 4 \u2192 class 0
[2026-07-19 13:52:13,371] 39 root - INFO - [Attacker] Label flip: 18 samples class 4 \u2192 class 0
[2026-07-19 13:52:13,379] 39 root - INFO - [Attacker] Label flip: 14 samples class 4 \u2192 class 0
[2026-07-19 13:52:13,387] 39 root - INFO - [Attacker] Label flip: 8 samples class 4 \u2192 class 0
[2026-07-19 13:52:13,394] 39 root - INFO - [Attacker] Label flip: 8 samples class 4 \u2192 class 0
[2026-07-19 13:52:13,403] 39 root - INFO - [Attacker] Label flip: 14 samples class 4 \u2192 class 0
[2026-07-19 13:52:13,411] 39 root - INFO - [Attacker] Label flip: 9 samples class 4 \u2192 class 0
[2026-07-19 13:52:13,419] 39 root - INFO - [Attacker] Label flip: 13 samples class 4 \u2192 class 0
[2026-07-19 13:52:13,425] 39 root - INFO - [Attacker] Label flip: 21 samples class 4 \u2192 class 0
[2026-07-19 13:52:13,434] 39 root - INFO - [Attacker] Label flip: 13 samples class 4 \u2192 class 0
[2026-07-19 13:52:13,446] 39 root - INFO - [Attacker] Label flip: 15 samples class 4 \u2192 class 0
[2026-07-19 13:52:13,453] 39 root - INFO - [Attacker] Label flip: 12 samples class 4 \u2192 class 0
[2026-07-19 13:52:13,461] 39 root - INFO - [Attacker] Label flip: 15 samples class 4 \u2192 class 0
[2026-07-19 13:52:13,471] 39 root - INFO - [Attacker] Label flip: 12 samples class 4 \u2192 class 0
[2026-07-19 13:52:13,479] 39 root - INFO - [Attacker] Label flip: 16 samples class 4 \u2192 class 0
[2026-07-19 13:52:13,487] 39 root - INFO - [Attacker] Label flip: 9 samples class 4 \u2192 class 0
[2026-07-19 13:52:13,495] 39 root - INFO - [Attacker] Label flip: 8 samples class 4 \u2192 class 0
[2026-07-19 13:52:13,503] 39 root - INFO - [Attacker] Label flip: 15 samples class 4 \u2192 class 0
[2026-07-19 13:52:13,510] 39 root - INFO - [Attacker] Label flip: 11 samples class 4 \u2192 class 0
[2026-07-19 13:52:13,518] 39 root - INFO - [Attacker] Label flip: 8 samples class 4 \u2192 class 0
[2026-07-19 13:52:13,526] 39 root - INFO - [Attacker] Label flip: 24 samples class 4 \u2192 class 0
[2026-07-19 13:52:13,535] 39 root - INFO - [Attacker] Label flip: 16 samples class 4 \u2192 class 0
[2026-07-19 13:52:13,545] 39 root - INFO - [Attacker] Label flip: 15 samples class 4 \u2192 class 0
[2026-07-19 13:52:13,552] 39 root - INFO - [Attacker] Label flip: 14 samples class 4 \u2192 class 0
[2026-07-19 13:52:13,560] 39 root - INFO - [Attacker] Label flip: 8 samples class 4 \u2192 class 0
[2026-07-19 13:52:13,568] 39 root - INFO - [Attacker] Label flip: 8 samples class 4 \u2192 class 0
[2026-07-19 13:52:13,576] 39 root - INFO - [Attacker] Label flip: 12 samples class 4 \u2192 class 0
[2026-07-19 13:52:13,586] 39 root - INFO - [Attacker] Label flip: 10 samples class 4 \u2192 class 0
[2026-07-19 13:52:13,594] 39 root - INFO - [Attacker] Label flip: 8 samples class 4 \u2192 class 0
[2026-07-19 13:52:13,602] 39 root - INFO - [Attacker] Label flip: 10 samples class 4 \u2192 class 0
[2026-07-19 13:52:13,610] 39 root - INFO - [Attacker] Label flip: 14 samples class 4 \u2192 class 0
[2026-07-19 13:52:13,617] 39 root - INFO - [Attacker] Label flip: 11 samples class 4 \u2192 class 0
[2026-07-19 13:52:13,626] 39 root - INFO - [Attacker] Label flip: 10 samples class 4 \u2192 class 0
[2026-07-19 13:52:13,633] 39 root - INFO - [Attacker] Label flip: 9 samples class 4 \u2192 class 0
[2026-07-19 13:52:13,641] 39 root - INFO - [Attacker] Label flip: 8 samples class 4 \u2192 class 0
[2026-07-19 13:52:13,649] 39 root - INFO - [Attacker] Label flip: 10 samples class 4 \u2192 class 0
[2026-07-19 13:52:13,657] 39 root - INFO - [Attacker] Label flip: 16 samples class 4 \u2192 class 0
[2026-07-19 13:52:13,665] 39 root - INFO - [Attacker] Label flip: 16 samples class 4 \u2192 class 0
[2026-07-19 13:52:13,673] 39 root - INFO - [Attacker] Label flip: 15 samples class 4 \u2192 class 0
[2026-07-19 13:52:13,681] 39 root - INFO - [Attacker] Label flip: 12 samples class 4 \u2192 class 0
[2026-07-19 13:52:13,687] 39 root - INFO - [Attacker] Label flip: 18 samples class 4 \u2192 class 0
[2026-07-19 13:52:13,694] 39 root - INFO - [Attacker] Label flip: 15 samples class 4 \u2192 class 0
[2026-07-19 13:52:13,702] 39 root - INFO - [Attacker] Label flip: 8 samples class 4 \u2192 class 0
[2026-07-19 13:52:13,710] 39 root - INFO - [Attacker] Label flip: 10 samples class 4 \u2192 class 0
[2026-07-19 13:52:13,720] 39 root - INFO - [Attacker] Label flip: 16 samples class 4 \u2192 class 0
[2026-07-19 13:52:13,728] 39 root - INFO - [Attacker] Label flip: 12 samples class 4 \u2192 class 0
[2026-07-19 13:52:13,736] 39 root - INFO - [Attacker] Label flip: 11 samples class 4 \u2192 class 0
[2026-07-19 13:52:13,744] 39 root - INFO - [Attacker] Label flip: 20 samples class 4 \u2192 class 0
[2026-07-19 13:52:13,754] 39 root - INFO - [Attacker] Label flip: 11 samples class 4 \u2192 class 0
[2026-07-19 13:52:13,762] 39 root - INFO - [Attacker] Label flip: 13 samples class 4 \u2192 class 0
[2026-07-19 13:52:13,770] 39 root - INFO - [Attacker] Label flip: 17 samples class 4 \u2192 class 0
[2026-07-19 13:52:13,775] 39 root - INFO - [Attacker] Label flip: 20 samples class 4 \u2192 class 0
[2026-07-19 13:52:13,783] 39 root - INFO - [Attacker] Label flip: 12 samples class 4 \u2192 class 0
[2026-07-19 13:52:13,791] 39 root - INFO - [Attacker] Label flip: 10 samples class 4 \u2192 class 0
[2026-07-19 13:52:13,799] 39 root - INFO - [Attacker] Label flip: 11 samples class 4 \u2192 class 0
[2026-07-19 13:52:13,807] 39 root - INFO - [Attacker] Label flip: 13 samples class 4 \u2192 class 0
[2026-07-19 13:52:13,815] 39 root - INFO - [Attacker] Label flip: 16 samples class 4 \u2192 class 0
[2026-07-19 13:52:13,824] 39 root - INFO - [Attacker] Label flip: 11 samples class 4 \u2192 class 0
[2026-07-19 13:52:13,832] 39 root - INFO - [Attacker] Label flip: 15 samples class 4 \u2192 class 0
[2026-07-19 13:52:13,838] 39 root - INFO - [Attacker] Label flip: 11 samples class 4 \u2192 class 0
[2026-07-19 13:52:13,845] 39 root - INFO - [Attacker] Label flip: 7 samples class 4 \u2192 class 0
[2026-07-19 13:52:13,855] 39 root - INFO - [Attacker] Label flip: 14 samples class 4 \u2192 class 0
[2026-07-19 13:52:13,863] 39 root - INFO - [Attacker] Label flip: 9 samples class 4 \u2192 class 0
[2026-07-19 13:52:13,871] 39 root - INFO - [Attacker] Label flip: 9 samples class 4 \u2192 class 0
[2026-07-19 13:52:13,879] 39 root - INFO - [Attacker] Label flip: 16 samples class 4 \u2192 class 0
[2026-07-19 13:52:13,889] 39 root - INFO - [Attacker] Label flip: 18 samples class 4 \u2192 class 0
[2026-07-19 13:52:13,896] 39 root - INFO - [Attacker] Label flip: 18 samples class 4 \u2192 class 0
[2026-07-19 13:52:13,904] 39 root - INFO - [Attacker] Label flip: 10 samples class 4 \u2192 class 0
[2026-07-19 13:52:13,911] 39 root - INFO - [Attacker] Label flip: 11 samples class 4 \u2192 class 0
[2026-07-19 13:52:13,919] 39 root - INFO - [Attacker] Label flip: 10 samples class 4 \u2192 class 0
[2026-07-19 13:52:13,926] 39 root - INFO - [Attacker] Label flip: 14 samples class 4 \u2192 class 0
[2026-07-19 13:52:13,934] 39 root - INFO - [Attacker] Label flip: 17 samples class 4 \u2192 class 0
[2026-07-19 13:52:13,942] 39 root - INFO - [Attacker] Label flip: 16 samples class 4 \u2192 class 0
[2026-07-19 13:52:13,950] 39 root - INFO - [Attacker] Label flip: 14 samples class 4 \u2192 class 0
[2026-07-19 13:52:13,958] 39 root - INFO - [Attacker] Label flip: 14 samples class 4 \u2192 class 0
[2026-07-19 13:52:13,966] 39 root - INFO - [Attacker] Label flip: 8 samples class 4 \u2192 class 0
[2026-07-19 13:52:13,974] 39 root - INFO - [Attacker] Label flip: 10 samples class 4 \u2192 class 0
[2026-07-19 13:52:13,980] 39 root - INFO - [Attacker] Label flip: 12 samples class 4 \u2192 class 0
[2026-07-19 13:52:13,989] 39 root - INFO - [Attacker] Label flip: 13 samples class 4 \u2192 class 0
[2026-07-19 13:52:13,997] 39 root - INFO - [Attacker] Label flip: 11 samples class 4 \u2192 class 0
[2026-07-19 13:52:14,005] 39 root - INFO - [Attacker] Label flip: 17 samples class 4 \u2192 class 0
[2026-07-19 13:52:14,013] 39 root - INFO - [Attacker] Label flip: 16 samples class 4 \u2192 class 0
[2026-07-19 13:52:14,025] 39 root - INFO - [Attacker] Label flip: 13 samples class 4 \u2192 class 0
[2026-07-19 13:52:14,033] 39 root - INFO - [Attacker] Label flip: 9 samples class 4 \u2192 class 0
[2026-07-19 13:52:14,039] 39 root - INFO - [Attacker] Label flip: 10 samples class 4 \u2192 class 0
[2026-07-19 13:52:14,047] 39 root - INFO - [Attacker] Label flip: 10 samples class 4 \u2192 class 0
[2026-07-19 13:52:14,056] 39 root - INFO - [Attacker] Label flip: 15 samples class 4 \u2192 class 0
[2026-07-19 13:52:14,064] 39 root - INFO - [Attacker] Label flip: 12 samples class 4 \u2192 class 0
[2026-07-19 13:52:14,072] 39 root - INFO - [Attacker] Label flip: 9 samples class 4 \u2192 class 0
[2026-07-19 13:52:14,080] 39 root - INFO - [Attacker] Label flip: 12 samples class 4 \u2192 class 0
[2026-07-19 13:52:14,088] 39 root - INFO - [Attacker] Label flip: 11 samples class 4 \u2192 class 0
[2026-07-19 13:52:14,096] 39 root - INFO - [Attacker] Label flip: 8 samples class 4 \u2192 class 0
[2026-07-19 13:52:14,104] 39 root - INFO - [Attacker] Label flip: 13 samples class 4 \u2192 class 0
[2026-07-19 13:52:14,111] 39 root - INFO - [Attacker] Label flip: 9 samples class 4 \u2192 class 0
[2026-07-19 13:52:14,117] 39 root - INFO - [Attacker] Label flip: 17 samples class 4 \u2192 class 0
[2026-07-19 13:52:14,125] 39 root - INFO - [Attacker] Label flip: 20 samples class 4 \u2192 class 0
[2026-07-19 13:52:14,133] 39 root - INFO - [Attacker] Label flip: 7 samples class 4 \u2192 class 0
[2026-07-19 13:52:14,142] 39 root - INFO - [Attacker] Label flip: 15 samples class 4 \u2192 class 0
[2026-07-19 13:52:14,149] 39 root - INFO - [Attacker] Label flip: 15 samples class 4 \u2192 class 0
[2026-07-19 13:52:14,161] 39 root - INFO - [Attacker] Label flip: 14 samples class 4 \u2192 class 0
[2026-07-19 13:52:14,167] 39 root - INFO - [Attacker] Label flip: 12 samples class 4 \u2192 class 0
[2026-07-19 13:52:14,175] 39 root - INFO - [Attacker] Label flip: 13 samples class 4 \u2192 class 0
[2026-07-19 13:52:14,183] 39 root - INFO - [Attacker] Label flip: 15 samples class 4 \u2192 class 0
[2026-07-19 13:52:14,191] 39 root - INFO - [Attacker] Label flip: 20 samples class 4 \u2192 class 0
[2026-07-19 13:52:14,199] 39 root - INFO - [Attacker] Label flip: 15 samples class 4 \u2192 class 0
[2026-07-19 13:52:14,206] 39 root - INFO - [Attacker] Label flip: 11 samples class 4 \u2192 class 0
[2026-07-19 13:52:14,214] 39 root - INFO - [Attacker] Label flip: 14 samples class 4 \u2192 class 0
[2026-07-19 13:52:14,222] 39 root - INFO - [Attacker] Label flip: 15 samples class 4 \u2192 class 0
[2026-07-19 13:52:14,230] 39 root - INFO - [Attacker] Label flip: 23 samples class 4 \u2192 class 0
[2026-07-19 13:52:14,238] 39 root - INFO - [Attacker] Label flip: 10 samples class 4 \u2192 class 0
[2026-07-19 13:52:14,244] 39 root - INFO - [Attacker] Label flip: 16 samples class 4 \u2192 class 0
[2026-07-19 13:52:14,254] 39 root - INFO - [Attacker] Label flip: 8 samples class 4 \u2192 class 0
[2026-07-19 13:52:14,260] 39 root - INFO - [Attacker] Label flip: 17 samples class 4 \u2192 class 0
[2026-07-19 13:52:14,268] 39 root - INFO - [Attacker] Label flip: 17 samples class 4 \u2192 class 0
[2026-07-19 13:52:14,276] 39 root - INFO - [Attacker] Label flip: 8 samples class 4 \u2192 class 0
[2026-07-19 13:52:14,284] 39 root - INFO - [Attacker] Label flip: 15 samples class 4 \u2192 class 0
[2026-07-19 13:52:14,296] 39 root - INFO - [Attacker] Label flip: 12 samples class 4 \u2192 class 0
[2026-07-19 13:52:14,303] 39 root - INFO - [Attacker] Label flip: 13 samples class 4 \u2192 class 0
[2026-07-19 13:52:14,309] 39 root - INFO - [Attacker] Label flip: 4 samples class 4 \u2192 class 0
[2026-07-19 13:52:14,317] 39 root - INFO - [Attacker] Label flip: 11 samples class 4 \u2192 class 0
[2026-07-19 13:52:14,325] 39 root - INFO - [Attacker] Label flip: 9 samples class 4 \u2192 class 0
[2026-07-19 13:52:14,333] 39 root - INFO - [Attacker] Label flip: 16 samples class 4 \u2192 class 0
[2026-07-19 13:52:14,341] 39 root - INFO - [Attacker] Label flip: 15 samples class 4 \u2192 class 0
[2026-07-19 13:52:14,350] 39 root - INFO - [Attacker] Label flip: 10 samples class 4 \u2192 class 0
[2026-07-19 13:52:14,359] 39 root - INFO - [Attacker] Label flip: 15 samples class 4 \u2192 class 0
[2026-07-19 13:52:14,365] 39 root - INFO - [Attacker] Label flip: 12 samples class 4 \u2192 class 0
[2026-07-19 13:52:14,373] 39 root - INFO - [Attacker] Label flip: 16 samples class 4 \u2192 class 0
[2026-07-19 13:52:14,381] 39 root - INFO - [Attacker] Label flip: 12 samples class 4 \u2192 class 0
[2026-07-19 13:52:14,389] 39 root - INFO - [Attacker] Label flip: 4 samples class 4 \u2192 class 0
[2026-07-19 13:52:14,397] 39 root - INFO - [Attacker] Label flip: 12 samples class 4 \u2192 class 0
[2026-07-19 13:52:14,405] 39 root - INFO - [Attacker] Label flip: 12 samples class 4 \u2192 class 0
[2026-07-19 13:52:14,413] 39 root - INFO - [Attacker] Label flip: 15 samples class 4 \u2192 class 0
[2026-07-19 13:52:14,419] 39 root - INFO - [Attacker] Label flip: 15 samples class 4 \u2192 class 0
[2026-07-19 13:52:14,429] 39 root - INFO - [Attacker] Label flip: 19 samples class 4 \u2192 class 0
[2026-07-19 13:52:14,437] 39 root - INFO - [Attacker] Label flip: 11 samples class 4 \u2192 class 0
[2026-07-19 13:52:14,444] 39 root - INFO - [Attacker] Label flip: 13 samples class 4 \u2192 class 0
[2026-07-19 13:52:14,452] 39 root - INFO - [Attacker] Label flip: 18 samples class 4 \u2192 class 0
[2026-07-19 13:52:14,462] 39 root - INFO - [Attacker] Label flip: 14 samples class 4 \u2192 class 0
[2026-07-19 13:52:14,471] 39 root - INFO - [Attacker] Label flip: 12 samples class 4 \u2192 class 0
[2026-07-19 13:52:14,478] 39 root - INFO - [Attacker] Label flip: 15 samples class 4 \u2192 class 0
[2026-07-19 13:52:14,484] 39 root - INFO - [Attacker] Label flip: 10 samples class 4 \u2192 class 0
[2026-07-19 13:52:14,492] 39 root - INFO - [Attacker] Label flip: 13 samples class 4 \u2192 class 0
[2026-07-19 13:52:14,500] 39 root - INFO - [Attacker] Label flip: 16 samples class 4 \u2192 class 0
[2026-07-19 13:52:14,508] 39 root - INFO - [Attacker] Label flip: 7 samples class 4 \u2192 class 0
[2026-07-19 13:52:14,516] 39 root - INFO - [Attacker] Label flip: 11 samples class 4 \u2192 class 0
[2026-07-19 13:52:14,524] 39 root - INFO - [Attacker] Label flip: 12 samples class 4 \u2192 class 0
[2026-07-19 13:52:14,532] 39 root - INFO - [Attacker] Label flip: 18 samples class 4 \u2192 class 0
[2026-07-19 13:52:14,539] 39 root - INFO - [Attacker] Label flip: 15 samples class 4 \u2192 class 0
[2026-07-19 13:52:14,545] 39 root - INFO - [Attacker] Label flip: 12 samples class 4 \u2192 class 0
[2026-07-19 13:52:14,553] 39 root - INFO - [Attacker] Label flip: 8 samples class 4 \u2192 class 0
[2026-07-19 13:52:14,561] 39 root - INFO - [Attacker] Label flip: 12 samples class 4 \u2192 class 0
[2026-07-19 13:52:14,569] 39 root - INFO - [Attacker] Label flip: 8 samples class 4 \u2192 class 0
[2026-07-19 13:52:14,577] 39 root - INFO - [Attacker] Label flip: 12 samples class 4 \u2192 class 0
[2026-07-19 13:52:14,585] 39 root - INFO - [Attacker] Label flip: 6 samples class 4 \u2192 class 0
[2026-07-19 13:52:14,594] 39 root - INFO - [Attacker] Label flip: 11 samples class 4 \u2192 class 0
[2026-07-19 13:52:14,602] 39 root - INFO - [Attacker] Label flip: 14 samples class 4 \u2192 class 0
[2026-07-19 13:52:14,610] 39 root - INFO - [Attacker] Label flip: 17 samples class 4 \u2192 class 0
[2026-07-19 13:52:14,616] 39 root - INFO - [Attacker] Label flip: 14 samples class 4 \u2192 class 0
[2026-07-19 13:52:14,626] 39 root - INFO - [Attacker] Label flip: 6 samples class 4 \u2192 class 0
[2026-07-19 13:52:14,634] 39 root - INFO - [Attacker] Label flip: 10 samples class 4 \u2192 class 0
[2026-07-19 13:52:14,642] 39 root - INFO - [Attacker] Label flip: 13 samples class 4 \u2192 class 0
[2026-07-19 13:52:14,650] 39 root - INFO - [Attacker] Label flip: 10 samples class 4 \u2192 class 0
[2026-07-19 13:52:14,658] 39 root - INFO - [Attacker] Label flip: 13 samples class 4 \u2192 class 0
[2026-07-19 13:52:14,666] 39 root - INFO - [Attacker] Label flip: 11 samples class 4 \u2192 class 0
[2026-07-19 13:52:14,674] 39 root - INFO - [Attacker] Label flip: 13 samples class 4 \u2192 class 0
[2026-07-19 13:52:14,681] 39 root - INFO - [Attacker] Label flip: 14 samples class 4 \u2192 class 0
[2026-07-19 13:52:14,689] 39 root - INFO - [Attacker] Label flip: 7 samples class 4 \u2192 class 0
[2026-07-19 13:52:14,699] 39 root - INFO - [Attacker] Label flip: 8 samples class 4 \u2192 class 0
[2026-07-19 13:52:14,705] 39 root - INFO - [Attacker] Label flip: 14 samples class 4 \u2192 class 0
[2026-07-19 13:52:14,713] 39 root - INFO - [Attacker] Label flip: 6 samples class 4 \u2192 class 0
[2026-07-19 13:52:14,721] 39 root - INFO - [Attacker] Label flip: 11 samples class 4 \u2192 class 0
[2026-07-19 13:52:14,729] 39 root - INFO - [Attacker] Label flip: 9 samples class 4 \u2192 class 0
[2026-07-19 13:52:14,735] 39 root - INFO - [Attacker] Label flip: 10 samples class 4 \u2192 class 0
[2026-07-19 13:52:14,742] 39 root - INFO - [Attacker] Label flip: 13 samples class 4 \u2192 class 0
[2026-07-19 13:52:14,750] 39 root - INFO - [Attacker] Label flip: 10 samples class 4 \u2192 class 0
[2026-07-19 13:52:14,760] 39 root - INFO - [Attacker] Label flip: 14 samples class 4 \u2192 class 0
[2026-07-19 13:52:14,768] 39 root - INFO - [Attacker] Label flip: 29 samples class 4 \u2192 class 0
[2026-07-19 13:52:14,776] 39 root - INFO - [Attacker] Label flip: 11 samples class 4 \u2192 class 0
[2026-07-19 13:52:14,784] 39 root - INFO - [Attacker] Label flip: 16 samples class 4 \u2192 class 0
[2026-07-19 13:52:14,792] 39 root - INFO - [Attacker] Label flip: 15 samples class 4 \u2192 class 0
[2026-07-19 13:52:14,800] 39 root - INFO - [Attacker] Label flip: 22 samples class 4 \u2192 class 0
[2026-07-19 13:52:14,807] 39 root - INFO - [Attacker] Label flip: 13 samples class 4 \u2192 class 0
[2026-07-19 13:52:14,815] 39 root - INFO - [Attacker] Label flip: 8 samples class 4 \u2192 class 0
[2026-07-19 13:52:14,823] 39 root - INFO - [Attacker] Label flip: 12 samples class 4 \u2192 class 0
[2026-07-19 13:52:14,831] 39 root - INFO - [Attacker] Label flip: 13 samples class 4 \u2192 class 0
[2026-07-19 13:52:14,839] 39 root - INFO - [Attacker] Label flip: 10 samples class 4 \u2192 class 0
[2026-07-19 13:52:14,847] 39 root - INFO - [Attacker] Label flip: 13 samples class 4 \u2192 class 0
[2026-07-19 13:52:14,855] 39 root - INFO - [Attacker] Label flip: 15 samples class 4 \u2192 class 0
[2026-07-19 13:52:14,863] 39 root - INFO - [Attacker] Label flip: 12 samples class 4 \u2192 class 0
[2026-07-19 13:52:14,870] 39 root - INFO - [Attacker] Label flip: 13 samples class 4 \u2192 class 0
[2026-07-19 13:52:14,878] 39 root - INFO - [Attacker] Label flip: 16 samples class 4 \u2192 class 0
[2026-07-19 13:52:14,887] 39 root - INFO - [Attacker] Label flip: 12 samples class 4 \u2192 class 0
[2026-07-19 13:52:14,894] 39 root - INFO - [Attacker] Label flip: 19 samples class 4 \u2192 class 0
[2026-07-19 13:52:14,900] 39 root - INFO - [Attacker] Label flip: 17 samples class 4 \u2192 class 0
[2026-07-19 13:52:14,908] 39 root - INFO - [Attacker] Label flip: 9 samples class 4 \u2192 class 0
[2026-07-19 13:52:14,916] 39 root - INFO - [Attacker] Label flip: 14 samples class 4 \u2192 class 0
[2026-07-19 13:52:14,926] 39 root - INFO - [Attacker] Label flip: 16 samples class 4 \u2192 class 0
[2026-07-19 13:52:14,933] 39 root - INFO - [Attacker] Label flip: 8 samples class 4 \u2192 class 0
[2026-07-19 13:52:14,941] 39 root - INFO - [Attacker] Label flip: 16 samples class 4 \u2192 class 0
[2026-07-19 13:52:14,949] 39 root - INFO - [Attacker] Label flip: 11 samples class 4 \u2192 class 0
[2026-07-19 13:52:14,957] 39 root - INFO - [Attacker] Label flip: 15 samples class 4 \u2192 class 0
[2026-07-19 13:52:14,963] 39 root - INFO - [Attacker] Label flip: 18 samples class 4 \u2192 class 0
[2026-07-19 13:52:14,971] 39 root - INFO - [Attacker] Label flip: 13 samples class 4 \u2192 class 0
[2026-07-19 13:52:14,981] 39 root - INFO - [Attacker] Label flip: 17 samples class 4 \u2192 class 0
[2026-07-19 13:52:14,989] 39 root - INFO - [Attacker] Label flip: 20 samples class 4 \u2192 class 0
[2026-07-19 13:52:14,997] 39 root - INFO - [Attacker] Label flip: 10 samples class 4 \u2192 class 0
[2026-07-19 13:52:15,004] 39 root - INFO - [Attacker] Label flip: 14 samples class 4 \u2192 class 0
[2026-07-19 13:52:15,011] 39 root - INFO - [Attacker] Label flip: 7 samples class 4 \u2192 class 0
[2026-07-19 13:52:15,020] 39 root - INFO - [Attacker] Label flip: 16 samples class 4 \u2192 class 0
[2026-07-19 13:52:15,028] 39 root - INFO - [Attacker] Label flip: 10 samples class 4 \u2192 class 0
[2026-07-19 13:52:15,036] 39 root - INFO - [Attacker] Label flip: 13 samples class 4 \u2192 class 0
[2026-07-19 13:52:15,044] 39 root - INFO - [Attacker] Label flip: 14 samples class 4 \u2192 class 0
[2026-07-19 13:52:15,052] 39 root - INFO - [Attacker] Label flip: 16 samples class 4 \u2192 class 0
[2026-07-19 13:52:15,060] 39 root - INFO - [Attacker] Label flip: 12 samples class 4 \u2192 class 0
[2026-07-19 13:52:15,068] 39 root - INFO - [Attacker] Label flip: 12 samples class 4 \u2192 class 0
[2026-07-19 13:52:15,076] 39 root - INFO - [Attacker] Label flip: 6 samples class 4 \u2192 class 0
[2026-07-19 13:52:15,083] 39 root - INFO - [Attacker] Label flip: 17 samples class 4 \u2192 class 0
[2026-07-19 13:52:15,091] 39 root - INFO - [Attacker] Label flip: 8 samples class 4 \u2192 class 0
[2026-07-19 13:52:15,099] 39 root - INFO - [Attacker] Label flip: 18 samples class 4 \u2192 class 0
[2026-07-19 13:52:15,107] 39 root - INFO - [Attacker] Label flip: 16 samples class 4 \u2192 class 0
[2026-07-19 13:52:15,115] 39 root - INFO - [Attacker] Label flip: 17 samples class 4 \u2192 class 0
[2026-07-19 13:52:15,125] 39 root - INFO - [Attacker] Label flip: 9 samples class 4 \u2192 class 0
[2026-07-19 13:52:15,133] 39 root - INFO - [Attacker] Label flip: 18 samples class 4 \u2192 class 0
[2026-07-19 13:52:15,141] 39 root - INFO - [Attacker] Label flip: 10 samples class 4 \u2192 class 0
[2026-07-19 13:52:15,149] 39 root - INFO - [Attacker] Label flip: 13 samples class 4 \u2192 class 0
[2026-07-19 13:52:15,159] 39 root - INFO - [Attacker] Label flip: 9 samples class 4 \u2192 class 0
[2026-07-19 13:52:15,167] 39 root - INFO - [Attacker] Label flip: 11 samples class 4 \u2192 class 0
[2026-07-19 13:52:15,175] 39 root - INFO - [Attacker] Label flip: 13 samples class 4 \u2192 class 0
[2026-07-19 13:52:15,182] 39 root - INFO - [Attacker] Label flip: 15 samples class 4 \u2192 class 0
[2026-07-19 13:52:15,192] 39 root - INFO - [Attacker] Label flip: 6 samples class 4 \u2192 class 0
[2026-07-19 13:52:15,200] 39 root - INFO - [Attacker] Label flip: 5 samples class 4 \u2192 class 0
[2026-07-19 13:52:15,206] 39 root - INFO - [Attacker] Label flip: 15 samples class 4 \u2192 class 0
[2026-07-19 13:52:15,214] 39 root - INFO - [Attacker] Label flip: 6 samples class 4 \u2192 class 0
[2026-07-19 13:52:15,222] 39 root - INFO - [Attacker] Label flip: 15 samples class 4 \u2192 class 0
[2026-07-19 13:52:15,230] 39 root - INFO - [Attacker] Label flip: 15 samples class 4 \u2192 class 0
[2026-07-19 13:52:15,238] 39 root - INFO - [Attacker] Label flip: 9 samples class 4 \u2192 class 0
[2026-07-19 13:52:15,246] 39 root - INFO - [Attacker] Label flip: 17 samples class 4 \u2192 class 0
[2026-07-19 13:52:15,254] 39 root - INFO - [Attacker] Label flip: 14 samples class 4 \u2192 class 0
[2026-07-19 13:52:15,261] 39 root - INFO - [Attacker] Label flip: 16 samples class 4 \u2192 class 0
[2026-07-19 13:52:15,269] 39 root - INFO - [Attacker] Label flip: 14 samples class 4 \u2192 class 0
[2026-07-19 13:52:15,277] 39 root - INFO - [Attacker] Label flip: 11 samples class 4 \u2192 class 0
[2026-07-19 13:52:15,285] 39 root - INFO - [Attacker] Label flip: 15 samples class 4 \u2192 class 0
[2026-07-19 13:52:15,293] 39 root - INFO - [Attacker] Label flip: 13 samples class 4 \u2192 class 0
[2026-07-19 13:52:15,301] 39 root - INFO - [Attacker] Label flip: 16 samples class 4 \u2192 class 0
[2026-07-19 13:52:15,309] 39 root - INFO - [Attacker] Label flip: 10 samples class 4 \u2192 class 0
[2026-07-19 13:52:15,317] 39 root - INFO - [Attacker] Label flip: 9 samples class 4 \u2192 class 0
[2026-07-19 13:52:15,327] 39 root - INFO - [Attacker] Label flip: 13 samples class 4 \u2192 class 0
[2026-07-19 13:52:15,335] 39 root - INFO - [Attacker] Label flip: 6 samples class 4 \u2192 class 0
[2026-07-19 13:52:15,342] 39 root - INFO - [Attacker] Label flip: 15 samples class 4 \u2192 class 0
[2026-07-19 13:52:15,350] 39 root - INFO - [Attacker] Label flip: 12 samples class 4 \u2192 class 0
[2026-07-19 13:52:15,360] 39 root - INFO - [Attacker] Label flip: 7 samples class 4 \u2192 class 0
[2026-07-19 13:52:15,368] 39 root - INFO - [Attacker] Label flip: 10 samples class 4 \u2192 class 0
[2026-07-19 13:52:15,376] 39 root - INFO - [Attacker] Label flip: 12 samples class 4 \u2192 class 0
[2026-07-19 13:52:15,382] 39 root - INFO - [Attacker] Label flip: 7 samples class 4 \u2192 class 0
[2026-07-19 13:52:15,393] 39 root - INFO - [Attacker] Label flip: 13 samples class 4 \u2192 class 0
[2026-07-19 13:52:15,401] 39 root - INFO - [Attacker] Label flip: 16 samples class 4 \u2192 class 0
[2026-07-19 13:52:15,407] 39 root - INFO - [Attacker] Label flip: 13 samples class 4 \u2192 class 0
[2026-07-19 13:52:15,417] 39 root - INFO - [Attacker] Label flip: 11 samples class 4 \u2192 class 0
[2026-07-19 13:52:15,426] 39 root - INFO - [Attacker] Label flip: 12 samples class 4 \u2192 class 0
[2026-07-19 13:52:15,434] 39 root - INFO - [Attacker] Label flip: 6 samples class 4 \u2192 class 0
[2026-07-19 13:52:15,441] 39 root - INFO - [Attacker] Label flip: 5 samples class 4 \u2192 class 0
[2026-07-19 13:52:15,449] 39 root - INFO - [Attacker] Label flip: 11 samples class 4 \u2192 class 0
[2026-07-19 13:52:15,459] 39 root - INFO - [Attacker] Label flip: 14 samples class 4 \u2192 class 0
[2026-07-19 13:52:15,467] 39 root - INFO - [Attacker] Label flip: 11 samples class 4 \u2192 class 0
[2026-07-19 13:52:15,475] 39 root - INFO - [Attacker] Label flip: 17 samples class 4 \u2192 class 0
[2026-07-19 13:52:15,483] 39 root - INFO - [Attacker] Label flip: 10 samples class 4 \u2192 class 0
[2026-07-19 13:52:15,491] 39 root - INFO - [Attacker] Label flip: 13 samples class 4 \u2192 class 0
[2026-07-19 13:52:15,501] 39 root - INFO - [Attacker] Label flip: 11 samples class 4 \u2192 class 0
[2026-07-19 13:52:15,509] 39 root - INFO - [Attacker] Label flip: 12 samples class 4 \u2192 class 0
[2026-07-19 13:52:15,516] 39 root - INFO - [Attacker] Label flip: 14 samples class 4 \u2192 class 0
[2026-07-19 13:52:15,522] 39 root - INFO - [Attacker] Label flip: 14 samples class 4 \u2192 class 0
[2026-07-19 13:52:15,532] 39 root - INFO - [Attacker] Label flip: 10 samples class 4 \u2192 class 0
[2026-07-19 13:52:15,538] 39 root - INFO - [Attacker] Label flip: 11 samples class 4 \u2192 class 0
[2026-07-19 13:52:15,546] 39 root - INFO - [Attacker] Label flip: 12 samples class 4 \u2192 class 0
[2026-07-19 13:52:15,554] 39 root - INFO - [Attacker] Label flip: 17 samples class 4 \u2192 class 0
[2026-07-19 13:52:15,564] 39 root - INFO - [Attacker] Label flip: 11 samples class 4 \u2192 class 0
[2026-07-19 13:52:15,570] 39 root - INFO - [Attacker] Label flip: 16 samples class 4 \u2192 class 0
[2026-07-19 13:52:15,578] 39 root - INFO - [Attacker] Label flip: 19 samples class 4 \u2192 class 0
[2026-07-19 13:52:15,586] 39 root - INFO - [Attacker] Label flip: 12 samples class 4 \u2192 class 0
[2026-07-19 13:52:15,594] 39 root - INFO - [Attacker] Label flip: 8 samples class 4 \u2192 class 0
[2026-07-19 13:52:15,601] 39 root - INFO - [Attacker] Label flip: 17 samples class 4 \u2192 class 0
[2026-07-19 13:52:15,609] 39 root - INFO - [Attacker] Label flip: 13 samples class 4 \u2192 class 0
[2026-07-19 13:52:15,617] 39 root - INFO - [Attacker] Label flip: 11 samples class 4 \u2192 class 0
[2026-07-19 13:52:15,629] 39 root - INFO - [Attacker] Label flip: 10 samples class 4 \u2192 class 0
[2026-07-19 13:52:15,637] 39 root - INFO - [Attacker] Label flip: 14 samples class 4 \u2192 class 0
[2026-07-19 13:52:15,645] 39 root - INFO - [Attacker] Label flip: 7 samples class 4 \u2192 class 0
[2026-07-19 13:52:15,653] 39 root - INFO - [Attacker] Label flip: 11 samples class 4 \u2192 class 0
[2026-07-19 13:52:15,661] 39 root - INFO - [Attacker] Label flip: 9 samples class 4 \u2192 class 0
[2026-07-19 13:52:15,669] 39 root - INFO - [Attacker] Label flip: 14 samples class 4 \u2192 class 0
[2026-07-19 13:52:15,676] 39 root - INFO - [Attacker] Label flip: 10 samples class 4 \u2192 class 0
[2026-07-19 13:52:15,684] 39 root - INFO - [Attacker] Label flip: 14 samples class 4 \u2192 class 0
[2026-07-19 13:52:15,692] 39 root - INFO - [Attacker] Label flip: 13 samples class 4 \u2192 class 0
[2026-07-19 13:52:15,700] 39 root - INFO - [Attacker] Label flip: 21 samples class 4 \u2192 class 0
[2026-07-19 13:52:15,708] 39 root - INFO - [Attacker] Label flip: 11 samples class 4 \u2192 class 0
[2026-07-19 13:52:15,716] 39 root - INFO - [Attacker] Label flip: 9 samples class 4 \u2192 class 0
[2026-07-19 13:52:15,724] 39 root - INFO - [Attacker] Label flip: 12 samples class 4 \u2192 class 0
[2026-07-19 13:52:15,734] 39 root - INFO - [Attacker] Label flip: 25 samples class 4 \u2192 class 0
[2026-07-19 13:52:15,740] 39 root - INFO - [Attacker] Label flip: 12 samples class 4 \u2192 class 0
[2026-07-19 13:52:15,748] 39 root - INFO - [Attacker] Label flip: 12 samples class 4 \u2192 class 0
[2026-07-19 13:52:15,755] 39 root - INFO - [Attacker] Label flip: 20 samples class 4 \u2192 class 0
[2026-07-19 13:52:15,765] 39 root - INFO - [Attacker] Label flip: 14 samples class 4 \u2192 class 0
[2026-07-19 13:52:15,773] 39 root - INFO - [Attacker] Label flip: 12 samples class 4 \u2192 class 0
[2026-07-19 13:52:15,781] 39 root - INFO - [Attacker] Label flip: 10 samples class 4 \u2192 class 0
[2026-07-19 13:52:15,789] 39 root - INFO - [Attacker] Label flip: 15 samples class 4 \u2192 class 0
[2026-07-19 13:52:15,797] 39 root - INFO - [Attacker] Label flip: 11 samples class 4 \u2192 class 0
[2026-07-19 13:52:15,805] 39 root - INFO - [Attacker] Label flip: 9 samples class 4 \u2192 class 0
[2026-07-19 13:52:15,813] 39 root - INFO - [Attacker] Label flip: 10 samples class 4 \u2192 class 0
[2026-07-19 13:52:15,821] 39 root - INFO - [Attacker] Label flip: 12 samples class 4 \u2192 class 0
[2026-07-19 13:52:15,829] 39 root - INFO - [Attacker] Label flip: 11 samples class 4 \u2192 class 0
[2026-07-19 13:52:15,836] 39 root - INFO - [Attacker] Label flip: 7 samples class 4 \u2192 class 0
[2026-07-19 13:52:15,844] 39 root - INFO - [Attacker] Label flip: 11 samples class 4 \u2192 class 0
[2026-07-19 13:52:15,852] 39 root - INFO - [Attacker] Label flip: 13 samples class 4 \u2192 class 0
[2026-07-19 13:52:15,860] 39 root - INFO - [Attacker] Label flip: 10 samples class 4 \u2192 class 0
[2026-07-19 13:52:15,868] 39 root - INFO - [Attacker] Label flip: 10 samples class 4 \u2192 class 0
[2026-07-19 13:52:15,876] 39 root - INFO - [Attacker] Label flip: 9 samples class 4 \u2192 class 0
[2026-07-19 13:52:15,884] 39 root - INFO - [Attacker] Label flip: 10 samples class 4 \u2192 class 0
[2026-07-19 13:52:15,892] 39 root - INFO - [Attacker] Label flip: 25 samples class 4 \u2192 class 0
[2026-07-19 13:52:15,901] 39 root - INFO - [Attacker] Label flip: 7 samples class 4 \u2192 class 0
[2026-07-19 13:52:15,909] 39 root - INFO - [Attacker] Label flip: 9 samples class 4 \u2192 class 0
[2026-07-19 13:52:15,917] 39 root - INFO - [Attacker] Label flip: 8 samples class 4 \u2192 class 0
[2026-07-19 13:52:15,923] 39 root - INFO - [Attacker] Label flip: 14 samples class 4 \u2192 class 0
[2026-07-19 13:52:15,937] 39 root - INFO - [Attacker] Label flip: 12 samples class 4 \u2192 class 0
[2026-07-19 13:52:15,945] 39 root - INFO - [Attacker] Label flip: 11 samples class 4 \u2192 class 0
[2026-07-19 13:52:15,952] 39 root - INFO - [Attacker] Label flip: 5 samples class 4 \u2192 class 0
[2026-07-19 13:52:15,960] 39 root - INFO - [Attacker] Label flip: 17 samples class 4 \u2192 class 0
[2026-07-19 13:52:15,968] 39 root - INFO - [Attacker] Label flip: 10 samples class 4 \u2192 class 0
[2026-07-19 13:52:15,974] 39 root - INFO - [Attacker] Label flip: 17 samples class 4 \u2192 class 0
[2026-07-19 13:52:15,982] 39 root - INFO - [Attacker] Label flip: 9 samples class 4 \u2192 class 0
[2026-07-19 13:52:15,990] 39 root - INFO - [Attacker] Label flip: 10 samples class 4 \u2192 class 0
[2026-07-19 13:52:15,998] 39 root - INFO - [Attacker] Label flip: 8 samples class 4 \u2192 class 0
[2026-07-19 13:52:16,006] 39 root - INFO - [Attacker] Label flip: 13 samples class 4 \u2192 class 0
[2026-07-19 13:52:16,013] 39 root - INFO - [Attacker] Label flip: 16 samples class 4 \u2192 class 0
[2026-07-19 13:52:16,021] 39 root - INFO - [Attacker] Label flip: 19 samples class 4 \u2192 class 0
[2026-07-19 13:52:16,029] 39 root - INFO - [Attacker] Label flip: 10 samples class 4 \u2192 class 0
[2026-07-19 13:52:16,035] 39 root - INFO - [Attacker] Label flip: 14 samples class 4 \u2192 class 0
[2026-07-19 13:52:16,043] 39 root - INFO - [Attacker] Label flip: 12 samples class 4 \u2192 class 0
[2026-07-19 13:52:16,051] 39 root - INFO - [Attacker] Label flip: 15 samples class 4 \u2192 class 0
[2026-07-19 13:52:16,059] 39 root - INFO - [Attacker] Label flip: 13 samples class 4 \u2192 class 0
[2026-07-19 13:52:16,067] 39 root - INFO - [Attacker] Label flip: 10 samples class 4 \u2192 class 0
[2026-07-19 13:52:16,075] 39 root - INFO - [Attacker] Label flip: 15 samples class 4 \u2192 class 0
[2026-07-19 13:52:16,082] 39 root - INFO - [Attacker] Label flip: 5 samples class 4 \u2192 class 0
[2026-07-19 13:52:16,091] 39 root - INFO - [Attacker] Label flip: 14 samples class 4 \u2192 class 0
[2026-07-19 13:52:16,098] 39 root - INFO - [Attacker] Label flip: 11 samples class 4 \u2192 class 0
[2026-07-19 13:52:16,106] 39 root - INFO - [Attacker] Label flip: 7 samples class 4 \u2192 class 0
[2026-07-19 13:52:16,114] 39 root - INFO - [Attacker] Label flip: 17 samples class 4 \u2192 class 0
[2026-07-19 13:52:16,120] 39 root - INFO - [Attacker] Label flip: 7 samples class 4 \u2192 class 0
[2026-07-19 13:52:16,130] 39 root - INFO - [Attacker] Label flip: 14 samples class 4 \u2192 class 0
[2026-07-19 13:52:16,136] 39 root - INFO - [Attacker] Label flip: 10 samples class 4 \u2192 class 0
[2026-07-19 13:52:16,144] 39 root - INFO - [Attacker] Label flip: 13 samples class 4 \u2192 class 0
[2026-07-19 13:52:16,152] 39 root - INFO - [Attacker] Label flip: 5 samples class 4 \u2192 class 0
[2026-07-19 13:52:16,158] 39 root - INFO - [Attacker] Label flip: 16 samples class 4 \u2192 class 0
[2026-07-19 13:52:16,166] 39 root - INFO - [Attacker] Label flip: 16 samples class 4 \u2192 class 0
[2026-07-19 13:52:16,174] 39 root - INFO - [Attacker] Label flip: 10 samples class 4 \u2192 class 0
[2026-07-19 13:52:16,182] 39 root - INFO - [Attacker] Label flip: 10 samples class 4 \u2192 class 0
[2026-07-19 13:52:16,189] 39 root - INFO - [Attacker] Label flip: 16 samples class 4 \u2192 class 0
[2026-07-19 13:52:16,197] 39 root - INFO - [Attacker] Label flip: 10 samples class 4 \u2192 class 0
[2026-07-19 13:52:16,205] 39 root - INFO - [Attacker] Label flip: 19 samples class 4 \u2192 class 0
[2026-07-19 13:52:16,213] 39 root - INFO - [Attacker] Label flip: 12 samples class 4 \u2192 class 0
[2026-07-19 13:52:16,221] 39 root - INFO - [Attacker] Label flip: 16 samples class 4 \u2192 class 0
[2026-07-19 13:52:16,229] 39 root - INFO - [Attacker] Label flip: 18 samples class 4 \u2192 class 0
[2026-07-19 13:52:16,237] 39 root - INFO - [Attacker] Label flip: 9 samples class 4 \u2192 class 0
[2026-07-19 13:52:16,245] 39 root - INFO - [Attacker] Label flip: 16 samples class 4 \u2192 class 0
[2026-07-19 13:52:16,253] 39 root - INFO - [Attacker] Label flip: 13 samples class 4 \u2192 class 0
[2026-07-19 13:52:16,262] 39 root - INFO - [Attacker] Label flip: 13 samples class 4 \u2192 class 0
[2026-07-19 13:52:16,270] 39 root - INFO - [Attacker] Label flip: 11 samples class 4 \u2192 class 0
[2026-07-19 13:52:16,276] 39 root - INFO - [Attacker] Label flip: 17 samples class 4 \u2192 class 0
[2026-07-19 13:52:16,284] 39 root - INFO - [Attacker] Label flip: 9 samples class 4 \u2192 class 0
[2026-07-19 13:52:16,294] 39 root - INFO - [Attacker] Label flip: 17 samples class 4 \u2192 class 0
[2026-07-19 13:52:16,302] 39 root - INFO - [Attacker] Label flip: 9 samples class 4 \u2192 class 0
[2026-07-19 13:52:16,308] 39 root - INFO - [Attacker] Label flip: 11 samples class 4 \u2192 class 0
[2026-07-19 13:52:16,316] 39 root - INFO - [Attacker] Label flip: 7 samples class 4 \u2192 class 0
[2026-07-19 13:52:16,324] 39 root - INFO - [Attacker] Label flip: 17 samples class 4 \u2192 class 0
[2026-07-19 13:52:16,331] 39 root - INFO - [Attacker] Label flip: 16 samples class 4 \u2192 class 0
[2026-07-19 13:52:16,339] 39 root - INFO - [Attacker] Label flip: 13 samples class 4 \u2192 class 0
[2026-07-19 13:52:16,347] 39 root - INFO - [Attacker] Label flip: 9 samples class 4 \u2192 class 0
[2026-07-19 13:52:16,355] 39 root - INFO - [Attacker] Label flip: 12 samples class 4 \u2192 class 0
[2026-07-19 13:52:16,364] 39 root - INFO - [Attacker] Label flip: 14 samples class 4 \u2192 class 0
[2026-07-19 13:52:16,389] 268 flwr - WARNING - DEPRECATED FEATURE: `client_fn` now expects a signature `def client_fn(context: Context)`.The provided `client_fn` has signature: {'cid': <Parameter "cid: str">}. You can import the `Context` like this: `from flwr.common import Context`

            This is a deprecated feature. It will be removed
            entirely in future versions of Flower.
        
[2026-07-19 13:52:24,594] 268 flwr - WARNING - DEPRECATED FEATURE: `client_fn` now expects a signature `def client_fn(context: Context)`.The provided `client_fn` has signature: {'cid': <Parameter "cid: str">}. You can import the `Context` like this: `from flwr.common import Context`

            This is a deprecated feature. It will be removed
            entirely in future versions of Flower.
        
[2026-07-19 13:52:25,217] 39 root - INFO - [Attacker] Label flip: 27 samples class 4 \u2192 class 0
[2026-07-19 13:52:25,226] 39 root - INFO - [Attacker] Label flip: 27 samples class 4 \u2192 class 0
[2026-07-19 13:52:25,237] 39 root - INFO - [Attacker] Label flip: 32 samples class 4 \u2192 class 0
[2026-07-19 13:52:25,243] 39 root - INFO - [Attacker] Label flip: 33 samples class 4 \u2192 class 0
[2026-07-19 13:52:25,251] 39 root - INFO - [Attacker] Label flip: 30 samples class 4 \u2192 class 0
[2026-07-19 13:52:25,259] 39 root - INFO - [Attacker] Label flip: 18 samples class 4 \u2192 class 0
[2026-07-19 13:52:25,267] 39 root - INFO - [Attacker] Label flip: 23 samples class 4 \u2192 class 0
[2026-07-19 13:52:25,275] 39 root - INFO - [Attacker] Label flip: 25 samples class 4 \u2192 class 0
[2026-07-19 13:52:25,283] 39 root - INFO - [Attacker] Label flip: 29 samples class 4 \u2192 class 0
[2026-07-19 13:52:25,291] 39 root - INFO - [Attacker] Label flip: 29 samples class 4 \u2192 class 0
[2026-07-19 13:52:25,301] 39 root - INFO - [Attacker] Label flip: 28 samples class 4 \u2192 class 0
[2026-07-19 13:52:25,308] 39 root - INFO - [Attacker] Label flip: 33 samples class 4 \u2192 class 0
[2026-07-19 13:52:25,316] 39 root - INFO - [Attacker] Label flip: 26 samples class 4 \u2192 class 0
[2026-07-19 13:52:25,324] 39 root - INFO - [Attacker] Label flip: 34 samples class 4 \u2192 class 0
[2026-07-19 13:52:25,332] 39 root - INFO - [Attacker] Label flip: 26 samples class 4 \u2192 class 0
[2026-07-19 13:52:25,340] 39 root - INFO - [Attacker] Label flip: 30 samples class 4 \u2192 class 0
[2026-07-19 13:52:25,347] 39 root - INFO - [Attacker] Label flip: 31 samples class 4 \u2192 class 0
[2026-07-19 13:52:25,356] 39 root - INFO - [Attacker] Label flip: 26 samples class 4 \u2192 class 0
[2026-07-19 13:52:25,370] 39 root - INFO - [Attacker] Label flip: 28 samples class 4 \u2192 class 0
[2026-07-19 13:52:25,377] 39 root - INFO - [Attacker] Label flip: 19 samples class 4 \u2192 class 0
[2026-07-19 13:52:25,383] 39 root - INFO - [Attacker] Label flip: 28 samples class 4 \u2192 class 0
[2026-07-19 13:52:25,391] 39 root - INFO - [Attacker] Label flip: 28 samples class 4 \u2192 class 0
[2026-07-19 13:52:25,399] 39 root - INFO - [Attacker] Label flip: 28 samples class 4 \u2192 class 0
[2026-07-19 13:52:25,415] 39 root - INFO - [Attacker] Label flip: 38 samples class 4 \u2192 class 0
[2026-07-19 13:52:25,423] 39 root - INFO - [Attacker] Label flip: 38 samples class 4 \u2192 class 0
[2026-07-19 13:52:25,431] 39 root - INFO - [Attacker] Label flip: 20 samples class 4 \u2192 class 0
[2026-07-19 13:52:25,437] 39 root - INFO - [Attacker] Label flip: 27 samples class 4 \u2192 class 0
[2026-07-19 13:52:25,452] 39 root - INFO - [Attacker] Label flip: 32 samples class 4 \u2192 class 0
[2026-07-19 13:52:25,458] 39 root - INFO - [Attacker] Label flip: 30 samples class 4 \u2192 class 0
[2026-07-19 13:52:25,466] 39 root - INFO - [Attacker] Label flip: 34 samples class 4 \u2192 class 0
[2026-07-19 13:52:25,474] 39 root - INFO - [Attacker] Label flip: 27 samples class 4 \u2192 class 0
[2026-07-19 13:52:25,482] 39 root - INFO - [Attacker] Label flip: 36 samples class 4 \u2192 class 0
[2026-07-19 13:52:25,491] 39 root - INFO - [Attacker] Label flip: 32 samples class 4 \u2192 class 0
[2026-07-19 13:52:25,499] 39 root - INFO - [Attacker] Label flip: 44 samples class 4 \u2192 class 0
[2026-07-19 13:52:25,506] 39 root - INFO - [Attacker] Label flip: 31 samples class 4 \u2192 class 0
[2026-07-19 13:52:25,516] 39 root - INFO - [Attacker] Label flip: 25 samples class 4 \u2192 class 0
[2026-07-19 13:52:25,524] 39 root - INFO - [Attacker] Label flip: 29 samples class 4 \u2192 class 0
[2026-07-19 13:52:25,532] 39 root - INFO - [Attacker] Label flip: 37 samples class 4 \u2192 class 0
[2026-07-19 13:52:25,538] 39 root - INFO - [Attacker] Label flip: 42 samples class 4 \u2192 class 0
[2026-07-19 13:52:25,546] 39 root - INFO - [Attacker] Label flip: 26 samples class 4 \u2192 class 0
[2026-07-19 13:52:25,554] 39 root - INFO - [Attacker] Label flip: 34 samples class 4 \u2192 class 0
[2026-07-19 13:52:25,562] 39 root - INFO - [Attacker] Label flip: 27 samples class 4 \u2192 class 0
[2026-07-19 13:52:25,570] 39 root - INFO - [Attacker] Label flip: 29 samples class 4 \u2192 class 0
[2026-07-19 13:52:25,578] 39 root - INFO - [Attacker] Label flip: 25 samples class 4 \u2192 class 0
[2026-07-19 13:52:25,585] 39 root - INFO - [Attacker] Label flip: 29 samples class 4 \u2192 class 0
[2026-07-19 13:52:25,593] 39 root - INFO - [Attacker] Label flip: 28 samples class 4 \u2192 class 0
[2026-07-19 13:52:25,601] 39 root - INFO - [Attacker] Label flip: 23 samples class 4 \u2192 class 0
[2026-07-19 13:52:25,607] 39 root - INFO - [Attacker] Label flip: 33 samples class 4 \u2192 class 0
[2026-07-19 13:52:25,617] 39 root - INFO - [Attacker] Label flip: 36 samples class 4 \u2192 class 0
[2026-07-19 13:52:25,623] 39 root - INFO - [Attacker] Label flip: 35 samples class 4 \u2192 class 0
[2026-07-19 13:52:25,631] 39 root - INFO - [Attacker] Label flip: 25 samples class 4 \u2192 class 0
[2026-07-19 13:52:25,639] 39 root - INFO - [Attacker] Label flip: 25 samples class 4 \u2192 class 0
[2026-07-19 13:52:25,647] 39 root - INFO - [Attacker] Label flip: 27 samples class 4 \u2192 class 0
[2026-07-19 13:52:25,654] 39 root - INFO - [Attacker] Label flip: 29 samples class 4 \u2192 class 0
[2026-07-19 13:52:25,662] 39 root - INFO - [Attacker] Label flip: 30 samples class 4 \u2192 class 0
[2026-07-19 13:52:25,670] 39 root - INFO - [Attacker] Label flip: 35 samples class 4 \u2192 class 0
[2026-07-19 13:52:25,680] 39 root - INFO - [Attacker] Label flip: 31 samples class 4 \u2192 class 0
[2026-07-19 13:52:25,686] 39 root - INFO - [Attacker] Label flip: 24 samples class 4 \u2192 class 0
[2026-07-19 13:52:25,694] 39 root - INFO - [Attacker] Label flip: 37 samples class 4 \u2192 class 0
[2026-07-19 13:52:25,702] 39 root - INFO - [Attacker] Label flip: 24 samples class 4 \u2192 class 0
[2026-07-19 13:52:25,710] 39 root - INFO - [Attacker] Label flip: 34 samples class 4 \u2192 class 0
[2026-07-19 13:52:25,719] 39 root - INFO - [Attacker] Label flip: 30 samples class 4 \u2192 class 0
[2026-07-19 13:52:25,725] 39 root - INFO - [Attacker] Label flip: 28 samples class 4 \u2192 class 0
[2026-07-19 13:52:25,733] 39 root - INFO - [Attacker] Label flip: 31 samples class 4 \u2192 class 0
[2026-07-19 13:52:25,741] 39 root - INFO - [Attacker] Label flip: 26 samples class 4 \u2192 class 0
[2026-07-19 13:52:25,749] 39 root - INFO - [Attacker] Label flip: 19 samples class 4 \u2192 class 0
[2026-07-19 13:52:25,757] 39 root - INFO - [Attacker] Label flip: 36 samples class 4 \u2192 class 0
[2026-07-19 13:52:25,765] 39 root - INFO - [Attacker] Label flip: 34 samples class 4 \u2192 class 0
[2026-07-19 13:52:25,773] 39 root - INFO - [Attacker] Label flip: 30 samples class 4 \u2192 class 0
[2026-07-19 13:52:25,781] 39 root - INFO - [Attacker] Label flip: 37 samples class 4 \u2192 class 0
[2026-07-19 13:52:25,789] 39 root - INFO - [Attacker] Label flip: 35 samples class 4 \u2192 class 0
[2026-07-19 13:52:25,796] 39 root - INFO - [Attacker] Label flip: 26 samples class 4 \u2192 class 0
[2026-07-19 13:52:25,804] 39 root - INFO - [Attacker] Label flip: 30 samples class 4 \u2192 class 0
[2026-07-19 13:52:25,812] 39 root - INFO - [Attacker] Label flip: 29 samples class 4 \u2192 class 0
[2026-07-19 13:52:25,818] 39 root - INFO - [Attacker] Label flip: 29 samples class 4 \u2192 class 0
[2026-07-19 13:52:25,826] 39 root - INFO - [Attacker] Label flip: 28 samples class 4 \u2192 class 0
[2026-07-19 13:52:25,834] 39 root - INFO - [Attacker] Label flip: 22 samples class 4 \u2192 class 0
[2026-07-19 13:52:25,844] 39 root - INFO - [Attacker] Label flip: 32 samples class 4 \u2192 class 0
[2026-07-19 13:52:25,851] 39 root - INFO - [Attacker] Label flip: 20 samples class 4 \u2192 class 0
[2026-07-19 13:52:25,858] 39 root - INFO - [Attacker] Label flip: 21 samples class 4 \u2192 class 0
[2026-07-19 13:52:25,866] 39 root - INFO - [Attacker] Label flip: 24 samples class 4 \u2192 class 0
[2026-07-19 13:52:25,874] 39 root - INFO - [Attacker] Label flip: 30 samples class 4 \u2192 class 0
[2026-07-19 13:52:25,884] 39 root - INFO - [Attacker] Label flip: 33 samples class 4 \u2192 class 0
[2026-07-19 13:52:25,891] 39 root - INFO - [Attacker] Label flip: 28 samples class 4 \u2192 class 0
[2026-07-19 13:52:25,900] 39 root - INFO - [Attacker] Label flip: 24 samples class 4 \u2192 class 0
[2026-07-19 13:52:25,907] 39 root - INFO - [Attacker] Label flip: 39 samples class 4 \u2192 class 0
[2026-07-19 13:52:25,915] 39 root - INFO - [Attacker] Label flip: 30 samples class 4 \u2192 class 0
[2026-07-19 13:52:25,923] 39 root - INFO - [Attacker] Label flip: 29 samples class 4 \u2192 class 0
[2026-07-19 13:52:25,931] 39 root - INFO - [Attacker] Label flip: 25 samples class 4 \u2192 class 0
[2026-07-19 13:52:25,939] 39 root - INFO - [Attacker] Label flip: 27 samples class 4 \u2192 class 0
[2026-07-19 13:52:25,945] 39 root - INFO - [Attacker] Label flip: 29 samples class 4 \u2192 class 0
[2026-07-19 13:52:25,953] 39 root - INFO - [Attacker] Label flip: 22 samples class 4 \u2192 class 0
[2026-07-19 13:52:25,961] 39 root - INFO - [Attacker] Label flip: 29 samples class 4 \u2192 class 0
[2026-07-19 13:52:25,969] 39 root - INFO - [Attacker] Label flip: 29 samples class 4 \u2192 class 0
[2026-07-19 13:52:25,977] 39 root - INFO - [Attacker] Label flip: 24 samples class 4 \u2192 class 0
[2026-07-19 13:52:25,985] 39 root - INFO - [Attacker] Label flip: 29 samples class 4 \u2192 class 0
[2026-07-19 13:52:25,993] 39 root - INFO - [Attacker] Label flip: 31 samples class 4 \u2192 class 0
[2026-07-19 13:52:26,000] 39 root - INFO - [Attacker] Label flip: 16 samples class 4 \u2192 class 0
[2026-07-19 13:52:26,008] 39 root - INFO - [Attacker] Label flip: 39 samples class 4 \u2192 class 0
[2026-07-19 13:52:26,017] 39 root - INFO - [Attacker] Label flip: 28 samples class 4 \u2192 class 0
[2026-07-19 13:52:26,025] 39 root - INFO - [Attacker] Label flip: 26 samples class 4 \u2192 class 0
[2026-07-19 13:52:26,032] 39 root - INFO - [Attacker] Label flip: 27 samples class 4 \u2192 class 0
[2026-07-19 13:52:26,042] 39 root - INFO - [Attacker] Label flip: 35 samples class 4 \u2192 class 0
[2026-07-19 13:52:26,049] 39 root - INFO - [Attacker] Label flip: 38 samples class 4 \u2192 class 0
[2026-07-19 13:52:26,249] 39 root - INFO - [Attacker] Label flip: 22 samples class 4 \u2192 class 0
[2026-07-19 13:52:26,256] 39 root - INFO - [Attacker] Label flip: 22 samples class 4 \u2192 class 0
[2026-07-19 13:52:26,264] 39 root - INFO - [Attacker] Label flip: 30 samples class 4 \u2192 class 0
[2026-07-19 13:52:26,271] 39 root - INFO - [Attacker] Label flip: 27 samples class 4 \u2192 class 0
[2026-07-19 13:52:26,281] 39 root - INFO - [Attacker] Label flip: 35 samples class 4 \u2192 class 0
[2026-07-19 13:52:26,290] 39 root - INFO - [Attacker] Label flip: 38 samples class 4 \u2192 class 0
[2026-07-19 13:52:26,298] 39 root - INFO - [Attacker] Label flip: 17 samples class 4 \u2192 class 0
[2026-07-19 13:52:26,306] 39 root - INFO - [Attacker] Label flip: 29 samples class 4 \u2192 class 0
[2026-07-19 13:52:26,314] 39 root - INFO - [Attacker] Label flip: 28 samples class 4 \u2192 class 0
[2026-07-19 13:52:26,322] 39 root - INFO - [Attacker] Label flip: 33 samples class 4 \u2192 class 0
[2026-07-19 13:52:26,330] 39 root - INFO - [Attacker] Label flip: 33 samples class 4 \u2192 class 0
[2026-07-19 13:52:26,338] 39 root - INFO - [Attacker] Label flip: 26 samples class 4 \u2192 class 0
[2026-07-19 13:52:26,347] 39 root - INFO - [Attacker] Label flip: 26 samples class 4 \u2192 class 0
[2026-07-19 13:52:26,356] 39 root - INFO - [Attacker] Label flip: 25 samples class 4 \u2192 class 0
[2026-07-19 13:52:26,364] 39 root - INFO - [Attacker] Label flip: 24 samples class 4 \u2192 class 0
[2026-07-19 13:52:26,370] 39 root - INFO - [Attacker] Label flip: 24 samples class 4 \u2192 class 0
[2026-07-19 13:52:26,380] 39 root - INFO - [Attacker] Label flip: 19 samples class 4 \u2192 class 0
[2026-07-19 13:52:26,388] 39 root - INFO - [Attacker] Label flip: 30 samples class 4 \u2192 class 0
[2026-07-19 13:52:26,395] 39 root - INFO - [Attacker] Label flip: 30 samples class 4 \u2192 class 0
[2026-07-19 13:52:26,402] 39 root - INFO - [Attacker] Label flip: 25 samples class 4 \u2192 class 0
[2026-07-19 13:52:26,411] 39 root - INFO - [Attacker] Label flip: 24 samples class 4 \u2192 class 0
[2026-07-19 13:52:26,419] 39 root - INFO - [Attacker] Label flip: 37 samples class 4 \u2192 class 0
[2026-07-19 13:52:26,429] 39 root - INFO - [Attacker] Label flip: 37 samples class 4 \u2192 class 0
[2026-07-19 13:52:26,435] 39 root - INFO - [Attacker] Label flip: 24 samples class 4 \u2192 class 0
[2026-07-19 13:52:26,443] 39 root - INFO - [Attacker] Label flip: 31 samples class 4 \u2192 class 0
[2026-07-19 13:52:26,455] 39 root - INFO - [Attacker] Label flip: 29 samples class 4 \u2192 class 0
[2026-07-19 13:52:26,463] 39 root - INFO - [Attacker] Label flip: 32 samples class 4 \u2192 class 0
[2026-07-19 13:52:26,470] 39 root - INFO - [Attacker] Label flip: 30 samples class 4 \u2192 class 0
[2026-07-19 13:52:26,476] 39 root - INFO - [Attacker] Label flip: 23 samples class 4 \u2192 class 0
[2026-07-19 13:52:26,485] 39 root - INFO - [Attacker] Label flip: 29 samples class 4 \u2192 class 0
[2026-07-19 13:52:26,494] 39 root - INFO - [Attacker] Label flip: 31 samples class 4 \u2192 class 0
[2026-07-19 13:52:26,503] 39 root - INFO - [Attacker] Label flip: 29 samples class 4 \u2192 class 0
[2026-07-19 13:52:26,511] 39 root - INFO - [Attacker] Label flip: 28 samples class 4 \u2192 class 0
[2026-07-19 13:52:26,517] 39 root - INFO - [Attacker] Label flip: 29 samples class 4 \u2192 class 0
[2026-07-19 13:52:26,527] 39 root - INFO - [Attacker] Label flip: 22 samples class 4 \u2192 class 0
[2026-07-19 13:52:26,535] 39 root - INFO - [Attacker] Label flip: 29 samples class 4 \u2192 class 0
[2026-07-19 13:52:26,543] 39 root - INFO - [Attacker] Label flip: 35 samples class 4 \u2192 class 0
[2026-07-19 13:52:26,553] 39 root - INFO - [Attacker] Label flip: 30 samples class 4 \u2192 class 0
[2026-07-19 13:52:26,561] 39 root - INFO - [Attacker] Label flip: 23 samples class 4 \u2192 class 0
[2026-07-19 13:52:26,569] 39 root - INFO - [Attacker] Label flip: 28 samples class 4 \u2192 class 0
[2026-07-19 13:52:26,577] 39 root - INFO - [Attacker] Label flip: 37 samples class 4 \u2192 class 0
[2026-07-19 13:52:26,586] 39 root - INFO - [Attacker] Label flip: 36 samples class 4 \u2192 class 0
[2026-07-19 13:52:26,594] 39 root - INFO - [Attacker] Label flip: 17 samples class 4 \u2192 class 0
[2026-07-19 13:52:26,603] 39 root - INFO - [Attacker] Label flip: 35 samples class 4 \u2192 class 0
[2026-07-19 13:52:26,610] 39 root - INFO - [Attacker] Label flip: 28 samples class 4 \u2192 class 0
[2026-07-19 13:52:26,621] 39 root - INFO - [Attacker] Label flip: 39 samples class 4 \u2192 class 0
[2026-07-19 13:52:26,628] 39 root - INFO - [Attacker] Label flip: 24 samples class 4 \u2192 class 0
[2026-07-19 13:52:26,637] 39 root - INFO - [Attacker] Label flip: 26 samples class 4 \u2192 class 0
[2026-07-19 13:52:26,644] 39 root - INFO - [Attacker] Label flip: 35 samples class 4 \u2192 class 0
[2026-07-19 13:52:26,654] 39 root - INFO - [Attacker] Label flip: 33 samples class 4 \u2192 class 0
[2026-07-19 13:52:26,662] 39 root - INFO - [Attacker] Label flip: 21 samples class 4 \u2192 class 0
[2026-07-19 13:52:26,671] 39 root - INFO - [Attacker] Label flip: 25 samples class 4 \u2192 class 0
[2026-07-19 13:52:26,679] 39 root - INFO - [Attacker] Label flip: 25 samples class 4 \u2192 class 0
[2026-07-19 13:52:26,686] 39 root - INFO - [Attacker] Label flip: 30 samples class 4 \u2192 class 0
[2026-07-19 13:52:26,694] 39 root - INFO - [Attacker] Label flip: 33 samples class 4 \u2192 class 0
[2026-07-19 13:52:26,702] 39 root - INFO - [Attacker] Label flip: 21 samples class 4 \u2192 class 0
[2026-07-19 13:52:26,710] 39 root - INFO - [Attacker] Label flip: 30 samples class 4 \u2192 class 0
[2026-07-19 13:52:26,717] 39 root - INFO - [Attacker] Label flip: 34 samples class 4 \u2192 class 0
[2026-07-19 13:52:26,726] 39 root - INFO - [Attacker] Label flip: 24 samples class 4 \u2192 class 0
[2026-07-19 13:52:26,735] 39 root - INFO - [Attacker] Label flip: 23 samples class 4 \u2192 class 0
[2026-07-19 13:52:26,741] 39 root - INFO - [Attacker] Label flip: 31 samples class 4 \u2192 class 0
[2026-07-19 13:52:26,749] 39 root - INFO - [Attacker] Label flip: 33 samples class 4 \u2192 class 0
[2026-07-19 13:52:26,761] 39 root - INFO - [Attacker] Label flip: 28 samples class 4 \u2192 class 0
[2026-07-19 13:52:26,769] 39 root - INFO - [Attacker] Label flip: 31 samples class 4 \u2192 class 0
[2026-07-19 13:52:26,777] 39 root - INFO - [Attacker] Label flip: 28 samples class 4 \u2192 class 0
[2026-07-19 13:52:26,785] 39 root - INFO - [Attacker] Label flip: 34 samples class 4 \u2192 class 0
[2026-07-19 13:52:26,795] 39 root - INFO - [Attacker] Label flip: 20 samples class 4 \u2192 class 0
[2026-07-19 13:52:26,803] 39 root - INFO - [Attacker] Label flip: 31 samples class 4 \u2192 class 0
[2026-07-19 13:52:26,809] 39 root - INFO - [Attacker] Label flip: 30 samples class 4 \u2192 class 0
[2026-07-19 13:52:26,816] 39 root - INFO - [Attacker] Label flip: 34 samples class 4 \u2192 class 0
[2026-07-19 13:52:26,824] 39 root - INFO - [Attacker] Label flip: 26 samples class 4 \u2192 class 0
[2026-07-19 13:52:26,832] 39 root - INFO - [Attacker] Label flip: 28 samples class 4 \u2192 class 0
[2026-07-19 13:52:26,842] 39 root - INFO - [Attacker] Label flip: 26 samples class 4 \u2192 class 0
[2026-07-19 13:52:26,850] 39 root - INFO - [Attacker] Label flip: 30 samples class 4 \u2192 class 0
[2026-07-19 13:52:26,858] 39 root - INFO - [Attacker] Label flip: 37 samples class 4 \u2192 class 0
[2026-07-19 13:52:26,866] 39 root - INFO - [Attacker] Label flip: 25 samples class 4 \u2192 class 0
[2026-07-19 13:52:26,874] 39 root - INFO - [Attacker] Label flip: 33 samples class 4 \u2192 class 0
[2026-07-19 13:52:26,881] 39 root - INFO - [Attacker] Label flip: 21 samples class 4 \u2192 class 0
[2026-07-19 13:52:26,889] 39 root - INFO - [Attacker] Label flip: 22 samples class 4 \u2192 class 0
[2026-07-19 13:52:26,897] 39 root - INFO - [Attacker] Label flip: 39 samples class 4 \u2192 class 0
[2026-07-19 13:52:26,905] 39 root - INFO - [Attacker] Label flip: 26 samples class 4 \u2192 class 0
[2026-07-19 13:52:26,915] 39 root - INFO - [Attacker] Label flip: 27 samples class 4 \u2192 class 0
[2026-07-19 13:52:26,923] 39 root - INFO - [Attacker] Label flip: 27 samples class 4 \u2192 class 0
[2026-07-19 13:52:26,931] 39 root - INFO - [Attacker] Label flip: 33 samples class 4 \u2192 class 0
[2026-07-19 13:52:26,939] 39 root - INFO - [Attacker] Label flip: 30 samples class 4 \u2192 class 0
[2026-07-19 13:52:26,949] 39 root - INFO - [Attacker] Label flip: 24 samples class 4 \u2192 class 0
[2026-07-19 13:52:26,955] 39 root - INFO - [Attacker] Label flip: 25 samples class 4 \u2192 class 0
[2026-07-19 13:52:26,962] 39 root - INFO - [Attacker] Label flip: 23 samples class 4 \u2192 class 0
[2026-07-19 13:52:26,970] 39 root - INFO - [Attacker] Label flip: 34 samples class 4 \u2192 class 0
[2026-07-19 13:52:26,978] 39 root - INFO - [Attacker] Label flip: 22 samples class 4 \u2192 class 0
[2026-07-19 13:52:26,986] 39 root - INFO - [Attacker] Label flip: 23 samples class 4 \u2192 class 0
[2026-07-19 13:52:26,994] 39 root - INFO - [Attacker] Label flip: 33 samples class 4 \u2192 class 0
[2026-07-19 13:52:27,002] 39 root - INFO - [Attacker] Label flip: 16 samples class 4 \u2192 class 0
[2026-07-19 13:52:27,010] 39 root - INFO - [Attacker] Label flip: 34 samples class 4 \u2192 class 0
[2026-07-19 13:52:27,018] 39 root - INFO - [Attacker] Label flip: 24 samples class 4 \u2192 class 0
[2026-07-19 13:52:27,026] 39 root - INFO - [Attacker] Label flip: 30 samples class 4 \u2192 class 0
[2026-07-19 13:52:27,034] 39 root - INFO - [Attacker] Label flip: 26 samples class 4 \u2192 class 0
[2026-07-19 13:52:27,042] 39 root - INFO - [Attacker] Label flip: 28 samples class 4 \u2192 class 0
[2026-07-19 13:52:27,050] 39 root - INFO - [Attacker] Label flip: 30 samples class 4 \u2192 class 0
[2026-07-19 13:52:27,058] 39 root - INFO - [Attacker] Label flip: 24 samples class 4 \u2192 class 0
[2026-07-19 13:52:27,068] 39 root - INFO - [Attacker] Label flip: 21 samples class 4 \u2192 class 0
[2026-07-19 13:52:27,075] 39 root - INFO - [Attacker] Label flip: 33 samples class 4 \u2192 class 0
[2026-07-19 13:52:27,083] 39 root - INFO - [Attacker] Label flip: 36 samples class 4 \u2192 class 0
[2026-07-19 13:52:27,090] 39 root - INFO - [Attacker] Label flip: 33 samples class 4 \u2192 class 0
[2026-07-19 13:52:27,098] 39 root - INFO - [Attacker] Label flip: 26 samples class 4 \u2192 class 0
[2026-07-19 13:52:27,106] 39 root - INFO - [Attacker] Label flip: 36 samples class 4 \u2192 class 0
[2026-07-19 13:52:27,115] 39 root - INFO - [Attacker] Label flip: 32 samples class 4 \u2192 class 0
[2026-07-19 13:52:27,124] 39 root - INFO - [Attacker] Label flip: 23 samples class 4 \u2192 class 0
[2026-07-19 13:52:27,131] 39 root - INFO - [Attacker] Label flip: 30 samples class 4 \u2192 class 0
[2026-07-19 13:52:27,140] 39 root - INFO - [Attacker] Label flip: 28 samples class 4 \u2192 class 0
[2026-07-19 13:52:27,148] 39 root - INFO - [Attacker] Label flip: 37 samples class 4 \u2192 class 0
[2026-07-19 13:52:27,154] 39 root - INFO - [Attacker] Label flip: 31 samples class 4 \u2192 class 0
[2026-07-19 13:52:27,164] 39 root - INFO - [Attacker] Label flip: 31 samples class 4 \u2192 class 0
[2026-07-19 13:52:27,171] 39 root - INFO - [Attacker] Label flip: 30 samples class 4 \u2192 class 0
[2026-07-19 13:52:27,179] 39 root - INFO - [Attacker] Label flip: 18 samples class 4 \u2192 class 0
[2026-07-19 13:52:27,187] 39 root - INFO - [Attacker] Label flip: 25 samples class 4 \u2192 class 0
[2026-07-19 13:52:27,195] 39 root - INFO - [Attacker] Label flip: 28 samples class 4 \u2192 class 0
[2026-07-19 13:52:27,205] 39 root - INFO - [Attacker] Label flip: 28 samples class 4 \u2192 class 0
[2026-07-19 13:52:27,213] 39 root - INFO - [Attacker] Label flip: 25 samples class 4 \u2192 class 0
[2026-07-19 13:52:27,219] 39 root - INFO - [Attacker] Label flip: 35 samples class 4 \u2192 class 0
[2026-07-19 13:52:27,227] 39 root - INFO - [Attacker] Label flip: 31 samples class 4 \u2192 class 0
[2026-07-19 13:52:27,236] 39 root - INFO - [Attacker] Label flip: 32 samples class 4 \u2192 class 0
[2026-07-19 13:52:27,242] 39 root - INFO - [Attacker] Label flip: 30 samples class 4 \u2192 class 0
[2026-07-19 13:52:27,250] 39 root - INFO - [Attacker] Label flip: 23 samples class 4 \u2192 class 0
[2026-07-19 13:52:27,258] 39 root - INFO - [Attacker] Label flip: 26 samples class 4 \u2192 class 0
[2026-07-19 13:52:27,268] 39 root - INFO - [Attacker] Label flip: 29 samples class 4 \u2192 class 0
[2026-07-19 13:52:27,274] 39 root - INFO - [Attacker] Label flip: 33 samples class 4 \u2192 class 0
[2026-07-19 13:52:27,283] 39 root - INFO - [Attacker] Label flip: 30 samples class 4 \u2192 class 0
[2026-07-19 13:52:27,291] 39 root - INFO - [Attacker] Label flip: 26 samples class 4 \u2192 class 0
[2026-07-19 13:52:27,301] 39 root - INFO - [Attacker] Label flip: 30 samples class 4 \u2192 class 0
[2026-07-19 13:52:27,307] 39 root - INFO - [Attacker] Label flip: 25 samples class 4 \u2192 class 0
[2026-07-19 13:52:27,315] 39 root - INFO - [Attacker] Label flip: 27 samples class 4 \u2192 class 0
[2026-07-19 13:52:27,323] 39 root - INFO - [Attacker] Label flip: 12 samples class 4 \u2192 class 0
[2026-07-19 13:52:27,333] 39 root - INFO - [Attacker] Label flip: 25 samples class 4 \u2192 class 0
[2026-07-19 13:52:27,341] 39 root - INFO - [Attacker] Label flip: 23 samples class 4 \u2192 class 0
[2026-07-19 13:52:27,349] 39 root - INFO - [Attacker] Label flip: 26 samples class 4 \u2192 class 0
[2026-07-19 13:52:27,357] 39 root - INFO - [Attacker] Label flip: 21 samples class 4 \u2192 class 0
[2026-07-19 13:52:27,367] 39 root - INFO - [Attacker] Label flip: 32 samples class 4 \u2192 class 0
[2026-07-19 13:52:27,379] 39 root - INFO - [Attacker] Label flip: 29 samples class 4 \u2192 class 0
[2026-07-19 13:52:27,386] 39 root - INFO - [Attacker] Label flip: 32 samples class 4 \u2192 class 0
[2026-07-19 13:52:27,392] 39 root - INFO - [Attacker] Label flip: 29 samples class 4 \u2192 class 0
[2026-07-19 13:52:27,404] 39 root - INFO - [Attacker] Label flip: 34 samples class 4 \u2192 class 0
[2026-07-19 13:52:27,412] 39 root - INFO - [Attacker] Label flip: 24 samples class 4 \u2192 class 0
[2026-07-19 13:52:27,419] 39 root - INFO - [Attacker] Label flip: 35 samples class 4 \u2192 class 0
[2026-07-19 13:52:27,429] 39 root - INFO - [Attacker] Label flip: 24 samples class 4 \u2192 class 0
[2026-07-19 13:52:27,437] 39 root - INFO - [Attacker] Label flip: 21 samples class 4 \u2192 class 0
[2026-07-19 13:52:27,445] 39 root - INFO - [Attacker] Label flip: 34 samples class 4 \u2192 class 0
[2026-07-19 13:52:27,454] 39 root - INFO - [Attacker] Label flip: 21 samples class 4 \u2192 class 0
[2026-07-19 13:52:27,462] 39 root - INFO - [Attacker] Label flip: 29 samples class 4 \u2192 class 0
[2026-07-19 13:52:27,469] 39 root - INFO - [Attacker] Label flip: 28 samples class 4 \u2192 class 0
[2026-07-19 13:52:27,475] 39 root - INFO - [Attacker] Label flip: 21 samples class 4 \u2192 class 0
[2026-07-19 13:52:27,483] 39 root - INFO - [Attacker] Label flip: 27 samples class 4 \u2192 class 0
[2026-07-19 13:52:27,491] 39 root - INFO - [Attacker] Label flip: 31 samples class 4 \u2192 class 0
[2026-07-19 13:52:27,499] 39 root - INFO - [Attacker] Label flip: 33 samples class 4 \u2192 class 0
[2026-07-19 13:52:27,511] 39 root - INFO - [Attacker] Label flip: 20 samples class 4 \u2192 class 0
[2026-07-19 13:52:27,519] 39 root - INFO - [Attacker] Label flip: 23 samples class 4 \u2192 class 0
[2026-07-19 13:52:27,525] 39 root - INFO - [Attacker] Label flip: 29 samples class 4 \u2192 class 0
[2026-07-19 13:52:27,533] 39 root - INFO - [Attacker] Label flip: 25 samples class 4 \u2192 class 0
[2026-07-19 13:52:27,546] 39 root - INFO - [Attacker] Label flip: 28 samples class 4 \u2192 class 0
[2026-07-19 13:52:27,554] 39 root - INFO - [Attacker] Label flip: 26 samples class 4 \u2192 class 0
[2026-07-19 13:52:27,562] 39 root - INFO - [Attacker] Label flip: 30 samples class 4 \u2192 class 0
[2026-07-19 13:52:27,568] 39 root - INFO - [Attacker] Label flip: 36 samples class 4 \u2192 class 0
[2026-07-19 13:52:27,578] 39 root - INFO - [Attacker] Label flip: 19 samples class 4 \u2192 class 0
[2026-07-19 13:52:27,586] 39 root - INFO - [Attacker] Label flip: 25 samples class 4 \u2192 class 0
[2026-07-19 13:52:27,594] 39 root - INFO - [Attacker] Label flip: 29 samples class 4 \u2192 class 0
[2026-07-19 13:52:27,602] 39 root - INFO - [Attacker] Label flip: 23 samples class 4 \u2192 class 0
[2026-07-19 13:52:27,615] 39 root - INFO - [Attacker] Label flip: 39 samples class 4 \u2192 class 0
[2026-07-19 13:52:27,621] 39 root - INFO - [Attacker] Label flip: 26 samples class 4 \u2192 class 0
[2026-07-19 13:52:27,630] 39 root - INFO - [Attacker] Label flip: 26 samples class 4 \u2192 class 0
[2026-07-19 13:52:27,636] 39 root - INFO - [Attacker] Label flip: 25 samples class 4 \u2192 class 0
[2026-07-19 13:52:27,648] 39 root - INFO - [Attacker] Label flip: 34 samples class 4 \u2192 class 0
[2026-07-19 13:52:27,656] 39 root - INFO - [Attacker] Label flip: 27 samples class 4 \u2192 class 0
[2026-07-19 13:52:27,664] 39 root - INFO - [Attacker] Label flip: 37 samples class 4 \u2192 class 0
[2026-07-19 13:52:27,670] 39 root - INFO - [Attacker] Label flip: 25 samples class 4 \u2192 class 0
[2026-07-19 13:52:27,682] 39 root - INFO - [Attacker] Label flip: 24 samples class 4 \u2192 class 0
[2026-07-19 13:52:27,688] 39 root - INFO - [Attacker] Label flip: 28 samples class 4 \u2192 class 0
[2026-07-19 13:52:27,696] 39 root - INFO - [Attacker] Label flip: 32 samples class 4 \u2192 class 0
[2026-07-19 13:52:27,704] 39 root - INFO - [Attacker] Label flip: 27 samples class 4 \u2192 class 0
[2026-07-19 13:52:27,712] 39 root - INFO - [Attacker] Label flip: 32 samples class 4 \u2192 class 0
[2026-07-19 13:52:27,720] 39 root - INFO - [Attacker] Label flip: 34 samples class 4 \u2192 class 0
[2026-07-19 13:52:27,730] 39 root - INFO - [Attacker] Label flip: 31 samples class 4 \u2192 class 0
[2026-07-19 13:52:27,738] 39 root - INFO - [Attacker] Label flip: 31 samples class 4 \u2192 class 0
[2026-07-19 13:52:27,745] 39 root - INFO - [Attacker] Label flip: 26 samples class 4 \u2192 class 0
[2026-07-19 13:52:27,753] 39 root - INFO - [Attacker] Label flip: 32 samples class 4 \u2192 class 0
[2026-07-19 13:52:27,761] 39 root - INFO - [Attacker] Label flip: 30 samples class 4 \u2192 class 0
[2026-07-19 13:52:27,769] 39 root - INFO - [Attacker] Label flip: 37 samples class 4 \u2192 class 0
[2026-07-19 13:52:27,777] 39 root - INFO - [Attacker] Label flip: 32 samples class 4 \u2192 class 0
[2026-07-19 13:52:27,789] 39 root - INFO - [Attacker] Label flip: 32 samples class 4 \u2192 class 0
[2026-07-19 13:52:27,795] 39 root - INFO - [Attacker] Label flip: 26 samples class 4 \u2192 class 0
[2026-07-19 13:52:27,803] 39 root - INFO - [Attacker] Label flip: 30 samples class 4 \u2192 class 0
[2026-07-19 13:52:27,811] 39 root - INFO - [Attacker] Label flip: 20 samples class 4 \u2192 class 0
[2026-07-19 13:52:27,818] 39 root - INFO - [Attacker] Label flip: 21 samples class 4 \u2192 class 0
[2026-07-19 13:52:27,826] 39 root - INFO - [Attacker] Label flip: 21 samples class 4 \u2192 class 0
[2026-07-19 13:52:27,834] 39 root - INFO - [Attacker] Label flip: 25 samples class 4 \u2192 class 0
[2026-07-19 13:52:27,842] 39 root - INFO - [Attacker] Label flip: 29 samples class 4 \u2192 class 0
[2026-07-19 13:52:27,850] 39 root - INFO - [Attacker] Label flip: 20 samples class 4 \u2192 class 0
[2026-07-19 13:52:27,858] 39 root - INFO - [Attacker] Label flip: 35 samples class 4 \u2192 class 0
[2026-07-19 13:52:27,866] 39 root - INFO - [Attacker] Label flip: 20 samples class 4 \u2192 class 0
[2026-07-19 13:52:27,874] 39 root - INFO - [Attacker] Label flip: 33 samples class 4 \u2192 class 0
[2026-07-19 13:52:27,882] 39 root - INFO - [Attacker] Label flip: 30 samples class 4 \u2192 class 0
[2026-07-19 13:52:27,890] 39 root - INFO - [Attacker] Label flip: 32 samples class 4 \u2192 class 0
[2026-07-19 13:52:27,897] 39 root - INFO - [Attacker] Label flip: 29 samples class 4 \u2192 class 0
[2026-07-19 13:52:27,905] 39 root - INFO - [Attacker] Label flip: 27 samples class 4 \u2192 class 0
[2026-07-19 13:52:27,913] 39 root - INFO - [Attacker] Label flip: 36 samples class 4 \u2192 class 0
[2026-07-19 13:52:27,921] 39 root - INFO - [Attacker] Label flip: 31 samples class 4 \u2192 class 0
[2026-07-19 13:52:27,929] 39 root - INFO - [Attacker] Label flip: 31 samples class 4 \u2192 class 0
[2026-07-19 13:52:27,937] 39 root - INFO - [Attacker] Label flip: 32 samples class 4 \u2192 class 0
[2026-07-19 13:52:27,951] 39 root - INFO - [Attacker] Label flip: 26 samples class 4 \u2192 class 0
[2026-07-19 13:52:27,959] 39 root - INFO - [Attacker] Label flip: 31 samples class 4 \u2192 class 0
[2026-07-19 13:52:27,967] 39 root - INFO - [Attacker] Label flip: 31 samples class 4 \u2192 class 0
[2026-07-19 13:52:27,976] 39 root - INFO - [Attacker] Label flip: 31 samples class 4 \u2192 class 0
[2026-07-19 13:52:27,984] 39 root - INFO - [Attacker] Label flip: 28 samples class 4 \u2192 class 0
[2026-07-19 13:52:27,992] 39 root - INFO - [Attacker] Label flip: 41 samples class 4 \u2192 class 0
[2026-07-19 13:52:28,000] 39 root - INFO - [Attacker] Label flip: 27 samples class 4 \u2192 class 0
[2026-07-19 13:52:28,008] 39 root - INFO - [Attacker] Label flip: 19 samples class 4 \u2192 class 0
[2026-07-19 13:52:28,018] 39 root - INFO - [Attacker] Label flip: 24 samples class 4 \u2192 class 0
[2026-07-19 13:52:28,026] 39 root - INFO - [Attacker] Label flip: 20 samples class 4 \u2192 class 0
[2026-07-19 13:52:28,032] 39 root - INFO - [Attacker] Label flip: 34 samples class 4 \u2192 class 0
[2026-07-19 13:52:28,040] 39 root - INFO - [Attacker] Label flip: 25 samples class 4 \u2192 class 0
[2026-07-19 13:52:28,050] 39 root - INFO - [Attacker] Label flip: 29 samples class 4 \u2192 class 0
[2026-07-19 13:52:28,057] 39 root - INFO - [Attacker] Label flip: 29 samples class 4 \u2192 class 0
[2026-07-19 13:52:28,065] 39 root - INFO - [Attacker] Label flip: 32 samples class 4 \u2192 class 0
[2026-07-19 13:52:28,071] 39 root - INFO - [Attacker] Label flip: 33 samples class 4 \u2192 class 0
[2026-07-19 13:52:28,079] 39 root - INFO - [Attacker] Label flip: 28 samples class 4 \u2192 class 0
[2026-07-19 13:52:28,091] 39 root - INFO - [Attacker] Label flip: 32 samples class 4 \u2192 class 0
[2026-07-19 13:52:28,099] 39 root - INFO - [Attacker] Label flip: 33 samples class 4 \u2192 class 0
[2026-07-19 13:52:28,107] 39 root - INFO - [Attacker] Label flip: 19 samples class 4 \u2192 class 0
[2026-07-19 13:52:28,115] 39 root - INFO - [Attacker] Label flip: 26 samples class 4 \u2192 class 0
[2026-07-19 13:52:28,123] 39 root - INFO - [Attacker] Label flip: 29 samples class 4 \u2192 class 0
[2026-07-19 13:52:28,131] 39 root - INFO - [Attacker] Label flip: 33 samples class 4 \u2192 class 0
[2026-07-19 13:52:28,139] 39 root - INFO - [Attacker] Label flip: 17 samples class 4 \u2192 class 0
[2026-07-19 13:52:28,147] 39 root - INFO - [Attacker] Label flip: 30 samples class 4 \u2192 class 0
[2026-07-19 13:52:28,154] 39 root - INFO - [Attacker] Label flip: 25 samples class 4 \u2192 class 0
[2026-07-19 13:52:28,162] 39 root - INFO - [Attacker] Label flip: 27 samples class 4 \u2192 class 0
[2026-07-19 13:52:28,170] 39 root - INFO - [Attacker] Label flip: 32 samples class 4 \u2192 class 0
[2026-07-19 13:52:28,178] 39 root - INFO - [Attacker] Label flip: 30 samples class 4 \u2192 class 0
[2026-07-19 13:52:28,186] 39 root - INFO - [Attacker] Label flip: 29 samples class 4 \u2192 class 0
[2026-07-19 13:52:28,194] 39 root - INFO - [Attacker] Label flip: 28 samples class 4 \u2192 class 0
[2026-07-19 13:52:28,202] 39 root - INFO - [Attacker] Label flip: 32 samples class 4 \u2192 class 0
[2026-07-19 13:52:28,210] 39 root - INFO - [Attacker] Label flip: 28 samples class 4 \u2192 class 0
[2026-07-19 13:52:28,217] 39 root - INFO - [Attacker] Label flip: 24 samples class 4 \u2192 class 0
[2026-07-19 13:52:28,225] 39 root - INFO - [Attacker] Label flip: 27 samples class 4 \u2192 class 0
[2026-07-19 13:52:28,233] 39 root - INFO - [Attacker] Label flip: 25 samples class 4 \u2192 class 0
[2026-07-19 13:52:28,241] 39 root - INFO - [Attacker] Label flip: 39 samples class 4 \u2192 class 0
[2026-07-19 13:52:28,249] 39 root - INFO - [Attacker] Label flip: 42 samples class 4 \u2192 class 0
[2026-07-19 13:52:28,259] 39 root - INFO - [Attacker] Label flip: 25 samples class 4 \u2192 class 0
[2026-07-19 13:52:28,267] 39 root - INFO - [Attacker] Label flip: 29 samples class 4 \u2192 class 0
[2026-07-19 13:52:28,275] 39 root - INFO - [Attacker] Label flip: 35 samples class 4 \u2192 class 0
[2026-07-19 13:52:28,283] 39 root - INFO - [Attacker] Label flip: 37 samples class 4 \u2192 class 0
[2026-07-19 13:52:28,293] 39 root - INFO - [Attacker] Label flip: 32 samples class 4 \u2192 class 0
[2026-07-19 13:52:28,299] 39 root - INFO - [Attacker] Label flip: 15 samples class 4 \u2192 class 0
[2026-07-19 13:52:28,306] 39 root - INFO - [Attacker] Label flip: 25 samples class 4 \u2192 class 0
[2026-07-19 13:52:28,314] 39 root - INFO - [Attacker] Label flip: 31 samples class 4 \u2192 class 0
[2026-07-19 13:52:28,322] 39 root - INFO - [Attacker] Label flip: 26 samples class 4 \u2192 class 0
[2026-07-19 13:52:28,330] 39 root - INFO - [Attacker] Label flip: 31 samples class 4 \u2192 class 0
[2026-07-19 13:52:28,338] 39 root - INFO - [Attacker] Label flip: 24 samples class 4 \u2192 class 0
[2026-07-19 13:52:28,346] 39 root - INFO - [Attacker] Label flip: 38 samples class 4 \u2192 class 0
[2026-07-19 13:52:28,354] 39 root - INFO - [Attacker] Label flip: 20 samples class 4 \u2192 class 0
[2026-07-19 13:52:28,360] 39 root - INFO - [Attacker] Label flip: 27 samples class 4 \u2192 class 0
[2026-07-19 13:52:28,368] 39 root - INFO - [Attacker] Label flip: 30 samples class 4 \u2192 class 0
[2026-07-19 13:52:28,376] 39 root - INFO - [Attacker] Label flip: 32 samples class 4 \u2192 class 0
[2026-07-19 13:52:28,385] 39 root - INFO - [Attacker] Label flip: 32 samples class 4 \u2192 class 0
[2026-07-19 13:52:28,395] 39 root - INFO - [Attacker] Label flip: 20 samples class 4 \u2192 class 0
[2026-07-19 13:52:28,402] 39 root - INFO - [Attacker] Label flip: 23 samples class 4 \u2192 class 0
[2026-07-19 13:52:28,410] 39 root - INFO - [Attacker] Label flip: 32 samples class 4 \u2192 class 0
[2026-07-19 13:52:28,417] 39 root - INFO - [Attacker] Label flip: 30 samples class 4 \u2192 class 0
[2026-07-19 13:52:28,427] 39 root - INFO - [Attacker] Label flip: 26 samples class 4 \u2192 class 0
[2026-07-19 13:52:28,435] 39 root - INFO - [Attacker] Label flip: 32 samples class 4 \u2192 class 0
[2026-07-19 13:52:28,443] 39 root - INFO - [Attacker] Label flip: 29 samples class 4 \u2192 class 0
[2026-07-19 13:52:28,451] 39 root - INFO - [Attacker] Label flip: 25 samples class 4 \u2192 class 0
[2026-07-19 13:52:28,471] 39 root - INFO - [Attacker] Label flip: 32 samples class 4 \u2192 class 0
[2026-07-19 13:52:28,479] 39 root - INFO - [Attacker] Label flip: 34 samples class 4 \u2192 class 0
[2026-07-19 13:52:28,487] 39 root - INFO - [Attacker] Label flip: 33 samples class 4 \u2192 class 0
[2026-07-19 13:52:28,493] 39 root - INFO - [Attacker] Label flip: 28 samples class 4 \u2192 class 0
[2026-07-19 13:52:28,505] 39 root - INFO - [Attacker] Label flip: 27 samples class 4 \u2192 class 0
[2026-07-19 13:52:28,514] 39 root - INFO - [Attacker] Label flip: 30 samples class 4 \u2192 class 0
[2026-07-19 13:52:28,522] 39 root - INFO - [Attacker] Label flip: 31 samples class 4 \u2192 class 0
[2026-07-19 13:52:28,530] 39 root - INFO - [Attacker] Label flip: 31 samples class 4 \u2192 class 0
[2026-07-19 13:52:28,540] 39 root - INFO - [Attacker] Label flip: 32 samples class 4 \u2192 class 0
[2026-07-19 13:52:28,548] 39 root - INFO - [Attacker] Label flip: 31 samples class 4 \u2192 class 0
[2026-07-19 13:52:28,556] 39 root - INFO - [Attacker] Label flip: 32 samples class 4 \u2192 class 0
[2026-07-19 13:52:28,564] 39 root - INFO - [Attacker] Label flip: 29 samples class 4 \u2192 class 0
[2026-07-19 13:52:28,574] 39 root - INFO - [Attacker] Label flip: 25 samples class 4 \u2192 class 0
[2026-07-19 13:52:28,584] 39 root - INFO - [Attacker] Label flip: 30 samples class 4 \u2192 class 0
[2026-07-19 13:52:28,591] 39 root - INFO - [Attacker] Label flip: 26 samples class 4 \u2192 class 0
[2026-07-19 13:52:28,597] 39 root - INFO - [Attacker] Label flip: 25 samples class 4 \u2192 class 0
[2026-07-19 13:52:28,606] 39 root - INFO - [Attacker] Label flip: 23 samples class 4 \u2192 class 0
[2026-07-19 13:52:28,615] 39 root - INFO - [Attacker] Label flip: 23 samples class 4 \u2192 class 0
[2026-07-19 13:52:28,623] 39 root - INFO - [Attacker] Label flip: 28 samples class 4 \u2192 class 0
[2026-07-19 13:52:28,631] 39 root - INFO - [Attacker] Label flip: 37 samples class 4 \u2192 class 0
[2026-07-19 13:52:28,639] 39 root - INFO - [Attacker] Label flip: 28 samples class 4 \u2192 class 0
[2026-07-19 13:52:28,647] 39 root - INFO - [Attacker] Label flip: 37 samples class 4 \u2192 class 0
[2026-07-19 13:52:28,655] 39 root - INFO - [Attacker] Label flip: 39 samples class 4 \u2192 class 0
[2026-07-19 13:52:28,663] 39 root - INFO - [Attacker] Label flip: 31 samples class 4 \u2192 class 0
[2026-07-19 13:52:28,671] 39 root - INFO - [Attacker] Label flip: 17 samples class 4 \u2192 class 0
[2026-07-19 13:52:28,679] 39 root - INFO - [Attacker] Label flip: 32 samples class 4 \u2192 class 0
[2026-07-19 13:52:28,687] 39 root - INFO - [Attacker] Label flip: 32 samples class 4 \u2192 class 0
[2026-07-19 13:52:28,695] 39 root - INFO - [Attacker] Label flip: 25 samples class 4 \u2192 class 0
[2026-07-19 13:52:28,703] 39 root - INFO - [Attacker] Label flip: 27 samples class 4 \u2192 class 0
[2026-07-19 13:52:28,711] 39 root - INFO - [Attacker] Label flip: 26 samples class 4 \u2192 class 0
[2026-07-19 13:52:28,720] 39 root - INFO - [Attacker] Label flip: 29 samples class 4 \u2192 class 0
[2026-07-19 13:52:28,727] 39 root - INFO - [Attacker] Label flip: 30 samples class 4 \u2192 class 0
[2026-07-19 13:52:28,735] 39 root - INFO - [Attacker] Label flip: 24 samples class 4 \u2192 class 0
[2026-07-19 13:52:28,744] 39 root - INFO - [Attacker] Label flip: 30 samples class 4 \u2192 class 0
[2026-07-19 13:52:28,752] 39 root - INFO - [Attacker] Label flip: 35 samples class 4 \u2192 class 0
[2026-07-19 13:52:28,761] 39 root - INFO - [Attacker] Label flip: 31 samples class 4 \u2192 class 0
[2026-07-19 13:52:28,769] 39 root - INFO - [Attacker] Label flip: 25 samples class 4 \u2192 class 0
[2026-07-19 13:52:28,776] 39 root - INFO - [Attacker] Label flip: 29 samples class 4 \u2192 class 0
[2026-07-19 13:52:28,784] 39 root - INFO - [Attacker] Label flip: 27 samples class 4 \u2192 class 0
[2026-07-19 13:52:28,793] 39 root - INFO - [Attacker] Label flip: 26 samples class 4 \u2192 class 0
[2026-07-19 13:52:28,801] 39 root - INFO - [Attacker] Label flip: 32 samples class 4 \u2192 class 0
[2026-07-19 13:52:28,809] 39 root - INFO - [Attacker] Label flip: 32 samples class 4 \u2192 class 0
[2026-07-19 13:52:28,818] 39 root - INFO - [Attacker] Label flip: 28 samples class 4 \u2192 class 0
[2026-07-19 13:52:28,826] 39 root - INFO - [Attacker] Label flip: 23 samples class 4 \u2192 class 0
[2026-07-19 13:52:28,834] 39 root - INFO - [Attacker] Label flip: 35 samples class 4 \u2192 class 0
[2026-07-19 13:52:28,841] 39 root - INFO - [Attacker] Label flip: 25 samples class 4 \u2192 class 0
[2026-07-19 13:52:28,852] 39 root - INFO - [Attacker] Label flip: 26 samples class 4 \u2192 class 0
[2026-07-19 13:52:28,861] 39 root - INFO - [Attacker] Label flip: 25 samples class 4 \u2192 class 0
[2026-07-19 13:52:28,868] 39 root - INFO - [Attacker] Label flip: 36 samples class 4 \u2192 class 0
[2026-07-19 13:52:28,876] 39 root - INFO - [Attacker] Label flip: 20 samples class 4 \u2192 class 0
[2026-07-19 13:52:28,884] 39 root - INFO - [Attacker] Label flip: 31 samples class 4 \u2192 class 0
[2026-07-19 13:52:28,892] 39 root - INFO - [Attacker] Label flip: 31 samples class 4 \u2192 class 0
[2026-07-19 13:52:28,900] 39 root - INFO - [Attacker] Label flip: 22 samples class 4 \u2192 class 0
[2026-07-19 13:52:28,908] 39 root - INFO - [Attacker] Label flip: 26 samples class 4 \u2192 class 0
[2026-07-19 13:52:28,918] 39 root - INFO - [Attacker] Label flip: 23 samples class 4 \u2192 class 0
[2026-07-19 13:52:28,926] 39 root - INFO - [Attacker] Label flip: 22 samples class 4 \u2192 class 0
[2026-07-19 13:52:28,933] 39 root - INFO - [Attacker] Label flip: 29 samples class 4 \u2192 class 0
[2026-07-19 13:52:28,941] 39 root - INFO - [Attacker] Label flip: 24 samples class 4 \u2192 class 0
[2026-07-19 13:52:28,949] 39 root - INFO - [Attacker] Label flip: 24 samples class 4 \u2192 class 0
[2026-07-19 13:52:28,957] 39 root - INFO - [Attacker] Label flip: 24 samples class 4 \u2192 class 0
[2026-07-19 13:52:28,963] 39 root - INFO - [Attacker] Label flip: 34 samples class 4 \u2192 class 0
[2026-07-19 13:52:28,971] 39 root - INFO - [Attacker] Label flip: 27 samples class 4 \u2192 class 0
[2026-07-19 13:52:28,981] 39 root - INFO - [Attacker] Label flip: 44 samples class 4 \u2192 class 0
[2026-07-19 13:52:28,989] 39 root - INFO - [Attacker] Label flip: 26 samples class 4 \u2192 class 0
[2026-07-19 13:52:28,996] 39 root - INFO - [Attacker] Label flip: 32 samples class 4 \u2192 class 0
[2026-07-19 13:52:29,002] 39 root - INFO - [Attacker] Label flip: 36 samples class 4 \u2192 class 0
[2026-07-19 13:52:29,012] 39 root - INFO - [Attacker] Label flip: 33 samples class 4 \u2192 class 0
[2026-07-19 13:52:29,020] 39 root - INFO - [Attacker] Label flip: 31 samples class 4 \u2192 class 0
[2026-07-19 13:52:29,028] 39 root - INFO - [Attacker] Label flip: 25 samples class 4 \u2192 class 0
[2026-07-19 13:52:29,034] 39 root - INFO - [Attacker] Label flip: 25 samples class 4 \u2192 class 0
[2026-07-19 13:52:29,042] 39 root - INFO - [Attacker] Label flip: 31 samples class 4 \u2192 class 0
[2026-07-19 13:52:29,050] 39 root - INFO - [Attacker] Label flip: 26 samples class 4 \u2192 class 0
[2026-07-19 13:52:29,058] 39 root - INFO - [Attacker] Label flip: 25 samples class 4 \u2192 class 0
[2026-07-19 13:52:29,065] 39 root - INFO - [Attacker] Label flip: 22 samples class 4 \u2192 class 0
[2026-07-19 13:52:29,073] 39 root - INFO - [Attacker] Label flip: 33 samples class 4 \u2192 class 0
[2026-07-19 13:52:29,081] 39 root - INFO - [Attacker] Label flip: 23 samples class 4 \u2192 class 0
[2026-07-19 13:52:29,089] 39 root - INFO - [Attacker] Label flip: 34 samples class 4 \u2192 class 0
[2026-07-19 13:52:29,097] 39 root - INFO - [Attacker] Label flip: 31 samples class 4 \u2192 class 0
[2026-07-19 13:52:29,107] 39 root - INFO - [Attacker] Label flip: 21 samples class 4 \u2192 class 0
[2026-07-19 13:52:29,115] 39 root - INFO - [Attacker] Label flip: 34 samples class 4 \u2192 class 0
[2026-07-19 13:52:29,123] 39 root - INFO - [Attacker] Label flip: 26 samples class 4 \u2192 class 0
[2026-07-19 13:52:29,131] 39 root - INFO - [Attacker] Label flip: 28 samples class 4 \u2192 class 0
[2026-07-19 13:52:29,136] 39 root - INFO - [Attacker] Label flip: 34 samples class 4 \u2192 class 0
[2026-07-19 13:52:29,146] 39 root - INFO - [Attacker] Label flip: 26 samples class 4 \u2192 class 0
[2026-07-19 13:52:29,154] 39 root - INFO - [Attacker] Label flip: 32 samples class 4 \u2192 class 0
[2026-07-19 13:52:29,160] 39 root - INFO - [Attacker] Label flip: 22 samples class 4 \u2192 class 0
[2026-07-19 13:52:29,168] 39 root - INFO - [Attacker] Label flip: 27 samples class 4 \u2192 class 0
[2026-07-19 13:52:29,176] 39 root - INFO - [Attacker] Label flip: 33 samples class 4 \u2192 class 0
[2026-07-19 13:52:29,185] 39 root - INFO - [Attacker] Label flip: 30 samples class 4 \u2192 class 0
[2026-07-19 13:52:29,193] 39 root - INFO - [Attacker] Label flip: 29 samples class 4 \u2192 class 0
[2026-07-19 13:52:29,201] 39 root - INFO - [Attacker] Label flip: 28 samples class 4 \u2192 class 0
[2026-07-19 13:52:29,209] 39 root - INFO - [Attacker] Label flip: 27 samples class 4 \u2192 class 0
[2026-07-19 13:52:29,216] 39 root - INFO - [Attacker] Label flip: 27 samples class 4 \u2192 class 0
[2026-07-19 13:52:29,224] 39 root - INFO - [Attacker] Label flip: 25 samples class 4 \u2192 class 0
[2026-07-19 13:52:29,232] 39 root - INFO - [Attacker] Label flip: 29 samples class 4 \u2192 class 0
[2026-07-19 13:52:29,240] 39 root - INFO - [Attacker] Label flip: 28 samples class 4 \u2192 class 0
[2026-07-19 13:52:29,248] 39 root - INFO - [Attacker] Label flip: 34 samples class 4 \u2192 class 0
[2026-07-19 13:52:29,256] 39 root - INFO - [Attacker] Label flip: 30 samples class 4 \u2192 class 0
[2026-07-19 13:52:29,264] 39 root - INFO - [Attacker] Label flip: 32 samples class 4 \u2192 class 0
[2026-07-19 13:52:29,274] 39 root - INFO - [Attacker] Label flip: 26 samples class 4 \u2192 class 0
[2026-07-19 13:52:29,281] 39 root - INFO - [Attacker] Label flip: 38 samples class 4 \u2192 class 0
[2026-07-19 13:52:29,289] 39 root - INFO - [Attacker] Label flip: 23 samples class 4 \u2192 class 0
[2026-07-19 13:52:29,297] 39 root - INFO - [Attacker] Label flip: 29 samples class 4 \u2192 class 0
[2026-07-19 13:52:29,305] 39 root - INFO - [Attacker] Label flip: 28 samples class 4 \u2192 class 0
[2026-07-19 13:52:29,313] 39 root - INFO - [Attacker] Label flip: 31 samples class 4 \u2192 class 0
[2026-07-19 13:52:29,321] 39 root - INFO - [Attacker] Label flip: 33 samples class 4 \u2192 class 0
[2026-07-19 13:52:29,329] 39 root - INFO - [Attacker] Label flip: 27 samples class 4 \u2192 class 0
[2026-07-19 13:52:29,339] 39 root - INFO - [Attacker] Label flip: 24 samples class 4 \u2192 class 0
[2026-07-19 13:52:29,347] 39 root - INFO - [Attacker] Label flip: 36 samples class 4 \u2192 class 0
[2026-07-19 13:52:29,353] 39 root - INFO - [Attacker] Label flip: 28 samples class 4 \u2192 class 0
[2026-07-19 13:52:29,364] 39 root - INFO - [Attacker] Label flip: 16 samples class 4 \u2192 class 0
[2026-07-19 13:52:29,374] 39 root - INFO - [Attacker] Label flip: 31 samples class 4 \u2192 class 0
[2026-07-19 13:52:29,380] 39 root - INFO - [Attacker] Label flip: 27 samples class 4 \u2192 class 0
[2026-07-19 13:52:29,388] 39 root - INFO - [Attacker] Label flip: 27 samples class 4 \u2192 class 0
[2026-07-19 13:52:29,396] 39 root - INFO - [Attacker] Label flip: 28 samples class 4 \u2192 class 0
[2026-07-19 13:52:29,406] 39 root - INFO - [Attacker] Label flip: 39 samples class 4 \u2192 class 0
[2026-07-19 13:52:29,414] 39 root - INFO - [Attacker] Label flip: 28 samples class 4 \u2192 class 0
[2026-07-19 13:52:29,421] 39 root - INFO - [Attacker] Label flip: 27 samples class 4 \u2192 class 0
[2026-07-19 13:52:29,427] 39 root - INFO - [Attacker] Label flip: 23 samples class 4 \u2192 class 0
[2026-07-19 13:52:29,435] 39 root - INFO - [Attacker] Label flip: 32 samples class 4 \u2192 class 0
[2026-07-19 13:52:29,443] 39 root - INFO - [Attacker] Label flip: 23 samples class 4 \u2192 class 0
[2026-07-19 13:52:29,451] 39 root - INFO - [Attacker] Label flip: 18 samples class 4 \u2192 class 0
[2026-07-19 13:52:29,459] 39 root - INFO - [Attacker] Label flip: 41 samples class 4 \u2192 class 0
[2026-07-19 13:52:29,467] 39 root - INFO - [Attacker] Label flip: 35 samples class 4 \u2192 class 0
[2026-07-19 13:52:29,475] 39 root - INFO - [Attacker] Label flip: 31 samples class 4 \u2192 class 0
[2026-07-19 13:52:29,483] 39 root - INFO - [Attacker] Label flip: 20 samples class 4 \u2192 class 0
[2026-07-19 13:52:29,491] 39 root - INFO - [Attacker] Label flip: 24 samples class 4 \u2192 class 0
[2026-07-19 13:52:29,498] 39 root - INFO - [Attacker] Label flip: 30 samples class 4 \u2192 class 0
[2026-07-19 13:52:29,506] 39 root - INFO - [Attacker] Label flip: 27 samples class 4 \u2192 class 0
[2026-07-19 13:52:29,514] 39 root - INFO - [Attacker] Label flip: 32 samples class 4 \u2192 class 0
[2026-07-19 13:52:29,522] 39 root - INFO - [Attacker] Label flip: 31 samples class 4 \u2192 class 0
[2026-07-19 13:52:29,530] 39 root - INFO - [Attacker] Label flip: 22 samples class 4 \u2192 class 0
[2026-07-19 13:52:29,540] 39 root - INFO - [Attacker] Label flip: 23 samples class 4 \u2192 class 0
[2026-07-19 13:52:29,548] 39 root - INFO - [Attacker] Label flip: 33 samples class 4 \u2192 class 0
[2026-07-19 13:52:29,556] 39 root - INFO - [Attacker] Label flip: 26 samples class 4 \u2192 class 0
[2026-07-19 13:52:29,564] 39 root - INFO - [Attacker] Label flip: 23 samples class 4 \u2192 class 0
[2026-07-19 13:52:29,570] 39 root - INFO - [Attacker] Label flip: 32 samples class 4 \u2192 class 0
[2026-07-19 13:52:29,577] 39 root - INFO - [Attacker] Label flip: 25 samples class 4 \u2192 class 0
[2026-07-19 13:52:29,585] 39 root - INFO - [Attacker] Label flip: 23 samples class 4 \u2192 class 0
[2026-07-19 13:52:29,593] 39 root - INFO - [Attacker] Label flip: 32 samples class 4 \u2192 class 0
[2026-07-19 13:52:29,601] 39 root - INFO - [Attacker] Label flip: 30 samples class 4 \u2192 class 0
[2026-07-19 13:52:29,609] 39 root - INFO - [Attacker] Label flip: 25 samples class 4 \u2192 class 0
[2026-07-19 13:52:29,617] 39 root - INFO - [Attacker] Label flip: 32 samples class 4 \u2192 class 0
[2026-07-19 13:52:29,625] 39 root - INFO - [Attacker] Label flip: 41 samples class 4 \u2192 class 0
[2026-07-19 13:52:29,632] 39 root - INFO - [Attacker] Label flip: 31 samples class 4 \u2192 class 0
[2026-07-19 13:52:29,642] 39 root - INFO - [Attacker] Label flip: 32 samples class 4 \u2192 class 0
[2026-07-19 13:52:29,650] 39 root - INFO - [Attacker] Label flip: 31 samples class 4 \u2192 class 0
[2026-07-19 13:52:29,658] 39 root - INFO - [Attacker] Label flip: 32 samples class 4 \u2192 class 0
[2026-07-19 13:52:29,666] 39 root - INFO - [Attacker] Label flip: 33 samples class 4 \u2192 class 0
[2026-07-19 13:52:29,676] 39 root - INFO - [Attacker] Label flip: 32 samples class 4 \u2192 class 0
[2026-07-19 13:52:29,684] 39 root - INFO - [Attacker] Label flip: 23 samples class 4 \u2192 class 0
[2026-07-19 13:52:29,692] 39 root - INFO - [Attacker] Label flip: 26 samples class 4 \u2192 class 0
[2026-07-19 13:52:29,700] 39 root - INFO - [Attacker] Label flip: 29 samples class 4 \u2192 class 0
[2026-07-19 13:52:29,708] 39 root - INFO - [Attacker] Label flip: 22 samples class 4 \u2192 class 0
[2026-07-19 13:52:29,716] 39 root - INFO - [Attacker] Label flip: 30 samples class 4 \u2192 class 0
[2026-07-19 13:52:29,724] 39 root - INFO - [Attacker] Label flip: 28 samples class 4 \u2192 class 0
[2026-07-19 13:52:29,731] 39 root - INFO - [Attacker] Label flip: 40 samples class 4 \u2192 class 0
[2026-07-19 13:52:29,740] 39 root - INFO - [Attacker] Label flip: 25 samples class 4 \u2192 class 0
[2026-07-19 13:52:29,747] 39 root - INFO - [Attacker] Label flip: 22 samples class 4 \u2192 class 0
[2026-07-19 13:52:29,755] 39 root - INFO - [Attacker] Label flip: 28 samples class 4 \u2192 class 0
[2026-07-19 13:52:29,763] 39 root - INFO - [Attacker] Label flip: 25 samples class 4 \u2192 class 0
[2026-07-19 13:52:29,771] 39 root - INFO - [Attacker] Label flip: 25 samples class 4 \u2192 class 0
[2026-07-19 13:52:29,778] 39 root - INFO - [Attacker] Label flip: 25 samples class 4 \u2192 class 0
[2026-07-19 13:52:29,784] 39 root - INFO - [Attacker] Label flip: 30 samples class 4 \u2192 class 0
[2026-07-19 13:52:29,792] 39 root - INFO - [Attacker] Label flip: 20 samples class 4 \u2192 class 0
[2026-07-19 13:52:29,800] 39 root - INFO - [Attacker] Label flip: 41 samples class 4 \u2192 class 0
[2026-07-19 13:52:29,808] 39 root - INFO - [Attacker] Label flip: 36 samples class 4 \u2192 class 0
[2026-07-19 13:52:29,816] 39 root - INFO - [Attacker] Label flip: 27 samples class 4 \u2192 class 0
[2026-07-19 13:52:29,824] 39 root - INFO - [Attacker] Label flip: 30 samples class 4 \u2192 class 0
[2026-07-19 13:52:29,832] 39 root - INFO - [Attacker] Label flip: 41 samples class 4 \u2192 class 0
[2026-07-19 13:52:29,842] 39 root - INFO - [Attacker] Label flip: 30 samples class 4 \u2192 class 0
[2026-07-19 13:52:29,848] 39 root - INFO - [Attacker] Label flip: 31 samples class 4 \u2192 class 0
[2026-07-19 13:52:29,855] 39 root - INFO - [Attacker] Label flip: 22 samples class 4 \u2192 class 0
[2026-07-19 13:52:29,863] 39 root - INFO - [Attacker] Label flip: 31 samples class 4 \u2192 class 0
[2026-07-19 13:52:29,871] 39 root - INFO - [Attacker] Label flip: 27 samples class 4 \u2192 class 0
[2026-07-19 13:52:29,879] 39 root - INFO - [Attacker] Label flip: 26 samples class 4 \u2192 class 0
[2026-07-19 13:52:29,887] 39 root - INFO - [Attacker] Label flip: 21 samples class 4 \u2192 class 0
[2026-07-19 13:52:29,895] 39 root - INFO - [Attacker] Label flip: 35 samples class 4 \u2192 class 0
[2026-07-19 13:52:29,903] 39 root - INFO - [Attacker] Label flip: 28 samples class 4 \u2192 class 0
[2026-07-19 13:52:29,911] 39 root - INFO - [Attacker] Label flip: 25 samples class 4 \u2192 class 0
[2026-07-19 13:52:29,919] 39 root - INFO - [Attacker] Label flip: 32 samples class 4 \u2192 class 0
[2026-07-19 13:52:29,927] 39 root - INFO - [Attacker] Label flip: 20 samples class 4 \u2192 class 0
[2026-07-19 13:52:29,934] 39 root - INFO - [Attacker] Label flip: 33 samples class 4 \u2192 class 0
[2026-07-19 13:52:29,942] 39 root - INFO - [Attacker] Label flip: 27 samples class 4 \u2192 class 0
[2026-07-19 13:52:29,950] 39 root - INFO - [Attacker] Label flip: 32 samples class 4 \u2192 class 0
[2026-07-19 13:52:29,958] 39 root - INFO - [Attacker] Label flip: 29 samples class 4 \u2192 class 0
[2026-07-19 13:52:29,968] 39 root - INFO - [Attacker] Label flip: 23 samples class 4 \u2192 class 0
[2026-07-19 13:52:29,976] 39 root - INFO - [Attacker] Label flip: 27 samples class 4 \u2192 class 0
[2026-07-19 13:52:29,984] 39 root - INFO - [Attacker] Label flip: 30 samples class 4 \u2192 class 0
[2026-07-19 13:52:29,992] 39 root - INFO - [Attacker] Label flip: 21 samples class 4 \u2192 class 0
[2026-07-19 13:52:29,999] 39 root - INFO - [Attacker] Label flip: 30 samples class 4 \u2192 class 0
[2026-07-19 13:52:30,007] 39 root - INFO - [Attacker] Label flip: 34 samples class 4 \u2192 class 0
[2026-07-19 13:52:30,015] 39 root - INFO - [Attacker] Label flip: 38 samples class 4 \u2192 class 0
[2026-07-19 13:52:30,023] 39 root - INFO - [Attacker] Label flip: 21 samples class 4 \u2192 class 0
[2026-07-19 13:52:30,029] 39 root - INFO - [Attacker] Label flip: 29 samples class 4 \u2192 class 0
[2026-07-19 13:52:30,039] 39 root - INFO - [Attacker] Label flip: 19 samples class 4 \u2192 class 0
[2026-07-19 13:52:30,047] 39 root - INFO - [Attacker] Label flip: 35 samples class 4 \u2192 class 0
[2026-07-19 13:52:30,055] 39 root - INFO - [Attacker] Label flip: 37 samples class 4 \u2192 class 0
[2026-07-19 13:52:30,063] 39 root - INFO - [Attacker] Label flip: 41 samples class 4 \u2192 class 0
[2026-07-19 13:52:30,071] 39 root - INFO - [Attacker] Label flip: 37 samples class 4 \u2192 class 0
[2026-07-19 13:52:30,078] 39 root - INFO - [Attacker] Label flip: 24 samples class 4 \u2192 class 0
[2026-07-19 13:52:30,086] 39 root - INFO - [Attacker] Label flip: 31 samples class 4 \u2192 class 0
[2026-07-19 13:52:30,094] 39 root - INFO - [Attacker] Label flip: 26 samples class 4 \u2192 class 0
[2026-07-19 13:52:30,104] 39 root - INFO - [Attacker] Label flip: 27 samples class 4 \u2192 class 0
[2026-07-19 13:52:30,112] 39 root - INFO - [Attacker] Label flip: 25 samples class 4 \u2192 class 0
[2026-07-19 13:52:30,120] 39 root - INFO - [Attacker] Label flip: 25 samples class 4 \u2192 class 0
[2026-07-19 13:52:30,126] 39 root - INFO - [Attacker] Label flip: 30 samples class 4 \u2192 class 0
[2026-07-19 13:52:30,135] 39 root - INFO - [Attacker] Label flip: 27 samples class 4 \u2192 class 0
[2026-07-19 13:52:30,143] 39 root - INFO - [Attacker] Label flip: 22 samples class 4 \u2192 class 0
[2026-07-19 13:52:30,151] 39 root - INFO - [Attacker] Label flip: 24 samples class 4 \u2192 class 0
[2026-07-19 13:52:30,157] 39 root - INFO - [Attacker] Label flip: 23 samples class 4 \u2192 class 0
[2026-07-19 13:52:30,167] 39 root - INFO - [Attacker] Label flip: 36 samples class 4 \u2192 class 0
[2026-07-19 13:52:30,175] 39 root - INFO - [Attacker] Label flip: 25 samples class 4 \u2192 class 0
[2026-07-19 13:52:30,183] 39 root - INFO - [Attacker] Label flip: 28 samples class 4 \u2192 class 0
[2026-07-19 13:52:30,191] 39 root - INFO - [Attacker] Label flip: 33 samples class 4 \u2192 class 0
[2026-07-19 13:52:30,199] 39 root - INFO - [Attacker] Label flip: 33 samples class 4 \u2192 class 0
[2026-07-19 13:52:30,207] 39 root - INFO - [Attacker] Label flip: 26 samples class 4 \u2192 class 0
[2026-07-19 13:52:30,214] 39 root - INFO - [Attacker] Label flip: 30 samples class 4 \u2192 class 0
[2026-07-19 13:52:30,222] 39 root - INFO - [Attacker] Label flip: 23 samples class 4 \u2192 class 0
[2026-07-19 13:52:30,230] 39 root - INFO - [Attacker] Label flip: 25 samples class 4 \u2192 class 0
[2026-07-19 13:52:30,238] 39 root - INFO - [Attacker] Label flip: 26 samples class 4 \u2192 class 0
[2026-07-19 13:52:30,247] 39 root - INFO - [Attacker] Label flip: 25 samples class 4 \u2192 class 0
[2026-07-19 13:52:30,255] 39 root - INFO - [Attacker] Label flip: 35 samples class 4 \u2192 class 0
[2026-07-19 13:52:30,264] 39 root - INFO - [Attacker] Label flip: 27 samples class 4 \u2192 class 0
[2026-07-19 13:52:30,272] 39 root - INFO - [Attacker] Label flip: 24 samples class 4 \u2192 class 0
[2026-07-19 13:52:30,280] 39 root - INFO - [Attacker] Label flip: 28 samples class 4 \u2192 class 0
[2026-07-19 13:52:30,288] 39 root - INFO - [Attacker] Label flip: 31 samples class 4 \u2192 class 0
[2026-07-19 13:52:30,296] 39 root - INFO - [Attacker] Label flip: 25 samples class 4 \u2192 class 0
[2026-07-19 13:52:30,304] 39 root - INFO - [Attacker] Label flip: 28 samples class 4 \u2192 class 0
[2026-07-19 13:52:30,312] 39 root - INFO - [Attacker] Label flip: 30 samples class 4 \u2192 class 0
[2026-07-19 13:52:30,320] 39 root - INFO - [Attacker] Label flip: 30 samples class 4 \u2192 class 0
[2026-07-19 13:52:30,328] 39 root - INFO - [Attacker] Label flip: 20 samples class 4 \u2192 class 0
[2026-07-19 13:52:30,338] 39 root - INFO - [Attacker] Label flip: 23 samples class 4 \u2192 class 0
[2026-07-19 13:52:30,345] 39 root - INFO - [Attacker] Label flip: 24 samples class 4 \u2192 class 0
[2026-07-19 13:52:30,353] 39 root - INFO - [Attacker] Label flip: 34 samples class 4 \u2192 class 0
[2026-07-19 13:52:30,361] 39 root - INFO - [Attacker] Label flip: 32 samples class 4 \u2192 class 0
[2026-07-19 13:52:30,371] 39 root - INFO - [Attacker] Label flip: 29 samples class 4 \u2192 class 0
[2026-07-19 13:52:30,379] 39 root - INFO - [Attacker] Label flip: 29 samples class 4 \u2192 class 0
[2026-07-19 13:52:30,387] 39 root - INFO - [Attacker] Label flip: 28 samples class 4 \u2192 class 0
[2026-07-19 13:52:30,395] 39 root - INFO - [Attacker] Label flip: 27 samples class 4 \u2192 class 0
[2026-07-19 13:52:30,403] 39 root - INFO - [Attacker] Label flip: 26 samples class 4 \u2192 class 0
[2026-07-19 13:52:30,411] 39 root - INFO - [Attacker] Label flip: 24 samples class 4 \u2192 class 0
[2026-07-19 13:52:30,418] 39 root - INFO - [Attacker] Label flip: 29 samples class 4 \u2192 class 0
[2026-07-19 13:52:30,426] 39 root - INFO - [Attacker] Label flip: 29 samples class 4 \u2192 class 0
[2026-07-19 13:52:30,436] 39 root - INFO - [Attacker] Label flip: 38 samples class 4 \u2192 class 0
[2026-07-19 13:52:30,444] 39 root - INFO - [Attacker] Label flip: 31 samples class 4 \u2192 class 0
[2026-07-19 13:52:30,452] 39 root - INFO - [Attacker] Label flip: 26 samples class 4 \u2192 class 0
[2026-07-19 13:52:30,460] 39 root - INFO - [Attacker] Label flip: 33 samples class 4 \u2192 class 0
[2026-07-19 13:52:30,472] 39 root - INFO - [Attacker] Label flip: 22 samples class 4 \u2192 class 0
[2026-07-19 13:52:30,479] 39 root - INFO - [Attacker] Label flip: 31 samples class 4 \u2192 class 0
[2026-07-19 13:52:30,488] 39 root - INFO - [Attacker] Label flip: 27 samples class 4 \u2192 class 0
[2026-07-19 13:52:30,496] 39 root - INFO - [Attacker] Label flip: 32 samples class 4 \u2192 class 0
[2026-07-19 13:52:30,504] 39 root - INFO - [Attacker] Label flip: 29 samples class 4 \u2192 class 0
[2026-07-19 13:52:30,512] 39 root - INFO - [Attacker] Label flip: 31 samples class 4 \u2192 class 0
[2026-07-19 13:52:30,520] 39 root - INFO - [Attacker] Label flip: 41 samples class 4 \u2192 class 0
[2026-07-19 13:52:30,528] 39 root - INFO - [Attacker] Label flip: 27 samples class 4 \u2192 class 0
[2026-07-19 13:52:30,537] 39 root - INFO - [Attacker] Label flip: 35 samples class 4 \u2192 class 0
[2026-07-19 13:52:30,546] 39 root - INFO - [Attacker] Label flip: 24 samples class 4 \u2192 class 0
[2026-07-19 13:52:30,554] 39 root - INFO - [Attacker] Label flip: 33 samples class 4 \u2192 class 0
[2026-07-19 13:52:30,562] 39 root - INFO - [Attacker] Label flip: 26 samples class 4 \u2192 class 0
[2026-07-19 13:52:30,571] 39 root - INFO - [Attacker] Label flip: 23 samples class 4 \u2192 class 0
[2026-07-19 13:52:30,639] 39 root - INFO - [Attacker] Label flip: 31 samples class 4 \u2192 class 0
[2026-07-19 13:52:30,647] 39 root - INFO - [Attacker] Label flip: 21 samples class 4 \u2192 class 0
[2026-07-19 13:52:30,655] 39 root - INFO - [Attacker] Label flip: 23 samples class 4 \u2192 class 0
[2026-07-19 13:52:30,690] 39 root - INFO - [Attacker] Label flip: 19 samples class 4 \u2192 class 0
[2026-07-19 13:52:30,700] 39 root - INFO - [Attacker] Label flip: 31 samples class 4 \u2192 class 0
[2026-07-19 13:52:30,708] 39 root - INFO - [Attacker] Label flip: 35 samples class 4 \u2192 class 0
[2026-07-19 13:52:30,716] 39 root - INFO - [Attacker] Label flip: 30 samples class 4 \u2192 class 0
[2026-07-19 13:52:30,723] 39 root - INFO - [Attacker] Label flip: 36 samples class 4 \u2192 class 0
[2026-07-19 13:52:30,731] 39 root - INFO - [Attacker] Label flip: 26 samples class 4 \u2192 class 0
[2026-07-19 13:52:30,739] 39 root - INFO - [Attacker] Label flip: 22 samples class 4 \u2192 class 0
[2026-07-19 13:52:30,747] 39 root - INFO - [Attacker] Label flip: 27 samples class 4 \u2192 class 0
[2026-07-19 13:52:30,755] 39 root - INFO - [Attacker] Label flip: 32 samples class 4 \u2192 class 0
[2026-07-19 13:52:30,763] 39 root - INFO - [Attacker] Label flip: 31 samples class 4 \u2192 class 0
[2026-07-19 13:52:30,772] 39 root - INFO - [Attacker] Label flip: 30 samples class 4 \u2192 class 0
[2026-07-19 13:52:30,781] 39 root - INFO - [Attacker] Label flip: 21 samples class 4 \u2192 class 0
[2026-07-19 13:52:30,787] 39 root - INFO - [Attacker] Label flip: 32 samples class 4 \u2192 class 0
[2026-07-19 13:52:30,795] 39 root - INFO - [Attacker] Label flip: 28 samples class 4 \u2192 class 0
[2026-07-19 13:52:30,803] 39 root - INFO - [Attacker] Label flip: 26 samples class 4 \u2192 class 0
[2026-07-19 13:52:30,810] 39 root - INFO - [Attacker] Label flip: 35 samples class 4 \u2192 class 0
[2026-07-19 13:52:30,818] 39 root - INFO - [Attacker] Label flip: 32 samples class 4 \u2192 class 0
[2026-07-19 13:52:30,828] 39 root - INFO - [Attacker] Label flip: 29 samples class 4 \u2192 class 0
[2026-07-19 13:52:30,836] 39 root - INFO - [Attacker] Label flip: 36 samples class 4 \u2192 class 0
[2026-07-19 13:52:30,844] 39 root - INFO - [Attacker] Label flip: 32 samples class 4 \u2192 class 0
[2026-07-19 13:52:30,852] 39 root - INFO - [Attacker] Label flip: 32 samples class 4 \u2192 class 0
[2026-07-19 13:52:30,860] 39 root - INFO - [Attacker] Label flip: 36 samples class 4 \u2192 class 0
[2026-07-19 13:52:30,868] 39 root - INFO - [Attacker] Label flip: 23 samples class 4 \u2192 class 0
[2026-07-19 13:52:30,876] 39 root - INFO - [Attacker] Label flip: 23 samples class 4 \u2192 class 0
[2026-07-19 13:52:30,883] 39 root - INFO - [Attacker] Label flip: 23 samples class 4 \u2192 class 0
[2026-07-19 13:52:30,891] 39 root - INFO - [Attacker] Label flip: 29 samples class 4 \u2192 class 0
[2026-07-19 13:52:30,903] 39 root - INFO - [Attacker] Label flip: 31 samples class 4 \u2192 class 0
[2026-07-19 13:52:30,906] 268 flwr - WARNING - DEPRECATED FEATURE: `client_fn` now expects a signature `def client_fn(context: Context)`.The provided `client_fn` has signature: {'cid': <Parameter "cid: str">}. You can import the `Context` like this: `from flwr.common import Context`

            This is a deprecated feature. It will be removed
            entirely in future versions of Flower.
        
[2026-07-19 13:52:30,912] 39 root - INFO - [Attacker] Label flip: 31 samples class 4 \u2192 class 0
[2026-07-19 13:52:30,921] 39 root - INFO - [Attacker] Label flip: 34 samples class 4 \u2192 class 0
[2026-07-19 13:52:30,931] 39 root - INFO - [Attacker] Label flip: 23 samples class 4 \u2192 class 0
[2026-07-19 13:52:30,939] 39 root - INFO - [Attacker] Label flip: 21 samples class 4 \u2192 class 0
[2026-07-19 13:52:30,947] 39 root - INFO - [Attacker] Label flip: 27 samples class 4 \u2192 class 0
[2026-07-19 13:52:30,955] 39 root - INFO - [Attacker] Label flip: 34 samples class 4 \u2192 class 0
[2026-07-19 13:52:30,961] 39 root - INFO - [Attacker] Label flip: 32 samples class 4 \u2192 class 0
[2026-07-19 13:52:30,969] 39 root - INFO - [Attacker] Label flip: 33 samples class 4 \u2192 class 0
[2026-07-19 13:52:30,976] 39 root - INFO - [Attacker] Label flip: 26 samples class 4 \u2192 class 0
[2026-07-19 13:52:30,984] 39 root - INFO - [Attacker] Label flip: 23 samples class 4 \u2192 class 0
[2026-07-19 13:52:30,992] 39 root - INFO - [Attacker] Label flip: 24 samples class 4 \u2192 class 0
[2026-07-19 13:52:31,002] 39 root - INFO - [Attacker] Label flip: 29 samples class 4 \u2192 class 0
[2026-07-19 13:52:31,010] 39 root - INFO - [Attacker] Label flip: 33 samples class 4 \u2192 class 0
[2026-07-19 13:52:31,016] 39 root - INFO - [Attacker] Label flip: 26 samples class 4 \u2192 class 0
[2026-07-19 13:52:31,027] 39 root - INFO - [Attacker] Label flip: 33 samples class 4 \u2192 class 0
[2026-07-19 13:52:31,038] 39 root - INFO - [Attacker] Label flip: 29 samples class 4 \u2192 class 0
[2026-07-19 13:52:31,046] 39 root - INFO - [Attacker] Label flip: 33 samples class 4 \u2192 class 0
[2026-07-19 13:52:31,054] 39 root - INFO - [Attacker] Label flip: 32 samples class 4 \u2192 class 0
[2026-07-19 13:52:31,060] 39 root - INFO - [Attacker] Label flip: 28 samples class 4 \u2192 class 0
[2026-07-19 13:52:31,068] 39 root - INFO - [Attacker] Label flip: 27 samples class 4 \u2192 class 0
[2026-07-19 13:52:31,076] 39 root - INFO - [Attacker] Label flip: 36 samples class 4 \u2192 class 0
[2026-07-19 13:52:31,084] 39 root - INFO - [Attacker] Label flip: 23 samples class 4 \u2192 class 0
[2026-07-19 13:52:31,092] 39 root - INFO - [Attacker] Label flip: 30 samples class 4 \u2192 class 0
[2026-07-19 13:52:31,098] 39 root - INFO - [Attacker] Label flip: 30 samples class 4 \u2192 class 0
[2026-07-19 13:52:31,105] 39 root - INFO - [Attacker] Label flip: 38 samples class 4 \u2192 class 0
[2026-07-19 13:52:31,114] 39 root - INFO - [Attacker] Label flip: 22 samples class 4 \u2192 class 0
[2026-07-19 13:52:31,121] 39 root - INFO - [Attacker] Label flip: 29 samples class 4 \u2192 class 0
[2026-07-19 13:52:31,129] 39 root - INFO - [Attacker] Label flip: 25 samples class 4 \u2192 class 0
[2026-07-19 13:52:31,137] 39 root - INFO - [Attacker] Label flip: 25 samples class 4 \u2192 class 0
[2026-07-19 13:52:31,143] 39 root - INFO - [Attacker] Label flip: 27 samples class 4 \u2192 class 0
[2026-07-19 13:52:31,151] 39 root - INFO - [Attacker] Label flip: 24 samples class 4 \u2192 class 0
[2026-07-19 13:52:31,159] 39 root - INFO - [Attacker] Label flip: 30 samples class 4 \u2192 class 0
[2026-07-19 13:52:31,167] 39 root - INFO - [Attacker] Label flip: 22 samples class 4 \u2192 class 0
[2026-07-19 13:52:31,174] 39 root - INFO - [Attacker] Label flip: 24 samples class 4 \u2192 class 0
[2026-07-19 13:52:31,180] 39 root - INFO - [Attacker] Label flip: 38 samples class 4 \u2192 class 0
[2026-07-19 13:52:31,190] 39 root - INFO - [Attacker] Label flip: 27 samples class 4 \u2192 class 0
[2026-07-19 13:52:31,197] 39 root - INFO - [Attacker] Label flip: 35 samples class 4 \u2192 class 0
[2026-07-19 13:52:31,205] 39 root - INFO - [Attacker] Label flip: 26 samples class 4 \u2192 class 0
[2026-07-19 13:52:31,213] 39 root - INFO - [Attacker] Label flip: 28 samples class 4 \u2192 class 0
[2026-07-19 13:52:31,219] 39 root - INFO - [Attacker] Label flip: 30 samples class 4 \u2192 class 0
[2026-07-19 13:52:31,226] 39 root - INFO - [Attacker] Label flip: 24 samples class 4 \u2192 class 0
[2026-07-19 13:52:31,234] 39 root - INFO - [Attacker] Label flip: 30 samples class 4 \u2192 class 0
[2026-07-19 13:52:31,242] 39 root - INFO - [Attacker] Label flip: 28 samples class 4 \u2192 class 0
[2026-07-19 13:52:31,250] 39 root - INFO - [Attacker] Label flip: 30 samples class 4 \u2192 class 0
[2026-07-19 13:52:31,258] 39 root - INFO - [Attacker] Label flip: 27 samples class 4 \u2192 class 0
[2026-07-19 13:52:31,270] 39 root - INFO - [Attacker] Label flip: 23 samples class 4 \u2192 class 0
[2026-07-19 13:52:31,277] 39 root - INFO - [Attacker] Label flip: 22 samples class 4 \u2192 class 0
[2026-07-19 13:52:31,285] 39 root - INFO - [Attacker] Label flip: 29 samples class 4 \u2192 class 0
[2026-07-19 13:52:31,292] 39 root - INFO - [Attacker] Label flip: 31 samples class 4 \u2192 class 0
[2026-07-19 13:52:31,300] 39 root - INFO - [Attacker] Label flip: 32 samples class 4 \u2192 class 0
[2026-07-19 13:52:31,325] 39 root - INFO - [Attacker] Label flip: 37 samples class 4 \u2192 class 0
[2026-07-19 13:52:31,331] 39 root - INFO - [Attacker] Label flip: 29 samples class 4 \u2192 class 0
[2026-07-19 13:52:31,339] 39 root - INFO - [Attacker] Label flip: 24 samples class 4 \u2192 class 0
[2026-07-19 13:52:31,346] 39 root - INFO - [Attacker] Label flip: 30 samples class 4 \u2192 class 0
[2026-07-19 13:52:31,360] 39 root - INFO - [Attacker] Label flip: 28 samples class 4 \u2192 class 0
[2026-07-19 13:52:31,366] 39 root - INFO - [Attacker] Label flip: 26 samples class 4 \u2192 class 0
[2026-07-19 13:52:31,375] 39 root - INFO - [Attacker] Label flip: 42 samples class 4 \u2192 class 0
[2026-07-19 13:52:31,382] 39 root - INFO - [Attacker] Label flip: 34 samples class 4 \u2192 class 0
[2026-07-19 13:52:31,394] 39 root - INFO - [Attacker] Label flip: 33 samples class 4 \u2192 class 0
[2026-07-19 13:52:31,400] 39 root - INFO - [Attacker] Label flip: 16 samples class 4 \u2192 class 0
[2026-07-19 13:52:31,410] 39 root - INFO - [Attacker] Label flip: 28 samples class 4 \u2192 class 0
[2026-07-19 13:52:31,455] 268 flwr - WARNING - DEPRECATED FEATURE: `client_fn` now expects a signature `def client_fn(context: Context)`.The provided `client_fn` has signature: {'cid': <Parameter "cid: str">}. You can import the `Context` like this: `from flwr.common import Context`

            This is a deprecated feature. It will be removed
            entirely in future versions of Flower.
        
[2026-07-19 13:52:33,274] 268 flwr - WARNING - DEPRECATED FEATURE: `client_fn` now expects a signature `def client_fn(context: Context)`.The provided `client_fn` has signature: {'cid': <Parameter "cid: str">}. You can import the `Context` like this: `from flwr.common import Context`

            This is a deprecated feature. It will be removed
            entirely in future versions of Flower.
        
[2026-07-19 13:52:35,804] 268 flwr - WARNING - DEPRECATED FEATURE: `client_fn` now expects a signature `def client_fn(context: Context)`.The provided `client_fn` has signature: {'cid': <Parameter "cid: str">}. You can import the `Context` like this: `from flwr.common import Context`

            This is a deprecated feature. It will be removed
            entirely in future versions of Flower.
        
[2026-07-19 13:52:38,339] 268 flwr - WARNING - DEPRECATED FEATURE: `client_fn` now expects a signature `def client_fn(context: Context)`.The provided `client_fn` has signature: {'cid': <Parameter "cid: str">}. You can import the `Context` like this: `from flwr.common import Context`

            This is a deprecated feature. It will be removed
            entirely in future versions of Flower.
        
[2026-07-19 13:54:13,383] 268 flwr - WARNING - DEPRECATED FEATURE: `client_fn` now expects a signature `def client_fn(context: Context)`.The provided `client_fn` has signature: {'cid': <Parameter "cid: str">}. You can import the `Context` like this: `from flwr.common import Context`

            This is a deprecated feature. It will be removed
            entirely in future versions of Flower.
        
[2026-07-19 13:54:13,385] 268 flwr - WARNING - DEPRECATED FEATURE: `client_fn` now expects a signature `def client_fn(context: Context)`.The provided `client_fn` has signature: {'cid': <Parameter "cid: str">}. You can import the `Context` like this: `from flwr.common import Context`

            This is a deprecated feature. It will be removed
            entirely in future versions of Flower.
        
[2026-07-19 13:54:13,391] 268 flwr - WARNING - DEPRECATED FEATURE: `client_fn` now expects a signature `def client_fn(context: Context)`.The provided `client_fn` has signature: {'cid': <Parameter "cid: str">}. You can import the `Context` like this: `from flwr.common import Context`

            This is a deprecated feature. It will be removed
            entirely in future versions of Flower.
        
[2026-07-19 13:54:13,701] 268 flwr - WARNING - DEPRECATED FEATURE: `client_fn` now expects a signature `def client_fn(context: Context)`.The provided `client_fn` has signature: {'cid': <Parameter "cid: str">}. You can import the `Context` like this: `from flwr.common import Context`

            This is a deprecated feature. It will be removed
            entirely in future versions of Flower.
        
[2026-07-19 13:54:13,703] 268 flwr - WARNING - DEPRECATED FEATURE: `client_fn` now expects a signature `def client_fn(context: Context)`.The provided `client_fn` has signature: {'cid': <Parameter "cid: str">}. You can import the `Context` like this: `from flwr.common import Context`

            This is a deprecated feature. It will be removed
            entirely in future versions of Flower.
        
[2026-07-19 13:54:13,705] 268 flwr - WARNING - DEPRECATED FEATURE: `client_fn` now expects a signature `def client_fn(context: Context)`.The provided `client_fn` has signature: {'cid': <Parameter "cid: str">}. You can import the `Context` like this: `from flwr.common import Context`

            This is a deprecated feature. It will be removed
            entirely in future versions of Flower.
        
[2026-07-19 13:54:13,707] 268 flwr - WARNING - DEPRECATED FEATURE: `client_fn` now expects a signature `def client_fn(context: Context)`.The provided `client_fn` has signature: {'cid': <Parameter "cid: str">}. You can import the `Context` like this: `from flwr.common import Context`

            This is a deprecated feature. It will be removed
            entirely in future versions of Flower.
        
[2026-07-19 13:54:14,230] 268 flwr - WARNING - DEPRECATED FEATURE: `client_fn` now expects a signature `def client_fn(context: Context)`.The provided `client_fn` has signature: {'cid': <Parameter "cid: str">}. You can import the `Context` like this: `from flwr.common import Context`

            This is a deprecated feature. It will be removed
            entirely in future versions of Flower.
        
[2026-07-19 13:54:14,348] 268 flwr - WARNING - DEPRECATED FEATURE: `client_fn` now expects a signature `def client_fn(context: Context)`.The provided `client_fn` has signature: {'cid': <Parameter "cid: str">}. You can import the `Context` like this: `from flwr.common import Context`

            This is a deprecated feature. It will be removed
            entirely in future versions of Flower.
        
[2026-07-19 13:54:14,630] 268 flwr - WARNING - DEPRECATED FEATURE: `client_fn` now expects a signature `def client_fn(context: Context)`.The provided `client_fn` has signature: {'cid': <Parameter "cid: str">}. You can import the `Context` like this: `from flwr.common import Context`

            This is a deprecated feature. It will be removed
            entirely in future versions of Flower.
        
[2026-07-19 13:54:14,656] 268 flwr - WARNING - DEPRECATED FEATURE: `client_fn` now expects a signature `def client_fn(context: Context)`.The provided `client_fn` has signature: {'cid': <Parameter "cid: str">}. You can import the `Context` like this: `from flwr.common import Context`

            This is a deprecated feature. It will be removed
            entirely in future versions of Flower.
        
[2026-07-19 13:54:14,663] 268 flwr - WARNING - DEPRECATED FEATURE: `client_fn` now expects a signature `def client_fn(context: Context)`.The provided `client_fn` has signature: {'cid': <Parameter "cid: str">}. You can import the `Context` like this: `from flwr.common import Context`

            This is a deprecated feature. It will be removed
            entirely in future versions of Flower.
        
[2026-07-19 13:54:14,792] 268 flwr - WARNING - DEPRECATED FEATURE: `client_fn` now expects a signature `def client_fn(context: Context)`.The provided `client_fn` has signature: {'cid': <Parameter "cid: str">}. You can import the `Context` like this: `from flwr.common import Context`

            This is a deprecated feature. It will be removed
            entirely in future versions of Flower.
        
[2026-07-19 13:54:14,965] 268 flwr - WARNING - DEPRECATED FEATURE: `client_fn` now expects a signature `def client_fn(context: Context)`.The provided `client_fn` has signature: {'cid': <Parameter "cid: str">}. You can import the `Context` like this: `from flwr.common import Context`

            This is a deprecated feature. It will be removed
            entirely in future versions of Flower.
        
[2026-07-19 13:54:15,016] 268 flwr - WARNING - DEPRECATED FEATURE: `client_fn` now expects a signature `def client_fn(context: Context)`.The provided `client_fn` has signature: {'cid': <Parameter "cid: str">}. You can import the `Context` like this: `from flwr.common import Context`

            This is a deprecated feature. It will be removed
            entirely in future versions of Flower.
        
[2026-07-19 13:54:15,138] 268 flwr - WARNING - DEPRECATED FEATURE: `client_fn` now expects a signature `def client_fn(context: Context)`.The provided `client_fn` has signature: {'cid': <Parameter "cid: str">}. You can import the `Context` like this: `from flwr.common import Context`

            This is a deprecated feature. It will be removed
            entirely in future versions of Flower.
        
[2026-07-19 13:54:15,180] 268 flwr - WARNING - DEPRECATED FEATURE: `client_fn` now expects a signature `def client_fn(context: Context)`.The provided `client_fn` has signature: {'cid': <Parameter "cid: str">}. You can import the `Context` like this: `from flwr.common import Context`

            This is a deprecated feature. It will be removed
            entirely in future versions of Flower.
        
[2026-07-19 13:54:19,075] 268 flwr - WARNING - DEPRECATED FEATURE: `client_fn` now expects a signature `def client_fn(context: Context)`.The provided `client_fn` has signature: {'cid': <Parameter "cid: str">}. You can import the `Context` like this: `from flwr.common import Context`

            This is a deprecated feature. It will be removed
            entirely in future versions of Flower.
        
[2026-07-19 13:54:19,079] 268 flwr - WARNING - DEPRECATED FEATURE: `client_fn` now expects a signature `def client_fn(context: Context)`.The provided `client_fn` has signature: {'cid': <Parameter "cid: str">}. You can import the `Context` like this: `from flwr.common import Context`

            This is a deprecated feature. It will be removed
            entirely in future versions of Flower.
        
[2026-07-19 13:54:19,099] 268 flwr - WARNING - DEPRECATED FEATURE: `client_fn` now expects a signature `def client_fn(context: Context)`.The provided `client_fn` has signature: {'cid': <Parameter "cid: str">}. You can import the `Context` like this: `from flwr.common import Context`

            This is a deprecated feature. It will be removed
            entirely in future versions of Flower.
        
[2026-07-19 13:54:19,101] 268 flwr - WARNING - DEPRECATED FEATURE: `client_fn` now expects a signature `def client_fn(context: Context)`.The provided `client_fn` has signature: {'cid': <Parameter "cid: str">}. You can import the `Context` like this: `from flwr.common import Context`

            This is a deprecated feature. It will be removed
            entirely in future versions of Flower.
        
[2026-07-19 13:54:19,111] 268 flwr - WARNING - DEPRECATED FEATURE: `client_fn` now expects a signature `def client_fn(context: Context)`.The provided `client_fn` has signature: {'cid': <Parameter "cid: str">}. You can import the `Context` like this: `from flwr.common import Context`

            This is a deprecated feature. It will be removed
            entirely in future versions of Flower.
        
[2026-07-19 13:54:25,959] 268 flwr - WARNING - DEPRECATED FEATURE: `client_fn` now expects a signature `def client_fn(context: Context)`.The provided `client_fn` has signature: {'cid': <Parameter "cid: str">}. You can import the `Context` like this: `from flwr.common import Context`

            This is a deprecated feature. It will be removed
            entirely in future versions of Flower.
        
[2026-07-19 13:54:31,304] 268 flwr - WARNING - DEPRECATED FEATURE: `client_fn` now expects a signature `def client_fn(context: Context)`.The provided `client_fn` has signature: {'cid': <Parameter "cid: str">}. You can import the `Context` like this: `from flwr.common import Context`

            This is a deprecated feature. It will be removed
            entirely in future versions of Flower.
        
[2026-07-19 13:54:35,822] 268 flwr - WARNING - DEPRECATED FEATURE: `client_fn` now expects a signature `def client_fn(context: Context)`.The provided `client_fn` has signature: {'cid': <Parameter "cid: str">}. You can import the `Context` like this: `from flwr.common import Context`

            This is a deprecated feature. It will be removed
            entirely in future versions of Flower.
        
[2026-07-19 13:54:48,685] 268 flwr - WARNING - DEPRECATED FEATURE: `client_fn` now expects a signature `def client_fn(context: Context)`.The provided `client_fn` has signature: {'cid': <Parameter "cid: str">}. You can import the `Context` like this: `from flwr.common import Context`

            This is a deprecated feature. It will be removed
            entirely in future versions of Flower.
        
[2026-07-19 13:54:53,700] 268 flwr - WARNING - DEPRECATED FEATURE: `client_fn` now expects a signature `def client_fn(context: Context)`.The provided `client_fn` has signature: {'cid': <Parameter "cid: str">}. You can import the `Context` like this: `from flwr.common import Context`

            This is a deprecated feature. It will be removed
            entirely in future versions of Flower.
        
[2026-07-19 13:54:57,874] 268 flwr - WARNING - DEPRECATED FEATURE: `client_fn` now expects a signature `def client_fn(context: Context)`.The provided `client_fn` has signature: {'cid': <Parameter "cid: str">}. You can import the `Context` like this: `from flwr.common import Context`

            This is a deprecated feature. It will be removed
            entirely in future versions of Flower.
        
[2026-07-19 13:54:59,827] 268 flwr - WARNING - DEPRECATED FEATURE: `client_fn` now expects a signature `def client_fn(context: Context)`.The provided `client_fn` has signature: {'cid': <Parameter "cid: str">}. You can import the `Context` like this: `from flwr.common import Context`

            This is a deprecated feature. It will be removed
            entirely in future versions of Flower.
        
[2026-07-19 13:55:00,380] 268 flwr - WARNING - DEPRECATED FEATURE: `client_fn` now expects a signature `def client_fn(context: Context)`.The provided `client_fn` has signature: {'cid': <Parameter "cid: str">}. You can import the `Context` like this: `from flwr.common import Context`

            This is a deprecated feature. It will be removed
            entirely in future versions of Flower.
        
[2026-07-19 13:55:01,136] 268 flwr - WARNING - DEPRECATED FEATURE: `client_fn` now expects a signature `def client_fn(context: Context)`.The provided `client_fn` has signature: {'cid': <Parameter "cid: str">}. You can import the `Context` like this: `from flwr.common import Context`

            This is a deprecated feature. It will be removed
            entirely in future versions of Flower.
        
[2026-07-19 13:55:05,250] 268 flwr - WARNING - DEPRECATED FEATURE: `client_fn` now expects a signature `def client_fn(context: Context)`.The provided `client_fn` has signature: {'cid': <Parameter "cid: str">}. You can import the `Context` like this: `from flwr.common import Context`

            This is a deprecated feature. It will be removed
            entirely in future versions of Flower.
        
[2026-07-19 13:55:06,200] 268 flwr - WARNING - DEPRECATED FEATURE: `client_fn` now expects a signature `def client_fn(context: Context)`.The provided `client_fn` has signature: {'cid': <Parameter "cid: str">}. You can import the `Context` like this: `from flwr.common import Context`

            This is a deprecated feature. It will be removed
            entirely in future versions of Flower.
        
[2026-07-19 13:56:04,549] 268 flwr - WARNING - DEPRECATED FEATURE: `client_fn` now expects a signature `def client_fn(context: Context)`.The provided `client_fn` has signature: {'cid': <Parameter "cid: str">}. You can import the `Context` like this: `from flwr.common import Context`

            This is a deprecated feature. It will be removed
            entirely in future versions of Flower.
        
[2026-07-19 13:56:04,551] 268 flwr - WARNING - DEPRECATED FEATURE: `client_fn` now expects a signature `def client_fn(context: Context)`.The provided `client_fn` has signature: {'cid': <Parameter "cid: str">}. You can import the `Context` like this: `from flwr.common import Context`

            This is a deprecated feature. It will be removed
            entirely in future versions of Flower.
        
[2026-07-19 13:56:04,572] 268 flwr - WARNING - DEPRECATED FEATURE: `client_fn` now expects a signature `def client_fn(context: Context)`.The provided `client_fn` has signature: {'cid': <Parameter "cid: str">}. You can import the `Context` like this: `from flwr.common import Context`

            This is a deprecated feature. It will be removed
            entirely in future versions of Flower.
        
[2026-07-19 13:56:04,573] 268 flwr - WARNING - DEPRECATED FEATURE: `client_fn` now expects a signature `def client_fn(context: Context)`.The provided `client_fn` has signature: {'cid': <Parameter "cid: str">}. You can import the `Context` like this: `from flwr.common import Context`

            This is a deprecated feature. It will be removed
            entirely in future versions of Flower.
        
[2026-07-19 13:56:04,585] 268 flwr - WARNING - DEPRECATED FEATURE: `client_fn` now expects a signature `def client_fn(context: Context)`.The provided `client_fn` has signature: {'cid': <Parameter "cid: str">}. You can import the `Context` like this: `from flwr.common import Context`

            This is a deprecated feature. It will be removed
            entirely in future versions of Flower.
        
[2026-07-19 13:56:04,726] 268 flwr - WARNING - DEPRECATED FEATURE: `client_fn` now expects a signature `def client_fn(context: Context)`.The provided `client_fn` has signature: {'cid': <Parameter "cid: str">}. You can import the `Context` like this: `from flwr.common import Context`

            This is a deprecated feature. It will be removed
            entirely in future versions of Flower.
        
[2026-07-19 13:56:04,926] 268 flwr - WARNING - DEPRECATED FEATURE: `client_fn` now expects a signature `def client_fn(context: Context)`.The provided `client_fn` has signature: {'cid': <Parameter "cid: str">}. You can import the `Context` like this: `from flwr.common import Context`

            This is a deprecated feature. It will be removed
            entirely in future versions of Flower.
        
[2026-07-19 13:56:04,976] 268 flwr - WARNING - DEPRECATED FEATURE: `client_fn` now expects a signature `def client_fn(context: Context)`.The provided `client_fn` has signature: {'cid': <Parameter "cid: str">}. You can import the `Context` like this: `from flwr.common import Context`

            This is a deprecated feature. It will be removed
            entirely in future versions of Flower.
        
[2026-07-19 13:56:05,095] 268 flwr - WARNING - DEPRECATED FEATURE: `client_fn` now expects a signature `def client_fn(context: Context)`.The provided `client_fn` has signature: {'cid': <Parameter "cid: str">}. You can import the `Context` like this: `from flwr.common import Context`

            This is a deprecated feature. It will be removed
            entirely in future versions of Flower.
        
[2026-07-19 13:56:05,497] 268 flwr - WARNING - DEPRECATED FEATURE: `client_fn` now expects a signature `def client_fn(context: Context)`.The provided `client_fn` has signature: {'cid': <Parameter "cid: str">}. You can import the `Context` like this: `from flwr.common import Context`

            This is a deprecated feature. It will be removed
            entirely in future versions of Flower.
        
[2026-07-19 13:56:06,099] 268 flwr - WARNING - DEPRECATED FEATURE: `client_fn` now expects a signature `def client_fn(context: Context)`.The provided `client_fn` has signature: {'cid': <Parameter "cid: str">}. You can import the `Context` like this: `from flwr.common import Context`

            This is a deprecated feature. It will be removed
            entirely in future versions of Flower.
        
[2026-07-19 13:56:06,103] 268 flwr - WARNING - DEPRECATED FEATURE: `client_fn` now expects a signature `def client_fn(context: Context)`.The provided `client_fn` has signature: {'cid': <Parameter "cid: str">}. You can import the `Context` like this: `from flwr.common import Context`

            This is a deprecated feature. It will be removed
            entirely in future versions of Flower.
        
[2026-07-19 13:56:06,107] 268 flwr - WARNING - DEPRECATED FEATURE: `client_fn` now expects a signature `def client_fn(context: Context)`.The provided `client_fn` has signature: {'cid': <Parameter "cid: str">}. You can import the `Context` like this: `from flwr.common import Context`

            This is a deprecated feature. It will be removed
            entirely in future versions of Flower.
        
[2026-07-19 13:56:06,180] 268 flwr - WARNING - DEPRECATED FEATURE: `client_fn` now expects a signature `def client_fn(context: Context)`.The provided `client_fn` has signature: {'cid': <Parameter "cid: str">}. You can import the `Context` like this: `from flwr.common import Context`

            This is a deprecated feature. It will be removed
            entirely in future versions of Flower.
        
[2026-07-19 13:56:06,234] 268 flwr - WARNING - DEPRECATED FEATURE: `client_fn` now expects a signature `def client_fn(context: Context)`.The provided `client_fn` has signature: {'cid': <Parameter "cid: str">}. You can import the `Context` like this: `from flwr.common import Context`

            This is a deprecated feature. It will be removed
            entirely in future versions of Flower.
        
[2026-07-19 13:56:06,253] 268 flwr - WARNING - DEPRECATED FEATURE: `client_fn` now expects a signature `def client_fn(context: Context)`.The provided `client_fn` has signature: {'cid': <Parameter "cid: str">}. You can import the `Context` like this: `from flwr.common import Context`

            This is a deprecated feature. It will be removed
            entirely in future versions of Flower.
        
