[2026-07-19 13:34:38,876] 268 flwr - WARNING - DEPRECATED FEATURE: `client_fn` now expects a signature `def client_fn(context: Context)`.The provided `client_fn` has signature: {'cid': <Parameter "cid: str">}. You can import the `Context` like this: `from flwr.common import Context`

            This is a deprecated feature. It will be removed
            entirely in future versions of Flower.
        
[2026-07-19 13:34:38,893] 268 flwr - WARNING - DEPRECATED FEATURE: `client_fn` now expects a signature `def client_fn(context: Context)`.The provided `client_fn` has signature: {'cid': <Parameter "cid: str">}. You can import the `Context` like this: `from flwr.common import Context`

            This is a deprecated feature. It will be removed
            entirely in future versions of Flower.
        
[2026-07-19 13:34:38,995] 268 flwr - WARNING - DEPRECATED FEATURE: `client_fn` now expects a signature `def client_fn(context: Context)`.The provided `client_fn` has signature: {'cid': <Parameter "cid: str">}. You can import the `Context` like this: `from flwr.common import Context`

            This is a deprecated feature. It will be removed
            entirely in future versions of Flower.
        
[2026-07-19 13:34:39,049] 268 flwr - WARNING - DEPRECATED FEATURE: `client_fn` now expects a signature `def client_fn(context: Context)`.The provided `client_fn` has signature: {'cid': <Parameter "cid: str">}. You can import the `Context` like this: `from flwr.common import Context`

            This is a deprecated feature. It will be removed
            entirely in future versions of Flower.
        
[2026-07-19 13:34:48,172] 268 flwr - WARNING - DEPRECATED FEATURE: `client_fn` now expects a signature `def client_fn(context: Context)`.The provided `client_fn` has signature: {'cid': <Parameter "cid: str">}. You can import the `Context` like this: `from flwr.common import Context`

            This is a deprecated feature. It will be removed
            entirely in future versions of Flower.
        
[2026-07-19 13:34:56,921] 268 flwr - WARNING - DEPRECATED FEATURE: `client_fn` now expects a signature `def client_fn(context: Context)`.The provided `client_fn` has signature: {'cid': <Parameter "cid: str">}. You can import the `Context` like this: `from flwr.common import Context`

            This is a deprecated feature. It will be removed
            entirely in future versions of Flower.
        
[2026-07-19 13:34:57,750] 268 flwr - WARNING - DEPRECATED FEATURE: `client_fn` now expects a signature `def client_fn(context: Context)`.The provided `client_fn` has signature: {'cid': <Parameter "cid: str">}. You can import the `Context` like this: `from flwr.common import Context`

            This is a deprecated feature. It will be removed
            entirely in future versions of Flower.
        
[2026-07-19 13:35:02,733] 268 flwr - WARNING - DEPRECATED FEATURE: `client_fn` now expects a signature `def client_fn(context: Context)`.The provided `client_fn` has signature: {'cid': <Parameter "cid: str">}. You can import the `Context` like this: `from flwr.common import Context`

            This is a deprecated feature. It will be removed
            entirely in future versions of Flower.
        
[2026-07-19 13:35:11,401] 268 flwr - WARNING - DEPRECATED FEATURE: `client_fn` now expects a signature `def client_fn(context: Context)`.The provided `client_fn` has signature: {'cid': <Parameter "cid: str">}. You can import the `Context` like this: `from flwr.common import Context`

            This is a deprecated feature. It will be removed
            entirely in future versions of Flower.
        
[2026-07-19 13:35:11,962] 39 root - INFO - [Attacker] Label flip: 30 samples class 4 \u2192 class 0
[2026-07-19 13:35:11,971] 39 root - INFO - [Attacker] Label flip: 24 samples class 4 \u2192 class 0
[2026-07-19 13:35:11,980] 39 root - INFO - [Attacker] Label flip: 32 samples class 4 \u2192 class 0
[2026-07-19 13:35:11,991] 39 root - INFO - [Attacker] Label flip: 22 samples class 4 \u2192 class 0
[2026-07-19 13:35:11,999] 39 root - INFO - [Attacker] Label flip: 26 samples class 4 \u2192 class 0
[2026-07-19 13:35:12,007] 39 root - INFO - [Attacker] Label flip: 25 samples class 4 \u2192 class 0
[2026-07-19 13:35:12,015] 39 root - INFO - [Attacker] Label flip: 34 samples class 4 \u2192 class 0
[2026-07-19 13:35:12,027] 39 root - INFO - [Attacker] Label flip: 33 samples class 4 \u2192 class 0
[2026-07-19 13:35:12,036] 39 root - INFO - [Attacker] Label flip: 24 samples class 4 \u2192 class 0
[2026-07-19 13:35:12,044] 39 root - INFO - [Attacker] Label flip: 26 samples class 4 \u2192 class 0
[2026-07-19 13:35:12,052] 39 root - INFO - [Attacker] Label flip: 31 samples class 4 \u2192 class 0
[2026-07-19 13:35:12,062] 39 root - INFO - [Attacker] Label flip: 30 samples class 4 \u2192 class 0
[2026-07-19 13:35:12,069] 39 root - INFO - [Attacker] Label flip: 35 samples class 4 \u2192 class 0
[2026-07-19 13:35:12,077] 39 root - INFO - [Attacker] Label flip: 33 samples class 4 \u2192 class 0
[2026-07-19 13:35:12,085] 39 root - INFO - [Attacker] Label flip: 30 samples class 4 \u2192 class 0
[2026-07-19 13:35:12,093] 39 root - INFO - [Attacker] Label flip: 28 samples class 4 \u2192 class 0
[2026-07-19 13:35:12,104] 39 root - INFO - [Attacker] Label flip: 29 samples class 4 \u2192 class 0
[2026-07-19 13:35:12,113] 39 root - INFO - [Attacker] Label flip: 24 samples class 4 \u2192 class 0
[2026-07-19 13:35:12,120] 39 root - INFO - [Attacker] Label flip: 30 samples class 4 \u2192 class 0
[2026-07-19 13:35:12,128] 39 root - INFO - [Attacker] Label flip: 31 samples class 4 \u2192 class 0
[2026-07-19 13:35:12,138] 39 root - INFO - [Attacker] Label flip: 26 samples class 4 \u2192 class 0
[2026-07-19 13:35:12,147] 39 root - INFO - [Attacker] Label flip: 30 samples class 4 \u2192 class 0
[2026-07-19 13:35:12,153] 39 root - INFO - [Attacker] Label flip: 32 samples class 4 \u2192 class 0
[2026-07-19 13:35:12,167] 39 root - INFO - [Attacker] Label flip: 27 samples class 4 \u2192 class 0
[2026-07-19 13:35:12,175] 39 root - INFO - [Attacker] Label flip: 31 samples class 4 \u2192 class 0
[2026-07-19 13:35:12,183] 39 root - INFO - [Attacker] Label flip: 35 samples class 4 \u2192 class 0
[2026-07-19 13:35:12,191] 39 root - INFO - [Attacker] Label flip: 24 samples class 4 \u2192 class 0
[2026-07-19 13:35:12,199] 39 root - INFO - [Attacker] Label flip: 27 samples class 4 \u2192 class 0
[2026-07-19 13:35:12,207] 39 root - INFO - [Attacker] Label flip: 24 samples class 4 \u2192 class 0
[2026-07-19 13:35:12,215] 39 root - INFO - [Attacker] Label flip: 24 samples class 4 \u2192 class 0
[2026-07-19 13:35:12,223] 39 root - INFO - [Attacker] Label flip: 25 samples class 4 \u2192 class 0
[2026-07-19 13:35:12,230] 39 root - INFO - [Attacker] Label flip: 18 samples class 4 \u2192 class 0
[2026-07-19 13:35:12,238] 39 root - INFO - [Attacker] Label flip: 30 samples class 4 \u2192 class 0
[2026-07-19 13:35:12,246] 39 root - INFO - [Attacker] Label flip: 31 samples class 4 \u2192 class 0
[2026-07-19 13:35:12,254] 39 root - INFO - [Attacker] Label flip: 31 samples class 4 \u2192 class 0
[2026-07-19 13:35:12,263] 39 root - INFO - [Attacker] Label flip: 20 samples class 4 \u2192 class 0
[2026-07-19 13:35:12,271] 39 root - INFO - [Attacker] Label flip: 27 samples class 4 \u2192 class 0
[2026-07-19 13:35:12,280] 39 root - INFO - [Attacker] Label flip: 29 samples class 4 \u2192 class 0
[2026-07-19 13:35:12,286] 39 root - INFO - [Attacker] Label flip: 28 samples class 4 \u2192 class 0
[2026-07-19 13:35:12,293] 39 root - INFO - [Attacker] Label flip: 30 samples class 4 \u2192 class 0
[2026-07-19 13:35:12,303] 39 root - INFO - [Attacker] Label flip: 31 samples class 4 \u2192 class 0
[2026-07-19 13:35:12,311] 39 root - INFO - [Attacker] Label flip: 28 samples class 4 \u2192 class 0
[2026-07-19 13:35:12,319] 39 root - INFO - [Attacker] Label flip: 33 samples class 4 \u2192 class 0
[2026-07-19 13:35:12,327] 39 root - INFO - [Attacker] Label flip: 31 samples class 4 \u2192 class 0
[2026-07-19 13:35:12,337] 39 root - INFO - [Attacker] Label flip: 28 samples class 4 \u2192 class 0
[2026-07-19 13:35:12,345] 39 root - INFO - [Attacker] Label flip: 19 samples class 4 \u2192 class 0
[2026-07-19 13:35:12,353] 39 root - INFO - [Attacker] Label flip: 28 samples class 4 \u2192 class 0
[2026-07-19 13:35:12,361] 39 root - INFO - [Attacker] Label flip: 26 samples class 4 \u2192 class 0
[2026-07-19 13:35:12,369] 39 root - INFO - [Attacker] Label flip: 32 samples class 4 \u2192 class 0
[2026-07-19 13:35:12,376] 39 root - INFO - [Attacker] Label flip: 25 samples class 4 \u2192 class 0
[2026-07-19 13:35:12,384] 39 root - INFO - [Attacker] Label flip: 23 samples class 4 \u2192 class 0
[2026-07-19 13:35:12,392] 39 root - INFO - [Attacker] Label flip: 28 samples class 4 \u2192 class 0
[2026-07-19 13:35:12,402] 39 root - INFO - [Attacker] Label flip: 31 samples class 4 \u2192 class 0
[2026-07-19 13:35:12,410] 39 root - INFO - [Attacker] Label flip: 22 samples class 4 \u2192 class 0
[2026-07-19 13:35:12,418] 39 root - INFO - [Attacker] Label flip: 30 samples class 4 \u2192 class 0
[2026-07-19 13:35:12,426] 39 root - INFO - [Attacker] Label flip: 28 samples class 4 \u2192 class 0
[2026-07-19 13:35:12,434] 39 root - INFO - [Attacker] Label flip: 31 samples class 4 \u2192 class 0
[2026-07-19 13:35:12,442] 39 root - INFO - [Attacker] Label flip: 31 samples class 4 \u2192 class 0
[2026-07-19 13:35:12,449] 39 root - INFO - [Attacker] Label flip: 30 samples class 4 \u2192 class 0
[2026-07-19 13:35:12,455] 39 root - INFO - [Attacker] Label flip: 26 samples class 4 \u2192 class 0
[2026-07-19 13:35:12,465] 39 root - INFO - [Attacker] Label flip: 42 samples class 4 \u2192 class 0
[2026-07-19 13:35:12,473] 39 root - INFO - [Attacker] Label flip: 28 samples class 4 \u2192 class 0
[2026-07-19 13:35:12,481] 39 root - INFO - [Attacker] Label flip: 31 samples class 4 \u2192 class 0
[2026-07-19 13:35:12,489] 39 root - INFO - [Attacker] Label flip: 34 samples class 4 \u2192 class 0
[2026-07-19 13:35:12,497] 39 root - INFO - [Attacker] Label flip: 31 samples class 4 \u2192 class 0
[2026-07-19 13:35:12,505] 39 root - INFO - [Attacker] Label flip: 27 samples class 4 \u2192 class 0
[2026-07-19 13:35:12,513] 39 root - INFO - [Attacker] Label flip: 33 samples class 4 \u2192 class 0
[2026-07-19 13:35:12,521] 39 root - INFO - [Attacker] Label flip: 37 samples class 4 \u2192 class 0
[2026-07-19 13:35:12,531] 39 root - INFO - [Attacker] Label flip: 33 samples class 4 \u2192 class 0
[2026-07-19 13:35:12,540] 39 root - INFO - [Attacker] Label flip: 31 samples class 4 \u2192 class 0
[2026-07-19 13:35:12,548] 39 root - INFO - [Attacker] Label flip: 29 samples class 4 \u2192 class 0
[2026-07-19 13:35:12,556] 39 root - INFO - [Attacker] Label flip: 27 samples class 4 \u2192 class 0
[2026-07-19 13:35:12,564] 39 root - INFO - [Attacker] Label flip: 24 samples class 4 \u2192 class 0
[2026-07-19 13:35:12,571] 39 root - INFO - [Attacker] Label flip: 28 samples class 4 \u2192 class 0
[2026-07-19 13:35:12,579] 39 root - INFO - [Attacker] Label flip: 26 samples class 4 \u2192 class 0
[2026-07-19 13:35:12,585] 39 root - INFO - [Attacker] Label flip: 14 samples class 4 \u2192 class 0
[2026-07-19 13:35:12,593] 39 root - INFO - [Attacker] Label flip: 30 samples class 4 \u2192 class 0
[2026-07-19 13:35:12,603] 39 root - INFO - [Attacker] Label flip: 28 samples class 4 \u2192 class 0
[2026-07-19 13:35:12,609] 39 root - INFO - [Attacker] Label flip: 24 samples class 4 \u2192 class 0
[2026-07-19 13:35:12,617] 39 root - INFO - [Attacker] Label flip: 27 samples class 4 \u2192 class 0
[2026-07-19 13:35:12,625] 39 root - INFO - [Attacker] Label flip: 21 samples class 4 \u2192 class 0
[2026-07-19 13:35:12,636] 39 root - INFO - [Attacker] Label flip: 24 samples class 4 \u2192 class 0
[2026-07-19 13:35:12,644] 39 root - INFO - [Attacker] Label flip: 33 samples class 4 \u2192 class 0
[2026-07-19 13:35:12,651] 39 root - INFO - [Attacker] Label flip: 25 samples class 4 \u2192 class 0
[2026-07-19 13:35:12,659] 39 root - INFO - [Attacker] Label flip: 23 samples class 4 \u2192 class 0
[2026-07-19 13:35:12,669] 39 root - INFO - [Attacker] Label flip: 31 samples class 4 \u2192 class 0
[2026-07-19 13:35:12,677] 39 root - INFO - [Attacker] Label flip: 30 samples class 4 \u2192 class 0
[2026-07-19 13:35:12,684] 39 root - INFO - [Attacker] Label flip: 30 samples class 4 \u2192 class 0
[2026-07-19 13:35:12,692] 39 root - INFO - [Attacker] Label flip: 32 samples class 4 \u2192 class 0
[2026-07-19 13:35:12,700] 39 root - INFO - [Attacker] Label flip: 28 samples class 4 \u2192 class 0
[2026-07-19 13:35:12,708] 39 root - INFO - [Attacker] Label flip: 26 samples class 4 \u2192 class 0
[2026-07-19 13:35:12,716] 39 root - INFO - [Attacker] Label flip: 29 samples class 4 \u2192 class 0
[2026-07-19 13:35:12,724] 39 root - INFO - [Attacker] Label flip: 29 samples class 4 \u2192 class 0
[2026-07-19 13:35:12,732] 39 root - INFO - [Attacker] Label flip: 44 samples class 4 \u2192 class 0
[2026-07-19 13:35:12,740] 39 root - INFO - [Attacker] Label flip: 28 samples class 4 \u2192 class 0
[2026-07-19 13:35:12,748] 39 root - INFO - [Attacker] Label flip: 35 samples class 4 \u2192 class 0
[2026-07-19 13:35:12,756] 39 root - INFO - [Attacker] Label flip: 30 samples class 4 \u2192 class 0
[2026-07-19 13:35:12,763] 39 root - INFO - [Attacker] Label flip: 32 samples class 4 \u2192 class 0
[2026-07-19 13:35:12,771] 39 root - INFO - [Attacker] Label flip: 19 samples class 4 \u2192 class 0
[2026-07-19 13:35:12,779] 39 root - INFO - [Attacker] Label flip: 33 samples class 4 \u2192 class 0
[2026-07-19 13:35:12,787] 39 root - INFO - [Attacker] Label flip: 28 samples class 4 \u2192 class 0
[2026-07-19 13:35:12,797] 39 root - INFO - [Attacker] Label flip: 26 samples class 4 \u2192 class 0
[2026-07-19 13:35:12,805] 39 root - INFO - [Attacker] Label flip: 27 samples class 4 \u2192 class 0
[2026-07-19 13:35:12,813] 39 root - INFO - [Attacker] Label flip: 33 samples class 4 \u2192 class 0
[2026-07-19 13:35:12,820] 39 root - INFO - [Attacker] Label flip: 26 samples class 4 \u2192 class 0
[2026-07-19 13:35:12,828] 39 root - INFO - [Attacker] Label flip: 43 samples class 4 \u2192 class 0
[2026-07-19 13:35:12,836] 39 root - INFO - [Attacker] Label flip: 33 samples class 4 \u2192 class 0
[2026-07-19 13:35:12,844] 39 root - INFO - [Attacker] Label flip: 26 samples class 4 \u2192 class 0
[2026-07-19 13:35:12,852] 39 root - INFO - [Attacker] Label flip: 30 samples class 4 \u2192 class 0
[2026-07-19 13:35:12,860] 39 root - INFO - [Attacker] Label flip: 37 samples class 4 \u2192 class 0
[2026-07-19 13:35:12,870] 39 root - INFO - [Attacker] Label flip: 32 samples class 4 \u2192 class 0
[2026-07-19 13:35:12,878] 39 root - INFO - [Attacker] Label flip: 35 samples class 4 \u2192 class 0
[2026-07-19 13:35:12,886] 39 root - INFO - [Attacker] Label flip: 31 samples class 4 \u2192 class 0
[2026-07-19 13:35:12,894] 39 root - INFO - [Attacker] Label flip: 29 samples class 4 \u2192 class 0
[2026-07-19 13:35:12,902] 39 root - INFO - [Attacker] Label flip: 37 samples class 4 \u2192 class 0
[2026-07-19 13:35:12,908] 39 root - INFO - [Attacker] Label flip: 20 samples class 4 \u2192 class 0
[2026-07-19 13:35:12,915] 39 root - INFO - [Attacker] Label flip: 28 samples class 4 \u2192 class 0
[2026-07-19 13:35:12,923] 39 root - INFO - [Attacker] Label flip: 25 samples class 4 \u2192 class 0
[2026-07-19 13:35:12,933] 39 root - INFO - [Attacker] Label flip: 30 samples class 4 \u2192 class 0
[2026-07-19 13:35:12,941] 39 root - INFO - [Attacker] Label flip: 33 samples class 4 \u2192 class 0
[2026-07-19 13:35:12,949] 39 root - INFO - [Attacker] Label flip: 23 samples class 4 \u2192 class 0
[2026-07-19 13:35:12,957] 39 root - INFO - [Attacker] Label flip: 23 samples class 4 \u2192 class 0
[2026-07-19 13:35:12,967] 39 root - INFO - [Attacker] Label flip: 24 samples class 4 \u2192 class 0
[2026-07-19 13:35:12,975] 39 root - INFO - [Attacker] Label flip: 31 samples class 4 \u2192 class 0
[2026-07-19 13:35:12,983] 39 root - INFO - [Attacker] Label flip: 29 samples class 4 \u2192 class 0
[2026-07-19 13:35:12,991] 39 root - INFO - [Attacker] Label flip: 41 samples class 4 \u2192 class 0
[2026-07-19 13:35:13,000] 39 root - INFO - [Attacker] Label flip: 43 samples class 4 \u2192 class 0
[2026-07-19 13:35:13,008] 39 root - INFO - [Attacker] Label flip: 33 samples class 4 \u2192 class 0
[2026-07-19 13:35:13,016] 39 root - INFO - [Attacker] Label flip: 31 samples class 4 \u2192 class 0
[2026-07-19 13:35:13,024] 39 root - INFO - [Attacker] Label flip: 24 samples class 4 \u2192 class 0
[2026-07-19 13:35:13,031] 39 root - INFO - [Attacker] Label flip: 29 samples class 4 \u2192 class 0
[2026-07-19 13:35:13,039] 39 root - INFO - [Attacker] Label flip: 30 samples class 4 \u2192 class 0
[2026-07-19 13:35:13,048] 39 root - INFO - [Attacker] Label flip: 31 samples class 4 \u2192 class 0
[2026-07-19 13:35:13,056] 39 root - INFO - [Attacker] Label flip: 21 samples class 4 \u2192 class 0
[2026-07-19 13:35:13,066] 39 root - INFO - [Attacker] Label flip: 24 samples class 4 \u2192 class 0
[2026-07-19 13:35:13,072] 39 root - INFO - [Attacker] Label flip: 28 samples class 4 \u2192 class 0
[2026-07-19 13:35:13,079] 39 root - INFO - [Attacker] Label flip: 38 samples class 4 \u2192 class 0
[2026-07-19 13:35:13,087] 39 root - INFO - [Attacker] Label flip: 26 samples class 4 \u2192 class 0
[2026-07-19 13:35:13,097] 39 root - INFO - [Attacker] Label flip: 22 samples class 4 \u2192 class 0
[2026-07-19 13:35:13,103] 39 root - INFO - [Attacker] Label flip: 23 samples class 4 \u2192 class 0
[2026-07-19 13:35:13,111] 39 root - INFO - [Attacker] Label flip: 33 samples class 4 \u2192 class 0
[2026-07-19 13:35:13,119] 39 root - INFO - [Attacker] Label flip: 32 samples class 4 \u2192 class 0
[2026-07-19 13:35:13,129] 39 root - INFO - [Attacker] Label flip: 33 samples class 4 \u2192 class 0
[2026-07-19 13:35:13,137] 39 root - INFO - [Attacker] Label flip: 24 samples class 4 \u2192 class 0
[2026-07-19 13:35:13,144] 39 root - INFO - [Attacker] Label flip: 25 samples class 4 \u2192 class 0
[2026-07-19 13:35:13,152] 39 root - INFO - [Attacker] Label flip: 28 samples class 4 \u2192 class 0
[2026-07-19 13:35:13,160] 39 root - INFO - [Attacker] Label flip: 31 samples class 4 \u2192 class 0
[2026-07-19 13:35:13,169] 39 root - INFO - [Attacker] Label flip: 28 samples class 4 \u2192 class 0
[2026-07-19 13:35:13,176] 39 root - INFO - [Attacker] Label flip: 33 samples class 4 \u2192 class 0
[2026-07-19 13:35:13,184] 39 root - INFO - [Attacker] Label flip: 25 samples class 4 \u2192 class 0
[2026-07-19 13:35:13,192] 39 root - INFO - [Attacker] Label flip: 25 samples class 4 \u2192 class 0
[2026-07-19 13:35:13,204] 39 root - INFO - [Attacker] Label flip: 30 samples class 4 \u2192 class 0
[2026-07-19 13:35:13,212] 39 root - INFO - [Attacker] Label flip: 30 samples class 4 \u2192 class 0
[2026-07-19 13:35:13,220] 39 root - INFO - [Attacker] Label flip: 25 samples class 4 \u2192 class 0
[2026-07-19 13:35:13,228] 39 root - INFO - [Attacker] Label flip: 26 samples class 4 \u2192 class 0
[2026-07-19 13:35:13,239] 39 root - INFO - [Attacker] Label flip: 21 samples class 4 \u2192 class 0
[2026-07-19 13:35:13,248] 39 root - INFO - [Attacker] Label flip: 29 samples class 4 \u2192 class 0
[2026-07-19 13:35:13,255] 39 root - INFO - [Attacker] Label flip: 37 samples class 4 \u2192 class 0
[2026-07-19 13:35:13,263] 39 root - INFO - [Attacker] Label flip: 29 samples class 4 \u2192 class 0
[2026-07-19 13:35:13,273] 39 root - INFO - [Attacker] Label flip: 26 samples class 4 \u2192 class 0
[2026-07-19 13:35:13,281] 39 root - INFO - [Attacker] Label flip: 20 samples class 4 \u2192 class 0
[2026-07-19 13:35:13,289] 39 root - INFO - [Attacker] Label flip: 36 samples class 4 \u2192 class 0
[2026-07-19 13:35:13,297] 39 root - INFO - [Attacker] Label flip: 28 samples class 4 \u2192 class 0
[2026-07-19 13:35:13,308] 39 root - INFO - [Attacker] Label flip: 26 samples class 4 \u2192 class 0
[2026-07-19 13:35:13,316] 39 root - INFO - [Attacker] Label flip: 25 samples class 4 \u2192 class 0
[2026-07-19 13:35:13,324] 39 root - INFO - [Attacker] Label flip: 25 samples class 4 \u2192 class 0
[2026-07-19 13:35:13,332] 39 root - INFO - [Attacker] Label flip: 26 samples class 4 \u2192 class 0
[2026-07-19 13:35:13,342] 39 root - INFO - [Attacker] Label flip: 33 samples class 4 \u2192 class 0
[2026-07-19 13:35:13,350] 39 root - INFO - [Attacker] Label flip: 33 samples class 4 \u2192 class 0
[2026-07-19 13:35:13,358] 39 root - INFO - [Attacker] Label flip: 28 samples class 4 \u2192 class 0
[2026-07-19 13:35:13,366] 39 root - INFO - [Attacker] Label flip: 34 samples class 4 \u2192 class 0
[2026-07-19 13:35:13,375] 39 root - INFO - [Attacker] Label flip: 27 samples class 4 \u2192 class 0
[2026-07-19 13:35:13,383] 39 root - INFO - [Attacker] Label flip: 42 samples class 4 \u2192 class 0
[2026-07-19 13:35:13,391] 39 root - INFO - [Attacker] Label flip: 33 samples class 4 \u2192 class 0
[2026-07-19 13:35:13,399] 39 root - INFO - [Attacker] Label flip: 33 samples class 4 \u2192 class 0
[2026-07-19 13:35:13,407] 39 root - INFO - [Attacker] Label flip: 22 samples class 4 \u2192 class 0
[2026-07-19 13:35:13,423] 39 root - INFO - [Attacker] Label flip: 27 samples class 4 \u2192 class 0
[2026-07-19 13:35:13,431] 39 root - INFO - [Attacker] Label flip: 36 samples class 4 \u2192 class 0
[2026-07-19 13:35:13,439] 39 root - INFO - [Attacker] Label flip: 24 samples class 4 \u2192 class 0
[2026-07-19 13:35:13,447] 39 root - INFO - [Attacker] Label flip: 23 samples class 4 \u2192 class 0
[2026-07-19 13:35:13,459] 39 root - INFO - [Attacker] Label flip: 25 samples class 4 \u2192 class 0
[2026-07-19 13:35:13,467] 39 root - INFO - [Attacker] Label flip: 34 samples class 4 \u2192 class 0
[2026-07-19 13:35:13,475] 39 root - INFO - [Attacker] Label flip: 18 samples class 4 \u2192 class 0
[2026-07-19 13:35:13,481] 39 root - INFO - [Attacker] Label flip: 33 samples class 4 \u2192 class 0
[2026-07-19 13:35:13,490] 39 root - INFO - [Attacker] Label flip: 29 samples class 4 \u2192 class 0
[2026-07-19 13:35:13,500] 39 root - INFO - [Attacker] Label flip: 28 samples class 4 \u2192 class 0
[2026-07-19 13:35:13,508] 39 root - INFO - [Attacker] Label flip: 33 samples class 4 \u2192 class 0
[2026-07-19 13:35:13,514] 39 root - INFO - [Attacker] Label flip: 24 samples class 4 \u2192 class 0
[2026-07-19 13:35:13,534] 39 root - INFO - [Attacker] Label flip: 29 samples class 4 \u2192 class 0
[2026-07-19 13:35:13,542] 39 root - INFO - [Attacker] Label flip: 26 samples class 4 \u2192 class 0
[2026-07-19 13:35:13,550] 39 root - INFO - [Attacker] Label flip: 33 samples class 4 \u2192 class 0
[2026-07-19 13:35:13,558] 39 root - INFO - [Attacker] Label flip: 34 samples class 4 \u2192 class 0
[2026-07-19 13:35:13,572] 39 root - INFO - [Attacker] Label flip: 39 samples class 4 \u2192 class 0
[2026-07-19 13:35:13,578] 39 root - INFO - [Attacker] Label flip: 35 samples class 4 \u2192 class 0
[2026-07-19 13:35:13,587] 39 root - INFO - [Attacker] Label flip: 27 samples class 4 \u2192 class 0
[2026-07-19 13:35:13,594] 39 root - INFO - [Attacker] Label flip: 38 samples class 4 \u2192 class 0
[2026-07-19 13:35:13,604] 39 root - INFO - [Attacker] Label flip: 33 samples class 4 \u2192 class 0
[2026-07-19 13:35:13,612] 39 root - INFO - [Attacker] Label flip: 24 samples class 4 \u2192 class 0
[2026-07-19 13:35:13,620] 39 root - INFO - [Attacker] Label flip: 22 samples class 4 \u2192 class 0
[2026-07-19 13:35:13,628] 39 root - INFO - [Attacker] Label flip: 32 samples class 4 \u2192 class 0
[2026-07-19 13:35:13,637] 39 root - INFO - [Attacker] Label flip: 21 samples class 4 \u2192 class 0
[2026-07-19 13:35:13,645] 39 root - INFO - [Attacker] Label flip: 28 samples class 4 \u2192 class 0
[2026-07-19 13:35:13,653] 39 root - INFO - [Attacker] Label flip: 36 samples class 4 \u2192 class 0
[2026-07-19 13:35:13,661] 39 root - INFO - [Attacker] Label flip: 30 samples class 4 \u2192 class 0
[2026-07-19 13:35:13,671] 39 root - INFO - [Attacker] Label flip: 25 samples class 4 \u2192 class 0
[2026-07-19 13:35:13,679] 39 root - INFO - [Attacker] Label flip: 32 samples class 4 \u2192 class 0
[2026-07-19 13:35:13,689] 39 root - INFO - [Attacker] Label flip: 32 samples class 4 \u2192 class 0
[2026-07-19 13:35:13,695] 39 root - INFO - [Attacker] Label flip: 25 samples class 4 \u2192 class 0
[2026-07-19 13:35:13,734] 39 root - INFO - [Attacker] Label flip: 19 samples class 4 \u2192 class 0
[2026-07-19 13:35:13,742] 39 root - INFO - [Attacker] Label flip: 31 samples class 4 \u2192 class 0
[2026-07-19 13:35:13,750] 39 root - INFO - [Attacker] Label flip: 31 samples class 4 \u2192 class 0
[2026-07-19 13:35:13,758] 39 root - INFO - [Attacker] Label flip: 34 samples class 4 \u2192 class 0
[2026-07-19 13:35:13,767] 39 root - INFO - [Attacker] Label flip: 33 samples class 4 \u2192 class 0
[2026-07-19 13:35:13,775] 39 root - INFO - [Attacker] Label flip: 37 samples class 4 \u2192 class 0
[2026-07-19 13:35:13,783] 39 root - INFO - [Attacker] Label flip: 31 samples class 4 \u2192 class 0
[2026-07-19 13:35:13,791] 39 root - INFO - [Attacker] Label flip: 22 samples class 4 \u2192 class 0
[2026-07-19 13:35:13,799] 39 root - INFO - [Attacker] Label flip: 31 samples class 4 \u2192 class 0
[2026-07-19 13:35:13,807] 39 root - INFO - [Attacker] Label flip: 19 samples class 4 \u2192 class 0
[2026-07-19 13:35:13,815] 39 root - INFO - [Attacker] Label flip: 26 samples class 4 \u2192 class 0
[2026-07-19 13:35:13,821] 39 root - INFO - [Attacker] Label flip: 21 samples class 4 \u2192 class 0
[2026-07-19 13:35:13,829] 39 root - INFO - [Attacker] Label flip: 24 samples class 4 \u2192 class 0
[2026-07-19 13:35:13,862] 39 root - INFO - [Attacker] Label flip: 25 samples class 4 \u2192 class 0
[2026-07-19 13:35:13,870] 39 root - INFO - [Attacker] Label flip: 25 samples class 4 \u2192 class 0
[2026-07-19 13:35:13,878] 39 root - INFO - [Attacker] Label flip: 29 samples class 4 \u2192 class 0
[2026-07-19 13:35:13,886] 39 root - INFO - [Attacker] Label flip: 32 samples class 4 \u2192 class 0
[2026-07-19 13:35:13,906] 39 root - INFO - [Attacker] Label flip: 24 samples class 4 \u2192 class 0
[2026-07-19 13:35:13,913] 39 root - INFO - [Attacker] Label flip: 26 samples class 4 \u2192 class 0
[2026-07-19 13:35:13,921] 39 root - INFO - [Attacker] Label flip: 30 samples class 4 \u2192 class 0
[2026-07-19 13:35:13,929] 39 root - INFO - [Attacker] Label flip: 28 samples class 4 \u2192 class 0
[2026-07-19 13:35:13,937] 39 root - INFO - [Attacker] Label flip: 27 samples class 4 \u2192 class 0
[2026-07-19 13:35:13,945] 39 root - INFO - [Attacker] Label flip: 28 samples class 4 \u2192 class 0
[2026-07-19 13:35:13,953] 39 root - INFO - [Attacker] Label flip: 23 samples class 4 \u2192 class 0
[2026-07-19 13:35:13,961] 39 root - INFO - [Attacker] Label flip: 27 samples class 4 \u2192 class 0
[2026-07-19 13:35:13,969] 39 root - INFO - [Attacker] Label flip: 31 samples class 4 \u2192 class 0
[2026-07-19 13:35:13,979] 39 root - INFO - [Attacker] Label flip: 20 samples class 4 \u2192 class 0
[2026-07-19 13:35:13,986] 39 root - INFO - [Attacker] Label flip: 22 samples class 4 \u2192 class 0
[2026-07-19 13:35:13,992] 39 root - INFO - [Attacker] Label flip: 22 samples class 4 \u2192 class 0
[2026-07-19 13:35:14,001] 39 root - INFO - [Attacker] Label flip: 33 samples class 4 \u2192 class 0
[2026-07-19 13:35:14,014] 39 root - INFO - [Attacker] Label flip: 25 samples class 4 \u2192 class 0
[2026-07-19 13:35:14,022] 39 root - INFO - [Attacker] Label flip: 29 samples class 4 \u2192 class 0
[2026-07-19 13:35:14,030] 39 root - INFO - [Attacker] Label flip: 29 samples class 4 \u2192 class 0
[2026-07-19 13:35:14,038] 39 root - INFO - [Attacker] Label flip: 22 samples class 4 \u2192 class 0
[2026-07-19 13:35:14,052] 39 root - INFO - [Attacker] Label flip: 34 samples class 4 \u2192 class 0
[2026-07-19 13:35:14,060] 39 root - INFO - [Attacker] Label flip: 22 samples class 4 \u2192 class 0
[2026-07-19 13:35:14,067] 39 root - INFO - [Attacker] Label flip: 36 samples class 4 \u2192 class 0
[2026-07-19 13:35:14,076] 39 root - INFO - [Attacker] Label flip: 33 samples class 4 \u2192 class 0
[2026-07-19 13:35:14,085] 39 root - INFO - [Attacker] Label flip: 26 samples class 4 \u2192 class 0
[2026-07-19 13:35:14,093] 39 root - INFO - [Attacker] Label flip: 33 samples class 4 \u2192 class 0
[2026-07-19 13:35:14,101] 39 root - INFO - [Attacker] Label flip: 38 samples class 4 \u2192 class 0
[2026-07-19 13:35:14,108] 39 root - INFO - [Attacker] Label flip: 32 samples class 4 \u2192 class 0
[2026-07-19 13:35:14,116] 39 root - INFO - [Attacker] Label flip: 31 samples class 4 \u2192 class 0
[2026-07-19 13:35:14,123] 39 root - INFO - [Attacker] Label flip: 31 samples class 4 \u2192 class 0
[2026-07-19 13:35:14,131] 39 root - INFO - [Attacker] Label flip: 36 samples class 4 \u2192 class 0
[2026-07-19 13:35:14,139] 39 root - INFO - [Attacker] Label flip: 31 samples class 4 \u2192 class 0
[2026-07-19 13:35:14,147] 39 root - INFO - [Attacker] Label flip: 29 samples class 4 \u2192 class 0
[2026-07-19 13:35:14,155] 39 root - INFO - [Attacker] Label flip: 27 samples class 4 \u2192 class 0
[2026-07-19 13:35:14,163] 39 root - INFO - [Attacker] Label flip: 27 samples class 4 \u2192 class 0
[2026-07-19 13:35:14,171] 39 root - INFO - [Attacker] Label flip: 37 samples class 4 \u2192 class 0
[2026-07-19 13:35:14,179] 39 root - INFO - [Attacker] Label flip: 38 samples class 4 \u2192 class 0
[2026-07-19 13:35:14,187] 39 root - INFO - [Attacker] Label flip: 29 samples class 4 \u2192 class 0
[2026-07-19 13:35:14,195] 39 root - INFO - [Attacker] Label flip: 18 samples class 4 \u2192 class 0
[2026-07-19 13:35:14,202] 39 root - INFO - [Attacker] Label flip: 44 samples class 4 \u2192 class 0
[2026-07-19 13:35:14,213] 39 root - INFO - [Attacker] Label flip: 28 samples class 4 \u2192 class 0
[2026-07-19 13:35:14,221] 39 root - INFO - [Attacker] Label flip: 13 samples class 4 \u2192 class 0
[2026-07-19 13:35:14,229] 39 root - INFO - [Attacker] Label flip: 20 samples class 4 \u2192 class 0
[2026-07-19 13:35:14,236] 39 root - INFO - [Attacker] Label flip: 26 samples class 4 \u2192 class 0
[2026-07-19 13:35:14,246] 39 root - INFO - [Attacker] Label flip: 25 samples class 4 \u2192 class 0
[2026-07-19 13:35:14,254] 39 root - INFO - [Attacker] Label flip: 28 samples class 4 \u2192 class 0
[2026-07-19 13:35:14,262] 39 root - INFO - [Attacker] Label flip: 27 samples class 4 \u2192 class 0
[2026-07-19 13:35:14,270] 39 root - INFO - [Attacker] Label flip: 32 samples class 4 \u2192 class 0
[2026-07-19 13:35:14,278] 39 root - INFO - [Attacker] Label flip: 31 samples class 4 \u2192 class 0
[2026-07-19 13:35:14,286] 39 root - INFO - [Attacker] Label flip: 28 samples class 4 \u2192 class 0
[2026-07-19 13:35:14,294] 39 root - INFO - [Attacker] Label flip: 26 samples class 4 \u2192 class 0
[2026-07-19 13:35:14,300] 39 root - INFO - [Attacker] Label flip: 23 samples class 4 \u2192 class 0
[2026-07-19 13:35:14,308] 39 root - INFO - [Attacker] Label flip: 28 samples class 4 \u2192 class 0
[2026-07-19 13:35:14,315] 39 root - INFO - [Attacker] Label flip: 17 samples class 4 \u2192 class 0
[2026-07-19 13:35:14,323] 39 root - INFO - [Attacker] Label flip: 27 samples class 4 \u2192 class 0
[2026-07-19 13:35:14,331] 39 root - INFO - [Attacker] Label flip: 31 samples class 4 \u2192 class 0
[2026-07-19 13:35:14,339] 39 root - INFO - [Attacker] Label flip: 26 samples class 4 \u2192 class 0
[2026-07-19 13:35:14,349] 39 root - INFO - [Attacker] Label flip: 30 samples class 4 \u2192 class 0
[2026-07-19 13:35:14,359] 39 root - INFO - [Attacker] Label flip: 25 samples class 4 \u2192 class 0
[2026-07-19 13:35:14,367] 39 root - INFO - [Attacker] Label flip: 22 samples class 4 \u2192 class 0
[2026-07-19 13:35:14,375] 39 root - INFO - [Attacker] Label flip: 28 samples class 4 \u2192 class 0
[2026-07-19 13:35:14,385] 39 root - INFO - [Attacker] Label flip: 32 samples class 4 \u2192 class 0
[2026-07-19 13:35:14,393] 39 root - INFO - [Attacker] Label flip: 26 samples class 4 \u2192 class 0
[2026-07-19 13:35:14,399] 39 root - INFO - [Attacker] Label flip: 28 samples class 4 \u2192 class 0
[2026-07-19 13:35:14,406] 39 root - INFO - [Attacker] Label flip: 28 samples class 4 \u2192 class 0
[2026-07-19 13:35:14,416] 39 root - INFO - [Attacker] Label flip: 28 samples class 4 \u2192 class 0
[2026-07-19 13:35:14,424] 39 root - INFO - [Attacker] Label flip: 31 samples class 4 \u2192 class 0
[2026-07-19 13:35:14,432] 39 root - INFO - [Attacker] Label flip: 30 samples class 4 \u2192 class 0
[2026-07-19 13:35:14,440] 39 root - INFO - [Attacker] Label flip: 28 samples class 4 \u2192 class 0
[2026-07-19 13:35:14,448] 39 root - INFO - [Attacker] Label flip: 31 samples class 4 \u2192 class 0
[2026-07-19 13:35:14,456] 39 root - INFO - [Attacker] Label flip: 37 samples class 4 \u2192 class 0
[2026-07-19 13:35:14,464] 39 root - INFO - [Attacker] Label flip: 26 samples class 4 \u2192 class 0
[2026-07-19 13:35:14,472] 39 root - INFO - [Attacker] Label flip: 31 samples class 4 \u2192 class 0
[2026-07-19 13:35:14,483] 39 root - INFO - [Attacker] Label flip: 32 samples class 4 \u2192 class 0
[2026-07-19 13:35:14,489] 39 root - INFO - [Attacker] Label flip: 35 samples class 4 \u2192 class 0
[2026-07-19 13:35:14,497] 39 root - INFO - [Attacker] Label flip: 27 samples class 4 \u2192 class 0
[2026-07-19 13:35:14,505] 39 root - INFO - [Attacker] Label flip: 32 samples class 4 \u2192 class 0
[2026-07-19 13:35:14,517] 39 root - INFO - [Attacker] Label flip: 30 samples class 4 \u2192 class 0
[2026-07-19 13:35:14,523] 39 root - INFO - [Attacker] Label flip: 27 samples class 4 \u2192 class 0
[2026-07-19 13:35:14,531] 39 root - INFO - [Attacker] Label flip: 31 samples class 4 \u2192 class 0
[2026-07-19 13:35:14,539] 39 root - INFO - [Attacker] Label flip: 37 samples class 4 \u2192 class 0
[2026-07-19 13:35:14,548] 39 root - INFO - [Attacker] Label flip: 33 samples class 4 \u2192 class 0
[2026-07-19 13:35:14,557] 39 root - INFO - [Attacker] Label flip: 36 samples class 4 \u2192 class 0
[2026-07-19 13:35:14,564] 39 root - INFO - [Attacker] Label flip: 30 samples class 4 \u2192 class 0
[2026-07-19 13:35:14,572] 39 root - INFO - [Attacker] Label flip: 35 samples class 4 \u2192 class 0
[2026-07-19 13:35:14,580] 39 root - INFO - [Attacker] Label flip: 35 samples class 4 \u2192 class 0
[2026-07-19 13:35:14,590] 39 root - INFO - [Attacker] Label flip: 34 samples class 4 \u2192 class 0
[2026-07-19 13:35:14,598] 39 root - INFO - [Attacker] Label flip: 24 samples class 4 \u2192 class 0
[2026-07-19 13:35:14,606] 39 root - INFO - [Attacker] Label flip: 32 samples class 4 \u2192 class 0
[2026-07-19 13:35:14,614] 39 root - INFO - [Attacker] Label flip: 23 samples class 4 \u2192 class 0
[2026-07-19 13:35:14,622] 39 root - INFO - [Attacker] Label flip: 25 samples class 4 \u2192 class 0
[2026-07-19 13:35:14,631] 39 root - INFO - [Attacker] Label flip: 32 samples class 4 \u2192 class 0
[2026-07-19 13:35:14,639] 39 root - INFO - [Attacker] Label flip: 32 samples class 4 \u2192 class 0
[2026-07-19 13:35:14,646] 39 root - INFO - [Attacker] Label flip: 20 samples class 4 \u2192 class 0
[2026-07-19 13:35:14,656] 39 root - INFO - [Attacker] Label flip: 30 samples class 4 \u2192 class 0
[2026-07-19 13:35:14,662] 39 root - INFO - [Attacker] Label flip: 31 samples class 4 \u2192 class 0
[2026-07-19 13:35:14,670] 39 root - INFO - [Attacker] Label flip: 31 samples class 4 \u2192 class 0
[2026-07-19 13:35:14,680] 39 root - INFO - [Attacker] Label flip: 23 samples class 4 \u2192 class 0
[2026-07-19 13:35:14,690] 39 root - INFO - [Attacker] Label flip: 23 samples class 4 \u2192 class 0
[2026-07-19 13:35:14,698] 39 root - INFO - [Attacker] Label flip: 36 samples class 4 \u2192 class 0
[2026-07-19 13:35:14,705] 39 root - INFO - [Attacker] Label flip: 26 samples class 4 \u2192 class 0
[2026-07-19 13:35:14,711] 39 root - INFO - [Attacker] Label flip: 35 samples class 4 \u2192 class 0
[2026-07-19 13:35:14,719] 39 root - INFO - [Attacker] Label flip: 31 samples class 4 \u2192 class 0
[2026-07-19 13:35:14,727] 39 root - INFO - [Attacker] Label flip: 35 samples class 4 \u2192 class 0
[2026-07-19 13:35:14,735] 39 root - INFO - [Attacker] Label flip: 26 samples class 4 \u2192 class 0
[2026-07-19 13:35:14,743] 39 root - INFO - [Attacker] Label flip: 17 samples class 4 \u2192 class 0
[2026-07-19 13:35:14,753] 39 root - INFO - [Attacker] Label flip: 21 samples class 4 \u2192 class 0
[2026-07-19 13:35:14,759] 39 root - INFO - [Attacker] Label flip: 34 samples class 4 \u2192 class 0
[2026-07-19 13:35:14,767] 39 root - INFO - [Attacker] Label flip: 33 samples class 4 \u2192 class 0
[2026-07-19 13:35:14,775] 39 root - INFO - [Attacker] Label flip: 20 samples class 4 \u2192 class 0
[2026-07-19 13:35:14,784] 39 root - INFO - [Attacker] Label flip: 27 samples class 4 \u2192 class 0
[2026-07-19 13:35:14,792] 39 root - INFO - [Attacker] Label flip: 28 samples class 4 \u2192 class 0
[2026-07-19 13:35:14,800] 39 root - INFO - [Attacker] Label flip: 34 samples class 4 \u2192 class 0
[2026-07-19 13:35:14,808] 39 root - INFO - [Attacker] Label flip: 23 samples class 4 \u2192 class 0
[2026-07-19 13:35:14,815] 39 root - INFO - [Attacker] Label flip: 24 samples class 4 \u2192 class 0
[2026-07-19 13:35:14,825] 39 root - INFO - [Attacker] Label flip: 28 samples class 4 \u2192 class 0
[2026-07-19 13:35:14,834] 39 root - INFO - [Attacker] Label flip: 28 samples class 4 \u2192 class 0
[2026-07-19 13:35:14,842] 39 root - INFO - [Attacker] Label flip: 26 samples class 4 \u2192 class 0
[2026-07-19 13:35:14,850] 39 root - INFO - [Attacker] Label flip: 26 samples class 4 \u2192 class 0
[2026-07-19 13:35:14,860] 39 root - INFO - [Attacker] Label flip: 15 samples class 4 \u2192 class 0
[2026-07-19 13:35:14,868] 39 root - INFO - [Attacker] Label flip: 25 samples class 4 \u2192 class 0
[2026-07-19 13:35:14,874] 39 root - INFO - [Attacker] Label flip: 28 samples class 4 \u2192 class 0
[2026-07-19 13:35:14,884] 39 root - INFO - [Attacker] Label flip: 30 samples class 4 \u2192 class 0
[2026-07-19 13:35:14,892] 39 root - INFO - [Attacker] Label flip: 38 samples class 4 \u2192 class 0
[2026-07-19 13:35:14,899] 39 root - INFO - [Attacker] Label flip: 30 samples class 4 \u2192 class 0
[2026-07-19 13:35:14,905] 39 root - INFO - [Attacker] Label flip: 22 samples class 4 \u2192 class 0
[2026-07-19 13:35:14,913] 39 root - INFO - [Attacker] Label flip: 28 samples class 4 \u2192 class 0
[2026-07-19 13:35:14,922] 39 root - INFO - [Attacker] Label flip: 20 samples class 4 \u2192 class 0
[2026-07-19 13:35:14,929] 39 root - INFO - [Attacker] Label flip: 28 samples class 4 \u2192 class 0
[2026-07-19 13:35:14,937] 39 root - INFO - [Attacker] Label flip: 30 samples class 4 \u2192 class 0
[2026-07-19 13:35:14,945] 39 root - INFO - [Attacker] Label flip: 29 samples class 4 \u2192 class 0
[2026-07-19 13:35:14,953] 39 root - INFO - [Attacker] Label flip: 28 samples class 4 \u2192 class 0
[2026-07-19 13:35:14,961] 39 root - INFO - [Attacker] Label flip: 22 samples class 4 \u2192 class 0
[2026-07-19 13:35:14,967] 39 root - INFO - [Attacker] Label flip: 28 samples class 4 \u2192 class 0
[2026-07-19 13:35:14,975] 39 root - INFO - [Attacker] Label flip: 31 samples class 4 \u2192 class 0
[2026-07-19 13:35:14,983] 39 root - INFO - [Attacker] Label flip: 32 samples class 4 \u2192 class 0
[2026-07-19 13:35:14,990] 39 root - INFO - [Attacker] Label flip: 25 samples class 4 \u2192 class 0
[2026-07-19 13:35:14,998] 39 root - INFO - [Attacker] Label flip: 25 samples class 4 \u2192 class 0
[2026-07-19 13:35:15,006] 39 root - INFO - [Attacker] Label flip: 21 samples class 4 \u2192 class 0
[2026-07-19 13:35:15,014] 39 root - INFO - [Attacker] Label flip: 27 samples class 4 \u2192 class 0
[2026-07-19 13:35:15,022] 39 root - INFO - [Attacker] Label flip: 31 samples class 4 \u2192 class 0
[2026-07-19 13:35:15,030] 39 root - INFO - [Attacker] Label flip: 40 samples class 4 \u2192 class 0
[2026-07-19 13:35:15,038] 39 root - INFO - [Attacker] Label flip: 33 samples class 4 \u2192 class 0
[2026-07-19 13:35:15,048] 39 root - INFO - [Attacker] Label flip: 24 samples class 4 \u2192 class 0
[2026-07-19 13:35:15,056] 39 root - INFO - [Attacker] Label flip: 36 samples class 4 \u2192 class 0
[2026-07-19 13:35:15,064] 39 root - INFO - [Attacker] Label flip: 25 samples class 4 \u2192 class 0
[2026-07-19 13:35:15,071] 39 root - INFO - [Attacker] Label flip: 35 samples class 4 \u2192 class 0
[2026-07-19 13:35:15,079] 39 root - INFO - [Attacker] Label flip: 34 samples class 4 \u2192 class 0
[2026-07-19 13:35:15,087] 39 root - INFO - [Attacker] Label flip: 39 samples class 4 \u2192 class 0
[2026-07-19 13:35:15,095] 39 root - INFO - [Attacker] Label flip: 31 samples class 4 \u2192 class 0
[2026-07-19 13:35:15,103] 39 root - INFO - [Attacker] Label flip: 23 samples class 4 \u2192 class 0
[2026-07-19 13:35:15,109] 39 root - INFO - [Attacker] Label flip: 31 samples class 4 \u2192 class 0
[2026-07-19 13:35:15,119] 39 root - INFO - [Attacker] Label flip: 30 samples class 4 \u2192 class 0
[2026-07-19 13:35:15,127] 39 root - INFO - [Attacker] Label flip: 21 samples class 4 \u2192 class 0
[2026-07-19 13:35:15,135] 39 root - INFO - [Attacker] Label flip: 17 samples class 4 \u2192 class 0
[2026-07-19 13:35:15,143] 39 root - INFO - [Attacker] Label flip: 29 samples class 4 \u2192 class 0
[2026-07-19 13:35:15,150] 39 root - INFO - [Attacker] Label flip: 29 samples class 4 \u2192 class 0
[2026-07-19 13:35:15,158] 39 root - INFO - [Attacker] Label flip: 28 samples class 4 \u2192 class 0
[2026-07-19 13:35:15,167] 39 root - INFO - [Attacker] Label flip: 27 samples class 4 \u2192 class 0
[2026-07-19 13:35:15,173] 39 root - INFO - [Attacker] Label flip: 28 samples class 4 \u2192 class 0
[2026-07-19 13:35:15,183] 39 root - INFO - [Attacker] Label flip: 30 samples class 4 \u2192 class 0
[2026-07-19 13:35:15,193] 39 root - INFO - [Attacker] Label flip: 22 samples class 4 \u2192 class 0
[2026-07-19 13:35:15,199] 39 root - INFO - [Attacker] Label flip: 18 samples class 4 \u2192 class 0
[2026-07-19 13:35:15,209] 39 root - INFO - [Attacker] Label flip: 31 samples class 4 \u2192 class 0
[2026-07-19 13:35:15,217] 39 root - INFO - [Attacker] Label flip: 39 samples class 4 \u2192 class 0
[2026-07-19 13:35:15,224] 39 root - INFO - [Attacker] Label flip: 30 samples class 4 \u2192 class 0
[2026-07-19 13:35:15,232] 39 root - INFO - [Attacker] Label flip: 24 samples class 4 \u2192 class 0
[2026-07-19 13:35:15,240] 39 root - INFO - [Attacker] Label flip: 32 samples class 4 \u2192 class 0
[2026-07-19 13:35:15,250] 39 root - INFO - [Attacker] Label flip: 29 samples class 4 \u2192 class 0
[2026-07-19 13:35:15,256] 39 root - INFO - [Attacker] Label flip: 23 samples class 4 \u2192 class 0
[2026-07-19 13:35:15,264] 39 root - INFO - [Attacker] Label flip: 29 samples class 4 \u2192 class 0
[2026-07-19 13:35:15,272] 39 root - INFO - [Attacker] Label flip: 34 samples class 4 \u2192 class 0
[2026-07-19 13:35:15,281] 39 root - INFO - [Attacker] Label flip: 20 samples class 4 \u2192 class 0
[2026-07-19 13:35:15,288] 39 root - INFO - [Attacker] Label flip: 33 samples class 4 \u2192 class 0
[2026-07-19 13:35:15,296] 39 root - INFO - [Attacker] Label flip: 30 samples class 4 \u2192 class 0
[2026-07-19 13:35:15,304] 39 root - INFO - [Attacker] Label flip: 27 samples class 4 \u2192 class 0
[2026-07-19 13:35:15,314] 39 root - INFO - [Attacker] Label flip: 25 samples class 4 \u2192 class 0
[2026-07-19 13:35:15,322] 39 root - INFO - [Attacker] Label flip: 41 samples class 4 \u2192 class 0
[2026-07-19 13:35:15,329] 39 root - INFO - [Attacker] Label flip: 37 samples class 4 \u2192 class 0
[2026-07-19 13:35:15,337] 39 root - INFO - [Attacker] Label flip: 36 samples class 4 \u2192 class 0
[2026-07-19 13:35:15,347] 39 root - INFO - [Attacker] Label flip: 37 samples class 4 \u2192 class 0
[2026-07-19 13:35:15,355] 39 root - INFO - [Attacker] Label flip: 31 samples class 4 \u2192 class 0
[2026-07-19 13:35:15,363] 39 root - INFO - [Attacker] Label flip: 27 samples class 4 \u2192 class 0
[2026-07-19 13:35:15,371] 39 root - INFO - [Attacker] Label flip: 31 samples class 4 \u2192 class 0
[2026-07-19 13:35:15,379] 39 root - INFO - [Attacker] Label flip: 37 samples class 4 \u2192 class 0
[2026-07-19 13:35:15,389] 39 root - INFO - [Attacker] Label flip: 23 samples class 4 \u2192 class 0
[2026-07-19 13:35:15,397] 39 root - INFO - [Attacker] Label flip: 33 samples class 4 \u2192 class 0
[2026-07-19 13:35:15,405] 39 root - INFO - [Attacker] Label flip: 32 samples class 4 \u2192 class 0
[2026-07-19 13:35:15,412] 39 root - INFO - [Attacker] Label flip: 32 samples class 4 \u2192 class 0
[2026-07-19 13:35:15,423] 39 root - INFO - [Attacker] Label flip: 20 samples class 4 \u2192 class 0
[2026-07-19 13:35:15,431] 39 root - INFO - [Attacker] Label flip: 31 samples class 4 \u2192 class 0
[2026-07-19 13:35:15,439] 39 root - INFO - [Attacker] Label flip: 28 samples class 4 \u2192 class 0
[2026-07-19 13:35:15,446] 39 root - INFO - [Attacker] Label flip: 23 samples class 4 \u2192 class 0
[2026-07-19 13:35:15,458] 39 root - INFO - [Attacker] Label flip: 31 samples class 4 \u2192 class 0
[2026-07-19 13:35:15,466] 39 root - INFO - [Attacker] Label flip: 27 samples class 4 \u2192 class 0
[2026-07-19 13:35:15,474] 39 root - INFO - [Attacker] Label flip: 38 samples class 4 \u2192 class 0
[2026-07-19 13:35:15,482] 39 root - INFO - [Attacker] Label flip: 25 samples class 4 \u2192 class 0
[2026-07-19 13:35:15,490] 39 root - INFO - [Attacker] Label flip: 31 samples class 4 \u2192 class 0
[2026-07-19 13:35:15,498] 39 root - INFO - [Attacker] Label flip: 39 samples class 4 \u2192 class 0
[2026-07-19 13:35:15,506] 39 root - INFO - [Attacker] Label flip: 32 samples class 4 \u2192 class 0
[2026-07-19 13:35:15,512] 39 root - INFO - [Attacker] Label flip: 24 samples class 4 \u2192 class 0
[2026-07-19 13:35:15,521] 39 root - INFO - [Attacker] Label flip: 34 samples class 4 \u2192 class 0
[2026-07-19 13:35:15,527] 39 root - INFO - [Attacker] Label flip: 31 samples class 4 \u2192 class 0
[2026-07-19 13:35:15,535] 39 root - INFO - [Attacker] Label flip: 34 samples class 4 \u2192 class 0
[2026-07-19 13:35:15,543] 39 root - INFO - [Attacker] Label flip: 24 samples class 4 \u2192 class 0
[2026-07-19 13:35:15,553] 39 root - INFO - [Attacker] Label flip: 26 samples class 4 \u2192 class 0
[2026-07-19 13:35:15,559] 39 root - INFO - [Attacker] Label flip: 29 samples class 4 \u2192 class 0
[2026-07-19 13:35:15,567] 39 root - INFO - [Attacker] Label flip: 29 samples class 4 \u2192 class 0
[2026-07-19 13:35:15,575] 39 root - INFO - [Attacker] Label flip: 21 samples class 4 \u2192 class 0
[2026-07-19 13:35:15,584] 39 root - INFO - [Attacker] Label flip: 19 samples class 4 \u2192 class 0
[2026-07-19 13:35:15,590] 39 root - INFO - [Attacker] Label flip: 34 samples class 4 \u2192 class 0
[2026-07-19 13:35:15,600] 39 root - INFO - [Attacker] Label flip: 25 samples class 4 \u2192 class 0
[2026-07-19 13:35:15,608] 39 root - INFO - [Attacker] Label flip: 25 samples class 4 \u2192 class 0
[2026-07-19 13:35:15,616] 39 root - INFO - [Attacker] Label flip: 28 samples class 4 \u2192 class 0
[2026-07-19 13:35:15,624] 39 root - INFO - [Attacker] Label flip: 26 samples class 4 \u2192 class 0
[2026-07-19 13:35:15,634] 39 root - INFO - [Attacker] Label flip: 32 samples class 4 \u2192 class 0
[2026-07-19 13:35:15,636] 268 flwr - WARNING - DEPRECATED FEATURE: `client_fn` now expects a signature `def client_fn(context: Context)`.The provided `client_fn` has signature: {'cid': <Parameter "cid: str">}. You can import the `Context` like this: `from flwr.common import Context`

            This is a deprecated feature. It will be removed
            entirely in future versions of Flower.
        
[2026-07-19 13:35:15,642] 39 root - INFO - [Attacker] Label flip: 18 samples class 4 \u2192 class 0
[2026-07-19 13:35:15,650] 39 root - INFO - [Attacker] Label flip: 36 samples class 4 \u2192 class 0
[2026-07-19 13:35:15,658] 39 root - INFO - [Attacker] Label flip: 36 samples class 4 \u2192 class 0
[2026-07-19 13:35:15,665] 39 root - INFO - [Attacker] Label flip: 20 samples class 4 \u2192 class 0
[2026-07-19 13:35:15,673] 39 root - INFO - [Attacker] Label flip: 16 samples class 4 \u2192 class 0
[2026-07-19 13:35:15,681] 39 root - INFO - [Attacker] Label flip: 23 samples class 4 \u2192 class 0
[2026-07-19 13:35:15,688] 39 root - INFO - [Attacker] Label flip: 30 samples class 4 \u2192 class 0
[2026-07-19 13:35:15,696] 39 root - INFO - [Attacker] Label flip: 23 samples class 4 \u2192 class 0
[2026-07-19 13:35:15,703] 39 root - INFO - [Attacker] Label flip: 30 samples class 4 \u2192 class 0
[2026-07-19 13:35:15,711] 39 root - INFO - [Attacker] Label flip: 27 samples class 4 \u2192 class 0
[2026-07-19 13:35:15,719] 39 root - INFO - [Attacker] Label flip: 30 samples class 4 \u2192 class 0
[2026-07-19 13:35:15,728] 39 root - INFO - [Attacker] Label flip: 30 samples class 4 \u2192 class 0
[2026-07-19 13:35:15,736] 39 root - INFO - [Attacker] Label flip: 29 samples class 4 \u2192 class 0
[2026-07-19 13:35:15,747] 39 root - INFO - [Attacker] Label flip: 29 samples class 4 \u2192 class 0
[2026-07-19 13:35:15,755] 39 root - INFO - [Attacker] Label flip: 32 samples class 4 \u2192 class 0
[2026-07-19 13:35:15,763] 39 root - INFO - [Attacker] Label flip: 26 samples class 4 \u2192 class 0
[2026-07-19 13:35:15,772] 39 root - INFO - [Attacker] Label flip: 25 samples class 4 \u2192 class 0
[2026-07-19 13:35:15,780] 39 root - INFO - [Attacker] Label flip: 22 samples class 4 \u2192 class 0
[2026-07-19 13:35:15,787] 39 root - INFO - [Attacker] Label flip: 33 samples class 4 \u2192 class 0
[2026-07-19 13:35:15,795] 39 root - INFO - [Attacker] Label flip: 23 samples class 4 \u2192 class 0
[2026-07-19 13:35:15,803] 39 root - INFO - [Attacker] Label flip: 29 samples class 4 \u2192 class 0
[2026-07-19 13:35:15,811] 39 root - INFO - [Attacker] Label flip: 31 samples class 4 \u2192 class 0
[2026-07-19 13:35:15,819] 39 root - INFO - [Attacker] Label flip: 19 samples class 4 \u2192 class 0
[2026-07-19 13:35:15,827] 39 root - INFO - [Attacker] Label flip: 21 samples class 4 \u2192 class 0
[2026-07-19 13:35:15,835] 39 root - INFO - [Attacker] Label flip: 33 samples class 4 \u2192 class 0
[2026-07-19 13:35:15,843] 39 root - INFO - [Attacker] Label flip: 21 samples class 4 \u2192 class 0
[2026-07-19 13:35:15,851] 39 root - INFO - [Attacker] Label flip: 27 samples class 4 \u2192 class 0
[2026-07-19 13:35:15,859] 39 root - INFO - [Attacker] Label flip: 29 samples class 4 \u2192 class 0
[2026-07-19 13:35:15,867] 39 root - INFO - [Attacker] Label flip: 33 samples class 4 \u2192 class 0
[2026-07-19 13:35:15,876] 39 root - INFO - [Attacker] Label flip: 29 samples class 4 \u2192 class 0
[2026-07-19 13:35:15,884] 39 root - INFO - [Attacker] Label flip: 31 samples class 4 \u2192 class 0
[2026-07-19 13:35:15,892] 39 root - INFO - [Attacker] Label flip: 19 samples class 4 \u2192 class 0
[2026-07-19 13:35:15,900] 39 root - INFO - [Attacker] Label flip: 30 samples class 4 \u2192 class 0
[2026-07-19 13:35:15,907] 39 root - INFO - [Attacker] Label flip: 26 samples class 4 \u2192 class 0
[2026-07-19 13:35:15,917] 39 root - INFO - [Attacker] Label flip: 36 samples class 4 \u2192 class 0
[2026-07-19 13:35:15,925] 39 root - INFO - [Attacker] Label flip: 26 samples class 4 \u2192 class 0
[2026-07-19 13:35:15,933] 39 root - INFO - [Attacker] Label flip: 31 samples class 4 \u2192 class 0
[2026-07-19 13:35:15,941] 39 root - INFO - [Attacker] Label flip: 30 samples class 4 \u2192 class 0
[2026-07-19 13:35:15,949] 39 root - INFO - [Attacker] Label flip: 23 samples class 4 \u2192 class 0
[2026-07-19 13:35:15,957] 39 root - INFO - [Attacker] Label flip: 23 samples class 4 \u2192 class 0
[2026-07-19 13:35:15,965] 39 root - INFO - [Attacker] Label flip: 39 samples class 4 \u2192 class 0
[2026-07-19 13:35:15,974] 39 root - INFO - [Attacker] Label flip: 30 samples class 4 \u2192 class 0
[2026-07-19 13:35:15,982] 39 root - INFO - [Attacker] Label flip: 30 samples class 4 \u2192 class 0
[2026-07-19 13:35:15,991] 39 root - INFO - [Attacker] Label flip: 26 samples class 4 \u2192 class 0
[2026-07-19 13:35:15,999] 39 root - INFO - [Attacker] Label flip: 30 samples class 4 \u2192 class 0
[2026-07-19 13:35:16,007] 39 root - INFO - [Attacker] Label flip: 29 samples class 4 \u2192 class 0
[2026-07-19 13:35:16,019] 39 root - INFO - [Attacker] Label flip: 28 samples class 4 \u2192 class 0
[2026-07-19 13:35:16,027] 39 root - INFO - [Attacker] Label flip: 33 samples class 4 \u2192 class 0
[2026-07-19 13:35:16,035] 39 root - INFO - [Attacker] Label flip: 25 samples class 4 \u2192 class 0
[2026-07-19 13:35:16,043] 39 root - INFO - [Attacker] Label flip: 33 samples class 4 \u2192 class 0
[2026-07-19 13:35:16,051] 39 root - INFO - [Attacker] Label flip: 32 samples class 4 \u2192 class 0
[2026-07-19 13:35:16,059] 39 root - INFO - [Attacker] Label flip: 24 samples class 4 \u2192 class 0
[2026-07-19 13:35:16,067] 39 root - INFO - [Attacker] Label flip: 31 samples class 4 \u2192 class 0
[2026-07-19 13:35:16,075] 39 root - INFO - [Attacker] Label flip: 28 samples class 4 \u2192 class 0
[2026-07-19 13:35:16,081] 39 root - INFO - [Attacker] Label flip: 36 samples class 4 \u2192 class 0
[2026-07-19 13:35:16,093] 39 root - INFO - [Attacker] Label flip: 26 samples class 4 \u2192 class 0
[2026-07-19 13:35:16,102] 39 root - INFO - [Attacker] Label flip: 21 samples class 4 \u2192 class 0
[2026-07-19 13:35:16,110] 39 root - INFO - [Attacker] Label flip: 27 samples class 4 \u2192 class 0
[2026-07-19 13:35:16,118] 39 root - INFO - [Attacker] Label flip: 19 samples class 4 \u2192 class 0
[2026-07-19 13:35:16,130] 39 root - INFO - [Attacker] Label flip: 19 samples class 4 \u2192 class 0
[2026-07-19 13:35:16,138] 39 root - INFO - [Attacker] Label flip: 34 samples class 4 \u2192 class 0
[2026-07-19 13:35:16,144] 39 root - INFO - [Attacker] Label flip: 24 samples class 4 \u2192 class 0
[2026-07-19 13:35:16,152] 39 root - INFO - [Attacker] Label flip: 31 samples class 4 \u2192 class 0
[2026-07-19 13:35:16,162] 39 root - INFO - [Attacker] Label flip: 27 samples class 4 \u2192 class 0
[2026-07-19 13:35:16,169] 39 root - INFO - [Attacker] Label flip: 25 samples class 4 \u2192 class 0
[2026-07-19 13:35:16,177] 39 root - INFO - [Attacker] Label flip: 21 samples class 4 \u2192 class 0
[2026-07-19 13:35:16,185] 39 root - INFO - [Attacker] Label flip: 27 samples class 4 \u2192 class 0
[2026-07-19 13:35:16,194] 39 root - INFO - [Attacker] Label flip: 30 samples class 4 \u2192 class 0
[2026-07-19 13:35:16,203] 39 root - INFO - [Attacker] Label flip: 33 samples class 4 \u2192 class 0
[2026-07-19 13:35:16,209] 39 root - INFO - [Attacker] Label flip: 27 samples class 4 \u2192 class 0
[2026-07-19 13:35:16,217] 39 root - INFO - [Attacker] Label flip: 30 samples class 4 \u2192 class 0
[2026-07-19 13:35:16,227] 39 root - INFO - [Attacker] Label flip: 24 samples class 4 \u2192 class 0
[2026-07-19 13:35:16,235] 39 root - INFO - [Attacker] Label flip: 33 samples class 4 \u2192 class 0
[2026-07-19 13:35:16,242] 39 root - INFO - [Attacker] Label flip: 27 samples class 4 \u2192 class 0
[2026-07-19 13:35:16,250] 39 root - INFO - [Attacker] Label flip: 27 samples class 4 \u2192 class 0
[2026-07-19 13:35:16,258] 39 root - INFO - [Attacker] Label flip: 32 samples class 4 \u2192 class 0
[2026-07-19 13:35:16,269] 39 root - INFO - [Attacker] Label flip: 27 samples class 4 \u2192 class 0
[2026-07-19 13:35:16,278] 39 root - INFO - [Attacker] Label flip: 27 samples class 4 \u2192 class 0
[2026-07-19 13:35:16,286] 39 root - INFO - [Attacker] Label flip: 31 samples class 4 \u2192 class 0
[2026-07-19 13:35:16,294] 39 root - INFO - [Attacker] Label flip: 30 samples class 4 \u2192 class 0
[2026-07-19 13:35:16,306] 39 root - INFO - [Attacker] Label flip: 26 samples class 4 \u2192 class 0
[2026-07-19 13:35:16,314] 39 root - INFO - [Attacker] Label flip: 34 samples class 4 \u2192 class 0
[2026-07-19 13:35:16,322] 39 root - INFO - [Attacker] Label flip: 31 samples class 4 \u2192 class 0
[2026-07-19 13:35:16,330] 39 root - INFO - [Attacker] Label flip: 25 samples class 4 \u2192 class 0
[2026-07-19 13:35:16,338] 39 root - INFO - [Attacker] Label flip: 34 samples class 4 \u2192 class 0
[2026-07-19 13:35:16,346] 39 root - INFO - [Attacker] Label flip: 21 samples class 4 \u2192 class 0
[2026-07-19 13:35:16,354] 39 root - INFO - [Attacker] Label flip: 20 samples class 4 \u2192 class 0
[2026-07-19 13:35:16,362] 39 root - INFO - [Attacker] Label flip: 43 samples class 4 \u2192 class 0
[2026-07-19 13:35:16,371] 39 root - INFO - [Attacker] Label flip: 29 samples class 4 \u2192 class 0
[2026-07-19 13:35:16,379] 39 root - INFO - [Attacker] Label flip: 30 samples class 4 \u2192 class 0
[2026-07-19 13:35:16,387] 39 root - INFO - [Attacker] Label flip: 26 samples class 4 \u2192 class 0
[2026-07-19 13:35:16,393] 39 root - INFO - [Attacker] Label flip: 40 samples class 4 \u2192 class 0
[2026-07-19 13:35:16,403] 39 root - INFO - [Attacker] Label flip: 30 samples class 4 \u2192 class 0
[2026-07-19 13:35:16,416] 39 root - INFO - [Attacker] Label flip: 23 samples class 4 \u2192 class 0
[2026-07-19 13:35:16,424] 39 root - INFO - [Attacker] Label flip: 27 samples class 4 \u2192 class 0
[2026-07-19 13:35:16,432] 39 root - INFO - [Attacker] Label flip: 29 samples class 4 \u2192 class 0
[2026-07-19 13:35:16,440] 39 root - INFO - [Attacker] Label flip: 27 samples class 4 \u2192 class 0
[2026-07-19 13:35:16,510] 39 root - INFO - [Attacker] Label flip: 31 samples class 4 \u2192 class 0
[2026-07-19 13:35:16,531] 39 root - INFO - [Attacker] Label flip: 35 samples class 4 \u2192 class 0
[2026-07-19 13:35:16,541] 39 root - INFO - [Attacker] Label flip: 33 samples class 4 \u2192 class 0
[2026-07-19 13:35:16,548] 39 root - INFO - [Attacker] Label flip: 31 samples class 4 \u2192 class 0
[2026-07-19 13:35:16,560] 39 root - INFO - [Attacker] Label flip: 33 samples class 4 \u2192 class 0
[2026-07-19 13:35:16,568] 39 root - INFO - [Attacker] Label flip: 25 samples class 4 \u2192 class 0
[2026-07-19 13:35:16,576] 39 root - INFO - [Attacker] Label flip: 30 samples class 4 \u2192 class 0
[2026-07-19 13:35:16,584] 39 root - INFO - [Attacker] Label flip: 21 samples class 4 \u2192 class 0
[2026-07-19 13:35:16,592] 39 root - INFO - [Attacker] Label flip: 19 samples class 4 \u2192 class 0
[2026-07-19 13:35:16,600] 39 root - INFO - [Attacker] Label flip: 28 samples class 4 \u2192 class 0
[2026-07-19 13:35:16,608] 39 root - INFO - [Attacker] Label flip: 23 samples class 4 \u2192 class 0
[2026-07-19 13:35:16,616] 39 root - INFO - [Attacker] Label flip: 23 samples class 4 \u2192 class 0
[2026-07-19 13:35:16,623] 39 root - INFO - [Attacker] Label flip: 29 samples class 4 \u2192 class 0
[2026-07-19 13:35:16,631] 39 root - INFO - [Attacker] Label flip: 28 samples class 4 \u2192 class 0
[2026-07-19 13:35:16,639] 39 root - INFO - [Attacker] Label flip: 21 samples class 4 \u2192 class 0
[2026-07-19 13:35:16,645] 39 root - INFO - [Attacker] Label flip: 26 samples class 4 \u2192 class 0
[2026-07-19 13:35:16,655] 39 root - INFO - [Attacker] Label flip: 23 samples class 4 \u2192 class 0
[2026-07-19 13:35:16,663] 39 root - INFO - [Attacker] Label flip: 28 samples class 4 \u2192 class 0
[2026-07-19 13:35:16,671] 39 root - INFO - [Attacker] Label flip: 29 samples class 4 \u2192 class 0
[2026-07-19 13:35:16,679] 39 root - INFO - [Attacker] Label flip: 31 samples class 4 \u2192 class 0
[2026-07-19 13:35:16,689] 39 root - INFO - [Attacker] Label flip: 33 samples class 4 \u2192 class 0
[2026-07-19 13:35:16,697] 39 root - INFO - [Attacker] Label flip: 24 samples class 4 \u2192 class 0
[2026-07-19 13:35:16,705] 39 root - INFO - [Attacker] Label flip: 41 samples class 4 \u2192 class 0
[2026-07-19 13:35:16,713] 39 root - INFO - [Attacker] Label flip: 28 samples class 4 \u2192 class 0
[2026-07-19 13:35:16,721] 39 root - INFO - [Attacker] Label flip: 25 samples class 4 \u2192 class 0
[2026-07-19 13:35:16,730] 39 root - INFO - [Attacker] Label flip: 34 samples class 4 \u2192 class 0
[2026-07-19 13:35:16,736] 39 root - INFO - [Attacker] Label flip: 31 samples class 4 \u2192 class 0
[2026-07-19 13:35:16,743] 39 root - INFO - [Attacker] Label flip: 34 samples class 4 \u2192 class 0
[2026-07-19 13:35:16,751] 39 root - INFO - [Attacker] Label flip: 24 samples class 4 \u2192 class 0
[2026-07-19 13:35:16,760] 39 root - INFO - [Attacker] Label flip: 37 samples class 4 \u2192 class 0
[2026-07-19 13:35:16,768] 39 root - INFO - [Attacker] Label flip: 24 samples class 4 \u2192 class 0
[2026-07-19 13:35:16,775] 39 root - INFO - [Attacker] Label flip: 29 samples class 4 \u2192 class 0
[2026-07-19 13:35:16,783] 39 root - INFO - [Attacker] Label flip: 35 samples class 4 \u2192 class 0
[2026-07-19 13:35:16,791] 39 root - INFO - [Attacker] Label flip: 32 samples class 4 \u2192 class 0
[2026-07-19 13:35:16,799] 39 root - INFO - [Attacker] Label flip: 23 samples class 4 \u2192 class 0
[2026-07-19 13:35:16,807] 39 root - INFO - [Attacker] Label flip: 29 samples class 4 \u2192 class 0
[2026-07-19 13:35:16,815] 39 root - INFO - [Attacker] Label flip: 30 samples class 4 \u2192 class 0
[2026-07-19 13:35:16,825] 39 root - INFO - [Attacker] Label flip: 25 samples class 4 \u2192 class 0
[2026-07-19 13:35:16,833] 39 root - INFO - [Attacker] Label flip: 22 samples class 4 \u2192 class 0
[2026-07-19 13:35:16,840] 39 root - INFO - [Attacker] Label flip: 29 samples class 4 \u2192 class 0
[2026-07-19 13:35:16,848] 39 root - INFO - [Attacker] Label flip: 26 samples class 4 \u2192 class 0
[2026-07-19 13:35:16,857] 39 root - INFO - [Attacker] Label flip: 20 samples class 4 \u2192 class 0
[2026-07-19 13:35:16,864] 39 root - INFO - [Attacker] Label flip: 34 samples class 4 \u2192 class 0
[2026-07-19 13:35:16,873] 39 root - INFO - [Attacker] Label flip: 30 samples class 4 \u2192 class 0
[2026-07-19 13:35:16,881] 39 root - INFO - [Attacker] Label flip: 36 samples class 4 \u2192 class 0
[2026-07-19 13:35:16,887] 39 root - INFO - [Attacker] Label flip: 35 samples class 4 \u2192 class 0
[2026-07-19 13:35:16,897] 39 root - INFO - [Attacker] Label flip: 27 samples class 4 \u2192 class 0
[2026-07-19 13:35:16,906] 39 root - INFO - [Attacker] Label flip: 25 samples class 4 \u2192 class 0
[2026-07-19 13:35:16,915] 39 root - INFO - [Attacker] Label flip: 33 samples class 4 \u2192 class 0
[2026-07-19 13:35:16,922] 39 root - INFO - [Attacker] Label flip: 26 samples class 4 \u2192 class 0
[2026-07-19 13:35:16,930] 39 root - INFO - [Attacker] Label flip: 34 samples class 4 \u2192 class 0
[2026-07-19 13:35:16,938] 39 root - INFO - [Attacker] Label flip: 29 samples class 4 \u2192 class 0
[2026-07-19 13:35:16,946] 39 root - INFO - [Attacker] Label flip: 29 samples class 4 \u2192 class 0
[2026-07-19 13:35:16,954] 39 root - INFO - [Attacker] Label flip: 26 samples class 4 \u2192 class 0
[2026-07-19 13:35:16,964] 39 root - INFO - [Attacker] Label flip: 23 samples class 4 \u2192 class 0
[2026-07-19 13:35:16,972] 39 root - INFO - [Attacker] Label flip: 28 samples class 4 \u2192 class 0
[2026-07-19 13:35:16,980] 39 root - INFO - [Attacker] Label flip: 30 samples class 4 \u2192 class 0
[2026-07-19 13:35:16,987] 39 root - INFO - [Attacker] Label flip: 21 samples class 4 \u2192 class 0
[2026-07-19 13:35:16,994] 39 root - INFO - [Attacker] Label flip: 30 samples class 4 \u2192 class 0
[2026-07-19 13:35:17,001] 39 root - INFO - [Attacker] Label flip: 29 samples class 4 \u2192 class 0
[2026-07-19 13:35:17,015] 39 root - INFO - [Attacker] Label flip: 30 samples class 4 \u2192 class 0
[2026-07-19 13:35:17,025] 39 root - INFO - [Attacker] Label flip: 33 samples class 4 \u2192 class 0
[2026-07-19 13:35:17,033] 39 root - INFO - [Attacker] Label flip: 32 samples class 4 \u2192 class 0
[2026-07-19 13:35:17,041] 39 root - INFO - [Attacker] Label flip: 43 samples class 4 \u2192 class 0
[2026-07-19 13:35:17,050] 39 root - INFO - [Attacker] Label flip: 32 samples class 4 \u2192 class 0
[2026-07-19 13:35:17,058] 39 root - INFO - [Attacker] Label flip: 30 samples class 4 \u2192 class 0
[2026-07-19 13:35:17,064] 39 root - INFO - [Attacker] Label flip: 23 samples class 4 \u2192 class 0
[2026-07-19 13:35:17,074] 39 root - INFO - [Attacker] Label flip: 26 samples class 4 \u2192 class 0
[2026-07-19 13:35:17,081] 39 root - INFO - [Attacker] Label flip: 26 samples class 4 \u2192 class 0
[2026-07-19 13:35:17,090] 39 root - INFO - [Attacker] Label flip: 27 samples class 4 \u2192 class 0
[2026-07-19 13:35:17,097] 39 root - INFO - [Attacker] Label flip: 30 samples class 4 \u2192 class 0
[2026-07-19 13:35:17,107] 39 root - INFO - [Attacker] Label flip: 40 samples class 4 \u2192 class 0
[2026-07-19 13:35:17,115] 39 root - INFO - [Attacker] Label flip: 26 samples class 4 \u2192 class 0
[2026-07-19 13:35:17,124] 39 root - INFO - [Attacker] Label flip: 35 samples class 4 \u2192 class 0
[2026-07-19 13:35:17,132] 39 root - INFO - [Attacker] Label flip: 19 samples class 4 \u2192 class 0
[2026-07-19 13:35:17,140] 39 root - INFO - [Attacker] Label flip: 35 samples class 4 \u2192 class 0
[2026-07-19 13:35:17,148] 39 root - INFO - [Attacker] Label flip: 30 samples class 4 \u2192 class 0
[2026-07-19 13:35:17,156] 39 root - INFO - [Attacker] Label flip: 36 samples class 4 \u2192 class 0
[2026-07-19 13:35:17,164] 39 root - INFO - [Attacker] Label flip: 31 samples class 4 \u2192 class 0
[2026-07-19 13:35:17,172] 39 root - INFO - [Attacker] Label flip: 33 samples class 4 \u2192 class 0
[2026-07-19 13:35:17,180] 39 root - INFO - [Attacker] Label flip: 20 samples class 4 \u2192 class 0
[2026-07-19 13:35:17,187] 39 root - INFO - [Attacker] Label flip: 38 samples class 4 \u2192 class 0
[2026-07-19 13:35:17,196] 39 root - INFO - [Attacker] Label flip: 30 samples class 4 \u2192 class 0
[2026-07-19 13:35:17,208] 39 root - INFO - [Attacker] Label flip: 31 samples class 4 \u2192 class 0
[2026-07-19 13:35:17,216] 39 root - INFO - [Attacker] Label flip: 30 samples class 4 \u2192 class 0
[2026-07-19 13:35:17,223] 39 root - INFO - [Attacker] Label flip: 33 samples class 4 \u2192 class 0
[2026-07-19 13:35:17,230] 39 root - INFO - [Attacker] Label flip: 21 samples class 4 \u2192 class 0
[2026-07-19 13:35:17,238] 39 root - INFO - [Attacker] Label flip: 32 samples class 4 \u2192 class 0
[2026-07-19 13:35:17,252] 39 root - INFO - [Attacker] Label flip: 21 samples class 4 \u2192 class 0
[2026-07-19 13:35:17,261] 39 root - INFO - [Attacker] Label flip: 27 samples class 4 \u2192 class 0
[2026-07-19 13:35:17,267] 39 root - INFO - [Attacker] Label flip: 30 samples class 4 \u2192 class 0
[2026-07-19 13:35:17,275] 39 root - INFO - [Attacker] Label flip: 38 samples class 4 \u2192 class 0
[2026-07-19 13:35:17,285] 39 root - INFO - [Attacker] Label flip: 29 samples class 4 \u2192 class 0
[2026-07-19 13:35:17,293] 39 root - INFO - [Attacker] Label flip: 27 samples class 4 \u2192 class 0
[2026-07-19 13:35:17,300] 39 root - INFO - [Attacker] Label flip: 31 samples class 4 \u2192 class 0
[2026-07-19 13:35:17,308] 39 root - INFO - [Attacker] Label flip: 26 samples class 4 \u2192 class 0
[2026-07-19 13:35:17,315] 39 root - INFO - [Attacker] Label flip: 26 samples class 4 \u2192 class 0
[2026-07-19 13:35:17,323] 39 root - INFO - [Attacker] Label flip: 25 samples class 4 \u2192 class 0
[2026-07-19 13:35:17,331] 39 root - INFO - [Attacker] Label flip: 44 samples class 4 \u2192 class 0
[2026-07-19 13:35:17,339] 39 root - INFO - [Attacker] Label flip: 29 samples class 4 \u2192 class 0
[2026-07-19 13:35:17,350] 39 root - INFO - [Attacker] Label flip: 30 samples class 4 \u2192 class 0
[2026-07-19 13:35:17,357] 39 root - INFO - [Attacker] Label flip: 27 samples class 4 \u2192 class 0
[2026-07-19 13:35:17,365] 39 root - INFO - [Attacker] Label flip: 26 samples class 4 \u2192 class 0
[2026-07-19 13:35:17,373] 39 root - INFO - [Attacker] Label flip: 31 samples class 4 \u2192 class 0
[2026-07-19 13:35:17,383] 39 root - INFO - [Attacker] Label flip: 29 samples class 4 \u2192 class 0
[2026-07-19 13:35:17,391] 39 root - INFO - [Attacker] Label flip: 29 samples class 4 \u2192 class 0
[2026-07-19 13:35:17,397] 39 root - INFO - [Attacker] Label flip: 38 samples class 4 \u2192 class 0
[2026-07-19 13:35:17,405] 39 root - INFO - [Attacker] Label flip: 29 samples class 4 \u2192 class 0
[2026-07-19 13:35:17,413] 39 root - INFO - [Attacker] Label flip: 38 samples class 4 \u2192 class 0
[2026-07-19 13:35:17,423] 39 root - INFO - [Attacker] Label flip: 32 samples class 4 \u2192 class 0
[2026-07-19 13:35:17,429] 39 root - INFO - [Attacker] Label flip: 22 samples class 4 \u2192 class 0
[2026-07-19 13:35:17,436] 39 root - INFO - [Attacker] Label flip: 26 samples class 4 \u2192 class 0
[2026-07-19 13:35:17,444] 39 root - INFO - [Attacker] Label flip: 35 samples class 4 \u2192 class 0
[2026-07-19 13:35:17,452] 39 root - INFO - [Attacker] Label flip: 23 samples class 4 \u2192 class 0
[2026-07-19 13:35:17,460] 39 root - INFO - [Attacker] Label flip: 20 samples class 4 \u2192 class 0
[2026-07-19 13:35:17,468] 39 root - INFO - [Attacker] Label flip: 29 samples class 4 \u2192 class 0
[2026-07-19 13:35:17,476] 39 root - INFO - [Attacker] Label flip: 30 samples class 4 \u2192 class 0
[2026-07-19 13:35:17,486] 39 root - INFO - [Attacker] Label flip: 35 samples class 4 \u2192 class 0
[2026-07-19 13:35:17,494] 39 root - INFO - [Attacker] Label flip: 35 samples class 4 \u2192 class 0
[2026-07-19 13:35:17,501] 39 root - INFO - [Attacker] Label flip: 20 samples class 4 \u2192 class 0
[2026-07-19 13:35:17,509] 39 root - INFO - [Attacker] Label flip: 24 samples class 4 \u2192 class 0
[2026-07-19 13:35:17,517] 39 root - INFO - [Attacker] Label flip: 17 samples class 4 \u2192 class 0
[2026-07-19 13:35:17,525] 39 root - INFO - [Attacker] Label flip: 25 samples class 4 \u2192 class 0
[2026-07-19 13:35:17,533] 39 root - INFO - [Attacker] Label flip: 28 samples class 4 \u2192 class 0
[2026-07-19 13:35:17,539] 39 root - INFO - [Attacker] Label flip: 26 samples class 4 \u2192 class 0
[2026-07-19 13:35:17,549] 39 root - INFO - [Attacker] Label flip: 40 samples class 4 \u2192 class 0
[2026-07-19 13:35:17,556] 39 root - INFO - [Attacker] Label flip: 32 samples class 4 \u2192 class 0
[2026-07-19 13:35:17,564] 39 root - INFO - [Attacker] Label flip: 36 samples class 4 \u2192 class 0
[2026-07-19 13:35:17,570] 39 root - INFO - [Attacker] Label flip: 27 samples class 4 \u2192 class 0
[2026-07-19 13:35:17,580] 39 root - INFO - [Attacker] Label flip: 32 samples class 4 \u2192 class 0
[2026-07-19 13:35:17,588] 39 root - INFO - [Attacker] Label flip: 23 samples class 4 \u2192 class 0
[2026-07-19 13:35:17,596] 39 root - INFO - [Attacker] Label flip: 33 samples class 4 \u2192 class 0
[2026-07-19 13:35:17,602] 39 root - INFO - [Attacker] Label flip: 30 samples class 4 \u2192 class 0
[2026-07-19 13:35:17,610] 39 root - INFO - [Attacker] Label flip: 27 samples class 4 \u2192 class 0
[2026-07-19 13:35:17,620] 39 root - INFO - [Attacker] Label flip: 36 samples class 4 \u2192 class 0
[2026-07-19 13:35:17,627] 39 root - INFO - [Attacker] Label flip: 21 samples class 4 \u2192 class 0
[2026-07-19 13:35:17,636] 39 root - INFO - [Attacker] Label flip: 29 samples class 4 \u2192 class 0
[2026-07-19 13:35:17,649] 39 root - INFO - [Attacker] Label flip: 30 samples class 4 \u2192 class 0
[2026-07-19 13:35:17,659] 39 root - INFO - [Attacker] Label flip: 25 samples class 4 \u2192 class 0
[2026-07-19 13:35:17,667] 39 root - INFO - [Attacker] Label flip: 26 samples class 4 \u2192 class 0
[2026-07-19 13:35:17,675] 39 root - INFO - [Attacker] Label flip: 24 samples class 4 \u2192 class 0
[2026-07-19 13:35:17,683] 39 root - INFO - [Attacker] Label flip: 30 samples class 4 \u2192 class 0
[2026-07-19 13:35:17,690] 39 root - INFO - [Attacker] Label flip: 23 samples class 4 \u2192 class 0
[2026-07-19 13:35:17,698] 39 root - INFO - [Attacker] Label flip: 26 samples class 4 \u2192 class 0
[2026-07-19 13:35:17,704] 39 root - INFO - [Attacker] Label flip: 25 samples class 4 \u2192 class 0
[2026-07-19 13:35:17,712] 39 root - INFO - [Attacker] Label flip: 29 samples class 4 \u2192 class 0
[2026-07-19 13:35:17,724] 39 root - INFO - [Attacker] Label flip: 34 samples class 4 \u2192 class 0
[2026-07-19 13:35:17,732] 39 root - INFO - [Attacker] Label flip: 32 samples class 4 \u2192 class 0
[2026-07-19 13:35:17,740] 39 root - INFO - [Attacker] Label flip: 30 samples class 4 \u2192 class 0
[2026-07-19 13:35:17,748] 39 root - INFO - [Attacker] Label flip: 33 samples class 4 \u2192 class 0
[2026-07-19 13:35:17,756] 39 root - INFO - [Attacker] Label flip: 31 samples class 4 \u2192 class 0
[2026-07-19 13:35:17,764] 39 root - INFO - [Attacker] Label flip: 26 samples class 4 \u2192 class 0
[2026-07-19 13:35:17,772] 39 root - INFO - [Attacker] Label flip: 25 samples class 4 \u2192 class 0
[2026-07-19 13:35:17,780] 39 root - INFO - [Attacker] Label flip: 30 samples class 4 \u2192 class 0
[2026-07-19 13:35:17,787] 39 root - INFO - [Attacker] Label flip: 28 samples class 4 \u2192 class 0
[2026-07-19 13:35:17,795] 39 root - INFO - [Attacker] Label flip: 24 samples class 4 \u2192 class 0
[2026-07-19 13:35:17,803] 39 root - INFO - [Attacker] Label flip: 25 samples class 4 \u2192 class 0
[2026-07-19 13:35:17,811] 39 root - INFO - [Attacker] Label flip: 30 samples class 4 \u2192 class 0
[2026-07-19 13:35:17,820] 39 root - INFO - [Attacker] Label flip: 32 samples class 4 \u2192 class 0
[2026-07-19 13:35:17,828] 39 root - INFO - [Attacker] Label flip: 24 samples class 4 \u2192 class 0
[2026-07-19 13:35:17,835] 39 root - INFO - [Attacker] Label flip: 41 samples class 4 \u2192 class 0
[2026-07-19 13:35:17,843] 39 root - INFO - [Attacker] Label flip: 17 samples class 4 \u2192 class 0
[2026-07-19 13:35:17,852] 39 root - INFO - [Attacker] Label flip: 24 samples class 4 \u2192 class 0
[2026-07-19 13:35:17,858] 39 root - INFO - [Attacker] Label flip: 35 samples class 4 \u2192 class 0
[2026-07-19 13:35:17,866] 39 root - INFO - [Attacker] Label flip: 22 samples class 4 \u2192 class 0
[2026-07-19 13:35:17,874] 39 root - INFO - [Attacker] Label flip: 23 samples class 4 \u2192 class 0
[2026-07-19 13:35:17,882] 39 root - INFO - [Attacker] Label flip: 24 samples class 4 \u2192 class 0
[2026-07-19 13:35:17,889] 39 root - INFO - [Attacker] Label flip: 33 samples class 4 \u2192 class 0
[2026-07-19 13:35:17,901] 39 root - INFO - [Attacker] Label flip: 30 samples class 4 \u2192 class 0
[2026-07-19 13:35:17,907] 39 root - INFO - [Attacker] Label flip: 25 samples class 4 \u2192 class 0
[2026-07-19 13:35:17,915] 39 root - INFO - [Attacker] Label flip: 24 samples class 4 \u2192 class 0
[2026-07-19 13:35:17,923] 39 root - INFO - [Attacker] Label flip: 26 samples class 4 \u2192 class 0
[2026-07-19 13:35:17,933] 39 root - INFO - [Attacker] Label flip: 29 samples class 4 \u2192 class 0
[2026-07-19 13:35:17,941] 39 root - INFO - [Attacker] Label flip: 23 samples class 4 \u2192 class 0
[2026-07-19 13:35:17,949] 39 root - INFO - [Attacker] Label flip: 28 samples class 4 \u2192 class 0
[2026-07-19 13:35:17,957] 39 root - INFO - [Attacker] Label flip: 31 samples class 4 \u2192 class 0
[2026-07-19 13:35:17,967] 39 root - INFO - [Attacker] Label flip: 32 samples class 4 \u2192 class 0
[2026-07-19 13:35:17,974] 39 root - INFO - [Attacker] Label flip: 27 samples class 4 \u2192 class 0
[2026-07-19 13:35:17,982] 39 root - INFO - [Attacker] Label flip: 20 samples class 4 \u2192 class 0
[2026-07-19 13:35:17,990] 39 root - INFO - [Attacker] Label flip: 38 samples class 4 \u2192 class 0
[2026-07-19 13:35:18,002] 39 root - INFO - [Attacker] Label flip: 28 samples class 4 \u2192 class 0
[2026-07-19 13:35:18,010] 39 root - INFO - [Attacker] Label flip: 32 samples class 4 \u2192 class 0
[2026-07-19 13:35:18,018] 39 root - INFO - [Attacker] Label flip: 35 samples class 4 \u2192 class 0
[2026-07-19 13:35:18,026] 39 root - INFO - [Attacker] Label flip: 23 samples class 4 \u2192 class 0
[2026-07-19 13:35:18,036] 39 root - INFO - [Attacker] Label flip: 23 samples class 4 \u2192 class 0
[2026-07-19 13:35:18,043] 39 root - INFO - [Attacker] Label flip: 26 samples class 4 \u2192 class 0
[2026-07-19 13:35:18,051] 39 root - INFO - [Attacker] Label flip: 27 samples class 4 \u2192 class 0
[2026-07-19 13:35:18,059] 39 root - INFO - [Attacker] Label flip: 32 samples class 4 \u2192 class 0
[2026-07-19 13:35:18,069] 39 root - INFO - [Attacker] Label flip: 29 samples class 4 \u2192 class 0
[2026-07-19 13:35:18,077] 39 root - INFO - [Attacker] Label flip: 27 samples class 4 \u2192 class 0
[2026-07-19 13:35:18,085] 39 root - INFO - [Attacker] Label flip: 26 samples class 4 \u2192 class 0
[2026-07-19 13:35:18,106] 268 flwr - WARNING - DEPRECATED FEATURE: `client_fn` now expects a signature `def client_fn(context: Context)`.The provided `client_fn` has signature: {'cid': <Parameter "cid: str">}. You can import the `Context` like this: `from flwr.common import Context`

            This is a deprecated feature. It will be removed
            entirely in future versions of Flower.
        
[2026-07-19 13:35:18,325] 268 flwr - WARNING - DEPRECATED FEATURE: `client_fn` now expects a signature `def client_fn(context: Context)`.The provided `client_fn` has signature: {'cid': <Parameter "cid: str">}. You can import the `Context` like this: `from flwr.common import Context`

            This is a deprecated feature. It will be removed
            entirely in future versions of Flower.
        
[2026-07-19 13:35:19,397] 39 root - INFO - [Attacker] Label flip: 25 samples class 4 \u2192 class 0
[2026-07-19 13:35:19,405] 39 root - INFO - [Attacker] Label flip: 8 samples class 4 \u2192 class 0
[2026-07-19 13:35:19,413] 39 root - INFO - [Attacker] Label flip: 9 samples class 4 \u2192 class 0
[2026-07-19 13:35:19,421] 39 root - INFO - [Attacker] Label flip: 11 samples class 4 \u2192 class 0
[2026-07-19 13:35:19,427] 39 root - INFO - [Attacker] Label flip: 7 samples class 4 \u2192 class 0
[2026-07-19 13:35:19,435] 39 root - INFO - [Attacker] Label flip: 14 samples class 4 \u2192 class 0
[2026-07-19 13:35:19,443] 39 root - INFO - [Attacker] Label flip: 9 samples class 4 \u2192 class 0
[2026-07-19 13:35:19,451] 39 root - INFO - [Attacker] Label flip: 8 samples class 4 \u2192 class 0
[2026-07-19 13:35:19,459] 39 root - INFO - [Attacker] Label flip: 9 samples class 4 \u2192 class 0
[2026-07-19 13:35:19,466] 39 root - INFO - [Attacker] Label flip: 14 samples class 4 \u2192 class 0
[2026-07-19 13:35:19,474] 39 root - INFO - [Attacker] Label flip: 12 samples class 4 \u2192 class 0
[2026-07-19 13:35:19,482] 39 root - INFO - [Attacker] Label flip: 11 samples class 4 \u2192 class 0
[2026-07-19 13:35:19,488] 39 root - INFO - [Attacker] Label flip: 8 samples class 4 \u2192 class 0
[2026-07-19 13:35:19,496] 39 root - INFO - [Attacker] Label flip: 10 samples class 4 \u2192 class 0
[2026-07-19 13:35:19,503] 39 root - INFO - [Attacker] Label flip: 10 samples class 4 \u2192 class 0
[2026-07-19 13:35:19,512] 39 root - INFO - [Attacker] Label flip: 8 samples class 4 \u2192 class 0
[2026-07-19 13:35:19,520] 39 root - INFO - [Attacker] Label flip: 8 samples class 4 \u2192 class 0
[2026-07-19 13:35:19,525] 39 root - INFO - [Attacker] Label flip: 11 samples class 4 \u2192 class 0
[2026-07-19 13:35:19,533] 39 root - INFO - [Attacker] Label flip: 13 samples class 4 \u2192 class 0
[2026-07-19 13:35:19,541] 39 root - INFO - [Attacker] Label flip: 13 samples class 4 \u2192 class 0
[2026-07-19 13:35:19,547] 39 root - INFO - [Attacker] Label flip: 10 samples class 4 \u2192 class 0
[2026-07-19 13:35:19,555] 39 root - INFO - [Attacker] Label flip: 15 samples class 4 \u2192 class 0
[2026-07-19 13:35:19,563] 39 root - INFO - [Attacker] Label flip: 10 samples class 4 \u2192 class 0
[2026-07-19 13:35:19,571] 39 root - INFO - [Attacker] Label flip: 13 samples class 4 \u2192 class 0
[2026-07-19 13:35:19,579] 39 root - INFO - [Attacker] Label flip: 17 samples class 4 \u2192 class 0
[2026-07-19 13:35:19,587] 39 root - INFO - [Attacker] Label flip: 8 samples class 4 \u2192 class 0
[2026-07-19 13:35:19,594] 39 root - INFO - [Attacker] Label flip: 12 samples class 4 \u2192 class 0
[2026-07-19 13:35:19,603] 39 root - INFO - [Attacker] Label flip: 16 samples class 4 \u2192 class 0
[2026-07-19 13:35:19,610] 39 root - INFO - [Attacker] Label flip: 11 samples class 4 \u2192 class 0
[2026-07-19 13:35:19,616] 39 root - INFO - [Attacker] Label flip: 14 samples class 4 \u2192 class 0
[2026-07-19 13:35:19,624] 39 root - INFO - [Attacker] Label flip: 9 samples class 4 \u2192 class 0
[2026-07-19 13:35:19,632] 39 root - INFO - [Attacker] Label flip: 15 samples class 4 \u2192 class 0
[2026-07-19 13:35:19,638] 39 root - INFO - [Attacker] Label flip: 14 samples class 4 \u2192 class 0
[2026-07-19 13:35:19,646] 39 root - INFO - [Attacker] Label flip: 13 samples class 4 \u2192 class 0
[2026-07-19 13:35:19,653] 39 root - INFO - [Attacker] Label flip: 7 samples class 4 \u2192 class 0
[2026-07-19 13:35:19,661] 39 root - INFO - [Attacker] Label flip: 14 samples class 4 \u2192 class 0
[2026-07-19 13:35:19,669] 39 root - INFO - [Attacker] Label flip: 6 samples class 4 \u2192 class 0
[2026-07-19 13:35:19,675] 39 root - INFO - [Attacker] Label flip: 9 samples class 4 \u2192 class 0
[2026-07-19 13:35:19,683] 39 root - INFO - [Attacker] Label flip: 11 samples class 4 \u2192 class 0
[2026-07-19 13:35:19,691] 39 root - INFO - [Attacker] Label flip: 7 samples class 4 \u2192 class 0
[2026-07-19 13:35:19,699] 39 root - INFO - [Attacker] Label flip: 15 samples class 4 \u2192 class 0
[2026-07-19 13:35:19,707] 39 root - INFO - [Attacker] Label flip: 12 samples class 4 \u2192 class 0
[2026-07-19 13:35:19,714] 39 root - INFO - [Attacker] Label flip: 14 samples class 4 \u2192 class 0
[2026-07-19 13:35:19,720] 39 root - INFO - [Attacker] Label flip: 13 samples class 4 \u2192 class 0
[2026-07-19 13:35:19,728] 39 root - INFO - [Attacker] Label flip: 14 samples class 4 \u2192 class 0
[2026-07-19 13:35:19,734] 39 root - INFO - [Attacker] Label flip: 7 samples class 4 \u2192 class 0
[2026-07-19 13:35:19,742] 39 root - INFO - [Attacker] Label flip: 12 samples class 4 \u2192 class 0
[2026-07-19 13:35:19,750] 39 root - INFO - [Attacker] Label flip: 14 samples class 4 \u2192 class 0
[2026-07-19 13:35:19,758] 39 root - INFO - [Attacker] Label flip: 7 samples class 4 \u2192 class 0
[2026-07-19 13:35:19,764] 39 root - INFO - [Attacker] Label flip: 10 samples class 4 \u2192 class 0
[2026-07-19 13:35:19,772] 39 root - INFO - [Attacker] Label flip: 13 samples class 4 \u2192 class 0
[2026-07-19 13:35:19,779] 39 root - INFO - [Attacker] Label flip: 13 samples class 4 \u2192 class 0
[2026-07-19 13:35:19,785] 39 root - INFO - [Attacker] Label flip: 16 samples class 4 \u2192 class 0
[2026-07-19 13:35:19,793] 39 root - INFO - [Attacker] Label flip: 9 samples class 4 \u2192 class 0
[2026-07-19 13:35:19,801] 39 root - INFO - [Attacker] Label flip: 12 samples class 4 \u2192 class 0
[2026-07-19 13:35:19,809] 39 root - INFO - [Attacker] Label flip: 19 samples class 4 \u2192 class 0
[2026-07-19 13:35:19,814] 39 root - INFO - [Attacker] Label flip: 13 samples class 4 \u2192 class 0
[2026-07-19 13:35:19,823] 39 root - INFO - [Attacker] Label flip: 6 samples class 4 \u2192 class 0
[2026-07-19 13:35:19,831] 39 root - INFO - [Attacker] Label flip: 14 samples class 4 \u2192 class 0
[2026-07-19 13:35:19,837] 39 root - INFO - [Attacker] Label flip: 16 samples class 4 \u2192 class 0
[2026-07-19 13:35:19,844] 39 root - INFO - [Attacker] Label flip: 12 samples class 4 \u2192 class 0
[2026-07-19 13:35:19,852] 39 root - INFO - [Attacker] Label flip: 16 samples class 4 \u2192 class 0
[2026-07-19 13:35:19,860] 39 root - INFO - [Attacker] Label flip: 10 samples class 4 \u2192 class 0
[2026-07-19 13:35:19,866] 39 root - INFO - [Attacker] Label flip: 6 samples class 4 \u2192 class 0
[2026-07-19 13:35:19,874] 39 root - INFO - [Attacker] Label flip: 16 samples class 4 \u2192 class 0
[2026-07-19 13:35:19,882] 39 root - INFO - [Attacker] Label flip: 8 samples class 4 \u2192 class 0
[2026-07-19 13:35:19,890] 39 root - INFO - [Attacker] Label flip: 15 samples class 4 \u2192 class 0
[2026-07-19 13:35:19,898] 39 root - INFO - [Attacker] Label flip: 12 samples class 4 \u2192 class 0
[2026-07-19 13:35:19,905] 39 root - INFO - [Attacker] Label flip: 10 samples class 4 \u2192 class 0
[2026-07-19 13:35:19,913] 39 root - INFO - [Attacker] Label flip: 13 samples class 4 \u2192 class 0
[2026-07-19 13:35:19,921] 39 root - INFO - [Attacker] Label flip: 14 samples class 4 \u2192 class 0
[2026-07-19 13:35:19,927] 39 root - INFO - [Attacker] Label flip: 8 samples class 4 \u2192 class 0
[2026-07-19 13:35:19,935] 39 root - INFO - [Attacker] Label flip: 11 samples class 4 \u2192 class 0
[2026-07-19 13:35:19,944] 39 root - INFO - [Attacker] Label flip: 5 samples class 4 \u2192 class 0
[2026-07-19 13:35:19,952] 39 root - INFO - [Attacker] Label flip: 16 samples class 4 \u2192 class 0
[2026-07-19 13:35:19,960] 39 root - INFO - [Attacker] Label flip: 13 samples class 4 \u2192 class 0
[2026-07-19 13:35:19,968] 39 root - INFO - [Attacker] Label flip: 11 samples class 4 \u2192 class 0
[2026-07-19 13:35:19,976] 39 root - INFO - [Attacker] Label flip: 7 samples class 4 \u2192 class 0
[2026-07-19 13:35:19,984] 39 root - INFO - [Attacker] Label flip: 13 samples class 4 \u2192 class 0
[2026-07-19 13:35:19,992] 39 root - INFO - [Attacker] Label flip: 8 samples class 4 \u2192 class 0
[2026-07-19 13:35:20,000] 39 root - INFO - [Attacker] Label flip: 17 samples class 4 \u2192 class 0
[2026-07-19 13:35:20,007] 39 root - INFO - [Attacker] Label flip: 19 samples class 4 \u2192 class 0
[2026-07-19 13:35:20,015] 39 root - INFO - [Attacker] Label flip: 7 samples class 4 \u2192 class 0
[2026-07-19 13:35:20,023] 39 root - INFO - [Attacker] Label flip: 10 samples class 4 \u2192 class 0
[2026-07-19 13:35:20,029] 39 root - INFO - [Attacker] Label flip: 21 samples class 4 \u2192 class 0
[2026-07-19 13:35:20,039] 39 root - INFO - [Attacker] Label flip: 14 samples class 4 \u2192 class 0
[2026-07-19 13:35:20,047] 39 root - INFO - [Attacker] Label flip: 13 samples class 4 \u2192 class 0
[2026-07-19 13:35:20,053] 39 root - INFO - [Attacker] Label flip: 12 samples class 4 \u2192 class 0
[2026-07-19 13:35:20,061] 39 root - INFO - [Attacker] Label flip: 11 samples class 4 \u2192 class 0
[2026-07-19 13:35:20,069] 39 root - INFO - [Attacker] Label flip: 17 samples class 4 \u2192 class 0
[2026-07-19 13:35:20,077] 39 root - INFO - [Attacker] Label flip: 10 samples class 4 \u2192 class 0
[2026-07-19 13:35:20,083] 39 root - INFO - [Attacker] Label flip: 14 samples class 4 \u2192 class 0
[2026-07-19 13:35:20,090] 39 root - INFO - [Attacker] Label flip: 14 samples class 4 \u2192 class 0
[2026-07-19 13:35:20,098] 39 root - INFO - [Attacker] Label flip: 14 samples class 4 \u2192 class 0
[2026-07-19 13:35:20,106] 39 root - INFO - [Attacker] Label flip: 11 samples class 4 \u2192 class 0
[2026-07-19 13:35:20,114] 39 root - INFO - [Attacker] Label flip: 10 samples class 4 \u2192 class 0
[2026-07-19 13:35:20,122] 39 root - INFO - [Attacker] Label flip: 14 samples class 4 \u2192 class 0
[2026-07-19 13:35:20,132] 39 root - INFO - [Attacker] Label flip: 4 samples class 4 \u2192 class 0
[2026-07-19 13:35:20,140] 39 root - INFO - [Attacker] Label flip: 10 samples class 4 \u2192 class 0
[2026-07-19 13:35:20,148] 39 root - INFO - [Attacker] Label flip: 13 samples class 4 \u2192 class 0
[2026-07-19 13:35:20,153] 39 root - INFO - [Attacker] Label flip: 16 samples class 4 \u2192 class 0
[2026-07-19 13:35:20,161] 39 root - INFO - [Attacker] Label flip: 19 samples class 4 \u2192 class 0
[2026-07-19 13:35:20,169] 39 root - INFO - [Attacker] Label flip: 12 samples class 4 \u2192 class 0
[2026-07-19 13:35:20,177] 39 root - INFO - [Attacker] Label flip: 16 samples class 4 \u2192 class 0
[2026-07-19 13:35:20,185] 39 root - INFO - [Attacker] Label flip: 13 samples class 4 \u2192 class 0
[2026-07-19 13:35:20,191] 39 root - INFO - [Attacker] Label flip: 11 samples class 4 \u2192 class 0
[2026-07-19 13:35:20,199] 39 root - INFO - [Attacker] Label flip: 10 samples class 4 \u2192 class 0
[2026-07-19 13:35:20,207] 39 root - INFO - [Attacker] Label flip: 6 samples class 4 \u2192 class 0
[2026-07-19 13:35:20,212] 39 root - INFO - [Attacker] Label flip: 10 samples class 4 \u2192 class 0
[2026-07-19 13:35:20,220] 39 root - INFO - [Attacker] Label flip: 13 samples class 4 \u2192 class 0
[2026-07-19 13:35:20,228] 39 root - INFO - [Attacker] Label flip: 17 samples class 4 \u2192 class 0
[2026-07-19 13:35:20,236] 39 root - INFO - [Attacker] Label flip: 14 samples class 4 \u2192 class 0
[2026-07-19 13:35:20,242] 39 root - INFO - [Attacker] Label flip: 13 samples class 4 \u2192 class 0
[2026-07-19 13:35:20,250] 39 root - INFO - [Attacker] Label flip: 11 samples class 4 \u2192 class 0
[2026-07-19 13:35:20,258] 39 root - INFO - [Attacker] Label flip: 14 samples class 4 \u2192 class 0
[2026-07-19 13:35:20,266] 39 root - INFO - [Attacker] Label flip: 23 samples class 4 \u2192 class 0
[2026-07-19 13:35:20,272] 39 root - INFO - [Attacker] Label flip: 14 samples class 4 \u2192 class 0
[2026-07-19 13:35:20,280] 39 root - INFO - [Attacker] Label flip: 18 samples class 4 \u2192 class 0
[2026-07-19 13:35:20,288] 39 root - INFO - [Attacker] Label flip: 11 samples class 4 \u2192 class 0
[2026-07-19 13:35:20,295] 39 root - INFO - [Attacker] Label flip: 18 samples class 4 \u2192 class 0
[2026-07-19 13:35:20,303] 39 root - INFO - [Attacker] Label flip: 14 samples class 4 \u2192 class 0
[2026-07-19 13:35:20,311] 39 root - INFO - [Attacker] Label flip: 12 samples class 4 \u2192 class 0
[2026-07-19 13:35:20,317] 39 root - INFO - [Attacker] Label flip: 10 samples class 4 \u2192 class 0
[2026-07-19 13:35:20,325] 39 root - INFO - [Attacker] Label flip: 13 samples class 4 \u2192 class 0
[2026-07-19 13:35:20,333] 39 root - INFO - [Attacker] Label flip: 20 samples class 4 \u2192 class 0
[2026-07-19 13:35:20,340] 39 root - INFO - [Attacker] Label flip: 12 samples class 4 \u2192 class 0
[2026-07-19 13:35:20,346] 39 root - INFO - [Attacker] Label flip: 10 samples class 4 \u2192 class 0
[2026-07-19 13:35:20,354] 39 root - INFO - [Attacker] Label flip: 11 samples class 4 \u2192 class 0
[2026-07-19 13:35:20,362] 39 root - INFO - [Attacker] Label flip: 15 samples class 4 \u2192 class 0
[2026-07-19 13:35:20,370] 39 root - INFO - [Attacker] Label flip: 9 samples class 4 \u2192 class 0
[2026-07-19 13:35:20,378] 39 root - INFO - [Attacker] Label flip: 13 samples class 4 \u2192 class 0
[2026-07-19 13:35:20,386] 39 root - INFO - [Attacker] Label flip: 12 samples class 4 \u2192 class 0
[2026-07-19 13:35:20,392] 39 root - INFO - [Attacker] Label flip: 11 samples class 4 \u2192 class 0
[2026-07-19 13:35:20,400] 39 root - INFO - [Attacker] Label flip: 12 samples class 4 \u2192 class 0
[2026-07-19 13:35:20,408] 39 root - INFO - [Attacker] Label flip: 20 samples class 4 \u2192 class 0
[2026-07-19 13:35:20,414] 39 root - INFO - [Attacker] Label flip: 12 samples class 4 \u2192 class 0
[2026-07-19 13:35:20,421] 39 root - INFO - [Attacker] Label flip: 13 samples class 4 \u2192 class 0
[2026-07-19 13:35:20,429] 39 root - INFO - [Attacker] Label flip: 12 samples class 4 \u2192 class 0
[2026-07-19 13:35:20,437] 39 root - INFO - [Attacker] Label flip: 17 samples class 4 \u2192 class 0
[2026-07-19 13:35:20,445] 39 root - INFO - [Attacker] Label flip: 10 samples class 4 \u2192 class 0
[2026-07-19 13:35:20,453] 39 root - INFO - [Attacker] Label flip: 17 samples class 4 \u2192 class 0
[2026-07-19 13:35:20,461] 39 root - INFO - [Attacker] Label flip: 11 samples class 4 \u2192 class 0
[2026-07-19 13:35:20,469] 39 root - INFO - [Attacker] Label flip: 3 samples class 4 \u2192 class 0
[2026-07-19 13:35:20,476] 39 root - INFO - [Attacker] Label flip: 15 samples class 4 \u2192 class 0
[2026-07-19 13:35:20,484] 39 root - INFO - [Attacker] Label flip: 8 samples class 4 \u2192 class 0
[2026-07-19 13:35:20,492] 39 root - INFO - [Attacker] Label flip: 7 samples class 4 \u2192 class 0
[2026-07-19 13:35:20,498] 39 root - INFO - [Attacker] Label flip: 16 samples class 4 \u2192 class 0
[2026-07-19 13:35:20,505] 39 root - INFO - [Attacker] Label flip: 14 samples class 4 \u2192 class 0
[2026-07-19 13:35:20,513] 39 root - INFO - [Attacker] Label flip: 13 samples class 4 \u2192 class 0
[2026-07-19 13:35:20,521] 39 root - INFO - [Attacker] Label flip: 14 samples class 4 \u2192 class 0
[2026-07-19 13:35:20,529] 39 root - INFO - [Attacker] Label flip: 14 samples class 4 \u2192 class 0
[2026-07-19 13:35:20,535] 39 root - INFO - [Attacker] Label flip: 12 samples class 4 \u2192 class 0
[2026-07-19 13:35:20,544] 39 root - INFO - [Attacker] Label flip: 12 samples class 4 \u2192 class 0
[2026-07-19 13:35:20,551] 39 root - INFO - [Attacker] Label flip: 7 samples class 4 \u2192 class 0
[2026-07-19 13:35:20,559] 39 root - INFO - [Attacker] Label flip: 12 samples class 4 \u2192 class 0
[2026-07-19 13:35:20,567] 39 root - INFO - [Attacker] Label flip: 14 samples class 4 \u2192 class 0
[2026-07-19 13:35:20,573] 39 root - INFO - [Attacker] Label flip: 10 samples class 4 \u2192 class 0
[2026-07-19 13:35:20,581] 39 root - INFO - [Attacker] Label flip: 13 samples class 4 \u2192 class 0
[2026-07-19 13:35:20,589] 39 root - INFO - [Attacker] Label flip: 15 samples class 4 \u2192 class 0
[2026-07-19 13:35:20,597] 39 root - INFO - [Attacker] Label flip: 13 samples class 4 \u2192 class 0
[2026-07-19 13:35:20,602] 39 root - INFO - [Attacker] Label flip: 6 samples class 4 \u2192 class 0
[2026-07-19 13:35:20,610] 39 root - INFO - [Attacker] Label flip: 10 samples class 4 \u2192 class 0
[2026-07-19 13:35:20,618] 39 root - INFO - [Attacker] Label flip: 12 samples class 4 \u2192 class 0
[2026-07-19 13:35:20,626] 39 root - INFO - [Attacker] Label flip: 22 samples class 4 \u2192 class 0
[2026-07-19 13:35:20,632] 39 root - INFO - [Attacker] Label flip: 12 samples class 4 \u2192 class 0
[2026-07-19 13:35:20,640] 39 root - INFO - [Attacker] Label flip: 16 samples class 4 \u2192 class 0
[2026-07-19 13:35:20,649] 39 root - INFO - [Attacker] Label flip: 11 samples class 4 \u2192 class 0
[2026-07-19 13:35:20,818] 39 root - INFO - [Attacker] Label flip: 9 samples class 4 \u2192 class 0
[2026-07-19 13:35:20,826] 39 root - INFO - [Attacker] Label flip: 5 samples class 4 \u2192 class 0
[2026-07-19 13:35:20,834] 39 root - INFO - [Attacker] Label flip: 17 samples class 4 \u2192 class 0
[2026-07-19 13:35:20,842] 39 root - INFO - [Attacker] Label flip: 9 samples class 4 \u2192 class 0
[2026-07-19 13:35:20,848] 39 root - INFO - [Attacker] Label flip: 13 samples class 4 \u2192 class 0
[2026-07-19 13:35:20,856] 39 root - INFO - [Attacker] Label flip: 8 samples class 4 \u2192 class 0
[2026-07-19 13:35:20,864] 39 root - INFO - [Attacker] Label flip: 14 samples class 4 \u2192 class 0
[2026-07-19 13:35:20,871] 39 root - INFO - [Attacker] Label flip: 15 samples class 4 \u2192 class 0
[2026-07-19 13:35:20,879] 39 root - INFO - [Attacker] Label flip: 14 samples class 4 \u2192 class 0
[2026-07-19 13:35:20,887] 39 root - INFO - [Attacker] Label flip: 15 samples class 4 \u2192 class 0
[2026-07-19 13:35:20,895] 39 root - INFO - [Attacker] Label flip: 10 samples class 4 \u2192 class 0
[2026-07-19 13:35:20,901] 39 root - INFO - [Attacker] Label flip: 10 samples class 4 \u2192 class 0
[2026-07-19 13:35:20,909] 39 root - INFO - [Attacker] Label flip: 19 samples class 4 \u2192 class 0
[2026-07-19 13:35:20,919] 39 root - INFO - [Attacker] Label flip: 10 samples class 4 \u2192 class 0
[2026-07-19 13:35:20,925] 39 root - INFO - [Attacker] Label flip: 15 samples class 4 \u2192 class 0
[2026-07-19 13:35:20,933] 39 root - INFO - [Attacker] Label flip: 9 samples class 4 \u2192 class 0
[2026-07-19 13:35:20,941] 39 root - INFO - [Attacker] Label flip: 13 samples class 4 \u2192 class 0
[2026-07-19 13:35:20,948] 39 root - INFO - [Attacker] Label flip: 17 samples class 4 \u2192 class 0
[2026-07-19 13:35:20,956] 39 root - INFO - [Attacker] Label flip: 14 samples class 4 \u2192 class 0
[2026-07-19 13:35:20,962] 39 root - INFO - [Attacker] Label flip: 18 samples class 4 \u2192 class 0
[2026-07-19 13:35:20,970] 39 root - INFO - [Attacker] Label flip: 13 samples class 4 \u2192 class 0
[2026-07-19 13:35:20,978] 39 root - INFO - [Attacker] Label flip: 15 samples class 4 \u2192 class 0
[2026-07-19 13:35:20,984] 39 root - INFO - [Attacker] Label flip: 12 samples class 4 \u2192 class 0
[2026-07-19 13:35:20,992] 39 root - INFO - [Attacker] Label flip: 16 samples class 4 \u2192 class 0
[2026-07-19 13:35:21,000] 39 root - INFO - [Attacker] Label flip: 13 samples class 4 \u2192 class 0
[2026-07-19 13:35:21,008] 39 root - INFO - [Attacker] Label flip: 11 samples class 4 \u2192 class 0
[2026-07-19 13:35:21,015] 39 root - INFO - [Attacker] Label flip: 20 samples class 4 \u2192 class 0
[2026-07-19 13:35:21,023] 39 root - INFO - [Attacker] Label flip: 10 samples class 4 \u2192 class 0
[2026-07-19 13:35:21,031] 39 root - INFO - [Attacker] Label flip: 18 samples class 4 \u2192 class 0
[2026-07-19 13:35:21,037] 39 root - INFO - [Attacker] Label flip: 11 samples class 4 \u2192 class 0
[2026-07-19 13:35:21,044] 39 root - INFO - [Attacker] Label flip: 12 samples class 4 \u2192 class 0
[2026-07-19 13:35:21,052] 39 root - INFO - [Attacker] Label flip: 11 samples class 4 \u2192 class 0
[2026-07-19 13:35:21,060] 39 root - INFO - [Attacker] Label flip: 9 samples class 4 \u2192 class 0
[2026-07-19 13:35:21,066] 39 root - INFO - [Attacker] Label flip: 10 samples class 4 \u2192 class 0
[2026-07-19 13:35:21,074] 39 root - INFO - [Attacker] Label flip: 15 samples class 4 \u2192 class 0
[2026-07-19 13:35:21,082] 39 root - INFO - [Attacker] Label flip: 10 samples class 4 \u2192 class 0
[2026-07-19 13:35:21,090] 39 root - INFO - [Attacker] Label flip: 11 samples class 4 \u2192 class 0
[2026-07-19 13:35:21,098] 39 root - INFO - [Attacker] Label flip: 11 samples class 4 \u2192 class 0
[2026-07-19 13:35:21,106] 39 root - INFO - [Attacker] Label flip: 18 samples class 4 \u2192 class 0
[2026-07-19 13:35:21,114] 39 root - INFO - [Attacker] Label flip: 11 samples class 4 \u2192 class 0
[2026-07-19 13:35:21,122] 39 root - INFO - [Attacker] Label flip: 13 samples class 4 \u2192 class 0
[2026-07-19 13:35:21,128] 39 root - INFO - [Attacker] Label flip: 10 samples class 4 \u2192 class 0
[2026-07-19 13:35:21,136] 39 root - INFO - [Attacker] Label flip: 11 samples class 4 \u2192 class 0
[2026-07-19 13:35:21,143] 39 root - INFO - [Attacker] Label flip: 11 samples class 4 \u2192 class 0
[2026-07-19 13:35:21,151] 39 root - INFO - [Attacker] Label flip: 14 samples class 4 \u2192 class 0
[2026-07-19 13:35:21,159] 39 root - INFO - [Attacker] Label flip: 14 samples class 4 \u2192 class 0
[2026-07-19 13:35:21,167] 39 root - INFO - [Attacker] Label flip: 14 samples class 4 \u2192 class 0
[2026-07-19 13:35:21,175] 39 root - INFO - [Attacker] Label flip: 10 samples class 4 \u2192 class 0
[2026-07-19 13:35:21,181] 39 root - INFO - [Attacker] Label flip: 14 samples class 4 \u2192 class 0
[2026-07-19 13:35:21,189] 39 root - INFO - [Attacker] Label flip: 15 samples class 4 \u2192 class 0
[2026-07-19 13:35:21,197] 39 root - INFO - [Attacker] Label flip: 14 samples class 4 \u2192 class 0
[2026-07-19 13:35:21,205] 39 root - INFO - [Attacker] Label flip: 9 samples class 4 \u2192 class 0
[2026-07-19 13:35:21,211] 39 root - INFO - [Attacker] Label flip: 11 samples class 4 \u2192 class 0
[2026-07-19 13:35:21,218] 39 root - INFO - [Attacker] Label flip: 16 samples class 4 \u2192 class 0
[2026-07-19 13:35:21,226] 39 root - INFO - [Attacker] Label flip: 17 samples class 4 \u2192 class 0
[2026-07-19 13:35:21,234] 39 root - INFO - [Attacker] Label flip: 8 samples class 4 \u2192 class 0
[2026-07-19 13:35:21,242] 39 root - INFO - [Attacker] Label flip: 9 samples class 4 \u2192 class 0
[2026-07-19 13:35:21,248] 39 root - INFO - [Attacker] Label flip: 14 samples class 4 \u2192 class 0
[2026-07-19 13:35:21,256] 39 root - INFO - [Attacker] Label flip: 20 samples class 4 \u2192 class 0
[2026-07-19 13:35:21,263] 39 root - INFO - [Attacker] Label flip: 10 samples class 4 \u2192 class 0
[2026-07-19 13:35:21,271] 39 root - INFO - [Attacker] Label flip: 7 samples class 4 \u2192 class 0
[2026-07-19 13:35:21,281] 39 root - INFO - [Attacker] Label flip: 10 samples class 4 \u2192 class 0
[2026-07-19 13:35:21,287] 39 root - INFO - [Attacker] Label flip: 17 samples class 4 \u2192 class 0
[2026-07-19 13:35:21,295] 39 root - INFO - [Attacker] Label flip: 16 samples class 4 \u2192 class 0
[2026-07-19 13:35:21,303] 39 root - INFO - [Attacker] Label flip: 18 samples class 4 \u2192 class 0
[2026-07-19 13:35:21,311] 39 root - INFO - [Attacker] Label flip: 16 samples class 4 \u2192 class 0
[2026-07-19 13:35:21,319] 39 root - INFO - [Attacker] Label flip: 10 samples class 4 \u2192 class 0
[2026-07-19 13:35:21,329] 39 root - INFO - [Attacker] Label flip: 19 samples class 4 \u2192 class 0
[2026-07-19 13:35:21,337] 39 root - INFO - [Attacker] Label flip: 10 samples class 4 \u2192 class 0
[2026-07-19 13:35:21,344] 39 root - INFO - [Attacker] Label flip: 7 samples class 4 \u2192 class 0
[2026-07-19 13:35:21,352] 39 root - INFO - [Attacker] Label flip: 7 samples class 4 \u2192 class 0
[2026-07-19 13:35:21,360] 39 root - INFO - [Attacker] Label flip: 9 samples class 4 \u2192 class 0
[2026-07-19 13:35:21,367] 39 root - INFO - [Attacker] Label flip: 10 samples class 4 \u2192 class 0
[2026-07-19 13:35:21,376] 39 root - INFO - [Attacker] Label flip: 12 samples class 4 \u2192 class 0
[2026-07-19 13:35:21,382] 39 root - INFO - [Attacker] Label flip: 11 samples class 4 \u2192 class 0
[2026-07-19 13:35:21,390] 39 root - INFO - [Attacker] Label flip: 9 samples class 4 \u2192 class 0
[2026-07-19 13:35:21,398] 39 root - INFO - [Attacker] Label flip: 12 samples class 4 \u2192 class 0
[2026-07-19 13:35:21,406] 39 root - INFO - [Attacker] Label flip: 7 samples class 4 \u2192 class 0
[2026-07-19 13:35:21,414] 39 root - INFO - [Attacker] Label flip: 11 samples class 4 \u2192 class 0
[2026-07-19 13:35:21,420] 39 root - INFO - [Attacker] Label flip: 14 samples class 4 \u2192 class 0
[2026-07-19 13:35:21,430] 39 root - INFO - [Attacker] Label flip: 19 samples class 4 \u2192 class 0
[2026-07-19 13:35:21,437] 39 root - INFO - [Attacker] Label flip: 13 samples class 4 \u2192 class 0
[2026-07-19 13:35:21,443] 39 root - INFO - [Attacker] Label flip: 7 samples class 4 \u2192 class 0
[2026-07-19 13:35:21,451] 39 root - INFO - [Attacker] Label flip: 12 samples class 4 \u2192 class 0
[2026-07-19 13:35:21,459] 39 root - INFO - [Attacker] Label flip: 9 samples class 4 \u2192 class 0
[2026-07-19 13:35:21,467] 39 root - INFO - [Attacker] Label flip: 6 samples class 4 \u2192 class 0
[2026-07-19 13:35:21,485] 39 root - INFO - [Attacker] Label flip: 18 samples class 4 \u2192 class 0
[2026-07-19 13:35:21,493] 39 root - INFO - [Attacker] Label flip: 14 samples class 4 \u2192 class 0
[2026-07-19 13:35:21,499] 39 root - INFO - [Attacker] Label flip: 13 samples class 4 \u2192 class 0
[2026-07-19 13:35:21,509] 39 root - INFO - [Attacker] Label flip: 14 samples class 4 \u2192 class 0
[2026-07-19 13:35:21,517] 39 root - INFO - [Attacker] Label flip: 9 samples class 4 \u2192 class 0
[2026-07-19 13:35:21,523] 39 root - INFO - [Attacker] Label flip: 20 samples class 4 \u2192 class 0
[2026-07-19 13:35:21,530] 39 root - INFO - [Attacker] Label flip: 9 samples class 4 \u2192 class 0
[2026-07-19 13:35:21,540] 39 root - INFO - [Attacker] Label flip: 10 samples class 4 \u2192 class 0
[2026-07-19 13:35:21,545] 39 root - INFO - [Attacker] Label flip: 13 samples class 4 \u2192 class 0
[2026-07-19 13:35:21,553] 39 root - INFO - [Attacker] Label flip: 6 samples class 4 \u2192 class 0
[2026-07-19 13:35:21,561] 39 root - INFO - [Attacker] Label flip: 18 samples class 4 \u2192 class 0
[2026-07-19 13:35:21,569] 39 root - INFO - [Attacker] Label flip: 10 samples class 4 \u2192 class 0
[2026-07-19 13:35:21,577] 39 root - INFO - [Attacker] Label flip: 15 samples class 4 \u2192 class 0
[2026-07-19 13:35:21,585] 39 root - INFO - [Attacker] Label flip: 11 samples class 4 \u2192 class 0
[2026-07-19 13:35:21,591] 39 root - INFO - [Attacker] Label flip: 8 samples class 4 \u2192 class 0
[2026-07-19 13:35:21,601] 39 root - INFO - [Attacker] Label flip: 12 samples class 4 \u2192 class 0
[2026-07-19 13:35:21,609] 39 root - INFO - [Attacker] Label flip: 14 samples class 4 \u2192 class 0
[2026-07-19 13:35:21,615] 39 root - INFO - [Attacker] Label flip: 8 samples class 4 \u2192 class 0
[2026-07-19 13:35:21,622] 39 root - INFO - [Attacker] Label flip: 9 samples class 4 \u2192 class 0
[2026-07-19 13:35:21,630] 39 root - INFO - [Attacker] Label flip: 14 samples class 4 \u2192 class 0
[2026-07-19 13:35:21,638] 39 root - INFO - [Attacker] Label flip: 15 samples class 4 \u2192 class 0
[2026-07-19 13:35:21,646] 39 root - INFO - [Attacker] Label flip: 7 samples class 4 \u2192 class 0
[2026-07-19 13:35:21,652] 39 root - INFO - [Attacker] Label flip: 7 samples class 4 \u2192 class 0
[2026-07-19 13:35:21,660] 39 root - INFO - [Attacker] Label flip: 15 samples class 4 \u2192 class 0
[2026-07-19 13:35:21,668] 39 root - INFO - [Attacker] Label flip: 17 samples class 4 \u2192 class 0
[2026-07-19 13:35:21,676] 39 root - INFO - [Attacker] Label flip: 11 samples class 4 \u2192 class 0
[2026-07-19 13:35:21,684] 39 root - INFO - [Attacker] Label flip: 15 samples class 4 \u2192 class 0
[2026-07-19 13:35:21,690] 39 root - INFO - [Attacker] Label flip: 12 samples class 4 \u2192 class 0
[2026-07-19 13:35:21,698] 39 root - INFO - [Attacker] Label flip: 14 samples class 4 \u2192 class 0
[2026-07-19 13:35:21,706] 39 root - INFO - [Attacker] Label flip: 17 samples class 4 \u2192 class 0
[2026-07-19 13:35:21,714] 39 root - INFO - [Attacker] Label flip: 11 samples class 4 \u2192 class 0
[2026-07-19 13:35:21,721] 39 root - INFO - [Attacker] Label flip: 14 samples class 4 \u2192 class 0
[2026-07-19 13:35:21,729] 39 root - INFO - [Attacker] Label flip: 13 samples class 4 \u2192 class 0
[2026-07-19 13:35:21,737] 39 root - INFO - [Attacker] Label flip: 11 samples class 4 \u2192 class 0
[2026-07-19 13:35:21,743] 39 root - INFO - [Attacker] Label flip: 12 samples class 4 \u2192 class 0
[2026-07-19 13:35:21,751] 39 root - INFO - [Attacker] Label flip: 10 samples class 4 \u2192 class 0
[2026-07-19 13:35:21,759] 39 root - INFO - [Attacker] Label flip: 12 samples class 4 \u2192 class 0
[2026-07-19 13:35:21,767] 39 root - INFO - [Attacker] Label flip: 15 samples class 4 \u2192 class 0
[2026-07-19 13:35:21,775] 39 root - INFO - [Attacker] Label flip: 10 samples class 4 \u2192 class 0
[2026-07-19 13:35:21,783] 39 root - INFO - [Attacker] Label flip: 14 samples class 4 \u2192 class 0
[2026-07-19 13:35:21,789] 39 root - INFO - [Attacker] Label flip: 13 samples class 4 \u2192 class 0
[2026-07-19 13:35:21,796] 39 root - INFO - [Attacker] Label flip: 15 samples class 4 \u2192 class 0
[2026-07-19 13:35:21,804] 39 root - INFO - [Attacker] Label flip: 19 samples class 4 \u2192 class 0
[2026-07-19 13:35:21,812] 39 root - INFO - [Attacker] Label flip: 16 samples class 4 \u2192 class 0
[2026-07-19 13:35:21,818] 39 root - INFO - [Attacker] Label flip: 11 samples class 4 \u2192 class 0
[2026-07-19 13:35:21,826] 39 root - INFO - [Attacker] Label flip: 5 samples class 4 \u2192 class 0
[2026-07-19 13:35:21,834] 39 root - INFO - [Attacker] Label flip: 11 samples class 4 \u2192 class 0
[2026-07-19 13:35:21,840] 39 root - INFO - [Attacker] Label flip: 15 samples class 4 \u2192 class 0
[2026-07-19 13:35:21,848] 39 root - INFO - [Attacker] Label flip: 15 samples class 4 \u2192 class 0
[2026-07-19 13:35:21,856] 39 root - INFO - [Attacker] Label flip: 17 samples class 4 \u2192 class 0
[2026-07-19 13:35:21,864] 39 root - INFO - [Attacker] Label flip: 12 samples class 4 \u2192 class 0
[2026-07-19 13:35:21,872] 39 root - INFO - [Attacker] Label flip: 16 samples class 4 \u2192 class 0
[2026-07-19 13:35:21,880] 39 root - INFO - [Attacker] Label flip: 19 samples class 4 \u2192 class 0
[2026-07-19 13:35:21,888] 39 root - INFO - [Attacker] Label flip: 8 samples class 4 \u2192 class 0
[2026-07-19 13:35:21,895] 39 root - INFO - [Attacker] Label flip: 16 samples class 4 \u2192 class 0
[2026-07-19 13:35:21,901] 39 root - INFO - [Attacker] Label flip: 11 samples class 4 \u2192 class 0
[2026-07-19 13:35:21,910] 39 root - INFO - [Attacker] Label flip: 14 samples class 4 \u2192 class 0
[2026-07-19 13:35:21,918] 39 root - INFO - [Attacker] Label flip: 12 samples class 4 \u2192 class 0
[2026-07-19 13:35:21,925] 39 root - INFO - [Attacker] Label flip: 8 samples class 4 \u2192 class 0
[2026-07-19 13:35:21,933] 39 root - INFO - [Attacker] Label flip: 14 samples class 4 \u2192 class 0
[2026-07-19 13:35:21,941] 39 root - INFO - [Attacker] Label flip: 7 samples class 4 \u2192 class 0
[2026-07-19 13:35:21,949] 39 root - INFO - [Attacker] Label flip: 11 samples class 4 \u2192 class 0
[2026-07-19 13:35:21,955] 39 root - INFO - [Attacker] Label flip: 14 samples class 4 \u2192 class 0
[2026-07-19 13:35:21,963] 39 root - INFO - [Attacker] Label flip: 18 samples class 4 \u2192 class 0
[2026-07-19 13:35:21,971] 39 root - INFO - [Attacker] Label flip: 12 samples class 4 \u2192 class 0
[2026-07-19 13:35:21,979] 39 root - INFO - [Attacker] Label flip: 7 samples class 4 \u2192 class 0
[2026-07-19 13:35:21,985] 39 root - INFO - [Attacker] Label flip: 9 samples class 4 \u2192 class 0
[2026-07-19 13:35:21,992] 39 root - INFO - [Attacker] Label flip: 9 samples class 4 \u2192 class 0
[2026-07-19 13:35:22,000] 39 root - INFO - [Attacker] Label flip: 18 samples class 4 \u2192 class 0
[2026-07-19 13:35:22,008] 39 root - INFO - [Attacker] Label flip: 18 samples class 4 \u2192 class 0
[2026-07-19 13:35:22,016] 39 root - INFO - [Attacker] Label flip: 13 samples class 4 \u2192 class 0
[2026-07-19 13:35:22,024] 39 root - INFO - [Attacker] Label flip: 15 samples class 4 \u2192 class 0
[2026-07-19 13:35:22,030] 39 root - INFO - [Attacker] Label flip: 16 samples class 4 \u2192 class 0
[2026-07-19 13:35:22,038] 39 root - INFO - [Attacker] Label flip: 11 samples class 4 \u2192 class 0
[2026-07-19 13:35:22,046] 39 root - INFO - [Attacker] Label flip: 7 samples class 4 \u2192 class 0
[2026-07-19 13:35:22,053] 39 root - INFO - [Attacker] Label flip: 13 samples class 4 \u2192 class 0
[2026-07-19 13:35:22,061] 39 root - INFO - [Attacker] Label flip: 19 samples class 4 \u2192 class 0
[2026-07-19 13:35:22,069] 39 root - INFO - [Attacker] Label flip: 12 samples class 4 \u2192 class 0
[2026-07-19 13:35:22,075] 39 root - INFO - [Attacker] Label flip: 17 samples class 4 \u2192 class 0
[2026-07-19 13:35:22,082] 39 root - INFO - [Attacker] Label flip: 13 samples class 4 \u2192 class 0
[2026-07-19 13:35:22,090] 39 root - INFO - [Attacker] Label flip: 13 samples class 4 \u2192 class 0
[2026-07-19 13:35:22,098] 39 root - INFO - [Attacker] Label flip: 12 samples class 4 \u2192 class 0
[2026-07-19 13:35:22,106] 39 root - INFO - [Attacker] Label flip: 16 samples class 4 \u2192 class 0
[2026-07-19 13:35:22,114] 39 root - INFO - [Attacker] Label flip: 5 samples class 4 \u2192 class 0
[2026-07-19 13:35:22,122] 39 root - INFO - [Attacker] Label flip: 10 samples class 4 \u2192 class 0
[2026-07-19 13:35:22,130] 39 root - INFO - [Attacker] Label flip: 13 samples class 4 \u2192 class 0
[2026-07-19 13:35:22,136] 39 root - INFO - [Attacker] Label flip: 7 samples class 4 \u2192 class 0
[2026-07-19 13:35:22,144] 39 root - INFO - [Attacker] Label flip: 12 samples class 4 \u2192 class 0
[2026-07-19 13:35:22,152] 39 root - INFO - [Attacker] Label flip: 11 samples class 4 \u2192 class 0
[2026-07-19 13:35:22,160] 39 root - INFO - [Attacker] Label flip: 18 samples class 4 \u2192 class 0
[2026-07-19 13:35:22,168] 39 root - INFO - [Attacker] Label flip: 17 samples class 4 \u2192 class 0
[2026-07-19 13:35:22,174] 39 root - INFO - [Attacker] Label flip: 8 samples class 4 \u2192 class 0
[2026-07-19 13:35:22,181] 39 root - INFO - [Attacker] Label flip: 15 samples class 4 \u2192 class 0
[2026-07-19 13:35:22,189] 39 root - INFO - [Attacker] Label flip: 14 samples class 4 \u2192 class 0
[2026-07-19 13:35:22,197] 39 root - INFO - [Attacker] Label flip: 19 samples class 4 \u2192 class 0
[2026-07-19 13:35:22,205] 39 root - INFO - [Attacker] Label flip: 11 samples class 4 \u2192 class 0
[2026-07-19 13:35:22,211] 39 root - INFO - [Attacker] Label flip: 13 samples class 4 \u2192 class 0
[2026-07-19 13:35:22,219] 39 root - INFO - [Attacker] Label flip: 13 samples class 4 \u2192 class 0
[2026-07-19 13:35:22,227] 39 root - INFO - [Attacker] Label flip: 19 samples class 4 \u2192 class 0
[2026-07-19 13:35:22,235] 39 root - INFO - [Attacker] Label flip: 11 samples class 4 \u2192 class 0
[2026-07-19 13:35:22,241] 39 root - INFO - [Attacker] Label flip: 13 samples class 4 \u2192 class 0
[2026-07-19 13:35:22,249] 39 root - INFO - [Attacker] Label flip: 17 samples class 4 \u2192 class 0
[2026-07-19 13:35:22,256] 39 root - INFO - [Attacker] Label flip: 8 samples class 4 \u2192 class 0
[2026-07-19 13:35:22,264] 39 root - INFO - [Attacker] Label flip: 15 samples class 4 \u2192 class 0
[2026-07-19 13:35:22,270] 39 root - INFO - [Attacker] Label flip: 9 samples class 4 \u2192 class 0
[2026-07-19 13:35:22,278] 39 root - INFO - [Attacker] Label flip: 13 samples class 4 \u2192 class 0
[2026-07-19 13:35:22,286] 39 root - INFO - [Attacker] Label flip: 13 samples class 4 \u2192 class 0
[2026-07-19 13:35:22,294] 39 root - INFO - [Attacker] Label flip: 14 samples class 4 \u2192 class 0
[2026-07-19 13:35:22,300] 39 root - INFO - [Attacker] Label flip: 15 samples class 4 \u2192 class 0
[2026-07-19 13:35:22,308] 39 root - INFO - [Attacker] Label flip: 8 samples class 4 \u2192 class 0
[2026-07-19 13:35:22,316] 39 root - INFO - [Attacker] Label flip: 18 samples class 4 \u2192 class 0
[2026-07-19 13:35:22,323] 39 root - INFO - [Attacker] Label flip: 16 samples class 4 \u2192 class 0
[2026-07-19 13:35:22,331] 39 root - INFO - [Attacker] Label flip: 14 samples class 4 \u2192 class 0
[2026-07-19 13:35:22,339] 39 root - INFO - [Attacker] Label flip: 10 samples class 4 \u2192 class 0
[2026-07-19 13:35:22,347] 39 root - INFO - [Attacker] Label flip: 10 samples class 4 \u2192 class 0
[2026-07-19 13:35:22,355] 39 root - INFO - [Attacker] Label flip: 14 samples class 4 \u2192 class 0
[2026-07-19 13:35:22,363] 39 root - INFO - [Attacker] Label flip: 10 samples class 4 \u2192 class 0
[2026-07-19 13:35:22,371] 39 root - INFO - [Attacker] Label flip: 15 samples class 4 \u2192 class 0
[2026-07-19 13:35:22,377] 39 root - INFO - [Attacker] Label flip: 14 samples class 4 \u2192 class 0
[2026-07-19 13:35:22,384] 39 root - INFO - [Attacker] Label flip: 11 samples class 4 \u2192 class 0
[2026-07-19 13:35:22,392] 39 root - INFO - [Attacker] Label flip: 20 samples class 4 \u2192 class 0
[2026-07-19 13:35:22,400] 39 root - INFO - [Attacker] Label flip: 19 samples class 4 \u2192 class 0
[2026-07-19 13:35:22,406] 39 root - INFO - [Attacker] Label flip: 15 samples class 4 \u2192 class 0
[2026-07-19 13:35:22,414] 39 root - INFO - [Attacker] Label flip: 11 samples class 4 \u2192 class 0
[2026-07-19 13:35:22,422] 39 root - INFO - [Attacker] Label flip: 11 samples class 4 \u2192 class 0
[2026-07-19 13:35:22,430] 39 root - INFO - [Attacker] Label flip: 13 samples class 4 \u2192 class 0
[2026-07-19 13:35:22,438] 39 root - INFO - [Attacker] Label flip: 14 samples class 4 \u2192 class 0
[2026-07-19 13:35:22,445] 39 root - INFO - [Attacker] Label flip: 15 samples class 4 \u2192 class 0
[2026-07-19 13:35:22,451] 39 root - INFO - [Attacker] Label flip: 28 samples class 4 \u2192 class 0
[2026-07-19 13:35:22,459] 39 root - INFO - [Attacker] Label flip: 13 samples class 4 \u2192 class 0
[2026-07-19 13:35:22,467] 39 root - INFO - [Attacker] Label flip: 12 samples class 4 \u2192 class 0
[2026-07-19 13:35:22,475] 39 root - INFO - [Attacker] Label flip: 13 samples class 4 \u2192 class 0
[2026-07-19 13:35:22,483] 39 root - INFO - [Attacker] Label flip: 16 samples class 4 \u2192 class 0
[2026-07-19 13:35:22,491] 39 root - INFO - [Attacker] Label flip: 13 samples class 4 \u2192 class 0
[2026-07-19 13:35:22,497] 39 root - INFO - [Attacker] Label flip: 9 samples class 4 \u2192 class 0
[2026-07-19 13:35:22,505] 39 root - INFO - [Attacker] Label flip: 6 samples class 4 \u2192 class 0
[2026-07-19 13:35:22,513] 39 root - INFO - [Attacker] Label flip: 19 samples class 4 \u2192 class 0
[2026-07-19 13:35:22,521] 39 root - INFO - [Attacker] Label flip: 13 samples class 4 \u2192 class 0
[2026-07-19 13:35:22,528] 39 root - INFO - [Attacker] Label flip: 14 samples class 4 \u2192 class 0
[2026-07-19 13:35:22,534] 39 root - INFO - [Attacker] Label flip: 11 samples class 4 \u2192 class 0
[2026-07-19 13:35:22,542] 39 root - INFO - [Attacker] Label flip: 16 samples class 4 \u2192 class 0
[2026-07-19 13:35:22,550] 39 root - INFO - [Attacker] Label flip: 8 samples class 4 \u2192 class 0
[2026-07-19 13:35:22,558] 39 root - INFO - [Attacker] Label flip: 10 samples class 4 \u2192 class 0
[2026-07-19 13:35:22,566] 39 root - INFO - [Attacker] Label flip: 15 samples class 4 \u2192 class 0
[2026-07-19 13:35:22,574] 39 root - INFO - [Attacker] Label flip: 10 samples class 4 \u2192 class 0
[2026-07-19 13:35:22,581] 39 root - INFO - [Attacker] Label flip: 10 samples class 4 \u2192 class 0
[2026-07-19 13:35:22,589] 39 root - INFO - [Attacker] Label flip: 8 samples class 4 \u2192 class 0
[2026-07-19 13:35:22,597] 39 root - INFO - [Attacker] Label flip: 10 samples class 4 \u2192 class 0
[2026-07-19 13:35:22,605] 39 root - INFO - [Attacker] Label flip: 15 samples class 4 \u2192 class 0
[2026-07-19 13:35:22,613] 39 root - INFO - [Attacker] Label flip: 11 samples class 4 \u2192 class 0
[2026-07-19 13:35:22,620] 39 root - INFO - [Attacker] Label flip: 15 samples class 4 \u2192 class 0
[2026-07-19 13:35:22,626] 39 root - INFO - [Attacker] Label flip: 13 samples class 4 \u2192 class 0
[2026-07-19 13:35:22,635] 39 root - INFO - [Attacker] Label flip: 13 samples class 4 \u2192 class 0
[2026-07-19 13:35:22,642] 39 root - INFO - [Attacker] Label flip: 12 samples class 4 \u2192 class 0
[2026-07-19 13:35:22,651] 39 root - INFO - [Attacker] Label flip: 9 samples class 4 \u2192 class 0
[2026-07-19 13:35:22,658] 39 root - INFO - [Attacker] Label flip: 11 samples class 4 \u2192 class 0
[2026-07-19 13:35:22,666] 39 root - INFO - [Attacker] Label flip: 15 samples class 4 \u2192 class 0
[2026-07-19 13:35:22,674] 39 root - INFO - [Attacker] Label flip: 17 samples class 4 \u2192 class 0
[2026-07-19 13:35:22,680] 39 root - INFO - [Attacker] Label flip: 12 samples class 4 \u2192 class 0
[2026-07-19 13:35:22,688] 39 root - INFO - [Attacker] Label flip: 15 samples class 4 \u2192 class 0
[2026-07-19 13:35:22,696] 39 root - INFO - [Attacker] Label flip: 12 samples class 4 \u2192 class 0
[2026-07-19 13:35:22,704] 39 root - INFO - [Attacker] Label flip: 12 samples class 4 \u2192 class 0
[2026-07-19 13:35:22,712] 39 root - INFO - [Attacker] Label flip: 13 samples class 4 \u2192 class 0
[2026-07-19 13:35:22,719] 39 root - INFO - [Attacker] Label flip: 20 samples class 4 \u2192 class 0
[2026-07-19 13:35:22,725] 39 root - INFO - [Attacker] Label flip: 12 samples class 4 \u2192 class 0
[2026-07-19 13:35:22,733] 39 root - INFO - [Attacker] Label flip: 14 samples class 4 \u2192 class 0
[2026-07-19 13:35:22,741] 39 root - INFO - [Attacker] Label flip: 12 samples class 4 \u2192 class 0
[2026-07-19 13:35:22,749] 39 root - INFO - [Attacker] Label flip: 14 samples class 4 \u2192 class 0
[2026-07-19 13:35:22,757] 39 root - INFO - [Attacker] Label flip: 5 samples class 4 \u2192 class 0
[2026-07-19 13:35:22,765] 39 root - INFO - [Attacker] Label flip: 11 samples class 4 \u2192 class 0
[2026-07-19 13:35:22,771] 39 root - INFO - [Attacker] Label flip: 7 samples class 4 \u2192 class 0
[2026-07-19 13:35:22,779] 39 root - INFO - [Attacker] Label flip: 15 samples class 4 \u2192 class 0
[2026-07-19 13:35:22,787] 39 root - INFO - [Attacker] Label flip: 14 samples class 4 \u2192 class 0
[2026-07-19 13:35:22,794] 39 root - INFO - [Attacker] Label flip: 15 samples class 4 \u2192 class 0
[2026-07-19 13:35:22,800] 39 root - INFO - [Attacker] Label flip: 13 samples class 4 \u2192 class 0
[2026-07-19 13:35:22,808] 39 root - INFO - [Attacker] Label flip: 15 samples class 4 \u2192 class 0
[2026-07-19 13:35:22,816] 39 root - INFO - [Attacker] Label flip: 17 samples class 4 \u2192 class 0
[2026-07-19 13:35:22,824] 39 root - INFO - [Attacker] Label flip: 12 samples class 4 \u2192 class 0
[2026-07-19 13:35:22,832] 39 root - INFO - [Attacker] Label flip: 14 samples class 4 \u2192 class 0
[2026-07-19 13:35:22,839] 39 root - INFO - [Attacker] Label flip: 9 samples class 4 \u2192 class 0
[2026-07-19 13:35:22,846] 39 root - INFO - [Attacker] Label flip: 15 samples class 4 \u2192 class 0
[2026-07-19 13:35:22,854] 39 root - INFO - [Attacker] Label flip: 10 samples class 4 \u2192 class 0
[2026-07-19 13:35:22,863] 39 root - INFO - [Attacker] Label flip: 15 samples class 4 \u2192 class 0
[2026-07-19 13:35:22,871] 39 root - INFO - [Attacker] Label flip: 16 samples class 4 \u2192 class 0
[2026-07-19 13:35:22,879] 39 root - INFO - [Attacker] Label flip: 11 samples class 4 \u2192 class 0
[2026-07-19 13:35:22,885] 39 root - INFO - [Attacker] Label flip: 14 samples class 4 \u2192 class 0
[2026-07-19 13:35:22,893] 39 root - INFO - [Attacker] Label flip: 13 samples class 4 \u2192 class 0
[2026-07-19 13:35:22,901] 39 root - INFO - [Attacker] Label flip: 11 samples class 4 \u2192 class 0
[2026-07-19 13:35:22,909] 39 root - INFO - [Attacker] Label flip: 11 samples class 4 \u2192 class 0
[2026-07-19 13:35:22,917] 39 root - INFO - [Attacker] Label flip: 13 samples class 4 \u2192 class 0
[2026-07-19 13:35:22,924] 39 root - INFO - [Attacker] Label flip: 11 samples class 4 \u2192 class 0
[2026-07-19 13:35:22,930] 39 root - INFO - [Attacker] Label flip: 17 samples class 4 \u2192 class 0
[2026-07-19 13:35:22,940] 39 root - INFO - [Attacker] Label flip: 13 samples class 4 \u2192 class 0
[2026-07-19 13:35:22,946] 39 root - INFO - [Attacker] Label flip: 14 samples class 4 \u2192 class 0
[2026-07-19 13:35:22,954] 39 root - INFO - [Attacker] Label flip: 10 samples class 4 \u2192 class 0
[2026-07-19 13:35:22,962] 39 root - INFO - [Attacker] Label flip: 12 samples class 4 \u2192 class 0
[2026-07-19 13:35:22,970] 39 root - INFO - [Attacker] Label flip: 18 samples class 4 \u2192 class 0
[2026-07-19 13:35:22,976] 39 root - INFO - [Attacker] Label flip: 12 samples class 4 \u2192 class 0
[2026-07-19 13:35:22,983] 39 root - INFO - [Attacker] Label flip: 14 samples class 4 \u2192 class 0
[2026-07-19 13:35:22,991] 39 root - INFO - [Attacker] Label flip: 15 samples class 4 \u2192 class 0
[2026-07-19 13:35:22,999] 39 root - INFO - [Attacker] Label flip: 15 samples class 4 \u2192 class 0
[2026-07-19 13:35:23,007] 39 root - INFO - [Attacker] Label flip: 23 samples class 4 \u2192 class 0
[2026-07-19 13:35:23,015] 39 root - INFO - [Attacker] Label flip: 9 samples class 4 \u2192 class 0
[2026-07-19 13:35:23,021] 39 root - INFO - [Attacker] Label flip: 16 samples class 4 \u2192 class 0
[2026-07-19 13:35:23,029] 39 root - INFO - [Attacker] Label flip: 12 samples class 4 \u2192 class 0
[2026-07-19 13:35:23,037] 39 root - INFO - [Attacker] Label flip: 13 samples class 4 \u2192 class 0
[2026-07-19 13:35:23,044] 39 root - INFO - [Attacker] Label flip: 11 samples class 4 \u2192 class 0
[2026-07-19 13:35:23,052] 39 root - INFO - [Attacker] Label flip: 13 samples class 4 \u2192 class 0
[2026-07-19 13:35:23,060] 39 root - INFO - [Attacker] Label flip: 18 samples class 4 \u2192 class 0
[2026-07-19 13:35:23,068] 39 root - INFO - [Attacker] Label flip: 14 samples class 4 \u2192 class 0
[2026-07-19 13:35:23,076] 39 root - INFO - [Attacker] Label flip: 15 samples class 4 \u2192 class 0
[2026-07-19 13:35:23,084] 39 root - INFO - [Attacker] Label flip: 14 samples class 4 \u2192 class 0
[2026-07-19 13:35:23,090] 39 root - INFO - [Attacker] Label flip: 9 samples class 4 \u2192 class 0
[2026-07-19 13:35:23,098] 39 root - INFO - [Attacker] Label flip: 14 samples class 4 \u2192 class 0
[2026-07-19 13:35:23,106] 39 root - INFO - [Attacker] Label flip: 14 samples class 4 \u2192 class 0
[2026-07-19 13:35:23,114] 39 root - INFO - [Attacker] Label flip: 8 samples class 4 \u2192 class 0
[2026-07-19 13:35:23,121] 39 root - INFO - [Attacker] Label flip: 16 samples class 4 \u2192 class 0
[2026-07-19 13:35:23,129] 39 root - INFO - [Attacker] Label flip: 10 samples class 4 \u2192 class 0
[2026-07-19 13:35:23,139] 39 root - INFO - [Attacker] Label flip: 14 samples class 4 \u2192 class 0
[2026-07-19 13:35:23,145] 39 root - INFO - [Attacker] Label flip: 14 samples class 4 \u2192 class 0
[2026-07-19 13:35:23,152] 39 root - INFO - [Attacker] Label flip: 9 samples class 4 \u2192 class 0
[2026-07-19 13:35:23,162] 39 root - INFO - [Attacker] Label flip: 8 samples class 4 \u2192 class 0
[2026-07-19 13:35:23,170] 39 root - INFO - [Attacker] Label flip: 14 samples class 4 \u2192 class 0
[2026-07-19 13:35:23,178] 39 root - INFO - [Attacker] Label flip: 14 samples class 4 \u2192 class 0
[2026-07-19 13:35:23,186] 39 root - INFO - [Attacker] Label flip: 6 samples class 4 \u2192 class 0
[2026-07-19 13:35:23,192] 39 root - INFO - [Attacker] Label flip: 18 samples class 4 \u2192 class 0
[2026-07-19 13:35:23,200] 39 root - INFO - [Attacker] Label flip: 16 samples class 4 \u2192 class 0
[2026-07-19 13:35:23,208] 39 root - INFO - [Attacker] Label flip: 13 samples class 4 \u2192 class 0
[2026-07-19 13:35:23,215] 39 root - INFO - [Attacker] Label flip: 13 samples class 4 \u2192 class 0
[2026-07-19 13:35:23,223] 39 root - INFO - [Attacker] Label flip: 9 samples class 4 \u2192 class 0
[2026-07-19 13:35:23,233] 39 root - INFO - [Attacker] Label flip: 11 samples class 4 \u2192 class 0
[2026-07-19 13:35:23,241] 39 root - INFO - [Attacker] Label flip: 9 samples class 4 \u2192 class 0
[2026-07-19 13:35:23,249] 39 root - INFO - [Attacker] Label flip: 14 samples class 4 \u2192 class 0
[2026-07-19 13:35:23,255] 39 root - INFO - [Attacker] Label flip: 9 samples class 4 \u2192 class 0
[2026-07-19 13:35:23,263] 39 root - INFO - [Attacker] Label flip: 9 samples class 4 \u2192 class 0
[2026-07-19 13:35:23,271] 39 root - INFO - [Attacker] Label flip: 16 samples class 4 \u2192 class 0
[2026-07-19 13:35:23,279] 39 root - INFO - [Attacker] Label flip: 10 samples class 4 \u2192 class 0
[2026-07-19 13:35:23,287] 39 root - INFO - [Attacker] Label flip: 9 samples class 4 \u2192 class 0
[2026-07-19 13:35:23,297] 39 root - INFO - [Attacker] Label flip: 13 samples class 4 \u2192 class 0
[2026-07-19 13:35:23,303] 39 root - INFO - [Attacker] Label flip: 13 samples class 4 \u2192 class 0
[2026-07-19 13:35:23,310] 39 root - INFO - [Attacker] Label flip: 15 samples class 4 \u2192 class 0
[2026-07-19 13:35:23,318] 39 root - INFO - [Attacker] Label flip: 15 samples class 4 \u2192 class 0
[2026-07-19 13:35:23,326] 39 root - INFO - [Attacker] Label flip: 13 samples class 4 \u2192 class 0
[2026-07-19 13:35:23,334] 39 root - INFO - [Attacker] Label flip: 9 samples class 4 \u2192 class 0
[2026-07-19 13:35:23,342] 39 root - INFO - [Attacker] Label flip: 13 samples class 4 \u2192 class 0
[2026-07-19 13:35:23,350] 39 root - INFO - [Attacker] Label flip: 9 samples class 4 \u2192 class 0
[2026-07-19 13:35:23,358] 39 root - INFO - [Attacker] Label flip: 15 samples class 4 \u2192 class 0
[2026-07-19 13:35:23,366] 39 root - INFO - [Attacker] Label flip: 13 samples class 4 \u2192 class 0
[2026-07-19 13:35:23,374] 39 root - INFO - [Attacker] Label flip: 10 samples class 4 \u2192 class 0
[2026-07-19 13:35:23,380] 39 root - INFO - [Attacker] Label flip: 17 samples class 4 \u2192 class 0
[2026-07-19 13:35:23,388] 39 root - INFO - [Attacker] Label flip: 3 samples class 4 \u2192 class 0
[2026-07-19 13:35:23,396] 39 root - INFO - [Attacker] Label flip: 13 samples class 4 \u2192 class 0
[2026-07-19 13:35:23,403] 39 root - INFO - [Attacker] Label flip: 10 samples class 4 \u2192 class 0
[2026-07-19 13:35:23,411] 39 root - INFO - [Attacker] Label flip: 12 samples class 4 \u2192 class 0
[2026-07-19 13:35:23,419] 39 root - INFO - [Attacker] Label flip: 13 samples class 4 \u2192 class 0
[2026-07-19 13:35:23,427] 39 root - INFO - [Attacker] Label flip: 11 samples class 4 \u2192 class 0
[2026-07-19 13:35:23,435] 39 root - INFO - [Attacker] Label flip: 10 samples class 4 \u2192 class 0
[2026-07-19 13:35:23,441] 39 root - INFO - [Attacker] Label flip: 12 samples class 4 \u2192 class 0
[2026-07-19 13:35:23,449] 39 root - INFO - [Attacker] Label flip: 10 samples class 4 \u2192 class 0
[2026-07-19 13:35:23,457] 39 root - INFO - [Attacker] Label flip: 14 samples class 4 \u2192 class 0
[2026-07-19 13:35:23,465] 39 root - INFO - [Attacker] Label flip: 10 samples class 4 \u2192 class 0
[2026-07-19 13:35:23,473] 39 root - INFO - [Attacker] Label flip: 15 samples class 4 \u2192 class 0
[2026-07-19 13:35:23,481] 39 root - INFO - [Attacker] Label flip: 12 samples class 4 \u2192 class 0
[2026-07-19 13:35:23,489] 39 root - INFO - [Attacker] Label flip: 14 samples class 4 \u2192 class 0
[2026-07-19 13:35:23,496] 39 root - INFO - [Attacker] Label flip: 7 samples class 4 \u2192 class 0
[2026-07-19 13:35:23,504] 39 root - INFO - [Attacker] Label flip: 19 samples class 4 \u2192 class 0
[2026-07-19 13:35:23,512] 39 root - INFO - [Attacker] Label flip: 10 samples class 4 \u2192 class 0
[2026-07-19 13:35:23,520] 39 root - INFO - [Attacker] Label flip: 14 samples class 4 \u2192 class 0
[2026-07-19 13:35:23,528] 39 root - INFO - [Attacker] Label flip: 15 samples class 4 \u2192 class 0
[2026-07-19 13:35:23,536] 39 root - INFO - [Attacker] Label flip: 12 samples class 4 \u2192 class 0
[2026-07-19 13:35:23,544] 39 root - INFO - [Attacker] Label flip: 11 samples class 4 \u2192 class 0
[2026-07-19 13:35:23,552] 39 root - INFO - [Attacker] Label flip: 11 samples class 4 \u2192 class 0
[2026-07-19 13:35:23,560] 39 root - INFO - [Attacker] Label flip: 13 samples class 4 \u2192 class 0
[2026-07-19 13:35:23,568] 39 root - INFO - [Attacker] Label flip: 10 samples class 4 \u2192 class 0
[2026-07-19 13:35:23,575] 39 root - INFO - [Attacker] Label flip: 15 samples class 4 \u2192 class 0
[2026-07-19 13:35:23,581] 39 root - INFO - [Attacker] Label flip: 12 samples class 4 \u2192 class 0
[2026-07-19 13:35:23,589] 39 root - INFO - [Attacker] Label flip: 23 samples class 4 \u2192 class 0
[2026-07-19 13:35:23,597] 39 root - INFO - [Attacker] Label flip: 18 samples class 4 \u2192 class 0
[2026-07-19 13:35:23,605] 39 root - INFO - [Attacker] Label flip: 13 samples class 4 \u2192 class 0
[2026-07-19 13:35:23,613] 39 root - INFO - [Attacker] Label flip: 16 samples class 4 \u2192 class 0
[2026-07-19 13:35:23,619] 39 root - INFO - [Attacker] Label flip: 20 samples class 4 \u2192 class 0
[2026-07-19 13:35:23,627] 39 root - INFO - [Attacker] Label flip: 13 samples class 4 \u2192 class 0
[2026-07-19 13:35:23,635] 39 root - INFO - [Attacker] Label flip: 16 samples class 4 \u2192 class 0
[2026-07-19 13:35:23,644] 39 root - INFO - [Attacker] Label flip: 12 samples class 4 \u2192 class 0
[2026-07-19 13:35:23,651] 39 root - INFO - [Attacker] Label flip: 16 samples class 4 \u2192 class 0
[2026-07-19 13:35:23,658] 39 root - INFO - [Attacker] Label flip: 11 samples class 4 \u2192 class 0
[2026-07-19 13:35:23,666] 39 root - INFO - [Attacker] Label flip: 13 samples class 4 \u2192 class 0
[2026-07-19 13:35:23,674] 39 root - INFO - [Attacker] Label flip: 9 samples class 4 \u2192 class 0
[2026-07-19 13:35:23,682] 39 root - INFO - [Attacker] Label flip: 11 samples class 4 \u2192 class 0
[2026-07-19 13:35:23,690] 39 root - INFO - [Attacker] Label flip: 15 samples class 4 \u2192 class 0
[2026-07-19 13:35:23,698] 39 root - INFO - [Attacker] Label flip: 15 samples class 4 \u2192 class 0
[2026-07-19 13:35:23,705] 39 root - INFO - [Attacker] Label flip: 17 samples class 4 \u2192 class 0
[2026-07-19 13:35:23,713] 39 root - INFO - [Attacker] Label flip: 14 samples class 4 \u2192 class 0
[2026-07-19 13:35:23,721] 39 root - INFO - [Attacker] Label flip: 11 samples class 4 \u2192 class 0
[2026-07-19 13:35:23,727] 39 root - INFO - [Attacker] Label flip: 6 samples class 4 \u2192 class 0
[2026-07-19 13:35:23,737] 39 root - INFO - [Attacker] Label flip: 11 samples class 4 \u2192 class 0
[2026-07-19 13:35:23,743] 39 root - INFO - [Attacker] Label flip: 16 samples class 4 \u2192 class 0
[2026-07-19 13:35:23,751] 39 root - INFO - [Attacker] Label flip: 4 samples class 4 \u2192 class 0
[2026-07-19 13:35:23,759] 39 root - INFO - [Attacker] Label flip: 14 samples class 4 \u2192 class 0
[2026-07-19 13:35:23,767] 39 root - INFO - [Attacker] Label flip: 19 samples class 4 \u2192 class 0
[2026-07-19 13:35:23,775] 39 root - INFO - [Attacker] Label flip: 11 samples class 4 \u2192 class 0
[2026-07-19 13:35:23,782] 39 root - INFO - [Attacker] Label flip: 14 samples class 4 \u2192 class 0
[2026-07-19 13:35:23,790] 39 root - INFO - [Attacker] Label flip: 13 samples class 4 \u2192 class 0
[2026-07-19 13:35:23,796] 39 root - INFO - [Attacker] Label flip: 12 samples class 4 \u2192 class 0
[2026-07-19 13:35:23,804] 39 root - INFO - [Attacker] Label flip: 15 samples class 4 \u2192 class 0
[2026-07-19 13:35:23,812] 39 root - INFO - [Attacker] Label flip: 12 samples class 4 \u2192 class 0
[2026-07-19 13:35:23,820] 39 root - INFO - [Attacker] Label flip: 13 samples class 4 \u2192 class 0
[2026-07-19 13:35:23,826] 39 root - INFO - [Attacker] Label flip: 13 samples class 4 \u2192 class 0
[2026-07-19 13:35:23,834] 39 root - INFO - [Attacker] Label flip: 13 samples class 4 \u2192 class 0
[2026-07-19 13:35:23,842] 39 root - INFO - [Attacker] Label flip: 10 samples class 4 \u2192 class 0
[2026-07-19 13:35:23,849] 39 root - INFO - [Attacker] Label flip: 11 samples class 4 \u2192 class 0
[2026-07-19 13:35:23,855] 39 root - INFO - [Attacker] Label flip: 10 samples class 4 \u2192 class 0
[2026-07-19 13:35:23,863] 39 root - INFO - [Attacker] Label flip: 11 samples class 4 \u2192 class 0
[2026-07-19 13:35:23,871] 39 root - INFO - [Attacker] Label flip: 13 samples class 4 \u2192 class 0
[2026-07-19 13:35:23,879] 39 root - INFO - [Attacker] Label flip: 5 samples class 4 \u2192 class 0
[2026-07-19 13:35:23,887] 39 root - INFO - [Attacker] Label flip: 10 samples class 4 \u2192 class 0
[2026-07-19 13:35:23,895] 39 root - INFO - [Attacker] Label flip: 9 samples class 4 \u2192 class 0
[2026-07-19 13:35:23,901] 39 root - INFO - [Attacker] Label flip: 12 samples class 4 \u2192 class 0
[2026-07-19 13:35:23,911] 39 root - INFO - [Attacker] Label flip: 11 samples class 4 \u2192 class 0
[2026-07-19 13:35:23,919] 39 root - INFO - [Attacker] Label flip: 11 samples class 4 \u2192 class 0
[2026-07-19 13:35:23,926] 39 root - INFO - [Attacker] Label flip: 9 samples class 4 \u2192 class 0
[2026-07-19 13:35:23,932] 39 root - INFO - [Attacker] Label flip: 12 samples class 4 \u2192 class 0
[2026-07-19 13:35:23,940] 39 root - INFO - [Attacker] Label flip: 11 samples class 4 \u2192 class 0
[2026-07-19 13:35:23,948] 39 root - INFO - [Attacker] Label flip: 14 samples class 4 \u2192 class 0
[2026-07-19 13:35:23,956] 39 root - INFO - [Attacker] Label flip: 19 samples class 4 \u2192 class 0
[2026-07-19 13:35:23,964] 39 root - INFO - [Attacker] Label flip: 13 samples class 4 \u2192 class 0
[2026-07-19 13:35:23,972] 39 root - INFO - [Attacker] Label flip: 16 samples class 4 \u2192 class 0
[2026-07-19 13:35:23,980] 39 root - INFO - [Attacker] Label flip: 13 samples class 4 \u2192 class 0
[2026-07-19 13:35:23,987] 39 root - INFO - [Attacker] Label flip: 12 samples class 4 \u2192 class 0
[2026-07-19 13:35:23,995] 39 root - INFO - [Attacker] Label flip: 24 samples class 4 \u2192 class 0
[2026-07-19 13:35:24,003] 39 root - INFO - [Attacker] Label flip: 12 samples class 4 \u2192 class 0
[2026-07-19 13:35:24,009] 39 root - INFO - [Attacker] Label flip: 12 samples class 4 \u2192 class 0
[2026-07-19 13:35:24,017] 39 root - INFO - [Attacker] Label flip: 16 samples class 4 \u2192 class 0
[2026-07-19 13:35:24,025] 39 root - INFO - [Attacker] Label flip: 10 samples class 4 \u2192 class 0
[2026-07-19 13:35:24,033] 39 root - INFO - [Attacker] Label flip: 17 samples class 4 \u2192 class 0
[2026-07-19 13:35:24,041] 39 root - INFO - [Attacker] Label flip: 15 samples class 4 \u2192 class 0
[2026-07-19 13:35:24,047] 39 root - INFO - [Attacker] Label flip: 12 samples class 4 \u2192 class 0
[2026-07-19 13:35:24,055] 39 root - INFO - [Attacker] Label flip: 18 samples class 4 \u2192 class 0
[2026-07-19 13:35:24,063] 39 root - INFO - [Attacker] Label flip: 15 samples class 4 \u2192 class 0
[2026-07-19 13:35:24,070] 39 root - INFO - [Attacker] Label flip: 19 samples class 4 \u2192 class 0
[2026-07-19 13:35:24,078] 39 root - INFO - [Attacker] Label flip: 18 samples class 4 \u2192 class 0
[2026-07-19 13:35:24,086] 39 root - INFO - [Attacker] Label flip: 15 samples class 4 \u2192 class 0
[2026-07-19 13:35:24,092] 39 root - INFO - [Attacker] Label flip: 13 samples class 4 \u2192 class 0
[2026-07-19 13:35:24,100] 39 root - INFO - [Attacker] Label flip: 8 samples class 4 \u2192 class 0
[2026-07-19 13:35:24,108] 39 root - INFO - [Attacker] Label flip: 12 samples class 4 \u2192 class 0
[2026-07-19 13:35:24,116] 39 root - INFO - [Attacker] Label flip: 7 samples class 4 \u2192 class 0
[2026-07-19 13:35:24,124] 39 root - INFO - [Attacker] Label flip: 9 samples class 4 \u2192 class 0
[2026-07-19 13:35:24,129] 39 root - INFO - [Attacker] Label flip: 12 samples class 4 \u2192 class 0
[2026-07-19 13:35:24,137] 39 root - INFO - [Attacker] Label flip: 9 samples class 4 \u2192 class 0
[2026-07-19 13:35:24,155] 39 root - INFO - [Attacker] Label flip: 14 samples class 4 \u2192 class 0
[2026-07-19 13:35:24,164] 39 root - INFO - [Attacker] Label flip: 13 samples class 4 \u2192 class 0
[2026-07-19 13:35:24,172] 39 root - INFO - [Attacker] Label flip: 11 samples class 4 \u2192 class 0
[2026-07-19 13:35:24,178] 39 root - INFO - [Attacker] Label flip: 21 samples class 4 \u2192 class 0
[2026-07-19 13:35:24,186] 39 root - INFO - [Attacker] Label flip: 15 samples class 4 \u2192 class 0
[2026-07-19 13:35:24,194] 39 root - INFO - [Attacker] Label flip: 6 samples class 4 \u2192 class 0
[2026-07-19 13:35:24,202] 39 root - INFO - [Attacker] Label flip: 14 samples class 4 \u2192 class 0
[2026-07-19 13:35:24,210] 39 root - INFO - [Attacker] Label flip: 14 samples class 4 \u2192 class 0
[2026-07-19 13:35:24,218] 39 root - INFO - [Attacker] Label flip: 14 samples class 4 \u2192 class 0
[2026-07-19 13:35:24,225] 39 root - INFO - [Attacker] Label flip: 12 samples class 4 \u2192 class 0
[2026-07-19 13:35:24,234] 39 root - INFO - [Attacker] Label flip: 21 samples class 4 \u2192 class 0
[2026-07-19 13:35:24,241] 39 root - INFO - [Attacker] Label flip: 10 samples class 4 \u2192 class 0
[2026-07-19 13:35:24,249] 39 root - INFO - [Attacker] Label flip: 16 samples class 4 \u2192 class 0
[2026-07-19 13:35:24,255] 39 root - INFO - [Attacker] Label flip: 13 samples class 4 \u2192 class 0
[2026-07-19 13:35:24,263] 39 root - INFO - [Attacker] Label flip: 13 samples class 4 \u2192 class 0
[2026-07-19 13:35:24,271] 39 root - INFO - [Attacker] Label flip: 13 samples class 4 \u2192 class 0
[2026-07-19 13:35:24,279] 39 root - INFO - [Attacker] Label flip: 6 samples class 4 \u2192 class 0
[2026-07-19 13:35:24,287] 39 root - INFO - [Attacker] Label flip: 15 samples class 4 \u2192 class 0
[2026-07-19 13:35:24,293] 39 root - INFO - [Attacker] Label flip: 14 samples class 4 \u2192 class 0
[2026-07-19 13:35:24,301] 39 root - INFO - [Attacker] Label flip: 14 samples class 4 \u2192 class 0
[2026-07-19 13:35:24,308] 39 root - INFO - [Attacker] Label flip: 8 samples class 4 \u2192 class 0
[2026-07-19 13:35:24,316] 39 root - INFO - [Attacker] Label flip: 12 samples class 4 \u2192 class 0
[2026-07-19 13:35:24,324] 39 root - INFO - [Attacker] Label flip: 13 samples class 4 \u2192 class 0
[2026-07-19 13:35:24,330] 39 root - INFO - [Attacker] Label flip: 9 samples class 4 \u2192 class 0
[2026-07-19 13:35:24,338] 39 root - INFO - [Attacker] Label flip: 13 samples class 4 \u2192 class 0
[2026-07-19 13:35:24,346] 39 root - INFO - [Attacker] Label flip: 12 samples class 4 \u2192 class 0
[2026-07-19 13:35:24,352] 39 root - INFO - [Attacker] Label flip: 15 samples class 4 \u2192 class 0
[2026-07-19 13:35:24,360] 39 root - INFO - [Attacker] Label flip: 6 samples class 4 \u2192 class 0
[2026-07-19 13:35:24,368] 39 root - INFO - [Attacker] Label flip: 9 samples class 4 \u2192 class 0
[2026-07-19 13:35:24,376] 39 root - INFO - [Attacker] Label flip: 9 samples class 4 \u2192 class 0
[2026-07-19 13:35:24,383] 39 root - INFO - [Attacker] Label flip: 9 samples class 4 \u2192 class 0
[2026-07-19 13:35:24,391] 39 root - INFO - [Attacker] Label flip: 9 samples class 4 \u2192 class 0
[2026-07-19 13:35:24,399] 39 root - INFO - [Attacker] Label flip: 15 samples class 4 \u2192 class 0
[2026-07-19 13:35:24,407] 39 root - INFO - [Attacker] Label flip: 7 samples class 4 \u2192 class 0
[2026-07-19 13:35:24,415] 39 root - INFO - [Attacker] Label flip: 11 samples class 4 \u2192 class 0
[2026-07-19 13:35:24,423] 39 root - INFO - [Attacker] Label flip: 7 samples class 4 \u2192 class 0
[2026-07-19 13:35:24,430] 39 root - INFO - [Attacker] Label flip: 16 samples class 4 \u2192 class 0
[2026-07-19 13:35:24,439] 39 root - INFO - [Attacker] Label flip: 8 samples class 4 \u2192 class 0
[2026-07-19 13:35:24,445] 39 root - INFO - [Attacker] Label flip: 13 samples class 4 \u2192 class 0
[2026-07-19 13:35:24,452] 39 root - INFO - [Attacker] Label flip: 10 samples class 4 \u2192 class 0
[2026-07-19 13:35:24,460] 39 root - INFO - [Attacker] Label flip: 10 samples class 4 \u2192 class 0
[2026-07-19 13:35:24,468] 39 root - INFO - [Attacker] Label flip: 15 samples class 4 \u2192 class 0
[2026-07-19 13:35:24,476] 39 root - INFO - [Attacker] Label flip: 13 samples class 4 \u2192 class 0
[2026-07-19 13:35:24,484] 39 root - INFO - [Attacker] Label flip: 13 samples class 4 \u2192 class 0
[2026-07-19 13:35:24,490] 39 root - INFO - [Attacker] Label flip: 13 samples class 4 \u2192 class 0
[2026-07-19 13:35:24,499] 39 root - INFO - [Attacker] Label flip: 9 samples class 4 \u2192 class 0
[2026-07-19 13:35:24,505] 39 root - INFO - [Attacker] Label flip: 11 samples class 4 \u2192 class 0
[2026-07-19 13:35:24,513] 39 root - INFO - [Attacker] Label flip: 17 samples class 4 \u2192 class 0
[2026-07-19 13:35:24,521] 39 root - INFO - [Attacker] Label flip: 17 samples class 4 \u2192 class 0
[2026-07-19 13:35:24,529] 39 root - INFO - [Attacker] Label flip: 16 samples class 4 \u2192 class 0
[2026-07-19 13:35:24,535] 39 root - INFO - [Attacker] Label flip: 10 samples class 4 \u2192 class 0
[2026-07-19 13:35:24,543] 39 root - INFO - [Attacker] Label flip: 8 samples class 4 \u2192 class 0
[2026-07-19 13:35:24,551] 39 root - INFO - [Attacker] Label flip: 11 samples class 4 \u2192 class 0
[2026-07-19 13:35:24,561] 39 root - INFO - [Attacker] Label flip: 13 samples class 4 \u2192 class 0
[2026-07-19 13:35:24,567] 39 root - INFO - [Attacker] Label flip: 6 samples class 4 \u2192 class 0
[2026-07-19 13:35:24,574] 39 root - INFO - [Attacker] Label flip: 12 samples class 4 \u2192 class 0
[2026-07-19 13:35:24,582] 39 root - INFO - [Attacker] Label flip: 8 samples class 4 \u2192 class 0
[2026-07-19 13:35:24,590] 39 root - INFO - [Attacker] Label flip: 11 samples class 4 \u2192 class 0
[2026-07-19 13:35:24,598] 39 root - INFO - [Attacker] Label flip: 11 samples class 4 \u2192 class 0
[2026-07-19 13:35:24,606] 39 root - INFO - [Attacker] Label flip: 13 samples class 4 \u2192 class 0
[2026-07-19 13:35:24,614] 39 root - INFO - [Attacker] Label flip: 7 samples class 4 \u2192 class 0
[2026-07-19 13:35:24,620] 39 root - INFO - [Attacker] Label flip: 19 samples class 4 \u2192 class 0
[2026-07-19 13:35:24,628] 39 root - INFO - [Attacker] Label flip: 14 samples class 4 \u2192 class 0
[2026-07-19 13:35:24,699] 39 root - INFO - [Attacker] Label flip: 15 samples class 4 \u2192 class 0
[2026-07-19 13:35:24,717] 39 root - INFO - [Attacker] Label flip: 14 samples class 4 \u2192 class 0
[2026-07-19 13:35:24,723] 39 root - INFO - [Attacker] Label flip: 14 samples class 4 \u2192 class 0
[2026-07-19 13:35:24,735] 39 root - INFO - [Attacker] Label flip: 17 samples class 4 \u2192 class 0
[2026-07-19 13:35:24,743] 39 root - INFO - [Attacker] Label flip: 14 samples class 4 \u2192 class 0
[2026-07-19 13:35:24,751] 39 root - INFO - [Attacker] Label flip: 10 samples class 4 \u2192 class 0
[2026-07-19 13:35:24,759] 39 root - INFO - [Attacker] Label flip: 13 samples class 4 \u2192 class 0
[2026-07-19 13:35:24,764] 39 root - INFO - [Attacker] Label flip: 11 samples class 4 \u2192 class 0
[2026-07-19 13:35:24,773] 39 root - INFO - [Attacker] Label flip: 13 samples class 4 \u2192 class 0
[2026-07-19 13:35:24,780] 39 root - INFO - [Attacker] Label flip: 17 samples class 4 \u2192 class 0
[2026-07-19 13:35:24,788] 39 root - INFO - [Attacker] Label flip: 11 samples class 4 \u2192 class 0
[2026-07-19 13:35:24,796] 39 root - INFO - [Attacker] Label flip: 15 samples class 4 \u2192 class 0
[2026-07-19 13:35:24,802] 39 root - INFO - [Attacker] Label flip: 17 samples class 4 \u2192 class 0
[2026-07-19 13:35:24,810] 39 root - INFO - [Attacker] Label flip: 10 samples class 4 \u2192 class 0
[2026-07-19 13:35:24,818] 39 root - INFO - [Attacker] Label flip: 19 samples class 4 \u2192 class 0
[2026-07-19 13:35:24,824] 39 root - INFO - [Attacker] Label flip: 10 samples class 4 \u2192 class 0
[2026-07-19 13:35:24,832] 39 root - INFO - [Attacker] Label flip: 9 samples class 4 \u2192 class 0
[2026-07-19 13:35:24,841] 39 root - INFO - [Attacker] Label flip: 19 samples class 4 \u2192 class 0
[2026-07-19 13:35:24,848] 39 root - INFO - [Attacker] Label flip: 10 samples class 4 \u2192 class 0
[2026-07-19 13:35:24,856] 39 root - INFO - [Attacker] Label flip: 9 samples class 4 \u2192 class 0
[2026-07-19 13:35:24,862] 39 root - INFO - [Attacker] Label flip: 20 samples class 4 \u2192 class 0
[2026-07-19 13:35:24,870] 39 root - INFO - [Attacker] Label flip: 13 samples class 4 \u2192 class 0
[2026-07-19 13:35:24,877] 39 root - INFO - [Attacker] Label flip: 15 samples class 4 \u2192 class 0
[2026-07-19 13:35:24,885] 39 root - INFO - [Attacker] Label flip: 13 samples class 4 \u2192 class 0
[2026-07-19 13:35:24,893] 39 root - INFO - [Attacker] Label flip: 5 samples class 4 \u2192 class 0
[2026-07-19 13:35:24,899] 39 root - INFO - [Attacker] Label flip: 14 samples class 4 \u2192 class 0
[2026-07-19 13:35:24,907] 39 root - INFO - [Attacker] Label flip: 15 samples class 4 \u2192 class 0
[2026-07-19 13:35:24,915] 39 root - INFO - [Attacker] Label flip: 12 samples class 4 \u2192 class 0
[2026-07-19 13:35:24,923] 39 root - INFO - [Attacker] Label flip: 15 samples class 4 \u2192 class 0
[2026-07-19 13:35:24,931] 39 root - INFO - [Attacker] Label flip: 8 samples class 4 \u2192 class 0
[2026-07-19 13:35:24,939] 39 root - INFO - [Attacker] Label flip: 13 samples class 4 \u2192 class 0
[2026-07-19 13:35:24,945] 39 root - INFO - [Attacker] Label flip: 16 samples class 4 \u2192 class 0
[2026-07-19 13:35:24,953] 39 root - INFO - [Attacker] Label flip: 15 samples class 4 \u2192 class 0
[2026-07-19 13:35:24,961] 39 root - INFO - [Attacker] Label flip: 9 samples class 4 \u2192 class 0
[2026-07-19 13:35:24,969] 39 root - INFO - [Attacker] Label flip: 15 samples class 4 \u2192 class 0
[2026-07-19 13:35:24,976] 39 root - INFO - [Attacker] Label flip: 8 samples class 4 \u2192 class 0
[2026-07-19 13:35:24,982] 39 root - INFO - [Attacker] Label flip: 15 samples class 4 \u2192 class 0
[2026-07-19 13:35:24,990] 39 root - INFO - [Attacker] Label flip: 13 samples class 4 \u2192 class 0
[2026-07-19 13:35:24,998] 39 root - INFO - [Attacker] Label flip: 17 samples class 4 \u2192 class 0
[2026-07-19 13:35:25,006] 39 root - INFO - [Attacker] Label flip: 8 samples class 4 \u2192 class 0
[2026-07-19 13:35:25,014] 39 root - INFO - [Attacker] Label flip: 16 samples class 4 \u2192 class 0
[2026-07-19 13:35:25,022] 39 root - INFO - [Attacker] Label flip: 17 samples class 4 \u2192 class 0
[2026-07-19 13:35:25,030] 39 root - INFO - [Attacker] Label flip: 16 samples class 4 \u2192 class 0
[2026-07-19 13:35:25,035] 39 root - INFO - [Attacker] Label flip: 9 samples class 4 \u2192 class 0
[2026-07-19 13:35:25,044] 39 root - INFO - [Attacker] Label flip: 11 samples class 4 \u2192 class 0
[2026-07-19 13:35:25,051] 39 root - INFO - [Attacker] Label flip: 10 samples class 4 \u2192 class 0
[2026-07-19 13:35:25,057] 39 root - INFO - [Attacker] Label flip: 14 samples class 4 \u2192 class 0
[2026-07-19 13:35:25,065] 39 root - INFO - [Attacker] Label flip: 10 samples class 4 \u2192 class 0
[2026-07-19 13:35:25,073] 39 root - INFO - [Attacker] Label flip: 18 samples class 4 \u2192 class 0
[2026-07-19 13:35:25,081] 39 root - INFO - [Attacker] Label flip: 12 samples class 4 \u2192 class 0
[2026-07-19 13:35:25,089] 39 root - INFO - [Attacker] Label flip: 11 samples class 4 \u2192 class 0
[2026-07-19 13:35:25,097] 39 root - INFO - [Attacker] Label flip: 12 samples class 4 \u2192 class 0
[2026-07-19 13:35:25,103] 39 root - INFO - [Attacker] Label flip: 17 samples class 4 \u2192 class 0
[2026-07-19 13:35:25,111] 39 root - INFO - [Attacker] Label flip: 11 samples class 4 \u2192 class 0
[2026-07-19 13:35:25,121] 39 root - INFO - [Attacker] Label flip: 4 samples class 4 \u2192 class 0
[2026-07-19 13:35:25,128] 39 root - INFO - [Attacker] Label flip: 14 samples class 4 \u2192 class 0
[2026-07-19 13:35:25,134] 39 root - INFO - [Attacker] Label flip: 11 samples class 4 \u2192 class 0
[2026-07-19 13:35:25,142] 39 root - INFO - [Attacker] Label flip: 9 samples class 4 \u2192 class 0
[2026-07-19 13:35:25,150] 39 root - INFO - [Attacker] Label flip: 7 samples class 4 \u2192 class 0
[2026-07-19 13:35:25,158] 39 root - INFO - [Attacker] Label flip: 10 samples class 4 \u2192 class 0
[2026-07-19 13:35:25,166] 39 root - INFO - [Attacker] Label flip: 19 samples class 4 \u2192 class 0
[2026-07-19 13:35:25,174] 39 root - INFO - [Attacker] Label flip: 8 samples class 4 \u2192 class 0
[2026-07-19 13:35:25,182] 39 root - INFO - [Attacker] Label flip: 11 samples class 4 \u2192 class 0
[2026-07-19 13:35:25,190] 39 root - INFO - [Attacker] Label flip: 11 samples class 4 \u2192 class 0
[2026-07-19 13:35:25,198] 39 root - INFO - [Attacker] Label flip: 9 samples class 4 \u2192 class 0
[2026-07-19 13:35:25,204] 39 root - INFO - [Attacker] Label flip: 9 samples class 4 \u2192 class 0
[2026-07-19 13:35:25,213] 39 root - INFO - [Attacker] Label flip: 13 samples class 4 \u2192 class 0
[2026-07-19 13:35:25,219] 39 root - INFO - [Attacker] Label flip: 10 samples class 4 \u2192 class 0
[2026-07-19 13:35:25,228] 39 root - INFO - [Attacker] Label flip: 14 samples class 4 \u2192 class 0
[2026-07-19 13:35:25,234] 39 root - INFO - [Attacker] Label flip: 7 samples class 4 \u2192 class 0
[2026-07-19 13:35:25,242] 39 root - INFO - [Attacker] Label flip: 15 samples class 4 \u2192 class 0
[2026-07-19 13:35:25,251] 39 root - INFO - [Attacker] Label flip: 12 samples class 4 \u2192 class 0
[2026-07-19 13:35:25,257] 39 root - INFO - [Attacker] Label flip: 13 samples class 4 \u2192 class 0
[2026-07-19 13:35:25,265] 39 root - INFO - [Attacker] Label flip: 19 samples class 4 \u2192 class 0
[2026-07-19 13:35:25,273] 39 root - INFO - [Attacker] Label flip: 15 samples class 4 \u2192 class 0
[2026-07-19 13:35:25,281] 39 root - INFO - [Attacker] Label flip: 9 samples class 4 \u2192 class 0
[2026-07-19 13:35:25,289] 39 root - INFO - [Attacker] Label flip: 19 samples class 4 \u2192 class 0
[2026-07-19 13:35:25,295] 39 root - INFO - [Attacker] Label flip: 16 samples class 4 \u2192 class 0
[2026-07-19 13:35:25,303] 39 root - INFO - [Attacker] Label flip: 13 samples class 4 \u2192 class 0
[2026-07-19 13:35:25,311] 39 root - INFO - [Attacker] Label flip: 12 samples class 4 \u2192 class 0
[2026-07-19 13:35:25,401] 39 root - INFO - [Attacker] Label flip: 17 samples class 4 \u2192 class 0
[2026-07-19 13:35:25,409] 39 root - INFO - [Attacker] Label flip: 10 samples class 4 \u2192 class 0
[2026-07-19 13:35:25,417] 39 root - INFO - [Attacker] Label flip: 16 samples class 4 \u2192 class 0
[2026-07-19 13:35:25,425] 39 root - INFO - [Attacker] Label flip: 15 samples class 4 \u2192 class 0
[2026-07-19 13:35:25,433] 39 root - INFO - [Attacker] Label flip: 11 samples class 4 \u2192 class 0
[2026-07-19 13:35:25,441] 39 root - INFO - [Attacker] Label flip: 9 samples class 4 \u2192 class 0
[2026-07-19 13:35:25,449] 39 root - INFO - [Attacker] Label flip: 6 samples class 4 \u2192 class 0
[2026-07-19 13:35:25,456] 39 root - INFO - [Attacker] Label flip: 10 samples class 4 \u2192 class 0
[2026-07-19 13:35:25,464] 39 root - INFO - [Attacker] Label flip: 15 samples class 4 \u2192 class 0
[2026-07-19 13:35:25,472] 39 root - INFO - [Attacker] Label flip: 12 samples class 4 \u2192 class 0
[2026-07-19 13:35:25,480] 39 root - INFO - [Attacker] Label flip: 4 samples class 4 \u2192 class 0
[2026-07-19 13:35:25,488] 39 root - INFO - [Attacker] Label flip: 10 samples class 4 \u2192 class 0
[2026-07-19 13:35:25,496] 39 root - INFO - [Attacker] Label flip: 12 samples class 4 \u2192 class 0
[2026-07-19 13:35:25,504] 39 root - INFO - [Attacker] Label flip: 13 samples class 4 \u2192 class 0
[2026-07-19 13:35:25,512] 39 root - INFO - [Attacker] Label flip: 14 samples class 4 \u2192 class 0
[2026-07-19 13:35:25,519] 39 root - INFO - [Attacker] Label flip: 12 samples class 4 \u2192 class 0
[2026-07-19 13:35:25,525] 39 root - INFO - [Attacker] Label flip: 16 samples class 4 \u2192 class 0
[2026-07-19 13:35:25,533] 39 root - INFO - [Attacker] Label flip: 16 samples class 4 \u2192 class 0
[2026-07-19 13:35:25,541] 39 root - INFO - [Attacker] Label flip: 16 samples class 4 \u2192 class 0
[2026-07-19 13:35:25,549] 39 root - INFO - [Attacker] Label flip: 8 samples class 4 \u2192 class 0
[2026-07-19 13:35:25,557] 39 root - INFO - [Attacker] Label flip: 16 samples class 4 \u2192 class 0
[2026-07-19 13:35:25,563] 39 root - INFO - [Attacker] Label flip: 14 samples class 4 \u2192 class 0
[2026-07-19 13:35:25,571] 39 root - INFO - [Attacker] Label flip: 15 samples class 4 \u2192 class 0
[2026-07-19 13:35:25,579] 39 root - INFO - [Attacker] Label flip: 9 samples class 4 \u2192 class 0
[2026-07-19 13:35:25,587] 39 root - INFO - [Attacker] Label flip: 11 samples class 4 \u2192 class 0
[2026-07-19 13:35:25,594] 39 root - INFO - [Attacker] Label flip: 12 samples class 4 \u2192 class 0
[2026-07-19 13:35:25,602] 39 root - INFO - [Attacker] Label flip: 15 samples class 4 \u2192 class 0
[2026-07-19 13:35:25,610] 39 root - INFO - [Attacker] Label flip: 9 samples class 4 \u2192 class 0
[2026-07-19 13:35:25,618] 39 root - INFO - [Attacker] Label flip: 9 samples class 4 \u2192 class 0
[2026-07-19 13:35:25,626] 39 root - INFO - [Attacker] Label flip: 15 samples class 4 \u2192 class 0
[2026-07-19 13:35:25,634] 39 root - INFO - [Attacker] Label flip: 6 samples class 4 \u2192 class 0
[2026-07-19 13:35:25,642] 39 root - INFO - [Attacker] Label flip: 13 samples class 4 \u2192 class 0
[2026-07-19 13:35:25,649] 39 root - INFO - [Attacker] Label flip: 10 samples class 4 \u2192 class 0
[2026-07-19 13:35:25,658] 39 root - INFO - [Attacker] Label flip: 12 samples class 4 \u2192 class 0
[2026-07-19 13:35:25,663] 39 root - INFO - [Attacker] Label flip: 13 samples class 4 \u2192 class 0
[2026-07-19 13:35:25,671] 39 root - INFO - [Attacker] Label flip: 10 samples class 4 \u2192 class 0
[2026-07-19 13:35:25,679] 39 root - INFO - [Attacker] Label flip: 15 samples class 4 \u2192 class 0
[2026-07-19 13:35:25,687] 39 root - INFO - [Attacker] Label flip: 11 samples class 4 \u2192 class 0
[2026-07-19 13:35:25,694] 39 root - INFO - [Attacker] Label flip: 16 samples class 4 \u2192 class 0
[2026-07-19 13:35:25,702] 39 root - INFO - [Attacker] Label flip: 19 samples class 4 \u2192 class 0
[2026-07-19 13:35:25,710] 39 root - INFO - [Attacker] Label flip: 15 samples class 4 \u2192 class 0
[2026-07-19 13:35:25,716] 39 root - INFO - [Attacker] Label flip: 10 samples class 4 \u2192 class 0
[2026-07-19 13:35:25,724] 39 root - INFO - [Attacker] Label flip: 15 samples class 4 \u2192 class 0
[2026-07-19 13:35:25,732] 39 root - INFO - [Attacker] Label flip: 13 samples class 4 \u2192 class 0
[2026-07-19 13:35:25,742] 39 root - INFO - [Attacker] Label flip: 11 samples class 4 \u2192 class 0
[2026-07-19 13:35:25,750] 39 root - INFO - [Attacker] Label flip: 13 samples class 4 \u2192 class 0
[2026-07-19 13:35:25,757] 39 root - INFO - [Attacker] Label flip: 15 samples class 4 \u2192 class 0
[2026-07-19 13:35:25,766] 39 root - INFO - [Attacker] Label flip: 15 samples class 4 \u2192 class 0
[2026-07-19 13:35:25,774] 39 root - INFO - [Attacker] Label flip: 14 samples class 4 \u2192 class 0
[2026-07-19 13:35:25,782] 39 root - INFO - [Attacker] Label flip: 9 samples class 4 \u2192 class 0
[2026-07-19 13:35:25,790] 39 root - INFO - [Attacker] Label flip: 14 samples class 4 \u2192 class 0
[2026-07-19 13:35:25,799] 39 root - INFO - [Attacker] Label flip: 19 samples class 4 \u2192 class 0
[2026-07-19 13:35:25,807] 39 root - INFO - [Attacker] Label flip: 14 samples class 4 \u2192 class 0
[2026-07-19 13:35:25,815] 39 root - INFO - [Attacker] Label flip: 22 samples class 4 \u2192 class 0
[2026-07-19 13:35:25,821] 39 root - INFO - [Attacker] Label flip: 10 samples class 4 \u2192 class 0
[2026-07-19 13:35:25,829] 39 root - INFO - [Attacker] Label flip: 17 samples class 4 \u2192 class 0
[2026-07-19 13:35:25,837] 39 root - INFO - [Attacker] Label flip: 9 samples class 4 \u2192 class 0
[2026-07-19 13:35:25,844] 39 root - INFO - [Attacker] Label flip: 9 samples class 4 \u2192 class 0
[2026-07-19 13:35:25,850] 39 root - INFO - [Attacker] Label flip: 9 samples class 4 \u2192 class 0
[2026-07-19 13:35:25,858] 39 root - INFO - [Attacker] Label flip: 13 samples class 4 \u2192 class 0
[2026-07-19 13:35:25,866] 39 root - INFO - [Attacker] Label flip: 8 samples class 4 \u2192 class 0
[2026-07-19 13:35:25,874] 39 root - INFO - [Attacker] Label flip: 12 samples class 4 \u2192 class 0
[2026-07-19 13:35:25,882] 39 root - INFO - [Attacker] Label flip: 15 samples class 4 \u2192 class 0
[2026-07-19 13:35:25,890] 39 root - INFO - [Attacker] Label flip: 16 samples class 4 \u2192 class 0
[2026-07-19 13:35:25,897] 39 root - INFO - [Attacker] Label flip: 16 samples class 4 \u2192 class 0
[2026-07-19 13:35:25,905] 39 root - INFO - [Attacker] Label flip: 12 samples class 4 \u2192 class 0
[2026-07-19 13:35:25,911] 39 root - INFO - [Attacker] Label flip: 11 samples class 4 \u2192 class 0
[2026-07-19 13:35:25,919] 39 root - INFO - [Attacker] Label flip: 6 samples class 4 \u2192 class 0
[2026-07-19 13:35:25,927] 39 root - INFO - [Attacker] Label flip: 19 samples class 4 \u2192 class 0
[2026-07-19 13:35:25,935] 39 root - INFO - [Attacker] Label flip: 9 samples class 4 \u2192 class 0
[2026-07-19 13:35:25,943] 39 root - INFO - [Attacker] Label flip: 15 samples class 4 \u2192 class 0
[2026-07-19 13:35:25,951] 39 root - INFO - [Attacker] Label flip: 10 samples class 4 \u2192 class 0
[2026-07-19 13:35:25,959] 39 root - INFO - [Attacker] Label flip: 17 samples class 4 \u2192 class 0
[2026-07-19 13:35:25,965] 39 root - INFO - [Attacker] Label flip: 7 samples class 4 \u2192 class 0
[2026-07-19 13:35:25,972] 39 root - INFO - [Attacker] Label flip: 10 samples class 4 \u2192 class 0
[2026-07-19 13:35:25,980] 39 root - INFO - [Attacker] Label flip: 18 samples class 4 \u2192 class 0
[2026-07-19 13:35:25,988] 39 root - INFO - [Attacker] Label flip: 13 samples class 4 \u2192 class 0
[2026-07-19 13:35:25,996] 39 root - INFO - [Attacker] Label flip: 10 samples class 4 \u2192 class 0
[2026-07-19 13:35:26,004] 39 root - INFO - [Attacker] Label flip: 13 samples class 4 \u2192 class 0
[2026-07-19 13:35:26,012] 39 root - INFO - [Attacker] Label flip: 20 samples class 4 \u2192 class 0
[2026-07-19 13:35:26,020] 39 root - INFO - [Attacker] Label flip: 14 samples class 4 \u2192 class 0
[2026-07-19 13:35:26,028] 39 root - INFO - [Attacker] Label flip: 22 samples class 4 \u2192 class 0
[2026-07-19 13:35:26,033] 39 root - INFO - [Attacker] Label flip: 10 samples class 4 \u2192 class 0
[2026-07-19 13:35:26,041] 39 root - INFO - [Attacker] Label flip: 7 samples class 4 \u2192 class 0
[2026-07-19 13:35:26,049] 39 root - INFO - [Attacker] Label flip: 9 samples class 4 \u2192 class 0
[2026-07-19 13:35:26,055] 39 root - INFO - [Attacker] Label flip: 11 samples class 4 \u2192 class 0
[2026-07-19 13:35:26,063] 39 root - INFO - [Attacker] Label flip: 12 samples class 4 \u2192 class 0
[2026-07-19 13:35:26,071] 39 root - INFO - [Attacker] Label flip: 16 samples class 4 \u2192 class 0
[2026-07-19 13:35:26,079] 39 root - INFO - [Attacker] Label flip: 16 samples class 4 \u2192 class 0
[2026-07-19 13:35:26,087] 39 root - INFO - [Attacker] Label flip: 13 samples class 4 \u2192 class 0
[2026-07-19 13:35:26,095] 39 root - INFO - [Attacker] Label flip: 5 samples class 4 \u2192 class 0
[2026-07-19 13:35:26,102] 39 root - INFO - [Attacker] Label flip: 15 samples class 4 \u2192 class 0
[2026-07-19 13:35:26,110] 39 root - INFO - [Attacker] Label flip: 11 samples class 4 \u2192 class 0
[2026-07-19 13:35:26,118] 39 root - INFO - [Attacker] Label flip: 13 samples class 4 \u2192 class 0
[2026-07-19 13:35:26,126] 39 root - INFO - [Attacker] Label flip: 14 samples class 4 \u2192 class 0
[2026-07-19 13:35:26,134] 39 root - INFO - [Attacker] Label flip: 15 samples class 4 \u2192 class 0
[2026-07-19 13:35:26,140] 39 root - INFO - [Attacker] Label flip: 12 samples class 4 \u2192 class 0
[2026-07-19 13:35:26,148] 39 root - INFO - [Attacker] Label flip: 16 samples class 4 \u2192 class 0
[2026-07-19 13:35:26,157] 39 root - INFO - [Attacker] Label flip: 16 samples class 4 \u2192 class 0
[2026-07-19 13:35:26,165] 39 root - INFO - [Attacker] Label flip: 16 samples class 4 \u2192 class 0
[2026-07-19 13:35:26,173] 39 root - INFO - [Attacker] Label flip: 14 samples class 4 \u2192 class 0
[2026-07-19 13:35:26,179] 39 root - INFO - [Attacker] Label flip: 15 samples class 4 \u2192 class 0
[2026-07-19 13:35:26,187] 39 root - INFO - [Attacker] Label flip: 11 samples class 4 \u2192 class 0
[2026-07-19 13:35:26,195] 39 root - INFO - [Attacker] Label flip: 11 samples class 4 \u2192 class 0
[2026-07-19 13:35:26,203] 39 root - INFO - [Attacker] Label flip: 16 samples class 4 \u2192 class 0
[2026-07-19 13:35:26,210] 39 root - INFO - [Attacker] Label flip: 13 samples class 4 \u2192 class 0
[2026-07-19 13:35:26,218] 39 root - INFO - [Attacker] Label flip: 7 samples class 4 \u2192 class 0
[2026-07-19 13:35:26,226] 39 root - INFO - [Attacker] Label flip: 19 samples class 4 \u2192 class 0
[2026-07-19 13:35:26,232] 39 root - INFO - [Attacker] Label flip: 14 samples class 4 \u2192 class 0
[2026-07-19 13:35:26,240] 39 root - INFO - [Attacker] Label flip: 16 samples class 4 \u2192 class 0
[2026-07-19 13:35:26,248] 39 root - INFO - [Attacker] Label flip: 12 samples class 4 \u2192 class 0
[2026-07-19 13:35:26,256] 39 root - INFO - [Attacker] Label flip: 13 samples class 4 \u2192 class 0
[2026-07-19 13:35:26,264] 39 root - INFO - [Attacker] Label flip: 10 samples class 4 \u2192 class 0
[2026-07-19 13:35:26,272] 39 root - INFO - [Attacker] Label flip: 17 samples class 4 \u2192 class 0
[2026-07-19 13:35:26,280] 39 root - INFO - [Attacker] Label flip: 12 samples class 4 \u2192 class 0
[2026-07-19 13:35:26,287] 39 root - INFO - [Attacker] Label flip: 7 samples class 4 \u2192 class 0
[2026-07-19 13:35:26,296] 39 root - INFO - [Attacker] Label flip: 10 samples class 4 \u2192 class 0
[2026-07-19 13:35:26,302] 39 root - INFO - [Attacker] Label flip: 5 samples class 4 \u2192 class 0
[2026-07-19 13:35:26,310] 39 root - INFO - [Attacker] Label flip: 8 samples class 4 \u2192 class 0
[2026-07-19 13:35:26,318] 39 root - INFO - [Attacker] Label flip: 7 samples class 4 \u2192 class 0
[2026-07-19 13:35:26,325] 39 root - INFO - [Attacker] Label flip: 8 samples class 4 \u2192 class 0
[2026-07-19 13:35:26,333] 39 root - INFO - [Attacker] Label flip: 9 samples class 4 \u2192 class 0
[2026-07-19 13:35:26,341] 39 root - INFO - [Attacker] Label flip: 9 samples class 4 \u2192 class 0
[2026-07-19 13:35:26,349] 39 root - INFO - [Attacker] Label flip: 12 samples class 4 \u2192 class 0
[2026-07-19 13:35:26,357] 39 root - INFO - [Attacker] Label flip: 20 samples class 4 \u2192 class 0
[2026-07-19 13:35:26,363] 39 root - INFO - [Attacker] Label flip: 9 samples class 4 \u2192 class 0
[2026-07-19 13:35:26,371] 39 root - INFO - [Attacker] Label flip: 5 samples class 4 \u2192 class 0
[2026-07-19 13:35:26,379] 39 root - INFO - [Attacker] Label flip: 16 samples class 4 \u2192 class 0
[2026-07-19 13:35:26,387] 39 root - INFO - [Attacker] Label flip: 11 samples class 4 \u2192 class 0
[2026-07-19 13:35:26,395] 39 root - INFO - [Attacker] Label flip: 7 samples class 4 \u2192 class 0
[2026-07-19 13:35:26,400] 39 root - INFO - [Attacker] Label flip: 8 samples class 4 \u2192 class 0
[2026-07-19 13:35:26,408] 39 root - INFO - [Attacker] Label flip: 13 samples class 4 \u2192 class 0
[2026-07-19 13:35:26,416] 39 root - INFO - [Attacker] Label flip: 13 samples class 4 \u2192 class 0
[2026-07-19 13:35:26,424] 39 root - INFO - [Attacker] Label flip: 14 samples class 4 \u2192 class 0
[2026-07-19 13:35:26,432] 39 root - INFO - [Attacker] Label flip: 12 samples class 4 \u2192 class 0
[2026-07-19 13:35:26,439] 39 root - INFO - [Attacker] Label flip: 19 samples class 4 \u2192 class 0
[2026-07-19 13:35:26,447] 39 root - INFO - [Attacker] Label flip: 16 samples class 4 \u2192 class 0
[2026-07-19 13:35:26,456] 39 root - INFO - [Attacker] Label flip: 14 samples class 4 \u2192 class 0
[2026-07-19 13:35:26,463] 39 root - INFO - [Attacker] Label flip: 8 samples class 4 \u2192 class 0
[2026-07-19 13:35:26,469] 39 root - INFO - [Attacker] Label flip: 12 samples class 4 \u2192 class 0
[2026-07-19 13:35:26,477] 39 root - INFO - [Attacker] Label flip: 12 samples class 4 \u2192 class 0
[2026-07-19 13:35:26,487] 39 root - INFO - [Attacker] Label flip: 7 samples class 4 \u2192 class 0
[2026-07-19 13:35:26,493] 39 root - INFO - [Attacker] Label flip: 19 samples class 4 \u2192 class 0
[2026-07-19 13:35:26,501] 39 root - INFO - [Attacker] Label flip: 24 samples class 4 \u2192 class 0
[2026-07-19 13:35:26,509] 39 root - INFO - [Attacker] Label flip: 14 samples class 4 \u2192 class 0
[2026-07-19 13:35:26,517] 39 root - INFO - [Attacker] Label flip: 15 samples class 4 \u2192 class 0
[2026-07-19 13:35:26,525] 39 root - INFO - [Attacker] Label flip: 20 samples class 4 \u2192 class 0
[2026-07-19 13:35:26,532] 39 root - INFO - [Attacker] Label flip: 13 samples class 4 \u2192 class 0
[2026-07-19 13:35:26,540] 39 root - INFO - [Attacker] Label flip: 10 samples class 4 \u2192 class 0
[2026-07-19 13:35:26,548] 39 root - INFO - [Attacker] Label flip: 7 samples class 4 \u2192 class 0
[2026-07-19 13:35:26,556] 39 root - INFO - [Attacker] Label flip: 9 samples class 4 \u2192 class 0
[2026-07-19 13:35:26,564] 39 root - INFO - [Attacker] Label flip: 7 samples class 4 \u2192 class 0
[2026-07-19 13:35:26,570] 39 root - INFO - [Attacker] Label flip: 9 samples class 4 \u2192 class 0
[2026-07-19 13:35:26,578] 39 root - INFO - [Attacker] Label flip: 14 samples class 4 \u2192 class 0
[2026-07-19 13:35:26,586] 39 root - INFO - [Attacker] Label flip: 15 samples class 4 \u2192 class 0
[2026-07-19 13:35:26,594] 39 root - INFO - [Attacker] Label flip: 15 samples class 4 \u2192 class 0
[2026-07-19 13:35:26,602] 39 root - INFO - [Attacker] Label flip: 14 samples class 4 \u2192 class 0
[2026-07-19 13:35:26,609] 39 root - INFO - [Attacker] Label flip: 12 samples class 4 \u2192 class 0
[2026-07-19 13:35:26,615] 39 root - INFO - [Attacker] Label flip: 13 samples class 4 \u2192 class 0
[2026-07-19 13:35:26,623] 39 root - INFO - [Attacker] Label flip: 10 samples class 4 \u2192 class 0
[2026-07-19 13:35:26,631] 39 root - INFO - [Attacker] Label flip: 12 samples class 4 \u2192 class 0
[2026-07-19 13:35:26,639] 39 root - INFO - [Attacker] Label flip: 15 samples class 4 \u2192 class 0
[2026-07-19 13:35:26,645] 39 root - INFO - [Attacker] Label flip: 14 samples class 4 \u2192 class 0
[2026-07-19 13:35:26,653] 39 root - INFO - [Attacker] Label flip: 14 samples class 4 \u2192 class 0
[2026-07-19 13:35:26,661] 39 root - INFO - [Attacker] Label flip: 8 samples class 4 \u2192 class 0
[2026-07-19 13:35:26,668] 39 root - INFO - [Attacker] Label flip: 15 samples class 4 \u2192 class 0
[2026-07-19 13:35:26,676] 39 root - INFO - [Attacker] Label flip: 17 samples class 4 \u2192 class 0
[2026-07-19 13:35:26,684] 39 root - INFO - [Attacker] Label flip: 8 samples class 4 \u2192 class 0
[2026-07-19 13:35:26,692] 39 root - INFO - [Attacker] Label flip: 15 samples class 4 \u2192 class 0
[2026-07-19 13:35:26,700] 39 root - INFO - [Attacker] Label flip: 14 samples class 4 \u2192 class 0
[2026-07-19 13:35:26,706] 39 root - INFO - [Attacker] Label flip: 15 samples class 4 \u2192 class 0
[2026-07-19 13:35:26,714] 39 root - INFO - [Attacker] Label flip: 12 samples class 4 \u2192 class 0
[2026-07-19 13:35:26,722] 39 root - INFO - [Attacker] Label flip: 12 samples class 4 \u2192 class 0
[2026-07-19 13:35:26,730] 39 root - INFO - [Attacker] Label flip: 14 samples class 4 \u2192 class 0
[2026-07-19 13:35:26,738] 39 root - INFO - [Attacker] Label flip: 13 samples class 4 \u2192 class 0
[2026-07-19 13:35:26,745] 39 root - INFO - [Attacker] Label flip: 16 samples class 4 \u2192 class 0
[2026-07-19 13:35:26,755] 39 root - INFO - [Attacker] Label flip: 11 samples class 4 \u2192 class 0
[2026-07-19 13:35:26,763] 39 root - INFO - [Attacker] Label flip: 6 samples class 4 \u2192 class 0
[2026-07-19 13:35:26,769] 39 root - INFO - [Attacker] Label flip: 16 samples class 4 \u2192 class 0
[2026-07-19 13:35:26,777] 39 root - INFO - [Attacker] Label flip: 11 samples class 4 \u2192 class 0
[2026-07-19 13:35:26,785] 39 root - INFO - [Attacker] Label flip: 12 samples class 4 \u2192 class 0
[2026-07-19 13:35:26,793] 39 root - INFO - [Attacker] Label flip: 13 samples class 4 \u2192 class 0
[2026-07-19 13:35:26,800] 39 root - INFO - [Attacker] Label flip: 7 samples class 4 \u2192 class 0
[2026-07-19 13:35:26,807] 39 root - INFO - [Attacker] Label flip: 16 samples class 4 \u2192 class 0
[2026-07-19 13:35:26,816] 39 root - INFO - [Attacker] Label flip: 14 samples class 4 \u2192 class 0
[2026-07-19 13:35:26,824] 39 root - INFO - [Attacker] Label flip: 11 samples class 4 \u2192 class 0
[2026-07-19 13:35:26,830] 39 root - INFO - [Attacker] Label flip: 11 samples class 4 \u2192 class 0
[2026-07-19 13:35:26,839] 39 root - INFO - [Attacker] Label flip: 15 samples class 4 \u2192 class 0
[2026-07-19 13:35:26,845] 39 root - INFO - [Attacker] Label flip: 11 samples class 4 \u2192 class 0
[2026-07-19 13:35:26,853] 39 root - INFO - [Attacker] Label flip: 14 samples class 4 \u2192 class 0
[2026-07-19 13:35:26,861] 39 root - INFO - [Attacker] Label flip: 10 samples class 4 \u2192 class 0
[2026-07-19 13:35:26,869] 39 root - INFO - [Attacker] Label flip: 16 samples class 4 \u2192 class 0
[2026-07-19 13:35:26,877] 39 root - INFO - [Attacker] Label flip: 8 samples class 4 \u2192 class 0
[2026-07-19 13:35:26,884] 39 root - INFO - [Attacker] Label flip: 14 samples class 4 \u2192 class 0
[2026-07-19 13:35:26,892] 39 root - INFO - [Attacker] Label flip: 9 samples class 4 \u2192 class 0
[2026-07-19 13:35:26,900] 39 root - INFO - [Attacker] Label flip: 24 samples class 4 \u2192 class 0
[2026-07-19 13:35:26,906] 39 root - INFO - [Attacker] Label flip: 14 samples class 4 \u2192 class 0
[2026-07-19 13:35:26,916] 39 root - INFO - [Attacker] Label flip: 12 samples class 4 \u2192 class 0
[2026-07-19 13:35:26,922] 39 root - INFO - [Attacker] Label flip: 9 samples class 4 \u2192 class 0
[2026-07-19 13:35:26,930] 39 root - INFO - [Attacker] Label flip: 10 samples class 4 \u2192 class 0
[2026-07-19 13:35:26,938] 39 root - INFO - [Attacker] Label flip: 18 samples class 4 \u2192 class 0
[2026-07-19 13:35:26,946] 39 root - INFO - [Attacker] Label flip: 13 samples class 4 \u2192 class 0
[2026-07-19 13:35:26,954] 39 root - INFO - [Attacker] Label flip: 9 samples class 4 \u2192 class 0
[2026-07-19 13:35:26,961] 39 root - INFO - [Attacker] Label flip: 12 samples class 4 \u2192 class 0
[2026-07-19 13:35:26,969] 39 root - INFO - [Attacker] Label flip: 15 samples class 4 \u2192 class 0
[2026-07-19 13:35:26,975] 39 root - INFO - [Attacker] Label flip: 11 samples class 4 \u2192 class 0
[2026-07-19 13:35:26,983] 39 root - INFO - [Attacker] Label flip: 15 samples class 4 \u2192 class 0
[2026-07-19 13:35:26,991] 39 root - INFO - [Attacker] Label flip: 15 samples class 4 \u2192 class 0
[2026-07-19 13:35:26,999] 39 root - INFO - [Attacker] Label flip: 10 samples class 4 \u2192 class 0
[2026-07-19 13:35:27,007] 39 root - INFO - [Attacker] Label flip: 10 samples class 4 \u2192 class 0
[2026-07-19 13:35:27,015] 39 root - INFO - [Attacker] Label flip: 15 samples class 4 \u2192 class 0
[2026-07-19 13:35:27,023] 39 root - INFO - [Attacker] Label flip: 19 samples class 4 \u2192 class 0
[2026-07-19 13:35:27,031] 39 root - INFO - [Attacker] Label flip: 10 samples class 4 \u2192 class 0
[2026-07-19 13:35:27,038] 39 root - INFO - [Attacker] Label flip: 11 samples class 4 \u2192 class 0
[2026-07-19 13:35:27,044] 39 root - INFO - [Attacker] Label flip: 13 samples class 4 \u2192 class 0
[2026-07-19 13:35:27,052] 39 root - INFO - [Attacker] Label flip: 10 samples class 4 \u2192 class 0
[2026-07-19 13:35:27,060] 39 root - INFO - [Attacker] Label flip: 15 samples class 4 \u2192 class 0
[2026-07-19 13:35:27,068] 39 root - INFO - [Attacker] Label flip: 15 samples class 4 \u2192 class 0
[2026-07-19 13:35:27,076] 39 root - INFO - [Attacker] Label flip: 14 samples class 4 \u2192 class 0
[2026-07-19 13:35:27,084] 39 root - INFO - [Attacker] Label flip: 13 samples class 4 \u2192 class 0
[2026-07-19 13:35:27,092] 39 root - INFO - [Attacker] Label flip: 17 samples class 4 \u2192 class 0
[2026-07-19 13:35:27,100] 39 root - INFO - [Attacker] Label flip: 8 samples class 4 \u2192 class 0
[2026-07-19 13:35:27,107] 39 root - INFO - [Attacker] Label flip: 8 samples class 4 \u2192 class 0
[2026-07-19 13:35:27,113] 39 root - INFO - [Attacker] Label flip: 13 samples class 4 \u2192 class 0
[2026-07-19 13:35:27,121] 39 root - INFO - [Attacker] Label flip: 10 samples class 4 \u2192 class 0
[2026-07-19 13:35:27,131] 39 root - INFO - [Attacker] Label flip: 14 samples class 4 \u2192 class 0
[2026-07-19 13:35:27,139] 39 root - INFO - [Attacker] Label flip: 13 samples class 4 \u2192 class 0
[2026-07-19 13:35:27,147] 39 root - INFO - [Attacker] Label flip: 16 samples class 4 \u2192 class 0
[2026-07-19 13:35:27,154] 39 root - INFO - [Attacker] Label flip: 12 samples class 4 \u2192 class 0
[2026-07-19 13:35:27,162] 39 root - INFO - [Attacker] Label flip: 18 samples class 4 \u2192 class 0
[2026-07-19 13:35:27,170] 39 root - INFO - [Attacker] Label flip: 7 samples class 4 \u2192 class 0
[2026-07-19 13:35:27,178] 39 root - INFO - [Attacker] Label flip: 11 samples class 4 \u2192 class 0
[2026-07-19 13:35:27,186] 39 root - INFO - [Attacker] Label flip: 17 samples class 4 \u2192 class 0
[2026-07-19 13:35:27,194] 39 root - INFO - [Attacker] Label flip: 13 samples class 4 \u2192 class 0
[2026-07-19 13:35:27,202] 39 root - INFO - [Attacker] Label flip: 10 samples class 4 \u2192 class 0
[2026-07-19 13:35:27,210] 39 root - INFO - [Attacker] Label flip: 11 samples class 4 \u2192 class 0
[2026-07-19 13:35:27,218] 39 root - INFO - [Attacker] Label flip: 11 samples class 4 \u2192 class 0
[2026-07-19 13:35:27,226] 39 root - INFO - [Attacker] Label flip: 7 samples class 4 \u2192 class 0
[2026-07-19 13:35:27,233] 39 root - INFO - [Attacker] Label flip: 14 samples class 4 \u2192 class 0
[2026-07-19 13:35:27,241] 39 root - INFO - [Attacker] Label flip: 17 samples class 4 \u2192 class 0
[2026-07-19 13:35:27,249] 39 root - INFO - [Attacker] Label flip: 8 samples class 4 \u2192 class 0
[2026-07-19 13:35:27,257] 39 root - INFO - [Attacker] Label flip: 11 samples class 4 \u2192 class 0
[2026-07-19 13:35:27,265] 39 root - INFO - [Attacker] Label flip: 13 samples class 4 \u2192 class 0
[2026-07-19 13:35:27,273] 39 root - INFO - [Attacker] Label flip: 14 samples class 4 \u2192 class 0
[2026-07-19 13:35:27,284] 39 root - INFO - [Attacker] Label flip: 18 samples class 4 \u2192 class 0
[2026-07-19 13:35:27,292] 39 root - INFO - [Attacker] Label flip: 14 samples class 4 \u2192 class 0
[2026-07-19 13:35:27,298] 39 root - INFO - [Attacker] Label flip: 12 samples class 4 \u2192 class 0
[2026-07-19 13:35:27,306] 39 root - INFO - [Attacker] Label flip: 13 samples class 4 \u2192 class 0
[2026-07-19 13:35:27,314] 39 root - INFO - [Attacker] Label flip: 9 samples class 4 \u2192 class 0
[2026-07-19 13:35:27,324] 39 root - INFO - [Attacker] Label flip: 12 samples class 4 \u2192 class 0
[2026-07-19 13:35:27,330] 39 root - INFO - [Attacker] Label flip: 16 samples class 4 \u2192 class 0
[2026-07-19 13:35:27,340] 39 root - INFO - [Attacker] Label flip: 12 samples class 4 \u2192 class 0
[2026-07-19 13:35:27,346] 39 root - INFO - [Attacker] Label flip: 11 samples class 4 \u2192 class 0
[2026-07-19 13:35:27,354] 39 root - INFO - [Attacker] Label flip: 17 samples class 4 \u2192 class 0
[2026-07-19 13:35:27,362] 39 root - INFO - [Attacker] Label flip: 15 samples class 4 \u2192 class 0
[2026-07-19 13:35:27,370] 39 root - INFO - [Attacker] Label flip: 19 samples class 4 \u2192 class 0
[2026-07-19 13:35:27,380] 39 root - INFO - [Attacker] Label flip: 7 samples class 4 \u2192 class 0
[2026-07-19 13:35:27,386] 39 root - INFO - [Attacker] Label flip: 14 samples class 4 \u2192 class 0
[2026-07-19 13:35:27,394] 39 root - INFO - [Attacker] Label flip: 8 samples class 4 \u2192 class 0
[2026-07-19 13:35:27,402] 39 root - INFO - [Attacker] Label flip: 15 samples class 4 \u2192 class 0
[2026-07-19 13:35:27,409] 39 root - INFO - [Attacker] Label flip: 18 samples class 4 \u2192 class 0
[2026-07-19 13:35:27,417] 39 root - INFO - [Attacker] Label flip: 6 samples class 4 \u2192 class 0
[2026-07-19 13:35:27,425] 39 root - INFO - [Attacker] Label flip: 14 samples class 4 \u2192 class 0
[2026-07-19 13:35:27,433] 39 root - INFO - [Attacker] Label flip: 13 samples class 4 \u2192 class 0
[2026-07-19 13:35:27,441] 39 root - INFO - [Attacker] Label flip: 14 samples class 4 \u2192 class 0
[2026-07-19 13:35:27,447] 39 root - INFO - [Attacker] Label flip: 17 samples class 4 \u2192 class 0
[2026-07-19 13:35:27,455] 39 root - INFO - [Attacker] Label flip: 11 samples class 4 \u2192 class 0
[2026-07-19 13:35:27,462] 39 root - INFO - [Attacker] Label flip: 10 samples class 4 \u2192 class 0
[2026-07-19 13:35:27,470] 39 root - INFO - [Attacker] Label flip: 12 samples class 4 \u2192 class 0
[2026-07-19 13:35:27,478] 39 root - INFO - [Attacker] Label flip: 17 samples class 4 \u2192 class 0
[2026-07-19 13:35:27,484] 39 root - INFO - [Attacker] Label flip: 15 samples class 4 \u2192 class 0
[2026-07-19 13:35:27,492] 39 root - INFO - [Attacker] Label flip: 18 samples class 4 \u2192 class 0
[2026-07-19 13:35:27,500] 39 root - INFO - [Attacker] Label flip: 14 samples class 4 \u2192 class 0
[2026-07-19 13:35:27,510] 39 root - INFO - [Attacker] Label flip: 9 samples class 4 \u2192 class 0
[2026-07-19 13:35:27,516] 39 root - INFO - [Attacker] Label flip: 14 samples class 4 \u2192 class 0
[2026-07-19 13:35:27,524] 39 root - INFO - [Attacker] Label flip: 17 samples class 4 \u2192 class 0
[2026-07-19 13:35:27,532] 39 root - INFO - [Attacker] Label flip: 21 samples class 4 \u2192 class 0
[2026-07-19 13:35:27,539] 39 root - INFO - [Attacker] Label flip: 14 samples class 4 \u2192 class 0
[2026-07-19 13:35:27,547] 39 root - INFO - [Attacker] Label flip: 10 samples class 4 \u2192 class 0
[2026-07-19 13:35:27,555] 39 root - INFO - [Attacker] Label flip: 17 samples class 4 \u2192 class 0
[2026-07-19 13:35:27,561] 39 root - INFO - [Attacker] Label flip: 12 samples class 4 \u2192 class 0
[2026-07-19 13:35:27,569] 39 root - INFO - [Attacker] Label flip: 10 samples class 4 \u2192 class 0
[2026-07-19 13:35:27,577] 39 root - INFO - [Attacker] Label flip: 6 samples class 4 \u2192 class 0
[2026-07-19 13:35:27,585] 39 root - INFO - [Attacker] Label flip: 15 samples class 4 \u2192 class 0
[2026-07-19 13:35:27,593] 39 root - INFO - [Attacker] Label flip: 6 samples class 4 \u2192 class 0
[2026-07-19 13:35:27,601] 39 root - INFO - [Attacker] Label flip: 12 samples class 4 \u2192 class 0
[2026-07-19 13:35:27,607] 39 root - INFO - [Attacker] Label flip: 11 samples class 4 \u2192 class 0
[2026-07-19 13:35:27,615] 39 root - INFO - [Attacker] Label flip: 12 samples class 4 \u2192 class 0
[2026-07-19 13:35:27,623] 39 root - INFO - [Attacker] Label flip: 19 samples class 4 \u2192 class 0
[2026-07-19 13:35:27,630] 39 root - INFO - [Attacker] Label flip: 18 samples class 4 \u2192 class 0
[2026-07-19 13:35:27,636] 39 root - INFO - [Attacker] Label flip: 12 samples class 4 \u2192 class 0
[2026-07-19 13:35:27,644] 39 root - INFO - [Attacker] Label flip: 10 samples class 4 \u2192 class 0
[2026-07-19 13:35:27,652] 39 root - INFO - [Attacker] Label flip: 9 samples class 4 \u2192 class 0
[2026-07-19 13:35:27,660] 39 root - INFO - [Attacker] Label flip: 8 samples class 4 \u2192 class 0
[2026-07-19 13:35:27,668] 39 root - INFO - [Attacker] Label flip: 7 samples class 4 \u2192 class 0
[2026-07-19 13:35:27,674] 39 root - INFO - [Attacker] Label flip: 9 samples class 4 \u2192 class 0
[2026-07-19 13:35:27,682] 39 root - INFO - [Attacker] Label flip: 11 samples class 4 \u2192 class 0
[2026-07-19 13:35:27,690] 39 root - INFO - [Attacker] Label flip: 14 samples class 4 \u2192 class 0
[2026-07-19 13:35:27,698] 39 root - INFO - [Attacker] Label flip: 16 samples class 4 \u2192 class 0
[2026-07-19 13:35:27,706] 39 root - INFO - [Attacker] Label flip: 17 samples class 4 \u2192 class 0
[2026-07-19 13:35:27,713] 39 root - INFO - [Attacker] Label flip: 7 samples class 4 \u2192 class 0
[2026-07-19 13:35:27,719] 39 root - INFO - [Attacker] Label flip: 11 samples class 4 \u2192 class 0
[2026-07-19 13:35:27,727] 39 root - INFO - [Attacker] Label flip: 12 samples class 4 \u2192 class 0
[2026-07-19 13:35:27,735] 39 root - INFO - [Attacker] Label flip: 14 samples class 4 \u2192 class 0
[2026-07-19 13:35:27,743] 39 root - INFO - [Attacker] Label flip: 13 samples class 4 \u2192 class 0
[2026-07-19 13:35:27,751] 39 root - INFO - [Attacker] Label flip: 13 samples class 4 \u2192 class 0
[2026-07-19 13:35:27,759] 39 root - INFO - [Attacker] Label flip: 14 samples class 4 \u2192 class 0
[2026-07-19 13:35:27,767] 39 root - INFO - [Attacker] Label flip: 6 samples class 4 \u2192 class 0
[2026-07-19 13:35:27,774] 39 root - INFO - [Attacker] Label flip: 14 samples class 4 \u2192 class 0
[2026-07-19 13:35:27,780] 39 root - INFO - [Attacker] Label flip: 14 samples class 4 \u2192 class 0
[2026-07-19 13:35:27,788] 39 root - INFO - [Attacker] Label flip: 10 samples class 4 \u2192 class 0
[2026-07-19 13:35:27,798] 39 root - INFO - [Attacker] Label flip: 14 samples class 4 \u2192 class 0
[2026-07-19 13:35:27,806] 39 root - INFO - [Attacker] Label flip: 20 samples class 4 \u2192 class 0
[2026-07-19 13:35:27,812] 39 root - INFO - [Attacker] Label flip: 15 samples class 4 \u2192 class 0
[2026-07-19 13:35:27,820] 39 root - INFO - [Attacker] Label flip: 20 samples class 4 \u2192 class 0
[2026-07-19 13:35:27,828] 39 root - INFO - [Attacker] Label flip: 7 samples class 4 \u2192 class 0
[2026-07-19 13:35:27,835] 39 root - INFO - [Attacker] Label flip: 11 samples class 4 \u2192 class 0
[2026-07-19 13:35:27,843] 39 root - INFO - [Attacker] Label flip: 8 samples class 4 \u2192 class 0
[2026-07-19 13:35:27,851] 39 root - INFO - [Attacker] Label flip: 12 samples class 4 \u2192 class 0
[2026-07-19 13:35:27,859] 39 root - INFO - [Attacker] Label flip: 5 samples class 4 \u2192 class 0
[2026-07-19 13:35:27,867] 39 root - INFO - [Attacker] Label flip: 4 samples class 4 \u2192 class 0
[2026-07-19 13:35:27,874] 39 root - INFO - [Attacker] Label flip: 8 samples class 4 \u2192 class 0
[2026-07-19 13:35:27,880] 39 root - INFO - [Attacker] Label flip: 10 samples class 4 \u2192 class 0
[2026-07-19 13:35:27,890] 39 root - INFO - [Attacker] Label flip: 15 samples class 4 \u2192 class 0
[2026-07-19 13:35:27,896] 39 root - INFO - [Attacker] Label flip: 11 samples class 4 \u2192 class 0
[2026-07-19 13:35:27,906] 39 root - INFO - [Attacker] Label flip: 17 samples class 4 \u2192 class 0
[2026-07-19 13:35:27,912] 39 root - INFO - [Attacker] Label flip: 8 samples class 4 \u2192 class 0
[2026-07-19 13:35:27,920] 39 root - INFO - [Attacker] Label flip: 14 samples class 4 \u2192 class 0
[2026-07-19 13:35:27,928] 39 root - INFO - [Attacker] Label flip: 12 samples class 4 \u2192 class 0
[2026-07-19 13:35:27,937] 39 root - INFO - [Attacker] Label flip: 10 samples class 4 \u2192 class 0
[2026-07-19 13:35:27,945] 39 root - INFO - [Attacker] Label flip: 13 samples class 4 \u2192 class 0
[2026-07-19 13:35:27,953] 39 root - INFO - [Attacker] Label flip: 17 samples class 4 \u2192 class 0
[2026-07-19 13:35:27,961] 39 root - INFO - [Attacker] Label flip: 14 samples class 4 \u2192 class 0
[2026-07-19 13:35:27,969] 39 root - INFO - [Attacker] Label flip: 16 samples class 4 \u2192 class 0
[2026-07-19 13:35:27,977] 39 root - INFO - [Attacker] Label flip: 11 samples class 4 \u2192 class 0
[2026-07-19 13:35:27,985] 39 root - INFO - [Attacker] Label flip: 13 samples class 4 \u2192 class 0
[2026-07-19 13:35:27,991] 39 root - INFO - [Attacker] Label flip: 19 samples class 4 \u2192 class 0
[2026-07-19 13:35:27,999] 39 root - INFO - [Attacker] Label flip: 20 samples class 4 \u2192 class 0
[2026-07-19 13:35:28,007] 39 root - INFO - [Attacker] Label flip: 13 samples class 4 \u2192 class 0
[2026-07-19 13:35:28,015] 39 root - INFO - [Attacker] Label flip: 13 samples class 4 \u2192 class 0
[2026-07-19 13:35:28,022] 39 root - INFO - [Attacker] Label flip: 11 samples class 4 \u2192 class 0
[2026-07-19 13:35:28,030] 39 root - INFO - [Attacker] Label flip: 10 samples class 4 \u2192 class 0
[2026-07-19 13:35:28,038] 39 root - INFO - [Attacker] Label flip: 11 samples class 4 \u2192 class 0
[2026-07-19 13:35:28,044] 39 root - INFO - [Attacker] Label flip: 15 samples class 4 \u2192 class 0
[2026-07-19 13:35:28,052] 39 root - INFO - [Attacker] Label flip: 13 samples class 4 \u2192 class 0
[2026-07-19 13:35:28,060] 39 root - INFO - [Attacker] Label flip: 12 samples class 4 \u2192 class 0
[2026-07-19 13:35:28,068] 39 root - INFO - [Attacker] Label flip: 11 samples class 4 \u2192 class 0
[2026-07-19 13:35:28,076] 39 root - INFO - [Attacker] Label flip: 17 samples class 4 \u2192 class 0
[2026-07-19 13:35:28,084] 39 root - INFO - [Attacker] Label flip: 9 samples class 4 \u2192 class 0
[2026-07-19 13:35:28,092] 39 root - INFO - [Attacker] Label flip: 12 samples class 4 \u2192 class 0
[2026-07-19 13:35:28,099] 39 root - INFO - [Attacker] Label flip: 11 samples class 4 \u2192 class 0
[2026-07-19 13:35:28,106] 39 root - INFO - [Attacker] Label flip: 7 samples class 4 \u2192 class 0
[2026-07-19 13:35:28,113] 39 root - INFO - [Attacker] Label flip: 13 samples class 4 \u2192 class 0
[2026-07-19 13:35:28,121] 39 root - INFO - [Attacker] Label flip: 12 samples class 4 \u2192 class 0
[2026-07-19 13:35:28,129] 39 root - INFO - [Attacker] Label flip: 10 samples class 4 \u2192 class 0
[2026-07-19 13:35:28,137] 39 root - INFO - [Attacker] Label flip: 7 samples class 4 \u2192 class 0
[2026-07-19 13:35:28,143] 39 root - INFO - [Attacker] Label flip: 10 samples class 4 \u2192 class 0
[2026-07-19 13:35:28,151] 39 root - INFO - [Attacker] Label flip: 15 samples class 4 \u2192 class 0
[2026-07-19 13:35:28,159] 39 root - INFO - [Attacker] Label flip: 9 samples class 4 \u2192 class 0
[2026-07-19 13:35:28,167] 39 root - INFO - [Attacker] Label flip: 12 samples class 4 \u2192 class 0
[2026-07-19 13:35:28,173] 39 root - INFO - [Attacker] Label flip: 11 samples class 4 \u2192 class 0
[2026-07-19 13:35:28,181] 39 root - INFO - [Attacker] Label flip: 20 samples class 4 \u2192 class 0
[2026-07-19 13:35:28,189] 39 root - INFO - [Attacker] Label flip: 11 samples class 4 \u2192 class 0
[2026-07-19 13:35:28,196] 39 root - INFO - [Attacker] Label flip: 14 samples class 4 \u2192 class 0
[2026-07-19 13:35:28,205] 39 root - INFO - [Attacker] Label flip: 17 samples class 4 \u2192 class 0
[2026-07-19 13:35:28,210] 39 root - INFO - [Attacker] Label flip: 14 samples class 4 \u2192 class 0
[2026-07-19 13:35:28,218] 39 root - INFO - [Attacker] Label flip: 10 samples class 4 \u2192 class 0
[2026-07-19 13:35:28,226] 39 root - INFO - [Attacker] Label flip: 7 samples class 4 \u2192 class 0
[2026-07-19 13:35:28,234] 39 root - INFO - [Attacker] Label flip: 13 samples class 4 \u2192 class 0
[2026-07-19 13:35:28,242] 39 root - INFO - [Attacker] Label flip: 12 samples class 4 \u2192 class 0
[2026-07-19 13:35:28,248] 39 root - INFO - [Attacker] Label flip: 13 samples class 4 \u2192 class 0
[2026-07-19 13:35:28,256] 39 root - INFO - [Attacker] Label flip: 11 samples class 4 \u2192 class 0
[2026-07-19 13:35:28,264] 39 root - INFO - [Attacker] Label flip: 17 samples class 4 \u2192 class 0
[2026-07-19 13:35:28,271] 39 root - INFO - [Attacker] Label flip: 7 samples class 4 \u2192 class 0
[2026-07-19 13:35:28,280] 39 root - INFO - [Attacker] Label flip: 9 samples class 4 \u2192 class 0
[2026-07-19 13:35:28,287] 39 root - INFO - [Attacker] Label flip: 22 samples class 4 \u2192 class 0
[2026-07-19 13:35:28,295] 39 root - INFO - [Attacker] Label flip: 6 samples class 4 \u2192 class 0
[2026-07-19 13:35:28,301] 39 root - INFO - [Attacker] Label flip: 8 samples class 4 \u2192 class 0
[2026-07-19 13:35:28,309] 39 root - INFO - [Attacker] Label flip: 7 samples class 4 \u2192 class 0
[2026-07-19 13:35:28,317] 39 root - INFO - [Attacker] Label flip: 10 samples class 4 \u2192 class 0
[2026-07-19 13:35:28,325] 39 root - INFO - [Attacker] Label flip: 13 samples class 4 \u2192 class 0
[2026-07-19 13:35:28,333] 39 root - INFO - [Attacker] Label flip: 11 samples class 4 \u2192 class 0
[2026-07-19 13:35:28,341] 39 root - INFO - [Attacker] Label flip: 7 samples class 4 \u2192 class 0
[2026-07-19 13:35:28,347] 39 root - INFO - [Attacker] Label flip: 15 samples class 4 \u2192 class 0
[2026-07-19 13:35:28,354] 39 root - INFO - [Attacker] Label flip: 11 samples class 4 \u2192 class 0
[2026-07-19 13:35:28,363] 39 root - INFO - [Attacker] Label flip: 11 samples class 4 \u2192 class 0
[2026-07-19 13:35:28,370] 39 root - INFO - [Attacker] Label flip: 13 samples class 4 \u2192 class 0
[2026-07-19 13:35:28,378] 39 root - INFO - [Attacker] Label flip: 10 samples class 4 \u2192 class 0
[2026-07-19 13:35:28,386] 39 root - INFO - [Attacker] Label flip: 12 samples class 4 \u2192 class 0
[2026-07-19 13:35:28,394] 39 root - INFO - [Attacker] Label flip: 20 samples class 4 \u2192 class 0
[2026-07-19 13:35:28,400] 39 root - INFO - [Attacker] Label flip: 24 samples class 4 \u2192 class 0
[2026-07-19 13:35:28,407] 39 root - INFO - [Attacker] Label flip: 12 samples class 4 \u2192 class 0
[2026-07-19 13:35:28,416] 39 root - INFO - [Attacker] Label flip: 12 samples class 4 \u2192 class 0
[2026-07-19 13:35:28,424] 39 root - INFO - [Attacker] Label flip: 17 samples class 4 \u2192 class 0
[2026-07-19 13:35:28,432] 39 root - INFO - [Attacker] Label flip: 13 samples class 4 \u2192 class 0
[2026-07-19 13:35:28,440] 39 root - INFO - [Attacker] Label flip: 10 samples class 4 \u2192 class 0
[2026-07-19 13:35:28,447] 39 root - INFO - [Attacker] Label flip: 15 samples class 4 \u2192 class 0
[2026-07-19 13:35:28,455] 39 root - INFO - [Attacker] Label flip: 12 samples class 4 \u2192 class 0
[2026-07-19 13:35:28,463] 39 root - INFO - [Attacker] Label flip: 12 samples class 4 \u2192 class 0
[2026-07-19 13:35:28,469] 39 root - INFO - [Attacker] Label flip: 12 samples class 4 \u2192 class 0
[2026-07-19 13:35:28,477] 39 root - INFO - [Attacker] Label flip: 8 samples class 4 \u2192 class 0
[2026-07-19 13:35:28,485] 39 root - INFO - [Attacker] Label flip: 17 samples class 4 \u2192 class 0
[2026-07-19 13:35:28,493] 39 root - INFO - [Attacker] Label flip: 10 samples class 4 \u2192 class 0
[2026-07-19 13:35:28,501] 39 root - INFO - [Attacker] Label flip: 11 samples class 4 \u2192 class 0
[2026-07-19 13:35:28,510] 39 root - INFO - [Attacker] Label flip: 18 samples class 4 \u2192 class 0
[2026-07-19 13:35:28,516] 39 root - INFO - [Attacker] Label flip: 11 samples class 4 \u2192 class 0
[2026-07-19 13:35:28,525] 39 root - INFO - [Attacker] Label flip: 10 samples class 4 \u2192 class 0
[2026-07-19 13:35:28,531] 39 root - INFO - [Attacker] Label flip: 14 samples class 4 \u2192 class 0
[2026-07-19 13:35:28,538] 39 root - INFO - [Attacker] Label flip: 11 samples class 4 \u2192 class 0
[2026-07-19 13:35:28,546] 39 root - INFO - [Attacker] Label flip: 8 samples class 4 \u2192 class 0
[2026-07-19 13:35:28,554] 39 root - INFO - [Attacker] Label flip: 11 samples class 4 \u2192 class 0
[2026-07-19 13:35:28,562] 39 root - INFO - [Attacker] Label flip: 13 samples class 4 \u2192 class 0
[2026-07-19 13:35:28,570] 39 root - INFO - [Attacker] Label flip: 16 samples class 4 \u2192 class 0
[2026-07-19 13:35:28,578] 39 root - INFO - [Attacker] Label flip: 16 samples class 4 \u2192 class 0
[2026-07-19 13:35:28,586] 39 root - INFO - [Attacker] Label flip: 19 samples class 4 \u2192 class 0
[2026-07-19 13:35:28,592] 39 root - INFO - [Attacker] Label flip: 13 samples class 4 \u2192 class 0
[2026-07-19 13:35:28,600] 39 root - INFO - [Attacker] Label flip: 15 samples class 4 \u2192 class 0
[2026-07-19 13:35:28,608] 39 root - INFO - [Attacker] Label flip: 10 samples class 4 \u2192 class 0
[2026-07-19 13:35:28,616] 39 root - INFO - [Attacker] Label flip: 16 samples class 4 \u2192 class 0
[2026-07-19 13:35:28,624] 39 root - INFO - [Attacker] Label flip: 10 samples class 4 \u2192 class 0
[2026-07-19 13:35:28,630] 39 root - INFO - [Attacker] Label flip: 10 samples class 4 \u2192 class 0
[2026-07-19 13:35:28,637] 39 root - INFO - [Attacker] Label flip: 16 samples class 4 \u2192 class 0
[2026-07-19 13:35:28,645] 39 root - INFO - [Attacker] Label flip: 16 samples class 4 \u2192 class 0
[2026-07-19 13:35:28,653] 39 root - INFO - [Attacker] Label flip: 11 samples class 4 \u2192 class 0
[2026-07-19 13:35:28,661] 39 root - INFO - [Attacker] Label flip: 15 samples class 4 \u2192 class 0
[2026-07-19 13:35:28,667] 39 root - INFO - [Attacker] Label flip: 12 samples class 4 \u2192 class 0
[2026-07-19 13:35:28,675] 39 root - INFO - [Attacker] Label flip: 16 samples class 4 \u2192 class 0
[2026-07-19 13:35:28,683] 39 root - INFO - [Attacker] Label flip: 12 samples class 4 \u2192 class 0
[2026-07-19 13:35:28,689] 39 root - INFO - [Attacker] Label flip: 13 samples class 4 \u2192 class 0
[2026-07-19 13:35:28,697] 39 root - INFO - [Attacker] Label flip: 14 samples class 4 \u2192 class 0
[2026-07-19 13:35:28,705] 39 root - INFO - [Attacker] Label flip: 11 samples class 4 \u2192 class 0
[2026-07-19 13:35:28,712] 39 root - INFO - [Attacker] Label flip: 9 samples class 4 \u2192 class 0
[2026-07-19 13:35:28,721] 39 root - INFO - [Attacker] Label flip: 13 samples class 4 \u2192 class 0
[2026-07-19 13:35:28,728] 39 root - INFO - [Attacker] Label flip: 22 samples class 4 \u2192 class 0
[2026-07-19 13:35:28,734] 39 root - INFO - [Attacker] Label flip: 15 samples class 4 \u2192 class 0
[2026-07-19 13:35:28,742] 39 root - INFO - [Attacker] Label flip: 13 samples class 4 \u2192 class 0
[2026-07-19 13:35:28,750] 39 root - INFO - [Attacker] Label flip: 16 samples class 4 \u2192 class 0
[2026-07-19 13:35:28,758] 39 root - INFO - [Attacker] Label flip: 13 samples class 4 \u2192 class 0
[2026-07-19 13:35:28,766] 39 root - INFO - [Attacker] Label flip: 11 samples class 4 \u2192 class 0
[2026-07-19 13:35:28,774] 39 root - INFO - [Attacker] Label flip: 11 samples class 4 \u2192 class 0
[2026-07-19 13:35:28,780] 39 root - INFO - [Attacker] Label flip: 13 samples class 4 \u2192 class 0
[2026-07-19 13:35:28,788] 39 root - INFO - [Attacker] Label flip: 11 samples class 4 \u2192 class 0
[2026-07-19 13:35:28,796] 39 root - INFO - [Attacker] Label flip: 14 samples class 4 \u2192 class 0
[2026-07-19 13:35:28,804] 39 root - INFO - [Attacker] Label flip: 14 samples class 4 \u2192 class 0
[2026-07-19 13:35:28,811] 39 root - INFO - [Attacker] Label flip: 10 samples class 4 \u2192 class 0
[2026-07-19 13:35:28,819] 39 root - INFO - [Attacker] Label flip: 10 samples class 4 \u2192 class 0
[2026-07-19 13:35:28,827] 39 root - INFO - [Attacker] Label flip: 16 samples class 4 \u2192 class 0
[2026-07-19 13:35:28,833] 39 root - INFO - [Attacker] Label flip: 12 samples class 4 \u2192 class 0
[2026-07-19 13:35:28,843] 39 root - INFO - [Attacker] Label flip: 18 samples class 4 \u2192 class 0
[2026-07-19 13:35:28,851] 39 root - INFO - [Attacker] Label flip: 17 samples class 4 \u2192 class 0
[2026-07-19 13:35:28,857] 39 root - INFO - [Attacker] Label flip: 11 samples class 4 \u2192 class 0
[2026-07-19 13:35:28,865] 39 root - INFO - [Attacker] Label flip: 11 samples class 4 \u2192 class 0
[2026-07-19 13:35:28,873] 39 root - INFO - [Attacker] Label flip: 17 samples class 4 \u2192 class 0
[2026-07-19 13:35:28,881] 39 root - INFO - [Attacker] Label flip: 21 samples class 4 \u2192 class 0
[2026-07-19 13:35:28,888] 39 root - INFO - [Attacker] Label flip: 18 samples class 4 \u2192 class 0
[2026-07-19 13:35:28,896] 39 root - INFO - [Attacker] Label flip: 13 samples class 4 \u2192 class 0
[2026-07-19 13:35:28,904] 39 root - INFO - [Attacker] Label flip: 14 samples class 4 \u2192 class 0
[2026-07-19 13:35:28,912] 39 root - INFO - [Attacker] Label flip: 8 samples class 4 \u2192 class 0
[2026-07-19 13:35:28,920] 39 root - INFO - [Attacker] Label flip: 13 samples class 4 \u2192 class 0
[2026-07-19 13:35:28,939] 39 root - INFO - [Attacker] Label flip: 14 samples class 4 \u2192 class 0
[2026-07-19 13:35:28,946] 39 root - INFO - [Attacker] Label flip: 9 samples class 4 \u2192 class 0
[2026-07-19 13:35:28,954] 39 root - INFO - [Attacker] Label flip: 10 samples class 4 \u2192 class 0
[2026-07-19 13:35:28,962] 39 root - INFO - [Attacker] Label flip: 11 samples class 4 \u2192 class 0
[2026-07-19 13:35:28,968] 39 root - INFO - [Attacker] Label flip: 13 samples class 4 \u2192 class 0
[2026-07-19 13:35:28,976] 39 root - INFO - [Attacker] Label flip: 11 samples class 4 \u2192 class 0
[2026-07-19 13:35:28,984] 39 root - INFO - [Attacker] Label flip: 11 samples class 4 \u2192 class 0
[2026-07-19 13:35:28,993] 39 root - INFO - [Attacker] Label flip: 18 samples class 4 \u2192 class 0
[2026-07-19 13:35:28,999] 39 root - INFO - [Attacker] Label flip: 12 samples class 4 \u2192 class 0
[2026-07-19 13:35:29,007] 39 root - INFO - [Attacker] Label flip: 6 samples class 4 \u2192 class 0
[2026-07-19 13:35:29,015] 39 root - INFO - [Attacker] Label flip: 9 samples class 4 \u2192 class 0
[2026-07-19 13:35:29,022] 39 root - INFO - [Attacker] Label flip: 13 samples class 4 \u2192 class 0
[2026-07-19 13:35:29,030] 39 root - INFO - [Attacker] Label flip: 11 samples class 4 \u2192 class 0
[2026-07-19 13:35:29,036] 39 root - INFO - [Attacker] Label flip: 9 samples class 4 \u2192 class 0
[2026-07-19 13:35:29,044] 39 root - INFO - [Attacker] Label flip: 13 samples class 4 \u2192 class 0
[2026-07-19 13:35:29,052] 39 root - INFO - [Attacker] Label flip: 8 samples class 4 \u2192 class 0
[2026-07-19 13:35:29,060] 39 root - INFO - [Attacker] Label flip: 15 samples class 4 \u2192 class 0
[2026-07-19 13:35:29,068] 39 root - INFO - [Attacker] Label flip: 12 samples class 4 \u2192 class 0
[2026-07-19 13:35:29,076] 39 root - INFO - [Attacker] Label flip: 14 samples class 4 \u2192 class 0
[2026-07-19 13:35:29,082] 39 root - INFO - [Attacker] Label flip: 14 samples class 4 \u2192 class 0
[2026-07-19 13:35:29,090] 39 root - INFO - [Attacker] Label flip: 16 samples class 4 \u2192 class 0
[2026-07-19 13:35:29,098] 39 root - INFO - [Attacker] Label flip: 12 samples class 4 \u2192 class 0
[2026-07-19 13:35:29,106] 39 root - INFO - [Attacker] Label flip: 15 samples class 4 \u2192 class 0
[2026-07-19 13:35:29,112] 39 root - INFO - [Attacker] Label flip: 18 samples class 4 \u2192 class 0
[2026-07-19 13:35:29,119] 39 root - INFO - [Attacker] Label flip: 13 samples class 4 \u2192 class 0
[2026-07-19 13:35:29,127] 39 root - INFO - [Attacker] Label flip: 14 samples class 4 \u2192 class 0
[2026-07-19 13:35:29,135] 39 root - INFO - [Attacker] Label flip: 7 samples class 4 \u2192 class 0
[2026-07-19 13:35:29,143] 39 root - INFO - [Attacker] Label flip: 14 samples class 4 \u2192 class 0
[2026-07-19 13:35:29,151] 39 root - INFO - [Attacker] Label flip: 16 samples class 4 \u2192 class 0
[2026-07-19 13:35:29,159] 39 root - INFO - [Attacker] Label flip: 12 samples class 4 \u2192 class 0
[2026-07-19 13:35:29,167] 39 root - INFO - [Attacker] Label flip: 11 samples class 4 \u2192 class 0
[2026-07-19 13:35:29,175] 39 root - INFO - [Attacker] Label flip: 16 samples class 4 \u2192 class 0
[2026-07-19 13:35:29,182] 39 root - INFO - [Attacker] Label flip: 10 samples class 4 \u2192 class 0
[2026-07-19 13:35:29,190] 39 root - INFO - [Attacker] Label flip: 12 samples class 4 \u2192 class 0
[2026-07-19 13:35:29,198] 39 root - INFO - [Attacker] Label flip: 16 samples class 4 \u2192 class 0
[2026-07-19 13:35:29,206] 39 root - INFO - [Attacker] Label flip: 14 samples class 4 \u2192 class 0
[2026-07-19 13:35:29,216] 39 root - INFO - [Attacker] Label flip: 12 samples class 4 \u2192 class 0
[2026-07-19 13:35:29,224] 39 root - INFO - [Attacker] Label flip: 14 samples class 4 \u2192 class 0
[2026-07-19 13:35:29,231] 39 root - INFO - [Attacker] Label flip: 19 samples class 4 \u2192 class 0
[2026-07-19 13:35:29,239] 39 root - INFO - [Attacker] Label flip: 15 samples class 4 \u2192 class 0
[2026-07-19 13:35:29,245] 39 root - INFO - [Attacker] Label flip: 13 samples class 4 \u2192 class 0
[2026-07-19 13:35:29,253] 39 root - INFO - [Attacker] Label flip: 7 samples class 4 \u2192 class 0
[2026-07-19 13:35:29,261] 39 root - INFO - [Attacker] Label flip: 12 samples class 4 \u2192 class 0
[2026-07-19 13:35:29,269] 39 root - INFO - [Attacker] Label flip: 13 samples class 4 \u2192 class 0
[2026-07-19 13:35:29,277] 39 root - INFO - [Attacker] Label flip: 11 samples class 4 \u2192 class 0
[2026-07-19 13:35:29,285] 39 root - INFO - [Attacker] Label flip: 14 samples class 4 \u2192 class 0
[2026-07-19 13:35:29,293] 39 root - INFO - [Attacker] Label flip: 12 samples class 4 \u2192 class 0
[2026-07-19 13:35:29,301] 39 root - INFO - [Attacker] Label flip: 11 samples class 4 \u2192 class 0
[2026-07-19 13:35:29,308] 39 root - INFO - [Attacker] Label flip: 11 samples class 4 \u2192 class 0
[2026-07-19 13:35:29,316] 39 root - INFO - [Attacker] Label flip: 13 samples class 4 \u2192 class 0
[2026-07-19 13:35:29,322] 39 root - INFO - [Attacker] Label flip: 13 samples class 4 \u2192 class 0
[2026-07-19 13:35:29,330] 39 root - INFO - [Attacker] Label flip: 13 samples class 4 \u2192 class 0
[2026-07-19 13:35:29,338] 39 root - INFO - [Attacker] Label flip: 14 samples class 4 \u2192 class 0
[2026-07-19 13:35:29,346] 39 root - INFO - [Attacker] Label flip: 12 samples class 4 \u2192 class 0
[2026-07-19 13:35:29,353] 39 root - INFO - [Attacker] Label flip: 11 samples class 4 \u2192 class 0
[2026-07-19 13:35:29,359] 39 root - INFO - [Attacker] Label flip: 17 samples class 4 \u2192 class 0
[2026-07-19 13:35:29,367] 39 root - INFO - [Attacker] Label flip: 5 samples class 4 \u2192 class 0
[2026-07-19 13:35:29,375] 39 root - INFO - [Attacker] Label flip: 12 samples class 4 \u2192 class 0
[2026-07-19 13:35:29,383] 39 root - INFO - [Attacker] Label flip: 24 samples class 4 \u2192 class 0
[2026-07-19 13:35:29,391] 39 root - INFO - [Attacker] Label flip: 14 samples class 4 \u2192 class 0
[2026-07-19 13:35:29,399] 39 root - INFO - [Attacker] Label flip: 17 samples class 4 \u2192 class 0
[2026-07-19 13:35:29,407] 39 root - INFO - [Attacker] Label flip: 11 samples class 4 \u2192 class 0
[2026-07-19 13:35:29,415] 39 root - INFO - [Attacker] Label flip: 7 samples class 4 \u2192 class 0
[2026-07-19 13:35:29,423] 39 root - INFO - [Attacker] Label flip: 13 samples class 4 \u2192 class 0
[2026-07-19 13:35:29,430] 39 root - INFO - [Attacker] Label flip: 13 samples class 4 \u2192 class 0
[2026-07-19 13:35:29,438] 39 root - INFO - [Attacker] Label flip: 10 samples class 4 \u2192 class 0
[2026-07-19 13:35:29,446] 39 root - INFO - [Attacker] Label flip: 11 samples class 4 \u2192 class 0
[2026-07-19 13:35:29,454] 39 root - INFO - [Attacker] Label flip: 13 samples class 4 \u2192 class 0
[2026-07-19 13:35:29,460] 39 root - INFO - [Attacker] Label flip: 11 samples class 4 \u2192 class 0
[2026-07-19 13:35:29,468] 39 root - INFO - [Attacker] Label flip: 12 samples class 4 \u2192 class 0
[2026-07-19 13:35:29,476] 39 root - INFO - [Attacker] Label flip: 15 samples class 4 \u2192 class 0
[2026-07-19 13:35:29,485] 39 root - INFO - [Attacker] Label flip: 13 samples class 4 \u2192 class 0
[2026-07-19 13:35:29,491] 39 root - INFO - [Attacker] Label flip: 17 samples class 4 \u2192 class 0
[2026-07-19 13:35:29,499] 39 root - INFO - [Attacker] Label flip: 17 samples class 4 \u2192 class 0
[2026-07-19 13:35:29,506] 39 root - INFO - [Attacker] Label flip: 8 samples class 4 \u2192 class 0
[2026-07-19 13:35:29,514] 39 root - INFO - [Attacker] Label flip: 18 samples class 4 \u2192 class 0
[2026-07-19 13:35:29,522] 39 root - INFO - [Attacker] Label flip: 11 samples class 4 \u2192 class 0
[2026-07-19 13:35:29,528] 39 root - INFO - [Attacker] Label flip: 14 samples class 4 \u2192 class 0
[2026-07-19 13:35:29,536] 39 root - INFO - [Attacker] Label flip: 8 samples class 4 \u2192 class 0
[2026-07-19 13:35:29,546] 39 root - INFO - [Attacker] Label flip: 12 samples class 4 \u2192 class 0
[2026-07-19 13:35:29,554] 39 root - INFO - [Attacker] Label flip: 7 samples class 4 \u2192 class 0
[2026-07-19 13:35:29,560] 39 root - INFO - [Attacker] Label flip: 15 samples class 4 \u2192 class 0
[2026-07-19 13:35:29,570] 39 root - INFO - [Attacker] Label flip: 12 samples class 4 \u2192 class 0
[2026-07-19 13:35:29,576] 39 root - INFO - [Attacker] Label flip: 12 samples class 4 \u2192 class 0
[2026-07-19 13:35:29,583] 39 root - INFO - [Attacker] Label flip: 12 samples class 4 \u2192 class 0
[2026-07-19 13:35:29,593] 39 root - INFO - [Attacker] Label flip: 10 samples class 4 \u2192 class 0
[2026-07-19 13:35:29,601] 39 root - INFO - [Attacker] Label flip: 13 samples class 4 \u2192 class 0
[2026-07-19 13:35:29,607] 39 root - INFO - [Attacker] Label flip: 15 samples class 4 \u2192 class 0
[2026-07-19 13:35:29,615] 39 root - INFO - [Attacker] Label flip: 6 samples class 4 \u2192 class 0
[2026-07-19 13:35:29,623] 39 root - INFO - [Attacker] Label flip: 12 samples class 4 \u2192 class 0
[2026-07-19 13:35:29,631] 39 root - INFO - [Attacker] Label flip: 11 samples class 4 \u2192 class 0
[2026-07-19 13:35:29,639] 39 root - INFO - [Attacker] Label flip: 11 samples class 4 \u2192 class 0
[2026-07-19 13:35:29,647] 39 root - INFO - [Attacker] Label flip: 11 samples class 4 \u2192 class 0
[2026-07-19 13:35:29,655] 39 root - INFO - [Attacker] Label flip: 13 samples class 4 \u2192 class 0
[2026-07-19 13:35:29,662] 39 root - INFO - [Attacker] Label flip: 15 samples class 4 \u2192 class 0
[2026-07-19 13:35:29,670] 39 root - INFO - [Attacker] Label flip: 14 samples class 4 \u2192 class 0
[2026-07-19 13:35:29,678] 39 root - INFO - [Attacker] Label flip: 12 samples class 4 \u2192 class 0
[2026-07-19 13:35:29,686] 39 root - INFO - [Attacker] Label flip: 14 samples class 4 \u2192 class 0
[2026-07-19 13:35:29,694] 39 root - INFO - [Attacker] Label flip: 7 samples class 4 \u2192 class 0
[2026-07-19 13:35:29,700] 39 root - INFO - [Attacker] Label flip: 12 samples class 4 \u2192 class 0
[2026-07-19 13:35:29,708] 39 root - INFO - [Attacker] Label flip: 13 samples class 4 \u2192 class 0
[2026-07-19 13:35:29,716] 39 root - INFO - [Attacker] Label flip: 14 samples class 4 \u2192 class 0
[2026-07-19 13:35:29,724] 39 root - INFO - [Attacker] Label flip: 10 samples class 4 \u2192 class 0
[2026-07-19 13:35:29,732] 39 root - INFO - [Attacker] Label flip: 13 samples class 4 \u2192 class 0
[2026-07-19 13:35:29,739] 39 root - INFO - [Attacker] Label flip: 14 samples class 4 \u2192 class 0
[2026-07-19 13:35:29,747] 39 root - INFO - [Attacker] Label flip: 19 samples class 4 \u2192 class 0
[2026-07-19 13:35:29,753] 39 root - INFO - [Attacker] Label flip: 11 samples class 4 \u2192 class 0
[2026-07-19 13:35:29,763] 39 root - INFO - [Attacker] Label flip: 13 samples class 4 \u2192 class 0
[2026-07-19 13:35:29,771] 39 root - INFO - [Attacker] Label flip: 13 samples class 4 \u2192 class 0
[2026-07-19 13:35:29,777] 39 root - INFO - [Attacker] Label flip: 17 samples class 4 \u2192 class 0
[2026-07-19 13:35:29,785] 39 root - INFO - [Attacker] Label flip: 12 samples class 4 \u2192 class 0
[2026-07-19 13:35:29,793] 39 root - INFO - [Attacker] Label flip: 16 samples class 4 \u2192 class 0
[2026-07-19 13:35:29,800] 39 root - INFO - [Attacker] Label flip: 12 samples class 4 \u2192 class 0
[2026-07-19 13:35:29,809] 39 root - INFO - [Attacker] Label flip: 10 samples class 4 \u2192 class 0
[2026-07-19 13:35:29,816] 39 root - INFO - [Attacker] Label flip: 12 samples class 4 \u2192 class 0
[2026-07-19 13:35:29,822] 39 root - INFO - [Attacker] Label flip: 12 samples class 4 \u2192 class 0
[2026-07-19 13:35:29,830] 39 root - INFO - [Attacker] Label flip: 10 samples class 4 \u2192 class 0
[2026-07-19 13:35:29,838] 39 root - INFO - [Attacker] Label flip: 14 samples class 4 \u2192 class 0
[2026-07-19 13:35:29,846] 39 root - INFO - [Attacker] Label flip: 14 samples class 4 \u2192 class 0
[2026-07-19 13:35:29,854] 39 root - INFO - [Attacker] Label flip: 16 samples class 4 \u2192 class 0
[2026-07-19 13:35:29,861] 39 root - INFO - [Attacker] Label flip: 14 samples class 4 \u2192 class 0
[2026-07-19 13:35:29,869] 39 root - INFO - [Attacker] Label flip: 14 samples class 4 \u2192 class 0
[2026-07-19 13:35:29,876] 39 root - INFO - [Attacker] Label flip: 13 samples class 4 \u2192 class 0
[2026-07-19 13:35:29,885] 39 root - INFO - [Attacker] Label flip: 15 samples class 4 \u2192 class 0
[2026-07-19 13:35:29,891] 39 root - INFO - [Attacker] Label flip: 15 samples class 4 \u2192 class 0
[2026-07-19 13:35:29,899] 39 root - INFO - [Attacker] Label flip: 16 samples class 4 \u2192 class 0
[2026-07-19 13:35:29,907] 39 root - INFO - [Attacker] Label flip: 12 samples class 4 \u2192 class 0
[2026-07-19 13:35:29,915] 39 root - INFO - [Attacker] Label flip: 12 samples class 4 \u2192 class 0
[2026-07-19 13:35:29,923] 39 root - INFO - [Attacker] Label flip: 15 samples class 4 \u2192 class 0
[2026-07-19 13:35:29,931] 39 root - INFO - [Attacker] Label flip: 13 samples class 4 \u2192 class 0
[2026-07-19 13:35:29,937] 39 root - INFO - [Attacker] Label flip: 12 samples class 4 \u2192 class 0
[2026-07-19 13:35:29,944] 39 root - INFO - [Attacker] Label flip: 10 samples class 4 \u2192 class 0
[2026-07-19 13:35:29,952] 39 root - INFO - [Attacker] Label flip: 10 samples class 4 \u2192 class 0
[2026-07-19 13:35:29,960] 39 root - INFO - [Attacker] Label flip: 12 samples class 4 \u2192 class 0
[2026-07-19 13:35:29,968] 39 root - INFO - [Attacker] Label flip: 11 samples class 4 \u2192 class 0
[2026-07-19 13:35:29,976] 39 root - INFO - [Attacker] Label flip: 11 samples class 4 \u2192 class 0
[2026-07-19 13:35:29,984] 39 root - INFO - [Attacker] Label flip: 20 samples class 4 \u2192 class 0
[2026-07-19 13:35:29,991] 39 root - INFO - [Attacker] Label flip: 8 samples class 4 \u2192 class 0
[2026-07-19 13:35:30,000] 39 root - INFO - [Attacker] Label flip: 15 samples class 4 \u2192 class 0
[2026-07-19 13:35:30,007] 39 root - INFO - [Attacker] Label flip: 7 samples class 4 \u2192 class 0
[2026-07-19 13:35:30,015] 39 root - INFO - [Attacker] Label flip: 11 samples class 4 \u2192 class 0
[2026-07-19 13:35:30,023] 39 root - INFO - [Attacker] Label flip: 16 samples class 4 \u2192 class 0
[2026-07-19 13:35:30,030] 39 root - INFO - [Attacker] Label flip: 14 samples class 4 \u2192 class 0
[2026-07-19 13:35:30,036] 39 root - INFO - [Attacker] Label flip: 7 samples class 4 \u2192 class 0
[2026-07-19 13:35:30,044] 39 root - INFO - [Attacker] Label flip: 14 samples class 4 \u2192 class 0
[2026-07-19 13:35:30,052] 39 root - INFO - [Attacker] Label flip: 16 samples class 4 \u2192 class 0
[2026-07-19 13:35:30,060] 39 root - INFO - [Attacker] Label flip: 10 samples class 4 \u2192 class 0
[2026-07-19 13:35:30,066] 39 root - INFO - [Attacker] Label flip: 16 samples class 4 \u2192 class 0
[2026-07-19 13:35:30,074] 39 root - INFO - [Attacker] Label flip: 14 samples class 4 \u2192 class 0
[2026-07-19 13:35:30,082] 39 root - INFO - [Attacker] Label flip: 15 samples class 4 \u2192 class 0
[2026-07-19 13:35:30,090] 39 root - INFO - [Attacker] Label flip: 8 samples class 4 \u2192 class 0
[2026-07-19 13:35:30,098] 39 root - INFO - [Attacker] Label flip: 11 samples class 4 \u2192 class 0
[2026-07-19 13:35:30,104] 39 root - INFO - [Attacker] Label flip: 19 samples class 4 \u2192 class 0
[2026-07-19 13:35:30,112] 39 root - INFO - [Attacker] Label flip: 9 samples class 4 \u2192 class 0
[2026-07-19 13:35:30,120] 39 root - INFO - [Attacker] Label flip: 10 samples class 4 \u2192 class 0
[2026-07-19 13:35:30,127] 39 root - INFO - [Attacker] Label flip: 10 samples class 4 \u2192 class 0
[2026-07-19 13:35:30,135] 39 root - INFO - [Attacker] Label flip: 10 samples class 4 \u2192 class 0
[2026-07-19 13:35:30,143] 39 root - INFO - [Attacker] Label flip: 11 samples class 4 \u2192 class 0
[2026-07-19 13:35:30,151] 39 root - INFO - [Attacker] Label flip: 9 samples class 4 \u2192 class 0
[2026-07-19 13:35:30,159] 39 root - INFO - [Attacker] Label flip: 8 samples class 4 \u2192 class 0
[2026-07-19 13:35:30,167] 39 root - INFO - [Attacker] Label flip: 17 samples class 4 \u2192 class 0
[2026-07-19 13:35:30,175] 39 root - INFO - [Attacker] Label flip: 9 samples class 4 \u2192 class 0
[2026-07-19 13:35:30,181] 39 root - INFO - [Attacker] Label flip: 14 samples class 4 \u2192 class 0
[2026-07-19 13:35:30,190] 39 root - INFO - [Attacker] Label flip: 14 samples class 4 \u2192 class 0
[2026-07-19 13:35:30,196] 39 root - INFO - [Attacker] Label flip: 16 samples class 4 \u2192 class 0
[2026-07-19 13:35:30,204] 39 root - INFO - [Attacker] Label flip: 9 samples class 4 \u2192 class 0
[2026-07-19 13:35:30,212] 39 root - INFO - [Attacker] Label flip: 13 samples class 4 \u2192 class 0
[2026-07-19 13:35:30,220] 39 root - INFO - [Attacker] Label flip: 15 samples class 4 \u2192 class 0
[2026-07-19 13:35:30,228] 39 root - INFO - [Attacker] Label flip: 11 samples class 4 \u2192 class 0
[2026-07-19 13:35:30,236] 39 root - INFO - [Attacker] Label flip: 11 samples class 4 \u2192 class 0
[2026-07-19 13:35:30,244] 39 root - INFO - [Attacker] Label flip: 5 samples class 4 \u2192 class 0
[2026-07-19 13:35:30,252] 39 root - INFO - [Attacker] Label flip: 8 samples class 4 \u2192 class 0
[2026-07-19 13:35:30,260] 39 root - INFO - [Attacker] Label flip: 8 samples class 4 \u2192 class 0
[2026-07-19 13:35:30,267] 39 root - INFO - [Attacker] Label flip: 14 samples class 4 \u2192 class 0
[2026-07-19 13:35:30,275] 39 root - INFO - [Attacker] Label flip: 5 samples class 4 \u2192 class 0
[2026-07-19 13:35:30,283] 39 root - INFO - [Attacker] Label flip: 11 samples class 4 \u2192 class 0
[2026-07-19 13:35:30,291] 39 root - INFO - [Attacker] Label flip: 16 samples class 4 \u2192 class 0
[2026-07-19 13:35:30,299] 39 root - INFO - [Attacker] Label flip: 14 samples class 4 \u2192 class 0
[2026-07-19 13:35:30,307] 39 root - INFO - [Attacker] Label flip: 12 samples class 4 \u2192 class 0
[2026-07-19 13:35:30,315] 39 root - INFO - [Attacker] Label flip: 16 samples class 4 \u2192 class 0
[2026-07-19 13:35:30,321] 39 root - INFO - [Attacker] Label flip: 11 samples class 4 \u2192 class 0
[2026-07-19 13:35:30,331] 39 root - INFO - [Attacker] Label flip: 12 samples class 4 \u2192 class 0
[2026-07-19 13:35:30,337] 39 root - INFO - [Attacker] Label flip: 13 samples class 4 \u2192 class 0
[2026-07-19 13:35:30,344] 39 root - INFO - [Attacker] Label flip: 12 samples class 4 \u2192 class 0
[2026-07-19 13:35:30,352] 39 root - INFO - [Attacker] Label flip: 13 samples class 4 \u2192 class 0
[2026-07-19 13:35:30,360] 39 root - INFO - [Attacker] Label flip: 15 samples class 4 \u2192 class 0
[2026-07-19 13:35:30,366] 39 root - INFO - [Attacker] Label flip: 11 samples class 4 \u2192 class 0
[2026-07-19 13:35:30,374] 39 root - INFO - [Attacker] Label flip: 8 samples class 4 \u2192 class 0
[2026-07-19 13:35:30,382] 39 root - INFO - [Attacker] Label flip: 11 samples class 4 \u2192 class 0
[2026-07-19 13:35:30,390] 39 root - INFO - [Attacker] Label flip: 14 samples class 4 \u2192 class 0
[2026-07-19 13:35:30,397] 39 root - INFO - [Attacker] Label flip: 13 samples class 4 \u2192 class 0
[2026-07-19 13:35:30,405] 39 root - INFO - [Attacker] Label flip: 14 samples class 4 \u2192 class 0
[2026-07-19 13:35:30,413] 39 root - INFO - [Attacker] Label flip: 21 samples class 4 \u2192 class 0
[2026-07-19 13:35:30,419] 39 root - INFO - [Attacker] Label flip: 14 samples class 4 \u2192 class 0
[2026-07-19 13:35:30,430] 39 root - INFO - [Attacker] Label flip: 19 samples class 4 \u2192 class 0
[2026-07-19 13:35:30,438] 39 root - INFO - [Attacker] Label flip: 17 samples class 4 \u2192 class 0
[2026-07-19 13:35:30,445] 39 root - INFO - [Attacker] Label flip: 19 samples class 4 \u2192 class 0
[2026-07-19 13:35:30,451] 39 root - INFO - [Attacker] Label flip: 8 samples class 4 \u2192 class 0
[2026-07-19 13:35:30,461] 39 root - INFO - [Attacker] Label flip: 8 samples class 4 \u2192 class 0
[2026-07-19 13:35:30,467] 39 root - INFO - [Attacker] Label flip: 9 samples class 4 \u2192 class 0
[2026-07-19 13:35:30,476] 39 root - INFO - [Attacker] Label flip: 8 samples class 4 \u2192 class 0
[2026-07-19 13:35:30,484] 39 root - INFO - [Attacker] Label flip: 16 samples class 4 \u2192 class 0
[2026-07-19 13:35:30,492] 39 root - INFO - [Attacker] Label flip: 13 samples class 4 \u2192 class 0
[2026-07-19 13:35:30,500] 39 root - INFO - [Attacker] Label flip: 23 samples class 4 \u2192 class 0
[2026-07-19 13:35:30,508] 39 root - INFO - [Attacker] Label flip: 18 samples class 4 \u2192 class 0
[2026-07-19 13:35:30,514] 39 root - INFO - [Attacker] Label flip: 14 samples class 4 \u2192 class 0
[2026-07-19 13:35:30,524] 39 root - INFO - [Attacker] Label flip: 10 samples class 4 \u2192 class 0
[2026-07-19 13:35:30,530] 39 root - INFO - [Attacker] Label flip: 15 samples class 4 \u2192 class 0
[2026-07-19 13:35:30,539] 39 root - INFO - [Attacker] Label flip: 12 samples class 4 \u2192 class 0
[2026-07-19 13:35:30,547] 39 root - INFO - [Attacker] Label flip: 16 samples class 4 \u2192 class 0
[2026-07-19 13:35:30,555] 39 root - INFO - [Attacker] Label flip: 14 samples class 4 \u2192 class 0
[2026-07-19 13:35:30,562] 39 root - INFO - [Attacker] Label flip: 25 samples class 4 \u2192 class 0
[2026-07-19 13:35:30,570] 39 root - INFO - [Attacker] Label flip: 15 samples class 4 \u2192 class 0
[2026-07-19 13:35:30,578] 39 root - INFO - [Attacker] Label flip: 9 samples class 4 \u2192 class 0
[2026-07-19 13:35:30,584] 39 root - INFO - [Attacker] Label flip: 19 samples class 4 \u2192 class 0
[2026-07-19 13:35:30,591] 39 root - INFO - [Attacker] Label flip: 15 samples class 4 \u2192 class 0
[2026-07-19 13:35:30,600] 39 root - INFO - [Attacker] Label flip: 17 samples class 4 \u2192 class 0
[2026-07-19 13:35:30,607] 39 root - INFO - [Attacker] Label flip: 13 samples class 4 \u2192 class 0
[2026-07-19 13:35:30,615] 39 root - INFO - [Attacker] Label flip: 19 samples class 4 \u2192 class 0
[2026-07-19 13:35:30,623] 39 root - INFO - [Attacker] Label flip: 21 samples class 4 \u2192 class 0
[2026-07-19 13:35:30,631] 39 root - INFO - [Attacker] Label flip: 8 samples class 4 \u2192 class 0
[2026-07-19 13:35:30,639] 39 root - INFO - [Attacker] Label flip: 19 samples class 4 \u2192 class 0
[2026-07-19 13:35:30,645] 39 root - INFO - [Attacker] Label flip: 16 samples class 4 \u2192 class 0
[2026-07-19 13:35:30,655] 39 root - INFO - [Attacker] Label flip: 12 samples class 4 \u2192 class 0
[2026-07-19 13:35:30,661] 39 root - INFO - [Attacker] Label flip: 10 samples class 4 \u2192 class 0
[2026-07-19 13:35:30,668] 39 root - INFO - [Attacker] Label flip: 10 samples class 4 \u2192 class 0
[2026-07-19 13:35:30,676] 39 root - INFO - [Attacker] Label flip: 13 samples class 4 \u2192 class 0
[2026-07-19 13:35:30,684] 39 root - INFO - [Attacker] Label flip: 15 samples class 4 \u2192 class 0
[2026-07-19 13:35:30,692] 39 root - INFO - [Attacker] Label flip: 12 samples class 4 \u2192 class 0
[2026-07-19 13:35:30,698] 39 root - INFO - [Attacker] Label flip: 9 samples class 4 \u2192 class 0
[2026-07-19 13:35:30,706] 39 root - INFO - [Attacker] Label flip: 11 samples class 4 \u2192 class 0
[2026-07-19 13:35:30,714] 39 root - INFO - [Attacker] Label flip: 12 samples class 4 \u2192 class 0
[2026-07-19 13:35:30,722] 39 root - INFO - [Attacker] Label flip: 9 samples class 4 \u2192 class 0
[2026-07-19 13:35:30,730] 39 root - INFO - [Attacker] Label flip: 9 samples class 4 \u2192 class 0
[2026-07-19 13:35:30,736] 39 root - INFO - [Attacker] Label flip: 16 samples class 4 \u2192 class 0
[2026-07-19 13:35:30,744] 39 root - INFO - [Attacker] Label flip: 14 samples class 4 \u2192 class 0
[2026-07-19 13:35:30,751] 39 root - INFO - [Attacker] Label flip: 14 samples class 4 \u2192 class 0
[2026-07-19 13:35:30,759] 39 root - INFO - [Attacker] Label flip: 8 samples class 4 \u2192 class 0
[2026-07-19 13:35:30,767] 39 root - INFO - [Attacker] Label flip: 10 samples class 4 \u2192 class 0
[2026-07-19 13:35:30,775] 39 root - INFO - [Attacker] Label flip: 12 samples class 4 \u2192 class 0
[2026-07-19 13:35:30,783] 39 root - INFO - [Attacker] Label flip: 7 samples class 4 \u2192 class 0
[2026-07-19 13:35:30,789] 39 root - INFO - [Attacker] Label flip: 14 samples class 4 \u2192 class 0
[2026-07-19 13:35:30,799] 39 root - INFO - [Attacker] Label flip: 11 samples class 4 \u2192 class 0
[2026-07-19 13:35:30,805] 39 root - INFO - [Attacker] Label flip: 12 samples class 4 \u2192 class 0
[2026-07-19 13:35:30,812] 39 root - INFO - [Attacker] Label flip: 16 samples class 4 \u2192 class 0
[2026-07-19 13:35:30,821] 39 root - INFO - [Attacker] Label flip: 14 samples class 4 \u2192 class 0
[2026-07-19 13:35:30,828] 39 root - INFO - [Attacker] Label flip: 8 samples class 4 \u2192 class 0
[2026-07-19 13:35:30,836] 39 root - INFO - [Attacker] Label flip: 12 samples class 4 \u2192 class 0
[2026-07-19 13:35:30,844] 39 root - INFO - [Attacker] Label flip: 13 samples class 4 \u2192 class 0
[2026-07-19 13:35:30,852] 39 root - INFO - [Attacker] Label flip: 15 samples class 4 \u2192 class 0
[2026-07-19 13:35:30,860] 39 root - INFO - [Attacker] Label flip: 15 samples class 4 \u2192 class 0
[2026-07-19 13:35:30,866] 39 root - INFO - [Attacker] Label flip: 8 samples class 4 \u2192 class 0
[2026-07-19 13:35:30,874] 39 root - INFO - [Attacker] Label flip: 15 samples class 4 \u2192 class 0
[2026-07-19 13:35:30,882] 39 root - INFO - [Attacker] Label flip: 14 samples class 4 \u2192 class 0
[2026-07-19 13:35:30,889] 39 root - INFO - [Attacker] Label flip: 15 samples class 4 \u2192 class 0
[2026-07-19 13:35:30,897] 39 root - INFO - [Attacker] Label flip: 6 samples class 4 \u2192 class 0
[2026-07-19 13:35:30,905] 39 root - INFO - [Attacker] Label flip: 13 samples class 4 \u2192 class 0
[2026-07-19 13:35:30,913] 39 root - INFO - [Attacker] Label flip: 19 samples class 4 \u2192 class 0
[2026-07-19 13:35:30,921] 39 root - INFO - [Attacker] Label flip: 11 samples class 4 \u2192 class 0
[2026-07-19 13:35:30,929] 39 root - INFO - [Attacker] Label flip: 14 samples class 4 \u2192 class 0
[2026-07-19 13:35:30,937] 39 root - INFO - [Attacker] Label flip: 10 samples class 4 \u2192 class 0
[2026-07-19 13:35:30,945] 39 root - INFO - [Attacker] Label flip: 10 samples class 4 \u2192 class 0
[2026-07-19 13:35:30,952] 39 root - INFO - [Attacker] Label flip: 14 samples class 4 \u2192 class 0
[2026-07-19 13:35:30,958] 39 root - INFO - [Attacker] Label flip: 13 samples class 4 \u2192 class 0
[2026-07-19 13:35:30,966] 39 root - INFO - [Attacker] Label flip: 16 samples class 4 \u2192 class 0
[2026-07-19 13:35:30,974] 39 root - INFO - [Attacker] Label flip: 11 samples class 4 \u2192 class 0
[2026-07-19 13:35:30,982] 39 root - INFO - [Attacker] Label flip: 13 samples class 4 \u2192 class 0
[2026-07-19 13:35:30,989] 39 root - INFO - [Attacker] Label flip: 7 samples class 4 \u2192 class 0
[2026-07-19 13:35:30,997] 39 root - INFO - [Attacker] Label flip: 11 samples class 4 \u2192 class 0
[2026-07-19 13:35:31,005] 39 root - INFO - [Attacker] Label flip: 17 samples class 4 \u2192 class 0
[2026-07-19 13:35:31,013] 39 root - INFO - [Attacker] Label flip: 14 samples class 4 \u2192 class 0
[2026-07-19 13:35:31,019] 39 root - INFO - [Attacker] Label flip: 14 samples class 4 \u2192 class 0
[2026-07-19 13:35:31,027] 39 root - INFO - [Attacker] Label flip: 14 samples class 4 \u2192 class 0
[2026-07-19 13:35:31,037] 39 root - INFO - [Attacker] Label flip: 12 samples class 4 \u2192 class 0
[2026-07-19 13:35:31,043] 39 root - INFO - [Attacker] Label flip: 8 samples class 4 \u2192 class 0
[2026-07-19 13:35:31,051] 39 root - INFO - [Attacker] Label flip: 8 samples class 4 \u2192 class 0
[2026-07-19 13:35:31,059] 39 root - INFO - [Attacker] Label flip: 12 samples class 4 \u2192 class 0
[2026-07-19 13:35:31,067] 39 root - INFO - [Attacker] Label flip: 15 samples class 4 \u2192 class 0
[2026-07-19 13:35:31,075] 39 root - INFO - [Attacker] Label flip: 12 samples class 4 \u2192 class 0
[2026-07-19 13:35:31,083] 39 root - INFO - [Attacker] Label flip: 16 samples class 4 \u2192 class 0
[2026-07-19 13:35:31,090] 39 root - INFO - [Attacker] Label flip: 10 samples class 4 \u2192 class 0
[2026-07-19 13:35:31,096] 39 root - INFO - [Attacker] Label flip: 15 samples class 4 \u2192 class 0
[2026-07-19 13:35:31,104] 39 root - INFO - [Attacker] Label flip: 11 samples class 4 \u2192 class 0
[2026-07-19 13:35:31,112] 39 root - INFO - [Attacker] Label flip: 12 samples class 4 \u2192 class 0
[2026-07-19 13:35:31,120] 39 root - INFO - [Attacker] Label flip: 6 samples class 4 \u2192 class 0
[2026-07-19 13:35:31,128] 39 root - INFO - [Attacker] Label flip: 16 samples class 4 \u2192 class 0
[2026-07-19 13:35:31,135] 39 root - INFO - [Attacker] Label flip: 9 samples class 4 \u2192 class 0
[2026-07-19 13:35:31,143] 39 root - INFO - [Attacker] Label flip: 13 samples class 4 \u2192 class 0
[2026-07-19 13:35:31,151] 39 root - INFO - [Attacker] Label flip: 11 samples class 4 \u2192 class 0
[2026-07-19 13:35:31,157] 39 root - INFO - [Attacker] Label flip: 10 samples class 4 \u2192 class 0
[2026-07-19 13:35:31,167] 39 root - INFO - [Attacker] Label flip: 8 samples class 4 \u2192 class 0
[2026-07-19 13:35:31,175] 39 root - INFO - [Attacker] Label flip: 9 samples class 4 \u2192 class 0
[2026-07-19 13:35:31,183] 39 root - INFO - [Attacker] Label flip: 11 samples class 4 \u2192 class 0
[2026-07-19 13:35:31,189] 39 root - INFO - [Attacker] Label flip: 17 samples class 4 \u2192 class 0
[2026-07-19 13:35:31,198] 39 root - INFO - [Attacker] Label flip: 10 samples class 4 \u2192 class 0
[2026-07-19 13:35:31,204] 39 root - INFO - [Attacker] Label flip: 10 samples class 4 \u2192 class 0
[2026-07-19 13:35:31,212] 39 root - INFO - [Attacker] Label flip: 15 samples class 4 \u2192 class 0
[2026-07-19 13:35:31,220] 39 root - INFO - [Attacker] Label flip: 12 samples class 4 \u2192 class 0
[2026-07-19 13:35:31,232] 39 root - INFO - [Attacker] Label flip: 9 samples class 4 \u2192 class 0
[2026-07-19 13:35:31,238] 39 root - INFO - [Attacker] Label flip: 13 samples class 4 \u2192 class 0
[2026-07-19 13:35:31,246] 39 root - INFO - [Attacker] Label flip: 20 samples class 4 \u2192 class 0
[2026-07-19 13:35:31,254] 39 root - INFO - [Attacker] Label flip: 16 samples class 4 \u2192 class 0
[2026-07-19 13:35:31,263] 39 root - INFO - [Attacker] Label flip: 10 samples class 4 \u2192 class 0
[2026-07-19 13:35:31,271] 39 root - INFO - [Attacker] Label flip: 8 samples class 4 \u2192 class 0
[2026-07-19 13:35:31,279] 39 root - INFO - [Attacker] Label flip: 9 samples class 4 \u2192 class 0
[2026-07-19 13:35:31,287] 39 root - INFO - [Attacker] Label flip: 11 samples class 4 \u2192 class 0
[2026-07-19 13:35:31,295] 39 root - INFO - [Attacker] Label flip: 15 samples class 4 \u2192 class 0
[2026-07-19 13:35:31,303] 39 root - INFO - [Attacker] Label flip: 17 samples class 4 \u2192 class 0
[2026-07-19 13:35:31,311] 39 root - INFO - [Attacker] Label flip: 10 samples class 4 \u2192 class 0
[2026-07-19 13:35:31,319] 39 root - INFO - [Attacker] Label flip: 18 samples class 4 \u2192 class 0
[2026-07-19 13:35:31,326] 39 root - INFO - [Attacker] Label flip: 12 samples class 4 \u2192 class 0
[2026-07-19 13:35:31,334] 39 root - INFO - [Attacker] Label flip: 15 samples class 4 \u2192 class 0
[2026-07-19 13:35:31,340] 39 root - INFO - [Attacker] Label flip: 8 samples class 4 \u2192 class 0
[2026-07-19 13:35:31,348] 39 root - INFO - [Attacker] Label flip: 18 samples class 4 \u2192 class 0
[2026-07-19 13:35:31,356] 39 root - INFO - [Attacker] Label flip: 14 samples class 4 \u2192 class 0
[2026-07-19 13:35:31,364] 39 root - INFO - [Attacker] Label flip: 15 samples class 4 \u2192 class 0
[2026-07-19 13:35:31,372] 39 root - INFO - [Attacker] Label flip: 16 samples class 4 \u2192 class 0
[2026-07-19 13:35:31,380] 39 root - INFO - [Attacker] Label flip: 18 samples class 4 \u2192 class 0
[2026-07-19 13:35:31,388] 39 root - INFO - [Attacker] Label flip: 9 samples class 4 \u2192 class 0
[2026-07-19 13:35:31,396] 39 root - INFO - [Attacker] Label flip: 16 samples class 4 \u2192 class 0
[2026-07-19 13:35:31,403] 39 root - INFO - [Attacker] Label flip: 14 samples class 4 \u2192 class 0
[2026-07-19 13:35:31,409] 39 root - INFO - [Attacker] Label flip: 9 samples class 4 \u2192 class 0
[2026-07-19 13:35:31,417] 39 root - INFO - [Attacker] Label flip: 14 samples class 4 \u2192 class 0
[2026-07-19 13:35:31,425] 39 root - INFO - [Attacker] Label flip: 14 samples class 4 \u2192 class 0
[2026-07-19 13:35:31,433] 39 root - INFO - [Attacker] Label flip: 10 samples class 4 \u2192 class 0
[2026-07-19 13:35:31,441] 39 root - INFO - [Attacker] Label flip: 14 samples class 4 \u2192 class 0
[2026-07-19 13:35:31,449] 39 root - INFO - [Attacker] Label flip: 20 samples class 4 \u2192 class 0
[2026-07-19 13:35:31,457] 39 root - INFO - [Attacker] Label flip: 8 samples class 4 \u2192 class 0
[2026-07-19 13:35:31,464] 39 root - INFO - [Attacker] Label flip: 15 samples class 4 \u2192 class 0
[2026-07-19 13:35:31,472] 39 root - INFO - [Attacker] Label flip: 12 samples class 4 \u2192 class 0
[2026-07-19 13:35:31,480] 39 root - INFO - [Attacker] Label flip: 14 samples class 4 \u2192 class 0
[2026-07-19 13:35:31,486] 39 root - INFO - [Attacker] Label flip: 14 samples class 4 \u2192 class 0
[2026-07-19 13:35:31,494] 39 root - INFO - [Attacker] Label flip: 19 samples class 4 \u2192 class 0
[2026-07-19 13:35:31,502] 39 root - INFO - [Attacker] Label flip: 11 samples class 4 \u2192 class 0
[2026-07-19 13:35:31,510] 39 root - INFO - [Attacker] Label flip: 17 samples class 4 \u2192 class 0
[2026-07-19 13:35:31,518] 39 root - INFO - [Attacker] Label flip: 16 samples class 4 \u2192 class 0
[2026-07-19 13:35:31,526] 39 root - INFO - [Attacker] Label flip: 12 samples class 4 \u2192 class 0
[2026-07-19 13:35:31,532] 39 root - INFO - [Attacker] Label flip: 14 samples class 4 \u2192 class 0
[2026-07-19 13:35:31,540] 39 root - INFO - [Attacker] Label flip: 12 samples class 4 \u2192 class 0
[2026-07-19 13:35:31,547] 39 root - INFO - [Attacker] Label flip: 9 samples class 4 \u2192 class 0
[2026-07-19 13:35:31,555] 39 root - INFO - [Attacker] Label flip: 11 samples class 4 \u2192 class 0
[2026-07-19 13:35:31,563] 39 root - INFO - [Attacker] Label flip: 12 samples class 4 \u2192 class 0
[2026-07-19 13:35:31,569] 39 root - INFO - [Attacker] Label flip: 10 samples class 4 \u2192 class 0
[2026-07-19 13:35:31,577] 39 root - INFO - [Attacker] Label flip: 19 samples class 4 \u2192 class 0
[2026-07-19 13:35:31,585] 39 root - INFO - [Attacker] Label flip: 13 samples class 4 \u2192 class 0
[2026-07-19 13:35:31,593] 39 root - INFO - [Attacker] Label flip: 14 samples class 4 \u2192 class 0
[2026-07-19 13:35:31,600] 39 root - INFO - [Attacker] Label flip: 18 samples class 4 \u2192 class 0
[2026-07-19 13:35:31,608] 39 root - INFO - [Attacker] Label flip: 13 samples class 4 \u2192 class 0
[2026-07-19 13:35:31,614] 39 root - INFO - [Attacker] Label flip: 13 samples class 4 \u2192 class 0
[2026-07-19 13:35:31,622] 39 root - INFO - [Attacker] Label flip: 16 samples class 4 \u2192 class 0
[2026-07-19 13:35:31,630] 39 root - INFO - [Attacker] Label flip: 10 samples class 4 \u2192 class 0
[2026-07-19 13:35:31,638] 39 root - INFO - [Attacker] Label flip: 15 samples class 4 \u2192 class 0
[2026-07-19 13:35:31,644] 39 root - INFO - [Attacker] Label flip: 9 samples class 4 \u2192 class 0
[2026-07-19 13:35:31,652] 39 root - INFO - [Attacker] Label flip: 19 samples class 4 \u2192 class 0
[2026-07-19 13:35:31,659] 39 root - INFO - [Attacker] Label flip: 13 samples class 4 \u2192 class 0
[2026-07-19 13:35:31,668] 39 root - INFO - [Attacker] Label flip: 13 samples class 4 \u2192 class 0
[2026-07-19 13:35:31,674] 39 root - INFO - [Attacker] Label flip: 7 samples class 4 \u2192 class 0
[2026-07-19 13:35:31,681] 39 root - INFO - [Attacker] Label flip: 6 samples class 4 \u2192 class 0
[2026-07-19 13:35:31,689] 39 root - INFO - [Attacker] Label flip: 12 samples class 4 \u2192 class 0
[2026-07-19 13:35:31,697] 39 root - INFO - [Attacker] Label flip: 16 samples class 4 \u2192 class 0
[2026-07-19 13:35:31,703] 39 root - INFO - [Attacker] Label flip: 8 samples class 4 \u2192 class 0
[2026-07-19 13:35:31,711] 39 root - INFO - [Attacker] Label flip: 14 samples class 4 \u2192 class 0
[2026-07-19 13:35:31,719] 39 root - INFO - [Attacker] Label flip: 5 samples class 4 \u2192 class 0
[2026-07-19 13:35:31,727] 39 root - INFO - [Attacker] Label flip: 12 samples class 4 \u2192 class 0
[2026-07-19 13:35:31,733] 39 root - INFO - [Attacker] Label flip: 6 samples class 4 \u2192 class 0
[2026-07-19 13:35:31,741] 39 root - INFO - [Attacker] Label flip: 12 samples class 4 \u2192 class 0
[2026-07-19 13:35:31,749] 39 root - INFO - [Attacker] Label flip: 6 samples class 4 \u2192 class 0
[2026-07-19 13:35:31,757] 39 root - INFO - [Attacker] Label flip: 8 samples class 4 \u2192 class 0
[2026-07-19 13:35:31,763] 39 root - INFO - [Attacker] Label flip: 11 samples class 4 \u2192 class 0
[2026-07-19 13:35:31,770] 39 root - INFO - [Attacker] Label flip: 10 samples class 4 \u2192 class 0
[2026-07-19 13:35:31,778] 39 root - INFO - [Attacker] Label flip: 19 samples class 4 \u2192 class 0
[2026-07-19 13:35:31,786] 39 root - INFO - [Attacker] Label flip: 15 samples class 4 \u2192 class 0
[2026-07-19 13:35:31,794] 39 root - INFO - [Attacker] Label flip: 11 samples class 4 \u2192 class 0
[2026-07-19 13:35:31,802] 39 root - INFO - [Attacker] Label flip: 17 samples class 4 \u2192 class 0
[2026-07-19 13:35:31,808] 39 root - INFO - [Attacker] Label flip: 10 samples class 4 \u2192 class 0
[2026-07-19 13:35:31,816] 39 root - INFO - [Attacker] Label flip: 11 samples class 4 \u2192 class 0
[2026-07-19 13:35:31,824] 39 root - INFO - [Attacker] Label flip: 9 samples class 4 \u2192 class 0
[2026-07-19 13:35:31,832] 39 root - INFO - [Attacker] Label flip: 9 samples class 4 \u2192 class 0
[2026-07-19 13:35:31,840] 39 root - INFO - [Attacker] Label flip: 10 samples class 4 \u2192 class 0
[2026-07-19 13:35:31,848] 39 root - INFO - [Attacker] Label flip: 8 samples class 4 \u2192 class 0
[2026-07-19 13:35:31,856] 39 root - INFO - [Attacker] Label flip: 11 samples class 4 \u2192 class 0
[2026-07-19 13:35:31,862] 39 root - INFO - [Attacker] Label flip: 14 samples class 4 \u2192 class 0
[2026-07-19 13:35:31,869] 39 root - INFO - [Attacker] Label flip: 15 samples class 4 \u2192 class 0
[2026-07-19 13:35:31,877] 39 root - INFO - [Attacker] Label flip: 15 samples class 4 \u2192 class 0
[2026-07-19 13:35:31,885] 39 root - INFO - [Attacker] Label flip: 8 samples class 4 \u2192 class 0
[2026-07-19 13:35:31,893] 39 root - INFO - [Attacker] Label flip: 13 samples class 4 \u2192 class 0
[2026-07-19 13:35:31,901] 39 root - INFO - [Attacker] Label flip: 16 samples class 4 \u2192 class 0
[2026-07-19 13:35:31,907] 39 root - INFO - [Attacker] Label flip: 13 samples class 4 \u2192 class 0
[2026-07-19 13:35:31,915] 39 root - INFO - [Attacker] Label flip: 14 samples class 4 \u2192 class 0
[2026-07-19 13:35:31,923] 39 root - INFO - [Attacker] Label flip: 15 samples class 4 \u2192 class 0
[2026-07-19 13:35:31,931] 39 root - INFO - [Attacker] Label flip: 13 samples class 4 \u2192 class 0
[2026-07-19 13:35:31,939] 39 root - INFO - [Attacker] Label flip: 11 samples class 4 \u2192 class 0
[2026-07-19 13:35:31,947] 39 root - INFO - [Attacker] Label flip: 13 samples class 4 \u2192 class 0
[2026-07-19 13:35:31,953] 39 root - INFO - [Attacker] Label flip: 11 samples class 4 \u2192 class 0
[2026-07-19 13:35:31,960] 39 root - INFO - [Attacker] Label flip: 17 samples class 4 \u2192 class 0
[2026-07-19 13:35:31,968] 39 root - INFO - [Attacker] Label flip: 10 samples class 4 \u2192 class 0
[2026-07-19 13:35:31,976] 39 root - INFO - [Attacker] Label flip: 10 samples class 4 \u2192 class 0
[2026-07-19 13:35:31,984] 39 root - INFO - [Attacker] Label flip: 19 samples class 4 \u2192 class 0
[2026-07-19 13:35:31,990] 39 root - INFO - [Attacker] Label flip: 16 samples class 4 \u2192 class 0
[2026-07-19 13:35:31,998] 39 root - INFO - [Attacker] Label flip: 13 samples class 4 \u2192 class 0
[2026-07-19 13:35:32,006] 39 root - INFO - [Attacker] Label flip: 12 samples class 4 \u2192 class 0
[2026-07-19 13:35:32,014] 39 root - INFO - [Attacker] Label flip: 12 samples class 4 \u2192 class 0
[2026-07-19 13:35:32,020] 39 root - INFO - [Attacker] Label flip: 11 samples class 4 \u2192 class 0
[2026-07-19 13:35:32,027] 39 root - INFO - [Attacker] Label flip: 11 samples class 4 \u2192 class 0
[2026-07-19 13:35:32,035] 39 root - INFO - [Attacker] Label flip: 15 samples class 4 \u2192 class 0
[2026-07-19 13:35:32,043] 39 root - INFO - [Attacker] Label flip: 13 samples class 4 \u2192 class 0
[2026-07-19 13:35:32,049] 39 root - INFO - [Attacker] Label flip: 14 samples class 4 \u2192 class 0
[2026-07-19 13:35:32,057] 39 root - INFO - [Attacker] Label flip: 11 samples class 4 \u2192 class 0
[2026-07-19 13:35:32,065] 39 root - INFO - [Attacker] Label flip: 12 samples class 4 \u2192 class 0
[2026-07-19 13:35:32,073] 39 root - INFO - [Attacker] Label flip: 11 samples class 4 \u2192 class 0
[2026-07-19 13:35:32,079] 39 root - INFO - [Attacker] Label flip: 17 samples class 4 \u2192 class 0
[2026-07-19 13:35:32,087] 39 root - INFO - [Attacker] Label flip: 11 samples class 4 \u2192 class 0
[2026-07-19 13:35:32,095] 39 root - INFO - [Attacker] Label flip: 16 samples class 4 \u2192 class 0
[2026-07-19 13:35:32,102] 39 root - INFO - [Attacker] Label flip: 16 samples class 4 \u2192 class 0
[2026-07-19 13:35:32,110] 39 root - INFO - [Attacker] Label flip: 17 samples class 4 \u2192 class 0
[2026-07-19 13:35:32,118] 39 root - INFO - [Attacker] Label flip: 10 samples class 4 \u2192 class 0
[2026-07-19 13:35:32,125] 39 root - INFO - [Attacker] Label flip: 12 samples class 4 \u2192 class 0
[2026-07-19 13:35:32,133] 39 root - INFO - [Attacker] Label flip: 7 samples class 4 \u2192 class 0
[2026-07-19 13:35:32,140] 39 root - INFO - [Attacker] Label flip: 13 samples class 4 \u2192 class 0
[2026-07-19 13:35:32,148] 39 root - INFO - [Attacker] Label flip: 12 samples class 4 \u2192 class 0
[2026-07-19 13:35:32,155] 39 root - INFO - [Attacker] Label flip: 15 samples class 4 \u2192 class 0
[2026-07-19 13:35:32,163] 39 root - INFO - [Attacker] Label flip: 14 samples class 4 \u2192 class 0
[2026-07-19 13:35:32,171] 39 root - INFO - [Attacker] Label flip: 10 samples class 4 \u2192 class 0
[2026-07-19 13:35:32,179] 39 root - INFO - [Attacker] Label flip: 10 samples class 4 \u2192 class 0
[2026-07-19 13:35:32,186] 39 root - INFO - [Attacker] Label flip: 11 samples class 4 \u2192 class 0
[2026-07-19 13:35:32,192] 39 root - INFO - [Attacker] Label flip: 15 samples class 4 \u2192 class 0
[2026-07-19 13:35:32,200] 39 root - INFO - [Attacker] Label flip: 11 samples class 4 \u2192 class 0
[2026-07-19 13:35:32,208] 39 root - INFO - [Attacker] Label flip: 17 samples class 4 \u2192 class 0
[2026-07-19 13:35:32,216] 39 root - INFO - [Attacker] Label flip: 7 samples class 4 \u2192 class 0
[2026-07-19 13:35:32,224] 39 root - INFO - [Attacker] Label flip: 11 samples class 4 \u2192 class 0
[2026-07-19 13:35:32,232] 39 root - INFO - [Attacker] Label flip: 13 samples class 4 \u2192 class 0
[2026-07-19 13:35:32,239] 39 root - INFO - [Attacker] Label flip: 10 samples class 4 \u2192 class 0
[2026-07-19 13:35:32,248] 39 root - INFO - [Attacker] Label flip: 10 samples class 4 \u2192 class 0
[2026-07-19 13:35:32,256] 39 root - INFO - [Attacker] Label flip: 12 samples class 4 \u2192 class 0
[2026-07-19 13:35:32,264] 39 root - INFO - [Attacker] Label flip: 10 samples class 4 \u2192 class 0
[2026-07-19 13:35:32,270] 39 root - INFO - [Attacker] Label flip: 8 samples class 4 \u2192 class 0
[2026-07-19 13:35:32,277] 39 root - INFO - [Attacker] Label flip: 11 samples class 4 \u2192 class 0
[2026-07-19 13:35:32,285] 39 root - INFO - [Attacker] Label flip: 13 samples class 4 \u2192 class 0
[2026-07-19 13:35:32,295] 39 root - INFO - [Attacker] Label flip: 11 samples class 4 \u2192 class 0
[2026-07-19 13:35:32,303] 39 root - INFO - [Attacker] Label flip: 11 samples class 4 \u2192 class 0
[2026-07-19 13:35:32,309] 39 root - INFO - [Attacker] Label flip: 18 samples class 4 \u2192 class 0
[2026-07-19 13:35:32,317] 39 root - INFO - [Attacker] Label flip: 13 samples class 4 \u2192 class 0
[2026-07-19 13:35:32,325] 39 root - INFO - [Attacker] Label flip: 9 samples class 4 \u2192 class 0
[2026-07-19 13:35:32,333] 39 root - INFO - [Attacker] Label flip: 15 samples class 4 \u2192 class 0
[2026-07-19 13:35:32,341] 39 root - INFO - [Attacker] Label flip: 16 samples class 4 \u2192 class 0
[2026-07-19 13:35:32,349] 39 root - INFO - [Attacker] Label flip: 14 samples class 4 \u2192 class 0
[2026-07-19 13:35:32,357] 39 root - INFO - [Attacker] Label flip: 15 samples class 4 \u2192 class 0
[2026-07-19 13:35:32,365] 39 root - INFO - [Attacker] Label flip: 13 samples class 4 \u2192 class 0
[2026-07-19 13:35:32,372] 39 root - INFO - [Attacker] Label flip: 19 samples class 4 \u2192 class 0
[2026-07-19 13:35:32,380] 39 root - INFO - [Attacker] Label flip: 17 samples class 4 \u2192 class 0
[2026-07-19 13:35:32,386] 39 root - INFO - [Attacker] Label flip: 8 samples class 4 \u2192 class 0
[2026-07-19 13:35:32,394] 39 root - INFO - [Attacker] Label flip: 9 samples class 4 \u2192 class 0
[2026-07-19 13:35:32,402] 39 root - INFO - [Attacker] Label flip: 13 samples class 4 \u2192 class 0
[2026-07-19 13:35:32,410] 39 root - INFO - [Attacker] Label flip: 16 samples class 4 \u2192 class 0
[2026-07-19 13:35:32,418] 39 root - INFO - [Attacker] Label flip: 11 samples class 4 \u2192 class 0
[2026-07-19 13:35:32,426] 39 root - INFO - [Attacker] Label flip: 15 samples class 4 \u2192 class 0
[2026-07-19 13:35:32,434] 39 root - INFO - [Attacker] Label flip: 17 samples class 4 \u2192 class 0
[2026-07-19 13:35:32,442] 39 root - INFO - [Attacker] Label flip: 12 samples class 4 \u2192 class 0
[2026-07-19 13:35:32,449] 39 root - INFO - [Attacker] Label flip: 8 samples class 4 \u2192 class 0
[2026-07-19 13:35:32,458] 39 root - INFO - [Attacker] Label flip: 9 samples class 4 \u2192 class 0
[2026-07-19 13:35:32,464] 39 root - INFO - [Attacker] Label flip: 18 samples class 4 \u2192 class 0
[2026-07-19 13:35:32,471] 39 root - INFO - [Attacker] Label flip: 17 samples class 4 \u2192 class 0
[2026-07-19 13:35:32,479] 39 root - INFO - [Attacker] Label flip: 16 samples class 4 \u2192 class 0
[2026-07-19 13:35:32,489] 39 root - INFO - [Attacker] Label flip: 13 samples class 4 \u2192 class 0
[2026-07-19 13:35:32,497] 39 root - INFO - [Attacker] Label flip: 11 samples class 4 \u2192 class 0
[2026-07-19 13:35:32,505] 39 root - INFO - [Attacker] Label flip: 11 samples class 4 \u2192 class 0
[2026-07-19 13:35:32,513] 39 root - INFO - [Attacker] Label flip: 10 samples class 4 \u2192 class 0
[2026-07-19 13:35:32,521] 39 root - INFO - [Attacker] Label flip: 7 samples class 4 \u2192 class 0
[2026-07-19 13:35:32,527] 39 root - INFO - [Attacker] Label flip: 18 samples class 4 \u2192 class 0
[2026-07-19 13:35:32,537] 39 root - INFO - [Attacker] Label flip: 17 samples class 4 \u2192 class 0
[2026-07-19 13:35:32,545] 39 root - INFO - [Attacker] Label flip: 10 samples class 4 \u2192 class 0
[2026-07-19 13:35:32,552] 39 root - INFO - [Attacker] Label flip: 12 samples class 4 \u2192 class 0
[2026-07-19 13:35:32,559] 39 root - INFO - [Attacker] Label flip: 14 samples class 4 \u2192 class 0
[2026-07-19 13:35:32,566] 39 root - INFO - [Attacker] Label flip: 7 samples class 4 \u2192 class 0
[2026-07-19 13:35:32,574] 39 root - INFO - [Attacker] Label flip: 16 samples class 4 \u2192 class 0
[2026-07-19 13:35:32,582] 39 root - INFO - [Attacker] Label flip: 11 samples class 4 \u2192 class 0
[2026-07-19 13:35:32,590] 39 root - INFO - [Attacker] Label flip: 13 samples class 4 \u2192 class 0
[2026-07-19 13:35:32,596] 39 root - INFO - [Attacker] Label flip: 13 samples class 4 \u2192 class 0
[2026-07-19 13:35:32,604] 39 root - INFO - [Attacker] Label flip: 14 samples class 4 \u2192 class 0
[2026-07-19 13:35:32,612] 39 root - INFO - [Attacker] Label flip: 13 samples class 4 \u2192 class 0
[2026-07-19 13:35:32,620] 39 root - INFO - [Attacker] Label flip: 15 samples class 4 \u2192 class 0
[2026-07-19 13:35:32,628] 39 root - INFO - [Attacker] Label flip: 12 samples class 4 \u2192 class 0
[2026-07-19 13:35:32,636] 39 root - INFO - [Attacker] Label flip: 14 samples class 4 \u2192 class 0
[2026-07-19 13:35:32,642] 39 root - INFO - [Attacker] Label flip: 10 samples class 4 \u2192 class 0
[2026-07-19 13:35:32,651] 39 root - INFO - [Attacker] Label flip: 8 samples class 4 \u2192 class 0
[2026-07-19 13:35:32,658] 39 root - INFO - [Attacker] Label flip: 11 samples class 4 \u2192 class 0
[2026-07-19 13:35:32,666] 39 root - INFO - [Attacker] Label flip: 12 samples class 4 \u2192 class 0
[2026-07-19 13:35:32,673] 39 root - INFO - [Attacker] Label flip: 11 samples class 4 \u2192 class 0
[2026-07-19 13:35:32,681] 39 root - INFO - [Attacker] Label flip: 17 samples class 4 \u2192 class 0
[2026-07-19 13:35:32,689] 39 root - INFO - [Attacker] Label flip: 16 samples class 4 \u2192 class 0
[2026-07-19 13:35:32,695] 39 root - INFO - [Attacker] Label flip: 16 samples class 4 \u2192 class 0
[2026-07-19 13:35:32,703] 39 root - INFO - [Attacker] Label flip: 12 samples class 4 \u2192 class 0
[2026-07-19 13:35:32,711] 39 root - INFO - [Attacker] Label flip: 10 samples class 4 \u2192 class 0
[2026-07-19 13:35:32,719] 39 root - INFO - [Attacker] Label flip: 16 samples class 4 \u2192 class 0
[2026-07-19 13:35:32,727] 39 root - INFO - [Attacker] Label flip: 13 samples class 4 \u2192 class 0
[2026-07-19 13:35:32,735] 39 root - INFO - [Attacker] Label flip: 18 samples class 4 \u2192 class 0
[2026-07-19 13:35:32,743] 39 root - INFO - [Attacker] Label flip: 12 samples class 4 \u2192 class 0
[2026-07-19 13:35:32,748] 39 root - INFO - [Attacker] Label flip: 13 samples class 4 \u2192 class 0
[2026-07-19 13:35:32,756] 39 root - INFO - [Attacker] Label flip: 11 samples class 4 \u2192 class 0
[2026-07-19 13:35:32,766] 39 root - INFO - [Attacker] Label flip: 10 samples class 4 \u2192 class 0
[2026-07-19 13:35:32,772] 39 root - INFO - [Attacker] Label flip: 15 samples class 4 \u2192 class 0
[2026-07-19 13:35:32,782] 39 root - INFO - [Attacker] Label flip: 11 samples class 4 \u2192 class 0
[2026-07-19 13:35:32,788] 39 root - INFO - [Attacker] Label flip: 15 samples class 4 \u2192 class 0
[2026-07-19 13:35:32,795] 39 root - INFO - [Attacker] Label flip: 17 samples class 4 \u2192 class 0
[2026-07-19 13:35:32,803] 39 root - INFO - [Attacker] Label flip: 15 samples class 4 \u2192 class 0
[2026-07-19 13:35:32,811] 39 root - INFO - [Attacker] Label flip: 12 samples class 4 \u2192 class 0
[2026-07-19 13:35:32,819] 39 root - INFO - [Attacker] Label flip: 13 samples class 4 \u2192 class 0
[2026-07-19 13:35:32,827] 39 root - INFO - [Attacker] Label flip: 15 samples class 4 \u2192 class 0
[2026-07-19 13:35:32,833] 39 root - INFO - [Attacker] Label flip: 14 samples class 4 \u2192 class 0
[2026-07-19 13:35:32,841] 39 root - INFO - [Attacker] Label flip: 13 samples class 4 \u2192 class 0
[2026-07-19 13:35:32,849] 39 root - INFO - [Attacker] Label flip: 8 samples class 4 \u2192 class 0
[2026-07-19 13:35:32,857] 39 root - INFO - [Attacker] Label flip: 11 samples class 4 \u2192 class 0
[2026-07-19 13:35:32,865] 39 root - INFO - [Attacker] Label flip: 11 samples class 4 \u2192 class 0
[2026-07-19 13:35:32,873] 39 root - INFO - [Attacker] Label flip: 17 samples class 4 \u2192 class 0
[2026-07-19 13:35:32,881] 39 root - INFO - [Attacker] Label flip: 8 samples class 4 \u2192 class 0
[2026-07-19 13:35:32,887] 39 root - INFO - [Attacker] Label flip: 8 samples class 4 \u2192 class 0
[2026-07-19 13:35:32,894] 39 root - INFO - [Attacker] Label flip: 13 samples class 4 \u2192 class 0
[2026-07-19 13:35:32,902] 39 root - INFO - [Attacker] Label flip: 13 samples class 4 \u2192 class 0
[2026-07-19 13:35:32,910] 39 root - INFO - [Attacker] Label flip: 11 samples class 4 \u2192 class 0
[2026-07-19 13:35:32,918] 39 root - INFO - [Attacker] Label flip: 11 samples class 4 \u2192 class 0
[2026-07-19 13:35:32,926] 39 root - INFO - [Attacker] Label flip: 12 samples class 4 \u2192 class 0
[2026-07-19 13:35:32,932] 39 root - INFO - [Attacker] Label flip: 10 samples class 4 \u2192 class 0
[2026-07-19 13:35:32,940] 39 root - INFO - [Attacker] Label flip: 17 samples class 4 \u2192 class 0
[2026-07-19 13:35:32,948] 39 root - INFO - [Attacker] Label flip: 10 samples class 4 \u2192 class 0
[2026-07-19 13:35:32,956] 39 root - INFO - [Attacker] Label flip: 14 samples class 4 \u2192 class 0
[2026-07-19 13:35:32,964] 39 root - INFO - [Attacker] Label flip: 16 samples class 4 \u2192 class 0
[2026-07-19 13:35:32,970] 39 root - INFO - [Attacker] Label flip: 11 samples class 4 \u2192 class 0
[2026-07-19 13:35:32,978] 39 root - INFO - [Attacker] Label flip: 7 samples class 4 \u2192 class 0
[2026-07-19 13:35:32,986] 39 root - INFO - [Attacker] Label flip: 12 samples class 4 \u2192 class 0
[2026-07-19 13:35:32,994] 39 root - INFO - [Attacker] Label flip: 8 samples class 4 \u2192 class 0
[2026-07-19 13:35:33,002] 39 root - INFO - [Attacker] Label flip: 11 samples class 4 \u2192 class 0
[2026-07-19 13:35:33,010] 39 root - INFO - [Attacker] Label flip: 13 samples class 4 \u2192 class 0
[2026-07-19 13:35:33,018] 39 root - INFO - [Attacker] Label flip: 9 samples class 4 \u2192 class 0
[2026-07-19 13:35:33,024] 39 root - INFO - [Attacker] Label flip: 7 samples class 4 \u2192 class 0
[2026-07-19 13:35:33,031] 39 root - INFO - [Attacker] Label flip: 14 samples class 4 \u2192 class 0
[2026-07-19 13:35:33,039] 39 root - INFO - [Attacker] Label flip: 20 samples class 4 \u2192 class 0
[2026-07-19 13:35:33,047] 39 root - INFO - [Attacker] Label flip: 13 samples class 4 \u2192 class 0
[2026-07-19 13:35:33,055] 39 root - INFO - [Attacker] Label flip: 16 samples class 4 \u2192 class 0
[2026-07-19 13:35:33,063] 39 root - INFO - [Attacker] Label flip: 9 samples class 4 \u2192 class 0
[2026-07-19 13:35:33,071] 39 root - INFO - [Attacker] Label flip: 17 samples class 4 \u2192 class 0
[2026-07-19 13:35:33,079] 39 root - INFO - [Attacker] Label flip: 10 samples class 4 \u2192 class 0
[2026-07-19 13:35:33,087] 39 root - INFO - [Attacker] Label flip: 13 samples class 4 \u2192 class 0
[2026-07-19 13:35:33,094] 39 root - INFO - [Attacker] Label flip: 15 samples class 4 \u2192 class 0
[2026-07-19 13:35:33,100] 39 root - INFO - [Attacker] Label flip: 20 samples class 4 \u2192 class 0
[2026-07-19 13:35:33,108] 39 root - INFO - [Attacker] Label flip: 16 samples class 4 \u2192 class 0
[2026-07-19 13:35:33,118] 39 root - INFO - [Attacker] Label flip: 19 samples class 4 \u2192 class 0
[2026-07-19 13:35:33,126] 39 root - INFO - [Attacker] Label flip: 17 samples class 4 \u2192 class 0
[2026-07-19 13:35:33,132] 39 root - INFO - [Attacker] Label flip: 13 samples class 4 \u2192 class 0
[2026-07-19 13:35:33,140] 39 root - INFO - [Attacker] Label flip: 11 samples class 4 \u2192 class 0
[2026-07-19 13:35:33,150] 39 root - INFO - [Attacker] Label flip: 13 samples class 4 \u2192 class 0
[2026-07-19 13:35:33,158] 39 root - INFO - [Attacker] Label flip: 5 samples class 4 \u2192 class 0
[2026-07-19 13:35:33,164] 39 root - INFO - [Attacker] Label flip: 9 samples class 4 \u2192 class 0
[2026-07-19 13:35:33,173] 39 root - INFO - [Attacker] Label flip: 17 samples class 4 \u2192 class 0
[2026-07-19 13:35:33,181] 39 root - INFO - [Attacker] Label flip: 11 samples class 4 \u2192 class 0
[2026-07-19 13:35:33,190] 39 root - INFO - [Attacker] Label flip: 16 samples class 4 \u2192 class 0
[2026-07-19 13:35:33,196] 39 root - INFO - [Attacker] Label flip: 9 samples class 4 \u2192 class 0
[2026-07-19 13:35:33,205] 39 root - INFO - [Attacker] Label flip: 14 samples class 4 \u2192 class 0
[2026-07-19 13:35:33,211] 39 root - INFO - [Attacker] Label flip: 9 samples class 4 \u2192 class 0
[2026-07-19 13:35:33,219] 39 root - INFO - [Attacker] Label flip: 9 samples class 4 \u2192 class 0
[2026-07-19 13:35:33,227] 39 root - INFO - [Attacker] Label flip: 7 samples class 4 \u2192 class 0
[2026-07-19 13:35:33,235] 39 root - INFO - [Attacker] Label flip: 16 samples class 4 \u2192 class 0
[2026-07-19 13:35:33,243] 39 root - INFO - [Attacker] Label flip: 15 samples class 4 \u2192 class 0
[2026-07-19 13:35:33,251] 39 root - INFO - [Attacker] Label flip: 11 samples class 4 \u2192 class 0
[2026-07-19 13:35:33,257] 39 root - INFO - [Attacker] Label flip: 10 samples class 4 \u2192 class 0
[2026-07-19 13:35:33,265] 39 root - INFO - [Attacker] Label flip: 12 samples class 4 \u2192 class 0
[2026-07-19 13:35:33,273] 39 root - INFO - [Attacker] Label flip: 11 samples class 4 \u2192 class 0
[2026-07-19 13:35:33,281] 39 root - INFO - [Attacker] Label flip: 8 samples class 4 \u2192 class 0
[2026-07-19 13:35:33,289] 39 root - INFO - [Attacker] Label flip: 15 samples class 4 \u2192 class 0
[2026-07-19 13:35:33,295] 39 root - INFO - [Attacker] Label flip: 13 samples class 4 \u2192 class 0
[2026-07-19 13:35:33,304] 39 root - INFO - [Attacker] Label flip: 12 samples class 4 \u2192 class 0
[2026-07-19 13:35:33,312] 39 root - INFO - [Attacker] Label flip: 9 samples class 4 \u2192 class 0
[2026-07-19 13:35:33,320] 39 root - INFO - [Attacker] Label flip: 11 samples class 4 \u2192 class 0
[2026-07-19 13:35:33,328] 39 root - INFO - [Attacker] Label flip: 14 samples class 4 \u2192 class 0
[2026-07-19 13:35:33,336] 39 root - INFO - [Attacker] Label flip: 14 samples class 4 \u2192 class 0
[2026-07-19 13:35:33,344] 39 root - INFO - [Attacker] Label flip: 14 samples class 4 \u2192 class 0
[2026-07-19 13:35:33,352] 39 root - INFO - [Attacker] Label flip: 11 samples class 4 \u2192 class 0
[2026-07-19 13:35:33,360] 39 root - INFO - [Attacker] Label flip: 13 samples class 4 \u2192 class 0
[2026-07-19 13:35:33,367] 39 root - INFO - [Attacker] Label flip: 9 samples class 4 \u2192 class 0
[2026-07-19 13:35:33,375] 39 root - INFO - [Attacker] Label flip: 9 samples class 4 \u2192 class 0
[2026-07-19 13:35:33,384] 39 root - INFO - [Attacker] Label flip: 12 samples class 4 \u2192 class 0
[2026-07-19 13:35:33,392] 39 root - INFO - [Attacker] Label flip: 10 samples class 4 \u2192 class 0
[2026-07-19 13:35:33,399] 39 root - INFO - [Attacker] Label flip: 9 samples class 4 \u2192 class 0
[2026-07-19 13:35:33,407] 39 root - INFO - [Attacker] Label flip: 12 samples class 4 \u2192 class 0
[2026-07-19 13:35:33,415] 39 root - INFO - [Attacker] Label flip: 13 samples class 4 \u2192 class 0
[2026-07-19 13:35:33,425] 39 root - INFO - [Attacker] Label flip: 10 samples class 4 \u2192 class 0
[2026-07-19 13:35:33,433] 39 root - INFO - [Attacker] Label flip: 11 samples class 4 \u2192 class 0
[2026-07-19 13:35:33,441] 39 root - INFO - [Attacker] Label flip: 11 samples class 4 \u2192 class 0
[2026-07-19 13:35:33,447] 39 root - INFO - [Attacker] Label flip: 13 samples class 4 \u2192 class 0
[2026-07-19 13:35:33,455] 39 root - INFO - [Attacker] Label flip: 14 samples class 4 \u2192 class 0
[2026-07-19 13:35:33,462] 39 root - INFO - [Attacker] Label flip: 11 samples class 4 \u2192 class 0
[2026-07-19 13:35:33,471] 39 root - INFO - [Attacker] Label flip: 9 samples class 4 \u2192 class 0
[2026-07-19 13:35:33,480] 39 root - INFO - [Attacker] Label flip: 11 samples class 4 \u2192 class 0
[2026-07-19 13:35:33,486] 39 root - INFO - [Attacker] Label flip: 14 samples class 4 \u2192 class 0
[2026-07-19 13:35:33,494] 39 root - INFO - [Attacker] Label flip: 16 samples class 4 \u2192 class 0
[2026-07-19 13:35:33,502] 39 root - INFO - [Attacker] Label flip: 11 samples class 4 \u2192 class 0
[2026-07-19 13:35:33,510] 39 root - INFO - [Attacker] Label flip: 14 samples class 4 \u2192 class 0
[2026-07-19 13:35:33,518] 39 root - INFO - [Attacker] Label flip: 8 samples class 4 \u2192 class 0
[2026-07-19 13:35:33,526] 39 root - INFO - [Attacker] Label flip: 18 samples class 4 \u2192 class 0
[2026-07-19 13:35:33,534] 39 root - INFO - [Attacker] Label flip: 15 samples class 4 \u2192 class 0
[2026-07-19 13:35:33,541] 39 root - INFO - [Attacker] Label flip: 17 samples class 4 \u2192 class 0
[2026-07-19 13:35:33,549] 39 root - INFO - [Attacker] Label flip: 16 samples class 4 \u2192 class 0
[2026-07-19 13:35:33,557] 39 root - INFO - [Attacker] Label flip: 11 samples class 4 \u2192 class 0
[2026-07-19 13:36:27,739] 268 flwr - WARNING - DEPRECATED FEATURE: `client_fn` now expects a signature `def client_fn(context: Context)`.The provided `client_fn` has signature: {'cid': <Parameter "cid: str">}. You can import the `Context` like this: `from flwr.common import Context`

            This is a deprecated feature. It will be removed
            entirely in future versions of Flower.
        
[2026-07-19 13:36:27,739] 268 flwr - WARNING - DEPRECATED FEATURE: `client_fn` now expects a signature `def client_fn(context: Context)`.The provided `client_fn` has signature: {'cid': <Parameter "cid: str">}. You can import the `Context` like this: `from flwr.common import Context`

            This is a deprecated feature. It will be removed
            entirely in future versions of Flower.
        
[2026-07-19 13:36:27,743] 268 flwr - WARNING - DEPRECATED FEATURE: `client_fn` now expects a signature `def client_fn(context: Context)`.The provided `client_fn` has signature: {'cid': <Parameter "cid: str">}. You can import the `Context` like this: `from flwr.common import Context`

            This is a deprecated feature. It will be removed
            entirely in future versions of Flower.
        
[2026-07-19 13:36:27,756] 268 flwr - WARNING - DEPRECATED FEATURE: `client_fn` now expects a signature `def client_fn(context: Context)`.The provided `client_fn` has signature: {'cid': <Parameter "cid: str">}. You can import the `Context` like this: `from flwr.common import Context`

            This is a deprecated feature. It will be removed
            entirely in future versions of Flower.
        
[2026-07-19 13:36:27,806] 268 flwr - WARNING - DEPRECATED FEATURE: `client_fn` now expects a signature `def client_fn(context: Context)`.The provided `client_fn` has signature: {'cid': <Parameter "cid: str">}. You can import the `Context` like this: `from flwr.common import Context`

            This is a deprecated feature. It will be removed
            entirely in future versions of Flower.
        
[2026-07-19 13:36:27,976] 268 flwr - WARNING - DEPRECATED FEATURE: `client_fn` now expects a signature `def client_fn(context: Context)`.The provided `client_fn` has signature: {'cid': <Parameter "cid: str">}. You can import the `Context` like this: `from flwr.common import Context`

            This is a deprecated feature. It will be removed
            entirely in future versions of Flower.
        
[2026-07-19 13:36:28,025] 268 flwr - WARNING - DEPRECATED FEATURE: `client_fn` now expects a signature `def client_fn(context: Context)`.The provided `client_fn` has signature: {'cid': <Parameter "cid: str">}. You can import the `Context` like this: `from flwr.common import Context`

            This is a deprecated feature. It will be removed
            entirely in future versions of Flower.
        
[2026-07-19 13:36:28,531] 268 flwr - WARNING - DEPRECATED FEATURE: `client_fn` now expects a signature `def client_fn(context: Context)`.The provided `client_fn` has signature: {'cid': <Parameter "cid: str">}. You can import the `Context` like this: `from flwr.common import Context`

            This is a deprecated feature. It will be removed
            entirely in future versions of Flower.
        
[2026-07-19 13:36:28,786] 268 flwr - WARNING - DEPRECATED FEATURE: `client_fn` now expects a signature `def client_fn(context: Context)`.The provided `client_fn` has signature: {'cid': <Parameter "cid: str">}. You can import the `Context` like this: `from flwr.common import Context`

            This is a deprecated feature. It will be removed
            entirely in future versions of Flower.
        
[2026-07-19 13:36:29,281] 268 flwr - WARNING - DEPRECATED FEATURE: `client_fn` now expects a signature `def client_fn(context: Context)`.The provided `client_fn` has signature: {'cid': <Parameter "cid: str">}. You can import the `Context` like this: `from flwr.common import Context`

            This is a deprecated feature. It will be removed
            entirely in future versions of Flower.
        
[2026-07-19 13:36:29,494] 268 flwr - WARNING - DEPRECATED FEATURE: `client_fn` now expects a signature `def client_fn(context: Context)`.The provided `client_fn` has signature: {'cid': <Parameter "cid: str">}. You can import the `Context` like this: `from flwr.common import Context`

            This is a deprecated feature. It will be removed
            entirely in future versions of Flower.
        
[2026-07-19 13:36:32,263] 268 flwr - WARNING - DEPRECATED FEATURE: `client_fn` now expects a signature `def client_fn(context: Context)`.The provided `client_fn` has signature: {'cid': <Parameter "cid: str">}. You can import the `Context` like this: `from flwr.common import Context`

            This is a deprecated feature. It will be removed
            entirely in future versions of Flower.
        
[2026-07-19 13:36:32,269] 268 flwr - WARNING - DEPRECATED FEATURE: `client_fn` now expects a signature `def client_fn(context: Context)`.The provided `client_fn` has signature: {'cid': <Parameter "cid: str">}. You can import the `Context` like this: `from flwr.common import Context`

            This is a deprecated feature. It will be removed
            entirely in future versions of Flower.
        
[2026-07-19 13:36:32,271] 268 flwr - WARNING - DEPRECATED FEATURE: `client_fn` now expects a signature `def client_fn(context: Context)`.The provided `client_fn` has signature: {'cid': <Parameter "cid: str">}. You can import the `Context` like this: `from flwr.common import Context`

            This is a deprecated feature. It will be removed
            entirely in future versions of Flower.
        
[2026-07-19 13:36:32,279] 268 flwr - WARNING - DEPRECATED FEATURE: `client_fn` now expects a signature `def client_fn(context: Context)`.The provided `client_fn` has signature: {'cid': <Parameter "cid: str">}. You can import the `Context` like this: `from flwr.common import Context`

            This is a deprecated feature. It will be removed
            entirely in future versions of Flower.
        
[2026-07-19 13:36:32,841] 39 root - INFO - [Attacker] Label flip: 20 samples class 4 \u2192 class 0
[2026-07-19 13:36:32,850] 39 root - INFO - [Attacker] Label flip: 16 samples class 4 \u2192 class 0
[2026-07-19 13:36:32,857] 39 root - INFO - [Attacker] Label flip: 33 samples class 4 \u2192 class 0
[2026-07-19 13:36:32,867] 39 root - INFO - [Attacker] Label flip: 33 samples class 4 \u2192 class 0
[2026-07-19 13:36:32,875] 39 root - INFO - [Attacker] Label flip: 33 samples class 4 \u2192 class 0
[2026-07-19 13:36:32,884] 39 root - INFO - [Attacker] Label flip: 28 samples class 4 \u2192 class 0
[2026-07-19 13:36:32,892] 39 root - INFO - [Attacker] Label flip: 39 samples class 4 \u2192 class 0
[2026-07-19 13:36:32,906] 39 root - INFO - [Attacker] Label flip: 31 samples class 4 \u2192 class 0
[2026-07-19 13:36:32,915] 39 root - INFO - [Attacker] Label flip: 32 samples class 4 \u2192 class 0
[2026-07-19 13:36:32,924] 39 root - INFO - [Attacker] Label flip: 24 samples class 4 \u2192 class 0
[2026-07-19 13:36:32,932] 39 root - INFO - [Attacker] Label flip: 27 samples class 4 \u2192 class 0
[2026-07-19 13:36:32,944] 39 root - INFO - [Attacker] Label flip: 30 samples class 4 \u2192 class 0
[2026-07-19 13:36:32,954] 39 root - INFO - [Attacker] Label flip: 26 samples class 4 \u2192 class 0
[2026-07-19 13:36:32,962] 39 root - INFO - [Attacker] Label flip: 34 samples class 4 \u2192 class 0
[2026-07-19 13:36:32,970] 39 root - INFO - [Attacker] Label flip: 22 samples class 4 \u2192 class 0
[2026-07-19 13:36:32,978] 39 root - INFO - [Attacker] Label flip: 30 samples class 4 \u2192 class 0
[2026-07-19 13:36:32,988] 39 root - INFO - [Attacker] Label flip: 27 samples class 4 \u2192 class 0
[2026-07-19 13:36:32,996] 39 root - INFO - [Attacker] Label flip: 19 samples class 4 \u2192 class 0
[2026-07-19 13:36:33,004] 39 root - INFO - [Attacker] Label flip: 29 samples class 4 \u2192 class 0
[2026-07-19 13:36:33,015] 39 root - INFO - [Attacker] Label flip: 23 samples class 4 \u2192 class 0
[2026-07-19 13:36:33,023] 39 root - INFO - [Attacker] Label flip: 37 samples class 4 \u2192 class 0
[2026-07-19 13:36:33,029] 39 root - INFO - [Attacker] Label flip: 22 samples class 4 \u2192 class 0
[2026-07-19 13:36:33,039] 39 root - INFO - [Attacker] Label flip: 23 samples class 4 \u2192 class 0
[2026-07-19 13:36:33,053] 39 root - INFO - [Attacker] Label flip: 29 samples class 4 \u2192 class 0
[2026-07-19 13:36:33,061] 39 root - INFO - [Attacker] Label flip: 24 samples class 4 \u2192 class 0
[2026-07-19 13:36:33,068] 39 root - INFO - [Attacker] Label flip: 30 samples class 4 \u2192 class 0
[2026-07-19 13:36:33,075] 39 root - INFO - [Attacker] Label flip: 25 samples class 4 \u2192 class 0
[2026-07-19 13:36:33,084] 39 root - INFO - [Attacker] Label flip: 32 samples class 4 \u2192 class 0
[2026-07-19 13:36:33,119] 39 root - INFO - [Attacker] Label flip: 32 samples class 4 \u2192 class 0
[2026-07-19 13:36:33,127] 39 root - INFO - [Attacker] Label flip: 27 samples class 4 \u2192 class 0
[2026-07-19 13:36:33,135] 39 root - INFO - [Attacker] Label flip: 29 samples class 4 \u2192 class 0
[2026-07-19 13:36:33,143] 39 root - INFO - [Attacker] Label flip: 28 samples class 4 \u2192 class 0
[2026-07-19 13:36:33,150] 39 root - INFO - [Attacker] Label flip: 27 samples class 4 \u2192 class 0
[2026-07-19 13:36:33,159] 39 root - INFO - [Attacker] Label flip: 29 samples class 4 \u2192 class 0
[2026-07-19 13:36:33,166] 39 root - INFO - [Attacker] Label flip: 31 samples class 4 \u2192 class 0
[2026-07-19 13:36:33,174] 39 root - INFO - [Attacker] Label flip: 34 samples class 4 \u2192 class 0
[2026-07-19 13:36:33,190] 39 root - INFO - [Attacker] Label flip: 22 samples class 4 \u2192 class 0
[2026-07-19 13:36:33,196] 39 root - INFO - [Attacker] Label flip: 32 samples class 4 \u2192 class 0
[2026-07-19 13:36:33,204] 39 root - INFO - [Attacker] Label flip: 18 samples class 4 \u2192 class 0
[2026-07-19 13:36:33,212] 39 root - INFO - [Attacker] Label flip: 32 samples class 4 \u2192 class 0
[2026-07-19 13:36:33,219] 39 root - INFO - [Attacker] Label flip: 26 samples class 4 \u2192 class 0
[2026-07-19 13:36:33,246] 39 root - INFO - [Attacker] Label flip: 28 samples class 4 \u2192 class 0
[2026-07-19 13:36:33,253] 39 root - INFO - [Attacker] Label flip: 34 samples class 4 \u2192 class 0
[2026-07-19 13:36:33,261] 39 root - INFO - [Attacker] Label flip: 32 samples class 4 \u2192 class 0
[2026-07-19 13:36:33,269] 39 root - INFO - [Attacker] Label flip: 22 samples class 4 \u2192 class 0
[2026-07-19 13:36:33,279] 39 root - INFO - [Attacker] Label flip: 29 samples class 4 \u2192 class 0
[2026-07-19 13:36:33,286] 39 root - INFO - [Attacker] Label flip: 31 samples class 4 \u2192 class 0
[2026-07-19 13:36:33,294] 39 root - INFO - [Attacker] Label flip: 35 samples class 4 \u2192 class 0
[2026-07-19 13:36:33,302] 39 root - INFO - [Attacker] Label flip: 38 samples class 4 \u2192 class 0
[2026-07-19 13:36:33,310] 39 root - INFO - [Attacker] Label flip: 32 samples class 4 \u2192 class 0
[2026-07-19 13:36:33,318] 39 root - INFO - [Attacker] Label flip: 38 samples class 4 \u2192 class 0
[2026-07-19 13:36:33,326] 39 root - INFO - [Attacker] Label flip: 31 samples class 4 \u2192 class 0
[2026-07-19 13:36:33,332] 39 root - INFO - [Attacker] Label flip: 34 samples class 4 \u2192 class 0
[2026-07-19 13:36:33,340] 39 root - INFO - [Attacker] Label flip: 24 samples class 4 \u2192 class 0
[2026-07-19 13:36:33,351] 39 root - INFO - [Attacker] Label flip: 31 samples class 4 \u2192 class 0
[2026-07-19 13:36:33,359] 39 root - INFO - [Attacker] Label flip: 28 samples class 4 \u2192 class 0
[2026-07-19 13:36:33,367] 39 root - INFO - [Attacker] Label flip: 27 samples class 4 \u2192 class 0
[2026-07-19 13:36:33,375] 39 root - INFO - [Attacker] Label flip: 32 samples class 4 \u2192 class 0
[2026-07-19 13:36:33,385] 39 root - INFO - [Attacker] Label flip: 28 samples class 4 \u2192 class 0
[2026-07-19 13:36:33,391] 39 root - INFO - [Attacker] Label flip: 27 samples class 4 \u2192 class 0
[2026-07-19 13:36:33,400] 39 root - INFO - [Attacker] Label flip: 28 samples class 4 \u2192 class 0
[2026-07-19 13:36:33,406] 39 root - INFO - [Attacker] Label flip: 37 samples class 4 \u2192 class 0
[2026-07-19 13:36:33,417] 39 root - INFO - [Attacker] Label flip: 28 samples class 4 \u2192 class 0
[2026-07-19 13:36:33,424] 39 root - INFO - [Attacker] Label flip: 30 samples class 4 \u2192 class 0
[2026-07-19 13:36:33,432] 39 root - INFO - [Attacker] Label flip: 21 samples class 4 \u2192 class 0
[2026-07-19 13:36:33,440] 39 root - INFO - [Attacker] Label flip: 25 samples class 4 \u2192 class 0
[2026-07-19 13:36:33,447] 39 root - INFO - [Attacker] Label flip: 28 samples class 4 \u2192 class 0
[2026-07-19 13:36:33,458] 39 root - INFO - [Attacker] Label flip: 30 samples class 4 \u2192 class 0
[2026-07-19 13:36:33,464] 39 root - INFO - [Attacker] Label flip: 30 samples class 4 \u2192 class 0
[2026-07-19 13:36:33,474] 39 root - INFO - [Attacker] Label flip: 20 samples class 4 \u2192 class 0
[2026-07-19 13:36:33,480] 39 root - INFO - [Attacker] Label flip: 26 samples class 4 \u2192 class 0
[2026-07-19 13:36:33,493] 39 root - INFO - [Attacker] Label flip: 26 samples class 4 \u2192 class 0
[2026-07-19 13:36:33,503] 39 root - INFO - [Attacker] Label flip: 34 samples class 4 \u2192 class 0
[2026-07-19 13:36:33,513] 39 root - INFO - [Attacker] Label flip: 34 samples class 4 \u2192 class 0
[2026-07-19 13:36:33,522] 39 root - INFO - [Attacker] Label flip: 33 samples class 4 \u2192 class 0
[2026-07-19 13:36:33,533] 39 root - INFO - [Attacker] Label flip: 39 samples class 4 \u2192 class 0
[2026-07-19 13:36:33,541] 39 root - INFO - [Attacker] Label flip: 25 samples class 4 \u2192 class 0
[2026-07-19 13:36:33,549] 39 root - INFO - [Attacker] Label flip: 29 samples class 4 \u2192 class 0
[2026-07-19 13:36:33,557] 39 root - INFO - [Attacker] Label flip: 22 samples class 4 \u2192 class 0
[2026-07-19 13:36:33,573] 39 root - INFO - [Attacker] Label flip: 24 samples class 4 \u2192 class 0
[2026-07-19 13:36:33,581] 39 root - INFO - [Attacker] Label flip: 26 samples class 4 \u2192 class 0
[2026-07-19 13:36:33,588] 39 root - INFO - [Attacker] Label flip: 27 samples class 4 \u2192 class 0
[2026-07-19 13:36:33,596] 39 root - INFO - [Attacker] Label flip: 33 samples class 4 \u2192 class 0
[2026-07-19 13:36:33,602] 39 root - INFO - [Attacker] Label flip: 31 samples class 4 \u2192 class 0
[2026-07-19 13:36:33,619] 39 root - INFO - [Attacker] Label flip: 38 samples class 4 \u2192 class 0
[2026-07-19 13:36:33,625] 39 root - INFO - [Attacker] Label flip: 21 samples class 4 \u2192 class 0
[2026-07-19 13:36:33,633] 39 root - INFO - [Attacker] Label flip: 21 samples class 4 \u2192 class 0
[2026-07-19 13:36:33,641] 39 root - INFO - [Attacker] Label flip: 24 samples class 4 \u2192 class 0
[2026-07-19 13:36:33,652] 39 root - INFO - [Attacker] Label flip: 35 samples class 4 \u2192 class 0
[2026-07-19 13:36:33,660] 39 root - INFO - [Attacker] Label flip: 30 samples class 4 \u2192 class 0
[2026-07-19 13:36:33,666] 39 root - INFO - [Attacker] Label flip: 20 samples class 4 \u2192 class 0
[2026-07-19 13:36:33,674] 39 root - INFO - [Attacker] Label flip: 25 samples class 4 \u2192 class 0
[2026-07-19 13:36:33,686] 39 root - INFO - [Attacker] Label flip: 31 samples class 4 \u2192 class 0
[2026-07-19 13:36:33,694] 39 root - INFO - [Attacker] Label flip: 34 samples class 4 \u2192 class 0
[2026-07-19 13:36:33,702] 39 root - INFO - [Attacker] Label flip: 35 samples class 4 \u2192 class 0
[2026-07-19 13:36:33,710] 39 root - INFO - [Attacker] Label flip: 31 samples class 4 \u2192 class 0
[2026-07-19 13:36:33,716] 39 root - INFO - [Attacker] Label flip: 23 samples class 4 \u2192 class 0
[2026-07-19 13:36:33,733] 39 root - INFO - [Attacker] Label flip: 36 samples class 4 \u2192 class 0
[2026-07-19 13:36:33,741] 39 root - INFO - [Attacker] Label flip: 29 samples class 4 \u2192 class 0
[2026-07-19 13:36:33,749] 39 root - INFO - [Attacker] Label flip: 32 samples class 4 \u2192 class 0
[2026-07-19 13:36:33,755] 39 root - INFO - [Attacker] Label flip: 27 samples class 4 \u2192 class 0
[2026-07-19 13:36:33,765] 39 root - INFO - [Attacker] Label flip: 19 samples class 4 \u2192 class 0
[2026-07-19 13:36:33,775] 39 root - INFO - [Attacker] Label flip: 35 samples class 4 \u2192 class 0
[2026-07-19 13:36:33,783] 39 root - INFO - [Attacker] Label flip: 30 samples class 4 \u2192 class 0
[2026-07-19 13:36:33,790] 39 root - INFO - [Attacker] Label flip: 23 samples class 4 \u2192 class 0
[2026-07-19 13:36:33,800] 39 root - INFO - [Attacker] Label flip: 20 samples class 4 \u2192 class 0
[2026-07-19 13:36:33,808] 39 root - INFO - [Attacker] Label flip: 35 samples class 4 \u2192 class 0
[2026-07-19 13:36:33,816] 39 root - INFO - [Attacker] Label flip: 29 samples class 4 \u2192 class 0
[2026-07-19 13:36:33,824] 39 root - INFO - [Attacker] Label flip: 23 samples class 4 \u2192 class 0
[2026-07-19 13:36:33,833] 39 root - INFO - [Attacker] Label flip: 34 samples class 4 \u2192 class 0
[2026-07-19 13:36:33,841] 39 root - INFO - [Attacker] Label flip: 22 samples class 4 \u2192 class 0
[2026-07-19 13:36:33,849] 39 root - INFO - [Attacker] Label flip: 29 samples class 4 \u2192 class 0
[2026-07-19 13:36:33,856] 39 root - INFO - [Attacker] Label flip: 27 samples class 4 \u2192 class 0
[2026-07-19 13:36:33,862] 39 root - INFO - [Attacker] Label flip: 27 samples class 4 \u2192 class 0
[2026-07-19 13:36:33,873] 39 root - INFO - [Attacker] Label flip: 34 samples class 4 \u2192 class 0
[2026-07-19 13:36:33,881] 39 root - INFO - [Attacker] Label flip: 30 samples class 4 \u2192 class 0
[2026-07-19 13:36:33,886] 39 root - INFO - [Attacker] Label flip: 28 samples class 4 \u2192 class 0
[2026-07-19 13:36:33,894] 39 root - INFO - [Attacker] Label flip: 34 samples class 4 \u2192 class 0
[2026-07-19 13:36:33,902] 39 root - INFO - [Attacker] Label flip: 22 samples class 4 \u2192 class 0
[2026-07-19 13:36:33,910] 39 root - INFO - [Attacker] Label flip: 30 samples class 4 \u2192 class 0
[2026-07-19 13:36:33,920] 39 root - INFO - [Attacker] Label flip: 35 samples class 4 \u2192 class 0
[2026-07-19 13:36:33,926] 39 root - INFO - [Attacker] Label flip: 32 samples class 4 \u2192 class 0
[2026-07-19 13:36:33,938] 39 root - INFO - [Attacker] Label flip: 31 samples class 4 \u2192 class 0
[2026-07-19 13:36:33,946] 39 root - INFO - [Attacker] Label flip: 32 samples class 4 \u2192 class 0
[2026-07-19 13:36:33,953] 39 root - INFO - [Attacker] Label flip: 25 samples class 4 \u2192 class 0
[2026-07-19 13:36:33,961] 39 root - INFO - [Attacker] Label flip: 27 samples class 4 \u2192 class 0
[2026-07-19 13:36:33,971] 39 root - INFO - [Attacker] Label flip: 28 samples class 4 \u2192 class 0
[2026-07-19 13:36:33,979] 39 root - INFO - [Attacker] Label flip: 44 samples class 4 \u2192 class 0
[2026-07-19 13:36:33,987] 39 root - INFO - [Attacker] Label flip: 23 samples class 4 \u2192 class 0
[2026-07-19 13:36:33,995] 39 root - INFO - [Attacker] Label flip: 24 samples class 4 \u2192 class 0
[2026-07-19 13:36:34,003] 39 root - INFO - [Attacker] Label flip: 40 samples class 4 \u2192 class 0
[2026-07-19 13:36:34,011] 39 root - INFO - [Attacker] Label flip: 26 samples class 4 \u2192 class 0
[2026-07-19 13:36:34,019] 39 root - INFO - [Attacker] Label flip: 25 samples class 4 \u2192 class 0
[2026-07-19 13:36:34,028] 39 root - INFO - [Attacker] Label flip: 28 samples class 4 \u2192 class 0
[2026-07-19 13:36:34,034] 268 flwr - WARNING - DEPRECATED FEATURE: `client_fn` now expects a signature `def client_fn(context: Context)`.The provided `client_fn` has signature: {'cid': <Parameter "cid: str">}. You can import the `Context` like this: `from flwr.common import Context`

            This is a deprecated feature. It will be removed
            entirely in future versions of Flower.
        
[2026-07-19 13:36:34,039] 39 root - INFO - [Attacker] Label flip: 21 samples class 4 \u2192 class 0
[2026-07-19 13:36:34,049] 39 root - INFO - [Attacker] Label flip: 21 samples class 4 \u2192 class 0
[2026-07-19 13:36:34,057] 39 root - INFO - [Attacker] Label flip: 22 samples class 4 \u2192 class 0
[2026-07-19 13:36:34,065] 39 root - INFO - [Attacker] Label flip: 36 samples class 4 \u2192 class 0
[2026-07-19 13:36:34,073] 39 root - INFO - [Attacker] Label flip: 28 samples class 4 \u2192 class 0
[2026-07-19 13:36:34,081] 39 root - INFO - [Attacker] Label flip: 24 samples class 4 \u2192 class 0
[2026-07-19 13:36:34,088] 39 root - INFO - [Attacker] Label flip: 41 samples class 4 \u2192 class 0
[2026-07-19 13:36:34,096] 39 root - INFO - [Attacker] Label flip: 37 samples class 4 \u2192 class 0
[2026-07-19 13:36:34,105] 39 root - INFO - [Attacker] Label flip: 24 samples class 4 \u2192 class 0
[2026-07-19 13:36:34,113] 39 root - INFO - [Attacker] Label flip: 29 samples class 4 \u2192 class 0
[2026-07-19 13:36:34,120] 39 root - INFO - [Attacker] Label flip: 23 samples class 4 \u2192 class 0
[2026-07-19 13:36:34,128] 39 root - INFO - [Attacker] Label flip: 25 samples class 4 \u2192 class 0
[2026-07-19 13:36:34,138] 39 root - INFO - [Attacker] Label flip: 26 samples class 4 \u2192 class 0
[2026-07-19 13:36:34,145] 39 root - INFO - [Attacker] Label flip: 28 samples class 4 \u2192 class 0
[2026-07-19 13:36:34,153] 39 root - INFO - [Attacker] Label flip: 20 samples class 4 \u2192 class 0
[2026-07-19 13:36:34,163] 39 root - INFO - [Attacker] Label flip: 31 samples class 4 \u2192 class 0
[2026-07-19 13:36:34,171] 39 root - INFO - [Attacker] Label flip: 22 samples class 4 \u2192 class 0
[2026-07-19 13:36:34,178] 39 root - INFO - [Attacker] Label flip: 22 samples class 4 \u2192 class 0
[2026-07-19 13:36:34,186] 39 root - INFO - [Attacker] Label flip: 31 samples class 4 \u2192 class 0
[2026-07-19 13:36:34,194] 39 root - INFO - [Attacker] Label flip: 25 samples class 4 \u2192 class 0
[2026-07-19 13:36:34,202] 39 root - INFO - [Attacker] Label flip: 36 samples class 4 \u2192 class 0
[2026-07-19 13:36:34,210] 39 root - INFO - [Attacker] Label flip: 33 samples class 4 \u2192 class 0
[2026-07-19 13:36:34,218] 39 root - INFO - [Attacker] Label flip: 34 samples class 4 \u2192 class 0
[2026-07-19 13:36:34,226] 39 root - INFO - [Attacker] Label flip: 31 samples class 4 \u2192 class 0
[2026-07-19 13:36:34,234] 39 root - INFO - [Attacker] Label flip: 28 samples class 4 \u2192 class 0
[2026-07-19 13:36:34,242] 39 root - INFO - [Attacker] Label flip: 37 samples class 4 \u2192 class 0
[2026-07-19 13:36:34,250] 39 root - INFO - [Attacker] Label flip: 23 samples class 4 \u2192 class 0
[2026-07-19 13:36:34,257] 39 root - INFO - [Attacker] Label flip: 25 samples class 4 \u2192 class 0
[2026-07-19 13:36:34,265] 39 root - INFO - [Attacker] Label flip: 35 samples class 4 \u2192 class 0
[2026-07-19 13:36:34,273] 39 root - INFO - [Attacker] Label flip: 24 samples class 4 \u2192 class 0
[2026-07-19 13:36:34,281] 39 root - INFO - [Attacker] Label flip: 29 samples class 4 \u2192 class 0
[2026-07-19 13:36:34,289] 39 root - INFO - [Attacker] Label flip: 20 samples class 4 \u2192 class 0
[2026-07-19 13:36:34,297] 39 root - INFO - [Attacker] Label flip: 34 samples class 4 \u2192 class 0
[2026-07-19 13:36:34,304] 39 root - INFO - [Attacker] Label flip: 22 samples class 4 \u2192 class 0
[2026-07-19 13:36:34,312] 39 root - INFO - [Attacker] Label flip: 27 samples class 4 \u2192 class 0
[2026-07-19 13:36:34,320] 39 root - INFO - [Attacker] Label flip: 31 samples class 4 \u2192 class 0
[2026-07-19 13:36:34,328] 39 root - INFO - [Attacker] Label flip: 23 samples class 4 \u2192 class 0
[2026-07-19 13:36:34,335] 39 root - INFO - [Attacker] Label flip: 25 samples class 4 \u2192 class 0
[2026-07-19 13:36:34,343] 39 root - INFO - [Attacker] Label flip: 28 samples class 4 \u2192 class 0
[2026-07-19 13:36:34,351] 39 root - INFO - [Attacker] Label flip: 24 samples class 4 \u2192 class 0
[2026-07-19 13:36:34,359] 39 root - INFO - [Attacker] Label flip: 26 samples class 4 \u2192 class 0
[2026-07-19 13:36:34,367] 39 root - INFO - [Attacker] Label flip: 35 samples class 4 \u2192 class 0
[2026-07-19 13:36:34,375] 39 root - INFO - [Attacker] Label flip: 32 samples class 4 \u2192 class 0
[2026-07-19 13:36:34,383] 39 root - INFO - [Attacker] Label flip: 22 samples class 4 \u2192 class 0
[2026-07-19 13:36:34,391] 39 root - INFO - [Attacker] Label flip: 23 samples class 4 \u2192 class 0
[2026-07-19 13:36:34,399] 39 root - INFO - [Attacker] Label flip: 28 samples class 4 \u2192 class 0
[2026-07-19 13:36:34,407] 39 root - INFO - [Attacker] Label flip: 24 samples class 4 \u2192 class 0
[2026-07-19 13:36:34,415] 39 root - INFO - [Attacker] Label flip: 16 samples class 4 \u2192 class 0
[2026-07-19 13:36:34,422] 39 root - INFO - [Attacker] Label flip: 27 samples class 4 \u2192 class 0
[2026-07-19 13:36:34,428] 39 root - INFO - [Attacker] Label flip: 31 samples class 4 \u2192 class 0
[2026-07-19 13:36:34,436] 39 root - INFO - [Attacker] Label flip: 31 samples class 4 \u2192 class 0
[2026-07-19 13:36:34,444] 39 root - INFO - [Attacker] Label flip: 27 samples class 4 \u2192 class 0
[2026-07-19 13:36:34,452] 39 root - INFO - [Attacker] Label flip: 23 samples class 4 \u2192 class 0
[2026-07-19 13:36:34,460] 39 root - INFO - [Attacker] Label flip: 31 samples class 4 \u2192 class 0
[2026-07-19 13:36:34,468] 39 root - INFO - [Attacker] Label flip: 37 samples class 4 \u2192 class 0
[2026-07-19 13:36:34,476] 39 root - INFO - [Attacker] Label flip: 23 samples class 4 \u2192 class 0
[2026-07-19 13:36:34,484] 39 root - INFO - [Attacker] Label flip: 20 samples class 4 \u2192 class 0
[2026-07-19 13:36:34,492] 39 root - INFO - [Attacker] Label flip: 29 samples class 4 \u2192 class 0
[2026-07-19 13:36:34,499] 39 root - INFO - [Attacker] Label flip: 31 samples class 4 \u2192 class 0
[2026-07-19 13:36:34,507] 39 root - INFO - [Attacker] Label flip: 31 samples class 4 \u2192 class 0
[2026-07-19 13:36:34,515] 39 root - INFO - [Attacker] Label flip: 24 samples class 4 \u2192 class 0
[2026-07-19 13:36:34,523] 39 root - INFO - [Attacker] Label flip: 33 samples class 4 \u2192 class 0
[2026-07-19 13:36:34,531] 39 root - INFO - [Attacker] Label flip: 30 samples class 4 \u2192 class 0
[2026-07-19 13:36:34,539] 39 root - INFO - [Attacker] Label flip: 36 samples class 4 \u2192 class 0
[2026-07-19 13:36:34,547] 39 root - INFO - [Attacker] Label flip: 28 samples class 4 \u2192 class 0
[2026-07-19 13:36:34,554] 39 root - INFO - [Attacker] Label flip: 25 samples class 4 \u2192 class 0
[2026-07-19 13:36:34,562] 39 root - INFO - [Attacker] Label flip: 34 samples class 4 \u2192 class 0
[2026-07-19 13:36:34,570] 39 root - INFO - [Attacker] Label flip: 28 samples class 4 \u2192 class 0
[2026-07-19 13:36:34,578] 39 root - INFO - [Attacker] Label flip: 28 samples class 4 \u2192 class 0
[2026-07-19 13:36:34,586] 39 root - INFO - [Attacker] Label flip: 26 samples class 4 \u2192 class 0
[2026-07-19 13:36:34,595] 39 root - INFO - [Attacker] Label flip: 19 samples class 4 \u2192 class 0
[2026-07-19 13:36:34,606] 39 root - INFO - [Attacker] Label flip: 35 samples class 4 \u2192 class 0
[2026-07-19 13:36:34,613] 39 root - INFO - [Attacker] Label flip: 34 samples class 4 \u2192 class 0
[2026-07-19 13:36:34,621] 39 root - INFO - [Attacker] Label flip: 27 samples class 4 \u2192 class 0
[2026-07-19 13:36:34,629] 39 root - INFO - [Attacker] Label flip: 31 samples class 4 \u2192 class 0
[2026-07-19 13:36:34,637] 39 root - INFO - [Attacker] Label flip: 23 samples class 4 \u2192 class 0
[2026-07-19 13:36:34,645] 39 root - INFO - [Attacker] Label flip: 30 samples class 4 \u2192 class 0
[2026-07-19 13:36:34,653] 39 root - INFO - [Attacker] Label flip: 27 samples class 4 \u2192 class 0
[2026-07-19 13:36:34,661] 39 root - INFO - [Attacker] Label flip: 23 samples class 4 \u2192 class 0
[2026-07-19 13:36:34,669] 39 root - INFO - [Attacker] Label flip: 25 samples class 4 \u2192 class 0
[2026-07-19 13:36:34,675] 39 root - INFO - [Attacker] Label flip: 26 samples class 4 \u2192 class 0
[2026-07-19 13:36:34,685] 39 root - INFO - [Attacker] Label flip: 33 samples class 4 \u2192 class 0
[2026-07-19 13:36:34,691] 39 root - INFO - [Attacker] Label flip: 36 samples class 4 \u2192 class 0
[2026-07-19 13:36:34,699] 39 root - INFO - [Attacker] Label flip: 26 samples class 4 \u2192 class 0
[2026-07-19 13:36:34,707] 39 root - INFO - [Attacker] Label flip: 22 samples class 4 \u2192 class 0
[2026-07-19 13:36:34,715] 39 root - INFO - [Attacker] Label flip: 32 samples class 4 \u2192 class 0
[2026-07-19 13:36:34,721] 39 root - INFO - [Attacker] Label flip: 25 samples class 4 \u2192 class 0
[2026-07-19 13:36:34,729] 39 root - INFO - [Attacker] Label flip: 37 samples class 4 \u2192 class 0
[2026-07-19 13:36:34,737] 39 root - INFO - [Attacker] Label flip: 29 samples class 4 \u2192 class 0
[2026-07-19 13:36:34,744] 39 root - INFO - [Attacker] Label flip: 37 samples class 4 \u2192 class 0
[2026-07-19 13:36:34,752] 39 root - INFO - [Attacker] Label flip: 36 samples class 4 \u2192 class 0
[2026-07-19 13:36:34,760] 39 root - INFO - [Attacker] Label flip: 28 samples class 4 \u2192 class 0
[2026-07-19 13:36:34,768] 39 root - INFO - [Attacker] Label flip: 44 samples class 4 \u2192 class 0
[2026-07-19 13:36:34,776] 39 root - INFO - [Attacker] Label flip: 28 samples class 4 \u2192 class 0
[2026-07-19 13:36:34,784] 39 root - INFO - [Attacker] Label flip: 41 samples class 4 \u2192 class 0
[2026-07-19 13:36:34,793] 39 root - INFO - [Attacker] Label flip: 32 samples class 4 \u2192 class 0
[2026-07-19 13:36:34,801] 39 root - INFO - [Attacker] Label flip: 30 samples class 4 \u2192 class 0
[2026-07-19 13:36:34,809] 39 root - INFO - [Attacker] Label flip: 38 samples class 4 \u2192 class 0
[2026-07-19 13:36:34,816] 39 root - INFO - [Attacker] Label flip: 18 samples class 4 \u2192 class 0
[2026-07-19 13:36:34,824] 39 root - INFO - [Attacker] Label flip: 28 samples class 4 \u2192 class 0
[2026-07-19 13:36:34,831] 39 root - INFO - [Attacker] Label flip: 26 samples class 4 \u2192 class 0
[2026-07-19 13:36:34,839] 39 root - INFO - [Attacker] Label flip: 33 samples class 4 \u2192 class 0
[2026-07-19 13:36:34,848] 39 root - INFO - [Attacker] Label flip: 21 samples class 4 \u2192 class 0
[2026-07-19 13:36:34,859] 39 root - INFO - [Attacker] Label flip: 27 samples class 4 \u2192 class 0
[2026-07-19 13:36:34,871] 39 root - INFO - [Attacker] Label flip: 24 samples class 4 \u2192 class 0
[2026-07-19 13:36:34,879] 39 root - INFO - [Attacker] Label flip: 33 samples class 4 \u2192 class 0
[2026-07-19 13:36:34,885] 39 root - INFO - [Attacker] Label flip: 34 samples class 4 \u2192 class 0
[2026-07-19 13:36:34,895] 39 root - INFO - [Attacker] Label flip: 23 samples class 4 \u2192 class 0
[2026-07-19 13:36:34,909] 39 root - INFO - [Attacker] Label flip: 29 samples class 4 \u2192 class 0
[2026-07-19 13:36:34,916] 39 root - INFO - [Attacker] Label flip: 26 samples class 4 \u2192 class 0
[2026-07-19 13:36:34,924] 39 root - INFO - [Attacker] Label flip: 30 samples class 4 \u2192 class 0
[2026-07-19 13:36:34,934] 39 root - INFO - [Attacker] Label flip: 28 samples class 4 \u2192 class 0
[2026-07-19 13:36:34,942] 39 root - INFO - [Attacker] Label flip: 32 samples class 4 \u2192 class 0
[2026-07-19 13:36:34,952] 39 root - INFO - [Attacker] Label flip: 28 samples class 4 \u2192 class 0
[2026-07-19 13:36:34,960] 39 root - INFO - [Attacker] Label flip: 26 samples class 4 \u2192 class 0
[2026-07-19 13:36:34,968] 39 root - INFO - [Attacker] Label flip: 22 samples class 4 \u2192 class 0
[2026-07-19 13:36:34,976] 39 root - INFO - [Attacker] Label flip: 27 samples class 4 \u2192 class 0
[2026-07-19 13:36:34,983] 39 root - INFO - [Attacker] Label flip: 28 samples class 4 \u2192 class 0
[2026-07-19 13:36:34,992] 39 root - INFO - [Attacker] Label flip: 22 samples class 4 \u2192 class 0
[2026-07-19 13:36:34,999] 39 root - INFO - [Attacker] Label flip: 30 samples class 4 \u2192 class 0
[2026-07-19 13:36:35,009] 39 root - INFO - [Attacker] Label flip: 31 samples class 4 \u2192 class 0
[2026-07-19 13:36:35,015] 39 root - INFO - [Attacker] Label flip: 20 samples class 4 \u2192 class 0
[2026-07-19 13:36:35,023] 39 root - INFO - [Attacker] Label flip: 26 samples class 4 \u2192 class 0
[2026-07-19 13:36:35,031] 39 root - INFO - [Attacker] Label flip: 21 samples class 4 \u2192 class 0
[2026-07-19 13:36:35,039] 39 root - INFO - [Attacker] Label flip: 35 samples class 4 \u2192 class 0
[2026-07-19 13:36:35,047] 39 root - INFO - [Attacker] Label flip: 39 samples class 4 \u2192 class 0
[2026-07-19 13:36:35,055] 39 root - INFO - [Attacker] Label flip: 23 samples class 4 \u2192 class 0
[2026-07-19 13:36:35,063] 39 root - INFO - [Attacker] Label flip: 29 samples class 4 \u2192 class 0
[2026-07-19 13:36:35,073] 39 root - INFO - [Attacker] Label flip: 29 samples class 4 \u2192 class 0
[2026-07-19 13:36:35,081] 39 root - INFO - [Attacker] Label flip: 20 samples class 4 \u2192 class 0
[2026-07-19 13:36:35,089] 39 root - INFO - [Attacker] Label flip: 27 samples class 4 \u2192 class 0
[2026-07-19 13:36:35,098] 39 root - INFO - [Attacker] Label flip: 31 samples class 4 \u2192 class 0
[2026-07-19 13:36:35,105] 39 root - INFO - [Attacker] Label flip: 25 samples class 4 \u2192 class 0
[2026-07-19 13:36:35,113] 39 root - INFO - [Attacker] Label flip: 30 samples class 4 \u2192 class 0
[2026-07-19 13:36:35,122] 39 root - INFO - [Attacker] Label flip: 27 samples class 4 \u2192 class 0
[2026-07-19 13:36:35,129] 39 root - INFO - [Attacker] Label flip: 24 samples class 4 \u2192 class 0
[2026-07-19 13:36:35,137] 39 root - INFO - [Attacker] Label flip: 27 samples class 4 \u2192 class 0
[2026-07-19 13:36:35,145] 39 root - INFO - [Attacker] Label flip: 29 samples class 4 \u2192 class 0
[2026-07-19 13:36:35,153] 39 root - INFO - [Attacker] Label flip: 29 samples class 4 \u2192 class 0
[2026-07-19 13:36:35,162] 39 root - INFO - [Attacker] Label flip: 24 samples class 4 \u2192 class 0
[2026-07-19 13:36:35,168] 39 root - INFO - [Attacker] Label flip: 31 samples class 4 \u2192 class 0
[2026-07-19 13:36:35,180] 39 root - INFO - [Attacker] Label flip: 35 samples class 4 \u2192 class 0
[2026-07-19 13:36:35,188] 39 root - INFO - [Attacker] Label flip: 23 samples class 4 \u2192 class 0
[2026-07-19 13:36:35,197] 39 root - INFO - [Attacker] Label flip: 29 samples class 4 \u2192 class 0
[2026-07-19 13:36:35,204] 39 root - INFO - [Attacker] Label flip: 26 samples class 4 \u2192 class 0
[2026-07-19 13:36:35,214] 39 root - INFO - [Attacker] Label flip: 28 samples class 4 \u2192 class 0
[2026-07-19 13:36:35,223] 39 root - INFO - [Attacker] Label flip: 25 samples class 4 \u2192 class 0
[2026-07-19 13:36:35,232] 39 root - INFO - [Attacker] Label flip: 34 samples class 4 \u2192 class 0
[2026-07-19 13:36:35,239] 39 root - INFO - [Attacker] Label flip: 26 samples class 4 \u2192 class 0
[2026-07-19 13:36:35,245] 39 root - INFO - [Attacker] Label flip: 31 samples class 4 \u2192 class 0
[2026-07-19 13:36:35,254] 39 root - INFO - [Attacker] Label flip: 28 samples class 4 \u2192 class 0
[2026-07-19 13:36:35,262] 39 root - INFO - [Attacker] Label flip: 35 samples class 4 \u2192 class 0
[2026-07-19 13:36:35,268] 39 root - INFO - [Attacker] Label flip: 31 samples class 4 \u2192 class 0
[2026-07-19 13:36:35,279] 39 root - INFO - [Attacker] Label flip: 37 samples class 4 \u2192 class 0
[2026-07-19 13:36:35,287] 39 root - INFO - [Attacker] Label flip: 23 samples class 4 \u2192 class 0
[2026-07-19 13:36:35,295] 39 root - INFO - [Attacker] Label flip: 31 samples class 4 \u2192 class 0
[2026-07-19 13:36:35,304] 39 root - INFO - [Attacker] Label flip: 25 samples class 4 \u2192 class 0
[2026-07-19 13:36:35,312] 39 root - INFO - [Attacker] Label flip: 32 samples class 4 \u2192 class 0
[2026-07-19 13:36:35,320] 39 root - INFO - [Attacker] Label flip: 28 samples class 4 \u2192 class 0
[2026-07-19 13:36:35,326] 39 root - INFO - [Attacker] Label flip: 34 samples class 4 \u2192 class 0
[2026-07-19 13:36:35,334] 39 root - INFO - [Attacker] Label flip: 32 samples class 4 \u2192 class 0
[2026-07-19 13:36:35,342] 39 root - INFO - [Attacker] Label flip: 26 samples class 4 \u2192 class 0
[2026-07-19 13:36:35,354] 39 root - INFO - [Attacker] Label flip: 27 samples class 4 \u2192 class 0
[2026-07-19 13:36:35,361] 39 root - INFO - [Attacker] Label flip: 37 samples class 4 \u2192 class 0
[2026-07-19 13:36:35,369] 39 root - INFO - [Attacker] Label flip: 22 samples class 4 \u2192 class 0
[2026-07-19 13:36:35,377] 39 root - INFO - [Attacker] Label flip: 32 samples class 4 \u2192 class 0
[2026-07-19 13:36:35,388] 39 root - INFO - [Attacker] Label flip: 29 samples class 4 \u2192 class 0
[2026-07-19 13:36:35,395] 39 root - INFO - [Attacker] Label flip: 29 samples class 4 \u2192 class 0
[2026-07-19 13:36:35,403] 39 root - INFO - [Attacker] Label flip: 33 samples class 4 \u2192 class 0
[2026-07-19 13:36:35,411] 39 root - INFO - [Attacker] Label flip: 26 samples class 4 \u2192 class 0
[2026-07-19 13:36:35,419] 39 root - INFO - [Attacker] Label flip: 36 samples class 4 \u2192 class 0
[2026-07-19 13:36:35,427] 39 root - INFO - [Attacker] Label flip: 28 samples class 4 \u2192 class 0
[2026-07-19 13:36:35,433] 39 root - INFO - [Attacker] Label flip: 30 samples class 4 \u2192 class 0
[2026-07-19 13:36:35,440] 39 root - INFO - [Attacker] Label flip: 27 samples class 4 \u2192 class 0
[2026-07-19 13:36:35,448] 39 root - INFO - [Attacker] Label flip: 26 samples class 4 \u2192 class 0
[2026-07-19 13:36:35,456] 39 root - INFO - [Attacker] Label flip: 37 samples class 4 \u2192 class 0
[2026-07-19 13:36:35,464] 39 root - INFO - [Attacker] Label flip: 16 samples class 4 \u2192 class 0
[2026-07-19 13:36:35,472] 39 root - INFO - [Attacker] Label flip: 26 samples class 4 \u2192 class 0
[2026-07-19 13:36:35,480] 39 root - INFO - [Attacker] Label flip: 18 samples class 4 \u2192 class 0
[2026-07-19 13:36:35,490] 39 root - INFO - [Attacker] Label flip: 29 samples class 4 \u2192 class 0
[2026-07-19 13:36:35,498] 39 root - INFO - [Attacker] Label flip: 27 samples class 4 \u2192 class 0
[2026-07-19 13:36:35,505] 39 root - INFO - [Attacker] Label flip: 30 samples class 4 \u2192 class 0
[2026-07-19 13:36:35,511] 39 root - INFO - [Attacker] Label flip: 31 samples class 4 \u2192 class 0
[2026-07-19 13:36:35,521] 39 root - INFO - [Attacker] Label flip: 33 samples class 4 \u2192 class 0
[2026-07-19 13:36:35,527] 39 root - INFO - [Attacker] Label flip: 29 samples class 4 \u2192 class 0
[2026-07-19 13:36:35,535] 39 root - INFO - [Attacker] Label flip: 23 samples class 4 \u2192 class 0
[2026-07-19 13:36:35,543] 39 root - INFO - [Attacker] Label flip: 37 samples class 4 \u2192 class 0
[2026-07-19 13:36:35,551] 39 root - INFO - [Attacker] Label flip: 27 samples class 4 \u2192 class 0
[2026-07-19 13:36:35,561] 39 root - INFO - [Attacker] Label flip: 28 samples class 4 \u2192 class 0
[2026-07-19 13:36:35,568] 39 root - INFO - [Attacker] Label flip: 20 samples class 4 \u2192 class 0
[2026-07-19 13:36:35,574] 39 root - INFO - [Attacker] Label flip: 26 samples class 4 \u2192 class 0
[2026-07-19 13:36:35,582] 39 root - INFO - [Attacker] Label flip: 40 samples class 4 \u2192 class 0
[2026-07-19 13:36:35,592] 39 root - INFO - [Attacker] Label flip: 23 samples class 4 \u2192 class 0
[2026-07-19 13:36:35,600] 39 root - INFO - [Attacker] Label flip: 30 samples class 4 \u2192 class 0
[2026-07-19 13:36:35,608] 39 root - INFO - [Attacker] Label flip: 28 samples class 4 \u2192 class 0
[2026-07-19 13:36:35,616] 39 root - INFO - [Attacker] Label flip: 24 samples class 4 \u2192 class 0
[2026-07-19 13:36:35,629] 39 root - INFO - [Attacker] Label flip: 31 samples class 4 \u2192 class 0
[2026-07-19 13:36:35,637] 39 root - INFO - [Attacker] Label flip: 24 samples class 4 \u2192 class 0
[2026-07-19 13:36:35,645] 39 root - INFO - [Attacker] Label flip: 38 samples class 4 \u2192 class 0
[2026-07-19 13:36:35,653] 39 root - INFO - [Attacker] Label flip: 32 samples class 4 \u2192 class 0
[2026-07-19 13:36:35,661] 39 root - INFO - [Attacker] Label flip: 24 samples class 4 \u2192 class 0
[2026-07-19 13:36:35,669] 39 root - INFO - [Attacker] Label flip: 30 samples class 4 \u2192 class 0
[2026-07-19 13:36:35,677] 39 root - INFO - [Attacker] Label flip: 30 samples class 4 \u2192 class 0
[2026-07-19 13:36:35,685] 39 root - INFO - [Attacker] Label flip: 27 samples class 4 \u2192 class 0
[2026-07-19 13:36:35,691] 39 root - INFO - [Attacker] Label flip: 31 samples class 4 \u2192 class 0
[2026-07-19 13:36:35,701] 39 root - INFO - [Attacker] Label flip: 25 samples class 4 \u2192 class 0
[2026-07-19 13:36:35,708] 39 root - INFO - [Attacker] Label flip: 28 samples class 4 \u2192 class 0
[2026-07-19 13:36:35,716] 39 root - INFO - [Attacker] Label flip: 23 samples class 4 \u2192 class 0
[2026-07-19 13:36:35,722] 39 root - INFO - [Attacker] Label flip: 22 samples class 4 \u2192 class 0
[2026-07-19 13:36:35,733] 39 root - INFO - [Attacker] Label flip: 24 samples class 4 \u2192 class 0
[2026-07-19 13:36:35,741] 39 root - INFO - [Attacker] Label flip: 22 samples class 4 \u2192 class 0
[2026-07-19 13:36:35,749] 39 root - INFO - [Attacker] Label flip: 33 samples class 4 \u2192 class 0
[2026-07-19 13:36:35,757] 39 root - INFO - [Attacker] Label flip: 28 samples class 4 \u2192 class 0
[2026-07-19 13:36:35,767] 39 root - INFO - [Attacker] Label flip: 26 samples class 4 \u2192 class 0
[2026-07-19 13:36:35,775] 39 root - INFO - [Attacker] Label flip: 20 samples class 4 \u2192 class 0
[2026-07-19 13:36:35,783] 39 root - INFO - [Attacker] Label flip: 35 samples class 4 \u2192 class 0
[2026-07-19 13:36:35,791] 39 root - INFO - [Attacker] Label flip: 30 samples class 4 \u2192 class 0
[2026-07-19 13:36:35,797] 39 root - INFO - [Attacker] Label flip: 30 samples class 4 \u2192 class 0
[2026-07-19 13:36:35,807] 39 root - INFO - [Attacker] Label flip: 28 samples class 4 \u2192 class 0
[2026-07-19 13:36:35,813] 39 root - INFO - [Attacker] Label flip: 29 samples class 4 \u2192 class 0
[2026-07-19 13:36:35,823] 39 root - INFO - [Attacker] Label flip: 36 samples class 4 \u2192 class 0
[2026-07-19 13:36:35,829] 39 root - INFO - [Attacker] Label flip: 30 samples class 4 \u2192 class 0
[2026-07-19 13:36:35,837] 39 root - INFO - [Attacker] Label flip: 27 samples class 4 \u2192 class 0
[2026-07-19 13:36:35,845] 39 root - INFO - [Attacker] Label flip: 33 samples class 4 \u2192 class 0
[2026-07-19 13:36:35,856] 39 root - INFO - [Attacker] Label flip: 25 samples class 4 \u2192 class 0
[2026-07-19 13:36:35,863] 39 root - INFO - [Attacker] Label flip: 36 samples class 4 \u2192 class 0
[2026-07-19 13:36:35,872] 39 root - INFO - [Attacker] Label flip: 35 samples class 4 \u2192 class 0
[2026-07-19 13:36:35,880] 39 root - INFO - [Attacker] Label flip: 26 samples class 4 \u2192 class 0
[2026-07-19 13:36:35,888] 39 root - INFO - [Attacker] Label flip: 36 samples class 4 \u2192 class 0
[2026-07-19 13:36:35,896] 39 root - INFO - [Attacker] Label flip: 28 samples class 4 \u2192 class 0
[2026-07-19 13:36:35,902] 39 root - INFO - [Attacker] Label flip: 24 samples class 4 \u2192 class 0
[2026-07-19 13:36:35,911] 39 root - INFO - [Attacker] Label flip: 37 samples class 4 \u2192 class 0
[2026-07-19 13:36:35,919] 39 root - INFO - [Attacker] Label flip: 28 samples class 4 \u2192 class 0
[2026-07-19 13:36:35,927] 39 root - INFO - [Attacker] Label flip: 14 samples class 4 \u2192 class 0
[2026-07-19 13:36:35,933] 39 root - INFO - [Attacker] Label flip: 22 samples class 4 \u2192 class 0
[2026-07-19 13:36:35,941] 39 root - INFO - [Attacker] Label flip: 27 samples class 4 \u2192 class 0
[2026-07-19 13:36:35,949] 39 root - INFO - [Attacker] Label flip: 27 samples class 4 \u2192 class 0
[2026-07-19 13:36:35,957] 39 root - INFO - [Attacker] Label flip: 27 samples class 4 \u2192 class 0
[2026-07-19 13:36:35,965] 39 root - INFO - [Attacker] Label flip: 37 samples class 4 \u2192 class 0
[2026-07-19 13:36:35,972] 39 root - INFO - [Attacker] Label flip: 20 samples class 4 \u2192 class 0
[2026-07-19 13:36:35,980] 39 root - INFO - [Attacker] Label flip: 38 samples class 4 \u2192 class 0
[2026-07-19 13:36:35,986] 39 root - INFO - [Attacker] Label flip: 32 samples class 4 \u2192 class 0
[2026-07-19 13:36:35,995] 39 root - INFO - [Attacker] Label flip: 27 samples class 4 \u2192 class 0
[2026-07-19 13:36:36,002] 39 root - INFO - [Attacker] Label flip: 26 samples class 4 \u2192 class 0
[2026-07-19 13:36:36,010] 39 root - INFO - [Attacker] Label flip: 29 samples class 4 \u2192 class 0
[2026-07-19 13:36:36,018] 39 root - INFO - [Attacker] Label flip: 31 samples class 4 \u2192 class 0
[2026-07-19 13:36:36,026] 39 root - INFO - [Attacker] Label flip: 24 samples class 4 \u2192 class 0
[2026-07-19 13:36:36,032] 39 root - INFO - [Attacker] Label flip: 26 samples class 4 \u2192 class 0
[2026-07-19 13:36:36,042] 39 root - INFO - [Attacker] Label flip: 34 samples class 4 \u2192 class 0
[2026-07-19 13:36:36,051] 39 root - INFO - [Attacker] Label flip: 31 samples class 4 \u2192 class 0
[2026-07-19 13:36:36,058] 39 root - INFO - [Attacker] Label flip: 42 samples class 4 \u2192 class 0
[2026-07-19 13:36:36,066] 39 root - INFO - [Attacker] Label flip: 22 samples class 4 \u2192 class 0
[2026-07-19 13:36:36,074] 39 root - INFO - [Attacker] Label flip: 31 samples class 4 \u2192 class 0
[2026-07-19 13:36:36,081] 39 root - INFO - [Attacker] Label flip: 33 samples class 4 \u2192 class 0
[2026-07-19 13:36:36,088] 39 root - INFO - [Attacker] Label flip: 31 samples class 4 \u2192 class 0
[2026-07-19 13:36:36,096] 39 root - INFO - [Attacker] Label flip: 21 samples class 4 \u2192 class 0
[2026-07-19 13:36:36,104] 39 root - INFO - [Attacker] Label flip: 30 samples class 4 \u2192 class 0
[2026-07-19 13:36:36,112] 39 root - INFO - [Attacker] Label flip: 28 samples class 4 \u2192 class 0
[2026-07-19 13:36:36,120] 39 root - INFO - [Attacker] Label flip: 24 samples class 4 \u2192 class 0
[2026-07-19 13:36:36,128] 39 root - INFO - [Attacker] Label flip: 30 samples class 4 \u2192 class 0
[2026-07-19 13:36:36,136] 39 root - INFO - [Attacker] Label flip: 26 samples class 4 \u2192 class 0
[2026-07-19 13:36:36,144] 39 root - INFO - [Attacker] Label flip: 31 samples class 4 \u2192 class 0
[2026-07-19 13:36:36,152] 39 root - INFO - [Attacker] Label flip: 28 samples class 4 \u2192 class 0
[2026-07-19 13:36:36,160] 39 root - INFO - [Attacker] Label flip: 26 samples class 4 \u2192 class 0
[2026-07-19 13:36:36,168] 39 root - INFO - [Attacker] Label flip: 22 samples class 4 \u2192 class 0
[2026-07-19 13:36:36,178] 39 root - INFO - [Attacker] Label flip: 37 samples class 4 \u2192 class 0
[2026-07-19 13:36:36,187] 39 root - INFO - [Attacker] Label flip: 30 samples class 4 \u2192 class 0
[2026-07-19 13:36:36,195] 39 root - INFO - [Attacker] Label flip: 33 samples class 4 \u2192 class 0
[2026-07-19 13:36:36,203] 39 root - INFO - [Attacker] Label flip: 32 samples class 4 \u2192 class 0
[2026-07-19 13:36:36,211] 39 root - INFO - [Attacker] Label flip: 37 samples class 4 \u2192 class 0
[2026-07-19 13:36:36,219] 39 root - INFO - [Attacker] Label flip: 24 samples class 4 \u2192 class 0
[2026-07-19 13:36:36,229] 39 root - INFO - [Attacker] Label flip: 27 samples class 4 \u2192 class 0
[2026-07-19 13:36:36,237] 39 root - INFO - [Attacker] Label flip: 21 samples class 4 \u2192 class 0
[2026-07-19 13:36:36,244] 39 root - INFO - [Attacker] Label flip: 34 samples class 4 \u2192 class 0
[2026-07-19 13:36:36,252] 39 root - INFO - [Attacker] Label flip: 32 samples class 4 \u2192 class 0
[2026-07-19 13:36:36,260] 39 root - INFO - [Attacker] Label flip: 39 samples class 4 \u2192 class 0
[2026-07-19 13:36:36,269] 39 root - INFO - [Attacker] Label flip: 21 samples class 4 \u2192 class 0
[2026-07-19 13:36:36,277] 39 root - INFO - [Attacker] Label flip: 48 samples class 4 \u2192 class 0
[2026-07-19 13:36:36,285] 39 root - INFO - [Attacker] Label flip: 26 samples class 4 \u2192 class 0
[2026-07-19 13:36:36,293] 39 root - INFO - [Attacker] Label flip: 27 samples class 4 \u2192 class 0
[2026-07-19 13:36:36,301] 39 root - INFO - [Attacker] Label flip: 32 samples class 4 \u2192 class 0
[2026-07-19 13:36:36,309] 39 root - INFO - [Attacker] Label flip: 29 samples class 4 \u2192 class 0
[2026-07-19 13:36:36,316] 39 root - INFO - [Attacker] Label flip: 18 samples class 4 \u2192 class 0
[2026-07-19 13:36:36,324] 39 root - INFO - [Attacker] Label flip: 25 samples class 4 \u2192 class 0
[2026-07-19 13:36:36,332] 39 root - INFO - [Attacker] Label flip: 26 samples class 4 \u2192 class 0
[2026-07-19 13:36:36,340] 39 root - INFO - [Attacker] Label flip: 39 samples class 4 \u2192 class 0
[2026-07-19 13:36:36,348] 39 root - INFO - [Attacker] Label flip: 36 samples class 4 \u2192 class 0
[2026-07-19 13:36:36,356] 39 root - INFO - [Attacker] Label flip: 23 samples class 4 \u2192 class 0
[2026-07-19 13:36:36,364] 39 root - INFO - [Attacker] Label flip: 29 samples class 4 \u2192 class 0
[2026-07-19 13:36:36,372] 39 root - INFO - [Attacker] Label flip: 28 samples class 4 \u2192 class 0
[2026-07-19 13:36:36,380] 39 root - INFO - [Attacker] Label flip: 35 samples class 4 \u2192 class 0
[2026-07-19 13:36:36,388] 39 root - INFO - [Attacker] Label flip: 29 samples class 4 \u2192 class 0
[2026-07-19 13:36:36,395] 39 root - INFO - [Attacker] Label flip: 22 samples class 4 \u2192 class 0
[2026-07-19 13:36:36,403] 39 root - INFO - [Attacker] Label flip: 35 samples class 4 \u2192 class 0
[2026-07-19 13:36:36,411] 39 root - INFO - [Attacker] Label flip: 29 samples class 4 \u2192 class 0
[2026-07-19 13:36:36,419] 39 root - INFO - [Attacker] Label flip: 30 samples class 4 \u2192 class 0
[2026-07-19 13:36:36,428] 39 root - INFO - [Attacker] Label flip: 30 samples class 4 \u2192 class 0
[2026-07-19 13:36:36,436] 39 root - INFO - [Attacker] Label flip: 28 samples class 4 \u2192 class 0
[2026-07-19 13:36:36,445] 39 root - INFO - [Attacker] Label flip: 27 samples class 4 \u2192 class 0
[2026-07-19 13:36:36,453] 39 root - INFO - [Attacker] Label flip: 23 samples class 4 \u2192 class 0
[2026-07-19 13:36:36,461] 39 root - INFO - [Attacker] Label flip: 27 samples class 4 \u2192 class 0
[2026-07-19 13:36:36,469] 39 root - INFO - [Attacker] Label flip: 30 samples class 4 \u2192 class 0
[2026-07-19 13:36:36,478] 39 root - INFO - [Attacker] Label flip: 32 samples class 4 \u2192 class 0
[2026-07-19 13:36:36,486] 39 root - INFO - [Attacker] Label flip: 24 samples class 4 \u2192 class 0
[2026-07-19 13:36:36,495] 39 root - INFO - [Attacker] Label flip: 29 samples class 4 \u2192 class 0
[2026-07-19 13:36:36,504] 39 root - INFO - [Attacker] Label flip: 33 samples class 4 \u2192 class 0
[2026-07-19 13:36:36,514] 39 root - INFO - [Attacker] Label flip: 24 samples class 4 \u2192 class 0
[2026-07-19 13:36:36,522] 39 root - INFO - [Attacker] Label flip: 30 samples class 4 \u2192 class 0
[2026-07-19 13:36:36,530] 39 root - INFO - [Attacker] Label flip: 35 samples class 4 \u2192 class 0
[2026-07-19 13:36:36,539] 39 root - INFO - [Attacker] Label flip: 33 samples class 4 \u2192 class 0
[2026-07-19 13:36:36,549] 39 root - INFO - [Attacker] Label flip: 24 samples class 4 \u2192 class 0
[2026-07-19 13:36:36,557] 39 root - INFO - [Attacker] Label flip: 28 samples class 4 \u2192 class 0
[2026-07-19 13:36:36,564] 39 root - INFO - [Attacker] Label flip: 25 samples class 4 \u2192 class 0
[2026-07-19 13:36:36,573] 39 root - INFO - [Attacker] Label flip: 28 samples class 4 \u2192 class 0
[2026-07-19 13:36:36,579] 39 root - INFO - [Attacker] Label flip: 31 samples class 4 \u2192 class 0
[2026-07-19 13:36:36,587] 39 root - INFO - [Attacker] Label flip: 32 samples class 4 \u2192 class 0
[2026-07-19 13:36:36,595] 39 root - INFO - [Attacker] Label flip: 34 samples class 4 \u2192 class 0
[2026-07-19 13:36:36,603] 39 root - INFO - [Attacker] Label flip: 21 samples class 4 \u2192 class 0
[2026-07-19 13:36:36,613] 39 root - INFO - [Attacker] Label flip: 28 samples class 4 \u2192 class 0
[2026-07-19 13:36:36,621] 39 root - INFO - [Attacker] Label flip: 30 samples class 4 \u2192 class 0
[2026-07-19 13:36:36,629] 39 root - INFO - [Attacker] Label flip: 21 samples class 4 \u2192 class 0
[2026-07-19 13:36:36,637] 39 root - INFO - [Attacker] Label flip: 30 samples class 4 \u2192 class 0
[2026-07-19 13:36:36,645] 39 root - INFO - [Attacker] Label flip: 23 samples class 4 \u2192 class 0
[2026-07-19 13:36:36,654] 39 root - INFO - [Attacker] Label flip: 29 samples class 4 \u2192 class 0
[2026-07-19 13:36:36,662] 39 root - INFO - [Attacker] Label flip: 29 samples class 4 \u2192 class 0
[2026-07-19 13:36:36,670] 39 root - INFO - [Attacker] Label flip: 30 samples class 4 \u2192 class 0
[2026-07-19 13:36:36,677] 39 root - INFO - [Attacker] Label flip: 31 samples class 4 \u2192 class 0
[2026-07-19 13:36:36,684] 39 root - INFO - [Attacker] Label flip: 32 samples class 4 \u2192 class 0
[2026-07-19 13:36:36,692] 39 root - INFO - [Attacker] Label flip: 28 samples class 4 \u2192 class 0
[2026-07-19 13:36:36,700] 39 root - INFO - [Attacker] Label flip: 27 samples class 4 \u2192 class 0
[2026-07-19 13:36:36,708] 39 root - INFO - [Attacker] Label flip: 35 samples class 4 \u2192 class 0
[2026-07-19 13:36:36,716] 39 root - INFO - [Attacker] Label flip: 30 samples class 4 \u2192 class 0
[2026-07-19 13:36:36,724] 39 root - INFO - [Attacker] Label flip: 23 samples class 4 \u2192 class 0
[2026-07-19 13:36:36,732] 39 root - INFO - [Attacker] Label flip: 34 samples class 4 \u2192 class 0
[2026-07-19 13:36:36,740] 39 root - INFO - [Attacker] Label flip: 22 samples class 4 \u2192 class 0
[2026-07-19 13:36:36,747] 39 root - INFO - [Attacker] Label flip: 29 samples class 4 \u2192 class 0
[2026-07-19 13:36:36,755] 39 root - INFO - [Attacker] Label flip: 28 samples class 4 \u2192 class 0
[2026-07-19 13:36:36,763] 39 root - INFO - [Attacker] Label flip: 24 samples class 4 \u2192 class 0
[2026-07-19 13:36:36,769] 39 root - INFO - [Attacker] Label flip: 20 samples class 4 \u2192 class 0
[2026-07-19 13:36:36,778] 39 root - INFO - [Attacker] Label flip: 29 samples class 4 \u2192 class 0
[2026-07-19 13:36:36,786] 39 root - INFO - [Attacker] Label flip: 35 samples class 4 \u2192 class 0
[2026-07-19 13:36:36,794] 39 root - INFO - [Attacker] Label flip: 26 samples class 4 \u2192 class 0
[2026-07-19 13:36:36,801] 39 root - INFO - [Attacker] Label flip: 26 samples class 4 \u2192 class 0
[2026-07-19 13:36:36,812] 39 root - INFO - [Attacker] Label flip: 39 samples class 4 \u2192 class 0
[2026-07-19 13:36:36,819] 39 root - INFO - [Attacker] Label flip: 33 samples class 4 \u2192 class 0
[2026-07-19 13:36:36,827] 39 root - INFO - [Attacker] Label flip: 34 samples class 4 \u2192 class 0
[2026-07-19 13:36:36,835] 39 root - INFO - [Attacker] Label flip: 31 samples class 4 \u2192 class 0
[2026-07-19 13:36:36,843] 39 root - INFO - [Attacker] Label flip: 32 samples class 4 \u2192 class 0
[2026-07-19 13:36:36,851] 39 root - INFO - [Attacker] Label flip: 24 samples class 4 \u2192 class 0
[2026-07-19 13:36:36,859] 39 root - INFO - [Attacker] Label flip: 23 samples class 4 \u2192 class 0
[2026-07-19 13:36:36,871] 39 root - INFO - [Attacker] Label flip: 30 samples class 4 \u2192 class 0
[2026-07-19 13:36:36,879] 39 root - INFO - [Attacker] Label flip: 27 samples class 4 \u2192 class 0
[2026-07-19 13:36:36,886] 39 root - INFO - [Attacker] Label flip: 27 samples class 4 \u2192 class 0
[2026-07-19 13:36:36,892] 39 root - INFO - [Attacker] Label flip: 21 samples class 4 \u2192 class 0
[2026-07-19 13:36:36,900] 39 root - INFO - [Attacker] Label flip: 33 samples class 4 \u2192 class 0
[2026-07-19 13:36:36,910] 39 root - INFO - [Attacker] Label flip: 34 samples class 4 \u2192 class 0
[2026-07-19 13:36:36,916] 39 root - INFO - [Attacker] Label flip: 17 samples class 4 \u2192 class 0
[2026-07-19 13:36:36,924] 39 root - INFO - [Attacker] Label flip: 19 samples class 4 \u2192 class 0
[2026-07-19 13:36:36,932] 39 root - INFO - [Attacker] Label flip: 33 samples class 4 \u2192 class 0
[2026-07-19 13:36:36,942] 39 root - INFO - [Attacker] Label flip: 31 samples class 4 \u2192 class 0
[2026-07-19 13:36:36,949] 39 root - INFO - [Attacker] Label flip: 31 samples class 4 \u2192 class 0
[2026-07-19 13:36:36,957] 39 root - INFO - [Attacker] Label flip: 33 samples class 4 \u2192 class 0
[2026-07-19 13:36:36,963] 39 root - INFO - [Attacker] Label flip: 25 samples class 4 \u2192 class 0
[2026-07-19 13:36:36,971] 39 root - INFO - [Attacker] Label flip: 23 samples class 4 \u2192 class 0
[2026-07-19 13:36:36,981] 39 root - INFO - [Attacker] Label flip: 24 samples class 4 \u2192 class 0
[2026-07-19 13:36:36,989] 39 root - INFO - [Attacker] Label flip: 24 samples class 4 \u2192 class 0
[2026-07-19 13:36:36,997] 39 root - INFO - [Attacker] Label flip: 31 samples class 4 \u2192 class 0
[2026-07-19 13:36:37,003] 39 root - INFO - [Attacker] Label flip: 34 samples class 4 \u2192 class 0
[2026-07-19 13:36:37,013] 39 root - INFO - [Attacker] Label flip: 31 samples class 4 \u2192 class 0
[2026-07-19 13:36:37,021] 39 root - INFO - [Attacker] Label flip: 32 samples class 4 \u2192 class 0
[2026-07-19 13:36:37,026] 39 root - INFO - [Attacker] Label flip: 29 samples class 4 \u2192 class 0
[2026-07-19 13:36:37,034] 39 root - INFO - [Attacker] Label flip: 21 samples class 4 \u2192 class 0
[2026-07-19 13:36:37,044] 39 root - INFO - [Attacker] Label flip: 27 samples class 4 \u2192 class 0
[2026-07-19 13:36:37,050] 39 root - INFO - [Attacker] Label flip: 30 samples class 4 \u2192 class 0
[2026-07-19 13:36:37,060] 39 root - INFO - [Attacker] Label flip: 25 samples class 4 \u2192 class 0
[2026-07-19 13:36:37,068] 39 root - INFO - [Attacker] Label flip: 29 samples class 4 \u2192 class 0
[2026-07-19 13:36:37,075] 39 root - INFO - [Attacker] Label flip: 30 samples class 4 \u2192 class 0
[2026-07-19 13:36:37,082] 39 root - INFO - [Attacker] Label flip: 24 samples class 4 \u2192 class 0
[2026-07-19 13:36:37,089] 39 root - INFO - [Attacker] Label flip: 26 samples class 4 \u2192 class 0
[2026-07-19 13:36:37,097] 39 root - INFO - [Attacker] Label flip: 34 samples class 4 \u2192 class 0
[2026-07-19 13:36:37,105] 39 root - INFO - [Attacker] Label flip: 26 samples class 4 \u2192 class 0
[2026-07-19 13:36:37,115] 39 root - INFO - [Attacker] Label flip: 30 samples class 4 \u2192 class 0
[2026-07-19 13:36:37,121] 39 root - INFO - [Attacker] Label flip: 33 samples class 4 \u2192 class 0
[2026-07-19 13:36:37,129] 39 root - INFO - [Attacker] Label flip: 27 samples class 4 \u2192 class 0
[2026-07-19 13:36:37,137] 39 root - INFO - [Attacker] Label flip: 28 samples class 4 \u2192 class 0
[2026-07-19 13:36:37,144] 39 root - INFO - [Attacker] Label flip: 28 samples class 4 \u2192 class 0
[2026-07-19 13:36:37,152] 39 root - INFO - [Attacker] Label flip: 36 samples class 4 \u2192 class 0
[2026-07-19 13:36:37,160] 39 root - INFO - [Attacker] Label flip: 26 samples class 4 \u2192 class 0
[2026-07-19 13:36:37,168] 39 root - INFO - [Attacker] Label flip: 27 samples class 4 \u2192 class 0
[2026-07-19 13:36:37,176] 39 root - INFO - [Attacker] Label flip: 35 samples class 4 \u2192 class 0
[2026-07-19 13:36:37,184] 39 root - INFO - [Attacker] Label flip: 26 samples class 4 \u2192 class 0
[2026-07-19 13:36:37,192] 39 root - INFO - [Attacker] Label flip: 32 samples class 4 \u2192 class 0
[2026-07-19 13:36:37,200] 39 root - INFO - [Attacker] Label flip: 23 samples class 4 \u2192 class 0
[2026-07-19 13:36:37,206] 39 root - INFO - [Attacker] Label flip: 21 samples class 4 \u2192 class 0
[2026-07-19 13:36:37,213] 39 root - INFO - [Attacker] Label flip: 33 samples class 4 \u2192 class 0
[2026-07-19 13:36:37,221] 39 root - INFO - [Attacker] Label flip: 21 samples class 4 \u2192 class 0
[2026-07-19 13:36:37,229] 39 root - INFO - [Attacker] Label flip: 32 samples class 4 \u2192 class 0
[2026-07-19 13:36:37,237] 39 root - INFO - [Attacker] Label flip: 24 samples class 4 \u2192 class 0
[2026-07-19 13:36:37,245] 39 root - INFO - [Attacker] Label flip: 25 samples class 4 \u2192 class 0
[2026-07-19 13:36:37,253] 39 root - INFO - [Attacker] Label flip: 45 samples class 4 \u2192 class 0
[2026-07-19 13:36:37,261] 39 root - INFO - [Attacker] Label flip: 21 samples class 4 \u2192 class 0
[2026-07-19 13:36:37,269] 39 root - INFO - [Attacker] Label flip: 22 samples class 4 \u2192 class 0
[2026-07-19 13:36:37,285] 39 root - INFO - [Attacker] Label flip: 31 samples class 4 \u2192 class 0
[2026-07-19 13:36:37,292] 39 root - INFO - [Attacker] Label flip: 30 samples class 4 \u2192 class 0
[2026-07-19 13:36:37,300] 39 root - INFO - [Attacker] Label flip: 31 samples class 4 \u2192 class 0
[2026-07-19 13:36:37,309] 39 root - INFO - [Attacker] Label flip: 28 samples class 4 \u2192 class 0
[2026-07-19 13:36:37,345] 39 root - INFO - [Attacker] Label flip: 29 samples class 4 \u2192 class 0
[2026-07-19 13:36:37,353] 39 root - INFO - [Attacker] Label flip: 31 samples class 4 \u2192 class 0
[2026-07-19 13:36:37,361] 39 root - INFO - [Attacker] Label flip: 25 samples class 4 \u2192 class 0
[2026-07-19 13:36:37,369] 39 root - INFO - [Attacker] Label flip: 34 samples class 4 \u2192 class 0
[2026-07-19 13:36:37,377] 39 root - INFO - [Attacker] Label flip: 35 samples class 4 \u2192 class 0
[2026-07-19 13:36:37,387] 39 root - INFO - [Attacker] Label flip: 27 samples class 4 \u2192 class 0
[2026-07-19 13:36:37,394] 39 root - INFO - [Attacker] Label flip: 22 samples class 4 \u2192 class 0
[2026-07-19 13:36:37,402] 39 root - INFO - [Attacker] Label flip: 31 samples class 4 \u2192 class 0
[2026-07-19 13:36:37,408] 39 root - INFO - [Attacker] Label flip: 28 samples class 4 \u2192 class 0
[2026-07-19 13:36:37,421] 39 root - INFO - [Attacker] Label flip: 26 samples class 4 \u2192 class 0
[2026-07-19 13:36:37,428] 39 root - INFO - [Attacker] Label flip: 30 samples class 4 \u2192 class 0
[2026-07-19 13:36:37,434] 39 root - INFO - [Attacker] Label flip: 30 samples class 4 \u2192 class 0
[2026-07-19 13:36:37,442] 39 root - INFO - [Attacker] Label flip: 31 samples class 4 \u2192 class 0
[2026-07-19 13:36:37,454] 39 root - INFO - [Attacker] Label flip: 43 samples class 4 \u2192 class 0
[2026-07-19 13:36:37,462] 39 root - INFO - [Attacker] Label flip: 38 samples class 4 \u2192 class 0
[2026-07-19 13:36:37,470] 39 root - INFO - [Attacker] Label flip: 22 samples class 4 \u2192 class 0
[2026-07-19 13:36:37,478] 39 root - INFO - [Attacker] Label flip: 25 samples class 4 \u2192 class 0
[2026-07-19 13:36:37,486] 39 root - INFO - [Attacker] Label flip: 28 samples class 4 \u2192 class 0
[2026-07-19 13:36:37,493] 39 root - INFO - [Attacker] Label flip: 21 samples class 4 \u2192 class 0
[2026-07-19 13:36:37,501] 39 root - INFO - [Attacker] Label flip: 29 samples class 4 \u2192 class 0
[2026-07-19 13:36:37,509] 39 root - INFO - [Attacker] Label flip: 33 samples class 4 \u2192 class 0
[2026-07-19 13:36:37,519] 39 root - INFO - [Attacker] Label flip: 34 samples class 4 \u2192 class 0
[2026-07-19 13:36:37,527] 39 root - INFO - [Attacker] Label flip: 36 samples class 4 \u2192 class 0
[2026-07-19 13:36:37,535] 39 root - INFO - [Attacker] Label flip: 31 samples class 4 \u2192 class 0
[2026-07-19 13:36:37,543] 39 root - INFO - [Attacker] Label flip: 26 samples class 4 \u2192 class 0
[2026-07-19 13:36:37,550] 39 root - INFO - [Attacker] Label flip: 31 samples class 4 \u2192 class 0
[2026-07-19 13:36:37,561] 39 root - INFO - [Attacker] Label flip: 23 samples class 4 \u2192 class 0
[2026-07-19 13:36:37,568] 268 flwr - WARNING - DEPRECATED FEATURE: `client_fn` now expects a signature `def client_fn(context: Context)`.The provided `client_fn` has signature: {'cid': <Parameter "cid: str">}. You can import the `Context` like this: `from flwr.common import Context`

            This is a deprecated feature. It will be removed
            entirely in future versions of Flower.
        
[2026-07-19 13:36:37,570] 39 root - INFO - [Attacker] Label flip: 23 samples class 4 \u2192 class 0
[2026-07-19 13:36:37,576] 39 root - INFO - [Attacker] Label flip: 24 samples class 4 \u2192 class 0
[2026-07-19 13:36:37,584] 39 root - INFO - [Attacker] Label flip: 34 samples class 4 \u2192 class 0
[2026-07-19 13:36:37,596] 39 root - INFO - [Attacker] Label flip: 26 samples class 4 \u2192 class 0
[2026-07-19 13:36:37,604] 39 root - INFO - [Attacker] Label flip: 31 samples class 4 \u2192 class 0
[2026-07-19 13:36:37,612] 39 root - INFO - [Attacker] Label flip: 23 samples class 4 \u2192 class 0
[2026-07-19 13:36:37,620] 39 root - INFO - [Attacker] Label flip: 29 samples class 4 \u2192 class 0
[2026-07-19 13:36:37,629] 39 root - INFO - [Attacker] Label flip: 20 samples class 4 \u2192 class 0
[2026-07-19 13:36:37,638] 39 root - INFO - [Attacker] Label flip: 29 samples class 4 \u2192 class 0
[2026-07-19 13:36:37,644] 39 root - INFO - [Attacker] Label flip: 24 samples class 4 \u2192 class 0
[2026-07-19 13:36:37,651] 39 root - INFO - [Attacker] Label flip: 27 samples class 4 \u2192 class 0
[2026-07-19 13:36:37,659] 39 root - INFO - [Attacker] Label flip: 27 samples class 4 \u2192 class 0
[2026-07-19 13:36:37,667] 39 root - INFO - [Attacker] Label flip: 35 samples class 4 \u2192 class 0
[2026-07-19 13:36:37,681] 39 root - INFO - [Attacker] Label flip: 23 samples class 4 \u2192 class 0
[2026-07-19 13:36:37,689] 39 root - INFO - [Attacker] Label flip: 27 samples class 4 \u2192 class 0
[2026-07-19 13:36:37,697] 39 root - INFO - [Attacker] Label flip: 28 samples class 4 \u2192 class 0
[2026-07-19 13:36:37,703] 39 root - INFO - [Attacker] Label flip: 36 samples class 4 \u2192 class 0
[2026-07-19 13:36:37,711] 39 root - INFO - [Attacker] Label flip: 31 samples class 4 \u2192 class 0
[2026-07-19 13:36:37,717] 39 root - INFO - [Attacker] Label flip: 22 samples class 4 \u2192 class 0
[2026-07-19 13:36:37,725] 39 root - INFO - [Attacker] Label flip: 40 samples class 4 \u2192 class 0
[2026-07-19 13:36:37,735] 39 root - INFO - [Attacker] Label flip: 29 samples class 4 \u2192 class 0
[2026-07-19 13:36:37,741] 39 root - INFO - [Attacker] Label flip: 31 samples class 4 \u2192 class 0
[2026-07-19 13:36:37,751] 39 root - INFO - [Attacker] Label flip: 30 samples class 4 \u2192 class 0
[2026-07-19 13:36:37,758] 39 root - INFO - [Attacker] Label flip: 40 samples class 4 \u2192 class 0
[2026-07-19 13:36:37,764] 39 root - INFO - [Attacker] Label flip: 24 samples class 4 \u2192 class 0
[2026-07-19 13:36:37,772] 39 root - INFO - [Attacker] Label flip: 34 samples class 4 \u2192 class 0
[2026-07-19 13:36:37,780] 39 root - INFO - [Attacker] Label flip: 26 samples class 4 \u2192 class 0
[2026-07-19 13:36:37,786] 39 root - INFO - [Attacker] Label flip: 25 samples class 4 \u2192 class 0
[2026-07-19 13:36:37,794] 39 root - INFO - [Attacker] Label flip: 21 samples class 4 \u2192 class 0
[2026-07-19 13:36:37,802] 39 root - INFO - [Attacker] Label flip: 32 samples class 4 \u2192 class 0
[2026-07-19 13:36:37,809] 39 root - INFO - [Attacker] Label flip: 27 samples class 4 \u2192 class 0
[2026-07-19 13:36:37,818] 39 root - INFO - [Attacker] Label flip: 20 samples class 4 \u2192 class 0
[2026-07-19 13:36:37,825] 39 root - INFO - [Attacker] Label flip: 31 samples class 4 \u2192 class 0
[2026-07-19 13:36:37,831] 39 root - INFO - [Attacker] Label flip: 26 samples class 4 \u2192 class 0
[2026-07-19 13:36:37,842] 39 root - INFO - [Attacker] Label flip: 23 samples class 4 \u2192 class 0
[2026-07-19 13:36:37,847] 39 root - INFO - [Attacker] Label flip: 31 samples class 4 \u2192 class 0
[2026-07-19 13:36:37,855] 39 root - INFO - [Attacker] Label flip: 22 samples class 4 \u2192 class 0
[2026-07-19 13:36:37,863] 39 root - INFO - [Attacker] Label flip: 34 samples class 4 \u2192 class 0
[2026-07-19 13:36:37,874] 39 root - INFO - [Attacker] Label flip: 29 samples class 4 \u2192 class 0
[2026-07-19 13:36:37,882] 39 root - INFO - [Attacker] Label flip: 23 samples class 4 \u2192 class 0
[2026-07-19 13:36:37,888] 39 root - INFO - [Attacker] Label flip: 27 samples class 4 \u2192 class 0
[2026-07-19 13:36:37,896] 39 root - INFO - [Attacker] Label flip: 29 samples class 4 \u2192 class 0
[2026-07-19 13:36:37,904] 39 root - INFO - [Attacker] Label flip: 39 samples class 4 \u2192 class 0
[2026-07-19 13:36:37,912] 39 root - INFO - [Attacker] Label flip: 27 samples class 4 \u2192 class 0
[2026-07-19 13:36:37,918] 39 root - INFO - [Attacker] Label flip: 26 samples class 4 \u2192 class 0
[2026-07-19 13:36:37,926] 39 root - INFO - [Attacker] Label flip: 35 samples class 4 \u2192 class 0
[2026-07-19 13:36:37,934] 39 root - INFO - [Attacker] Label flip: 26 samples class 4 \u2192 class 0
[2026-07-19 13:36:37,942] 39 root - INFO - [Attacker] Label flip: 24 samples class 4 \u2192 class 0
[2026-07-19 13:36:37,948] 39 root - INFO - [Attacker] Label flip: 27 samples class 4 \u2192 class 0
[2026-07-19 13:36:37,956] 39 root - INFO - [Attacker] Label flip: 31 samples class 4 \u2192 class 0
[2026-07-19 13:36:37,963] 39 root - INFO - [Attacker] Label flip: 25 samples class 4 \u2192 class 0
[2026-07-19 13:36:37,972] 39 root - INFO - [Attacker] Label flip: 30 samples class 4 \u2192 class 0
[2026-07-19 13:36:37,979] 39 root - INFO - [Attacker] Label flip: 20 samples class 4 \u2192 class 0
[2026-07-19 13:36:37,985] 39 root - INFO - [Attacker] Label flip: 35 samples class 4 \u2192 class 0
[2026-07-19 13:36:37,993] 39 root - INFO - [Attacker] Label flip: 33 samples class 4 \u2192 class 0
[2026-07-19 13:36:38,001] 39 root - INFO - [Attacker] Label flip: 42 samples class 4 \u2192 class 0
[2026-07-19 13:36:38,009] 39 root - INFO - [Attacker] Label flip: 34 samples class 4 \u2192 class 0
[2026-07-19 13:36:38,017] 39 root - INFO - [Attacker] Label flip: 22 samples class 4 \u2192 class 0
[2026-07-19 13:36:38,025] 39 root - INFO - [Attacker] Label flip: 29 samples class 4 \u2192 class 0
[2026-07-19 13:36:38,031] 39 root - INFO - [Attacker] Label flip: 24 samples class 4 \u2192 class 0
[2026-07-19 13:36:38,039] 39 root - INFO - [Attacker] Label flip: 26 samples class 4 \u2192 class 0
[2026-07-19 13:36:38,047] 39 root - INFO - [Attacker] Label flip: 18 samples class 4 \u2192 class 0
[2026-07-19 13:36:38,054] 39 root - INFO - [Attacker] Label flip: 36 samples class 4 \u2192 class 0
[2026-07-19 13:36:38,062] 39 root - INFO - [Attacker] Label flip: 28 samples class 4 \u2192 class 0
[2026-07-19 13:36:38,070] 39 root - INFO - [Attacker] Label flip: 30 samples class 4 \u2192 class 0
[2026-07-19 13:36:38,076] 39 root - INFO - [Attacker] Label flip: 27 samples class 4 \u2192 class 0
[2026-07-19 13:36:38,084] 39 root - INFO - [Attacker] Label flip: 23 samples class 4 \u2192 class 0
[2026-07-19 13:36:38,092] 39 root - INFO - [Attacker] Label flip: 22 samples class 4 \u2192 class 0
[2026-07-19 13:36:38,100] 39 root - INFO - [Attacker] Label flip: 37 samples class 4 \u2192 class 0
[2026-07-19 13:36:38,106] 39 root - INFO - [Attacker] Label flip: 30 samples class 4 \u2192 class 0
[2026-07-19 13:36:38,114] 39 root - INFO - [Attacker] Label flip: 31 samples class 4 \u2192 class 0
[2026-07-19 13:36:38,122] 39 root - INFO - [Attacker] Label flip: 28 samples class 4 \u2192 class 0
[2026-07-19 13:36:38,128] 39 root - INFO - [Attacker] Label flip: 30 samples class 4 \u2192 class 0
[2026-07-19 13:36:38,138] 39 root - INFO - [Attacker] Label flip: 33 samples class 4 \u2192 class 0
[2026-07-19 13:36:38,146] 39 root - INFO - [Attacker] Label flip: 30 samples class 4 \u2192 class 0
[2026-07-19 13:36:38,152] 39 root - INFO - [Attacker] Label flip: 28 samples class 4 \u2192 class 0
[2026-07-19 13:36:38,160] 39 root - INFO - [Attacker] Label flip: 29 samples class 4 \u2192 class 0
[2026-07-19 13:36:38,169] 39 root - INFO - [Attacker] Label flip: 31 samples class 4 \u2192 class 0
[2026-07-19 13:36:38,177] 39 root - INFO - [Attacker] Label flip: 34 samples class 4 \u2192 class 0
[2026-07-19 13:36:38,185] 39 root - INFO - [Attacker] Label flip: 34 samples class 4 \u2192 class 0
[2026-07-19 13:36:38,193] 39 root - INFO - [Attacker] Label flip: 31 samples class 4 \u2192 class 0
[2026-07-19 13:36:38,201] 39 root - INFO - [Attacker] Label flip: 31 samples class 4 \u2192 class 0
[2026-07-19 13:36:38,208] 39 root - INFO - [Attacker] Label flip: 32 samples class 4 \u2192 class 0
[2026-07-19 13:36:38,217] 39 root - INFO - [Attacker] Label flip: 23 samples class 4 \u2192 class 0
[2026-07-19 13:36:38,225] 39 root - INFO - [Attacker] Label flip: 36 samples class 4 \u2192 class 0
[2026-07-19 13:36:38,232] 39 root - INFO - [Attacker] Label flip: 26 samples class 4 \u2192 class 0
[2026-07-19 13:36:38,242] 39 root - INFO - [Attacker] Label flip: 29 samples class 4 \u2192 class 0
[2026-07-19 13:36:38,250] 39 root - INFO - [Attacker] Label flip: 30 samples class 4 \u2192 class 0
[2026-07-19 13:36:38,258] 39 root - INFO - [Attacker] Label flip: 31 samples class 4 \u2192 class 0
[2026-07-19 13:36:38,264] 39 root - INFO - [Attacker] Label flip: 32 samples class 4 \u2192 class 0
[2026-07-19 13:36:38,272] 39 root - INFO - [Attacker] Label flip: 25 samples class 4 \u2192 class 0
[2026-07-19 13:36:38,280] 39 root - INFO - [Attacker] Label flip: 29 samples class 4 \u2192 class 0
[2026-07-19 13:36:38,288] 39 root - INFO - [Attacker] Label flip: 38 samples class 4 \u2192 class 0
[2026-07-19 13:36:38,296] 39 root - INFO - [Attacker] Label flip: 31 samples class 4 \u2192 class 0
[2026-07-19 13:36:38,305] 39 root - INFO - [Attacker] Label flip: 25 samples class 4 \u2192 class 0
[2026-07-19 13:36:38,313] 39 root - INFO - [Attacker] Label flip: 32 samples class 4 \u2192 class 0
[2026-07-19 13:36:38,321] 39 root - INFO - [Attacker] Label flip: 26 samples class 4 \u2192 class 0
[2026-07-19 13:36:38,329] 39 root - INFO - [Attacker] Label flip: 22 samples class 4 \u2192 class 0
[2026-07-19 13:36:38,337] 39 root - INFO - [Attacker] Label flip: 20 samples class 4 \u2192 class 0
[2026-07-19 13:36:38,343] 39 root - INFO - [Attacker] Label flip: 30 samples class 4 \u2192 class 0
[2026-07-19 13:36:38,352] 39 root - INFO - [Attacker] Label flip: 34 samples class 4 \u2192 class 0
[2026-07-19 13:36:38,361] 39 root - INFO - [Attacker] Label flip: 19 samples class 4 \u2192 class 0
[2026-07-19 13:36:38,369] 39 root - INFO - [Attacker] Label flip: 35 samples class 4 \u2192 class 0
[2026-07-19 13:36:38,375] 39 root - INFO - [Attacker] Label flip: 29 samples class 4 \u2192 class 0
[2026-07-19 13:36:38,385] 39 root - INFO - [Attacker] Label flip: 30 samples class 4 \u2192 class 0
[2026-07-19 13:36:38,392] 39 root - INFO - [Attacker] Label flip: 34 samples class 4 \u2192 class 0
[2026-07-19 13:36:38,398] 39 root - INFO - [Attacker] Label flip: 33 samples class 4 \u2192 class 0
[2026-07-19 13:36:38,408] 39 root - INFO - [Attacker] Label flip: 35 samples class 4 \u2192 class 0
[2026-07-19 13:36:38,416] 39 root - INFO - [Attacker] Label flip: 25 samples class 4 \u2192 class 0
[2026-07-19 13:36:38,422] 39 root - INFO - [Attacker] Label flip: 32 samples class 4 \u2192 class 0
[2026-07-19 13:36:38,430] 39 root - INFO - [Attacker] Label flip: 31 samples class 4 \u2192 class 0
[2026-07-19 13:36:38,439] 39 root - INFO - [Attacker] Label flip: 25 samples class 4 \u2192 class 0
[2026-07-19 13:36:38,447] 39 root - INFO - [Attacker] Label flip: 37 samples class 4 \u2192 class 0
[2026-07-19 13:36:38,454] 39 root - INFO - [Attacker] Label flip: 25 samples class 4 \u2192 class 0
[2026-07-19 13:36:38,462] 39 root - INFO - [Attacker] Label flip: 37 samples class 4 \u2192 class 0
[2026-07-19 13:36:38,469] 39 root - INFO - [Attacker] Label flip: 28 samples class 4 \u2192 class 0
[2026-07-19 13:36:38,479] 39 root - INFO - [Attacker] Label flip: 26 samples class 4 \u2192 class 0
[2026-07-19 13:36:38,485] 39 root - INFO - [Attacker] Label flip: 35 samples class 4 \u2192 class 0
[2026-07-19 13:36:38,493] 39 root - INFO - [Attacker] Label flip: 27 samples class 4 \u2192 class 0
[2026-07-19 13:36:38,501] 39 root - INFO - [Attacker] Label flip: 32 samples class 4 \u2192 class 0
[2026-07-19 13:36:38,509] 39 root - INFO - [Attacker] Label flip: 21 samples class 4 \u2192 class 0
[2026-07-19 13:36:38,517] 39 root - INFO - [Attacker] Label flip: 20 samples class 4 \u2192 class 0
[2026-07-19 13:36:38,525] 39 root - INFO - [Attacker] Label flip: 26 samples class 4 \u2192 class 0
[2026-07-19 13:36:38,532] 39 root - INFO - [Attacker] Label flip: 27 samples class 4 \u2192 class 0
[2026-07-19 13:36:38,539] 39 root - INFO - [Attacker] Label flip: 28 samples class 4 \u2192 class 0
[2026-07-19 13:36:38,546] 39 root - INFO - [Attacker] Label flip: 32 samples class 4 \u2192 class 0
[2026-07-19 13:36:38,554] 39 root - INFO - [Attacker] Label flip: 27 samples class 4 \u2192 class 0
[2026-07-19 13:36:38,562] 39 root - INFO - [Attacker] Label flip: 29 samples class 4 \u2192 class 0
[2026-07-19 13:36:38,572] 39 root - INFO - [Attacker] Label flip: 38 samples class 4 \u2192 class 0
[2026-07-19 13:36:38,578] 39 root - INFO - [Attacker] Label flip: 23 samples class 4 \u2192 class 0
[2026-07-19 13:36:38,586] 39 root - INFO - [Attacker] Label flip: 24 samples class 4 \u2192 class 0
[2026-07-19 13:36:38,594] 39 root - INFO - [Attacker] Label flip: 28 samples class 4 \u2192 class 0
[2026-07-19 13:36:38,602] 39 root - INFO - [Attacker] Label flip: 29 samples class 4 \u2192 class 0
[2026-07-19 13:36:38,610] 39 root - INFO - [Attacker] Label flip: 36 samples class 4 \u2192 class 0
[2026-07-19 13:36:38,618] 39 root - INFO - [Attacker] Label flip: 31 samples class 4 \u2192 class 0
[2026-07-19 13:36:38,626] 39 root - INFO - [Attacker] Label flip: 24 samples class 4 \u2192 class 0
[2026-07-19 13:36:38,632] 39 root - INFO - [Attacker] Label flip: 28 samples class 4 \u2192 class 0
[2026-07-19 13:36:38,641] 39 root - INFO - [Attacker] Label flip: 31 samples class 4 \u2192 class 0
[2026-07-19 13:36:38,647] 39 root - INFO - [Attacker] Label flip: 30 samples class 4 \u2192 class 0
[2026-07-19 13:36:38,657] 39 root - INFO - [Attacker] Label flip: 27 samples class 4 \u2192 class 0
[2026-07-19 13:36:38,663] 39 root - INFO - [Attacker] Label flip: 25 samples class 4 \u2192 class 0
[2026-07-19 13:36:38,673] 39 root - INFO - [Attacker] Label flip: 28 samples class 4 \u2192 class 0
[2026-07-19 13:36:38,679] 39 root - INFO - [Attacker] Label flip: 27 samples class 4 \u2192 class 0
[2026-07-19 13:36:38,687] 39 root - INFO - [Attacker] Label flip: 25 samples class 4 \u2192 class 0
[2026-07-19 13:36:38,695] 39 root - INFO - [Attacker] Label flip: 25 samples class 4 \u2192 class 0
[2026-07-19 13:36:38,705] 39 root - INFO - [Attacker] Label flip: 30 samples class 4 \u2192 class 0
[2026-07-19 13:36:38,713] 39 root - INFO - [Attacker] Label flip: 28 samples class 4 \u2192 class 0
[2026-07-19 13:36:38,721] 39 root - INFO - [Attacker] Label flip: 30 samples class 4 \u2192 class 0
[2026-07-19 13:36:38,729] 39 root - INFO - [Attacker] Label flip: 25 samples class 4 \u2192 class 0
[2026-07-19 13:36:38,737] 39 root - INFO - [Attacker] Label flip: 29 samples class 4 \u2192 class 0
[2026-07-19 13:36:38,747] 39 root - INFO - [Attacker] Label flip: 29 samples class 4 \u2192 class 0
[2026-07-19 13:36:38,754] 39 root - INFO - [Attacker] Label flip: 22 samples class 4 \u2192 class 0
[2026-07-19 13:36:38,762] 39 root - INFO - [Attacker] Label flip: 28 samples class 4 \u2192 class 0
[2026-07-19 13:36:38,770] 39 root - INFO - [Attacker] Label flip: 20 samples class 4 \u2192 class 0
[2026-07-19 13:36:38,778] 39 root - INFO - [Attacker] Label flip: 32 samples class 4 \u2192 class 0
[2026-07-19 13:36:38,784] 39 root - INFO - [Attacker] Label flip: 32 samples class 4 \u2192 class 0
[2026-07-19 13:36:38,792] 39 root - INFO - [Attacker] Label flip: 20 samples class 4 \u2192 class 0
[2026-07-19 13:36:38,800] 39 root - INFO - [Attacker] Label flip: 31 samples class 4 \u2192 class 0
[2026-07-19 13:36:38,807] 39 root - INFO - [Attacker] Label flip: 28 samples class 4 \u2192 class 0
[2026-07-19 13:36:38,826] 268 flwr - WARNING - DEPRECATED FEATURE: `client_fn` now expects a signature `def client_fn(context: Context)`.The provided `client_fn` has signature: {'cid': <Parameter "cid: str">}. You can import the `Context` like this: `from flwr.common import Context`

            This is a deprecated feature. It will be removed
            entirely in future versions of Flower.
        
[2026-07-19 13:36:44,514] 268 flwr - WARNING - DEPRECATED FEATURE: `client_fn` now expects a signature `def client_fn(context: Context)`.The provided `client_fn` has signature: {'cid': <Parameter "cid: str">}. You can import the `Context` like this: `from flwr.common import Context`

            This is a deprecated feature. It will be removed
            entirely in future versions of Flower.
        
[2026-07-19 13:36:48,658] 268 flwr - WARNING - DEPRECATED FEATURE: `client_fn` now expects a signature `def client_fn(context: Context)`.The provided `client_fn` has signature: {'cid': <Parameter "cid: str">}. You can import the `Context` like this: `from flwr.common import Context`

            This is a deprecated feature. It will be removed
            entirely in future versions of Flower.
        
[2026-07-19 13:36:57,537] 268 flwr - WARNING - DEPRECATED FEATURE: `client_fn` now expects a signature `def client_fn(context: Context)`.The provided `client_fn` has signature: {'cid': <Parameter "cid: str">}. You can import the `Context` like this: `from flwr.common import Context`

            This is a deprecated feature. It will be removed
            entirely in future versions of Flower.
        
[2026-07-19 13:37:13,247] 268 flwr - WARNING - DEPRECATED FEATURE: `client_fn` now expects a signature `def client_fn(context: Context)`.The provided `client_fn` has signature: {'cid': <Parameter "cid: str">}. You can import the `Context` like this: `from flwr.common import Context`

            This is a deprecated feature. It will be removed
            entirely in future versions of Flower.
        
[2026-07-19 13:38:39,722] 268 flwr - WARNING - DEPRECATED FEATURE: `client_fn` now expects a signature `def client_fn(context: Context)`.The provided `client_fn` has signature: {'cid': <Parameter "cid: str">}. You can import the `Context` like this: `from flwr.common import Context`

            This is a deprecated feature. It will be removed
            entirely in future versions of Flower.
        
[2026-07-19 13:38:39,725] 268 flwr - WARNING - DEPRECATED FEATURE: `client_fn` now expects a signature `def client_fn(context: Context)`.The provided `client_fn` has signature: {'cid': <Parameter "cid: str">}. You can import the `Context` like this: `from flwr.common import Context`

            This is a deprecated feature. It will be removed
            entirely in future versions of Flower.
        
[2026-07-19 13:38:39,729] 268 flwr - WARNING - DEPRECATED FEATURE: `client_fn` now expects a signature `def client_fn(context: Context)`.The provided `client_fn` has signature: {'cid': <Parameter "cid: str">}. You can import the `Context` like this: `from flwr.common import Context`

            This is a deprecated feature. It will be removed
            entirely in future versions of Flower.
        
[2026-07-19 13:38:39,733] 268 flwr - WARNING - DEPRECATED FEATURE: `client_fn` now expects a signature `def client_fn(context: Context)`.The provided `client_fn` has signature: {'cid': <Parameter "cid: str">}. You can import the `Context` like this: `from flwr.common import Context`

            This is a deprecated feature. It will be removed
            entirely in future versions of Flower.
        
[2026-07-19 13:38:39,863] 268 flwr - WARNING - DEPRECATED FEATURE: `client_fn` now expects a signature `def client_fn(context: Context)`.The provided `client_fn` has signature: {'cid': <Parameter "cid: str">}. You can import the `Context` like this: `from flwr.common import Context`

            This is a deprecated feature. It will be removed
            entirely in future versions of Flower.
        
[2026-07-19 13:38:39,913] 268 flwr - WARNING - DEPRECATED FEATURE: `client_fn` now expects a signature `def client_fn(context: Context)`.The provided `client_fn` has signature: {'cid': <Parameter "cid: str">}. You can import the `Context` like this: `from flwr.common import Context`

            This is a deprecated feature. It will be removed
            entirely in future versions of Flower.
        
[2026-07-19 13:38:39,955] 268 flwr - WARNING - DEPRECATED FEATURE: `client_fn` now expects a signature `def client_fn(context: Context)`.The provided `client_fn` has signature: {'cid': <Parameter "cid: str">}. You can import the `Context` like this: `from flwr.common import Context`

            This is a deprecated feature. It will be removed
            entirely in future versions of Flower.
        
[2026-07-19 13:38:39,970] 268 flwr - WARNING - DEPRECATED FEATURE: `client_fn` now expects a signature `def client_fn(context: Context)`.The provided `client_fn` has signature: {'cid': <Parameter "cid: str">}. You can import the `Context` like this: `from flwr.common import Context`

            This is a deprecated feature. It will be removed
            entirely in future versions of Flower.
        
[2026-07-19 13:38:40,825] 268 flwr - WARNING - DEPRECATED FEATURE: `client_fn` now expects a signature `def client_fn(context: Context)`.The provided `client_fn` has signature: {'cid': <Parameter "cid: str">}. You can import the `Context` like this: `from flwr.common import Context`

            This is a deprecated feature. It will be removed
            entirely in future versions of Flower.
        
[2026-07-19 13:38:41,244] 268 flwr - WARNING - DEPRECATED FEATURE: `client_fn` now expects a signature `def client_fn(context: Context)`.The provided `client_fn` has signature: {'cid': <Parameter "cid: str">}. You can import the `Context` like this: `from flwr.common import Context`

            This is a deprecated feature. It will be removed
            entirely in future versions of Flower.
        
[2026-07-19 13:38:41,246] 268 flwr - WARNING - DEPRECATED FEATURE: `client_fn` now expects a signature `def client_fn(context: Context)`.The provided `client_fn` has signature: {'cid': <Parameter "cid: str">}. You can import the `Context` like this: `from flwr.common import Context`

            This is a deprecated feature. It will be removed
            entirely in future versions of Flower.
        
[2026-07-19 13:38:41,252] 268 flwr - WARNING - DEPRECATED FEATURE: `client_fn` now expects a signature `def client_fn(context: Context)`.The provided `client_fn` has signature: {'cid': <Parameter "cid: str">}. You can import the `Context` like this: `from flwr.common import Context`

            This is a deprecated feature. It will be removed
            entirely in future versions of Flower.
        
[2026-07-19 13:38:41,469] 268 flwr - WARNING - DEPRECATED FEATURE: `client_fn` now expects a signature `def client_fn(context: Context)`.The provided `client_fn` has signature: {'cid': <Parameter "cid: str">}. You can import the `Context` like this: `from flwr.common import Context`

            This is a deprecated feature. It will be removed
            entirely in future versions of Flower.
        
[2026-07-19 13:38:41,527] 268 flwr - WARNING - DEPRECATED FEATURE: `client_fn` now expects a signature `def client_fn(context: Context)`.The provided `client_fn` has signature: {'cid': <Parameter "cid: str">}. You can import the `Context` like this: `from flwr.common import Context`

            This is a deprecated feature. It will be removed
            entirely in future versions of Flower.
        
[2026-07-19 13:38:45,542] 268 flwr - WARNING - DEPRECATED FEATURE: `client_fn` now expects a signature `def client_fn(context: Context)`.The provided `client_fn` has signature: {'cid': <Parameter "cid: str">}. You can import the `Context` like this: `from flwr.common import Context`

            This is a deprecated feature. It will be removed
            entirely in future versions of Flower.
        
[2026-07-19 13:38:45,546] 268 flwr - WARNING - DEPRECATED FEATURE: `client_fn` now expects a signature `def client_fn(context: Context)`.The provided `client_fn` has signature: {'cid': <Parameter "cid: str">}. You can import the `Context` like this: `from flwr.common import Context`

            This is a deprecated feature. It will be removed
            entirely in future versions of Flower.
        
[2026-07-19 13:38:45,548] 268 flwr - WARNING - DEPRECATED FEATURE: `client_fn` now expects a signature `def client_fn(context: Context)`.The provided `client_fn` has signature: {'cid': <Parameter "cid: str">}. You can import the `Context` like this: `from flwr.common import Context`

            This is a deprecated feature. It will be removed
            entirely in future versions of Flower.
        
[2026-07-19 13:38:45,553] 268 flwr - WARNING - DEPRECATED FEATURE: `client_fn` now expects a signature `def client_fn(context: Context)`.The provided `client_fn` has signature: {'cid': <Parameter "cid: str">}. You can import the `Context` like this: `from flwr.common import Context`

            This is a deprecated feature. It will be removed
            entirely in future versions of Flower.
        
[2026-07-19 13:38:46,393] 268 flwr - WARNING - DEPRECATED FEATURE: `client_fn` now expects a signature `def client_fn(context: Context)`.The provided `client_fn` has signature: {'cid': <Parameter "cid: str">}. You can import the `Context` like this: `from flwr.common import Context`

            This is a deprecated feature. It will be removed
            entirely in future versions of Flower.
        
[2026-07-19 13:38:50,660] 268 flwr - WARNING - DEPRECATED FEATURE: `client_fn` now expects a signature `def client_fn(context: Context)`.The provided `client_fn` has signature: {'cid': <Parameter "cid: str">}. You can import the `Context` like this: `from flwr.common import Context`

            This is a deprecated feature. It will be removed
            entirely in future versions of Flower.
        
[2026-07-19 13:38:57,931] 268 flwr - WARNING - DEPRECATED FEATURE: `client_fn` now expects a signature `def client_fn(context: Context)`.The provided `client_fn` has signature: {'cid': <Parameter "cid: str">}. You can import the `Context` like this: `from flwr.common import Context`

            This is a deprecated feature. It will be removed
            entirely in future versions of Flower.
        
[2026-07-19 13:39:14,551] 268 flwr - WARNING - DEPRECATED FEATURE: `client_fn` now expects a signature `def client_fn(context: Context)`.The provided `client_fn` has signature: {'cid': <Parameter "cid: str">}. You can import the `Context` like this: `from flwr.common import Context`

            This is a deprecated feature. It will be removed
            entirely in future versions of Flower.
        
[2026-07-19 13:39:19,590] 268 flwr - WARNING - DEPRECATED FEATURE: `client_fn` now expects a signature `def client_fn(context: Context)`.The provided `client_fn` has signature: {'cid': <Parameter "cid: str">}. You can import the `Context` like this: `from flwr.common import Context`

            This is a deprecated feature. It will be removed
            entirely in future versions of Flower.
        
[2026-07-19 13:39:21,127] 268 flwr - WARNING - DEPRECATED FEATURE: `client_fn` now expects a signature `def client_fn(context: Context)`.The provided `client_fn` has signature: {'cid': <Parameter "cid: str">}. You can import the `Context` like this: `from flwr.common import Context`

            This is a deprecated feature. It will be removed
            entirely in future versions of Flower.
        
[2026-07-19 13:39:21,686] 268 flwr - WARNING - DEPRECATED FEATURE: `client_fn` now expects a signature `def client_fn(context: Context)`.The provided `client_fn` has signature: {'cid': <Parameter "cid: str">}. You can import the `Context` like this: `from flwr.common import Context`

            This is a deprecated feature. It will be removed
            entirely in future versions of Flower.
        
[2026-07-19 13:39:23,050] 39 root - INFO - [Attacker] Label flip: 9 samples class 4 \u2192 class 0
[2026-07-19 13:39:23,060] 39 root - INFO - [Attacker] Label flip: 13 samples class 4 \u2192 class 0
[2026-07-19 13:39:23,068] 39 root - INFO - [Attacker] Label flip: 16 samples class 4 \u2192 class 0
[2026-07-19 13:39:23,074] 39 root - INFO - [Attacker] Label flip: 17 samples class 4 \u2192 class 0
[2026-07-19 13:39:23,082] 39 root - INFO - [Attacker] Label flip: 16 samples class 4 \u2192 class 0
[2026-07-19 13:39:23,090] 39 root - INFO - [Attacker] Label flip: 11 samples class 4 \u2192 class 0
[2026-07-19 13:39:23,100] 39 root - INFO - [Attacker] Label flip: 8 samples class 4 \u2192 class 0
[2026-07-19 13:39:23,108] 39 root - INFO - [Attacker] Label flip: 11 samples class 4 \u2192 class 0
[2026-07-19 13:39:23,116] 39 root - INFO - [Attacker] Label flip: 10 samples class 4 \u2192 class 0
[2026-07-19 13:39:23,124] 39 root - INFO - [Attacker] Label flip: 13 samples class 4 \u2192 class 0
[2026-07-19 13:39:23,132] 39 root - INFO - [Attacker] Label flip: 19 samples class 4 \u2192 class 0
[2026-07-19 13:39:23,140] 39 root - INFO - [Attacker] Label flip: 17 samples class 4 \u2192 class 0
[2026-07-19 13:39:23,148] 39 root - INFO - [Attacker] Label flip: 12 samples class 4 \u2192 class 0
[2026-07-19 13:39:23,156] 39 root - INFO - [Attacker] Label flip: 19 samples class 4 \u2192 class 0
[2026-07-19 13:39:23,165] 39 root - INFO - [Attacker] Label flip: 12 samples class 4 \u2192 class 0
[2026-07-19 13:39:23,173] 39 root - INFO - [Attacker] Label flip: 11 samples class 4 \u2192 class 0
[2026-07-19 13:39:23,181] 39 root - INFO - [Attacker] Label flip: 11 samples class 4 \u2192 class 0
[2026-07-19 13:39:23,189] 39 root - INFO - [Attacker] Label flip: 10 samples class 4 \u2192 class 0
[2026-07-19 13:39:23,198] 39 root - INFO - [Attacker] Label flip: 12 samples class 4 \u2192 class 0
[2026-07-19 13:39:23,206] 39 root - INFO - [Attacker] Label flip: 10 samples class 4 \u2192 class 0
[2026-07-19 13:39:23,214] 39 root - INFO - [Attacker] Label flip: 18 samples class 4 \u2192 class 0
[2026-07-19 13:39:23,221] 39 root - INFO - [Attacker] Label flip: 6 samples class 4 \u2192 class 0
[2026-07-19 13:39:23,230] 39 root - INFO - [Attacker] Label flip: 14 samples class 4 \u2192 class 0
[2026-07-19 13:39:23,264] 39 root - INFO - [Attacker] Label flip: 14 samples class 4 \u2192 class 0
[2026-07-19 13:39:23,272] 39 root - INFO - [Attacker] Label flip: 12 samples class 4 \u2192 class 0
[2026-07-19 13:39:23,280] 39 root - INFO - [Attacker] Label flip: 11 samples class 4 \u2192 class 0
[2026-07-19 13:39:23,288] 39 root - INFO - [Attacker] Label flip: 18 samples class 4 \u2192 class 0
[2026-07-19 13:39:23,299] 39 root - INFO - [Attacker] Label flip: 11 samples class 4 \u2192 class 0
[2026-07-19 13:39:23,307] 39 root - INFO - [Attacker] Label flip: 14 samples class 4 \u2192 class 0
[2026-07-19 13:39:23,315] 39 root - INFO - [Attacker] Label flip: 16 samples class 4 \u2192 class 0
[2026-07-19 13:39:23,323] 39 root - INFO - [Attacker] Label flip: 8 samples class 4 \u2192 class 0
[2026-07-19 13:39:23,333] 39 root - INFO - [Attacker] Label flip: 17 samples class 4 \u2192 class 0
[2026-07-19 13:39:23,341] 39 root - INFO - [Attacker] Label flip: 11 samples class 4 \u2192 class 0
[2026-07-19 13:39:23,349] 39 root - INFO - [Attacker] Label flip: 12 samples class 4 \u2192 class 0
[2026-07-19 13:39:23,357] 39 root - INFO - [Attacker] Label flip: 18 samples class 4 \u2192 class 0
[2026-07-19 13:39:23,367] 39 root - INFO - [Attacker] Label flip: 15 samples class 4 \u2192 class 0
[2026-07-19 13:39:23,374] 39 root - INFO - [Attacker] Label flip: 12 samples class 4 \u2192 class 0
[2026-07-19 13:39:23,382] 39 root - INFO - [Attacker] Label flip: 18 samples class 4 \u2192 class 0
[2026-07-19 13:39:23,388] 39 root - INFO - [Attacker] Label flip: 8 samples class 4 \u2192 class 0
[2026-07-19 13:39:23,398] 39 root - INFO - [Attacker] Label flip: 14 samples class 4 \u2192 class 0
[2026-07-19 13:39:23,406] 39 root - INFO - [Attacker] Label flip: 12 samples class 4 \u2192 class 0
[2026-07-19 13:39:23,414] 39 root - INFO - [Attacker] Label flip: 15 samples class 4 \u2192 class 0
[2026-07-19 13:39:23,422] 39 root - INFO - [Attacker] Label flip: 8 samples class 4 \u2192 class 0
[2026-07-19 13:39:23,432] 39 root - INFO - [Attacker] Label flip: 11 samples class 4 \u2192 class 0
[2026-07-19 13:39:23,438] 39 root - INFO - [Attacker] Label flip: 14 samples class 4 \u2192 class 0
[2026-07-19 13:39:23,446] 39 root - INFO - [Attacker] Label flip: 14 samples class 4 \u2192 class 0
[2026-07-19 13:39:23,453] 39 root - INFO - [Attacker] Label flip: 7 samples class 4 \u2192 class 0
[2026-07-19 13:39:23,463] 39 root - INFO - [Attacker] Label flip: 11 samples class 4 \u2192 class 0
[2026-07-19 13:39:23,471] 39 root - INFO - [Attacker] Label flip: 17 samples class 4 \u2192 class 0
[2026-07-19 13:39:23,479] 39 root - INFO - [Attacker] Label flip: 16 samples class 4 \u2192 class 0
[2026-07-19 13:39:23,487] 39 root - INFO - [Attacker] Label flip: 7 samples class 4 \u2192 class 0
[2026-07-19 13:39:23,495] 39 root - INFO - [Attacker] Label flip: 6 samples class 4 \u2192 class 0
[2026-07-19 13:39:23,505] 39 root - INFO - [Attacker] Label flip: 15 samples class 4 \u2192 class 0
[2026-07-19 13:39:23,513] 39 root - INFO - [Attacker] Label flip: 11 samples class 4 \u2192 class 0
[2026-07-19 13:39:23,521] 39 root - INFO - [Attacker] Label flip: 8 samples class 4 \u2192 class 0
[2026-07-19 13:39:23,528] 39 root - INFO - [Attacker] Label flip: 17 samples class 4 \u2192 class 0
[2026-07-19 13:39:23,536] 39 root - INFO - [Attacker] Label flip: 16 samples class 4 \u2192 class 0
[2026-07-19 13:39:23,544] 39 root - INFO - [Attacker] Label flip: 11 samples class 4 \u2192 class 0
[2026-07-19 13:39:23,552] 39 root - INFO - [Attacker] Label flip: 14 samples class 4 \u2192 class 0
[2026-07-19 13:39:23,558] 39 root - INFO - [Attacker] Label flip: 14 samples class 4 \u2192 class 0
[2026-07-19 13:39:23,568] 39 root - INFO - [Attacker] Label flip: 10 samples class 4 \u2192 class 0
[2026-07-19 13:39:23,576] 39 root - INFO - [Attacker] Label flip: 12 samples class 4 \u2192 class 0
[2026-07-19 13:39:23,582] 39 root - INFO - [Attacker] Label flip: 15 samples class 4 \u2192 class 0
[2026-07-19 13:39:23,592] 39 root - INFO - [Attacker] Label flip: 12 samples class 4 \u2192 class 0
[2026-07-19 13:39:23,598] 39 root - INFO - [Attacker] Label flip: 11 samples class 4 \u2192 class 0
[2026-07-19 13:39:23,606] 39 root - INFO - [Attacker] Label flip: 18 samples class 4 \u2192 class 0
[2026-07-19 13:39:23,614] 39 root - INFO - [Attacker] Label flip: 16 samples class 4 \u2192 class 0
[2026-07-19 13:39:23,621] 39 root - INFO - [Attacker] Label flip: 8 samples class 4 \u2192 class 0
[2026-07-19 13:39:23,632] 39 root - INFO - [Attacker] Label flip: 9 samples class 4 \u2192 class 0
[2026-07-19 13:39:23,639] 39 root - INFO - [Attacker] Label flip: 6 samples class 4 \u2192 class 0
[2026-07-19 13:39:23,647] 39 root - INFO - [Attacker] Label flip: 16 samples class 4 \u2192 class 0
[2026-07-19 13:39:23,655] 39 root - INFO - [Attacker] Label flip: 9 samples class 4 \u2192 class 0
[2026-07-19 13:39:23,663] 39 root - INFO - [Attacker] Label flip: 13 samples class 4 \u2192 class 0
[2026-07-19 13:39:23,671] 39 root - INFO - [Attacker] Label flip: 8 samples class 4 \u2192 class 0
[2026-07-19 13:39:23,677] 39 root - INFO - [Attacker] Label flip: 17 samples class 4 \u2192 class 0
[2026-07-19 13:39:23,685] 39 root - INFO - [Attacker] Label flip: 10 samples class 4 \u2192 class 0
[2026-07-19 13:39:23,695] 39 root - INFO - [Attacker] Label flip: 14 samples class 4 \u2192 class 0
[2026-07-19 13:39:23,703] 39 root - INFO - [Attacker] Label flip: 8 samples class 4 \u2192 class 0
[2026-07-19 13:39:23,711] 39 root - INFO - [Attacker] Label flip: 8 samples class 4 \u2192 class 0
[2026-07-19 13:39:23,718] 39 root - INFO - [Attacker] Label flip: 11 samples class 4 \u2192 class 0
[2026-07-19 13:39:23,724] 39 root - INFO - [Attacker] Label flip: 18 samples class 4 \u2192 class 0
[2026-07-19 13:39:23,733] 39 root - INFO - [Attacker] Label flip: 11 samples class 4 \u2192 class 0
[2026-07-19 13:39:23,741] 39 root - INFO - [Attacker] Label flip: 18 samples class 4 \u2192 class 0
[2026-07-19 13:39:23,748] 39 root - INFO - [Attacker] Label flip: 15 samples class 4 \u2192 class 0
[2026-07-19 13:39:23,756] 39 root - INFO - [Attacker] Label flip: 10 samples class 4 \u2192 class 0
[2026-07-19 13:39:23,766] 39 root - INFO - [Attacker] Label flip: 12 samples class 4 \u2192 class 0
[2026-07-19 13:39:23,774] 39 root - INFO - [Attacker] Label flip: 17 samples class 4 \u2192 class 0
[2026-07-19 13:39:23,781] 39 root - INFO - [Attacker] Label flip: 15 samples class 4 \u2192 class 0
[2026-07-19 13:39:23,789] 39 root - INFO - [Attacker] Label flip: 19 samples class 4 \u2192 class 0
[2026-07-19 13:39:23,799] 39 root - INFO - [Attacker] Label flip: 13 samples class 4 \u2192 class 0
[2026-07-19 13:39:23,807] 39 root - INFO - [Attacker] Label flip: 16 samples class 4 \u2192 class 0
[2026-07-19 13:39:23,817] 39 root - INFO - [Attacker] Label flip: 8 samples class 4 \u2192 class 0
[2026-07-19 13:39:23,825] 39 root - INFO - [Attacker] Label flip: 13 samples class 4 \u2192 class 0
[2026-07-19 13:39:23,834] 39 root - INFO - [Attacker] Label flip: 12 samples class 4 \u2192 class 0
[2026-07-19 13:39:23,842] 39 root - INFO - [Attacker] Label flip: 9 samples class 4 \u2192 class 0
[2026-07-19 13:39:23,850] 39 root - INFO - [Attacker] Label flip: 8 samples class 4 \u2192 class 0
[2026-07-19 13:39:23,860] 39 root - INFO - [Attacker] Label flip: 12 samples class 4 \u2192 class 0
[2026-07-19 13:39:23,868] 39 root - INFO - [Attacker] Label flip: 12 samples class 4 \u2192 class 0
[2026-07-19 13:39:23,876] 39 root - INFO - [Attacker] Label flip: 14 samples class 4 \u2192 class 0
[2026-07-19 13:39:23,886] 39 root - INFO - [Attacker] Label flip: 16 samples class 4 \u2192 class 0
[2026-07-19 13:39:23,894] 39 root - INFO - [Attacker] Label flip: 18 samples class 4 \u2192 class 0
[2026-07-19 13:39:23,901] 39 root - INFO - [Attacker] Label flip: 14 samples class 4 \u2192 class 0
[2026-07-19 13:39:23,909] 39 root - INFO - [Attacker] Label flip: 12 samples class 4 \u2192 class 0
[2026-07-19 13:39:23,917] 39 root - INFO - [Attacker] Label flip: 12 samples class 4 \u2192 class 0
[2026-07-19 13:39:23,925] 39 root - INFO - [Attacker] Label flip: 12 samples class 4 \u2192 class 0
[2026-07-19 13:39:23,935] 39 root - INFO - [Attacker] Label flip: 10 samples class 4 \u2192 class 0
[2026-07-19 13:39:23,943] 39 root - INFO - [Attacker] Label flip: 12 samples class 4 \u2192 class 0
[2026-07-19 13:39:23,951] 39 root - INFO - [Attacker] Label flip: 7 samples class 4 \u2192 class 0
[2026-07-19 13:39:23,957] 39 root - INFO - [Attacker] Label flip: 7 samples class 4 \u2192 class 0
[2026-07-19 13:39:23,966] 39 root - INFO - [Attacker] Label flip: 10 samples class 4 \u2192 class 0
[2026-07-19 13:39:23,974] 39 root - INFO - [Attacker] Label flip: 11 samples class 4 \u2192 class 0
[2026-07-19 13:39:23,982] 39 root - INFO - [Attacker] Label flip: 22 samples class 4 \u2192 class 0
[2026-07-19 13:39:23,990] 39 root - INFO - [Attacker] Label flip: 15 samples class 4 \u2192 class 0
[2026-07-19 13:39:23,998] 39 root - INFO - [Attacker] Label flip: 15 samples class 4 \u2192 class 0
[2026-07-19 13:39:24,006] 39 root - INFO - [Attacker] Label flip: 14 samples class 4 \u2192 class 0
[2026-07-19 13:39:24,014] 39 root - INFO - [Attacker] Label flip: 17 samples class 4 \u2192 class 0
[2026-07-19 13:39:24,020] 39 root - INFO - [Attacker] Label flip: 14 samples class 4 \u2192 class 0
[2026-07-19 13:39:24,030] 39 root - INFO - [Attacker] Label flip: 11 samples class 4 \u2192 class 0
[2026-07-19 13:39:24,038] 39 root - INFO - [Attacker] Label flip: 11 samples class 4 \u2192 class 0
[2026-07-19 13:39:24,045] 39 root - INFO - [Attacker] Label flip: 8 samples class 4 \u2192 class 0
[2026-07-19 13:39:24,053] 39 root - INFO - [Attacker] Label flip: 15 samples class 4 \u2192 class 0
[2026-07-19 13:39:24,061] 39 root - INFO - [Attacker] Label flip: 11 samples class 4 \u2192 class 0
[2026-07-19 13:39:24,069] 39 root - INFO - [Attacker] Label flip: 15 samples class 4 \u2192 class 0
[2026-07-19 13:39:24,077] 39 root - INFO - [Attacker] Label flip: 7 samples class 4 \u2192 class 0
[2026-07-19 13:39:24,085] 39 root - INFO - [Attacker] Label flip: 9 samples class 4 \u2192 class 0
[2026-07-19 13:39:24,093] 39 root - INFO - [Attacker] Label flip: 9 samples class 4 \u2192 class 0
[2026-07-19 13:39:24,103] 39 root - INFO - [Attacker] Label flip: 15 samples class 4 \u2192 class 0
[2026-07-19 13:39:24,110] 39 root - INFO - [Attacker] Label flip: 11 samples class 4 \u2192 class 0
[2026-07-19 13:39:24,118] 39 root - INFO - [Attacker] Label flip: 13 samples class 4 \u2192 class 0
[2026-07-19 13:39:24,126] 39 root - INFO - [Attacker] Label flip: 13 samples class 4 \u2192 class 0
[2026-07-19 13:39:24,136] 39 root - INFO - [Attacker] Label flip: 17 samples class 4 \u2192 class 0
[2026-07-19 13:39:24,144] 39 root - INFO - [Attacker] Label flip: 25 samples class 4 \u2192 class 0
[2026-07-19 13:39:24,152] 39 root - INFO - [Attacker] Label flip: 4 samples class 4 \u2192 class 0
[2026-07-19 13:39:24,158] 39 root - INFO - [Attacker] Label flip: 13 samples class 4 \u2192 class 0
[2026-07-19 13:39:24,166] 39 root - INFO - [Attacker] Label flip: 12 samples class 4 \u2192 class 0
[2026-07-19 13:39:24,174] 39 root - INFO - [Attacker] Label flip: 15 samples class 4 \u2192 class 0
[2026-07-19 13:39:24,182] 39 root - INFO - [Attacker] Label flip: 8 samples class 4 \u2192 class 0
[2026-07-19 13:39:24,189] 39 root - INFO - [Attacker] Label flip: 15 samples class 4 \u2192 class 0
[2026-07-19 13:39:24,197] 39 root - INFO - [Attacker] Label flip: 11 samples class 4 \u2192 class 0
[2026-07-19 13:39:24,205] 39 root - INFO - [Attacker] Label flip: 11 samples class 4 \u2192 class 0
[2026-07-19 13:39:24,213] 39 root - INFO - [Attacker] Label flip: 12 samples class 4 \u2192 class 0
[2026-07-19 13:39:24,221] 39 root - INFO - [Attacker] Label flip: 12 samples class 4 \u2192 class 0
[2026-07-19 13:39:24,233] 39 root - INFO - [Attacker] Label flip: 14 samples class 4 \u2192 class 0
[2026-07-19 13:39:24,241] 39 root - INFO - [Attacker] Label flip: 16 samples class 4 \u2192 class 0
[2026-07-19 13:39:24,247] 39 root - INFO - [Attacker] Label flip: 16 samples class 4 \u2192 class 0
[2026-07-19 13:39:24,254] 39 root - INFO - [Attacker] Label flip: 12 samples class 4 \u2192 class 0
[2026-07-19 13:39:24,282] 39 root - INFO - [Attacker] Label flip: 7 samples class 4 \u2192 class 0
[2026-07-19 13:39:24,289] 39 root - INFO - [Attacker] Label flip: 13 samples class 4 \u2192 class 0
[2026-07-19 13:39:24,297] 39 root - INFO - [Attacker] Label flip: 13 samples class 4 \u2192 class 0
[2026-07-19 13:39:24,305] 39 root - INFO - [Attacker] Label flip: 16 samples class 4 \u2192 class 0
[2026-07-19 13:39:24,321] 39 root - INFO - [Attacker] Label flip: 10 samples class 4 \u2192 class 0
[2026-07-19 13:39:24,329] 39 root - INFO - [Attacker] Label flip: 13 samples class 4 \u2192 class 0
[2026-07-19 13:39:24,337] 39 root - INFO - [Attacker] Label flip: 13 samples class 4 \u2192 class 0
[2026-07-19 13:39:24,345] 39 root - INFO - [Attacker] Label flip: 9 samples class 4 \u2192 class 0
[2026-07-19 13:39:24,353] 39 root - INFO - [Attacker] Label flip: 10 samples class 4 \u2192 class 0
[2026-07-19 13:39:24,363] 39 root - INFO - [Attacker] Label flip: 12 samples class 4 \u2192 class 0
[2026-07-19 13:39:24,370] 39 root - INFO - [Attacker] Label flip: 16 samples class 4 \u2192 class 0
[2026-07-19 13:39:24,378] 39 root - INFO - [Attacker] Label flip: 13 samples class 4 \u2192 class 0
[2026-07-19 13:39:24,386] 39 root - INFO - [Attacker] Label flip: 8 samples class 4 \u2192 class 0
[2026-07-19 13:39:24,394] 39 root - INFO - [Attacker] Label flip: 13 samples class 4 \u2192 class 0
[2026-07-19 13:39:24,402] 39 root - INFO - [Attacker] Label flip: 12 samples class 4 \u2192 class 0
[2026-07-19 13:39:24,410] 39 root - INFO - [Attacker] Label flip: 16 samples class 4 \u2192 class 0
[2026-07-19 13:39:24,418] 39 root - INFO - [Attacker] Label flip: 16 samples class 4 \u2192 class 0
[2026-07-19 13:39:24,432] 39 root - INFO - [Attacker] Label flip: 11 samples class 4 \u2192 class 0
[2026-07-19 13:39:24,440] 39 root - INFO - [Attacker] Label flip: 13 samples class 4 \u2192 class 0
[2026-07-19 13:39:24,447] 39 root - INFO - [Attacker] Label flip: 8 samples class 4 \u2192 class 0
[2026-07-19 13:39:24,453] 39 root - INFO - [Attacker] Label flip: 18 samples class 4 \u2192 class 0
[2026-07-19 13:39:24,463] 39 root - INFO - [Attacker] Label flip: 18 samples class 4 \u2192 class 0
[2026-07-19 13:39:24,471] 39 root - INFO - [Attacker] Label flip: 14 samples class 4 \u2192 class 0
[2026-07-19 13:39:24,479] 39 root - INFO - [Attacker] Label flip: 15 samples class 4 \u2192 class 0
[2026-07-19 13:39:24,487] 39 root - INFO - [Attacker] Label flip: 19 samples class 4 \u2192 class 0
[2026-07-19 13:39:24,495] 39 root - INFO - [Attacker] Label flip: 19 samples class 4 \u2192 class 0
[2026-07-19 13:39:24,503] 39 root - INFO - [Attacker] Label flip: 23 samples class 4 \u2192 class 0
[2026-07-19 13:39:24,511] 39 root - INFO - [Attacker] Label flip: 8 samples class 4 \u2192 class 0
[2026-07-19 13:39:24,519] 39 root - INFO - [Attacker] Label flip: 13 samples class 4 \u2192 class 0
[2026-07-19 13:39:24,526] 39 root - INFO - [Attacker] Label flip: 9 samples class 4 \u2192 class 0
[2026-07-19 13:39:24,535] 39 root - INFO - [Attacker] Label flip: 13 samples class 4 \u2192 class 0
[2026-07-19 13:39:24,542] 39 root - INFO - [Attacker] Label flip: 13 samples class 4 \u2192 class 0
[2026-07-19 13:39:24,551] 39 root - INFO - [Attacker] Label flip: 9 samples class 4 \u2192 class 0
[2026-07-19 13:39:24,558] 39 root - INFO - [Attacker] Label flip: 13 samples class 4 \u2192 class 0
[2026-07-19 13:39:24,566] 39 root - INFO - [Attacker] Label flip: 15 samples class 4 \u2192 class 0
[2026-07-19 13:39:24,574] 39 root - INFO - [Attacker] Label flip: 17 samples class 4 \u2192 class 0
[2026-07-19 13:39:24,582] 39 root - INFO - [Attacker] Label flip: 13 samples class 4 \u2192 class 0
[2026-07-19 13:39:24,590] 39 root - INFO - [Attacker] Label flip: 10 samples class 4 \u2192 class 0
[2026-07-19 13:39:24,598] 39 root - INFO - [Attacker] Label flip: 14 samples class 4 \u2192 class 0
[2026-07-19 13:39:24,606] 39 root - INFO - [Attacker] Label flip: 12 samples class 4 \u2192 class 0
[2026-07-19 13:39:24,614] 39 root - INFO - [Attacker] Label flip: 14 samples class 4 \u2192 class 0
[2026-07-19 13:39:24,622] 39 root - INFO - [Attacker] Label flip: 7 samples class 4 \u2192 class 0
[2026-07-19 13:39:24,630] 39 root - INFO - [Attacker] Label flip: 20 samples class 4 \u2192 class 0
[2026-07-19 13:39:24,637] 39 root - INFO - [Attacker] Label flip: 11 samples class 4 \u2192 class 0
[2026-07-19 13:39:24,645] 39 root - INFO - [Attacker] Label flip: 14 samples class 4 \u2192 class 0
[2026-07-19 13:39:24,653] 39 root - INFO - [Attacker] Label flip: 17 samples class 4 \u2192 class 0
[2026-07-19 13:39:24,661] 39 root - INFO - [Attacker] Label flip: 11 samples class 4 \u2192 class 0
[2026-07-19 13:39:24,669] 39 root - INFO - [Attacker] Label flip: 8 samples class 4 \u2192 class 0
[2026-07-19 13:39:24,677] 39 root - INFO - [Attacker] Label flip: 15 samples class 4 \u2192 class 0
[2026-07-19 13:39:24,685] 39 root - INFO - [Attacker] Label flip: 12 samples class 4 \u2192 class 0
[2026-07-19 13:39:24,693] 39 root - INFO - [Attacker] Label flip: 14 samples class 4 \u2192 class 0
[2026-07-19 13:39:24,702] 39 root - INFO - [Attacker] Label flip: 12 samples class 4 \u2192 class 0
[2026-07-19 13:39:24,710] 39 root - INFO - [Attacker] Label flip: 14 samples class 4 \u2192 class 0
[2026-07-19 13:39:24,718] 39 root - INFO - [Attacker] Label flip: 17 samples class 4 \u2192 class 0
[2026-07-19 13:39:24,726] 39 root - INFO - [Attacker] Label flip: 14 samples class 4 \u2192 class 0
[2026-07-19 13:39:24,734] 39 root - INFO - [Attacker] Label flip: 16 samples class 4 \u2192 class 0
[2026-07-19 13:39:24,742] 39 root - INFO - [Attacker] Label flip: 13 samples class 4 \u2192 class 0
[2026-07-19 13:39:24,750] 39 root - INFO - [Attacker] Label flip: 11 samples class 4 \u2192 class 0
[2026-07-19 13:39:24,758] 39 root - INFO - [Attacker] Label flip: 10 samples class 4 \u2192 class 0
[2026-07-19 13:39:24,766] 39 root - INFO - [Attacker] Label flip: 12 samples class 4 \u2192 class 0
[2026-07-19 13:39:24,774] 39 root - INFO - [Attacker] Label flip: 14 samples class 4 \u2192 class 0
[2026-07-19 13:39:24,782] 39 root - INFO - [Attacker] Label flip: 17 samples class 4 \u2192 class 0
[2026-07-19 13:39:24,790] 39 root - INFO - [Attacker] Label flip: 12 samples class 4 \u2192 class 0
[2026-07-19 13:39:24,804] 39 root - INFO - [Attacker] Label flip: 16 samples class 4 \u2192 class 0
[2026-07-19 13:39:24,811] 39 root - INFO - [Attacker] Label flip: 13 samples class 4 \u2192 class 0
[2026-07-19 13:39:24,819] 39 root - INFO - [Attacker] Label flip: 12 samples class 4 \u2192 class 0
[2026-07-19 13:39:24,826] 39 root - INFO - [Attacker] Label flip: 14 samples class 4 \u2192 class 0
[2026-07-19 13:39:24,862] 39 root - INFO - [Attacker] Label flip: 17 samples class 4 \u2192 class 0
[2026-07-19 13:39:24,869] 39 root - INFO - [Attacker] Label flip: 12 samples class 4 \u2192 class 0
[2026-07-19 13:39:24,880] 39 root - INFO - [Attacker] Label flip: 7 samples class 4 \u2192 class 0
[2026-07-19 13:39:24,888] 39 root - INFO - [Attacker] Label flip: 9 samples class 4 \u2192 class 0
[2026-07-19 13:39:24,899] 39 root - INFO - [Attacker] Label flip: 19 samples class 4 \u2192 class 0
[2026-07-19 13:39:24,907] 39 root - INFO - [Attacker] Label flip: 15 samples class 4 \u2192 class 0
[2026-07-19 13:39:24,913] 39 root - INFO - [Attacker] Label flip: 13 samples class 4 \u2192 class 0
[2026-07-19 13:39:24,921] 39 root - INFO - [Attacker] Label flip: 8 samples class 4 \u2192 class 0
[2026-07-19 13:39:24,929] 39 root - INFO - [Attacker] Label flip: 11 samples class 4 \u2192 class 0
[2026-07-19 13:39:24,939] 39 root - INFO - [Attacker] Label flip: 10 samples class 4 \u2192 class 0
[2026-07-19 13:39:24,945] 39 root - INFO - [Attacker] Label flip: 5 samples class 4 \u2192 class 0
[2026-07-19 13:39:24,953] 39 root - INFO - [Attacker] Label flip: 12 samples class 4 \u2192 class 0
[2026-07-19 13:39:24,961] 39 root - INFO - [Attacker] Label flip: 21 samples class 4 \u2192 class 0
[2026-07-19 13:39:24,994] 39 root - INFO - [Attacker] Label flip: 11 samples class 4 \u2192 class 0
[2026-07-19 13:39:25,002] 39 root - INFO - [Attacker] Label flip: 15 samples class 4 \u2192 class 0
[2026-07-19 13:39:25,010] 39 root - INFO - [Attacker] Label flip: 13 samples class 4 \u2192 class 0
[2026-07-19 13:39:25,018] 39 root - INFO - [Attacker] Label flip: 18 samples class 4 \u2192 class 0
[2026-07-19 13:39:25,034] 39 root - INFO - [Attacker] Label flip: 10 samples class 4 \u2192 class 0
[2026-07-19 13:39:25,042] 39 root - INFO - [Attacker] Label flip: 6 samples class 4 \u2192 class 0
[2026-07-19 13:39:25,050] 39 root - INFO - [Attacker] Label flip: 10 samples class 4 \u2192 class 0
[2026-07-19 13:39:25,056] 39 root - INFO - [Attacker] Label flip: 10 samples class 4 \u2192 class 0
[2026-07-19 13:39:25,070] 39 root - INFO - [Attacker] Label flip: 19 samples class 4 \u2192 class 0
[2026-07-19 13:39:25,078] 39 root - INFO - [Attacker] Label flip: 9 samples class 4 \u2192 class 0
[2026-07-19 13:39:25,085] 39 root - INFO - [Attacker] Label flip: 10 samples class 4 \u2192 class 0
[2026-07-19 13:39:25,091] 39 root - INFO - [Attacker] Label flip: 9 samples class 4 \u2192 class 0
[2026-07-19 13:39:25,103] 39 root - INFO - [Attacker] Label flip: 16 samples class 4 \u2192 class 0
[2026-07-19 13:39:25,113] 39 root - INFO - [Attacker] Label flip: 14 samples class 4 \u2192 class 0
[2026-07-19 13:39:25,119] 39 root - INFO - [Attacker] Label flip: 12 samples class 4 \u2192 class 0
[2026-07-19 13:39:25,127] 39 root - INFO - [Attacker] Label flip: 15 samples class 4 \u2192 class 0
[2026-07-19 13:39:25,139] 39 root - INFO - [Attacker] Label flip: 13 samples class 4 \u2192 class 0
[2026-07-19 13:39:25,147] 39 root - INFO - [Attacker] Label flip: 13 samples class 4 \u2192 class 0
[2026-07-19 13:39:25,155] 39 root - INFO - [Attacker] Label flip: 15 samples class 4 \u2192 class 0
[2026-07-19 13:39:25,163] 39 root - INFO - [Attacker] Label flip: 13 samples class 4 \u2192 class 0
[2026-07-19 13:39:25,169] 39 root - INFO - [Attacker] Label flip: 10 samples class 4 \u2192 class 0
[2026-07-19 13:39:25,178] 39 root - INFO - [Attacker] Label flip: 13 samples class 4 \u2192 class 0
[2026-07-19 13:39:25,186] 39 root - INFO - [Attacker] Label flip: 12 samples class 4 \u2192 class 0
[2026-07-19 13:39:25,194] 39 root - INFO - [Attacker] Label flip: 12 samples class 4 \u2192 class 0
[2026-07-19 13:39:25,202] 39 root - INFO - [Attacker] Label flip: 6 samples class 4 \u2192 class 0
[2026-07-19 13:39:25,212] 39 root - INFO - [Attacker] Label flip: 18 samples class 4 \u2192 class 0
[2026-07-19 13:39:25,220] 39 root - INFO - [Attacker] Label flip: 15 samples class 4 \u2192 class 0
[2026-07-19 13:39:25,228] 39 root - INFO - [Attacker] Label flip: 15 samples class 4 \u2192 class 0
[2026-07-19 13:39:25,236] 39 root - INFO - [Attacker] Label flip: 10 samples class 4 \u2192 class 0
[2026-07-19 13:39:25,244] 39 root - INFO - [Attacker] Label flip: 18 samples class 4 \u2192 class 0
[2026-07-19 13:39:25,250] 39 root - INFO - [Attacker] Label flip: 11 samples class 4 \u2192 class 0
[2026-07-19 13:39:25,258] 39 root - INFO - [Attacker] Label flip: 12 samples class 4 \u2192 class 0
[2026-07-19 13:39:25,266] 39 root - INFO - [Attacker] Label flip: 10 samples class 4 \u2192 class 0
[2026-07-19 13:39:25,274] 39 root - INFO - [Attacker] Label flip: 13 samples class 4 \u2192 class 0
[2026-07-19 13:39:25,280] 39 root - INFO - [Attacker] Label flip: 16 samples class 4 \u2192 class 0
[2026-07-19 13:39:25,288] 39 root - INFO - [Attacker] Label flip: 11 samples class 4 \u2192 class 0
[2026-07-19 13:39:25,296] 39 root - INFO - [Attacker] Label flip: 6 samples class 4 \u2192 class 0
[2026-07-19 13:39:25,303] 39 root - INFO - [Attacker] Label flip: 12 samples class 4 \u2192 class 0
[2026-07-19 13:39:25,312] 39 root - INFO - [Attacker] Label flip: 13 samples class 4 \u2192 class 0
[2026-07-19 13:39:25,320] 39 root - INFO - [Attacker] Label flip: 14 samples class 4 \u2192 class 0
[2026-07-19 13:39:25,327] 39 root - INFO - [Attacker] Label flip: 8 samples class 4 \u2192 class 0
[2026-07-19 13:39:25,336] 39 root - INFO - [Attacker] Label flip: 10 samples class 4 \u2192 class 0
[2026-07-19 13:39:25,343] 39 root - INFO - [Attacker] Label flip: 9 samples class 4 \u2192 class 0
[2026-07-19 13:39:25,349] 39 root - INFO - [Attacker] Label flip: 11 samples class 4 \u2192 class 0
[2026-07-19 13:39:25,357] 39 root - INFO - [Attacker] Label flip: 13 samples class 4 \u2192 class 0
[2026-07-19 13:39:25,365] 39 root - INFO - [Attacker] Label flip: 14 samples class 4 \u2192 class 0
[2026-07-19 13:39:25,373] 39 root - INFO - [Attacker] Label flip: 8 samples class 4 \u2192 class 0
[2026-07-19 13:39:25,380] 39 root - INFO - [Attacker] Label flip: 4 samples class 4 \u2192 class 0
[2026-07-19 13:39:25,386] 39 root - INFO - [Attacker] Label flip: 16 samples class 4 \u2192 class 0
[2026-07-19 13:39:25,394] 39 root - INFO - [Attacker] Label flip: 14 samples class 4 \u2192 class 0
[2026-07-19 13:39:25,402] 39 root - INFO - [Attacker] Label flip: 11 samples class 4 \u2192 class 0
[2026-07-19 13:39:25,410] 39 root - INFO - [Attacker] Label flip: 14 samples class 4 \u2192 class 0
[2026-07-19 13:39:25,418] 39 root - INFO - [Attacker] Label flip: 13 samples class 4 \u2192 class 0
[2026-07-19 13:39:25,424] 39 root - INFO - [Attacker] Label flip: 13 samples class 4 \u2192 class 0
[2026-07-19 13:39:25,432] 39 root - INFO - [Attacker] Label flip: 10 samples class 4 \u2192 class 0
[2026-07-19 13:39:25,440] 39 root - INFO - [Attacker] Label flip: 13 samples class 4 \u2192 class 0
[2026-07-19 13:39:25,448] 39 root - INFO - [Attacker] Label flip: 11 samples class 4 \u2192 class 0
[2026-07-19 13:39:25,455] 39 root - INFO - [Attacker] Label flip: 12 samples class 4 \u2192 class 0
[2026-07-19 13:39:25,461] 39 root - INFO - [Attacker] Label flip: 6 samples class 4 \u2192 class 0
[2026-07-19 13:39:25,469] 39 root - INFO - [Attacker] Label flip: 16 samples class 4 \u2192 class 0
[2026-07-19 13:39:25,477] 39 root - INFO - [Attacker] Label flip: 8 samples class 4 \u2192 class 0
[2026-07-19 13:39:25,485] 39 root - INFO - [Attacker] Label flip: 11 samples class 4 \u2192 class 0
[2026-07-19 13:39:25,491] 39 root - INFO - [Attacker] Label flip: 13 samples class 4 \u2192 class 0
[2026-07-19 13:39:25,499] 39 root - INFO - [Attacker] Label flip: 13 samples class 4 \u2192 class 0
[2026-07-19 13:39:25,507] 39 root - INFO - [Attacker] Label flip: 12 samples class 4 \u2192 class 0
[2026-07-19 13:39:25,515] 39 root - INFO - [Attacker] Label flip: 11 samples class 4 \u2192 class 0
[2026-07-19 13:39:25,522] 39 root - INFO - [Attacker] Label flip: 13 samples class 4 \u2192 class 0
[2026-07-19 13:39:25,531] 39 root - INFO - [Attacker] Label flip: 11 samples class 4 \u2192 class 0
[2026-07-19 13:39:25,538] 39 root - INFO - [Attacker] Label flip: 17 samples class 4 \u2192 class 0
[2026-07-19 13:39:25,546] 39 root - INFO - [Attacker] Label flip: 14 samples class 4 \u2192 class 0
[2026-07-19 13:39:25,554] 39 root - INFO - [Attacker] Label flip: 13 samples class 4 \u2192 class 0
[2026-07-19 13:39:25,560] 39 root - INFO - [Attacker] Label flip: 10 samples class 4 \u2192 class 0
[2026-07-19 13:39:25,568] 39 root - INFO - [Attacker] Label flip: 9 samples class 4 \u2192 class 0
[2026-07-19 13:39:25,576] 39 root - INFO - [Attacker] Label flip: 15 samples class 4 \u2192 class 0
[2026-07-19 13:39:25,583] 39 root - INFO - [Attacker] Label flip: 19 samples class 4 \u2192 class 0
[2026-07-19 13:39:25,591] 39 root - INFO - [Attacker] Label flip: 13 samples class 4 \u2192 class 0
[2026-07-19 13:39:25,599] 39 root - INFO - [Attacker] Label flip: 18 samples class 4 \u2192 class 0
[2026-07-19 13:39:25,605] 39 root - INFO - [Attacker] Label flip: 11 samples class 4 \u2192 class 0
[2026-07-19 13:39:25,613] 39 root - INFO - [Attacker] Label flip: 9 samples class 4 \u2192 class 0
[2026-07-19 13:39:25,621] 39 root - INFO - [Attacker] Label flip: 12 samples class 4 \u2192 class 0
[2026-07-19 13:39:25,629] 39 root - INFO - [Attacker] Label flip: 12 samples class 4 \u2192 class 0
[2026-07-19 13:39:25,635] 39 root - INFO - [Attacker] Label flip: 11 samples class 4 \u2192 class 0
[2026-07-19 13:39:25,645] 39 root - INFO - [Attacker] Label flip: 13 samples class 4 \u2192 class 0
[2026-07-19 13:39:25,652] 39 root - INFO - [Attacker] Label flip: 13 samples class 4 \u2192 class 0
[2026-07-19 13:39:25,660] 39 root - INFO - [Attacker] Label flip: 11 samples class 4 \u2192 class 0
[2026-07-19 13:39:25,668] 39 root - INFO - [Attacker] Label flip: 9 samples class 4 \u2192 class 0
[2026-07-19 13:39:25,676] 39 root - INFO - [Attacker] Label flip: 11 samples class 4 \u2192 class 0
[2026-07-19 13:39:25,682] 39 root - INFO - [Attacker] Label flip: 7 samples class 4 \u2192 class 0
[2026-07-19 13:39:25,690] 39 root - INFO - [Attacker] Label flip: 9 samples class 4 \u2192 class 0
[2026-07-19 13:39:25,700] 39 root - INFO - [Attacker] Label flip: 13 samples class 4 \u2192 class 0
[2026-07-19 13:39:25,705] 39 root - INFO - [Attacker] Label flip: 13 samples class 4 \u2192 class 0
[2026-07-19 13:39:25,714] 39 root - INFO - [Attacker] Label flip: 12 samples class 4 \u2192 class 0
[2026-07-19 13:39:25,721] 39 root - INFO - [Attacker] Label flip: 15 samples class 4 \u2192 class 0
[2026-07-19 13:39:25,729] 39 root - INFO - [Attacker] Label flip: 9 samples class 4 \u2192 class 0
[2026-07-19 13:39:25,737] 39 root - INFO - [Attacker] Label flip: 18 samples class 4 \u2192 class 0
[2026-07-19 13:39:25,745] 39 root - INFO - [Attacker] Label flip: 14 samples class 4 \u2192 class 0
[2026-07-19 13:39:25,753] 39 root - INFO - [Attacker] Label flip: 15 samples class 4 \u2192 class 0
[2026-07-19 13:39:25,761] 39 root - INFO - [Attacker] Label flip: 13 samples class 4 \u2192 class 0
[2026-07-19 13:39:25,768] 39 root - INFO - [Attacker] Label flip: 13 samples class 4 \u2192 class 0
[2026-07-19 13:39:25,774] 39 root - INFO - [Attacker] Label flip: 18 samples class 4 \u2192 class 0
[2026-07-19 13:39:25,782] 39 root - INFO - [Attacker] Label flip: 17 samples class 4 \u2192 class 0
[2026-07-19 13:39:25,790] 39 root - INFO - [Attacker] Label flip: 13 samples class 4 \u2192 class 0
[2026-07-19 13:39:25,798] 39 root - INFO - [Attacker] Label flip: 11 samples class 4 \u2192 class 0
[2026-07-19 13:39:25,806] 39 root - INFO - [Attacker] Label flip: 8 samples class 4 \u2192 class 0
[2026-07-19 13:39:25,814] 39 root - INFO - [Attacker] Label flip: 10 samples class 4 \u2192 class 0
[2026-07-19 13:39:25,822] 39 root - INFO - [Attacker] Label flip: 15 samples class 4 \u2192 class 0
[2026-07-19 13:39:25,830] 39 root - INFO - [Attacker] Label flip: 9 samples class 4 \u2192 class 0
[2026-07-19 13:39:25,838] 39 root - INFO - [Attacker] Label flip: 9 samples class 4 \u2192 class 0
[2026-07-19 13:39:25,846] 39 root - INFO - [Attacker] Label flip: 9 samples class 4 \u2192 class 0
[2026-07-19 13:39:25,854] 39 root - INFO - [Attacker] Label flip: 13 samples class 4 \u2192 class 0
[2026-07-19 13:39:25,861] 39 root - INFO - [Attacker] Label flip: 12 samples class 4 \u2192 class 0
[2026-07-19 13:39:25,869] 39 root - INFO - [Attacker] Label flip: 13 samples class 4 \u2192 class 0
[2026-07-19 13:39:25,877] 39 root - INFO - [Attacker] Label flip: 11 samples class 4 \u2192 class 0
[2026-07-19 13:39:25,885] 39 root - INFO - [Attacker] Label flip: 11 samples class 4 \u2192 class 0
[2026-07-19 13:39:25,893] 39 root - INFO - [Attacker] Label flip: 12 samples class 4 \u2192 class 0
[2026-07-19 13:39:25,901] 39 root - INFO - [Attacker] Label flip: 16 samples class 4 \u2192 class 0
[2026-07-19 13:39:25,907] 39 root - INFO - [Attacker] Label flip: 18 samples class 4 \u2192 class 0
[2026-07-19 13:39:25,915] 39 root - INFO - [Attacker] Label flip: 10 samples class 4 \u2192 class 0
[2026-07-19 13:39:25,923] 39 root - INFO - [Attacker] Label flip: 11 samples class 4 \u2192 class 0
[2026-07-19 13:39:25,931] 39 root - INFO - [Attacker] Label flip: 8 samples class 4 \u2192 class 0
[2026-07-19 13:39:25,938] 39 root - INFO - [Attacker] Label flip: 8 samples class 4 \u2192 class 0
[2026-07-19 13:39:25,944] 39 root - INFO - [Attacker] Label flip: 9 samples class 4 \u2192 class 0
[2026-07-19 13:39:25,952] 39 root - INFO - [Attacker] Label flip: 9 samples class 4 \u2192 class 0
[2026-07-19 13:39:25,960] 39 root - INFO - [Attacker] Label flip: 10 samples class 4 \u2192 class 0
[2026-07-19 13:39:25,968] 39 root - INFO - [Attacker] Label flip: 13 samples class 4 \u2192 class 0
[2026-07-19 13:39:25,976] 39 root - INFO - [Attacker] Label flip: 20 samples class 4 \u2192 class 0
[2026-07-19 13:39:25,983] 39 root - INFO - [Attacker] Label flip: 10 samples class 4 \u2192 class 0
[2026-07-19 13:39:25,989] 39 root - INFO - [Attacker] Label flip: 10 samples class 4 \u2192 class 0
[2026-07-19 13:39:25,997] 39 root - INFO - [Attacker] Label flip: 17 samples class 4 \u2192 class 0
[2026-07-19 13:39:26,005] 39 root - INFO - [Attacker] Label flip: 15 samples class 4 \u2192 class 0
[2026-07-19 13:39:26,013] 39 root - INFO - [Attacker] Label flip: 11 samples class 4 \u2192 class 0
[2026-07-19 13:39:26,019] 39 root - INFO - [Attacker] Label flip: 12 samples class 4 \u2192 class 0
[2026-07-19 13:39:26,027] 39 root - INFO - [Attacker] Label flip: 10 samples class 4 \u2192 class 0
[2026-07-19 13:39:26,035] 39 root - INFO - [Attacker] Label flip: 5 samples class 4 \u2192 class 0
[2026-07-19 13:39:26,043] 39 root - INFO - [Attacker] Label flip: 7 samples class 4 \u2192 class 0
[2026-07-19 13:39:26,051] 39 root - INFO - [Attacker] Label flip: 17 samples class 4 \u2192 class 0
[2026-07-19 13:39:26,058] 39 root - INFO - [Attacker] Label flip: 14 samples class 4 \u2192 class 0
[2026-07-19 13:39:26,064] 39 root - INFO - [Attacker] Label flip: 12 samples class 4 \u2192 class 0
[2026-07-19 13:39:26,072] 39 root - INFO - [Attacker] Label flip: 13 samples class 4 \u2192 class 0
[2026-07-19 13:39:26,080] 39 root - INFO - [Attacker] Label flip: 17 samples class 4 \u2192 class 0
[2026-07-19 13:39:26,088] 39 root - INFO - [Attacker] Label flip: 13 samples class 4 \u2192 class 0
[2026-07-19 13:39:26,096] 39 root - INFO - [Attacker] Label flip: 12 samples class 4 \u2192 class 0
[2026-07-19 13:39:26,102] 39 root - INFO - [Attacker] Label flip: 13 samples class 4 \u2192 class 0
[2026-07-19 13:39:26,109] 39 root - INFO - [Attacker] Label flip: 14 samples class 4 \u2192 class 0
[2026-07-19 13:39:26,118] 39 root - INFO - [Attacker] Label flip: 5 samples class 4 \u2192 class 0
[2026-07-19 13:39:26,125] 39 root - INFO - [Attacker] Label flip: 15 samples class 4 \u2192 class 0
[2026-07-19 13:39:26,133] 39 root - INFO - [Attacker] Label flip: 14 samples class 4 \u2192 class 0
[2026-07-19 13:39:26,141] 39 root - INFO - [Attacker] Label flip: 19 samples class 4 \u2192 class 0
[2026-07-19 13:39:26,147] 39 root - INFO - [Attacker] Label flip: 15 samples class 4 \u2192 class 0
[2026-07-19 13:39:26,155] 39 root - INFO - [Attacker] Label flip: 9 samples class 4 \u2192 class 0
[2026-07-19 13:39:26,162] 39 root - INFO - [Attacker] Label flip: 18 samples class 4 \u2192 class 0
[2026-07-19 13:39:26,170] 39 root - INFO - [Attacker] Label flip: 9 samples class 4 \u2192 class 0
[2026-07-19 13:39:26,178] 39 root - INFO - [Attacker] Label flip: 7 samples class 4 \u2192 class 0
[2026-07-19 13:39:26,186] 39 root - INFO - [Attacker] Label flip: 23 samples class 4 \u2192 class 0
[2026-07-19 13:39:26,194] 39 root - INFO - [Attacker] Label flip: 16 samples class 4 \u2192 class 0
[2026-07-19 13:39:26,202] 39 root - INFO - [Attacker] Label flip: 13 samples class 4 \u2192 class 0
[2026-07-19 13:39:26,210] 39 root - INFO - [Attacker] Label flip: 10 samples class 4 \u2192 class 0
[2026-07-19 13:39:26,218] 39 root - INFO - [Attacker] Label flip: 13 samples class 4 \u2192 class 0
[2026-07-19 13:39:26,226] 39 root - INFO - [Attacker] Label flip: 11 samples class 4 \u2192 class 0
[2026-07-19 13:39:26,234] 39 root - INFO - [Attacker] Label flip: 11 samples class 4 \u2192 class 0
[2026-07-19 13:39:26,242] 39 root - INFO - [Attacker] Label flip: 9 samples class 4 \u2192 class 0
[2026-07-19 13:39:26,249] 39 root - INFO - [Attacker] Label flip: 11 samples class 4 \u2192 class 0
[2026-07-19 13:39:26,255] 39 root - INFO - [Attacker] Label flip: 18 samples class 4 \u2192 class 0
[2026-07-19 13:39:26,263] 39 root - INFO - [Attacker] Label flip: 14 samples class 4 \u2192 class 0
[2026-07-19 13:39:26,271] 39 root - INFO - [Attacker] Label flip: 16 samples class 4 \u2192 class 0
[2026-07-19 13:39:26,279] 39 root - INFO - [Attacker] Label flip: 14 samples class 4 \u2192 class 0
[2026-07-19 13:39:26,287] 39 root - INFO - [Attacker] Label flip: 10 samples class 4 \u2192 class 0
[2026-07-19 13:39:26,293] 39 root - INFO - [Attacker] Label flip: 13 samples class 4 \u2192 class 0
[2026-07-19 13:39:26,301] 39 root - INFO - [Attacker] Label flip: 13 samples class 4 \u2192 class 0
[2026-07-19 13:39:26,309] 39 root - INFO - [Attacker] Label flip: 8 samples class 4 \u2192 class 0
[2026-07-19 13:39:26,316] 39 root - INFO - [Attacker] Label flip: 13 samples class 4 \u2192 class 0
[2026-07-19 13:39:26,324] 39 root - INFO - [Attacker] Label flip: 16 samples class 4 \u2192 class 0
[2026-07-19 13:39:26,332] 39 root - INFO - [Attacker] Label flip: 15 samples class 4 \u2192 class 0
[2026-07-19 13:39:26,338] 39 root - INFO - [Attacker] Label flip: 9 samples class 4 \u2192 class 0
[2026-07-19 13:39:26,346] 39 root - INFO - [Attacker] Label flip: 13 samples class 4 \u2192 class 0
[2026-07-19 13:39:26,354] 39 root - INFO - [Attacker] Label flip: 18 samples class 4 \u2192 class 0
[2026-07-19 13:39:26,364] 39 root - INFO - [Attacker] Label flip: 12 samples class 4 \u2192 class 0
[2026-07-19 13:39:26,371] 39 root - INFO - [Attacker] Label flip: 17 samples class 4 \u2192 class 0
[2026-07-19 13:39:26,380] 39 root - INFO - [Attacker] Label flip: 10 samples class 4 \u2192 class 0
[2026-07-19 13:39:26,387] 39 root - INFO - [Attacker] Label flip: 15 samples class 4 \u2192 class 0
[2026-07-19 13:39:26,393] 39 root - INFO - [Attacker] Label flip: 9 samples class 4 \u2192 class 0
[2026-07-19 13:39:26,401] 39 root - INFO - [Attacker] Label flip: 15 samples class 4 \u2192 class 0
[2026-07-19 13:39:26,409] 39 root - INFO - [Attacker] Label flip: 10 samples class 4 \u2192 class 0
[2026-07-19 13:39:26,417] 39 root - INFO - [Attacker] Label flip: 8 samples class 4 \u2192 class 0
[2026-07-19 13:39:26,425] 39 root - INFO - [Attacker] Label flip: 16 samples class 4 \u2192 class 0
[2026-07-19 13:39:26,432] 39 root - INFO - [Attacker] Label flip: 12 samples class 4 \u2192 class 0
[2026-07-19 13:39:26,438] 39 root - INFO - [Attacker] Label flip: 21 samples class 4 \u2192 class 0
[2026-07-19 13:39:26,446] 39 root - INFO - [Attacker] Label flip: 14 samples class 4 \u2192 class 0
[2026-07-19 13:39:26,454] 39 root - INFO - [Attacker] Label flip: 14 samples class 4 \u2192 class 0
[2026-07-19 13:39:26,462] 39 root - INFO - [Attacker] Label flip: 13 samples class 4 \u2192 class 0
[2026-07-19 13:39:26,470] 39 root - INFO - [Attacker] Label flip: 17 samples class 4 \u2192 class 0
[2026-07-19 13:39:26,478] 39 root - INFO - [Attacker] Label flip: 15 samples class 4 \u2192 class 0
[2026-07-19 13:39:26,486] 39 root - INFO - [Attacker] Label flip: 7 samples class 4 \u2192 class 0
[2026-07-19 13:39:26,493] 39 root - INFO - [Attacker] Label flip: 16 samples class 4 \u2192 class 0
[2026-07-19 13:39:26,501] 39 root - INFO - [Attacker] Label flip: 8 samples class 4 \u2192 class 0
[2026-07-19 13:39:26,509] 39 root - INFO - [Attacker] Label flip: 11 samples class 4 \u2192 class 0
[2026-07-19 13:39:26,515] 39 root - INFO - [Attacker] Label flip: 11 samples class 4 \u2192 class 0
[2026-07-19 13:39:26,523] 39 root - INFO - [Attacker] Label flip: 15 samples class 4 \u2192 class 0
[2026-07-19 13:39:26,531] 39 root - INFO - [Attacker] Label flip: 9 samples class 4 \u2192 class 0
[2026-07-19 13:39:26,539] 39 root - INFO - [Attacker] Label flip: 10 samples class 4 \u2192 class 0
[2026-07-19 13:39:26,549] 39 root - INFO - [Attacker] Label flip: 14 samples class 4 \u2192 class 0
[2026-07-19 13:39:26,555] 39 root - INFO - [Attacker] Label flip: 15 samples class 4 \u2192 class 0
[2026-07-19 13:39:26,563] 39 root - INFO - [Attacker] Label flip: 8 samples class 4 \u2192 class 0
[2026-07-19 13:39:26,570] 39 root - INFO - [Attacker] Label flip: 18 samples class 4 \u2192 class 0
[2026-07-19 13:39:26,578] 39 root - INFO - [Attacker] Label flip: 9 samples class 4 \u2192 class 0
[2026-07-19 13:39:26,584] 39 root - INFO - [Attacker] Label flip: 10 samples class 4 \u2192 class 0
[2026-07-19 13:39:26,592] 39 root - INFO - [Attacker] Label flip: 12 samples class 4 \u2192 class 0
[2026-07-19 13:39:26,600] 39 root - INFO - [Attacker] Label flip: 11 samples class 4 \u2192 class 0
[2026-07-19 13:39:26,608] 39 root - INFO - [Attacker] Label flip: 12 samples class 4 \u2192 class 0
[2026-07-19 13:39:26,616] 39 root - INFO - [Attacker] Label flip: 7 samples class 4 \u2192 class 0
[2026-07-19 13:39:26,622] 39 root - INFO - [Attacker] Label flip: 8 samples class 4 \u2192 class 0
[2026-07-19 13:39:26,630] 39 root - INFO - [Attacker] Label flip: 7 samples class 4 \u2192 class 0
[2026-07-19 13:39:26,637] 39 root - INFO - [Attacker] Label flip: 18 samples class 4 \u2192 class 0
[2026-07-19 13:39:26,645] 39 root - INFO - [Attacker] Label flip: 16 samples class 4 \u2192 class 0
[2026-07-19 13:39:26,651] 39 root - INFO - [Attacker] Label flip: 12 samples class 4 \u2192 class 0
[2026-07-19 13:39:26,659] 39 root - INFO - [Attacker] Label flip: 8 samples class 4 \u2192 class 0
[2026-07-19 13:39:26,667] 39 root - INFO - [Attacker] Label flip: 17 samples class 4 \u2192 class 0
[2026-07-19 13:39:26,675] 39 root - INFO - [Attacker] Label flip: 11 samples class 4 \u2192 class 0
[2026-07-19 13:39:26,683] 39 root - INFO - [Attacker] Label flip: 6 samples class 4 \u2192 class 0
[2026-07-19 13:39:26,691] 39 root - INFO - [Attacker] Label flip: 16 samples class 4 \u2192 class 0
[2026-07-19 13:39:26,697] 39 root - INFO - [Attacker] Label flip: 12 samples class 4 \u2192 class 0
[2026-07-19 13:39:26,705] 39 root - INFO - [Attacker] Label flip: 18 samples class 4 \u2192 class 0
[2026-07-19 13:39:26,713] 39 root - INFO - [Attacker] Label flip: 10 samples class 4 \u2192 class 0
[2026-07-19 13:39:26,720] 39 root - INFO - [Attacker] Label flip: 14 samples class 4 \u2192 class 0
[2026-07-19 13:39:26,728] 39 root - INFO - [Attacker] Label flip: 14 samples class 4 \u2192 class 0
[2026-07-19 13:39:26,734] 39 root - INFO - [Attacker] Label flip: 11 samples class 4 \u2192 class 0
[2026-07-19 13:39:26,742] 39 root - INFO - [Attacker] Label flip: 14 samples class 4 \u2192 class 0
[2026-07-19 13:39:26,750] 39 root - INFO - [Attacker] Label flip: 9 samples class 4 \u2192 class 0
[2026-07-19 13:39:26,758] 39 root - INFO - [Attacker] Label flip: 9 samples class 4 \u2192 class 0
[2026-07-19 13:39:26,764] 39 root - INFO - [Attacker] Label flip: 18 samples class 4 \u2192 class 0
[2026-07-19 13:39:26,772] 39 root - INFO - [Attacker] Label flip: 9 samples class 4 \u2192 class 0
[2026-07-19 13:39:26,780] 39 root - INFO - [Attacker] Label flip: 19 samples class 4 \u2192 class 0
[2026-07-19 13:39:26,788] 39 root - INFO - [Attacker] Label flip: 18 samples class 4 \u2192 class 0
[2026-07-19 13:39:26,795] 39 root - INFO - [Attacker] Label flip: 5 samples class 4 \u2192 class 0
[2026-07-19 13:39:26,803] 39 root - INFO - [Attacker] Label flip: 9 samples class 4 \u2192 class 0
[2026-07-19 13:39:26,811] 39 root - INFO - [Attacker] Label flip: 13 samples class 4 \u2192 class 0
[2026-07-19 13:39:26,819] 39 root - INFO - [Attacker] Label flip: 9 samples class 4 \u2192 class 0
[2026-07-19 13:39:26,827] 39 root - INFO - [Attacker] Label flip: 20 samples class 4 \u2192 class 0
[2026-07-19 13:39:26,835] 39 root - INFO - [Attacker] Label flip: 10 samples class 4 \u2192 class 0
[2026-07-19 13:39:26,843] 39 root - INFO - [Attacker] Label flip: 12 samples class 4 \u2192 class 0
[2026-07-19 13:39:26,851] 39 root - INFO - [Attacker] Label flip: 10 samples class 4 \u2192 class 0
[2026-07-19 13:39:26,859] 39 root - INFO - [Attacker] Label flip: 7 samples class 4 \u2192 class 0
[2026-07-19 13:39:26,867] 39 root - INFO - [Attacker] Label flip: 10 samples class 4 \u2192 class 0
[2026-07-19 13:39:26,874] 39 root - INFO - [Attacker] Label flip: 8 samples class 4 \u2192 class 0
[2026-07-19 13:39:26,882] 39 root - INFO - [Attacker] Label flip: 14 samples class 4 \u2192 class 0
[2026-07-19 13:39:26,890] 39 root - INFO - [Attacker] Label flip: 10 samples class 4 \u2192 class 0
[2026-07-19 13:39:26,898] 39 root - INFO - [Attacker] Label flip: 12 samples class 4 \u2192 class 0
[2026-07-19 13:39:26,907] 39 root - INFO - [Attacker] Label flip: 15 samples class 4 \u2192 class 0
[2026-07-19 13:39:26,913] 39 root - INFO - [Attacker] Label flip: 17 samples class 4 \u2192 class 0
[2026-07-19 13:39:26,921] 39 root - INFO - [Attacker] Label flip: 17 samples class 4 \u2192 class 0
[2026-07-19 13:39:26,928] 39 root - INFO - [Attacker] Label flip: 8 samples class 4 \u2192 class 0
[2026-07-19 13:39:26,936] 39 root - INFO - [Attacker] Label flip: 8 samples class 4 \u2192 class 0
[2026-07-19 13:39:26,944] 39 root - INFO - [Attacker] Label flip: 11 samples class 4 \u2192 class 0
[2026-07-19 13:39:26,952] 39 root - INFO - [Attacker] Label flip: 11 samples class 4 \u2192 class 0
[2026-07-19 13:39:26,960] 39 root - INFO - [Attacker] Label flip: 14 samples class 4 \u2192 class 0
[2026-07-19 13:39:26,966] 39 root - INFO - [Attacker] Label flip: 9 samples class 4 \u2192 class 0
[2026-07-19 13:39:26,976] 39 root - INFO - [Attacker] Label flip: 12 samples class 4 \u2192 class 0
[2026-07-19 13:39:26,982] 39 root - INFO - [Attacker] Label flip: 12 samples class 4 \u2192 class 0
[2026-07-19 13:39:26,990] 39 root - INFO - [Attacker] Label flip: 12 samples class 4 \u2192 class 0
[2026-07-19 13:39:26,998] 39 root - INFO - [Attacker] Label flip: 8 samples class 4 \u2192 class 0
[2026-07-19 13:39:27,005] 39 root - INFO - [Attacker] Label flip: 16 samples class 4 \u2192 class 0
[2026-07-19 13:39:27,013] 39 root - INFO - [Attacker] Label flip: 12 samples class 4 \u2192 class 0
[2026-07-19 13:39:27,021] 39 root - INFO - [Attacker] Label flip: 15 samples class 4 \u2192 class 0
[2026-07-19 13:39:27,029] 39 root - INFO - [Attacker] Label flip: 14 samples class 4 \u2192 class 0
[2026-07-19 13:39:27,037] 39 root - INFO - [Attacker] Label flip: 16 samples class 4 \u2192 class 0
[2026-07-19 13:39:27,043] 39 root - INFO - [Attacker] Label flip: 14 samples class 4 \u2192 class 0
[2026-07-19 13:39:27,051] 39 root - INFO - [Attacker] Label flip: 10 samples class 4 \u2192 class 0
[2026-07-19 13:39:27,059] 39 root - INFO - [Attacker] Label flip: 15 samples class 4 \u2192 class 0
[2026-07-19 13:39:27,067] 39 root - INFO - [Attacker] Label flip: 9 samples class 4 \u2192 class 0
[2026-07-19 13:39:27,075] 39 root - INFO - [Attacker] Label flip: 14 samples class 4 \u2192 class 0
[2026-07-19 13:39:27,081] 39 root - INFO - [Attacker] Label flip: 15 samples class 4 \u2192 class 0
[2026-07-19 13:39:27,089] 39 root - INFO - [Attacker] Label flip: 12 samples class 4 \u2192 class 0
[2026-07-19 13:39:27,095] 39 root - INFO - [Attacker] Label flip: 18 samples class 4 \u2192 class 0
[2026-07-19 13:39:27,102] 39 root - INFO - [Attacker] Label flip: 12 samples class 4 \u2192 class 0
[2026-07-19 13:39:27,110] 39 root - INFO - [Attacker] Label flip: 14 samples class 4 \u2192 class 0
[2026-07-19 13:39:27,118] 39 root - INFO - [Attacker] Label flip: 17 samples class 4 \u2192 class 0
[2026-07-19 13:39:27,126] 39 root - INFO - [Attacker] Label flip: 10 samples class 4 \u2192 class 0
[2026-07-19 13:39:27,134] 39 root - INFO - [Attacker] Label flip: 20 samples class 4 \u2192 class 0
[2026-07-19 13:39:27,142] 39 root - INFO - [Attacker] Label flip: 15 samples class 4 \u2192 class 0
[2026-07-19 13:39:27,150] 39 root - INFO - [Attacker] Label flip: 12 samples class 4 \u2192 class 0
[2026-07-19 13:39:27,158] 39 root - INFO - [Attacker] Label flip: 7 samples class 4 \u2192 class 0
[2026-07-19 13:39:27,164] 39 root - INFO - [Attacker] Label flip: 16 samples class 4 \u2192 class 0
[2026-07-19 13:39:27,172] 39 root - INFO - [Attacker] Label flip: 16 samples class 4 \u2192 class 0
[2026-07-19 13:39:27,179] 39 root - INFO - [Attacker] Label flip: 13 samples class 4 \u2192 class 0
[2026-07-19 13:39:27,187] 39 root - INFO - [Attacker] Label flip: 15 samples class 4 \u2192 class 0
[2026-07-19 13:39:27,195] 39 root - INFO - [Attacker] Label flip: 17 samples class 4 \u2192 class 0
[2026-07-19 13:39:27,203] 39 root - INFO - [Attacker] Label flip: 14 samples class 4 \u2192 class 0
[2026-07-19 13:39:27,209] 39 root - INFO - [Attacker] Label flip: 13 samples class 4 \u2192 class 0
[2026-07-19 13:39:27,217] 39 root - INFO - [Attacker] Label flip: 10 samples class 4 \u2192 class 0
[2026-07-19 13:39:27,225] 39 root - INFO - [Attacker] Label flip: 9 samples class 4 \u2192 class 0
[2026-07-19 13:39:27,233] 39 root - INFO - [Attacker] Label flip: 8 samples class 4 \u2192 class 0
[2026-07-19 13:39:27,241] 39 root - INFO - [Attacker] Label flip: 20 samples class 4 \u2192 class 0
[2026-07-19 13:39:27,249] 39 root - INFO - [Attacker] Label flip: 16 samples class 4 \u2192 class 0
[2026-07-19 13:39:27,255] 39 root - INFO - [Attacker] Label flip: 20 samples class 4 \u2192 class 0
[2026-07-19 13:39:27,262] 39 root - INFO - [Attacker] Label flip: 13 samples class 4 \u2192 class 0
[2026-07-19 13:39:27,270] 39 root - INFO - [Attacker] Label flip: 12 samples class 4 \u2192 class 0
[2026-07-19 13:39:27,278] 39 root - INFO - [Attacker] Label flip: 18 samples class 4 \u2192 class 0
[2026-07-19 13:39:27,284] 39 root - INFO - [Attacker] Label flip: 13 samples class 4 \u2192 class 0
[2026-07-19 13:39:27,292] 39 root - INFO - [Attacker] Label flip: 11 samples class 4 \u2192 class 0
[2026-07-19 13:39:27,300] 39 root - INFO - [Attacker] Label flip: 12 samples class 4 \u2192 class 0
[2026-07-19 13:39:27,308] 39 root - INFO - [Attacker] Label flip: 13 samples class 4 \u2192 class 0
[2026-07-19 13:39:27,316] 39 root - INFO - [Attacker] Label flip: 7 samples class 4 \u2192 class 0
[2026-07-19 13:39:27,323] 39 root - INFO - [Attacker] Label flip: 10 samples class 4 \u2192 class 0
[2026-07-19 13:39:27,329] 39 root - INFO - [Attacker] Label flip: 13 samples class 4 \u2192 class 0
[2026-07-19 13:39:27,337] 39 root - INFO - [Attacker] Label flip: 10 samples class 4 \u2192 class 0
[2026-07-19 13:39:27,345] 39 root - INFO - [Attacker] Label flip: 19 samples class 4 \u2192 class 0
[2026-07-19 13:39:27,353] 39 root - INFO - [Attacker] Label flip: 9 samples class 4 \u2192 class 0
[2026-07-19 13:39:27,361] 39 root - INFO - [Attacker] Label flip: 9 samples class 4 \u2192 class 0
[2026-07-19 13:39:27,369] 39 root - INFO - [Attacker] Label flip: 13 samples class 4 \u2192 class 0
[2026-07-19 13:39:27,377] 39 root - INFO - [Attacker] Label flip: 8 samples class 4 \u2192 class 0
[2026-07-19 13:39:27,385] 39 root - INFO - [Attacker] Label flip: 10 samples class 4 \u2192 class 0
[2026-07-19 13:39:27,391] 39 root - INFO - [Attacker] Label flip: 18 samples class 4 \u2192 class 0
[2026-07-19 13:39:27,398] 39 root - INFO - [Attacker] Label flip: 12 samples class 4 \u2192 class 0
[2026-07-19 13:39:27,406] 39 root - INFO - [Attacker] Label flip: 11 samples class 4 \u2192 class 0
[2026-07-19 13:39:27,414] 39 root - INFO - [Attacker] Label flip: 17 samples class 4 \u2192 class 0
[2026-07-19 13:39:27,422] 39 root - INFO - [Attacker] Label flip: 9 samples class 4 \u2192 class 0
[2026-07-19 13:39:27,430] 39 root - INFO - [Attacker] Label flip: 13 samples class 4 \u2192 class 0
[2026-07-19 13:39:27,437] 39 root - INFO - [Attacker] Label flip: 12 samples class 4 \u2192 class 0
[2026-07-19 13:39:27,445] 39 root - INFO - [Attacker] Label flip: 7 samples class 4 \u2192 class 0
[2026-07-19 13:39:27,453] 39 root - INFO - [Attacker] Label flip: 9 samples class 4 \u2192 class 0
[2026-07-19 13:39:27,461] 39 root - INFO - [Attacker] Label flip: 17 samples class 4 \u2192 class 0
[2026-07-19 13:39:27,467] 39 root - INFO - [Attacker] Label flip: 9 samples class 4 \u2192 class 0
[2026-07-19 13:39:27,474] 39 root - INFO - [Attacker] Label flip: 13 samples class 4 \u2192 class 0
[2026-07-19 13:39:27,482] 39 root - INFO - [Attacker] Label flip: 15 samples class 4 \u2192 class 0
[2026-07-19 13:39:27,490] 39 root - INFO - [Attacker] Label flip: 14 samples class 4 \u2192 class 0
[2026-07-19 13:39:27,498] 39 root - INFO - [Attacker] Label flip: 15 samples class 4 \u2192 class 0
[2026-07-19 13:39:27,506] 39 root - INFO - [Attacker] Label flip: 15 samples class 4 \u2192 class 0
[2026-07-19 13:39:27,512] 39 root - INFO - [Attacker] Label flip: 12 samples class 4 \u2192 class 0
[2026-07-19 13:39:27,520] 39 root - INFO - [Attacker] Label flip: 12 samples class 4 \u2192 class 0
[2026-07-19 13:39:27,528] 39 root - INFO - [Attacker] Label flip: 11 samples class 4 \u2192 class 0
[2026-07-19 13:39:27,536] 39 root - INFO - [Attacker] Label flip: 11 samples class 4 \u2192 class 0
[2026-07-19 13:39:27,544] 39 root - INFO - [Attacker] Label flip: 14 samples class 4 \u2192 class 0
[2026-07-19 13:39:27,554] 39 root - INFO - [Attacker] Label flip: 24 samples class 4 \u2192 class 0
[2026-07-19 13:39:27,560] 39 root - INFO - [Attacker] Label flip: 11 samples class 4 \u2192 class 0
[2026-07-19 13:39:27,567] 39 root - INFO - [Attacker] Label flip: 9 samples class 4 \u2192 class 0
[2026-07-19 13:39:27,575] 39 root - INFO - [Attacker] Label flip: 8 samples class 4 \u2192 class 0
[2026-07-19 13:39:27,583] 39 root - INFO - [Attacker] Label flip: 7 samples class 4 \u2192 class 0
[2026-07-19 13:39:27,591] 39 root - INFO - [Attacker] Label flip: 8 samples class 4 \u2192 class 0
[2026-07-19 13:39:27,599] 39 root - INFO - [Attacker] Label flip: 13 samples class 4 \u2192 class 0
[2026-07-19 13:39:27,605] 39 root - INFO - [Attacker] Label flip: 11 samples class 4 \u2192 class 0
[2026-07-19 13:39:27,613] 39 root - INFO - [Attacker] Label flip: 14 samples class 4 \u2192 class 0
[2026-07-19 13:39:27,621] 39 root - INFO - [Attacker] Label flip: 15 samples class 4 \u2192 class 0
[2026-07-19 13:39:27,628] 39 root - INFO - [Attacker] Label flip: 11 samples class 4 \u2192 class 0
[2026-07-19 13:39:27,636] 39 root - INFO - [Attacker] Label flip: 9 samples class 4 \u2192 class 0
[2026-07-19 13:39:27,644] 39 root - INFO - [Attacker] Label flip: 12 samples class 4 \u2192 class 0
[2026-07-19 13:39:27,652] 39 root - INFO - [Attacker] Label flip: 9 samples class 4 \u2192 class 0
[2026-07-19 13:39:27,660] 39 root - INFO - [Attacker] Label flip: 6 samples class 4 \u2192 class 0
[2026-07-19 13:39:27,666] 39 root - INFO - [Attacker] Label flip: 13 samples class 4 \u2192 class 0
[2026-07-19 13:39:27,674] 39 root - INFO - [Attacker] Label flip: 6 samples class 4 \u2192 class 0
[2026-07-19 13:39:27,682] 39 root - INFO - [Attacker] Label flip: 17 samples class 4 \u2192 class 0
[2026-07-19 13:39:27,690] 39 root - INFO - [Attacker] Label flip: 17 samples class 4 \u2192 class 0
[2026-07-19 13:39:27,698] 39 root - INFO - [Attacker] Label flip: 15 samples class 4 \u2192 class 0
[2026-07-19 13:39:27,705] 39 root - INFO - [Attacker] Label flip: 17 samples class 4 \u2192 class 0
[2026-07-19 13:39:27,713] 39 root - INFO - [Attacker] Label flip: 10 samples class 4 \u2192 class 0
[2026-07-19 13:39:27,721] 39 root - INFO - [Attacker] Label flip: 16 samples class 4 \u2192 class 0
[2026-07-19 13:39:27,729] 39 root - INFO - [Attacker] Label flip: 13 samples class 4 \u2192 class 0
[2026-07-19 13:39:27,735] 39 root - INFO - [Attacker] Label flip: 12 samples class 4 \u2192 class 0
[2026-07-19 13:39:27,745] 39 root - INFO - [Attacker] Label flip: 17 samples class 4 \u2192 class 0
[2026-07-19 13:39:27,753] 39 root - INFO - [Attacker] Label flip: 10 samples class 4 \u2192 class 0
[2026-07-19 13:39:27,759] 39 root - INFO - [Attacker] Label flip: 16 samples class 4 \u2192 class 0
[2026-07-19 13:39:27,767] 39 root - INFO - [Attacker] Label flip: 22 samples class 4 \u2192 class 0
[2026-07-19 13:39:27,774] 39 root - INFO - [Attacker] Label flip: 12 samples class 4 \u2192 class 0
[2026-07-19 13:39:27,782] 39 root - INFO - [Attacker] Label flip: 12 samples class 4 \u2192 class 0
[2026-07-19 13:39:27,790] 39 root - INFO - [Attacker] Label flip: 16 samples class 4 \u2192 class 0
[2026-07-19 13:39:27,798] 39 root - INFO - [Attacker] Label flip: 11 samples class 4 \u2192 class 0
[2026-07-19 13:39:27,805] 39 root - INFO - [Attacker] Label flip: 17 samples class 4 \u2192 class 0
[2026-07-19 13:39:27,813] 39 root - INFO - [Attacker] Label flip: 10 samples class 4 \u2192 class 0
[2026-07-19 13:39:27,821] 39 root - INFO - [Attacker] Label flip: 11 samples class 4 \u2192 class 0
[2026-07-19 13:39:27,827] 39 root - INFO - [Attacker] Label flip: 15 samples class 4 \u2192 class 0
[2026-07-19 13:39:27,835] 39 root - INFO - [Attacker] Label flip: 19 samples class 4 \u2192 class 0
[2026-07-19 13:39:27,843] 39 root - INFO - [Attacker] Label flip: 11 samples class 4 \u2192 class 0
[2026-07-19 13:39:27,851] 39 root - INFO - [Attacker] Label flip: 11 samples class 4 \u2192 class 0
[2026-07-19 13:39:27,859] 39 root - INFO - [Attacker] Label flip: 15 samples class 4 \u2192 class 0
[2026-07-19 13:39:27,867] 39 root - INFO - [Attacker] Label flip: 16 samples class 4 \u2192 class 0
[2026-07-19 13:39:27,875] 39 root - INFO - [Attacker] Label flip: 12 samples class 4 \u2192 class 0
[2026-07-19 13:39:27,883] 39 root - INFO - [Attacker] Label flip: 13 samples class 4 \u2192 class 0
[2026-07-19 13:39:27,900] 39 root - INFO - [Attacker] Label flip: 11 samples class 4 \u2192 class 0
[2026-07-19 13:39:27,908] 39 root - INFO - [Attacker] Label flip: 9 samples class 4 \u2192 class 0
[2026-07-19 13:39:27,916] 39 root - INFO - [Attacker] Label flip: 13 samples class 4 \u2192 class 0
[2026-07-19 13:39:27,922] 39 root - INFO - [Attacker] Label flip: 6 samples class 4 \u2192 class 0
[2026-07-19 13:39:27,932] 39 root - INFO - [Attacker] Label flip: 13 samples class 4 \u2192 class 0
[2026-07-19 13:39:27,938] 39 root - INFO - [Attacker] Label flip: 13 samples class 4 \u2192 class 0
[2026-07-19 13:39:27,948] 39 root - INFO - [Attacker] Label flip: 13 samples class 4 \u2192 class 0
[2026-07-19 13:39:27,956] 39 root - INFO - [Attacker] Label flip: 14 samples class 4 \u2192 class 0
[2026-07-19 13:39:27,963] 39 root - INFO - [Attacker] Label flip: 12 samples class 4 \u2192 class 0
[2026-07-19 13:39:27,971] 39 root - INFO - [Attacker] Label flip: 11 samples class 4 \u2192 class 0
[2026-07-19 13:39:27,980] 39 root - INFO - [Attacker] Label flip: 11 samples class 4 \u2192 class 0
[2026-07-19 13:39:27,988] 39 root - INFO - [Attacker] Label flip: 21 samples class 4 \u2192 class 0
[2026-07-19 13:39:27,996] 39 root - INFO - [Attacker] Label flip: 9 samples class 4 \u2192 class 0
[2026-07-19 13:39:28,003] 39 root - INFO - [Attacker] Label flip: 11 samples class 4 \u2192 class 0
[2026-07-19 13:39:28,010] 39 root - INFO - [Attacker] Label flip: 13 samples class 4 \u2192 class 0
[2026-07-19 13:39:28,019] 39 root - INFO - [Attacker] Label flip: 17 samples class 4 \u2192 class 0
[2026-07-19 13:39:28,027] 39 root - INFO - [Attacker] Label flip: 11 samples class 4 \u2192 class 0
[2026-07-19 13:39:28,033] 39 root - INFO - [Attacker] Label flip: 14 samples class 4 \u2192 class 0
[2026-07-19 13:39:28,041] 39 root - INFO - [Attacker] Label flip: 7 samples class 4 \u2192 class 0
[2026-07-19 13:39:28,049] 39 root - INFO - [Attacker] Label flip: 16 samples class 4 \u2192 class 0
[2026-07-19 13:39:28,057] 39 root - INFO - [Attacker] Label flip: 18 samples class 4 \u2192 class 0
[2026-07-19 13:39:28,065] 39 root - INFO - [Attacker] Label flip: 13 samples class 4 \u2192 class 0
[2026-07-19 13:39:28,071] 39 root - INFO - [Attacker] Label flip: 12 samples class 4 \u2192 class 0
[2026-07-19 13:39:28,078] 39 root - INFO - [Attacker] Label flip: 12 samples class 4 \u2192 class 0
[2026-07-19 13:39:28,086] 39 root - INFO - [Attacker] Label flip: 16 samples class 4 \u2192 class 0
[2026-07-19 13:39:28,094] 39 root - INFO - [Attacker] Label flip: 8 samples class 4 \u2192 class 0
[2026-07-19 13:39:28,102] 39 root - INFO - [Attacker] Label flip: 11 samples class 4 \u2192 class 0
[2026-07-19 13:39:28,110] 39 root - INFO - [Attacker] Label flip: 18 samples class 4 \u2192 class 0
[2026-07-19 13:39:28,116] 39 root - INFO - [Attacker] Label flip: 14 samples class 4 \u2192 class 0
[2026-07-19 13:39:28,126] 39 root - INFO - [Attacker] Label flip: 15 samples class 4 \u2192 class 0
[2026-07-19 13:39:28,132] 39 root - INFO - [Attacker] Label flip: 13 samples class 4 \u2192 class 0
[2026-07-19 13:39:28,140] 39 root - INFO - [Attacker] Label flip: 15 samples class 4 \u2192 class 0
[2026-07-19 13:39:28,148] 39 root - INFO - [Attacker] Label flip: 16 samples class 4 \u2192 class 0
[2026-07-19 13:39:28,156] 39 root - INFO - [Attacker] Label flip: 15 samples class 4 \u2192 class 0
[2026-07-19 13:39:28,164] 39 root - INFO - [Attacker] Label flip: 12 samples class 4 \u2192 class 0
[2026-07-19 13:39:28,172] 39 root - INFO - [Attacker] Label flip: 14 samples class 4 \u2192 class 0
[2026-07-19 13:39:28,179] 39 root - INFO - [Attacker] Label flip: 16 samples class 4 \u2192 class 0
[2026-07-19 13:39:28,185] 39 root - INFO - [Attacker] Label flip: 12 samples class 4 \u2192 class 0
[2026-07-19 13:39:28,193] 39 root - INFO - [Attacker] Label flip: 11 samples class 4 \u2192 class 0
[2026-07-19 13:39:28,201] 39 root - INFO - [Attacker] Label flip: 14 samples class 4 \u2192 class 0
[2026-07-19 13:39:28,209] 39 root - INFO - [Attacker] Label flip: 13 samples class 4 \u2192 class 0
[2026-07-19 13:39:28,216] 39 root - INFO - [Attacker] Label flip: 7 samples class 4 \u2192 class 0
[2026-07-19 13:39:28,224] 39 root - INFO - [Attacker] Label flip: 8 samples class 4 \u2192 class 0
[2026-07-19 13:39:28,233] 39 root - INFO - [Attacker] Label flip: 17 samples class 4 \u2192 class 0
[2026-07-19 13:39:28,242] 39 root - INFO - [Attacker] Label flip: 12 samples class 4 \u2192 class 0
[2026-07-19 13:39:28,250] 39 root - INFO - [Attacker] Label flip: 7 samples class 4 \u2192 class 0
[2026-07-19 13:39:28,256] 39 root - INFO - [Attacker] Label flip: 15 samples class 4 \u2192 class 0
[2026-07-19 13:39:28,264] 39 root - INFO - [Attacker] Label flip: 4 samples class 4 \u2192 class 0
[2026-07-19 13:39:28,272] 39 root - INFO - [Attacker] Label flip: 6 samples class 4 \u2192 class 0
[2026-07-19 13:39:28,280] 39 root - INFO - [Attacker] Label flip: 16 samples class 4 \u2192 class 0
[2026-07-19 13:39:28,288] 39 root - INFO - [Attacker] Label flip: 20 samples class 4 \u2192 class 0
[2026-07-19 13:39:28,296] 39 root - INFO - [Attacker] Label flip: 13 samples class 4 \u2192 class 0
[2026-07-19 13:39:28,301] 39 root - INFO - [Attacker] Label flip: 14 samples class 4 \u2192 class 0
[2026-07-19 13:39:28,309] 39 root - INFO - [Attacker] Label flip: 14 samples class 4 \u2192 class 0
[2026-07-19 13:39:28,317] 39 root - INFO - [Attacker] Label flip: 18 samples class 4 \u2192 class 0
[2026-07-19 13:39:28,325] 39 root - INFO - [Attacker] Label flip: 10 samples class 4 \u2192 class 0
[2026-07-19 13:39:28,333] 39 root - INFO - [Attacker] Label flip: 8 samples class 4 \u2192 class 0
[2026-07-19 13:39:28,343] 39 root - INFO - [Attacker] Label flip: 10 samples class 4 \u2192 class 0
[2026-07-19 13:39:28,351] 39 root - INFO - [Attacker] Label flip: 17 samples class 4 \u2192 class 0
[2026-07-19 13:39:28,359] 39 root - INFO - [Attacker] Label flip: 8 samples class 4 \u2192 class 0
[2026-07-19 13:39:28,367] 39 root - INFO - [Attacker] Label flip: 10 samples class 4 \u2192 class 0
[2026-07-19 13:39:28,373] 39 root - INFO - [Attacker] Label flip: 6 samples class 4 \u2192 class 0
[2026-07-19 13:39:28,381] 39 root - INFO - [Attacker] Label flip: 15 samples class 4 \u2192 class 0
[2026-07-19 13:39:28,389] 39 root - INFO - [Attacker] Label flip: 15 samples class 4 \u2192 class 0
[2026-07-19 13:39:28,397] 39 root - INFO - [Attacker] Label flip: 12 samples class 4 \u2192 class 0
[2026-07-19 13:39:28,405] 39 root - INFO - [Attacker] Label flip: 12 samples class 4 \u2192 class 0
[2026-07-19 13:39:28,410] 39 root - INFO - [Attacker] Label flip: 11 samples class 4 \u2192 class 0
[2026-07-19 13:39:28,418] 39 root - INFO - [Attacker] Label flip: 9 samples class 4 \u2192 class 0
[2026-07-19 13:39:28,428] 39 root - INFO - [Attacker] Label flip: 5 samples class 4 \u2192 class 0
[2026-07-19 13:39:28,434] 39 root - INFO - [Attacker] Label flip: 10 samples class 4 \u2192 class 0
[2026-07-19 13:39:28,443] 39 root - INFO - [Attacker] Label flip: 13 samples class 4 \u2192 class 0
[2026-07-19 13:39:28,451] 39 root - INFO - [Attacker] Label flip: 13 samples class 4 \u2192 class 0
[2026-07-19 13:39:28,458] 39 root - INFO - [Attacker] Label flip: 11 samples class 4 \u2192 class 0
[2026-07-19 13:39:28,466] 39 root - INFO - [Attacker] Label flip: 8 samples class 4 \u2192 class 0
[2026-07-19 13:39:28,472] 39 root - INFO - [Attacker] Label flip: 7 samples class 4 \u2192 class 0
[2026-07-19 13:39:28,482] 39 root - INFO - [Attacker] Label flip: 14 samples class 4 \u2192 class 0
[2026-07-19 13:39:28,488] 39 root - INFO - [Attacker] Label flip: 8 samples class 4 \u2192 class 0
[2026-07-19 13:39:28,497] 39 root - INFO - [Attacker] Label flip: 14 samples class 4 \u2192 class 0
[2026-07-19 13:39:28,504] 39 root - INFO - [Attacker] Label flip: 8 samples class 4 \u2192 class 0
[2026-07-19 13:39:28,510] 39 root - INFO - [Attacker] Label flip: 22 samples class 4 \u2192 class 0
[2026-07-19 13:39:28,520] 39 root - INFO - [Attacker] Label flip: 7 samples class 4 \u2192 class 0
[2026-07-19 13:39:28,526] 39 root - INFO - [Attacker] Label flip: 15 samples class 4 \u2192 class 0
[2026-07-19 13:39:28,534] 39 root - INFO - [Attacker] Label flip: 15 samples class 4 \u2192 class 0
[2026-07-19 13:39:28,542] 39 root - INFO - [Attacker] Label flip: 18 samples class 4 \u2192 class 0
[2026-07-19 13:39:28,550] 39 root - INFO - [Attacker] Label flip: 8 samples class 4 \u2192 class 0
[2026-07-19 13:39:28,556] 39 root - INFO - [Attacker] Label flip: 7 samples class 4 \u2192 class 0
[2026-07-19 13:39:28,566] 39 root - INFO - [Attacker] Label flip: 11 samples class 4 \u2192 class 0
[2026-07-19 13:39:28,574] 39 root - INFO - [Attacker] Label flip: 12 samples class 4 \u2192 class 0
[2026-07-19 13:39:28,581] 39 root - INFO - [Attacker] Label flip: 15 samples class 4 \u2192 class 0
[2026-07-19 13:39:28,587] 39 root - INFO - [Attacker] Label flip: 15 samples class 4 \u2192 class 0
[2026-07-19 13:39:28,595] 39 root - INFO - [Attacker] Label flip: 4 samples class 4 \u2192 class 0
[2026-07-19 13:39:28,603] 39 root - INFO - [Attacker] Label flip: 14 samples class 4 \u2192 class 0
[2026-07-19 13:39:28,611] 39 root - INFO - [Attacker] Label flip: 14 samples class 4 \u2192 class 0
[2026-07-19 13:39:28,619] 39 root - INFO - [Attacker] Label flip: 9 samples class 4 \u2192 class 0
[2026-07-19 13:39:28,627] 39 root - INFO - [Attacker] Label flip: 11 samples class 4 \u2192 class 0
[2026-07-19 13:39:28,633] 39 root - INFO - [Attacker] Label flip: 10 samples class 4 \u2192 class 0
[2026-07-19 13:39:28,641] 39 root - INFO - [Attacker] Label flip: 9 samples class 4 \u2192 class 0
[2026-07-19 13:39:28,648] 39 root - INFO - [Attacker] Label flip: 16 samples class 4 \u2192 class 0
[2026-07-19 13:39:28,655] 39 root - INFO - [Attacker] Label flip: 14 samples class 4 \u2192 class 0
[2026-07-19 13:39:28,663] 39 root - INFO - [Attacker] Label flip: 9 samples class 4 \u2192 class 0
[2026-07-19 13:39:28,671] 39 root - INFO - [Attacker] Label flip: 13 samples class 4 \u2192 class 0
[2026-07-19 13:39:28,678] 39 root - INFO - [Attacker] Label flip: 9 samples class 4 \u2192 class 0
[2026-07-19 13:39:28,686] 39 root - INFO - [Attacker] Label flip: 9 samples class 4 \u2192 class 0
[2026-07-19 13:39:28,694] 39 root - INFO - [Attacker] Label flip: 10 samples class 4 \u2192 class 0
[2026-07-19 13:39:28,700] 39 root - INFO - [Attacker] Label flip: 12 samples class 4 \u2192 class 0
[2026-07-19 13:39:28,708] 39 root - INFO - [Attacker] Label flip: 11 samples class 4 \u2192 class 0
[2026-07-19 13:39:28,716] 39 root - INFO - [Attacker] Label flip: 18 samples class 4 \u2192 class 0
[2026-07-19 13:39:28,724] 39 root - INFO - [Attacker] Label flip: 9 samples class 4 \u2192 class 0
[2026-07-19 13:39:28,732] 39 root - INFO - [Attacker] Label flip: 12 samples class 4 \u2192 class 0
[2026-07-19 13:39:28,739] 39 root - INFO - [Attacker] Label flip: 21 samples class 4 \u2192 class 0
[2026-07-19 13:39:28,745] 39 root - INFO - [Attacker] Label flip: 10 samples class 4 \u2192 class 0
[2026-07-19 13:39:28,753] 39 root - INFO - [Attacker] Label flip: 20 samples class 4 \u2192 class 0
[2026-07-19 13:39:28,762] 39 root - INFO - [Attacker] Label flip: 18 samples class 4 \u2192 class 0
[2026-07-19 13:39:28,769] 39 root - INFO - [Attacker] Label flip: 10 samples class 4 \u2192 class 0
[2026-07-19 13:39:28,775] 39 root - INFO - [Attacker] Label flip: 12 samples class 4 \u2192 class 0
[2026-07-19 13:39:28,783] 39 root - INFO - [Attacker] Label flip: 10 samples class 4 \u2192 class 0
[2026-07-19 13:39:28,791] 39 root - INFO - [Attacker] Label flip: 16 samples class 4 \u2192 class 0
[2026-07-19 13:39:28,799] 39 root - INFO - [Attacker] Label flip: 18 samples class 4 \u2192 class 0
[2026-07-19 13:39:28,807] 39 root - INFO - [Attacker] Label flip: 19 samples class 4 \u2192 class 0
[2026-07-19 13:39:28,815] 39 root - INFO - [Attacker] Label flip: 14 samples class 4 \u2192 class 0
[2026-07-19 13:39:28,823] 39 root - INFO - [Attacker] Label flip: 11 samples class 4 \u2192 class 0
[2026-07-19 13:39:28,831] 39 root - INFO - [Attacker] Label flip: 9 samples class 4 \u2192 class 0
[2026-07-19 13:39:28,838] 39 root - INFO - [Attacker] Label flip: 9 samples class 4 \u2192 class 0
[2026-07-19 13:39:28,845] 39 root - INFO - [Attacker] Label flip: 13 samples class 4 \u2192 class 0
[2026-07-19 13:39:28,852] 39 root - INFO - [Attacker] Label flip: 11 samples class 4 \u2192 class 0
[2026-07-19 13:39:28,861] 39 root - INFO - [Attacker] Label flip: 14 samples class 4 \u2192 class 0
[2026-07-19 13:39:28,868] 39 root - INFO - [Attacker] Label flip: 9 samples class 4 \u2192 class 0
[2026-07-19 13:39:28,876] 39 root - INFO - [Attacker] Label flip: 17 samples class 4 \u2192 class 0
[2026-07-19 13:39:28,884] 39 root - INFO - [Attacker] Label flip: 12 samples class 4 \u2192 class 0
[2026-07-19 13:39:28,890] 39 root - INFO - [Attacker] Label flip: 9 samples class 4 \u2192 class 0
[2026-07-19 13:39:28,898] 39 root - INFO - [Attacker] Label flip: 11 samples class 4 \u2192 class 0
[2026-07-19 13:39:28,906] 39 root - INFO - [Attacker] Label flip: 10 samples class 4 \u2192 class 0
[2026-07-19 13:39:28,914] 39 root - INFO - [Attacker] Label flip: 10 samples class 4 \u2192 class 0
[2026-07-19 13:39:28,922] 39 root - INFO - [Attacker] Label flip: 14 samples class 4 \u2192 class 0
[2026-07-19 13:39:28,927] 39 root - INFO - [Attacker] Label flip: 13 samples class 4 \u2192 class 0
[2026-07-19 13:39:28,936] 39 root - INFO - [Attacker] Label flip: 13 samples class 4 \u2192 class 0
[2026-07-19 13:39:28,943] 39 root - INFO - [Attacker] Label flip: 16 samples class 4 \u2192 class 0
[2026-07-19 13:39:28,951] 39 root - INFO - [Attacker] Label flip: 13 samples class 4 \u2192 class 0
[2026-07-19 13:39:28,959] 39 root - INFO - [Attacker] Label flip: 15 samples class 4 \u2192 class 0
[2026-07-19 13:39:28,966] 39 root - INFO - [Attacker] Label flip: 15 samples class 4 \u2192 class 0
[2026-07-19 13:39:28,974] 39 root - INFO - [Attacker] Label flip: 20 samples class 4 \u2192 class 0
[2026-07-19 13:39:28,981] 39 root - INFO - [Attacker] Label flip: 16 samples class 4 \u2192 class 0
[2026-07-19 13:39:28,989] 39 root - INFO - [Attacker] Label flip: 14 samples class 4 \u2192 class 0
[2026-07-19 13:39:28,997] 39 root - INFO - [Attacker] Label flip: 12 samples class 4 \u2192 class 0
[2026-07-19 13:39:29,005] 39 root - INFO - [Attacker] Label flip: 16 samples class 4 \u2192 class 0
[2026-07-19 13:39:29,013] 39 root - INFO - [Attacker] Label flip: 12 samples class 4 \u2192 class 0
[2026-07-19 13:39:29,019] 39 root - INFO - [Attacker] Label flip: 14 samples class 4 \u2192 class 0
[2026-07-19 13:39:29,029] 39 root - INFO - [Attacker] Label flip: 12 samples class 4 \u2192 class 0
[2026-07-19 13:39:29,036] 39 root - INFO - [Attacker] Label flip: 13 samples class 4 \u2192 class 0
[2026-07-19 13:39:29,044] 39 root - INFO - [Attacker] Label flip: 13 samples class 4 \u2192 class 0
[2026-07-19 13:39:29,053] 39 root - INFO - [Attacker] Label flip: 11 samples class 4 \u2192 class 0
[2026-07-19 13:39:29,059] 39 root - INFO - [Attacker] Label flip: 17 samples class 4 \u2192 class 0
[2026-07-19 13:39:29,067] 39 root - INFO - [Attacker] Label flip: 12 samples class 4 \u2192 class 0
[2026-07-19 13:39:29,073] 39 root - INFO - [Attacker] Label flip: 16 samples class 4 \u2192 class 0
[2026-07-19 13:39:29,081] 39 root - INFO - [Attacker] Label flip: 7 samples class 4 \u2192 class 0
[2026-07-19 13:39:29,089] 39 root - INFO - [Attacker] Label flip: 12 samples class 4 \u2192 class 0
[2026-07-19 13:39:29,097] 39 root - INFO - [Attacker] Label flip: 13 samples class 4 \u2192 class 0
[2026-07-19 13:39:29,103] 39 root - INFO - [Attacker] Label flip: 10 samples class 4 \u2192 class 0
[2026-07-19 13:39:29,111] 39 root - INFO - [Attacker] Label flip: 13 samples class 4 \u2192 class 0
[2026-07-19 13:39:29,119] 39 root - INFO - [Attacker] Label flip: 13 samples class 4 \u2192 class 0
[2026-07-19 13:39:29,127] 39 root - INFO - [Attacker] Label flip: 13 samples class 4 \u2192 class 0
[2026-07-19 13:39:29,134] 39 root - INFO - [Attacker] Label flip: 8 samples class 4 \u2192 class 0
[2026-07-19 13:39:29,140] 39 root - INFO - [Attacker] Label flip: 8 samples class 4 \u2192 class 0
[2026-07-19 13:39:29,148] 39 root - INFO - [Attacker] Label flip: 13 samples class 4 \u2192 class 0
[2026-07-19 13:39:29,156] 39 root - INFO - [Attacker] Label flip: 10 samples class 4 \u2192 class 0
[2026-07-19 13:39:29,164] 39 root - INFO - [Attacker] Label flip: 8 samples class 4 \u2192 class 0
[2026-07-19 13:39:29,172] 39 root - INFO - [Attacker] Label flip: 8 samples class 4 \u2192 class 0
[2026-07-19 13:39:29,180] 39 root - INFO - [Attacker] Label flip: 22 samples class 4 \u2192 class 0
[2026-07-19 13:39:29,186] 39 root - INFO - [Attacker] Label flip: 10 samples class 4 \u2192 class 0
[2026-07-19 13:39:29,194] 39 root - INFO - [Attacker] Label flip: 10 samples class 4 \u2192 class 0
[2026-07-19 13:39:29,202] 39 root - INFO - [Attacker] Label flip: 18 samples class 4 \u2192 class 0
[2026-07-19 13:39:29,209] 39 root - INFO - [Attacker] Label flip: 12 samples class 4 \u2192 class 0
[2026-07-19 13:39:29,215] 39 root - INFO - [Attacker] Label flip: 7 samples class 4 \u2192 class 0
[2026-07-19 13:39:29,223] 39 root - INFO - [Attacker] Label flip: 12 samples class 4 \u2192 class 0
[2026-07-19 13:39:29,231] 39 root - INFO - [Attacker] Label flip: 10 samples class 4 \u2192 class 0
[2026-07-19 13:39:29,237] 39 root - INFO - [Attacker] Label flip: 9 samples class 4 \u2192 class 0
[2026-07-19 13:39:29,245] 39 root - INFO - [Attacker] Label flip: 16 samples class 4 \u2192 class 0
[2026-07-19 13:39:29,253] 39 root - INFO - [Attacker] Label flip: 7 samples class 4 \u2192 class 0
[2026-07-19 13:39:29,259] 39 root - INFO - [Attacker] Label flip: 21 samples class 4 \u2192 class 0
[2026-07-19 13:39:29,266] 39 root - INFO - [Attacker] Label flip: 9 samples class 4 \u2192 class 0
[2026-07-19 13:39:29,276] 39 root - INFO - [Attacker] Label flip: 20 samples class 4 \u2192 class 0
[2026-07-19 13:39:29,282] 39 root - INFO - [Attacker] Label flip: 16 samples class 4 \u2192 class 0
[2026-07-19 13:39:29,290] 39 root - INFO - [Attacker] Label flip: 5 samples class 4 \u2192 class 0
[2026-07-19 13:39:29,298] 39 root - INFO - [Attacker] Label flip: 13 samples class 4 \u2192 class 0
[2026-07-19 13:39:29,306] 39 root - INFO - [Attacker] Label flip: 14 samples class 4 \u2192 class 0
[2026-07-19 13:39:29,312] 39 root - INFO - [Attacker] Label flip: 12 samples class 4 \u2192 class 0
[2026-07-19 13:39:29,320] 39 root - INFO - [Attacker] Label flip: 11 samples class 4 \u2192 class 0
[2026-07-19 13:39:29,328] 39 root - INFO - [Attacker] Label flip: 12 samples class 4 \u2192 class 0
[2026-07-19 13:39:29,335] 39 root - INFO - [Attacker] Label flip: 15 samples class 4 \u2192 class 0
[2026-07-19 13:39:29,341] 39 root - INFO - [Attacker] Label flip: 19 samples class 4 \u2192 class 0
[2026-07-19 13:39:29,349] 39 root - INFO - [Attacker] Label flip: 17 samples class 4 \u2192 class 0
[2026-07-19 13:39:29,357] 39 root - INFO - [Attacker] Label flip: 13 samples class 4 \u2192 class 0
[2026-07-19 13:39:29,365] 39 root - INFO - [Attacker] Label flip: 16 samples class 4 \u2192 class 0
[2026-07-19 13:39:29,372] 39 root - INFO - [Attacker] Label flip: 13 samples class 4 \u2192 class 0
[2026-07-19 13:39:29,378] 39 root - INFO - [Attacker] Label flip: 12 samples class 4 \u2192 class 0
[2026-07-19 13:39:29,386] 39 root - INFO - [Attacker] Label flip: 11 samples class 4 \u2192 class 0
[2026-07-19 13:39:29,392] 39 root - INFO - [Attacker] Label flip: 18 samples class 4 \u2192 class 0
[2026-07-19 13:39:29,400] 39 root - INFO - [Attacker] Label flip: 15 samples class 4 \u2192 class 0
[2026-07-19 13:39:29,406] 39 root - INFO - [Attacker] Label flip: 9 samples class 4 \u2192 class 0
[2026-07-19 13:39:29,414] 39 root - INFO - [Attacker] Label flip: 9 samples class 4 \u2192 class 0
[2026-07-19 13:39:29,422] 39 root - INFO - [Attacker] Label flip: 15 samples class 4 \u2192 class 0
[2026-07-19 13:39:29,430] 39 root - INFO - [Attacker] Label flip: 12 samples class 4 \u2192 class 0
[2026-07-19 13:39:29,436] 39 root - INFO - [Attacker] Label flip: 11 samples class 4 \u2192 class 0
[2026-07-19 13:39:29,444] 39 root - INFO - [Attacker] Label flip: 9 samples class 4 \u2192 class 0
[2026-07-19 13:39:29,452] 39 root - INFO - [Attacker] Label flip: 17 samples class 4 \u2192 class 0
[2026-07-19 13:39:29,458] 39 root - INFO - [Attacker] Label flip: 12 samples class 4 \u2192 class 0
[2026-07-19 13:39:29,465] 39 root - INFO - [Attacker] Label flip: 17 samples class 4 \u2192 class 0
[2026-07-19 13:39:29,473] 39 root - INFO - [Attacker] Label flip: 18 samples class 4 \u2192 class 0
[2026-07-19 13:39:29,481] 39 root - INFO - [Attacker] Label flip: 9 samples class 4 \u2192 class 0
[2026-07-19 13:39:29,487] 39 root - INFO - [Attacker] Label flip: 9 samples class 4 \u2192 class 0
[2026-07-19 13:39:29,495] 39 root - INFO - [Attacker] Label flip: 13 samples class 4 \u2192 class 0
[2026-07-19 13:39:29,501] 39 root - INFO - [Attacker] Label flip: 12 samples class 4 \u2192 class 0
[2026-07-19 13:39:29,508] 39 root - INFO - [Attacker] Label flip: 11 samples class 4 \u2192 class 0
[2026-07-19 13:39:29,516] 39 root - INFO - [Attacker] Label flip: 11 samples class 4 \u2192 class 0
[2026-07-19 13:39:29,524] 39 root - INFO - [Attacker] Label flip: 11 samples class 4 \u2192 class 0
[2026-07-19 13:39:29,530] 39 root - INFO - [Attacker] Label flip: 6 samples class 4 \u2192 class 0
[2026-07-19 13:39:29,538] 39 root - INFO - [Attacker] Label flip: 13 samples class 4 \u2192 class 0
[2026-07-19 13:39:29,546] 39 root - INFO - [Attacker] Label flip: 22 samples class 4 \u2192 class 0
[2026-07-19 13:39:29,552] 39 root - INFO - [Attacker] Label flip: 12 samples class 4 \u2192 class 0
[2026-07-19 13:39:29,562] 39 root - INFO - [Attacker] Label flip: 17 samples class 4 \u2192 class 0
[2026-07-19 13:39:29,568] 39 root - INFO - [Attacker] Label flip: 13 samples class 4 \u2192 class 0
[2026-07-19 13:39:29,575] 39 root - INFO - [Attacker] Label flip: 15 samples class 4 \u2192 class 0
[2026-07-19 13:39:29,583] 39 root - INFO - [Attacker] Label flip: 14 samples class 4 \u2192 class 0
[2026-07-19 13:39:29,591] 39 root - INFO - [Attacker] Label flip: 17 samples class 4 \u2192 class 0
[2026-07-19 13:39:29,597] 39 root - INFO - [Attacker] Label flip: 10 samples class 4 \u2192 class 0
[2026-07-19 13:39:29,605] 39 root - INFO - [Attacker] Label flip: 20 samples class 4 \u2192 class 0
[2026-07-19 13:39:29,612] 39 root - INFO - [Attacker] Label flip: 10 samples class 4 \u2192 class 0
[2026-07-19 13:39:29,620] 39 root - INFO - [Attacker] Label flip: 14 samples class 4 \u2192 class 0
[2026-07-19 13:39:29,626] 39 root - INFO - [Attacker] Label flip: 15 samples class 4 \u2192 class 0
[2026-07-19 13:39:29,634] 39 root - INFO - [Attacker] Label flip: 10 samples class 4 \u2192 class 0
[2026-07-19 13:39:29,642] 39 root - INFO - [Attacker] Label flip: 3 samples class 4 \u2192 class 0
[2026-07-19 13:39:29,648] 39 root - INFO - [Attacker] Label flip: 10 samples class 4 \u2192 class 0
[2026-07-19 13:39:29,656] 39 root - INFO - [Attacker] Label flip: 17 samples class 4 \u2192 class 0
[2026-07-19 13:39:29,664] 39 root - INFO - [Attacker] Label flip: 11 samples class 4 \u2192 class 0
[2026-07-19 13:39:29,671] 39 root - INFO - [Attacker] Label flip: 19 samples class 4 \u2192 class 0
[2026-07-19 13:39:29,679] 39 root - INFO - [Attacker] Label flip: 13 samples class 4 \u2192 class 0
[2026-07-19 13:39:29,685] 39 root - INFO - [Attacker] Label flip: 7 samples class 4 \u2192 class 0
[2026-07-19 13:39:29,693] 39 root - INFO - [Attacker] Label flip: 14 samples class 4 \u2192 class 0
[2026-07-19 13:39:29,701] 39 root - INFO - [Attacker] Label flip: 15 samples class 4 \u2192 class 0
[2026-07-19 13:39:29,709] 39 root - INFO - [Attacker] Label flip: 12 samples class 4 \u2192 class 0
[2026-07-19 13:39:29,715] 39 root - INFO - [Attacker] Label flip: 7 samples class 4 \u2192 class 0
[2026-07-19 13:39:29,723] 39 root - INFO - [Attacker] Label flip: 13 samples class 4 \u2192 class 0
[2026-07-19 13:39:29,731] 39 root - INFO - [Attacker] Label flip: 12 samples class 4 \u2192 class 0
[2026-07-19 13:39:29,739] 39 root - INFO - [Attacker] Label flip: 13 samples class 4 \u2192 class 0
[2026-07-19 13:39:29,745] 39 root - INFO - [Attacker] Label flip: 5 samples class 4 \u2192 class 0
[2026-07-19 13:39:29,752] 39 root - INFO - [Attacker] Label flip: 11 samples class 4 \u2192 class 0
[2026-07-19 13:39:29,760] 39 root - INFO - [Attacker] Label flip: 20 samples class 4 \u2192 class 0
[2026-07-19 13:39:29,766] 39 root - INFO - [Attacker] Label flip: 13 samples class 4 \u2192 class 0
[2026-07-19 13:39:29,774] 39 root - INFO - [Attacker] Label flip: 19 samples class 4 \u2192 class 0
[2026-07-19 13:39:29,782] 39 root - INFO - [Attacker] Label flip: 13 samples class 4 \u2192 class 0
[2026-07-19 13:39:29,790] 39 root - INFO - [Attacker] Label flip: 15 samples class 4 \u2192 class 0
[2026-07-19 13:39:29,797] 39 root - INFO - [Attacker] Label flip: 12 samples class 4 \u2192 class 0
[2026-07-19 13:39:29,803] 39 root - INFO - [Attacker] Label flip: 16 samples class 4 \u2192 class 0
[2026-07-19 13:39:29,811] 39 root - INFO - [Attacker] Label flip: 12 samples class 4 \u2192 class 0
[2026-07-19 13:39:29,819] 39 root - INFO - [Attacker] Label flip: 12 samples class 4 \u2192 class 0
[2026-07-19 13:39:29,827] 39 root - INFO - [Attacker] Label flip: 13 samples class 4 \u2192 class 0
[2026-07-19 13:39:29,835] 39 root - INFO - [Attacker] Label flip: 10 samples class 4 \u2192 class 0
[2026-07-19 13:39:29,841] 39 root - INFO - [Attacker] Label flip: 14 samples class 4 \u2192 class 0
[2026-07-19 13:39:29,849] 39 root - INFO - [Attacker] Label flip: 8 samples class 4 \u2192 class 0
[2026-07-19 13:39:29,857] 39 root - INFO - [Attacker] Label flip: 11 samples class 4 \u2192 class 0
[2026-07-19 13:39:29,865] 39 root - INFO - [Attacker] Label flip: 11 samples class 4 \u2192 class 0
[2026-07-19 13:39:29,871] 39 root - INFO - [Attacker] Label flip: 19 samples class 4 \u2192 class 0
[2026-07-19 13:39:29,878] 39 root - INFO - [Attacker] Label flip: 17 samples class 4 \u2192 class 0
[2026-07-19 13:39:29,886] 39 root - INFO - [Attacker] Label flip: 17 samples class 4 \u2192 class 0
[2026-07-19 13:39:29,894] 39 root - INFO - [Attacker] Label flip: 7 samples class 4 \u2192 class 0
[2026-07-19 13:39:29,900] 39 root - INFO - [Attacker] Label flip: 21 samples class 4 \u2192 class 0
[2026-07-19 13:39:29,908] 39 root - INFO - [Attacker] Label flip: 13 samples class 4 \u2192 class 0
[2026-07-19 13:39:29,916] 39 root - INFO - [Attacker] Label flip: 10 samples class 4 \u2192 class 0
[2026-07-19 13:39:29,922] 39 root - INFO - [Attacker] Label flip: 19 samples class 4 \u2192 class 0
[2026-07-19 13:39:29,930] 39 root - INFO - [Attacker] Label flip: 15 samples class 4 \u2192 class 0
[2026-07-19 13:39:29,938] 39 root - INFO - [Attacker] Label flip: 11 samples class 4 \u2192 class 0
[2026-07-19 13:39:29,945] 39 root - INFO - [Attacker] Label flip: 14 samples class 4 \u2192 class 0
[2026-07-19 13:39:29,951] 39 root - INFO - [Attacker] Label flip: 16 samples class 4 \u2192 class 0
[2026-07-19 13:39:29,959] 39 root - INFO - [Attacker] Label flip: 12 samples class 4 \u2192 class 0
[2026-07-19 13:39:29,967] 39 root - INFO - [Attacker] Label flip: 9 samples class 4 \u2192 class 0
[2026-07-19 13:39:29,975] 39 root - INFO - [Attacker] Label flip: 13 samples class 4 \u2192 class 0
[2026-07-19 13:39:29,982] 39 root - INFO - [Attacker] Label flip: 17 samples class 4 \u2192 class 0
[2026-07-19 13:39:29,990] 39 root - INFO - [Attacker] Label flip: 19 samples class 4 \u2192 class 0
[2026-07-19 13:39:29,996] 39 root - INFO - [Attacker] Label flip: 7 samples class 4 \u2192 class 0
[2026-07-19 13:39:30,004] 39 root - INFO - [Attacker] Label flip: 8 samples class 4 \u2192 class 0
[2026-07-19 13:39:30,012] 39 root - INFO - [Attacker] Label flip: 12 samples class 4 \u2192 class 0
[2026-07-19 13:39:30,020] 39 root - INFO - [Attacker] Label flip: 11 samples class 4 \u2192 class 0
[2026-07-19 13:39:30,028] 39 root - INFO - [Attacker] Label flip: 13 samples class 4 \u2192 class 0
[2026-07-19 13:39:30,036] 39 root - INFO - [Attacker] Label flip: 6 samples class 4 \u2192 class 0
[2026-07-19 13:39:30,044] 39 root - INFO - [Attacker] Label flip: 7 samples class 4 \u2192 class 0
[2026-07-19 13:39:30,050] 39 root - INFO - [Attacker] Label flip: 13 samples class 4 \u2192 class 0
[2026-07-19 13:39:30,058] 39 root - INFO - [Attacker] Label flip: 15 samples class 4 \u2192 class 0
[2026-07-19 13:39:30,065] 39 root - INFO - [Attacker] Label flip: 16 samples class 4 \u2192 class 0
[2026-07-19 13:39:30,073] 39 root - INFO - [Attacker] Label flip: 10 samples class 4 \u2192 class 0
[2026-07-19 13:39:30,079] 39 root - INFO - [Attacker] Label flip: 9 samples class 4 \u2192 class 0
[2026-07-19 13:39:30,088] 39 root - INFO - [Attacker] Label flip: 13 samples class 4 \u2192 class 0
[2026-07-19 13:39:30,095] 39 root - INFO - [Attacker] Label flip: 17 samples class 4 \u2192 class 0
[2026-07-19 13:39:30,103] 39 root - INFO - [Attacker] Label flip: 9 samples class 4 \u2192 class 0
[2026-07-19 13:39:30,111] 39 root - INFO - [Attacker] Label flip: 11 samples class 4 \u2192 class 0
[2026-07-19 13:39:30,117] 39 root - INFO - [Attacker] Label flip: 16 samples class 4 \u2192 class 0
[2026-07-19 13:39:30,125] 39 root - INFO - [Attacker] Label flip: 14 samples class 4 \u2192 class 0
[2026-07-19 13:39:30,133] 39 root - INFO - [Attacker] Label flip: 10 samples class 4 \u2192 class 0
[2026-07-19 13:39:30,141] 39 root - INFO - [Attacker] Label flip: 8 samples class 4 \u2192 class 0
[2026-07-19 13:39:30,147] 39 root - INFO - [Attacker] Label flip: 12 samples class 4 \u2192 class 0
[2026-07-19 13:39:30,154] 39 root - INFO - [Attacker] Label flip: 8 samples class 4 \u2192 class 0
[2026-07-19 13:39:30,162] 39 root - INFO - [Attacker] Label flip: 9 samples class 4 \u2192 class 0
[2026-07-19 13:39:30,168] 39 root - INFO - [Attacker] Label flip: 15 samples class 4 \u2192 class 0
[2026-07-19 13:39:30,176] 39 root - INFO - [Attacker] Label flip: 19 samples class 4 \u2192 class 0
[2026-07-19 13:39:30,184] 39 root - INFO - [Attacker] Label flip: 22 samples class 4 \u2192 class 0
[2026-07-19 13:39:30,191] 39 root - INFO - [Attacker] Label flip: 12 samples class 4 \u2192 class 0
[2026-07-19 13:39:30,197] 39 root - INFO - [Attacker] Label flip: 11 samples class 4 \u2192 class 0
[2026-07-19 13:39:30,205] 39 root - INFO - [Attacker] Label flip: 8 samples class 4 \u2192 class 0
[2026-07-19 13:39:30,213] 39 root - INFO - [Attacker] Label flip: 10 samples class 4 \u2192 class 0
[2026-07-19 13:39:30,221] 39 root - INFO - [Attacker] Label flip: 10 samples class 4 \u2192 class 0
[2026-07-19 13:39:30,227] 39 root - INFO - [Attacker] Label flip: 12 samples class 4 \u2192 class 0
[2026-07-19 13:39:30,235] 39 root - INFO - [Attacker] Label flip: 18 samples class 4 \u2192 class 0
[2026-07-19 13:39:30,243] 39 root - INFO - [Attacker] Label flip: 14 samples class 4 \u2192 class 0
[2026-07-19 13:39:30,249] 39 root - INFO - [Attacker] Label flip: 15 samples class 4 \u2192 class 0
[2026-07-19 13:39:30,257] 39 root - INFO - [Attacker] Label flip: 7 samples class 4 \u2192 class 0
[2026-07-19 13:39:30,265] 39 root - INFO - [Attacker] Label flip: 19 samples class 4 \u2192 class 0
[2026-07-19 13:39:30,271] 39 root - INFO - [Attacker] Label flip: 18 samples class 4 \u2192 class 0
[2026-07-19 13:39:30,278] 39 root - INFO - [Attacker] Label flip: 16 samples class 4 \u2192 class 0
[2026-07-19 13:39:30,286] 39 root - INFO - [Attacker] Label flip: 19 samples class 4 \u2192 class 0
[2026-07-19 13:39:30,294] 39 root - INFO - [Attacker] Label flip: 14 samples class 4 \u2192 class 0
[2026-07-19 13:39:30,300] 39 root - INFO - [Attacker] Label flip: 8 samples class 4 \u2192 class 0
[2026-07-19 13:39:30,308] 39 root - INFO - [Attacker] Label flip: 14 samples class 4 \u2192 class 0
[2026-07-19 13:39:30,316] 39 root - INFO - [Attacker] Label flip: 19 samples class 4 \u2192 class 0
[2026-07-19 13:39:30,324] 39 root - INFO - [Attacker] Label flip: 8 samples class 4 \u2192 class 0
[2026-07-19 13:39:30,329] 39 root - INFO - [Attacker] Label flip: 14 samples class 4 \u2192 class 0
[2026-07-19 13:39:30,337] 39 root - INFO - [Attacker] Label flip: 16 samples class 4 \u2192 class 0
[2026-07-19 13:39:30,345] 39 root - INFO - [Attacker] Label flip: 9 samples class 4 \u2192 class 0
[2026-07-19 13:39:30,351] 39 root - INFO - [Attacker] Label flip: 15 samples class 4 \u2192 class 0
[2026-07-19 13:39:30,359] 39 root - INFO - [Attacker] Label flip: 13 samples class 4 \u2192 class 0
[2026-07-19 13:39:30,367] 39 root - INFO - [Attacker] Label flip: 11 samples class 4 \u2192 class 0
[2026-07-19 13:39:30,375] 39 root - INFO - [Attacker] Label flip: 13 samples class 4 \u2192 class 0
[2026-07-19 13:39:30,381] 39 root - INFO - [Attacker] Label flip: 10 samples class 4 \u2192 class 0
[2026-07-19 13:39:30,389] 39 root - INFO - [Attacker] Label flip: 10 samples class 4 \u2192 class 0
[2026-07-19 13:39:30,396] 39 root - INFO - [Attacker] Label flip: 15 samples class 4 \u2192 class 0
[2026-07-19 13:39:30,404] 39 root - INFO - [Attacker] Label flip: 17 samples class 4 \u2192 class 0
[2026-07-19 13:39:30,410] 39 root - INFO - [Attacker] Label flip: 17 samples class 4 \u2192 class 0
[2026-07-19 13:39:30,418] 39 root - INFO - [Attacker] Label flip: 17 samples class 4 \u2192 class 0
[2026-07-19 13:39:30,426] 39 root - INFO - [Attacker] Label flip: 9 samples class 4 \u2192 class 0
[2026-07-19 13:39:30,432] 39 root - INFO - [Attacker] Label flip: 12 samples class 4 \u2192 class 0
[2026-07-19 13:39:30,442] 39 root - INFO - [Attacker] Label flip: 12 samples class 4 \u2192 class 0
[2026-07-19 13:39:30,448] 39 root - INFO - [Attacker] Label flip: 14 samples class 4 \u2192 class 0
[2026-07-19 13:39:30,455] 39 root - INFO - [Attacker] Label flip: 12 samples class 4 \u2192 class 0
[2026-07-19 13:39:30,463] 39 root - INFO - [Attacker] Label flip: 11 samples class 4 \u2192 class 0
[2026-07-19 13:39:30,471] 39 root - INFO - [Attacker] Label flip: 13 samples class 4 \u2192 class 0
[2026-07-19 13:39:30,477] 39 root - INFO - [Attacker] Label flip: 11 samples class 4 \u2192 class 0
[2026-07-19 13:39:30,485] 39 root - INFO - [Attacker] Label flip: 13 samples class 4 \u2192 class 0
[2026-07-19 13:39:30,495] 39 root - INFO - [Attacker] Label flip: 7 samples class 4 \u2192 class 0
[2026-07-19 13:39:30,503] 39 root - INFO - [Attacker] Label flip: 12 samples class 4 \u2192 class 0
[2026-07-19 13:39:30,509] 39 root - INFO - [Attacker] Label flip: 13 samples class 4 \u2192 class 0
[2026-07-19 13:39:30,516] 39 root - INFO - [Attacker] Label flip: 15 samples class 4 \u2192 class 0
[2026-07-19 13:39:30,524] 39 root - INFO - [Attacker] Label flip: 10 samples class 4 \u2192 class 0
[2026-07-19 13:39:30,530] 39 root - INFO - [Attacker] Label flip: 13 samples class 4 \u2192 class 0
[2026-07-19 13:39:30,538] 39 root - INFO - [Attacker] Label flip: 10 samples class 4 \u2192 class 0
[2026-07-19 13:39:30,546] 39 root - INFO - [Attacker] Label flip: 12 samples class 4 \u2192 class 0
[2026-07-19 13:39:30,552] 39 root - INFO - [Attacker] Label flip: 14 samples class 4 \u2192 class 0
[2026-07-19 13:39:30,560] 39 root - INFO - [Attacker] Label flip: 10 samples class 4 \u2192 class 0
[2026-07-19 13:39:30,568] 39 root - INFO - [Attacker] Label flip: 14 samples class 4 \u2192 class 0
[2026-07-19 13:39:30,576] 39 root - INFO - [Attacker] Label flip: 15 samples class 4 \u2192 class 0
[2026-07-19 13:39:30,583] 39 root - INFO - [Attacker] Label flip: 14 samples class 4 \u2192 class 0
[2026-07-19 13:39:30,590] 39 root - INFO - [Attacker] Label flip: 13 samples class 4 \u2192 class 0
[2026-07-19 13:39:30,597] 39 root - INFO - [Attacker] Label flip: 21 samples class 4 \u2192 class 0
[2026-07-19 13:39:30,605] 39 root - INFO - [Attacker] Label flip: 11 samples class 4 \u2192 class 0
[2026-07-19 13:39:30,613] 39 root - INFO - [Attacker] Label flip: 11 samples class 4 \u2192 class 0
[2026-07-19 13:39:30,619] 39 root - INFO - [Attacker] Label flip: 16 samples class 4 \u2192 class 0
[2026-07-19 13:39:30,627] 39 root - INFO - [Attacker] Label flip: 8 samples class 4 \u2192 class 0
[2026-07-19 13:39:30,634] 39 root - INFO - [Attacker] Label flip: 11 samples class 4 \u2192 class 0
[2026-07-19 13:39:30,642] 39 root - INFO - [Attacker] Label flip: 10 samples class 4 \u2192 class 0
[2026-07-19 13:39:30,650] 39 root - INFO - [Attacker] Label flip: 11 samples class 4 \u2192 class 0
[2026-07-19 13:39:30,658] 39 root - INFO - [Attacker] Label flip: 15 samples class 4 \u2192 class 0
[2026-07-19 13:39:30,665] 39 root - INFO - [Attacker] Label flip: 14 samples class 4 \u2192 class 0
[2026-07-19 13:39:30,671] 39 root - INFO - [Attacker] Label flip: 7 samples class 4 \u2192 class 0
[2026-07-19 13:39:30,679] 39 root - INFO - [Attacker] Label flip: 13 samples class 4 \u2192 class 0
[2026-07-19 13:39:30,687] 39 root - INFO - [Attacker] Label flip: 9 samples class 4 \u2192 class 0
[2026-07-19 13:39:30,693] 39 root - INFO - [Attacker] Label flip: 13 samples class 4 \u2192 class 0
[2026-07-19 13:39:30,701] 39 root - INFO - [Attacker] Label flip: 8 samples class 4 \u2192 class 0
[2026-07-19 13:39:30,709] 39 root - INFO - [Attacker] Label flip: 15 samples class 4 \u2192 class 0
[2026-07-19 13:39:30,717] 39 root - INFO - [Attacker] Label flip: 11 samples class 4 \u2192 class 0
[2026-07-19 13:39:30,723] 39 root - INFO - [Attacker] Label flip: 13 samples class 4 \u2192 class 0
[2026-07-19 13:39:30,730] 39 root - INFO - [Attacker] Label flip: 18 samples class 4 \u2192 class 0
[2026-07-19 13:39:30,738] 39 root - INFO - [Attacker] Label flip: 14 samples class 4 \u2192 class 0
[2026-07-19 13:39:30,746] 39 root - INFO - [Attacker] Label flip: 7 samples class 4 \u2192 class 0
[2026-07-19 13:39:30,752] 39 root - INFO - [Attacker] Label flip: 17 samples class 4 \u2192 class 0
[2026-07-19 13:39:30,760] 39 root - INFO - [Attacker] Label flip: 8 samples class 4 \u2192 class 0
[2026-07-19 13:39:30,768] 39 root - INFO - [Attacker] Label flip: 11 samples class 4 \u2192 class 0
[2026-07-19 13:39:30,776] 39 root - INFO - [Attacker] Label flip: 14 samples class 4 \u2192 class 0
[2026-07-19 13:39:30,784] 39 root - INFO - [Attacker] Label flip: 15 samples class 4 \u2192 class 0
[2026-07-19 13:39:30,792] 39 root - INFO - [Attacker] Label flip: 13 samples class 4 \u2192 class 0
[2026-07-19 13:39:30,798] 39 root - INFO - [Attacker] Label flip: 12 samples class 4 \u2192 class 0
[2026-07-19 13:39:30,805] 39 root - INFO - [Attacker] Label flip: 17 samples class 4 \u2192 class 0
[2026-07-19 13:39:30,813] 39 root - INFO - [Attacker] Label flip: 14 samples class 4 \u2192 class 0
[2026-07-19 13:39:30,821] 39 root - INFO - [Attacker] Label flip: 13 samples class 4 \u2192 class 0
[2026-07-19 13:39:30,829] 39 root - INFO - [Attacker] Label flip: 10 samples class 4 \u2192 class 0
[2026-07-19 13:39:30,835] 39 root - INFO - [Attacker] Label flip: 11 samples class 4 \u2192 class 0
[2026-07-19 13:39:30,843] 39 root - INFO - [Attacker] Label flip: 16 samples class 4 \u2192 class 0
[2026-07-19 13:39:30,851] 39 root - INFO - [Attacker] Label flip: 9 samples class 4 \u2192 class 0
[2026-07-19 13:39:30,858] 39 root - INFO - [Attacker] Label flip: 17 samples class 4 \u2192 class 0
[2026-07-19 13:39:30,864] 39 root - INFO - [Attacker] Label flip: 10 samples class 4 \u2192 class 0
[2026-07-19 13:39:30,872] 39 root - INFO - [Attacker] Label flip: 17 samples class 4 \u2192 class 0
[2026-07-19 13:39:30,880] 39 root - INFO - [Attacker] Label flip: 17 samples class 4 \u2192 class 0
[2026-07-19 13:39:30,886] 39 root - INFO - [Attacker] Label flip: 11 samples class 4 \u2192 class 0
[2026-07-19 13:39:30,894] 39 root - INFO - [Attacker] Label flip: 11 samples class 4 \u2192 class 0
[2026-07-19 13:39:30,902] 39 root - INFO - [Attacker] Label flip: 17 samples class 4 \u2192 class 0
[2026-07-19 13:39:30,907] 39 root - INFO - [Attacker] Label flip: 13 samples class 4 \u2192 class 0
[2026-07-19 13:39:30,915] 39 root - INFO - [Attacker] Label flip: 17 samples class 4 \u2192 class 0
[2026-07-19 13:39:30,923] 39 root - INFO - [Attacker] Label flip: 10 samples class 4 \u2192 class 0
[2026-07-19 13:39:30,929] 39 root - INFO - [Attacker] Label flip: 18 samples class 4 \u2192 class 0
[2026-07-19 13:39:30,937] 39 root - INFO - [Attacker] Label flip: 15 samples class 4 \u2192 class 0
[2026-07-19 13:39:30,945] 39 root - INFO - [Attacker] Label flip: 12 samples class 4 \u2192 class 0
[2026-07-19 13:39:30,953] 39 root - INFO - [Attacker] Label flip: 15 samples class 4 \u2192 class 0
[2026-07-19 13:39:30,961] 39 root - INFO - [Attacker] Label flip: 10 samples class 4 \u2192 class 0
[2026-07-19 13:39:30,969] 39 root - INFO - [Attacker] Label flip: 12 samples class 4 \u2192 class 0
[2026-07-19 13:39:30,977] 39 root - INFO - [Attacker] Label flip: 5 samples class 4 \u2192 class 0
[2026-07-19 13:39:30,982] 39 root - INFO - [Attacker] Label flip: 12 samples class 4 \u2192 class 0
[2026-07-19 13:39:30,990] 39 root - INFO - [Attacker] Label flip: 9 samples class 4 \u2192 class 0
[2026-07-19 13:39:30,998] 39 root - INFO - [Attacker] Label flip: 15 samples class 4 \u2192 class 0
[2026-07-19 13:39:31,006] 39 root - INFO - [Attacker] Label flip: 12 samples class 4 \u2192 class 0
[2026-07-19 13:39:31,012] 39 root - INFO - [Attacker] Label flip: 8 samples class 4 \u2192 class 0
[2026-07-19 13:39:31,020] 39 root - INFO - [Attacker] Label flip: 13 samples class 4 \u2192 class 0
[2026-07-19 13:39:31,027] 39 root - INFO - [Attacker] Label flip: 15 samples class 4 \u2192 class 0
[2026-07-19 13:39:31,033] 39 root - INFO - [Attacker] Label flip: 13 samples class 4 \u2192 class 0
[2026-07-19 13:39:31,041] 39 root - INFO - [Attacker] Label flip: 14 samples class 4 \u2192 class 0
[2026-07-19 13:39:31,049] 39 root - INFO - [Attacker] Label flip: 11 samples class 4 \u2192 class 0
[2026-07-19 13:39:31,057] 39 root - INFO - [Attacker] Label flip: 11 samples class 4 \u2192 class 0
[2026-07-19 13:39:31,065] 39 root - INFO - [Attacker] Label flip: 14 samples class 4 \u2192 class 0
[2026-07-19 13:39:31,071] 39 root - INFO - [Attacker] Label flip: 10 samples class 4 \u2192 class 0
[2026-07-19 13:39:31,079] 39 root - INFO - [Attacker] Label flip: 14 samples class 4 \u2192 class 0
[2026-07-19 13:39:31,087] 39 root - INFO - [Attacker] Label flip: 12 samples class 4 \u2192 class 0
[2026-07-19 13:39:31,095] 39 root - INFO - [Attacker] Label flip: 13 samples class 4 \u2192 class 0
[2026-07-19 13:39:31,103] 39 root - INFO - [Attacker] Label flip: 18 samples class 4 \u2192 class 0
[2026-07-19 13:39:31,110] 39 root - INFO - [Attacker] Label flip: 10 samples class 4 \u2192 class 0
[2026-07-19 13:39:31,116] 39 root - INFO - [Attacker] Label flip: 13 samples class 4 \u2192 class 0
[2026-07-19 13:39:31,124] 39 root - INFO - [Attacker] Label flip: 10 samples class 4 \u2192 class 0
[2026-07-19 13:39:31,132] 39 root - INFO - [Attacker] Label flip: 13 samples class 4 \u2192 class 0
[2026-07-19 13:39:31,140] 39 root - INFO - [Attacker] Label flip: 8 samples class 4 \u2192 class 0
[2026-07-19 13:39:31,146] 39 root - INFO - [Attacker] Label flip: 15 samples class 4 \u2192 class 0
[2026-07-19 13:39:31,154] 39 root - INFO - [Attacker] Label flip: 17 samples class 4 \u2192 class 0
[2026-07-19 13:39:31,162] 39 root - INFO - [Attacker] Label flip: 19 samples class 4 \u2192 class 0
[2026-07-19 13:39:31,170] 39 root - INFO - [Attacker] Label flip: 13 samples class 4 \u2192 class 0
[2026-07-19 13:39:31,177] 39 root - INFO - [Attacker] Label flip: 13 samples class 4 \u2192 class 0
[2026-07-19 13:39:31,185] 39 root - INFO - [Attacker] Label flip: 15 samples class 4 \u2192 class 0
[2026-07-19 13:39:31,191] 39 root - INFO - [Attacker] Label flip: 13 samples class 4 \u2192 class 0
[2026-07-19 13:39:31,199] 39 root - INFO - [Attacker] Label flip: 14 samples class 4 \u2192 class 0
[2026-07-19 13:39:31,207] 39 root - INFO - [Attacker] Label flip: 13 samples class 4 \u2192 class 0
[2026-07-19 13:39:31,214] 39 root - INFO - [Attacker] Label flip: 14 samples class 4 \u2192 class 0
[2026-07-19 13:39:31,222] 39 root - INFO - [Attacker] Label flip: 12 samples class 4 \u2192 class 0
[2026-07-19 13:39:31,229] 39 root - INFO - [Attacker] Label flip: 15 samples class 4 \u2192 class 0
[2026-07-19 13:39:31,237] 39 root - INFO - [Attacker] Label flip: 13 samples class 4 \u2192 class 0
[2026-07-19 13:39:31,243] 39 root - INFO - [Attacker] Label flip: 16 samples class 4 \u2192 class 0
[2026-07-19 13:39:31,251] 39 root - INFO - [Attacker] Label flip: 14 samples class 4 \u2192 class 0
[2026-07-19 13:39:31,259] 39 root - INFO - [Attacker] Label flip: 11 samples class 4 \u2192 class 0
[2026-07-19 13:39:31,265] 39 root - INFO - [Attacker] Label flip: 9 samples class 4 \u2192 class 0
[2026-07-19 13:39:31,272] 39 root - INFO - [Attacker] Label flip: 11 samples class 4 \u2192 class 0
[2026-07-19 13:39:31,280] 39 root - INFO - [Attacker] Label flip: 7 samples class 4 \u2192 class 0
[2026-07-19 13:39:31,288] 39 root - INFO - [Attacker] Label flip: 13 samples class 4 \u2192 class 0
[2026-07-19 13:39:31,294] 39 root - INFO - [Attacker] Label flip: 14 samples class 4 \u2192 class 0
[2026-07-19 13:39:31,302] 39 root - INFO - [Attacker] Label flip: 13 samples class 4 \u2192 class 0
[2026-07-19 13:39:31,310] 39 root - INFO - [Attacker] Label flip: 14 samples class 4 \u2192 class 0
[2026-07-19 13:39:31,316] 39 root - INFO - [Attacker] Label flip: 16 samples class 4 \u2192 class 0
[2026-07-19 13:39:31,324] 39 root - INFO - [Attacker] Label flip: 21 samples class 4 \u2192 class 0
[2026-07-19 13:39:31,330] 39 root - INFO - [Attacker] Label flip: 13 samples class 4 \u2192 class 0
[2026-07-19 13:39:31,338] 39 root - INFO - [Attacker] Label flip: 7 samples class 4 \u2192 class 0
[2026-07-19 13:39:31,346] 39 root - INFO - [Attacker] Label flip: 15 samples class 4 \u2192 class 0
[2026-07-19 13:39:31,353] 39 root - INFO - [Attacker] Label flip: 11 samples class 4 \u2192 class 0
[2026-07-19 13:39:31,359] 39 root - INFO - [Attacker] Label flip: 12 samples class 4 \u2192 class 0
[2026-07-19 13:39:31,367] 39 root - INFO - [Attacker] Label flip: 12 samples class 4 \u2192 class 0
[2026-07-19 13:39:31,375] 39 root - INFO - [Attacker] Label flip: 11 samples class 4 \u2192 class 0
[2026-07-19 13:39:31,383] 39 root - INFO - [Attacker] Label flip: 12 samples class 4 \u2192 class 0
[2026-07-19 13:39:31,391] 39 root - INFO - [Attacker] Label flip: 14 samples class 4 \u2192 class 0
[2026-07-19 13:39:31,397] 39 root - INFO - [Attacker] Label flip: 10 samples class 4 \u2192 class 0
[2026-07-19 13:39:31,405] 39 root - INFO - [Attacker] Label flip: 14 samples class 4 \u2192 class 0
[2026-07-19 13:39:31,413] 39 root - INFO - [Attacker] Label flip: 7 samples class 4 \u2192 class 0
[2026-07-19 13:39:31,421] 39 root - INFO - [Attacker] Label flip: 13 samples class 4 \u2192 class 0
[2026-07-19 13:39:31,429] 39 root - INFO - [Attacker] Label flip: 14 samples class 4 \u2192 class 0
[2026-07-19 13:39:31,437] 39 root - INFO - [Attacker] Label flip: 9 samples class 4 \u2192 class 0
[2026-07-19 13:39:31,443] 39 root - INFO - [Attacker] Label flip: 14 samples class 4 \u2192 class 0
[2026-07-19 13:39:31,450] 39 root - INFO - [Attacker] Label flip: 12 samples class 4 \u2192 class 0
[2026-07-19 13:39:31,458] 39 root - INFO - [Attacker] Label flip: 14 samples class 4 \u2192 class 0
[2026-07-19 13:39:31,466] 39 root - INFO - [Attacker] Label flip: 12 samples class 4 \u2192 class 0
[2026-07-19 13:39:31,472] 39 root - INFO - [Attacker] Label flip: 23 samples class 4 \u2192 class 0
[2026-07-19 13:39:31,480] 39 root - INFO - [Attacker] Label flip: 18 samples class 4 \u2192 class 0
[2026-07-19 13:39:31,486] 39 root - INFO - [Attacker] Label flip: 11 samples class 4 \u2192 class 0
[2026-07-19 13:39:31,494] 39 root - INFO - [Attacker] Label flip: 11 samples class 4 \u2192 class 0
[2026-07-19 13:39:31,502] 39 root - INFO - [Attacker] Label flip: 10 samples class 4 \u2192 class 0
[2026-07-19 13:39:31,510] 39 root - INFO - [Attacker] Label flip: 11 samples class 4 \u2192 class 0
[2026-07-19 13:39:31,516] 39 root - INFO - [Attacker] Label flip: 12 samples class 4 \u2192 class 0
[2026-07-19 13:39:31,525] 39 root - INFO - [Attacker] Label flip: 11 samples class 4 \u2192 class 0
[2026-07-19 13:39:31,532] 39 root - INFO - [Attacker] Label flip: 13 samples class 4 \u2192 class 0
[2026-07-19 13:39:31,538] 39 root - INFO - [Attacker] Label flip: 10 samples class 4 \u2192 class 0
[2026-07-19 13:39:31,545] 39 root - INFO - [Attacker] Label flip: 10 samples class 4 \u2192 class 0
[2026-07-19 13:39:31,551] 39 root - INFO - [Attacker] Label flip: 13 samples class 4 \u2192 class 0
[2026-07-19 13:39:31,559] 39 root - INFO - [Attacker] Label flip: 11 samples class 4 \u2192 class 0
[2026-07-19 13:39:31,567] 39 root - INFO - [Attacker] Label flip: 11 samples class 4 \u2192 class 0
[2026-07-19 13:39:31,575] 39 root - INFO - [Attacker] Label flip: 10 samples class 4 \u2192 class 0
[2026-07-19 13:39:31,581] 39 root - INFO - [Attacker] Label flip: 11 samples class 4 \u2192 class 0
[2026-07-19 13:39:31,589] 39 root - INFO - [Attacker] Label flip: 13 samples class 4 \u2192 class 0
[2026-07-19 13:39:31,595] 39 root - INFO - [Attacker] Label flip: 12 samples class 4 \u2192 class 0
[2026-07-19 13:39:31,603] 39 root - INFO - [Attacker] Label flip: 12 samples class 4 \u2192 class 0
[2026-07-19 13:39:31,610] 39 root - INFO - [Attacker] Label flip: 20 samples class 4 \u2192 class 0
[2026-07-19 13:39:31,619] 39 root - INFO - [Attacker] Label flip: 11 samples class 4 \u2192 class 0
[2026-07-19 13:39:31,625] 39 root - INFO - [Attacker] Label flip: 12 samples class 4 \u2192 class 0
[2026-07-19 13:39:31,633] 39 root - INFO - [Attacker] Label flip: 7 samples class 4 \u2192 class 0
[2026-07-19 13:39:31,640] 39 root - INFO - [Attacker] Label flip: 8 samples class 4 \u2192 class 0
[2026-07-19 13:39:31,646] 39 root - INFO - [Attacker] Label flip: 16 samples class 4 \u2192 class 0
[2026-07-19 13:39:31,654] 39 root - INFO - [Attacker] Label flip: 14 samples class 4 \u2192 class 0
[2026-07-19 13:39:31,662] 39 root - INFO - [Attacker] Label flip: 15 samples class 4 \u2192 class 0
[2026-07-19 13:39:31,670] 39 root - INFO - [Attacker] Label flip: 13 samples class 4 \u2192 class 0
[2026-07-19 13:39:31,676] 39 root - INFO - [Attacker] Label flip: 14 samples class 4 \u2192 class 0
[2026-07-19 13:39:31,684] 39 root - INFO - [Attacker] Label flip: 16 samples class 4 \u2192 class 0
[2026-07-19 13:39:31,692] 39 root - INFO - [Attacker] Label flip: 11 samples class 4 \u2192 class 0
[2026-07-19 13:39:31,701] 39 root - INFO - [Attacker] Label flip: 12 samples class 4 \u2192 class 0
[2026-07-19 13:39:31,707] 39 root - INFO - [Attacker] Label flip: 10 samples class 4 \u2192 class 0
[2026-07-19 13:39:31,715] 39 root - INFO - [Attacker] Label flip: 10 samples class 4 \u2192 class 0
[2026-07-19 13:39:31,723] 39 root - INFO - [Attacker] Label flip: 17 samples class 4 \u2192 class 0
[2026-07-19 13:39:31,729] 39 root - INFO - [Attacker] Label flip: 11 samples class 4 \u2192 class 0
[2026-07-19 13:39:31,738] 39 root - INFO - [Attacker] Label flip: 12 samples class 4 \u2192 class 0
[2026-07-19 13:39:31,744] 39 root - INFO - [Attacker] Label flip: 10 samples class 4 \u2192 class 0
[2026-07-19 13:39:31,752] 39 root - INFO - [Attacker] Label flip: 15 samples class 4 \u2192 class 0
[2026-07-19 13:39:31,760] 39 root - INFO - [Attacker] Label flip: 17 samples class 4 \u2192 class 0
[2026-07-19 13:39:31,768] 39 root - INFO - [Attacker] Label flip: 12 samples class 4 \u2192 class 0
[2026-07-19 13:39:31,774] 39 root - INFO - [Attacker] Label flip: 13 samples class 4 \u2192 class 0
[2026-07-19 13:39:31,782] 39 root - INFO - [Attacker] Label flip: 18 samples class 4 \u2192 class 0
[2026-07-19 13:39:31,790] 39 root - INFO - [Attacker] Label flip: 17 samples class 4 \u2192 class 0
[2026-07-19 13:39:31,795] 39 root - INFO - [Attacker] Label flip: 11 samples class 4 \u2192 class 0
[2026-07-19 13:39:31,803] 39 root - INFO - [Attacker] Label flip: 13 samples class 4 \u2192 class 0
[2026-07-19 13:39:31,811] 39 root - INFO - [Attacker] Label flip: 14 samples class 4 \u2192 class 0
[2026-07-19 13:39:31,817] 39 root - INFO - [Attacker] Label flip: 14 samples class 4 \u2192 class 0
[2026-07-19 13:39:31,826] 39 root - INFO - [Attacker] Label flip: 12 samples class 4 \u2192 class 0
[2026-07-19 13:39:31,833] 39 root - INFO - [Attacker] Label flip: 10 samples class 4 \u2192 class 0
[2026-07-19 13:39:31,839] 39 root - INFO - [Attacker] Label flip: 13 samples class 4 \u2192 class 0
[2026-07-19 13:39:31,847] 39 root - INFO - [Attacker] Label flip: 20 samples class 4 \u2192 class 0
[2026-07-19 13:39:31,855] 39 root - INFO - [Attacker] Label flip: 17 samples class 4 \u2192 class 0
[2026-07-19 13:39:31,863] 39 root - INFO - [Attacker] Label flip: 10 samples class 4 \u2192 class 0
[2026-07-19 13:39:31,869] 39 root - INFO - [Attacker] Label flip: 16 samples class 4 \u2192 class 0
[2026-07-19 13:39:31,877] 39 root - INFO - [Attacker] Label flip: 14 samples class 4 \u2192 class 0
[2026-07-19 13:39:31,885] 39 root - INFO - [Attacker] Label flip: 12 samples class 4 \u2192 class 0
[2026-07-19 13:39:31,892] 39 root - INFO - [Attacker] Label flip: 13 samples class 4 \u2192 class 0
[2026-07-19 13:39:31,898] 39 root - INFO - [Attacker] Label flip: 14 samples class 4 \u2192 class 0
[2026-07-19 13:39:32,062] 39 root - INFO - [Attacker] Label flip: 9 samples class 4 \u2192 class 0
[2026-07-19 13:39:32,070] 39 root - INFO - [Attacker] Label flip: 8 samples class 4 \u2192 class 0
[2026-07-19 13:39:32,078] 39 root - INFO - [Attacker] Label flip: 8 samples class 4 \u2192 class 0
[2026-07-19 13:39:32,086] 39 root - INFO - [Attacker] Label flip: 12 samples class 4 \u2192 class 0
[2026-07-19 13:39:32,092] 39 root - INFO - [Attacker] Label flip: 8 samples class 4 \u2192 class 0
[2026-07-19 13:39:32,100] 39 root - INFO - [Attacker] Label flip: 13 samples class 4 \u2192 class 0
[2026-07-19 13:39:32,108] 39 root - INFO - [Attacker] Label flip: 10 samples class 4 \u2192 class 0
[2026-07-19 13:39:32,116] 39 root - INFO - [Attacker] Label flip: 11 samples class 4 \u2192 class 0
[2026-07-19 13:39:32,122] 39 root - INFO - [Attacker] Label flip: 10 samples class 4 \u2192 class 0
[2026-07-19 13:39:32,129] 39 root - INFO - [Attacker] Label flip: 7 samples class 4 \u2192 class 0
[2026-07-19 13:39:32,137] 39 root - INFO - [Attacker] Label flip: 16 samples class 4 \u2192 class 0
[2026-07-19 13:39:32,145] 39 root - INFO - [Attacker] Label flip: 16 samples class 4 \u2192 class 0
[2026-07-19 13:39:32,151] 39 root - INFO - [Attacker] Label flip: 12 samples class 4 \u2192 class 0
[2026-07-19 13:39:32,159] 39 root - INFO - [Attacker] Label flip: 17 samples class 4 \u2192 class 0
[2026-07-19 13:39:32,167] 39 root - INFO - [Attacker] Label flip: 15 samples class 4 \u2192 class 0
[2026-07-19 13:39:32,175] 39 root - INFO - [Attacker] Label flip: 11 samples class 4 \u2192 class 0
[2026-07-19 13:39:32,181] 39 root - INFO - [Attacker] Label flip: 14 samples class 4 \u2192 class 0
[2026-07-19 13:39:32,189] 39 root - INFO - [Attacker] Label flip: 14 samples class 4 \u2192 class 0
[2026-07-19 13:39:32,196] 39 root - INFO - [Attacker] Label flip: 10 samples class 4 \u2192 class 0
[2026-07-19 13:39:32,204] 39 root - INFO - [Attacker] Label flip: 12 samples class 4 \u2192 class 0
[2026-07-19 13:39:32,213] 39 root - INFO - [Attacker] Label flip: 10 samples class 4 \u2192 class 0
[2026-07-19 13:39:32,220] 39 root - INFO - [Attacker] Label flip: 8 samples class 4 \u2192 class 0
[2026-07-19 13:39:32,228] 39 root - INFO - [Attacker] Label flip: 13 samples class 4 \u2192 class 0
[2026-07-19 13:39:32,236] 39 root - INFO - [Attacker] Label flip: 14 samples class 4 \u2192 class 0
[2026-07-19 13:39:32,242] 39 root - INFO - [Attacker] Label flip: 12 samples class 4 \u2192 class 0
[2026-07-19 13:39:32,249] 39 root - INFO - [Attacker] Label flip: 12 samples class 4 \u2192 class 0
[2026-07-19 13:39:32,257] 39 root - INFO - [Attacker] Label flip: 12 samples class 4 \u2192 class 0
[2026-07-19 13:39:32,265] 39 root - INFO - [Attacker] Label flip: 7 samples class 4 \u2192 class 0
[2026-07-19 13:39:32,273] 39 root - INFO - [Attacker] Label flip: 9 samples class 4 \u2192 class 0
[2026-07-19 13:39:32,281] 39 root - INFO - [Attacker] Label flip: 14 samples class 4 \u2192 class 0
[2026-07-19 13:39:32,289] 39 root - INFO - [Attacker] Label flip: 9 samples class 4 \u2192 class 0
[2026-07-19 13:39:32,297] 39 root - INFO - [Attacker] Label flip: 10 samples class 4 \u2192 class 0
[2026-07-19 13:39:32,305] 39 root - INFO - [Attacker] Label flip: 13 samples class 4 \u2192 class 0
[2026-07-19 13:39:32,312] 39 root - INFO - [Attacker] Label flip: 14 samples class 4 \u2192 class 0
[2026-07-19 13:39:32,318] 39 root - INFO - [Attacker] Label flip: 12 samples class 4 \u2192 class 0
[2026-07-19 13:39:32,326] 39 root - INFO - [Attacker] Label flip: 18 samples class 4 \u2192 class 0
[2026-07-19 13:39:32,334] 39 root - INFO - [Attacker] Label flip: 13 samples class 4 \u2192 class 0
[2026-07-19 13:39:32,342] 39 root - INFO - [Attacker] Label flip: 10 samples class 4 \u2192 class 0
[2026-07-19 13:39:32,350] 39 root - INFO - [Attacker] Label flip: 16 samples class 4 \u2192 class 0
[2026-07-19 13:39:32,358] 39 root - INFO - [Attacker] Label flip: 7 samples class 4 \u2192 class 0
[2026-07-19 13:39:32,364] 39 root - INFO - [Attacker] Label flip: 16 samples class 4 \u2192 class 0
[2026-07-19 13:39:32,372] 39 root - INFO - [Attacker] Label flip: 8 samples class 4 \u2192 class 0
[2026-07-19 13:39:32,379] 39 root - INFO - [Attacker] Label flip: 13 samples class 4 \u2192 class 0
[2026-07-19 13:39:32,387] 39 root - INFO - [Attacker] Label flip: 16 samples class 4 \u2192 class 0
[2026-07-19 13:39:32,395] 39 root - INFO - [Attacker] Label flip: 11 samples class 4 \u2192 class 0
[2026-07-19 13:39:32,403] 39 root - INFO - [Attacker] Label flip: 8 samples class 4 \u2192 class 0
[2026-07-19 13:39:32,409] 39 root - INFO - [Attacker] Label flip: 14 samples class 4 \u2192 class 0
[2026-07-19 13:39:32,417] 39 root - INFO - [Attacker] Label flip: 11 samples class 4 \u2192 class 0
[2026-07-19 13:39:32,425] 39 root - INFO - [Attacker] Label flip: 9 samples class 4 \u2192 class 0
[2026-07-19 13:39:32,433] 39 root - INFO - [Attacker] Label flip: 13 samples class 4 \u2192 class 0
[2026-07-19 13:39:32,440] 39 root - INFO - [Attacker] Label flip: 14 samples class 4 \u2192 class 0
[2026-07-19 13:39:32,446] 39 root - INFO - [Attacker] Label flip: 8 samples class 4 \u2192 class 0
[2026-07-19 13:39:32,454] 39 root - INFO - [Attacker] Label flip: 18 samples class 4 \u2192 class 0
[2026-07-19 13:39:32,462] 39 root - INFO - [Attacker] Label flip: 12 samples class 4 \u2192 class 0
[2026-07-19 13:39:32,468] 39 root - INFO - [Attacker] Label flip: 7 samples class 4 \u2192 class 0
[2026-07-19 13:39:32,476] 39 root - INFO - [Attacker] Label flip: 13 samples class 4 \u2192 class 0
[2026-07-19 13:39:32,484] 39 root - INFO - [Attacker] Label flip: 18 samples class 4 \u2192 class 0
[2026-07-19 13:39:32,492] 39 root - INFO - [Attacker] Label flip: 11 samples class 4 \u2192 class 0
[2026-07-19 13:39:32,500] 39 root - INFO - [Attacker] Label flip: 15 samples class 4 \u2192 class 0
[2026-07-19 13:39:32,508] 39 root - INFO - [Attacker] Label flip: 14 samples class 4 \u2192 class 0
[2026-07-19 13:39:32,514] 39 root - INFO - [Attacker] Label flip: 9 samples class 4 \u2192 class 0
[2026-07-19 13:39:32,521] 39 root - INFO - [Attacker] Label flip: 11 samples class 4 \u2192 class 0
[2026-07-19 13:39:32,529] 39 root - INFO - [Attacker] Label flip: 12 samples class 4 \u2192 class 0
[2026-07-19 13:39:32,537] 39 root - INFO - [Attacker] Label flip: 9 samples class 4 \u2192 class 0
[2026-07-19 13:39:32,545] 39 root - INFO - [Attacker] Label flip: 14 samples class 4 \u2192 class 0
[2026-07-19 13:39:32,551] 39 root - INFO - [Attacker] Label flip: 14 samples class 4 \u2192 class 0
[2026-07-19 13:39:32,568] 39 root - INFO - [Attacker] Label flip: 14 samples class 4 \u2192 class 0
[2026-07-19 13:39:32,576] 39 root - INFO - [Attacker] Label flip: 22 samples class 4 \u2192 class 0
[2026-07-19 13:39:32,584] 39 root - INFO - [Attacker] Label flip: 17 samples class 4 \u2192 class 0
[2026-07-19 13:39:32,590] 39 root - INFO - [Attacker] Label flip: 12 samples class 4 \u2192 class 0
[2026-07-19 13:39:32,600] 39 root - INFO - [Attacker] Label flip: 7 samples class 4 \u2192 class 0
[2026-07-19 13:39:32,606] 39 root - INFO - [Attacker] Label flip: 20 samples class 4 \u2192 class 0
[2026-07-19 13:39:32,616] 39 root - INFO - [Attacker] Label flip: 17 samples class 4 \u2192 class 0
[2026-07-19 13:39:32,622] 39 root - INFO - [Attacker] Label flip: 14 samples class 4 \u2192 class 0
[2026-07-19 13:39:32,630] 39 root - INFO - [Attacker] Label flip: 14 samples class 4 \u2192 class 0
[2026-07-19 13:39:32,636] 39 root - INFO - [Attacker] Label flip: 10 samples class 4 \u2192 class 0
[2026-07-19 13:39:32,643] 39 root - INFO - [Attacker] Label flip: 15 samples class 4 \u2192 class 0
[2026-07-19 13:39:32,651] 39 root - INFO - [Attacker] Label flip: 14 samples class 4 \u2192 class 0
[2026-07-19 13:39:32,659] 39 root - INFO - [Attacker] Label flip: 15 samples class 4 \u2192 class 0
[2026-07-19 13:39:32,667] 39 root - INFO - [Attacker] Label flip: 14 samples class 4 \u2192 class 0
[2026-07-19 13:39:32,673] 39 root - INFO - [Attacker] Label flip: 17 samples class 4 \u2192 class 0
[2026-07-19 13:39:32,681] 39 root - INFO - [Attacker] Label flip: 13 samples class 4 \u2192 class 0
[2026-07-19 13:39:32,689] 39 root - INFO - [Attacker] Label flip: 17 samples class 4 \u2192 class 0
[2026-07-19 13:39:32,696] 39 root - INFO - [Attacker] Label flip: 16 samples class 4 \u2192 class 0
[2026-07-19 13:39:32,702] 39 root - INFO - [Attacker] Label flip: 13 samples class 4 \u2192 class 0
[2026-07-19 13:39:32,710] 39 root - INFO - [Attacker] Label flip: 11 samples class 4 \u2192 class 0
[2026-07-19 13:39:32,718] 39 root - INFO - [Attacker] Label flip: 10 samples class 4 \u2192 class 0
[2026-07-19 13:39:32,726] 39 root - INFO - [Attacker] Label flip: 16 samples class 4 \u2192 class 0
[2026-07-19 13:39:32,732] 39 root - INFO - [Attacker] Label flip: 9 samples class 4 \u2192 class 0
[2026-07-19 13:39:32,741] 39 root - INFO - [Attacker] Label flip: 9 samples class 4 \u2192 class 0
[2026-07-19 13:39:32,747] 39 root - INFO - [Attacker] Label flip: 13 samples class 4 \u2192 class 0
[2026-07-19 13:39:32,755] 39 root - INFO - [Attacker] Label flip: 11 samples class 4 \u2192 class 0
[2026-07-19 13:39:32,763] 39 root - INFO - [Attacker] Label flip: 14 samples class 4 \u2192 class 0
[2026-07-19 13:39:32,771] 39 root - INFO - [Attacker] Label flip: 9 samples class 4 \u2192 class 0
[2026-07-19 13:39:32,777] 39 root - INFO - [Attacker] Label flip: 14 samples class 4 \u2192 class 0
[2026-07-19 13:39:32,785] 39 root - INFO - [Attacker] Label flip: 9 samples class 4 \u2192 class 0
[2026-07-19 13:39:32,792] 39 root - INFO - [Attacker] Label flip: 15 samples class 4 \u2192 class 0
[2026-07-19 13:39:32,798] 39 root - INFO - [Attacker] Label flip: 20 samples class 4 \u2192 class 0
[2026-07-19 13:39:32,806] 39 root - INFO - [Attacker] Label flip: 14 samples class 4 \u2192 class 0
[2026-07-19 13:39:32,814] 39 root - INFO - [Attacker] Label flip: 11 samples class 4 \u2192 class 0
[2026-07-19 13:39:32,822] 39 root - INFO - [Attacker] Label flip: 8 samples class 4 \u2192 class 0
[2026-07-19 13:39:32,828] 39 root - INFO - [Attacker] Label flip: 11 samples class 4 \u2192 class 0
[2026-07-19 13:39:32,836] 39 root - INFO - [Attacker] Label flip: 14 samples class 4 \u2192 class 0
[2026-07-19 13:39:32,844] 39 root - INFO - [Attacker] Label flip: 13 samples class 4 \u2192 class 0
[2026-07-19 13:39:32,851] 39 root - INFO - [Attacker] Label flip: 13 samples class 4 \u2192 class 0
[2026-07-19 13:39:32,859] 39 root - INFO - [Attacker] Label flip: 10 samples class 4 \u2192 class 0
[2026-07-19 13:39:32,865] 39 root - INFO - [Attacker] Label flip: 14 samples class 4 \u2192 class 0
[2026-07-19 13:39:32,873] 39 root - INFO - [Attacker] Label flip: 12 samples class 4 \u2192 class 0
[2026-07-19 13:39:32,881] 39 root - INFO - [Attacker] Label flip: 11 samples class 4 \u2192 class 0
[2026-07-19 13:39:32,889] 39 root - INFO - [Attacker] Label flip: 13 samples class 4 \u2192 class 0
[2026-07-19 13:39:32,895] 39 root - INFO - [Attacker] Label flip: 7 samples class 4 \u2192 class 0
[2026-07-19 13:39:32,902] 39 root - INFO - [Attacker] Label flip: 14 samples class 4 \u2192 class 0
[2026-07-19 13:39:32,910] 39 root - INFO - [Attacker] Label flip: 17 samples class 4 \u2192 class 0
[2026-07-19 13:39:32,918] 39 root - INFO - [Attacker] Label flip: 13 samples class 4 \u2192 class 0
[2026-07-19 13:39:32,926] 39 root - INFO - [Attacker] Label flip: 10 samples class 4 \u2192 class 0
[2026-07-19 13:39:32,932] 39 root - INFO - [Attacker] Label flip: 15 samples class 4 \u2192 class 0
[2026-07-19 13:39:32,940] 39 root - INFO - [Attacker] Label flip: 13 samples class 4 \u2192 class 0
[2026-07-19 13:39:32,948] 39 root - INFO - [Attacker] Label flip: 10 samples class 4 \u2192 class 0
[2026-07-19 13:39:32,955] 39 root - INFO - [Attacker] Label flip: 11 samples class 4 \u2192 class 0
[2026-07-19 13:39:32,961] 39 root - INFO - [Attacker] Label flip: 14 samples class 4 \u2192 class 0
[2026-07-19 13:39:32,969] 39 root - INFO - [Attacker] Label flip: 13 samples class 4 \u2192 class 0
[2026-07-19 13:39:32,977] 39 root - INFO - [Attacker] Label flip: 15 samples class 4 \u2192 class 0
[2026-07-19 13:39:32,985] 39 root - INFO - [Attacker] Label flip: 14 samples class 4 \u2192 class 0
[2026-07-19 13:39:32,991] 39 root - INFO - [Attacker] Label flip: 12 samples class 4 \u2192 class 0
[2026-07-19 13:39:32,999] 39 root - INFO - [Attacker] Label flip: 8 samples class 4 \u2192 class 0
[2026-07-19 13:39:33,007] 39 root - INFO - [Attacker] Label flip: 12 samples class 4 \u2192 class 0
[2026-07-19 13:39:33,015] 39 root - INFO - [Attacker] Label flip: 15 samples class 4 \u2192 class 0
[2026-07-19 13:39:33,021] 39 root - INFO - [Attacker] Label flip: 11 samples class 4 \u2192 class 0
[2026-07-19 13:39:33,028] 39 root - INFO - [Attacker] Label flip: 16 samples class 4 \u2192 class 0
[2026-07-19 13:39:33,036] 39 root - INFO - [Attacker] Label flip: 15 samples class 4 \u2192 class 0
[2026-07-19 13:39:33,044] 39 root - INFO - [Attacker] Label flip: 14 samples class 4 \u2192 class 0
[2026-07-19 13:39:33,054] 39 root - INFO - [Attacker] Label flip: 17 samples class 4 \u2192 class 0
[2026-07-19 13:39:33,062] 39 root - INFO - [Attacker] Label flip: 13 samples class 4 \u2192 class 0
[2026-07-19 13:39:33,068] 39 root - INFO - [Attacker] Label flip: 5 samples class 4 \u2192 class 0
[2026-07-19 13:39:33,075] 39 root - INFO - [Attacker] Label flip: 14 samples class 4 \u2192 class 0
[2026-07-19 13:39:33,084] 39 root - INFO - [Attacker] Label flip: 12 samples class 4 \u2192 class 0
[2026-07-19 13:39:33,091] 39 root - INFO - [Attacker] Label flip: 6 samples class 4 \u2192 class 0
[2026-07-19 13:39:33,099] 39 root - INFO - [Attacker] Label flip: 13 samples class 4 \u2192 class 0
[2026-07-19 13:39:33,105] 39 root - INFO - [Attacker] Label flip: 14 samples class 4 \u2192 class 0
[2026-07-19 13:39:33,113] 39 root - INFO - [Attacker] Label flip: 9 samples class 4 \u2192 class 0
[2026-07-19 13:39:33,121] 39 root - INFO - [Attacker] Label flip: 10 samples class 4 \u2192 class 0
[2026-07-19 13:39:33,129] 39 root - INFO - [Attacker] Label flip: 11 samples class 4 \u2192 class 0
[2026-07-19 13:39:33,137] 39 root - INFO - [Attacker] Label flip: 16 samples class 4 \u2192 class 0
[2026-07-19 13:39:33,145] 39 root - INFO - [Attacker] Label flip: 12 samples class 4 \u2192 class 0
[2026-07-19 13:39:33,153] 39 root - INFO - [Attacker] Label flip: 11 samples class 4 \u2192 class 0
[2026-07-19 13:39:33,160] 39 root - INFO - [Attacker] Label flip: 12 samples class 4 \u2192 class 0
[2026-07-19 13:39:33,166] 39 root - INFO - [Attacker] Label flip: 11 samples class 4 \u2192 class 0
[2026-07-19 13:39:33,174] 39 root - INFO - [Attacker] Label flip: 9 samples class 4 \u2192 class 0
[2026-07-19 13:39:33,182] 39 root - INFO - [Attacker] Label flip: 17 samples class 4 \u2192 class 0
[2026-07-19 13:39:33,190] 39 root - INFO - [Attacker] Label flip: 13 samples class 4 \u2192 class 0
[2026-07-19 13:39:33,198] 39 root - INFO - [Attacker] Label flip: 16 samples class 4 \u2192 class 0
[2026-07-19 13:39:33,204] 39 root - INFO - [Attacker] Label flip: 14 samples class 4 \u2192 class 0
[2026-07-19 13:39:33,212] 39 root - INFO - [Attacker] Label flip: 8 samples class 4 \u2192 class 0
[2026-07-19 13:39:33,219] 39 root - INFO - [Attacker] Label flip: 15 samples class 4 \u2192 class 0
[2026-07-19 13:39:33,225] 39 root - INFO - [Attacker] Label flip: 10 samples class 4 \u2192 class 0
[2026-07-19 13:39:33,233] 39 root - INFO - [Attacker] Label flip: 17 samples class 4 \u2192 class 0
[2026-07-19 13:39:33,241] 39 root - INFO - [Attacker] Label flip: 12 samples class 4 \u2192 class 0
[2026-07-19 13:39:33,249] 39 root - INFO - [Attacker] Label flip: 18 samples class 4 \u2192 class 0
[2026-07-19 13:39:33,255] 39 root - INFO - [Attacker] Label flip: 7 samples class 4 \u2192 class 0
[2026-07-19 13:39:33,262] 39 root - INFO - [Attacker] Label flip: 12 samples class 4 \u2192 class 0
[2026-07-19 13:39:33,271] 39 root - INFO - [Attacker] Label flip: 11 samples class 4 \u2192 class 0
[2026-07-19 13:39:33,277] 39 root - INFO - [Attacker] Label flip: 10 samples class 4 \u2192 class 0
[2026-07-19 13:39:33,285] 39 root - INFO - [Attacker] Label flip: 12 samples class 4 \u2192 class 0
[2026-07-19 13:39:33,293] 39 root - INFO - [Attacker] Label flip: 12 samples class 4 \u2192 class 0
[2026-07-19 13:39:33,299] 39 root - INFO - [Attacker] Label flip: 11 samples class 4 \u2192 class 0
[2026-07-19 13:39:33,307] 39 root - INFO - [Attacker] Label flip: 8 samples class 4 \u2192 class 0
[2026-07-19 13:39:33,315] 39 root - INFO - [Attacker] Label flip: 13 samples class 4 \u2192 class 0
[2026-07-19 13:39:33,320] 39 root - INFO - [Attacker] Label flip: 11 samples class 4 \u2192 class 0
[2026-07-19 13:39:33,328] 39 root - INFO - [Attacker] Label flip: 21 samples class 4 \u2192 class 0
[2026-07-19 13:39:33,336] 39 root - INFO - [Attacker] Label flip: 18 samples class 4 \u2192 class 0
[2026-07-19 13:39:33,344] 39 root - INFO - [Attacker] Label flip: 10 samples class 4 \u2192 class 0
[2026-07-19 13:39:33,350] 39 root - INFO - [Attacker] Label flip: 8 samples class 4 \u2192 class 0
[2026-07-19 13:39:33,358] 39 root - INFO - [Attacker] Label flip: 18 samples class 4 \u2192 class 0
[2026-07-19 13:39:33,366] 39 root - INFO - [Attacker] Label flip: 8 samples class 4 \u2192 class 0
[2026-07-19 13:39:33,374] 39 root - INFO - [Attacker] Label flip: 13 samples class 4 \u2192 class 0
[2026-07-19 13:39:33,382] 39 root - INFO - [Attacker] Label flip: 20 samples class 4 \u2192 class 0
[2026-07-19 13:39:33,392] 39 root - INFO - [Attacker] Label flip: 7 samples class 4 \u2192 class 0
[2026-07-19 13:39:33,399] 39 root - INFO - [Attacker] Label flip: 11 samples class 4 \u2192 class 0
[2026-07-19 13:39:33,407] 39 root - INFO - [Attacker] Label flip: 20 samples class 4 \u2192 class 0
[2026-07-19 13:39:33,413] 39 root - INFO - [Attacker] Label flip: 14 samples class 4 \u2192 class 0
[2026-07-19 13:39:33,421] 39 root - INFO - [Attacker] Label flip: 8 samples class 4 \u2192 class 0
[2026-07-19 13:39:33,429] 39 root - INFO - [Attacker] Label flip: 11 samples class 4 \u2192 class 0
[2026-07-19 13:39:33,435] 39 root - INFO - [Attacker] Label flip: 16 samples class 4 \u2192 class 0
[2026-07-19 13:39:33,443] 39 root - INFO - [Attacker] Label flip: 12 samples class 4 \u2192 class 0
[2026-07-19 13:39:33,449] 39 root - INFO - [Attacker] Label flip: 22 samples class 4 \u2192 class 0
[2026-07-19 13:39:33,457] 39 root - INFO - [Attacker] Label flip: 17 samples class 4 \u2192 class 0
[2026-07-19 13:39:33,464] 39 root - INFO - [Attacker] Label flip: 15 samples class 4 \u2192 class 0
[2026-07-19 13:39:33,472] 39 root - INFO - [Attacker] Label flip: 13 samples class 4 \u2192 class 0
[2026-07-19 13:39:33,480] 39 root - INFO - [Attacker] Label flip: 7 samples class 4 \u2192 class 0
[2026-07-19 13:39:33,486] 39 root - INFO - [Attacker] Label flip: 7 samples class 4 \u2192 class 0
[2026-07-19 13:39:33,494] 39 root - INFO - [Attacker] Label flip: 11 samples class 4 \u2192 class 0
[2026-07-19 13:39:33,502] 39 root - INFO - [Attacker] Label flip: 17 samples class 4 \u2192 class 0
[2026-07-19 13:39:33,510] 39 root - INFO - [Attacker] Label flip: 14 samples class 4 \u2192 class 0
[2026-07-19 13:39:33,516] 39 root - INFO - [Attacker] Label flip: 14 samples class 4 \u2192 class 0
[2026-07-19 13:39:33,524] 39 root - INFO - [Attacker] Label flip: 15 samples class 4 \u2192 class 0
[2026-07-19 13:39:33,529] 39 root - INFO - [Attacker] Label flip: 12 samples class 4 \u2192 class 0
[2026-07-19 13:39:33,537] 39 root - INFO - [Attacker] Label flip: 13 samples class 4 \u2192 class 0
[2026-07-19 13:39:33,543] 39 root - INFO - [Attacker] Label flip: 9 samples class 4 \u2192 class 0
[2026-07-19 13:39:33,551] 39 root - INFO - [Attacker] Label flip: 15 samples class 4 \u2192 class 0
[2026-07-19 13:39:33,557] 39 root - INFO - [Attacker] Label flip: 15 samples class 4 \u2192 class 0
[2026-07-19 13:39:33,565] 39 root - INFO - [Attacker] Label flip: 12 samples class 4 \u2192 class 0
[2026-07-19 13:39:33,572] 39 root - INFO - [Attacker] Label flip: 9 samples class 4 \u2192 class 0
[2026-07-19 13:39:33,578] 39 root - INFO - [Attacker] Label flip: 12 samples class 4 \u2192 class 0
[2026-07-19 13:39:33,586] 39 root - INFO - [Attacker] Label flip: 21 samples class 4 \u2192 class 0
[2026-07-19 13:39:33,592] 39 root - INFO - [Attacker] Label flip: 9 samples class 4 \u2192 class 0
[2026-07-19 13:39:33,600] 39 root - INFO - [Attacker] Label flip: 11 samples class 4 \u2192 class 0
[2026-07-19 13:39:33,608] 39 root - INFO - [Attacker] Label flip: 7 samples class 4 \u2192 class 0
[2026-07-19 13:39:33,614] 39 root - INFO - [Attacker] Label flip: 16 samples class 4 \u2192 class 0
[2026-07-19 13:39:33,622] 39 root - INFO - [Attacker] Label flip: 17 samples class 4 \u2192 class 0
[2026-07-19 13:39:33,630] 39 root - INFO - [Attacker] Label flip: 16 samples class 4 \u2192 class 0
[2026-07-19 13:39:33,635] 39 root - INFO - [Attacker] Label flip: 13 samples class 4 \u2192 class 0
[2026-07-19 13:39:33,643] 39 root - INFO - [Attacker] Label flip: 9 samples class 4 \u2192 class 0
[2026-07-19 13:39:33,651] 39 root - INFO - [Attacker] Label flip: 10 samples class 4 \u2192 class 0
[2026-07-19 13:39:33,659] 39 root - INFO - [Attacker] Label flip: 12 samples class 4 \u2192 class 0
[2026-07-19 13:39:33,667] 39 root - INFO - [Attacker] Label flip: 11 samples class 4 \u2192 class 0
[2026-07-19 13:39:33,673] 39 root - INFO - [Attacker] Label flip: 7 samples class 4 \u2192 class 0
[2026-07-19 13:39:33,681] 39 root - INFO - [Attacker] Label flip: 12 samples class 4 \u2192 class 0
[2026-07-19 13:39:33,687] 39 root - INFO - [Attacker] Label flip: 8 samples class 4 \u2192 class 0
[2026-07-19 13:39:33,695] 39 root - INFO - [Attacker] Label flip: 17 samples class 4 \u2192 class 0
[2026-07-19 13:39:33,703] 39 root - INFO - [Attacker] Label flip: 17 samples class 4 \u2192 class 0
[2026-07-19 13:39:33,709] 39 root - INFO - [Attacker] Label flip: 10 samples class 4 \u2192 class 0
[2026-07-19 13:39:33,716] 39 root - INFO - [Attacker] Label flip: 16 samples class 4 \u2192 class 0
[2026-07-19 13:39:33,722] 39 root - INFO - [Attacker] Label flip: 18 samples class 4 \u2192 class 0
[2026-07-19 13:39:33,730] 39 root - INFO - [Attacker] Label flip: 13 samples class 4 \u2192 class 0
[2026-07-19 13:39:33,738] 39 root - INFO - [Attacker] Label flip: 15 samples class 4 \u2192 class 0
[2026-07-19 13:39:33,744] 39 root - INFO - [Attacker] Label flip: 12 samples class 4 \u2192 class 0
[2026-07-19 13:39:33,752] 39 root - INFO - [Attacker] Label flip: 5 samples class 4 \u2192 class 0
[2026-07-19 13:39:33,760] 39 root - INFO - [Attacker] Label flip: 11 samples class 4 \u2192 class 0
[2026-07-19 13:39:33,766] 39 root - INFO - [Attacker] Label flip: 16 samples class 4 \u2192 class 0
[2026-07-19 13:39:33,774] 39 root - INFO - [Attacker] Label flip: 18 samples class 4 \u2192 class 0
[2026-07-19 13:39:33,781] 39 root - INFO - [Attacker] Label flip: 7 samples class 4 \u2192 class 0
[2026-07-19 13:39:33,787] 39 root - INFO - [Attacker] Label flip: 12 samples class 4 \u2192 class 0
[2026-07-19 13:39:33,796] 39 root - INFO - [Attacker] Label flip: 14 samples class 4 \u2192 class 0
[2026-07-19 13:39:33,803] 39 root - INFO - [Attacker] Label flip: 14 samples class 4 \u2192 class 0
[2026-07-19 13:39:33,809] 39 root - INFO - [Attacker] Label flip: 15 samples class 4 \u2192 class 0
[2026-07-19 13:39:33,817] 39 root - INFO - [Attacker] Label flip: 13 samples class 4 \u2192 class 0
[2026-07-19 13:39:33,825] 39 root - INFO - [Attacker] Label flip: 13 samples class 4 \u2192 class 0
[2026-07-19 13:39:33,831] 39 root - INFO - [Attacker] Label flip: 11 samples class 4 \u2192 class 0
[2026-07-19 13:39:33,840] 39 root - INFO - [Attacker] Label flip: 9 samples class 4 \u2192 class 0
[2026-07-19 13:39:33,846] 39 root - INFO - [Attacker] Label flip: 18 samples class 4 \u2192 class 0
[2026-07-19 13:39:33,854] 39 root - INFO - [Attacker] Label flip: 9 samples class 4 \u2192 class 0
[2026-07-19 13:39:33,862] 39 root - INFO - [Attacker] Label flip: 14 samples class 4 \u2192 class 0
[2026-07-19 13:39:33,868] 39 root - INFO - [Attacker] Label flip: 9 samples class 4 \u2192 class 0
[2026-07-19 13:39:33,876] 39 root - INFO - [Attacker] Label flip: 11 samples class 4 \u2192 class 0
[2026-07-19 13:39:33,883] 39 root - INFO - [Attacker] Label flip: 13 samples class 4 \u2192 class 0
[2026-07-19 13:39:33,892] 39 root - INFO - [Attacker] Label flip: 7 samples class 4 \u2192 class 0
[2026-07-19 13:39:33,897] 39 root - INFO - [Attacker] Label flip: 14 samples class 4 \u2192 class 0
[2026-07-19 13:39:33,905] 39 root - INFO - [Attacker] Label flip: 13 samples class 4 \u2192 class 0
[2026-07-19 13:39:33,913] 39 root - INFO - [Attacker] Label flip: 13 samples class 4 \u2192 class 0
[2026-07-19 13:39:33,919] 39 root - INFO - [Attacker] Label flip: 12 samples class 4 \u2192 class 0
[2026-07-19 13:39:33,927] 39 root - INFO - [Attacker] Label flip: 10 samples class 4 \u2192 class 0
[2026-07-19 13:39:33,935] 39 root - INFO - [Attacker] Label flip: 13 samples class 4 \u2192 class 0
[2026-07-19 13:39:33,943] 39 root - INFO - [Attacker] Label flip: 17 samples class 4 \u2192 class 0
[2026-07-19 13:39:33,949] 39 root - INFO - [Attacker] Label flip: 14 samples class 4 \u2192 class 0
[2026-07-19 13:39:33,957] 39 root - INFO - [Attacker] Label flip: 15 samples class 4 \u2192 class 0
[2026-07-19 13:39:33,962] 39 root - INFO - [Attacker] Label flip: 15 samples class 4 \u2192 class 0
[2026-07-19 13:39:33,970] 39 root - INFO - [Attacker] Label flip: 9 samples class 4 \u2192 class 0
[2026-07-19 13:39:33,976] 39 root - INFO - [Attacker] Label flip: 12 samples class 4 \u2192 class 0
[2026-07-19 13:39:33,985] 39 root - INFO - [Attacker] Label flip: 13 samples class 4 \u2192 class 0
[2026-07-19 13:39:33,992] 39 root - INFO - [Attacker] Label flip: 13 samples class 4 \u2192 class 0
[2026-07-19 13:39:33,998] 39 root - INFO - [Attacker] Label flip: 10 samples class 4 \u2192 class 0
[2026-07-19 13:39:34,006] 39 root - INFO - [Attacker] Label flip: 10 samples class 4 \u2192 class 0
[2026-07-19 13:39:34,012] 39 root - INFO - [Attacker] Label flip: 13 samples class 4 \u2192 class 0
[2026-07-19 13:39:34,020] 39 root - INFO - [Attacker] Label flip: 6 samples class 4 \u2192 class 0
[2026-07-19 13:39:34,028] 39 root - INFO - [Attacker] Label flip: 14 samples class 4 \u2192 class 0
[2026-07-19 13:39:34,034] 39 root - INFO - [Attacker] Label flip: 19 samples class 4 \u2192 class 0
[2026-07-19 13:39:34,041] 39 root - INFO - [Attacker] Label flip: 9 samples class 4 \u2192 class 0
[2026-07-19 13:39:34,049] 39 root - INFO - [Attacker] Label flip: 20 samples class 4 \u2192 class 0
[2026-07-19 13:39:34,055] 39 root - INFO - [Attacker] Label flip: 9 samples class 4 \u2192 class 0
[2026-07-19 13:39:34,063] 39 root - INFO - [Attacker] Label flip: 10 samples class 4 \u2192 class 0
[2026-07-19 13:39:34,071] 39 root - INFO - [Attacker] Label flip: 7 samples class 4 \u2192 class 0
[2026-07-19 13:39:34,077] 39 root - INFO - [Attacker] Label flip: 12 samples class 4 \u2192 class 0
[2026-07-19 13:39:34,085] 39 root - INFO - [Attacker] Label flip: 10 samples class 4 \u2192 class 0
[2026-07-19 13:39:34,093] 39 root - INFO - [Attacker] Label flip: 13 samples class 4 \u2192 class 0
[2026-07-19 13:39:34,099] 39 root - INFO - [Attacker] Label flip: 17 samples class 4 \u2192 class 0
[2026-07-19 13:39:34,107] 39 root - INFO - [Attacker] Label flip: 13 samples class 4 \u2192 class 0
[2026-07-19 13:39:34,115] 39 root - INFO - [Attacker] Label flip: 16 samples class 4 \u2192 class 0
[2026-07-19 13:39:34,120] 39 root - INFO - [Attacker] Label flip: 17 samples class 4 \u2192 class 0
[2026-07-19 13:39:34,129] 39 root - INFO - [Attacker] Label flip: 16 samples class 4 \u2192 class 0
[2026-07-19 13:39:34,136] 39 root - INFO - [Attacker] Label flip: 9 samples class 4 \u2192 class 0
[2026-07-19 13:39:34,142] 39 root - INFO - [Attacker] Label flip: 10 samples class 4 \u2192 class 0
[2026-07-19 13:39:34,150] 39 root - INFO - [Attacker] Label flip: 11 samples class 4 \u2192 class 0
[2026-07-19 13:39:34,158] 39 root - INFO - [Attacker] Label flip: 16 samples class 4 \u2192 class 0
[2026-07-19 13:39:34,164] 39 root - INFO - [Attacker] Label flip: 16 samples class 4 \u2192 class 0
[2026-07-19 13:39:34,172] 39 root - INFO - [Attacker] Label flip: 14 samples class 4 \u2192 class 0
[2026-07-19 13:39:34,180] 39 root - INFO - [Attacker] Label flip: 10 samples class 4 \u2192 class 0
[2026-07-19 13:39:34,186] 39 root - INFO - [Attacker] Label flip: 19 samples class 4 \u2192 class 0
[2026-07-19 13:39:34,194] 39 root - INFO - [Attacker] Label flip: 6 samples class 4 \u2192 class 0
[2026-07-19 13:39:34,201] 39 root - INFO - [Attacker] Label flip: 15 samples class 4 \u2192 class 0
[2026-07-19 13:39:34,209] 39 root - INFO - [Attacker] Label flip: 8 samples class 4 \u2192 class 0
[2026-07-19 13:39:34,217] 39 root - INFO - [Attacker] Label flip: 9 samples class 4 \u2192 class 0
[2026-07-19 13:39:34,223] 39 root - INFO - [Attacker] Label flip: 13 samples class 4 \u2192 class 0
[2026-07-19 13:39:34,231] 39 root - INFO - [Attacker] Label flip: 21 samples class 4 \u2192 class 0
[2026-07-19 13:39:34,239] 39 root - INFO - [Attacker] Label flip: 13 samples class 4 \u2192 class 0
[2026-07-19 13:39:34,247] 39 root - INFO - [Attacker] Label flip: 20 samples class 4 \u2192 class 0
[2026-07-19 13:39:34,253] 39 root - INFO - [Attacker] Label flip: 6 samples class 4 \u2192 class 0
[2026-07-19 13:39:34,260] 39 root - INFO - [Attacker] Label flip: 11 samples class 4 \u2192 class 0
[2026-07-19 13:39:34,268] 39 root - INFO - [Attacker] Label flip: 13 samples class 4 \u2192 class 0
[2026-07-19 13:39:34,276] 39 root - INFO - [Attacker] Label flip: 10 samples class 4 \u2192 class 0
[2026-07-19 13:39:34,284] 39 root - INFO - [Attacker] Label flip: 13 samples class 4 \u2192 class 0
[2026-07-19 13:39:34,290] 39 root - INFO - [Attacker] Label flip: 13 samples class 4 \u2192 class 0
[2026-07-19 13:39:34,298] 39 root - INFO - [Attacker] Label flip: 13 samples class 4 \u2192 class 0
[2026-07-19 13:39:34,304] 39 root - INFO - [Attacker] Label flip: 11 samples class 4 \u2192 class 0
[2026-07-19 13:39:34,312] 39 root - INFO - [Attacker] Label flip: 10 samples class 4 \u2192 class 0
[2026-07-19 13:39:34,320] 39 root - INFO - [Attacker] Label flip: 10 samples class 4 \u2192 class 0
[2026-07-19 13:39:34,326] 39 root - INFO - [Attacker] Label flip: 15 samples class 4 \u2192 class 0
[2026-07-19 13:39:34,333] 39 root - INFO - [Attacker] Label flip: 15 samples class 4 \u2192 class 0
[2026-07-19 13:39:34,341] 39 root - INFO - [Attacker] Label flip: 12 samples class 4 \u2192 class 0
[2026-07-19 13:39:34,349] 39 root - INFO - [Attacker] Label flip: 10 samples class 4 \u2192 class 0
[2026-07-19 13:39:34,355] 39 root - INFO - [Attacker] Label flip: 14 samples class 4 \u2192 class 0
[2026-07-19 13:39:34,362] 39 root - INFO - [Attacker] Label flip: 12 samples class 4 \u2192 class 0
[2026-07-19 13:39:34,370] 39 root - INFO - [Attacker] Label flip: 10 samples class 4 \u2192 class 0
[2026-07-19 13:39:34,376] 39 root - INFO - [Attacker] Label flip: 17 samples class 4 \u2192 class 0
[2026-07-19 13:39:34,384] 39 root - INFO - [Attacker] Label flip: 12 samples class 4 \u2192 class 0
[2026-07-19 13:39:34,392] 39 root - INFO - [Attacker] Label flip: 11 samples class 4 \u2192 class 0
[2026-07-19 13:39:34,400] 39 root - INFO - [Attacker] Label flip: 8 samples class 4 \u2192 class 0
[2026-07-19 13:39:34,408] 39 root - INFO - [Attacker] Label flip: 14 samples class 4 \u2192 class 0
[2026-07-19 13:39:34,414] 39 root - INFO - [Attacker] Label flip: 10 samples class 4 \u2192 class 0
[2026-07-19 13:39:34,422] 39 root - INFO - [Attacker] Label flip: 11 samples class 4 \u2192 class 0
[2026-07-19 13:39:34,430] 39 root - INFO - [Attacker] Label flip: 19 samples class 4 \u2192 class 0
[2026-07-19 13:39:34,436] 39 root - INFO - [Attacker] Label flip: 15 samples class 4 \u2192 class 0
[2026-07-19 13:39:34,443] 39 root - INFO - [Attacker] Label flip: 15 samples class 4 \u2192 class 0
[2026-07-19 13:39:34,451] 39 root - INFO - [Attacker] Label flip: 12 samples class 4 \u2192 class 0
[2026-07-19 13:39:34,459] 39 root - INFO - [Attacker] Label flip: 9 samples class 4 \u2192 class 0
[2026-07-19 13:39:34,465] 39 root - INFO - [Attacker] Label flip: 17 samples class 4 \u2192 class 0
[2026-07-19 13:39:34,473] 39 root - INFO - [Attacker] Label flip: 6 samples class 4 \u2192 class 0
[2026-07-19 13:39:34,481] 39 root - INFO - [Attacker] Label flip: 14 samples class 4 \u2192 class 0
[2026-07-19 13:39:34,487] 39 root - INFO - [Attacker] Label flip: 8 samples class 4 \u2192 class 0
[2026-07-19 13:39:34,496] 39 root - INFO - [Attacker] Label flip: 8 samples class 4 \u2192 class 0
[2026-07-19 13:39:34,503] 39 root - INFO - [Attacker] Label flip: 14 samples class 4 \u2192 class 0
[2026-07-19 13:39:34,509] 39 root - INFO - [Attacker] Label flip: 8 samples class 4 \u2192 class 0
[2026-07-19 13:39:34,517] 39 root - INFO - [Attacker] Label flip: 13 samples class 4 \u2192 class 0
[2026-07-19 13:39:34,525] 39 root - INFO - [Attacker] Label flip: 11 samples class 4 \u2192 class 0
[2026-07-19 13:39:34,531] 39 root - INFO - [Attacker] Label flip: 20 samples class 4 \u2192 class 0
[2026-07-19 13:39:34,538] 39 root - INFO - [Attacker] Label flip: 13 samples class 4 \u2192 class 0
[2026-07-19 13:39:34,544] 39 root - INFO - [Attacker] Label flip: 6 samples class 4 \u2192 class 0
[2026-07-19 13:39:34,552] 39 root - INFO - [Attacker] Label flip: 10 samples class 4 \u2192 class 0
[2026-07-19 13:39:34,558] 39 root - INFO - [Attacker] Label flip: 22 samples class 4 \u2192 class 0
[2026-07-19 13:39:34,566] 39 root - INFO - [Attacker] Label flip: 12 samples class 4 \u2192 class 0
[2026-07-19 13:39:34,572] 39 root - INFO - [Attacker] Label flip: 18 samples class 4 \u2192 class 0
[2026-07-19 13:39:34,580] 39 root - INFO - [Attacker] Label flip: 9 samples class 4 \u2192 class 0
[2026-07-19 13:39:34,588] 39 root - INFO - [Attacker] Label flip: 12 samples class 4 \u2192 class 0
[2026-07-19 13:39:34,594] 39 root - INFO - [Attacker] Label flip: 11 samples class 4 \u2192 class 0
[2026-07-19 13:39:34,600] 39 root - INFO - [Attacker] Label flip: 13 samples class 4 \u2192 class 0
[2026-07-19 13:39:34,608] 39 root - INFO - [Attacker] Label flip: 10 samples class 4 \u2192 class 0
[2026-07-19 13:39:34,615] 39 root - INFO - [Attacker] Label flip: 12 samples class 4 \u2192 class 0
[2026-07-19 13:39:34,621] 39 root - INFO - [Attacker] Label flip: 13 samples class 4 \u2192 class 0
[2026-07-19 13:39:34,629] 39 root - INFO - [Attacker] Label flip: 13 samples class 4 \u2192 class 0
[2026-07-19 13:39:34,635] 39 root - INFO - [Attacker] Label flip: 19 samples class 4 \u2192 class 0
[2026-07-19 13:39:34,643] 39 root - INFO - [Attacker] Label flip: 18 samples class 4 \u2192 class 0
[2026-07-19 13:39:34,649] 39 root - INFO - [Attacker] Label flip: 9 samples class 4 \u2192 class 0
[2026-07-19 13:39:34,657] 39 root - INFO - [Attacker] Label flip: 11 samples class 4 \u2192 class 0
[2026-07-19 13:39:34,665] 39 root - INFO - [Attacker] Label flip: 10 samples class 4 \u2192 class 0
[2026-07-19 13:39:34,671] 39 root - INFO - [Attacker] Label flip: 12 samples class 4 \u2192 class 0
[2026-07-19 13:39:34,679] 39 root - INFO - [Attacker] Label flip: 19 samples class 4 \u2192 class 0
[2026-07-19 13:39:34,687] 39 root - INFO - [Attacker] Label flip: 16 samples class 4 \u2192 class 0
[2026-07-19 13:39:34,692] 39 root - INFO - [Attacker] Label flip: 13 samples class 4 \u2192 class 0
[2026-07-19 13:39:34,700] 39 root - INFO - [Attacker] Label flip: 13 samples class 4 \u2192 class 0
[2026-07-19 13:39:34,708] 39 root - INFO - [Attacker] Label flip: 13 samples class 4 \u2192 class 0
[2026-07-19 13:39:34,714] 39 root - INFO - [Attacker] Label flip: 15 samples class 4 \u2192 class 0
[2026-07-19 13:39:34,722] 39 root - INFO - [Attacker] Label flip: 14 samples class 4 \u2192 class 0
[2026-07-19 13:39:34,730] 39 root - INFO - [Attacker] Label flip: 15 samples class 4 \u2192 class 0
[2026-07-19 13:39:34,736] 39 root - INFO - [Attacker] Label flip: 11 samples class 4 \u2192 class 0
[2026-07-19 13:39:34,744] 39 root - INFO - [Attacker] Label flip: 11 samples class 4 \u2192 class 0
[2026-07-19 13:39:34,750] 39 root - INFO - [Attacker] Label flip: 16 samples class 4 \u2192 class 0
[2026-07-19 13:39:34,757] 39 root - INFO - [Attacker] Label flip: 11 samples class 4 \u2192 class 0
[2026-07-19 13:39:34,765] 39 root - INFO - [Attacker] Label flip: 15 samples class 4 \u2192 class 0
[2026-07-19 13:39:34,773] 39 root - INFO - [Attacker] Label flip: 8 samples class 4 \u2192 class 0
[2026-07-19 13:39:34,779] 39 root - INFO - [Attacker] Label flip: 12 samples class 4 \u2192 class 0
[2026-07-19 13:39:34,787] 39 root - INFO - [Attacker] Label flip: 11 samples class 4 \u2192 class 0
[2026-07-19 13:39:34,795] 39 root - INFO - [Attacker] Label flip: 14 samples class 4 \u2192 class 0
[2026-07-19 13:39:34,802] 39 root - INFO - [Attacker] Label flip: 13 samples class 4 \u2192 class 0
[2026-07-19 13:39:34,808] 39 root - INFO - [Attacker] Label flip: 12 samples class 4 \u2192 class 0
[2026-07-19 13:39:34,816] 39 root - INFO - [Attacker] Label flip: 17 samples class 4 \u2192 class 0
[2026-07-19 13:39:34,822] 39 root - INFO - [Attacker] Label flip: 16 samples class 4 \u2192 class 0
[2026-07-19 13:39:34,830] 39 root - INFO - [Attacker] Label flip: 11 samples class 4 \u2192 class 0
[2026-07-19 13:39:34,838] 39 root - INFO - [Attacker] Label flip: 14 samples class 4 \u2192 class 0
[2026-07-19 13:39:34,844] 39 root - INFO - [Attacker] Label flip: 11 samples class 4 \u2192 class 0
[2026-07-19 13:39:34,852] 39 root - INFO - [Attacker] Label flip: 15 samples class 4 \u2192 class 0
[2026-07-19 13:39:34,860] 39 root - INFO - [Attacker] Label flip: 12 samples class 4 \u2192 class 0
[2026-07-19 13:39:34,866] 39 root - INFO - [Attacker] Label flip: 12 samples class 4 \u2192 class 0
[2026-07-19 13:39:34,874] 39 root - INFO - [Attacker] Label flip: 6 samples class 4 \u2192 class 0
[2026-07-19 13:39:34,882] 39 root - INFO - [Attacker] Label flip: 10 samples class 4 \u2192 class 0
[2026-07-19 13:39:34,889] 39 root - INFO - [Attacker] Label flip: 10 samples class 4 \u2192 class 0
[2026-07-19 13:39:34,897] 39 root - INFO - [Attacker] Label flip: 13 samples class 4 \u2192 class 0
[2026-07-19 13:39:34,905] 39 root - INFO - [Attacker] Label flip: 18 samples class 4 \u2192 class 0
[2026-07-19 13:39:34,911] 39 root - INFO - [Attacker] Label flip: 12 samples class 4 \u2192 class 0
[2026-07-19 13:39:34,919] 39 root - INFO - [Attacker] Label flip: 16 samples class 4 \u2192 class 0
[2026-07-19 13:39:34,926] 39 root - INFO - [Attacker] Label flip: 13 samples class 4 \u2192 class 0
[2026-07-19 13:39:34,933] 39 root - INFO - [Attacker] Label flip: 7 samples class 4 \u2192 class 0
[2026-07-19 13:39:34,940] 39 root - INFO - [Attacker] Label flip: 13 samples class 4 \u2192 class 0
[2026-07-19 13:39:34,946] 39 root - INFO - [Attacker] Label flip: 12 samples class 4 \u2192 class 0
[2026-07-19 13:39:34,954] 39 root - INFO - [Attacker] Label flip: 12 samples class 4 \u2192 class 0
[2026-07-19 13:39:34,962] 39 root - INFO - [Attacker] Label flip: 15 samples class 4 \u2192 class 0
[2026-07-19 13:39:34,970] 39 root - INFO - [Attacker] Label flip: 8 samples class 4 \u2192 class 0
[2026-07-19 13:39:34,976] 39 root - INFO - [Attacker] Label flip: 6 samples class 4 \u2192 class 0
[2026-07-19 13:39:34,984] 39 root - INFO - [Attacker] Label flip: 13 samples class 4 \u2192 class 0
[2026-07-19 13:39:34,992] 39 root - INFO - [Attacker] Label flip: 11 samples class 4 \u2192 class 0
[2026-07-19 13:39:34,998] 39 root - INFO - [Attacker] Label flip: 14 samples class 4 \u2192 class 0
[2026-07-19 13:39:35,005] 39 root - INFO - [Attacker] Label flip: 9 samples class 4 \u2192 class 0
[2026-07-19 13:39:35,014] 39 root - INFO - [Attacker] Label flip: 12 samples class 4 \u2192 class 0
[2026-07-19 13:39:35,019] 39 root - INFO - [Attacker] Label flip: 18 samples class 4 \u2192 class 0
[2026-07-19 13:39:35,027] 39 root - INFO - [Attacker] Label flip: 6 samples class 4 \u2192 class 0
[2026-07-19 13:39:35,035] 39 root - INFO - [Attacker] Label flip: 8 samples class 4 \u2192 class 0
[2026-07-19 13:39:35,041] 39 root - INFO - [Attacker] Label flip: 15 samples class 4 \u2192 class 0
[2026-07-19 13:39:35,049] 39 root - INFO - [Attacker] Label flip: 21 samples class 4 \u2192 class 0
[2026-07-19 13:39:35,057] 39 root - INFO - [Attacker] Label flip: 14 samples class 4 \u2192 class 0
[2026-07-19 13:39:35,065] 39 root - INFO - [Attacker] Label flip: 8 samples class 4 \u2192 class 0
[2026-07-19 13:39:35,071] 39 root - INFO - [Attacker] Label flip: 16 samples class 4 \u2192 class 0
[2026-07-19 13:39:35,078] 39 root - INFO - [Attacker] Label flip: 6 samples class 4 \u2192 class 0
[2026-07-19 13:39:35,086] 39 root - INFO - [Attacker] Label flip: 10 samples class 4 \u2192 class 0
[2026-07-19 13:39:35,092] 39 root - INFO - [Attacker] Label flip: 9 samples class 4 \u2192 class 0
[2026-07-19 13:39:35,100] 39 root - INFO - [Attacker] Label flip: 15 samples class 4 \u2192 class 0
[2026-07-19 13:39:35,106] 39 root - INFO - [Attacker] Label flip: 16 samples class 4 \u2192 class 0
[2026-07-19 13:39:35,114] 39 root - INFO - [Attacker] Label flip: 9 samples class 4 \u2192 class 0
[2026-07-19 13:39:35,122] 39 root - INFO - [Attacker] Label flip: 17 samples class 4 \u2192 class 0
[2026-07-19 13:39:35,130] 39 root - INFO - [Attacker] Label flip: 14 samples class 4 \u2192 class 0
[2026-07-19 13:39:35,136] 39 root - INFO - [Attacker] Label flip: 17 samples class 4 \u2192 class 0
[2026-07-19 13:39:35,144] 39 root - INFO - [Attacker] Label flip: 12 samples class 4 \u2192 class 0
[2026-07-19 13:39:35,152] 39 root - INFO - [Attacker] Label flip: 15 samples class 4 \u2192 class 0
[2026-07-19 13:39:35,160] 39 root - INFO - [Attacker] Label flip: 5 samples class 4 \u2192 class 0
[2026-07-19 13:39:35,168] 39 root - INFO - [Attacker] Label flip: 12 samples class 4 \u2192 class 0
[2026-07-19 13:39:35,173] 39 root - INFO - [Attacker] Label flip: 12 samples class 4 \u2192 class 0
[2026-07-19 13:39:35,181] 39 root - INFO - [Attacker] Label flip: 11 samples class 4 \u2192 class 0
[2026-07-19 13:39:35,189] 39 root - INFO - [Attacker] Label flip: 7 samples class 4 \u2192 class 0
[2026-07-19 13:39:35,197] 39 root - INFO - [Attacker] Label flip: 15 samples class 4 \u2192 class 0
[2026-07-19 13:39:35,205] 39 root - INFO - [Attacker] Label flip: 7 samples class 4 \u2192 class 0
[2026-07-19 13:39:35,211] 39 root - INFO - [Attacker] Label flip: 14 samples class 4 \u2192 class 0
[2026-07-19 13:39:35,219] 39 root - INFO - [Attacker] Label flip: 13 samples class 4 \u2192 class 0
[2026-07-19 13:39:35,227] 39 root - INFO - [Attacker] Label flip: 12 samples class 4 \u2192 class 0
[2026-07-19 13:39:35,233] 39 root - INFO - [Attacker] Label flip: 10 samples class 4 \u2192 class 0
[2026-07-19 13:39:35,240] 39 root - INFO - [Attacker] Label flip: 10 samples class 4 \u2192 class 0
[2026-07-19 13:39:35,247] 39 root - INFO - [Attacker] Label flip: 16 samples class 4 \u2192 class 0
[2026-07-19 13:39:35,254] 39 root - INFO - [Attacker] Label flip: 14 samples class 4 \u2192 class 0
[2026-07-19 13:39:35,260] 39 root - INFO - [Attacker] Label flip: 19 samples class 4 \u2192 class 0
[2026-07-19 13:39:35,268] 39 root - INFO - [Attacker] Label flip: 10 samples class 4 \u2192 class 0
[2026-07-19 13:39:35,276] 39 root - INFO - [Attacker] Label flip: 11 samples class 4 \u2192 class 0
[2026-07-19 13:39:35,282] 39 root - INFO - [Attacker] Label flip: 11 samples class 4 \u2192 class 0
[2026-07-19 13:39:35,290] 39 root - INFO - [Attacker] Label flip: 12 samples class 4 \u2192 class 0
[2026-07-19 13:39:35,296] 39 root - INFO - [Attacker] Label flip: 13 samples class 4 \u2192 class 0
[2026-07-19 13:39:35,304] 39 root - INFO - [Attacker] Label flip: 13 samples class 4 \u2192 class 0
[2026-07-19 13:39:35,312] 39 root - INFO - [Attacker] Label flip: 15 samples class 4 \u2192 class 0
[2026-07-19 13:39:35,319] 39 root - INFO - [Attacker] Label flip: 12 samples class 4 \u2192 class 0
[2026-07-19 13:39:35,325] 39 root - INFO - [Attacker] Label flip: 13 samples class 4 \u2192 class 0
[2026-07-19 13:39:35,333] 39 root - INFO - [Attacker] Label flip: 8 samples class 4 \u2192 class 0
[2026-07-19 13:39:35,339] 39 root - INFO - [Attacker] Label flip: 12 samples class 4 \u2192 class 0
[2026-07-19 13:39:35,347] 39 root - INFO - [Attacker] Label flip: 8 samples class 4 \u2192 class 0
[2026-07-19 13:39:35,353] 39 root - INFO - [Attacker] Label flip: 10 samples class 4 \u2192 class 0
[2026-07-19 13:39:35,361] 39 root - INFO - [Attacker] Label flip: 8 samples class 4 \u2192 class 0
[2026-07-19 13:39:35,366] 39 root - INFO - [Attacker] Label flip: 13 samples class 4 \u2192 class 0
[2026-07-19 13:39:35,374] 39 root - INFO - [Attacker] Label flip: 7 samples class 4 \u2192 class 0
[2026-07-19 13:39:35,382] 39 root - INFO - [Attacker] Label flip: 16 samples class 4 \u2192 class 0
[2026-07-19 13:39:35,388] 39 root - INFO - [Attacker] Label flip: 12 samples class 4 \u2192 class 0
[2026-07-19 13:39:35,396] 39 root - INFO - [Attacker] Label flip: 16 samples class 4 \u2192 class 0
[2026-07-19 13:39:35,403] 39 root - INFO - [Attacker] Label flip: 19 samples class 4 \u2192 class 0
[2026-07-19 13:39:35,409] 39 root - INFO - [Attacker] Label flip: 12 samples class 4 \u2192 class 0
[2026-07-19 13:39:35,418] 39 root - INFO - [Attacker] Label flip: 13 samples class 4 \u2192 class 0
[2026-07-19 13:39:35,426] 39 root - INFO - [Attacker] Label flip: 13 samples class 4 \u2192 class 0
[2026-07-19 13:39:35,432] 39 root - INFO - [Attacker] Label flip: 10 samples class 4 \u2192 class 0
[2026-07-19 13:39:35,439] 39 root - INFO - [Attacker] Label flip: 8 samples class 4 \u2192 class 0
[2026-07-19 13:39:35,447] 39 root - INFO - [Attacker] Label flip: 10 samples class 4 \u2192 class 0
[2026-07-19 13:39:35,453] 39 root - INFO - [Attacker] Label flip: 15 samples class 4 \u2192 class 0
[2026-07-19 13:39:35,461] 39 root - INFO - [Attacker] Label flip: 14 samples class 4 \u2192 class 0
[2026-07-19 13:39:35,469] 39 root - INFO - [Attacker] Label flip: 18 samples class 4 \u2192 class 0
[2026-07-19 13:39:35,477] 39 root - INFO - [Attacker] Label flip: 11 samples class 4 \u2192 class 0
[2026-07-19 13:39:35,484] 39 root - INFO - [Attacker] Label flip: 6 samples class 4 \u2192 class 0
[2026-07-19 13:39:35,490] 39 root - INFO - [Attacker] Label flip: 21 samples class 4 \u2192 class 0
[2026-07-19 13:39:35,498] 39 root - INFO - [Attacker] Label flip: 20 samples class 4 \u2192 class 0
[2026-07-19 13:39:35,506] 39 root - INFO - [Attacker] Label flip: 12 samples class 4 \u2192 class 0
[2026-07-19 13:39:35,514] 39 root - INFO - [Attacker] Label flip: 13 samples class 4 \u2192 class 0
[2026-07-19 13:39:35,520] 39 root - INFO - [Attacker] Label flip: 12 samples class 4 \u2192 class 0
[2026-07-19 13:39:35,528] 39 root - INFO - [Attacker] Label flip: 8 samples class 4 \u2192 class 0
[2026-07-19 13:39:35,536] 39 root - INFO - [Attacker] Label flip: 6 samples class 4 \u2192 class 0
[2026-07-19 13:39:35,542] 39 root - INFO - [Attacker] Label flip: 10 samples class 4 \u2192 class 0
[2026-07-19 13:39:35,550] 39 root - INFO - [Attacker] Label flip: 13 samples class 4 \u2192 class 0
[2026-07-19 13:39:35,558] 39 root - INFO - [Attacker] Label flip: 8 samples class 4 \u2192 class 0
[2026-07-19 13:39:35,563] 39 root - INFO - [Attacker] Label flip: 10 samples class 4 \u2192 class 0
[2026-07-19 13:39:35,572] 39 root - INFO - [Attacker] Label flip: 15 samples class 4 \u2192 class 0
[2026-07-19 13:39:35,579] 39 root - INFO - [Attacker] Label flip: 19 samples class 4 \u2192 class 0
[2026-07-19 13:39:35,585] 39 root - INFO - [Attacker] Label flip: 13 samples class 4 \u2192 class 0
[2026-07-19 13:39:35,593] 39 root - INFO - [Attacker] Label flip: 15 samples class 4 \u2192 class 0
[2026-07-19 13:39:35,601] 39 root - INFO - [Attacker] Label flip: 8 samples class 4 \u2192 class 0
[2026-07-19 13:39:35,607] 39 root - INFO - [Attacker] Label flip: 14 samples class 4 \u2192 class 0
[2026-07-19 13:39:35,615] 39 root - INFO - [Attacker] Label flip: 16 samples class 4 \u2192 class 0
[2026-07-19 13:39:35,621] 39 root - INFO - [Attacker] Label flip: 10 samples class 4 \u2192 class 0
[2026-07-19 13:39:35,629] 39 root - INFO - [Attacker] Label flip: 15 samples class 4 \u2192 class 0
[2026-07-19 13:39:35,637] 39 root - INFO - [Attacker] Label flip: 15 samples class 4 \u2192 class 0
[2026-07-19 13:39:35,643] 39 root - INFO - [Attacker] Label flip: 11 samples class 4 \u2192 class 0
[2026-07-19 13:39:35,651] 39 root - INFO - [Attacker] Label flip: 7 samples class 4 \u2192 class 0
[2026-07-19 13:39:35,656] 39 root - INFO - [Attacker] Label flip: 12 samples class 4 \u2192 class 0
[2026-07-19 13:39:35,664] 39 root - INFO - [Attacker] Label flip: 10 samples class 4 \u2192 class 0
[2026-07-19 13:39:35,672] 39 root - INFO - [Attacker] Label flip: 16 samples class 4 \u2192 class 0
[2026-07-19 13:39:35,678] 39 root - INFO - [Attacker] Label flip: 14 samples class 4 \u2192 class 0
[2026-07-19 13:39:35,686] 39 root - INFO - [Attacker] Label flip: 13 samples class 4 \u2192 class 0
[2026-07-19 13:39:35,694] 39 root - INFO - [Attacker] Label flip: 14 samples class 4 \u2192 class 0
[2026-07-19 13:39:35,700] 39 root - INFO - [Attacker] Label flip: 21 samples class 4 \u2192 class 0
[2026-07-19 13:39:35,708] 39 root - INFO - [Attacker] Label flip: 11 samples class 4 \u2192 class 0
[2026-07-19 13:39:35,716] 39 root - INFO - [Attacker] Label flip: 11 samples class 4 \u2192 class 0
[2026-07-19 13:39:35,723] 39 root - INFO - [Attacker] Label flip: 14 samples class 4 \u2192 class 0
[2026-07-19 13:39:35,730] 39 root - INFO - [Attacker] Label flip: 14 samples class 4 \u2192 class 0
[2026-07-19 13:39:35,737] 39 root - INFO - [Attacker] Label flip: 12 samples class 4 \u2192 class 0
[2026-07-19 13:39:35,745] 39 root - INFO - [Attacker] Label flip: 11 samples class 4 \u2192 class 0
[2026-07-19 13:39:35,753] 39 root - INFO - [Attacker] Label flip: 17 samples class 4 \u2192 class 0
[2026-07-19 13:39:35,759] 39 root - INFO - [Attacker] Label flip: 6 samples class 4 \u2192 class 0
[2026-07-19 13:39:35,767] 39 root - INFO - [Attacker] Label flip: 16 samples class 4 \u2192 class 0
[2026-07-19 13:39:35,775] 39 root - INFO - [Attacker] Label flip: 15 samples class 4 \u2192 class 0
[2026-07-19 13:39:35,781] 39 root - INFO - [Attacker] Label flip: 15 samples class 4 \u2192 class 0
[2026-07-19 13:39:35,789] 39 root - INFO - [Attacker] Label flip: 13 samples class 4 \u2192 class 0
[2026-07-19 13:39:35,796] 39 root - INFO - [Attacker] Label flip: 11 samples class 4 \u2192 class 0
[2026-07-19 13:39:35,804] 39 root - INFO - [Attacker] Label flip: 16 samples class 4 \u2192 class 0
[2026-07-19 13:39:35,810] 39 root - INFO - [Attacker] Label flip: 12 samples class 4 \u2192 class 0
[2026-07-19 13:39:35,818] 39 root - INFO - [Attacker] Label flip: 12 samples class 4 \u2192 class 0
[2026-07-19 13:39:35,824] 39 root - INFO - [Attacker] Label flip: 14 samples class 4 \u2192 class 0
[2026-07-19 13:39:35,832] 39 root - INFO - [Attacker] Label flip: 13 samples class 4 \u2192 class 0
[2026-07-19 13:39:35,840] 39 root - INFO - [Attacker] Label flip: 12 samples class 4 \u2192 class 0
[2026-07-19 13:39:35,847] 39 root - INFO - [Attacker] Label flip: 16 samples class 4 \u2192 class 0
[2026-07-19 13:39:35,853] 39 root - INFO - [Attacker] Label flip: 11 samples class 4 \u2192 class 0
[2026-07-19 13:39:35,861] 39 root - INFO - [Attacker] Label flip: 11 samples class 4 \u2192 class 0
[2026-07-19 13:39:35,869] 39 root - INFO - [Attacker] Label flip: 14 samples class 4 \u2192 class 0
[2026-07-19 13:39:35,875] 39 root - INFO - [Attacker] Label flip: 11 samples class 4 \u2192 class 0
[2026-07-19 13:39:35,883] 39 root - INFO - [Attacker] Label flip: 7 samples class 4 \u2192 class 0
[2026-07-19 13:39:35,889] 39 root - INFO - [Attacker] Label flip: 7 samples class 4 \u2192 class 0
[2026-07-19 13:39:35,897] 39 root - INFO - [Attacker] Label flip: 18 samples class 4 \u2192 class 0
[2026-07-19 13:39:35,905] 39 root - INFO - [Attacker] Label flip: 11 samples class 4 \u2192 class 0
[2026-07-19 13:39:35,910] 39 root - INFO - [Attacker] Label flip: 16 samples class 4 \u2192 class 0
[2026-07-19 13:39:35,918] 39 root - INFO - [Attacker] Label flip: 15 samples class 4 \u2192 class 0
[2026-07-19 13:39:35,927] 39 root - INFO - [Attacker] Label flip: 16 samples class 4 \u2192 class 0
[2026-07-19 13:39:35,934] 39 root - INFO - [Attacker] Label flip: 12 samples class 4 \u2192 class 0
[2026-07-19 13:39:35,942] 39 root - INFO - [Attacker] Label flip: 15 samples class 4 \u2192 class 0
[2026-07-19 13:39:35,949] 39 root - INFO - [Attacker] Label flip: 19 samples class 4 \u2192 class 0
[2026-07-19 13:39:35,955] 39 root - INFO - [Attacker] Label flip: 9 samples class 4 \u2192 class 0
[2026-07-19 13:39:35,963] 39 root - INFO - [Attacker] Label flip: 21 samples class 4 \u2192 class 0
[2026-07-19 13:39:35,971] 39 root - INFO - [Attacker] Label flip: 14 samples class 4 \u2192 class 0
[2026-07-19 13:39:35,976] 39 root - INFO - [Attacker] Label flip: 7 samples class 4 \u2192 class 0
[2026-07-19 13:39:35,984] 39 root - INFO - [Attacker] Label flip: 14 samples class 4 \u2192 class 0
[2026-07-19 13:39:35,992] 39 root - INFO - [Attacker] Label flip: 9 samples class 4 \u2192 class 0
[2026-07-19 13:39:35,998] 39 root - INFO - [Attacker] Label flip: 9 samples class 4 \u2192 class 0
[2026-07-19 13:39:36,006] 39 root - INFO - [Attacker] Label flip: 13 samples class 4 \u2192 class 0
[2026-07-19 13:39:36,014] 39 root - INFO - [Attacker] Label flip: 7 samples class 4 \u2192 class 0
[2026-07-19 13:39:36,020] 39 root - INFO - [Attacker] Label flip: 15 samples class 4 \u2192 class 0
[2026-07-19 13:39:36,028] 39 root - INFO - [Attacker] Label flip: 15 samples class 4 \u2192 class 0
[2026-07-19 13:39:36,034] 39 root - INFO - [Attacker] Label flip: 6 samples class 4 \u2192 class 0
[2026-07-19 13:39:36,042] 39 root - INFO - [Attacker] Label flip: 13 samples class 4 \u2192 class 0
[2026-07-19 13:39:36,050] 39 root - INFO - [Attacker] Label flip: 14 samples class 4 \u2192 class 0
[2026-07-19 13:39:36,055] 39 root - INFO - [Attacker] Label flip: 18 samples class 4 \u2192 class 0
[2026-07-19 13:39:36,063] 39 root - INFO - [Attacker] Label flip: 14 samples class 4 \u2192 class 0
[2026-07-19 13:39:36,069] 39 root - INFO - [Attacker] Label flip: 15 samples class 4 \u2192 class 0
[2026-07-19 13:39:36,077] 39 root - INFO - [Attacker] Label flip: 10 samples class 4 \u2192 class 0
[2026-07-19 13:39:36,083] 39 root - INFO - [Attacker] Label flip: 19 samples class 4 \u2192 class 0
[2026-07-19 13:39:36,091] 39 root - INFO - [Attacker] Label flip: 8 samples class 4 \u2192 class 0
[2026-07-19 13:39:36,099] 39 root - INFO - [Attacker] Label flip: 12 samples class 4 \u2192 class 0
[2026-07-19 13:39:36,105] 39 root - INFO - [Attacker] Label flip: 16 samples class 4 \u2192 class 0
[2026-07-19 13:39:36,113] 39 root - INFO - [Attacker] Label flip: 16 samples class 4 \u2192 class 0
[2026-07-19 13:39:36,121] 39 root - INFO - [Attacker] Label flip: 22 samples class 4 \u2192 class 0
[2026-07-19 13:39:36,129] 39 root - INFO - [Attacker] Label flip: 13 samples class 4 \u2192 class 0
[2026-07-19 13:39:36,135] 39 root - INFO - [Attacker] Label flip: 12 samples class 4 \u2192 class 0
[2026-07-19 13:39:36,143] 39 root - INFO - [Attacker] Label flip: 11 samples class 4 \u2192 class 0
[2026-07-19 13:39:36,149] 39 root - INFO - [Attacker] Label flip: 12 samples class 4 \u2192 class 0
[2026-07-19 13:39:36,156] 39 root - INFO - [Attacker] Label flip: 14 samples class 4 \u2192 class 0
[2026-07-19 13:39:36,162] 39 root - INFO - [Attacker] Label flip: 15 samples class 4 \u2192 class 0
[2026-07-19 13:39:36,170] 39 root - INFO - [Attacker] Label flip: 8 samples class 4 \u2192 class 0
[2026-07-19 13:39:36,178] 39 root - INFO - [Attacker] Label flip: 8 samples class 4 \u2192 class 0
[2026-07-19 13:39:36,186] 39 root - INFO - [Attacker] Label flip: 15 samples class 4 \u2192 class 0
[2026-07-19 13:39:36,192] 39 root - INFO - [Attacker] Label flip: 13 samples class 4 \u2192 class 0
[2026-07-19 13:39:36,200] 39 root - INFO - [Attacker] Label flip: 10 samples class 4 \u2192 class 0
[2026-07-19 13:39:36,206] 39 root - INFO - [Attacker] Label flip: 15 samples class 4 \u2192 class 0
[2026-07-19 13:39:36,213] 39 root - INFO - [Attacker] Label flip: 12 samples class 4 \u2192 class 0
[2026-07-19 13:39:36,221] 39 root - INFO - [Attacker] Label flip: 6 samples class 4 \u2192 class 0
[2026-07-19 13:39:36,227] 39 root - INFO - [Attacker] Label flip: 19 samples class 4 \u2192 class 0
[2026-07-19 13:39:36,235] 39 root - INFO - [Attacker] Label flip: 10 samples class 4 \u2192 class 0
[2026-07-19 13:39:36,243] 39 root - INFO - [Attacker] Label flip: 11 samples class 4 \u2192 class 0
[2026-07-19 13:39:36,249] 39 root - INFO - [Attacker] Label flip: 9 samples class 4 \u2192 class 0
[2026-07-19 13:39:36,257] 39 root - INFO - [Attacker] Label flip: 12 samples class 4 \u2192 class 0
[2026-07-19 13:39:36,265] 39 root - INFO - [Attacker] Label flip: 10 samples class 4 \u2192 class 0
[2026-07-19 13:39:36,271] 39 root - INFO - [Attacker] Label flip: 8 samples class 4 \u2192 class 0
[2026-07-19 13:39:36,278] 39 root - INFO - [Attacker] Label flip: 16 samples class 4 \u2192 class 0
[2026-07-19 13:39:36,286] 39 root - INFO - [Attacker] Label flip: 7 samples class 4 \u2192 class 0
[2026-07-19 13:39:36,292] 39 root - INFO - [Attacker] Label flip: 11 samples class 4 \u2192 class 0
[2026-07-19 13:39:36,300] 39 root - INFO - [Attacker] Label flip: 10 samples class 4 \u2192 class 0
[2026-07-19 13:39:36,308] 39 root - INFO - [Attacker] Label flip: 17 samples class 4 \u2192 class 0
[2026-07-19 13:39:36,314] 39 root - INFO - [Attacker] Label flip: 11 samples class 4 \u2192 class 0
[2026-07-19 13:39:36,322] 39 root - INFO - [Attacker] Label flip: 18 samples class 4 \u2192 class 0
[2026-07-19 13:39:36,330] 39 root - INFO - [Attacker] Label flip: 17 samples class 4 \u2192 class 0
[2026-07-19 13:39:36,336] 39 root - INFO - [Attacker] Label flip: 14 samples class 4 \u2192 class 0
[2026-07-19 13:39:36,343] 39 root - INFO - [Attacker] Label flip: 16 samples class 4 \u2192 class 0
[2026-07-19 13:39:36,351] 39 root - INFO - [Attacker] Label flip: 17 samples class 4 \u2192 class 0
[2026-07-19 13:39:36,357] 39 root - INFO - [Attacker] Label flip: 10 samples class 4 \u2192 class 0
[2026-07-19 13:39:36,365] 39 root - INFO - [Attacker] Label flip: 8 samples class 4 \u2192 class 0
[2026-07-19 13:39:36,373] 39 root - INFO - [Attacker] Label flip: 15 samples class 4 \u2192 class 0
[2026-07-19 13:39:36,379] 39 root - INFO - [Attacker] Label flip: 9 samples class 4 \u2192 class 0
[2026-07-19 13:39:36,387] 39 root - INFO - [Attacker] Label flip: 16 samples class 4 \u2192 class 0
[2026-07-19 13:39:36,393] 39 root - INFO - [Attacker] Label flip: 10 samples class 4 \u2192 class 0
[2026-07-19 13:39:36,401] 39 root - INFO - [Attacker] Label flip: 15 samples class 4 \u2192 class 0
[2026-07-19 13:39:36,408] 39 root - INFO - [Attacker] Label flip: 11 samples class 4 \u2192 class 0
[2026-07-19 13:39:36,416] 39 root - INFO - [Attacker] Label flip: 9 samples class 4 \u2192 class 0
[2026-07-19 13:39:36,422] 39 root - INFO - [Attacker] Label flip: 13 samples class 4 \u2192 class 0
[2026-07-19 13:39:36,430] 39 root - INFO - [Attacker] Label flip: 15 samples class 4 \u2192 class 0
[2026-07-19 13:39:36,438] 39 root - INFO - [Attacker] Label flip: 14 samples class 4 \u2192 class 0
[2026-07-19 13:39:36,444] 39 root - INFO - [Attacker] Label flip: 11 samples class 4 \u2192 class 0
[2026-07-19 13:39:36,454] 39 root - INFO - [Attacker] Label flip: 15 samples class 4 \u2192 class 0
[2026-07-19 13:39:36,461] 39 root - INFO - [Attacker] Label flip: 12 samples class 4 \u2192 class 0
[2026-07-19 13:39:36,467] 39 root - INFO - [Attacker] Label flip: 4 samples class 4 \u2192 class 0
[2026-07-19 13:39:36,475] 39 root - INFO - [Attacker] Label flip: 11 samples class 4 \u2192 class 0
[2026-07-19 13:39:36,483] 39 root - INFO - [Attacker] Label flip: 17 samples class 4 \u2192 class 0
[2026-07-19 13:39:36,490] 39 root - INFO - [Attacker] Label flip: 10 samples class 4 \u2192 class 0
[2026-07-19 13:39:36,496] 39 root - INFO - [Attacker] Label flip: 16 samples class 4 \u2192 class 0
[2026-07-19 13:39:36,504] 39 root - INFO - [Attacker] Label flip: 22 samples class 4 \u2192 class 0
[2026-07-19 13:39:36,512] 39 root - INFO - [Attacker] Label flip: 14 samples class 4 \u2192 class 0
[2026-07-19 13:39:36,520] 39 root - INFO - [Attacker] Label flip: 11 samples class 4 \u2192 class 0
[2026-07-19 13:39:36,526] 39 root - INFO - [Attacker] Label flip: 9 samples class 4 \u2192 class 0
[2026-07-19 13:39:36,534] 39 root - INFO - [Attacker] Label flip: 12 samples class 4 \u2192 class 0
[2026-07-19 13:39:36,542] 39 root - INFO - [Attacker] Label flip: 14 samples class 4 \u2192 class 0
[2026-07-19 13:39:36,548] 39 root - INFO - [Attacker] Label flip: 7 samples class 4 \u2192 class 0
[2026-07-19 13:39:36,556] 39 root - INFO - [Attacker] Label flip: 11 samples class 4 \u2192 class 0
[2026-07-19 13:39:36,564] 39 root - INFO - [Attacker] Label flip: 13 samples class 4 \u2192 class 0
[2026-07-19 13:39:36,572] 39 root - INFO - [Attacker] Label flip: 13 samples class 4 \u2192 class 0
[2026-07-19 13:39:36,578] 39 root - INFO - [Attacker] Label flip: 13 samples class 4 \u2192 class 0
[2026-07-19 13:39:36,585] 39 root - INFO - [Attacker] Label flip: 15 samples class 4 \u2192 class 0
[2026-07-19 13:39:36,593] 39 root - INFO - [Attacker] Label flip: 15 samples class 4 \u2192 class 0
[2026-07-19 13:39:36,601] 39 root - INFO - [Attacker] Label flip: 15 samples class 4 \u2192 class 0
[2026-07-19 13:39:36,607] 39 root - INFO - [Attacker] Label flip: 16 samples class 4 \u2192 class 0
[2026-07-19 13:39:36,615] 39 root - INFO - [Attacker] Label flip: 14 samples class 4 \u2192 class 0
[2026-07-19 13:39:36,623] 39 root - INFO - [Attacker] Label flip: 9 samples class 4 \u2192 class 0
[2026-07-19 13:39:36,629] 39 root - INFO - [Attacker] Label flip: 10 samples class 4 \u2192 class 0
[2026-07-19 13:39:36,637] 39 root - INFO - [Attacker] Label flip: 9 samples class 4 \u2192 class 0
[2026-07-19 13:39:36,645] 39 root - INFO - [Attacker] Label flip: 13 samples class 4 \u2192 class 0
[2026-07-19 13:39:36,651] 39 root - INFO - [Attacker] Label flip: 14 samples class 4 \u2192 class 0
[2026-07-19 13:39:36,659] 39 root - INFO - [Attacker] Label flip: 16 samples class 4 \u2192 class 0
[2026-07-19 13:39:36,667] 39 root - INFO - [Attacker] Label flip: 15 samples class 4 \u2192 class 0
[2026-07-19 13:39:36,673] 39 root - INFO - [Attacker] Label flip: 7 samples class 4 \u2192 class 0
[2026-07-19 13:39:36,680] 39 root - INFO - [Attacker] Label flip: 11 samples class 4 \u2192 class 0
[2026-07-19 13:39:36,686] 39 root - INFO - [Attacker] Label flip: 14 samples class 4 \u2192 class 0
[2026-07-19 13:39:36,694] 39 root - INFO - [Attacker] Label flip: 13 samples class 4 \u2192 class 0
[2026-07-19 13:39:36,702] 39 root - INFO - [Attacker] Label flip: 13 samples class 4 \u2192 class 0
[2026-07-19 13:39:36,708] 39 root - INFO - [Attacker] Label flip: 11 samples class 4 \u2192 class 0
[2026-07-19 13:39:36,716] 39 root - INFO - [Attacker] Label flip: 18 samples class 4 \u2192 class 0
[2026-07-19 13:39:36,724] 39 root - INFO - [Attacker] Label flip: 12 samples class 4 \u2192 class 0
[2026-07-19 13:39:36,730] 39 root - INFO - [Attacker] Label flip: 9 samples class 4 \u2192 class 0
[2026-07-19 13:39:36,738] 39 root - INFO - [Attacker] Label flip: 6 samples class 4 \u2192 class 0
[2026-07-19 13:39:36,745] 39 root - INFO - [Attacker] Label flip: 15 samples class 4 \u2192 class 0
[2026-07-19 13:39:36,751] 39 root - INFO - [Attacker] Label flip: 12 samples class 4 \u2192 class 0
[2026-07-19 13:39:36,759] 39 root - INFO - [Attacker] Label flip: 11 samples class 4 \u2192 class 0
[2026-07-19 13:39:36,767] 39 root - INFO - [Attacker] Label flip: 16 samples class 4 \u2192 class 0
[2026-07-19 13:39:36,775] 39 root - INFO - [Attacker] Label flip: 9 samples class 4 \u2192 class 0
[2026-07-19 13:39:36,781] 39 root - INFO - [Attacker] Label flip: 10 samples class 4 \u2192 class 0
[2026-07-19 13:39:36,789] 39 root - INFO - [Attacker] Label flip: 6 samples class 4 \u2192 class 0
[2026-07-19 13:39:36,797] 39 root - INFO - [Attacker] Label flip: 8 samples class 4 \u2192 class 0
[2026-07-19 13:39:36,803] 39 root - INFO - [Attacker] Label flip: 10 samples class 4 \u2192 class 0
[2026-07-19 13:39:36,810] 39 root - INFO - [Attacker] Label flip: 13 samples class 4 \u2192 class 0
[2026-07-19 13:39:36,819] 39 root - INFO - [Attacker] Label flip: 13 samples class 4 \u2192 class 0
[2026-07-19 13:39:36,824] 39 root - INFO - [Attacker] Label flip: 12 samples class 4 \u2192 class 0
[2026-07-19 13:39:36,832] 39 root - INFO - [Attacker] Label flip: 11 samples class 4 \u2192 class 0
[2026-07-19 13:39:36,840] 39 root - INFO - [Attacker] Label flip: 10 samples class 4 \u2192 class 0
[2026-07-19 13:39:36,846] 39 root - INFO - [Attacker] Label flip: 5 samples class 4 \u2192 class 0
[2026-07-19 13:39:36,854] 39 root - INFO - [Attacker] Label flip: 20 samples class 4 \u2192 class 0
[2026-07-19 13:39:36,862] 39 root - INFO - [Attacker] Label flip: 13 samples class 4 \u2192 class 0
[2026-07-19 13:39:36,869] 39 root - INFO - [Attacker] Label flip: 18 samples class 4 \u2192 class 0
[2026-07-19 13:39:36,875] 39 root - INFO - [Attacker] Label flip: 11 samples class 4 \u2192 class 0
[2026-07-19 13:39:36,883] 39 root - INFO - [Attacker] Label flip: 8 samples class 4 \u2192 class 0
[2026-07-19 13:39:36,889] 39 root - INFO - [Attacker] Label flip: 13 samples class 4 \u2192 class 0
[2026-07-19 13:39:36,897] 39 root - INFO - [Attacker] Label flip: 10 samples class 4 \u2192 class 0
[2026-07-19 13:39:36,905] 39 root - INFO - [Attacker] Label flip: 18 samples class 4 \u2192 class 0
[2026-07-19 13:39:36,911] 39 root - INFO - [Attacker] Label flip: 17 samples class 4 \u2192 class 0
[2026-07-19 13:39:36,919] 39 root - INFO - [Attacker] Label flip: 19 samples class 4 \u2192 class 0
[2026-07-19 13:39:36,927] 39 root - INFO - [Attacker] Label flip: 15 samples class 4 \u2192 class 0
[2026-07-19 13:39:36,932] 39 root - INFO - [Attacker] Label flip: 11 samples class 4 \u2192 class 0
[2026-07-19 13:39:36,940] 39 root - INFO - [Attacker] Label flip: 14 samples class 4 \u2192 class 0
[2026-07-19 13:39:36,948] 39 root - INFO - [Attacker] Label flip: 7 samples class 4 \u2192 class 0
[2026-07-19 13:40:51,676] 268 flwr - WARNING - DEPRECATED FEATURE: `client_fn` now expects a signature `def client_fn(context: Context)`.The provided `client_fn` has signature: {'cid': <Parameter "cid: str">}. You can import the `Context` like this: `from flwr.common import Context`

            This is a deprecated feature. It will be removed
            entirely in future versions of Flower.
        
[2026-07-19 13:40:51,677] 268 flwr - WARNING - DEPRECATED FEATURE: `client_fn` now expects a signature `def client_fn(context: Context)`.The provided `client_fn` has signature: {'cid': <Parameter "cid: str">}. You can import the `Context` like this: `from flwr.common import Context`

            This is a deprecated feature. It will be removed
            entirely in future versions of Flower.
        
[2026-07-19 13:40:51,683] 268 flwr - WARNING - DEPRECATED FEATURE: `client_fn` now expects a signature `def client_fn(context: Context)`.The provided `client_fn` has signature: {'cid': <Parameter "cid: str">}. You can import the `Context` like this: `from flwr.common import Context`

            This is a deprecated feature. It will be removed
            entirely in future versions of Flower.
        
[2026-07-19 13:40:51,694] 268 flwr - WARNING - DEPRECATED FEATURE: `client_fn` now expects a signature `def client_fn(context: Context)`.The provided `client_fn` has signature: {'cid': <Parameter "cid: str">}. You can import the `Context` like this: `from flwr.common import Context`

            This is a deprecated feature. It will be removed
            entirely in future versions of Flower.
        
[2026-07-19 13:40:52,180] 268 flwr - WARNING - DEPRECATED FEATURE: `client_fn` now expects a signature `def client_fn(context: Context)`.The provided `client_fn` has signature: {'cid': <Parameter "cid: str">}. You can import the `Context` like this: `from flwr.common import Context`

            This is a deprecated feature. It will be removed
            entirely in future versions of Flower.
        
[2026-07-19 13:40:52,415] 268 flwr - WARNING - DEPRECATED FEATURE: `client_fn` now expects a signature `def client_fn(context: Context)`.The provided `client_fn` has signature: {'cid': <Parameter "cid: str">}. You can import the `Context` like this: `from flwr.common import Context`

            This is a deprecated feature. It will be removed
            entirely in future versions of Flower.
        
[2026-07-19 13:40:52,788] 268 flwr - WARNING - DEPRECATED FEATURE: `client_fn` now expects a signature `def client_fn(context: Context)`.The provided `client_fn` has signature: {'cid': <Parameter "cid: str">}. You can import the `Context` like this: `from flwr.common import Context`

            This is a deprecated feature. It will be removed
            entirely in future versions of Flower.
        
[2026-07-19 13:40:53,219] 268 flwr - WARNING - DEPRECATED FEATURE: `client_fn` now expects a signature `def client_fn(context: Context)`.The provided `client_fn` has signature: {'cid': <Parameter "cid: str">}. You can import the `Context` like this: `from flwr.common import Context`

            This is a deprecated feature. It will be removed
            entirely in future versions of Flower.
        
[2026-07-19 13:40:53,223] 268 flwr - WARNING - DEPRECATED FEATURE: `client_fn` now expects a signature `def client_fn(context: Context)`.The provided `client_fn` has signature: {'cid': <Parameter "cid: str">}. You can import the `Context` like this: `from flwr.common import Context`

            This is a deprecated feature. It will be removed
            entirely in future versions of Flower.
        
[2026-07-19 13:40:53,575] 268 flwr - WARNING - DEPRECATED FEATURE: `client_fn` now expects a signature `def client_fn(context: Context)`.The provided `client_fn` has signature: {'cid': <Parameter "cid: str">}. You can import the `Context` like this: `from flwr.common import Context`

            This is a deprecated feature. It will be removed
            entirely in future versions of Flower.
        
[2026-07-19 13:40:55,982] 268 flwr - WARNING - DEPRECATED FEATURE: `client_fn` now expects a signature `def client_fn(context: Context)`.The provided `client_fn` has signature: {'cid': <Parameter "cid: str">}. You can import the `Context` like this: `from flwr.common import Context`

            This is a deprecated feature. It will be removed
            entirely in future versions of Flower.
        
[2026-07-19 13:40:55,986] 268 flwr - WARNING - DEPRECATED FEATURE: `client_fn` now expects a signature `def client_fn(context: Context)`.The provided `client_fn` has signature: {'cid': <Parameter "cid: str">}. You can import the `Context` like this: `from flwr.common import Context`

            This is a deprecated feature. It will be removed
            entirely in future versions of Flower.
        
[2026-07-19 13:40:56,000] 268 flwr - WARNING - DEPRECATED FEATURE: `client_fn` now expects a signature `def client_fn(context: Context)`.The provided `client_fn` has signature: {'cid': <Parameter "cid: str">}. You can import the `Context` like this: `from flwr.common import Context`

            This is a deprecated feature. It will be removed
            entirely in future versions of Flower.
        
[2026-07-19 13:40:56,033] 268 flwr - WARNING - DEPRECATED FEATURE: `client_fn` now expects a signature `def client_fn(context: Context)`.The provided `client_fn` has signature: {'cid': <Parameter "cid: str">}. You can import the `Context` like this: `from flwr.common import Context`

            This is a deprecated feature. It will be removed
            entirely in future versions of Flower.
        
[2026-07-19 13:40:57,410] 39 root - INFO - [Attacker] Label flip: 11 samples class 4 \u2192 class 0
[2026-07-19 13:40:57,419] 39 root - INFO - [Attacker] Label flip: 11 samples class 4 \u2192 class 0
[2026-07-19 13:40:57,429] 39 root - INFO - [Attacker] Label flip: 10 samples class 4 \u2192 class 0
[2026-07-19 13:40:57,437] 39 root - INFO - [Attacker] Label flip: 19 samples class 4 \u2192 class 0
[2026-07-19 13:40:57,445] 39 root - INFO - [Attacker] Label flip: 13 samples class 4 \u2192 class 0
[2026-07-19 13:40:57,461] 39 root - INFO - [Attacker] Label flip: 11 samples class 4 \u2192 class 0
[2026-07-19 13:40:57,471] 39 root - INFO - [Attacker] Label flip: 18 samples class 4 \u2192 class 0
[2026-07-19 13:40:57,479] 39 root - INFO - [Attacker] Label flip: 10 samples class 4 \u2192 class 0
[2026-07-19 13:40:57,487] 39 root - INFO - [Attacker] Label flip: 13 samples class 4 \u2192 class 0
[2026-07-19 13:40:57,493] 39 root - INFO - [Attacker] Label flip: 14 samples class 4 \u2192 class 0
[2026-07-19 13:40:57,503] 39 root - INFO - [Attacker] Label flip: 17 samples class 4 \u2192 class 0
[2026-07-19 13:40:57,512] 39 root - INFO - [Attacker] Label flip: 14 samples class 4 \u2192 class 0
[2026-07-19 13:40:57,520] 39 root - INFO - [Attacker] Label flip: 15 samples class 4 \u2192 class 0
[2026-07-19 13:40:57,528] 39 root - INFO - [Attacker] Label flip: 19 samples class 4 \u2192 class 0
[2026-07-19 13:40:57,536] 39 root - INFO - [Attacker] Label flip: 11 samples class 4 \u2192 class 0
[2026-07-19 13:40:57,544] 39 root - INFO - [Attacker] Label flip: 18 samples class 4 \u2192 class 0
[2026-07-19 13:40:57,552] 39 root - INFO - [Attacker] Label flip: 13 samples class 4 \u2192 class 0
[2026-07-19 13:40:57,560] 39 root - INFO - [Attacker] Label flip: 13 samples class 4 \u2192 class 0
[2026-07-19 13:40:57,567] 39 root - INFO - [Attacker] Label flip: 12 samples class 4 \u2192 class 0
[2026-07-19 13:40:57,575] 39 root - INFO - [Attacker] Label flip: 21 samples class 4 \u2192 class 0
[2026-07-19 13:40:57,583] 39 root - INFO - [Attacker] Label flip: 16 samples class 4 \u2192 class 0
[2026-07-19 13:40:57,591] 39 root - INFO - [Attacker] Label flip: 16 samples class 4 \u2192 class 0
[2026-07-19 13:40:57,599] 39 root - INFO - [Attacker] Label flip: 16 samples class 4 \u2192 class 0
[2026-07-19 13:40:57,610] 39 root - INFO - [Attacker] Label flip: 11 samples class 4 \u2192 class 0
[2026-07-19 13:40:57,617] 39 root - INFO - [Attacker] Label flip: 14 samples class 4 \u2192 class 0
[2026-07-19 13:40:57,625] 39 root - INFO - [Attacker] Label flip: 14 samples class 4 \u2192 class 0
[2026-07-19 13:40:57,632] 39 root - INFO - [Attacker] Label flip: 15 samples class 4 \u2192 class 0
[2026-07-19 13:40:57,644] 39 root - INFO - [Attacker] Label flip: 25 samples class 4 \u2192 class 0
[2026-07-19 13:40:57,652] 39 root - INFO - [Attacker] Label flip: 16 samples class 4 \u2192 class 0
[2026-07-19 13:40:57,661] 39 root - INFO - [Attacker] Label flip: 17 samples class 4 \u2192 class 0
[2026-07-19 13:40:57,669] 39 root - INFO - [Attacker] Label flip: 15 samples class 4 \u2192 class 0
[2026-07-19 13:40:57,675] 39 root - INFO - [Attacker] Label flip: 14 samples class 4 \u2192 class 0
[2026-07-19 13:40:57,683] 39 root - INFO - [Attacker] Label flip: 15 samples class 4 \u2192 class 0
[2026-07-19 13:40:57,691] 39 root - INFO - [Attacker] Label flip: 8 samples class 4 \u2192 class 0
[2026-07-19 13:40:57,699] 39 root - INFO - [Attacker] Label flip: 10 samples class 4 \u2192 class 0
[2026-07-19 13:40:57,711] 39 root - INFO - [Attacker] Label flip: 16 samples class 4 \u2192 class 0
[2026-07-19 13:40:57,718] 39 root - INFO - [Attacker] Label flip: 12 samples class 4 \u2192 class 0
[2026-07-19 13:40:57,725] 39 root - INFO - [Attacker] Label flip: 10 samples class 4 \u2192 class 0
[2026-07-19 13:40:57,732] 39 root - INFO - [Attacker] Label flip: 9 samples class 4 \u2192 class 0
[2026-07-19 13:40:57,740] 39 root - INFO - [Attacker] Label flip: 10 samples class 4 \u2192 class 0
[2026-07-19 13:40:57,748] 39 root - INFO - [Attacker] Label flip: 15 samples class 4 \u2192 class 0
[2026-07-19 13:40:57,756] 39 root - INFO - [Attacker] Label flip: 12 samples class 4 \u2192 class 0
[2026-07-19 13:40:57,764] 39 root - INFO - [Attacker] Label flip: 9 samples class 4 \u2192 class 0
[2026-07-19 13:40:57,772] 39 root - INFO - [Attacker] Label flip: 10 samples class 4 \u2192 class 0
[2026-07-19 13:40:57,780] 39 root - INFO - [Attacker] Label flip: 8 samples class 4 \u2192 class 0
[2026-07-19 13:40:57,788] 39 root - INFO - [Attacker] Label flip: 10 samples class 4 \u2192 class 0
[2026-07-19 13:40:57,795] 39 root - INFO - [Attacker] Label flip: 6 samples class 4 \u2192 class 0
[2026-07-19 13:40:57,803] 39 root - INFO - [Attacker] Label flip: 16 samples class 4 \u2192 class 0
[2026-07-19 13:40:57,812] 39 root - INFO - [Attacker] Label flip: 10 samples class 4 \u2192 class 0
[2026-07-19 13:40:57,821] 39 root - INFO - [Attacker] Label flip: 12 samples class 4 \u2192 class 0
[2026-07-19 13:40:57,827] 39 root - INFO - [Attacker] Label flip: 11 samples class 4 \u2192 class 0
[2026-07-19 13:40:57,835] 39 root - INFO - [Attacker] Label flip: 11 samples class 4 \u2192 class 0
[2026-07-19 13:40:57,842] 39 root - INFO - [Attacker] Label flip: 12 samples class 4 \u2192 class 0
[2026-07-19 13:40:57,850] 39 root - INFO - [Attacker] Label flip: 12 samples class 4 \u2192 class 0
[2026-07-19 13:40:57,858] 39 root - INFO - [Attacker] Label flip: 13 samples class 4 \u2192 class 0
[2026-07-19 13:40:57,866] 39 root - INFO - [Attacker] Label flip: 8 samples class 4 \u2192 class 0
[2026-07-19 13:40:57,876] 39 root - INFO - [Attacker] Label flip: 10 samples class 4 \u2192 class 0
[2026-07-19 13:40:57,885] 39 root - INFO - [Attacker] Label flip: 13 samples class 4 \u2192 class 0
[2026-07-19 13:40:57,893] 39 root - INFO - [Attacker] Label flip: 11 samples class 4 \u2192 class 0
[2026-07-19 13:40:57,901] 39 root - INFO - [Attacker] Label flip: 8 samples class 4 \u2192 class 0
[2026-07-19 13:40:57,908] 39 root - INFO - [Attacker] Label flip: 13 samples class 4 \u2192 class 0
[2026-07-19 13:40:57,916] 39 root - INFO - [Attacker] Label flip: 12 samples class 4 \u2192 class 0
[2026-07-19 13:40:57,925] 39 root - INFO - [Attacker] Label flip: 12 samples class 4 \u2192 class 0
[2026-07-19 13:40:57,931] 39 root - INFO - [Attacker] Label flip: 12 samples class 4 \u2192 class 0
[2026-07-19 13:40:57,939] 39 root - INFO - [Attacker] Label flip: 8 samples class 4 \u2192 class 0
[2026-07-19 13:40:57,955] 39 root - INFO - [Attacker] Label flip: 10 samples class 4 \u2192 class 0
[2026-07-19 13:40:57,961] 39 root - INFO - [Attacker] Label flip: 11 samples class 4 \u2192 class 0
[2026-07-19 13:40:57,969] 39 root - INFO - [Attacker] Label flip: 12 samples class 4 \u2192 class 0
[2026-07-19 13:40:57,977] 39 root - INFO - [Attacker] Label flip: 12 samples class 4 \u2192 class 0
[2026-07-19 13:40:57,985] 39 root - INFO - [Attacker] Label flip: 10 samples class 4 \u2192 class 0
[2026-07-19 13:40:57,993] 39 root - INFO - [Attacker] Label flip: 14 samples class 4 \u2192 class 0
[2026-07-19 13:40:58,002] 39 root - INFO - [Attacker] Label flip: 11 samples class 4 \u2192 class 0
[2026-07-19 13:40:58,008] 39 root - INFO - [Attacker] Label flip: 11 samples class 4 \u2192 class 0
[2026-07-19 13:40:58,019] 39 root - INFO - [Attacker] Label flip: 7 samples class 4 \u2192 class 0
[2026-07-19 13:40:58,027] 39 root - INFO - [Attacker] Label flip: 12 samples class 4 \u2192 class 0
[2026-07-19 13:40:58,035] 39 root - INFO - [Attacker] Label flip: 20 samples class 4 \u2192 class 0
[2026-07-19 13:40:58,043] 39 root - INFO - [Attacker] Label flip: 16 samples class 4 \u2192 class 0
[2026-07-19 13:40:58,055] 39 root - INFO - [Attacker] Label flip: 9 samples class 4 \u2192 class 0
[2026-07-19 13:40:58,063] 39 root - INFO - [Attacker] Label flip: 13 samples class 4 \u2192 class 0
[2026-07-19 13:40:58,071] 39 root - INFO - [Attacker] Label flip: 9 samples class 4 \u2192 class 0
[2026-07-19 13:40:58,078] 39 root - INFO - [Attacker] Label flip: 9 samples class 4 \u2192 class 0
[2026-07-19 13:40:58,086] 39 root - INFO - [Attacker] Label flip: 15 samples class 4 \u2192 class 0
[2026-07-19 13:40:58,098] 39 root - INFO - [Attacker] Label flip: 12 samples class 4 \u2192 class 0
[2026-07-19 13:40:58,105] 39 root - INFO - [Attacker] Label flip: 12 samples class 4 \u2192 class 0
[2026-07-19 13:40:58,113] 39 root - INFO - [Attacker] Label flip: 14 samples class 4 \u2192 class 0
[2026-07-19 13:40:58,121] 39 root - INFO - [Attacker] Label flip: 16 samples class 4 \u2192 class 0
[2026-07-19 13:40:58,129] 39 root - INFO - [Attacker] Label flip: 14 samples class 4 \u2192 class 0
[2026-07-19 13:40:58,137] 39 root - INFO - [Attacker] Label flip: 12 samples class 4 \u2192 class 0
[2026-07-19 13:40:58,145] 39 root - INFO - [Attacker] Label flip: 12 samples class 4 \u2192 class 0
[2026-07-19 13:40:58,153] 39 root - INFO - [Attacker] Label flip: 12 samples class 4 \u2192 class 0
[2026-07-19 13:40:58,163] 39 root - INFO - [Attacker] Label flip: 16 samples class 4 \u2192 class 0
[2026-07-19 13:40:58,171] 39 root - INFO - [Attacker] Label flip: 13 samples class 4 \u2192 class 0
[2026-07-19 13:40:58,179] 39 root - INFO - [Attacker] Label flip: 12 samples class 4 \u2192 class 0
[2026-07-19 13:40:58,186] 39 root - INFO - [Attacker] Label flip: 16 samples class 4 \u2192 class 0
[2026-07-19 13:40:58,194] 39 root - INFO - [Attacker] Label flip: 15 samples class 4 \u2192 class 0
[2026-07-19 13:40:58,202] 39 root - INFO - [Attacker] Label flip: 13 samples class 4 \u2192 class 0
[2026-07-19 13:40:58,210] 39 root - INFO - [Attacker] Label flip: 15 samples class 4 \u2192 class 0
[2026-07-19 13:40:58,220] 39 root - INFO - [Attacker] Label flip: 12 samples class 4 \u2192 class 0
[2026-07-19 13:40:58,228] 39 root - INFO - [Attacker] Label flip: 11 samples class 4 \u2192 class 0
[2026-07-19 13:40:58,238] 39 root - INFO - [Attacker] Label flip: 13 samples class 4 \u2192 class 0
[2026-07-19 13:40:58,246] 39 root - INFO - [Attacker] Label flip: 14 samples class 4 \u2192 class 0
[2026-07-19 13:40:58,253] 39 root - INFO - [Attacker] Label flip: 16 samples class 4 \u2192 class 0
[2026-07-19 13:40:58,261] 39 root - INFO - [Attacker] Label flip: 10 samples class 4 \u2192 class 0
[2026-07-19 13:40:58,275] 39 root - INFO - [Attacker] Label flip: 12 samples class 4 \u2192 class 0
[2026-07-19 13:40:58,283] 39 root - INFO - [Attacker] Label flip: 8 samples class 4 \u2192 class 0
[2026-07-19 13:40:58,290] 39 root - INFO - [Attacker] Label flip: 15 samples class 4 \u2192 class 0
[2026-07-19 13:40:58,298] 39 root - INFO - [Attacker] Label flip: 13 samples class 4 \u2192 class 0
[2026-07-19 13:40:58,307] 39 root - INFO - [Attacker] Label flip: 15 samples class 4 \u2192 class 0
[2026-07-19 13:40:58,316] 39 root - INFO - [Attacker] Label flip: 14 samples class 4 \u2192 class 0
[2026-07-19 13:40:58,325] 39 root - INFO - [Attacker] Label flip: 11 samples class 4 \u2192 class 0
[2026-07-19 13:40:58,331] 39 root - INFO - [Attacker] Label flip: 8 samples class 4 \u2192 class 0
[2026-07-19 13:40:58,341] 39 root - INFO - [Attacker] Label flip: 10 samples class 4 \u2192 class 0
[2026-07-19 13:40:58,349] 39 root - INFO - [Attacker] Label flip: 8 samples class 4 \u2192 class 0
[2026-07-19 13:40:58,357] 39 root - INFO - [Attacker] Label flip: 12 samples class 4 \u2192 class 0
[2026-07-19 13:40:58,365] 39 root - INFO - [Attacker] Label flip: 17 samples class 4 \u2192 class 0
[2026-07-19 13:40:58,375] 39 root - INFO - [Attacker] Label flip: 11 samples class 4 \u2192 class 0
[2026-07-19 13:40:58,384] 39 root - INFO - [Attacker] Label flip: 7 samples class 4 \u2192 class 0
[2026-07-19 13:40:58,392] 39 root - INFO - [Attacker] Label flip: 11 samples class 4 \u2192 class 0
[2026-07-19 13:40:58,400] 39 root - INFO - [Attacker] Label flip: 16 samples class 4 \u2192 class 0
[2026-07-19 13:40:58,408] 39 root - INFO - [Attacker] Label flip: 14 samples class 4 \u2192 class 0
[2026-07-19 13:40:58,416] 39 root - INFO - [Attacker] Label flip: 11 samples class 4 \u2192 class 0
[2026-07-19 13:40:58,424] 39 root - INFO - [Attacker] Label flip: 7 samples class 4 \u2192 class 0
[2026-07-19 13:40:58,432] 39 root - INFO - [Attacker] Label flip: 9 samples class 4 \u2192 class 0
[2026-07-19 13:40:58,440] 39 root - INFO - [Attacker] Label flip: 12 samples class 4 \u2192 class 0
[2026-07-19 13:40:58,448] 39 root - INFO - [Attacker] Label flip: 7 samples class 4 \u2192 class 0
[2026-07-19 13:40:58,456] 39 root - INFO - [Attacker] Label flip: 6 samples class 4 \u2192 class 0
[2026-07-19 13:40:58,464] 39 root - INFO - [Attacker] Label flip: 20 samples class 4 \u2192 class 0
[2026-07-19 13:40:58,472] 39 root - INFO - [Attacker] Label flip: 8 samples class 4 \u2192 class 0
[2026-07-19 13:40:58,480] 39 root - INFO - [Attacker] Label flip: 7 samples class 4 \u2192 class 0
[2026-07-19 13:40:58,488] 39 root - INFO - [Attacker] Label flip: 6 samples class 4 \u2192 class 0
[2026-07-19 13:40:58,494] 39 root - INFO - [Attacker] Label flip: 18 samples class 4 \u2192 class 0
[2026-07-19 13:40:58,504] 39 root - INFO - [Attacker] Label flip: 13 samples class 4 \u2192 class 0
[2026-07-19 13:40:58,514] 39 root - INFO - [Attacker] Label flip: 8 samples class 4 \u2192 class 0
[2026-07-19 13:40:58,581] 39 root - INFO - [Attacker] Label flip: 10 samples class 4 \u2192 class 0
[2026-07-19 13:40:58,589] 39 root - INFO - [Attacker] Label flip: 16 samples class 4 \u2192 class 0
[2026-07-19 13:40:58,597] 39 root - INFO - [Attacker] Label flip: 14 samples class 4 \u2192 class 0
[2026-07-19 13:40:58,609] 39 root - INFO - [Attacker] Label flip: 15 samples class 4 \u2192 class 0
[2026-07-19 13:40:58,629] 39 root - INFO - [Attacker] Label flip: 12 samples class 4 \u2192 class 0
[2026-07-19 13:40:58,637] 39 root - INFO - [Attacker] Label flip: 10 samples class 4 \u2192 class 0
[2026-07-19 13:40:58,643] 39 root - INFO - [Attacker] Label flip: 12 samples class 4 \u2192 class 0
[2026-07-19 13:40:58,655] 39 root - INFO - [Attacker] Label flip: 15 samples class 4 \u2192 class 0
[2026-07-19 13:40:58,663] 39 root - INFO - [Attacker] Label flip: 19 samples class 4 \u2192 class 0
[2026-07-19 13:40:58,671] 39 root - INFO - [Attacker] Label flip: 10 samples class 4 \u2192 class 0
[2026-07-19 13:40:58,677] 39 root - INFO - [Attacker] Label flip: 11 samples class 4 \u2192 class 0
[2026-07-19 13:40:58,684] 39 root - INFO - [Attacker] Label flip: 11 samples class 4 \u2192 class 0
[2026-07-19 13:40:58,694] 39 root - INFO - [Attacker] Label flip: 9 samples class 4 \u2192 class 0
[2026-07-19 13:40:58,702] 39 root - INFO - [Attacker] Label flip: 8 samples class 4 \u2192 class 0
[2026-07-19 13:40:58,710] 39 root - INFO - [Attacker] Label flip: 14 samples class 4 \u2192 class 0
[2026-07-19 13:40:58,718] 39 root - INFO - [Attacker] Label flip: 9 samples class 4 \u2192 class 0
[2026-07-19 13:40:58,730] 39 root - INFO - [Attacker] Label flip: 13 samples class 4 \u2192 class 0
[2026-07-19 13:40:58,737] 39 root - INFO - [Attacker] Label flip: 9 samples class 4 \u2192 class 0
[2026-07-19 13:40:58,745] 39 root - INFO - [Attacker] Label flip: 13 samples class 4 \u2192 class 0
[2026-07-19 13:40:58,752] 39 root - INFO - [Attacker] Label flip: 10 samples class 4 \u2192 class 0
[2026-07-19 13:40:58,761] 39 root - INFO - [Attacker] Label flip: 15 samples class 4 \u2192 class 0
[2026-07-19 13:40:58,769] 39 root - INFO - [Attacker] Label flip: 12 samples class 4 \u2192 class 0
[2026-07-19 13:40:58,777] 39 root - INFO - [Attacker] Label flip: 10 samples class 4 \u2192 class 0
[2026-07-19 13:40:58,784] 39 root - INFO - [Attacker] Label flip: 12 samples class 4 \u2192 class 0
[2026-07-19 13:40:58,795] 39 root - INFO - [Attacker] Label flip: 8 samples class 4 \u2192 class 0
[2026-07-19 13:40:58,803] 39 root - INFO - [Attacker] Label flip: 10 samples class 4 \u2192 class 0
[2026-07-19 13:40:58,811] 39 root - INFO - [Attacker] Label flip: 15 samples class 4 \u2192 class 0
[2026-07-19 13:40:58,819] 39 root - INFO - [Attacker] Label flip: 11 samples class 4 \u2192 class 0
[2026-07-19 13:40:58,827] 39 root - INFO - [Attacker] Label flip: 9 samples class 4 \u2192 class 0
[2026-07-19 13:40:58,835] 39 root - INFO - [Attacker] Label flip: 19 samples class 4 \u2192 class 0
[2026-07-19 13:40:58,841] 39 root - INFO - [Attacker] Label flip: 7 samples class 4 \u2192 class 0
[2026-07-19 13:40:58,851] 39 root - INFO - [Attacker] Label flip: 12 samples class 4 \u2192 class 0
[2026-07-19 13:40:58,861] 39 root - INFO - [Attacker] Label flip: 14 samples class 4 \u2192 class 0
[2026-07-19 13:40:58,869] 39 root - INFO - [Attacker] Label flip: 13 samples class 4 \u2192 class 0
[2026-07-19 13:40:58,875] 39 root - INFO - [Attacker] Label flip: 14 samples class 4 \u2192 class 0
[2026-07-19 13:40:58,883] 39 root - INFO - [Attacker] Label flip: 15 samples class 4 \u2192 class 0
[2026-07-19 13:40:58,891] 39 root - INFO - [Attacker] Label flip: 14 samples class 4 \u2192 class 0
[2026-07-19 13:40:58,901] 39 root - INFO - [Attacker] Label flip: 15 samples class 4 \u2192 class 0
[2026-07-19 13:40:58,909] 39 root - INFO - [Attacker] Label flip: 15 samples class 4 \u2192 class 0
[2026-07-19 13:40:58,917] 39 root - INFO - [Attacker] Label flip: 13 samples class 4 \u2192 class 0
[2026-07-19 13:40:58,925] 39 root - INFO - [Attacker] Label flip: 15 samples class 4 \u2192 class 0
[2026-07-19 13:40:58,934] 39 root - INFO - [Attacker] Label flip: 17 samples class 4 \u2192 class 0
[2026-07-19 13:40:58,940] 39 root - INFO - [Attacker] Label flip: 8 samples class 4 \u2192 class 0
[2026-07-19 13:40:58,949] 39 root - INFO - [Attacker] Label flip: 13 samples class 4 \u2192 class 0
[2026-07-19 13:40:58,957] 39 root - INFO - [Attacker] Label flip: 19 samples class 4 \u2192 class 0
[2026-07-19 13:40:58,967] 39 root - INFO - [Attacker] Label flip: 14 samples class 4 \u2192 class 0
[2026-07-19 13:40:58,975] 39 root - INFO - [Attacker] Label flip: 14 samples class 4 \u2192 class 0
[2026-07-19 13:40:58,983] 39 root - INFO - [Attacker] Label flip: 18 samples class 4 \u2192 class 0
[2026-07-19 13:40:58,991] 39 root - INFO - [Attacker] Label flip: 12 samples class 4 \u2192 class 0
[2026-07-19 13:40:59,001] 39 root - INFO - [Attacker] Label flip: 10 samples class 4 \u2192 class 0
[2026-07-19 13:40:59,007] 39 root - INFO - [Attacker] Label flip: 11 samples class 4 \u2192 class 0
[2026-07-19 13:40:59,015] 39 root - INFO - [Attacker] Label flip: 10 samples class 4 \u2192 class 0
[2026-07-19 13:40:59,023] 39 root - INFO - [Attacker] Label flip: 15 samples class 4 \u2192 class 0
[2026-07-19 13:40:59,031] 39 root - INFO - [Attacker] Label flip: 11 samples class 4 \u2192 class 0
[2026-07-19 13:40:59,039] 39 root - INFO - [Attacker] Label flip: 18 samples class 4 \u2192 class 0
[2026-07-19 13:40:59,047] 39 root - INFO - [Attacker] Label flip: 16 samples class 4 \u2192 class 0
[2026-07-19 13:40:59,055] 39 root - INFO - [Attacker] Label flip: 17 samples class 4 \u2192 class 0
[2026-07-19 13:40:59,064] 39 root - INFO - [Attacker] Label flip: 15 samples class 4 \u2192 class 0
[2026-07-19 13:40:59,073] 39 root - INFO - [Attacker] Label flip: 17 samples class 4 \u2192 class 0
[2026-07-19 13:40:59,081] 39 root - INFO - [Attacker] Label flip: 12 samples class 4 \u2192 class 0
[2026-07-19 13:40:59,087] 39 root - INFO - [Attacker] Label flip: 17 samples class 4 \u2192 class 0
[2026-07-19 13:40:59,095] 39 root - INFO - [Attacker] Label flip: 10 samples class 4 \u2192 class 0
[2026-07-19 13:40:59,103] 39 root - INFO - [Attacker] Label flip: 7 samples class 4 \u2192 class 0
[2026-07-19 13:40:59,111] 39 root - INFO - [Attacker] Label flip: 14 samples class 4 \u2192 class 0
[2026-07-19 13:40:59,119] 39 root - INFO - [Attacker] Label flip: 9 samples class 4 \u2192 class 0
[2026-07-19 13:40:59,128] 39 root - INFO - [Attacker] Label flip: 7 samples class 4 \u2192 class 0
[2026-07-19 13:40:59,136] 39 root - INFO - [Attacker] Label flip: 20 samples class 4 \u2192 class 0
[2026-07-19 13:40:59,143] 39 root - INFO - [Attacker] Label flip: 7 samples class 4 \u2192 class 0
[2026-07-19 13:40:59,151] 39 root - INFO - [Attacker] Label flip: 9 samples class 4 \u2192 class 0
[2026-07-19 13:40:59,159] 39 root - INFO - [Attacker] Label flip: 16 samples class 4 \u2192 class 0
[2026-07-19 13:40:59,167] 39 root - INFO - [Attacker] Label flip: 11 samples class 4 \u2192 class 0
[2026-07-19 13:40:59,175] 39 root - INFO - [Attacker] Label flip: 14 samples class 4 \u2192 class 0
[2026-07-19 13:40:59,183] 39 root - INFO - [Attacker] Label flip: 13 samples class 4 \u2192 class 0
[2026-07-19 13:40:59,191] 39 root - INFO - [Attacker] Label flip: 12 samples class 4 \u2192 class 0
[2026-07-19 13:40:59,199] 39 root - INFO - [Attacker] Label flip: 16 samples class 4 \u2192 class 0
[2026-07-19 13:40:59,208] 39 root - INFO - [Attacker] Label flip: 7 samples class 4 \u2192 class 0
[2026-07-19 13:40:59,214] 39 root - INFO - [Attacker] Label flip: 11 samples class 4 \u2192 class 0
[2026-07-19 13:40:59,222] 39 root - INFO - [Attacker] Label flip: 15 samples class 4 \u2192 class 0
[2026-07-19 13:40:59,230] 39 root - INFO - [Attacker] Label flip: 12 samples class 4 \u2192 class 0
[2026-07-19 13:40:59,240] 39 root - INFO - [Attacker] Label flip: 10 samples class 4 \u2192 class 0
[2026-07-19 13:40:59,248] 39 root - INFO - [Attacker] Label flip: 12 samples class 4 \u2192 class 0
[2026-07-19 13:40:59,256] 39 root - INFO - [Attacker] Label flip: 13 samples class 4 \u2192 class 0
[2026-07-19 13:40:59,264] 39 root - INFO - [Attacker] Label flip: 18 samples class 4 \u2192 class 0
[2026-07-19 13:40:59,272] 39 root - INFO - [Attacker] Label flip: 10 samples class 4 \u2192 class 0
[2026-07-19 13:40:59,279] 39 root - INFO - [Attacker] Label flip: 11 samples class 4 \u2192 class 0
[2026-07-19 13:40:59,288] 39 root - INFO - [Attacker] Label flip: 16 samples class 4 \u2192 class 0
[2026-07-19 13:40:59,294] 39 root - INFO - [Attacker] Label flip: 12 samples class 4 \u2192 class 0
[2026-07-19 13:40:59,303] 39 root - INFO - [Attacker] Label flip: 7 samples class 4 \u2192 class 0
[2026-07-19 13:40:59,312] 39 root - INFO - [Attacker] Label flip: 16 samples class 4 \u2192 class 0
[2026-07-19 13:40:59,318] 39 root - INFO - [Attacker] Label flip: 15 samples class 4 \u2192 class 0
[2026-07-19 13:40:59,326] 39 root - INFO - [Attacker] Label flip: 13 samples class 4 \u2192 class 0
[2026-07-19 13:40:59,334] 39 root - INFO - [Attacker] Label flip: 10 samples class 4 \u2192 class 0
[2026-07-19 13:40:59,344] 39 root - INFO - [Attacker] Label flip: 7 samples class 4 \u2192 class 0
[2026-07-19 13:40:59,350] 39 root - INFO - [Attacker] Label flip: 13 samples class 4 \u2192 class 0
[2026-07-19 13:40:59,359] 39 root - INFO - [Attacker] Label flip: 13 samples class 4 \u2192 class 0
[2026-07-19 13:40:59,368] 39 root - INFO - [Attacker] Label flip: 20 samples class 4 \u2192 class 0
[2026-07-19 13:40:59,376] 39 root - INFO - [Attacker] Label flip: 14 samples class 4 \u2192 class 0
[2026-07-19 13:40:59,384] 39 root - INFO - [Attacker] Label flip: 6 samples class 4 \u2192 class 0
[2026-07-19 13:40:59,392] 39 root - INFO - [Attacker] Label flip: 14 samples class 4 \u2192 class 0
[2026-07-19 13:40:59,399] 39 root - INFO - [Attacker] Label flip: 18 samples class 4 \u2192 class 0
[2026-07-19 13:40:59,410] 39 root - INFO - [Attacker] Label flip: 15 samples class 4 \u2192 class 0
[2026-07-19 13:40:59,418] 39 root - INFO - [Attacker] Label flip: 15 samples class 4 \u2192 class 0
[2026-07-19 13:40:59,426] 39 root - INFO - [Attacker] Label flip: 8 samples class 4 \u2192 class 0
[2026-07-19 13:40:59,433] 39 root - INFO - [Attacker] Label flip: 10 samples class 4 \u2192 class 0
[2026-07-19 13:40:59,441] 39 root - INFO - [Attacker] Label flip: 13 samples class 4 \u2192 class 0
[2026-07-19 13:40:59,449] 39 root - INFO - [Attacker] Label flip: 10 samples class 4 \u2192 class 0
[2026-07-19 13:40:59,458] 39 root - INFO - [Attacker] Label flip: 9 samples class 4 \u2192 class 0
[2026-07-19 13:40:59,465] 39 root - INFO - [Attacker] Label flip: 14 samples class 4 \u2192 class 0
[2026-07-19 13:40:59,475] 39 root - INFO - [Attacker] Label flip: 11 samples class 4 \u2192 class 0
[2026-07-19 13:40:59,483] 39 root - INFO - [Attacker] Label flip: 11 samples class 4 \u2192 class 0
[2026-07-19 13:40:59,491] 39 root - INFO - [Attacker] Label flip: 15 samples class 4 \u2192 class 0
[2026-07-19 13:40:59,501] 39 root - INFO - [Attacker] Label flip: 8 samples class 4 \u2192 class 0
[2026-07-19 13:40:59,509] 39 root - INFO - [Attacker] Label flip: 14 samples class 4 \u2192 class 0
[2026-07-19 13:40:59,516] 39 root - INFO - [Attacker] Label flip: 11 samples class 4 \u2192 class 0
[2026-07-19 13:40:59,524] 39 root - INFO - [Attacker] Label flip: 14 samples class 4 \u2192 class 0
[2026-07-19 13:40:59,532] 39 root - INFO - [Attacker] Label flip: 9 samples class 4 \u2192 class 0
[2026-07-19 13:40:59,542] 39 root - INFO - [Attacker] Label flip: 11 samples class 4 \u2192 class 0
[2026-07-19 13:40:59,550] 39 root - INFO - [Attacker] Label flip: 8 samples class 4 \u2192 class 0
[2026-07-19 13:40:59,558] 39 root - INFO - [Attacker] Label flip: 16 samples class 4 \u2192 class 0
[2026-07-19 13:40:59,566] 39 root - INFO - [Attacker] Label flip: 6 samples class 4 \u2192 class 0
[2026-07-19 13:40:59,574] 39 root - INFO - [Attacker] Label flip: 9 samples class 4 \u2192 class 0
[2026-07-19 13:40:59,582] 39 root - INFO - [Attacker] Label flip: 18 samples class 4 \u2192 class 0
[2026-07-19 13:40:59,590] 39 root - INFO - [Attacker] Label flip: 17 samples class 4 \u2192 class 0
[2026-07-19 13:40:59,597] 39 root - INFO - [Attacker] Label flip: 15 samples class 4 \u2192 class 0
[2026-07-19 13:40:59,605] 39 root - INFO - [Attacker] Label flip: 16 samples class 4 \u2192 class 0
[2026-07-19 13:40:59,613] 39 root - INFO - [Attacker] Label flip: 15 samples class 4 \u2192 class 0
[2026-07-19 13:40:59,621] 39 root - INFO - [Attacker] Label flip: 14 samples class 4 \u2192 class 0
[2026-07-19 13:40:59,628] 39 root - INFO - [Attacker] Label flip: 9 samples class 4 \u2192 class 0
[2026-07-19 13:40:59,637] 39 root - INFO - [Attacker] Label flip: 12 samples class 4 \u2192 class 0
[2026-07-19 13:40:59,645] 39 root - INFO - [Attacker] Label flip: 13 samples class 4 \u2192 class 0
[2026-07-19 13:40:59,651] 39 root - INFO - [Attacker] Label flip: 11 samples class 4 \u2192 class 0
[2026-07-19 13:40:59,660] 39 root - INFO - [Attacker] Label flip: 17 samples class 4 \u2192 class 0
[2026-07-19 13:40:59,669] 39 root - INFO - [Attacker] Label flip: 8 samples class 4 \u2192 class 0
[2026-07-19 13:40:59,679] 39 root - INFO - [Attacker] Label flip: 12 samples class 4 \u2192 class 0
[2026-07-19 13:40:59,687] 39 root - INFO - [Attacker] Label flip: 14 samples class 4 \u2192 class 0
[2026-07-19 13:40:59,695] 39 root - INFO - [Attacker] Label flip: 13 samples class 4 \u2192 class 0
[2026-07-19 13:40:59,702] 39 root - INFO - [Attacker] Label flip: 10 samples class 4 \u2192 class 0
[2026-07-19 13:40:59,711] 39 root - INFO - [Attacker] Label flip: 15 samples class 4 \u2192 class 0
[2026-07-19 13:40:59,719] 39 root - INFO - [Attacker] Label flip: 13 samples class 4 \u2192 class 0
[2026-07-19 13:40:59,727] 39 root - INFO - [Attacker] Label flip: 11 samples class 4 \u2192 class 0
[2026-07-19 13:40:59,735] 39 root - INFO - [Attacker] Label flip: 8 samples class 4 \u2192 class 0
[2026-07-19 13:40:59,745] 39 root - INFO - [Attacker] Label flip: 14 samples class 4 \u2192 class 0
[2026-07-19 13:40:59,751] 39 root - INFO - [Attacker] Label flip: 14 samples class 4 \u2192 class 0
[2026-07-19 13:40:59,761] 39 root - INFO - [Attacker] Label flip: 8 samples class 4 \u2192 class 0
[2026-07-19 13:40:59,769] 39 root - INFO - [Attacker] Label flip: 6 samples class 4 \u2192 class 0
[2026-07-19 13:40:59,777] 39 root - INFO - [Attacker] Label flip: 13 samples class 4 \u2192 class 0
[2026-07-19 13:40:59,785] 39 root - INFO - [Attacker] Label flip: 10 samples class 4 \u2192 class 0
[2026-07-19 13:40:59,793] 39 root - INFO - [Attacker] Label flip: 12 samples class 4 \u2192 class 0
[2026-07-19 13:40:59,801] 39 root - INFO - [Attacker] Label flip: 9 samples class 4 \u2192 class 0
[2026-07-19 13:40:59,811] 39 root - INFO - [Attacker] Label flip: 16 samples class 4 \u2192 class 0
[2026-07-19 13:40:59,819] 39 root - INFO - [Attacker] Label flip: 17 samples class 4 \u2192 class 0
[2026-07-19 13:40:59,827] 39 root - INFO - [Attacker] Label flip: 9 samples class 4 \u2192 class 0
[2026-07-19 13:40:59,834] 39 root - INFO - [Attacker] Label flip: 14 samples class 4 \u2192 class 0
[2026-07-19 13:40:59,845] 39 root - INFO - [Attacker] Label flip: 12 samples class 4 \u2192 class 0
[2026-07-19 13:40:59,853] 39 root - INFO - [Attacker] Label flip: 14 samples class 4 \u2192 class 0
[2026-07-19 13:40:59,861] 39 root - INFO - [Attacker] Label flip: 18 samples class 4 \u2192 class 0
[2026-07-19 13:40:59,869] 39 root - INFO - [Attacker] Label flip: 13 samples class 4 \u2192 class 0
[2026-07-19 13:40:59,875] 39 root - INFO - [Attacker] Label flip: 7 samples class 4 \u2192 class 0
[2026-07-19 13:40:59,883] 39 root - INFO - [Attacker] Label flip: 12 samples class 4 \u2192 class 0
[2026-07-19 13:40:59,891] 39 root - INFO - [Attacker] Label flip: 7 samples class 4 \u2192 class 0
[2026-07-19 13:40:59,902] 39 root - INFO - [Attacker] Label flip: 10 samples class 4 \u2192 class 0
[2026-07-19 13:40:59,910] 39 root - INFO - [Attacker] Label flip: 10 samples class 4 \u2192 class 0
[2026-07-19 13:40:59,917] 39 root - INFO - [Attacker] Label flip: 9 samples class 4 \u2192 class 0
[2026-07-19 13:40:59,925] 39 root - INFO - [Attacker] Label flip: 9 samples class 4 \u2192 class 0
[2026-07-19 13:40:59,933] 39 root - INFO - [Attacker] Label flip: 13 samples class 4 \u2192 class 0
[2026-07-19 13:40:59,939] 39 root - INFO - [Attacker] Label flip: 10 samples class 4 \u2192 class 0
[2026-07-19 13:40:59,949] 39 root - INFO - [Attacker] Label flip: 16 samples class 4 \u2192 class 0
[2026-07-19 13:40:59,957] 39 root - INFO - [Attacker] Label flip: 5 samples class 4 \u2192 class 0
[2026-07-19 13:40:59,965] 39 root - INFO - [Attacker] Label flip: 17 samples class 4 \u2192 class 0
[2026-07-19 13:40:59,973] 39 root - INFO - [Attacker] Label flip: 15 samples class 4 \u2192 class 0
[2026-07-19 13:40:59,982] 39 root - INFO - [Attacker] Label flip: 15 samples class 4 \u2192 class 0
[2026-07-19 13:40:59,988] 39 root - INFO - [Attacker] Label flip: 10 samples class 4 \u2192 class 0
[2026-07-19 13:40:59,996] 39 root - INFO - [Attacker] Label flip: 11 samples class 4 \u2192 class 0
[2026-07-19 13:41:00,004] 39 root - INFO - [Attacker] Label flip: 20 samples class 4 \u2192 class 0
[2026-07-19 13:41:00,012] 39 root - INFO - [Attacker] Label flip: 11 samples class 4 \u2192 class 0
[2026-07-19 13:41:00,020] 39 root - INFO - [Attacker] Label flip: 10 samples class 4 \u2192 class 0
[2026-07-19 13:41:00,028] 39 root - INFO - [Attacker] Label flip: 13 samples class 4 \u2192 class 0
[2026-07-19 13:41:00,036] 39 root - INFO - [Attacker] Label flip: 17 samples class 4 \u2192 class 0
[2026-07-19 13:41:00,044] 39 root - INFO - [Attacker] Label flip: 10 samples class 4 \u2192 class 0
[2026-07-19 13:41:00,052] 39 root - INFO - [Attacker] Label flip: 13 samples class 4 \u2192 class 0
[2026-07-19 13:41:00,059] 39 root - INFO - [Attacker] Label flip: 9 samples class 4 \u2192 class 0
[2026-07-19 13:41:00,068] 39 root - INFO - [Attacker] Label flip: 21 samples class 4 \u2192 class 0
[2026-07-19 13:41:00,078] 39 root - INFO - [Attacker] Label flip: 13 samples class 4 \u2192 class 0
[2026-07-19 13:41:00,085] 39 root - INFO - [Attacker] Label flip: 13 samples class 4 \u2192 class 0
[2026-07-19 13:41:00,093] 39 root - INFO - [Attacker] Label flip: 19 samples class 4 \u2192 class 0
[2026-07-19 13:41:00,101] 39 root - INFO - [Attacker] Label flip: 16 samples class 4 \u2192 class 0
[2026-07-19 13:41:00,109] 39 root - INFO - [Attacker] Label flip: 14 samples class 4 \u2192 class 0
[2026-07-19 13:41:00,117] 39 root - INFO - [Attacker] Label flip: 14 samples class 4 \u2192 class 0
[2026-07-19 13:41:00,125] 39 root - INFO - [Attacker] Label flip: 14 samples class 4 \u2192 class 0
[2026-07-19 13:41:00,131] 39 root - INFO - [Attacker] Label flip: 8 samples class 4 \u2192 class 0
[2026-07-19 13:41:00,139] 39 root - INFO - [Attacker] Label flip: 8 samples class 4 \u2192 class 0
[2026-07-19 13:41:00,147] 39 root - INFO - [Attacker] Label flip: 9 samples class 4 \u2192 class 0
[2026-07-19 13:41:00,155] 39 root - INFO - [Attacker] Label flip: 19 samples class 4 \u2192 class 0
[2026-07-19 13:41:00,163] 39 root - INFO - [Attacker] Label flip: 17 samples class 4 \u2192 class 0
[2026-07-19 13:41:00,171] 39 root - INFO - [Attacker] Label flip: 12 samples class 4 \u2192 class 0
[2026-07-19 13:41:00,180] 39 root - INFO - [Attacker] Label flip: 13 samples class 4 \u2192 class 0
[2026-07-19 13:41:00,186] 39 root - INFO - [Attacker] Label flip: 14 samples class 4 \u2192 class 0
[2026-07-19 13:41:00,195] 39 root - INFO - [Attacker] Label flip: 7 samples class 4 \u2192 class 0
[2026-07-19 13:41:00,204] 39 root - INFO - [Attacker] Label flip: 10 samples class 4 \u2192 class 0
[2026-07-19 13:41:00,213] 39 root - INFO - [Attacker] Label flip: 9 samples class 4 \u2192 class 0
[2026-07-19 13:41:00,221] 39 root - INFO - [Attacker] Label flip: 10 samples class 4 \u2192 class 0
[2026-07-19 13:41:00,229] 39 root - INFO - [Attacker] Label flip: 13 samples class 4 \u2192 class 0
[2026-07-19 13:41:00,235] 39 root - INFO - [Attacker] Label flip: 11 samples class 4 \u2192 class 0
[2026-07-19 13:41:00,245] 39 root - INFO - [Attacker] Label flip: 16 samples class 4 \u2192 class 0
[2026-07-19 13:41:00,253] 39 root - INFO - [Attacker] Label flip: 18 samples class 4 \u2192 class 0
[2026-07-19 13:41:00,260] 39 root - INFO - [Attacker] Label flip: 13 samples class 4 \u2192 class 0
[2026-07-19 13:41:00,269] 39 root - INFO - [Attacker] Label flip: 16 samples class 4 \u2192 class 0
[2026-07-19 13:41:00,278] 39 root - INFO - [Attacker] Label flip: 12 samples class 4 \u2192 class 0
[2026-07-19 13:41:00,284] 39 root - INFO - [Attacker] Label flip: 8 samples class 4 \u2192 class 0
[2026-07-19 13:41:00,291] 39 root - INFO - [Attacker] Label flip: 14 samples class 4 \u2192 class 0
[2026-07-19 13:41:00,301] 39 root - INFO - [Attacker] Label flip: 11 samples class 4 \u2192 class 0
[2026-07-19 13:41:00,310] 39 root - INFO - [Attacker] Label flip: 9 samples class 4 \u2192 class 0
[2026-07-19 13:41:00,317] 39 root - INFO - [Attacker] Label flip: 10 samples class 4 \u2192 class 0
[2026-07-19 13:41:00,325] 39 root - INFO - [Attacker] Label flip: 5 samples class 4 \u2192 class 0
[2026-07-19 13:41:00,333] 39 root - INFO - [Attacker] Label flip: 17 samples class 4 \u2192 class 0
[2026-07-19 13:41:00,341] 39 root - INFO - [Attacker] Label flip: 13 samples class 4 \u2192 class 0
[2026-07-19 13:41:00,349] 39 root - INFO - [Attacker] Label flip: 12 samples class 4 \u2192 class 0
[2026-07-19 13:41:00,357] 39 root - INFO - [Attacker] Label flip: 20 samples class 4 \u2192 class 0
[2026-07-19 13:41:00,364] 39 root - INFO - [Attacker] Label flip: 10 samples class 4 \u2192 class 0
[2026-07-19 13:41:00,373] 39 root - INFO - [Attacker] Label flip: 13 samples class 4 \u2192 class 0
[2026-07-19 13:41:00,380] 39 root - INFO - [Attacker] Label flip: 10 samples class 4 \u2192 class 0
[2026-07-19 13:41:00,386] 39 root - INFO - [Attacker] Label flip: 13 samples class 4 \u2192 class 0
[2026-07-19 13:41:00,395] 39 root - INFO - [Attacker] Label flip: 20 samples class 4 \u2192 class 0
[2026-07-19 13:41:00,402] 39 root - INFO - [Attacker] Label flip: 13 samples class 4 \u2192 class 0
[2026-07-19 13:41:00,410] 39 root - INFO - [Attacker] Label flip: 15 samples class 4 \u2192 class 0
[2026-07-19 13:41:00,420] 39 root - INFO - [Attacker] Label flip: 10 samples class 4 \u2192 class 0
[2026-07-19 13:41:00,428] 39 root - INFO - [Attacker] Label flip: 13 samples class 4 \u2192 class 0
[2026-07-19 13:41:00,436] 39 root - INFO - [Attacker] Label flip: 14 samples class 4 \u2192 class 0
[2026-07-19 13:41:00,444] 39 root - INFO - [Attacker] Label flip: 10 samples class 4 \u2192 class 0
[2026-07-19 13:41:00,452] 39 root - INFO - [Attacker] Label flip: 15 samples class 4 \u2192 class 0
[2026-07-19 13:41:00,459] 39 root - INFO - [Attacker] Label flip: 15 samples class 4 \u2192 class 0
[2026-07-19 13:41:00,479] 39 root - INFO - [Attacker] Label flip: 20 samples class 4 \u2192 class 0
[2026-07-19 13:41:00,487] 39 root - INFO - [Attacker] Label flip: 8 samples class 4 \u2192 class 0
[2026-07-19 13:41:00,497] 39 root - INFO - [Attacker] Label flip: 8 samples class 4 \u2192 class 0
[2026-07-19 13:41:00,505] 39 root - INFO - [Attacker] Label flip: 6 samples class 4 \u2192 class 0
[2026-07-19 13:41:00,513] 39 root - INFO - [Attacker] Label flip: 13 samples class 4 \u2192 class 0
[2026-07-19 13:41:00,522] 39 root - INFO - [Attacker] Label flip: 12 samples class 4 \u2192 class 0
[2026-07-19 13:41:00,534] 39 root - INFO - [Attacker] Label flip: 13 samples class 4 \u2192 class 0
[2026-07-19 13:41:00,542] 39 root - INFO - [Attacker] Label flip: 13 samples class 4 \u2192 class 0
[2026-07-19 13:41:00,550] 39 root - INFO - [Attacker] Label flip: 17 samples class 4 \u2192 class 0
[2026-07-19 13:41:00,558] 39 root - INFO - [Attacker] Label flip: 6 samples class 4 \u2192 class 0
[2026-07-19 13:41:00,567] 39 root - INFO - [Attacker] Label flip: 9 samples class 4 \u2192 class 0
[2026-07-19 13:41:00,574] 39 root - INFO - [Attacker] Label flip: 10 samples class 4 \u2192 class 0
[2026-07-19 13:41:00,582] 39 root - INFO - [Attacker] Label flip: 16 samples class 4 \u2192 class 0
[2026-07-19 13:41:00,590] 39 root - INFO - [Attacker] Label flip: 8 samples class 4 \u2192 class 0
[2026-07-19 13:41:00,598] 39 root - INFO - [Attacker] Label flip: 15 samples class 4 \u2192 class 0
[2026-07-19 13:41:00,605] 39 root - INFO - [Attacker] Label flip: 14 samples class 4 \u2192 class 0
[2026-07-19 13:41:00,613] 39 root - INFO - [Attacker] Label flip: 12 samples class 4 \u2192 class 0
[2026-07-19 13:41:00,621] 39 root - INFO - [Attacker] Label flip: 12 samples class 4 \u2192 class 0
[2026-07-19 13:41:00,629] 39 root - INFO - [Attacker] Label flip: 18 samples class 4 \u2192 class 0
[2026-07-19 13:41:00,637] 39 root - INFO - [Attacker] Label flip: 7 samples class 4 \u2192 class 0
[2026-07-19 13:41:00,645] 39 root - INFO - [Attacker] Label flip: 8 samples class 4 \u2192 class 0
[2026-07-19 13:41:00,653] 39 root - INFO - [Attacker] Label flip: 14 samples class 4 \u2192 class 0
[2026-07-19 13:41:00,661] 39 root - INFO - [Attacker] Label flip: 23 samples class 4 \u2192 class 0
[2026-07-19 13:41:00,671] 39 root - INFO - [Attacker] Label flip: 12 samples class 4 \u2192 class 0
[2026-07-19 13:41:00,679] 39 root - INFO - [Attacker] Label flip: 14 samples class 4 \u2192 class 0
[2026-07-19 13:41:00,688] 39 root - INFO - [Attacker] Label flip: 16 samples class 4 \u2192 class 0
[2026-07-19 13:41:00,697] 39 root - INFO - [Attacker] Label flip: 12 samples class 4 \u2192 class 0
[2026-07-19 13:41:00,704] 39 root - INFO - [Attacker] Label flip: 18 samples class 4 \u2192 class 0
[2026-07-19 13:41:00,712] 39 root - INFO - [Attacker] Label flip: 14 samples class 4 \u2192 class 0
[2026-07-19 13:41:00,719] 39 root - INFO - [Attacker] Label flip: 10 samples class 4 \u2192 class 0
[2026-07-19 13:41:00,727] 39 root - INFO - [Attacker] Label flip: 17 samples class 4 \u2192 class 0
[2026-07-19 13:41:00,736] 39 root - INFO - [Attacker] Label flip: 12 samples class 4 \u2192 class 0
[2026-07-19 13:41:00,744] 39 root - INFO - [Attacker] Label flip: 15 samples class 4 \u2192 class 0
[2026-07-19 13:41:00,752] 39 root - INFO - [Attacker] Label flip: 13 samples class 4 \u2192 class 0
[2026-07-19 13:41:00,760] 39 root - INFO - [Attacker] Label flip: 22 samples class 4 \u2192 class 0
[2026-07-19 13:41:00,770] 39 root - INFO - [Attacker] Label flip: 13 samples class 4 \u2192 class 0
[2026-07-19 13:41:00,778] 39 root - INFO - [Attacker] Label flip: 11 samples class 4 \u2192 class 0
[2026-07-19 13:41:00,786] 39 root - INFO - [Attacker] Label flip: 12 samples class 4 \u2192 class 0
[2026-07-19 13:41:00,792] 39 root - INFO - [Attacker] Label flip: 11 samples class 4 \u2192 class 0
[2026-07-19 13:41:00,803] 39 root - INFO - [Attacker] Label flip: 12 samples class 4 \u2192 class 0
[2026-07-19 13:41:00,809] 39 root - INFO - [Attacker] Label flip: 17 samples class 4 \u2192 class 0
[2026-07-19 13:41:00,817] 39 root - INFO - [Attacker] Label flip: 13 samples class 4 \u2192 class 0
[2026-07-19 13:41:00,825] 39 root - INFO - [Attacker] Label flip: 13 samples class 4 \u2192 class 0
[2026-07-19 13:41:00,833] 39 root - INFO - [Attacker] Label flip: 8 samples class 4 \u2192 class 0
[2026-07-19 13:41:00,841] 39 root - INFO - [Attacker] Label flip: 15 samples class 4 \u2192 class 0
[2026-07-19 13:41:00,848] 39 root - INFO - [Attacker] Label flip: 9 samples class 4 \u2192 class 0
[2026-07-19 13:41:00,857] 39 root - INFO - [Attacker] Label flip: 15 samples class 4 \u2192 class 0
[2026-07-19 13:41:00,864] 39 root - INFO - [Attacker] Label flip: 12 samples class 4 \u2192 class 0
[2026-07-19 13:41:00,872] 39 root - INFO - [Attacker] Label flip: 23 samples class 4 \u2192 class 0
[2026-07-19 13:41:00,880] 39 root - INFO - [Attacker] Label flip: 11 samples class 4 \u2192 class 0
[2026-07-19 13:41:00,888] 39 root - INFO - [Attacker] Label flip: 18 samples class 4 \u2192 class 0
[2026-07-19 13:41:00,896] 39 root - INFO - [Attacker] Label flip: 7 samples class 4 \u2192 class 0
[2026-07-19 13:41:00,904] 39 root - INFO - [Attacker] Label flip: 10 samples class 4 \u2192 class 0
[2026-07-19 13:41:00,912] 39 root - INFO - [Attacker] Label flip: 13 samples class 4 \u2192 class 0
[2026-07-19 13:41:00,919] 268 flwr - WARNING - DEPRECATED FEATURE: `client_fn` now expects a signature `def client_fn(context: Context)`.The provided `client_fn` has signature: {'cid': <Parameter "cid: str">}. You can import the `Context` like this: `from flwr.common import Context`

            This is a deprecated feature. It will be removed
            entirely in future versions of Flower.
        
[2026-07-19 13:41:00,921] 39 root - INFO - [Attacker] Label flip: 21 samples class 4 \u2192 class 0
[2026-07-19 13:41:01,010] 39 root - INFO - [Attacker] Label flip: 11 samples class 4 \u2192 class 0
[2026-07-19 13:41:01,034] 39 root - INFO - [Attacker] Label flip: 14 samples class 4 \u2192 class 0
[2026-07-19 13:41:01,042] 39 root - INFO - [Attacker] Label flip: 14 samples class 4 \u2192 class 0
[2026-07-19 13:41:01,050] 39 root - INFO - [Attacker] Label flip: 16 samples class 4 \u2192 class 0
[2026-07-19 13:41:01,061] 39 root - INFO - [Attacker] Label flip: 13 samples class 4 \u2192 class 0
[2026-07-19 13:41:01,068] 39 root - INFO - [Attacker] Label flip: 14 samples class 4 \u2192 class 0
[2026-07-19 13:41:01,077] 39 root - INFO - [Attacker] Label flip: 12 samples class 4 \u2192 class 0
[2026-07-19 13:41:01,087] 39 root - INFO - [Attacker] Label flip: 19 samples class 4 \u2192 class 0
[2026-07-19 13:41:01,094] 39 root - INFO - [Attacker] Label flip: 19 samples class 4 \u2192 class 0
[2026-07-19 13:41:01,101] 39 root - INFO - [Attacker] Label flip: 16 samples class 4 \u2192 class 0
[2026-07-19 13:41:01,109] 39 root - INFO - [Attacker] Label flip: 13 samples class 4 \u2192 class 0
[2026-07-19 13:41:01,117] 39 root - INFO - [Attacker] Label flip: 11 samples class 4 \u2192 class 0
[2026-07-19 13:41:01,125] 39 root - INFO - [Attacker] Label flip: 11 samples class 4 \u2192 class 0
[2026-07-19 13:41:01,135] 39 root - INFO - [Attacker] Label flip: 10 samples class 4 \u2192 class 0
[2026-07-19 13:41:01,145] 39 root - INFO - [Attacker] Label flip: 16 samples class 4 \u2192 class 0
[2026-07-19 13:41:01,155] 39 root - INFO - [Attacker] Label flip: 14 samples class 4 \u2192 class 0
[2026-07-19 13:41:01,163] 39 root - INFO - [Attacker] Label flip: 14 samples class 4 \u2192 class 0
[2026-07-19 13:41:01,173] 39 root - INFO - [Attacker] Label flip: 12 samples class 4 \u2192 class 0
[2026-07-19 13:41:01,181] 39 root - INFO - [Attacker] Label flip: 12 samples class 4 \u2192 class 0
[2026-07-19 13:41:01,187] 39 root - INFO - [Attacker] Label flip: 16 samples class 4 \u2192 class 0
[2026-07-19 13:41:01,195] 39 root - INFO - [Attacker] Label flip: 12 samples class 4 \u2192 class 0
[2026-07-19 13:41:01,206] 39 root - INFO - [Attacker] Label flip: 13 samples class 4 \u2192 class 0
[2026-07-19 13:41:01,213] 39 root - INFO - [Attacker] Label flip: 15 samples class 4 \u2192 class 0
[2026-07-19 13:41:01,221] 39 root - INFO - [Attacker] Label flip: 6 samples class 4 \u2192 class 0
[2026-07-19 13:41:01,228] 39 root - INFO - [Attacker] Label flip: 13 samples class 4 \u2192 class 0
[2026-07-19 13:41:01,236] 39 root - INFO - [Attacker] Label flip: 17 samples class 4 \u2192 class 0
[2026-07-19 13:41:01,243] 39 root - INFO - [Attacker] Label flip: 10 samples class 4 \u2192 class 0
[2026-07-19 13:41:01,250] 39 root - INFO - [Attacker] Label flip: 15 samples class 4 \u2192 class 0
[2026-07-19 13:41:01,260] 39 root - INFO - [Attacker] Label flip: 11 samples class 4 \u2192 class 0
[2026-07-19 13:41:01,268] 39 root - INFO - [Attacker] Label flip: 16 samples class 4 \u2192 class 0
[2026-07-19 13:41:01,275] 39 root - INFO - [Attacker] Label flip: 10 samples class 4 \u2192 class 0
[2026-07-19 13:41:01,283] 39 root - INFO - [Attacker] Label flip: 15 samples class 4 \u2192 class 0
[2026-07-19 13:41:01,291] 39 root - INFO - [Attacker] Label flip: 13 samples class 4 \u2192 class 0
[2026-07-19 13:41:01,300] 39 root - INFO - [Attacker] Label flip: 11 samples class 4 \u2192 class 0
[2026-07-19 13:41:01,308] 39 root - INFO - [Attacker] Label flip: 13 samples class 4 \u2192 class 0
[2026-07-19 13:41:01,316] 39 root - INFO - [Attacker] Label flip: 13 samples class 4 \u2192 class 0
[2026-07-19 13:41:01,324] 39 root - INFO - [Attacker] Label flip: 11 samples class 4 \u2192 class 0
[2026-07-19 13:41:01,330] 39 root - INFO - [Attacker] Label flip: 9 samples class 4 \u2192 class 0
[2026-07-19 13:41:01,340] 39 root - INFO - [Attacker] Label flip: 12 samples class 4 \u2192 class 0
[2026-07-19 13:41:01,348] 39 root - INFO - [Attacker] Label flip: 14 samples class 4 \u2192 class 0
[2026-07-19 13:41:01,356] 39 root - INFO - [Attacker] Label flip: 14 samples class 4 \u2192 class 0
[2026-07-19 13:41:01,364] 39 root - INFO - [Attacker] Label flip: 17 samples class 4 \u2192 class 0
[2026-07-19 13:41:01,383] 39 root - INFO - [Attacker] Label flip: 12 samples class 4 \u2192 class 0
[2026-07-19 13:41:01,391] 39 root - INFO - [Attacker] Label flip: 7 samples class 4 \u2192 class 0
[2026-07-19 13:41:01,397] 39 root - INFO - [Attacker] Label flip: 12 samples class 4 \u2192 class 0
[2026-07-19 13:41:01,405] 39 root - INFO - [Attacker] Label flip: 16 samples class 4 \u2192 class 0
[2026-07-19 13:41:01,423] 39 root - INFO - [Attacker] Label flip: 16 samples class 4 \u2192 class 0
[2026-07-19 13:41:01,431] 39 root - INFO - [Attacker] Label flip: 12 samples class 4 \u2192 class 0
[2026-07-19 13:41:01,438] 39 root - INFO - [Attacker] Label flip: 11 samples class 4 \u2192 class 0
[2026-07-19 13:41:01,444] 39 root - INFO - [Attacker] Label flip: 10 samples class 4 \u2192 class 0
[2026-07-19 13:41:01,454] 39 root - INFO - [Attacker] Label flip: 15 samples class 4 \u2192 class 0
[2026-07-19 13:41:01,462] 39 root - INFO - [Attacker] Label flip: 14 samples class 4 \u2192 class 0
[2026-07-19 13:41:01,470] 39 root - INFO - [Attacker] Label flip: 7 samples class 4 \u2192 class 0
[2026-07-19 13:41:01,476] 39 root - INFO - [Attacker] Label flip: 10 samples class 4 \u2192 class 0
[2026-07-19 13:41:01,484] 39 root - INFO - [Attacker] Label flip: 13 samples class 4 \u2192 class 0
[2026-07-19 13:41:01,494] 39 root - INFO - [Attacker] Label flip: 7 samples class 4 \u2192 class 0
[2026-07-19 13:41:01,502] 39 root - INFO - [Attacker] Label flip: 13 samples class 4 \u2192 class 0
[2026-07-19 13:41:01,510] 39 root - INFO - [Attacker] Label flip: 19 samples class 4 \u2192 class 0
[2026-07-19 13:41:01,518] 39 root - INFO - [Attacker] Label flip: 11 samples class 4 \u2192 class 0
[2026-07-19 13:41:01,526] 39 root - INFO - [Attacker] Label flip: 16 samples class 4 \u2192 class 0
[2026-07-19 13:41:01,533] 39 root - INFO - [Attacker] Label flip: 13 samples class 4 \u2192 class 0
[2026-07-19 13:41:01,539] 39 root - INFO - [Attacker] Label flip: 12 samples class 4 \u2192 class 0
[2026-07-19 13:41:01,547] 39 root - INFO - [Attacker] Label flip: 11 samples class 4 \u2192 class 0
[2026-07-19 13:41:01,555] 39 root - INFO - [Attacker] Label flip: 16 samples class 4 \u2192 class 0
[2026-07-19 13:41:01,563] 39 root - INFO - [Attacker] Label flip: 13 samples class 4 \u2192 class 0
[2026-07-19 13:41:01,571] 39 root - INFO - [Attacker] Label flip: 14 samples class 4 \u2192 class 0
[2026-07-19 13:41:01,579] 39 root - INFO - [Attacker] Label flip: 14 samples class 4 \u2192 class 0
[2026-07-19 13:41:01,587] 39 root - INFO - [Attacker] Label flip: 16 samples class 4 \u2192 class 0
[2026-07-19 13:41:01,595] 39 root - INFO - [Attacker] Label flip: 15 samples class 4 \u2192 class 0
[2026-07-19 13:41:01,603] 39 root - INFO - [Attacker] Label flip: 12 samples class 4 \u2192 class 0
[2026-07-19 13:41:01,611] 39 root - INFO - [Attacker] Label flip: 10 samples class 4 \u2192 class 0
[2026-07-19 13:41:01,619] 39 root - INFO - [Attacker] Label flip: 19 samples class 4 \u2192 class 0
[2026-07-19 13:41:01,631] 39 root - INFO - [Attacker] Label flip: 14 samples class 4 \u2192 class 0
[2026-07-19 13:41:01,638] 39 root - INFO - [Attacker] Label flip: 12 samples class 4 \u2192 class 0
[2026-07-19 13:41:01,644] 39 root - INFO - [Attacker] Label flip: 15 samples class 4 \u2192 class 0
[2026-07-19 13:41:01,652] 39 root - INFO - [Attacker] Label flip: 15 samples class 4 \u2192 class 0
[2026-07-19 13:41:01,660] 39 root - INFO - [Attacker] Label flip: 12 samples class 4 \u2192 class 0
[2026-07-19 13:41:01,668] 39 root - INFO - [Attacker] Label flip: 19 samples class 4 \u2192 class 0
[2026-07-19 13:41:01,674] 39 root - INFO - [Attacker] Label flip: 11 samples class 4 \u2192 class 0
[2026-07-19 13:41:01,682] 39 root - INFO - [Attacker] Label flip: 14 samples class 4 \u2192 class 0
[2026-07-19 13:41:01,690] 39 root - INFO - [Attacker] Label flip: 14 samples class 4 \u2192 class 0
[2026-07-19 13:41:01,698] 39 root - INFO - [Attacker] Label flip: 13 samples class 4 \u2192 class 0
[2026-07-19 13:41:01,706] 39 root - INFO - [Attacker] Label flip: 16 samples class 4 \u2192 class 0
[2026-07-19 13:41:01,714] 39 root - INFO - [Attacker] Label flip: 11 samples class 4 \u2192 class 0
[2026-07-19 13:41:01,719] 39 root - INFO - [Attacker] Label flip: 13 samples class 4 \u2192 class 0
[2026-07-19 13:41:01,731] 39 root - INFO - [Attacker] Label flip: 13 samples class 4 \u2192 class 0
[2026-07-19 13:41:01,737] 39 root - INFO - [Attacker] Label flip: 12 samples class 4 \u2192 class 0
[2026-07-19 13:41:01,745] 39 root - INFO - [Attacker] Label flip: 10 samples class 4 \u2192 class 0
[2026-07-19 13:41:01,753] 39 root - INFO - [Attacker] Label flip: 13 samples class 4 \u2192 class 0
[2026-07-19 13:41:01,763] 39 root - INFO - [Attacker] Label flip: 9 samples class 4 \u2192 class 0
[2026-07-19 13:41:01,771] 39 root - INFO - [Attacker] Label flip: 13 samples class 4 \u2192 class 0
[2026-07-19 13:41:01,777] 39 root - INFO - [Attacker] Label flip: 12 samples class 4 \u2192 class 0
[2026-07-19 13:41:01,786] 39 root - INFO - [Attacker] Label flip: 13 samples class 4 \u2192 class 0
[2026-07-19 13:41:01,795] 39 root - INFO - [Attacker] Label flip: 8 samples class 4 \u2192 class 0
[2026-07-19 13:41:01,803] 39 root - INFO - [Attacker] Label flip: 11 samples class 4 \u2192 class 0
[2026-07-19 13:41:01,811] 39 root - INFO - [Attacker] Label flip: 16 samples class 4 \u2192 class 0
[2026-07-19 13:41:01,817] 39 root - INFO - [Attacker] Label flip: 10 samples class 4 \u2192 class 0
[2026-07-19 13:41:01,825] 39 root - INFO - [Attacker] Label flip: 7 samples class 4 \u2192 class 0
[2026-07-19 13:41:01,836] 39 root - INFO - [Attacker] Label flip: 19 samples class 4 \u2192 class 0
[2026-07-19 13:41:01,844] 39 root - INFO - [Attacker] Label flip: 15 samples class 4 \u2192 class 0
[2026-07-19 13:41:01,850] 39 root - INFO - [Attacker] Label flip: 12 samples class 4 \u2192 class 0
[2026-07-19 13:41:01,858] 39 root - INFO - [Attacker] Label flip: 18 samples class 4 \u2192 class 0
[2026-07-19 13:41:01,866] 39 root - INFO - [Attacker] Label flip: 14 samples class 4 \u2192 class 0
[2026-07-19 13:41:01,874] 39 root - INFO - [Attacker] Label flip: 16 samples class 4 \u2192 class 0
[2026-07-19 13:41:01,882] 39 root - INFO - [Attacker] Label flip: 12 samples class 4 \u2192 class 0
[2026-07-19 13:41:01,890] 39 root - INFO - [Attacker] Label flip: 11 samples class 4 \u2192 class 0
[2026-07-19 13:41:01,898] 39 root - INFO - [Attacker] Label flip: 15 samples class 4 \u2192 class 0
[2026-07-19 13:41:01,906] 39 root - INFO - [Attacker] Label flip: 20 samples class 4 \u2192 class 0
[2026-07-19 13:41:01,912] 39 root - INFO - [Attacker] Label flip: 11 samples class 4 \u2192 class 0
[2026-07-19 13:41:01,919] 39 root - INFO - [Attacker] Label flip: 11 samples class 4 \u2192 class 0
[2026-07-19 13:41:01,927] 39 root - INFO - [Attacker] Label flip: 9 samples class 4 \u2192 class 0
[2026-07-19 13:41:01,935] 39 root - INFO - [Attacker] Label flip: 11 samples class 4 \u2192 class 0
[2026-07-19 13:41:01,944] 39 root - INFO - [Attacker] Label flip: 15 samples class 4 \u2192 class 0
[2026-07-19 13:41:01,951] 39 root - INFO - [Attacker] Label flip: 9 samples class 4 \u2192 class 0
[2026-07-19 13:41:01,957] 39 root - INFO - [Attacker] Label flip: 7 samples class 4 \u2192 class 0
[2026-07-19 13:41:01,967] 39 root - INFO - [Attacker] Label flip: 12 samples class 4 \u2192 class 0
[2026-07-19 13:41:01,975] 39 root - INFO - [Attacker] Label flip: 12 samples class 4 \u2192 class 0
[2026-07-19 13:41:01,983] 39 root - INFO - [Attacker] Label flip: 12 samples class 4 \u2192 class 0
[2026-07-19 13:41:01,991] 39 root - INFO - [Attacker] Label flip: 9 samples class 4 \u2192 class 0
[2026-07-19 13:41:01,999] 39 root - INFO - [Attacker] Label flip: 12 samples class 4 \u2192 class 0
[2026-07-19 13:41:02,007] 39 root - INFO - [Attacker] Label flip: 13 samples class 4 \u2192 class 0
[2026-07-19 13:41:02,012] 39 root - INFO - [Attacker] Label flip: 15 samples class 4 \u2192 class 0
[2026-07-19 13:41:02,020] 39 root - INFO - [Attacker] Label flip: 15 samples class 4 \u2192 class 0
[2026-07-19 13:41:02,028] 39 root - INFO - [Attacker] Label flip: 15 samples class 4 \u2192 class 0
[2026-07-19 13:41:02,036] 39 root - INFO - [Attacker] Label flip: 12 samples class 4 \u2192 class 0
[2026-07-19 13:41:02,044] 39 root - INFO - [Attacker] Label flip: 14 samples class 4 \u2192 class 0
[2026-07-19 13:41:02,050] 39 root - INFO - [Attacker] Label flip: 13 samples class 4 \u2192 class 0
[2026-07-19 13:41:02,060] 39 root - INFO - [Attacker] Label flip: 16 samples class 4 \u2192 class 0
[2026-07-19 13:41:02,068] 39 root - INFO - [Attacker] Label flip: 12 samples class 4 \u2192 class 0
[2026-07-19 13:41:02,076] 39 root - INFO - [Attacker] Label flip: 6 samples class 4 \u2192 class 0
[2026-07-19 13:41:02,082] 39 root - INFO - [Attacker] Label flip: 25 samples class 4 \u2192 class 0
[2026-07-19 13:41:02,090] 39 root - INFO - [Attacker] Label flip: 11 samples class 4 \u2192 class 0
[2026-07-19 13:41:02,098] 39 root - INFO - [Attacker] Label flip: 7 samples class 4 \u2192 class 0
[2026-07-19 13:41:02,105] 39 root - INFO - [Attacker] Label flip: 15 samples class 4 \u2192 class 0
[2026-07-19 13:41:02,114] 39 root - INFO - [Attacker] Label flip: 5 samples class 4 \u2192 class 0
[2026-07-19 13:41:02,120] 39 root - INFO - [Attacker] Label flip: 17 samples class 4 \u2192 class 0
[2026-07-19 13:41:02,137] 39 root - INFO - [Attacker] Label flip: 12 samples class 4 \u2192 class 0
[2026-07-19 13:41:02,145] 39 root - INFO - [Attacker] Label flip: 10 samples class 4 \u2192 class 0
[2026-07-19 13:41:02,153] 39 root - INFO - [Attacker] Label flip: 8 samples class 4 \u2192 class 0
[2026-07-19 13:41:02,161] 39 root - INFO - [Attacker] Label flip: 14 samples class 4 \u2192 class 0
[2026-07-19 13:41:02,171] 39 root - INFO - [Attacker] Label flip: 14 samples class 4 \u2192 class 0
[2026-07-19 13:41:02,179] 39 root - INFO - [Attacker] Label flip: 13 samples class 4 \u2192 class 0
[2026-07-19 13:41:02,186] 39 root - INFO - [Attacker] Label flip: 13 samples class 4 \u2192 class 0
[2026-07-19 13:41:02,193] 39 root - INFO - [Attacker] Label flip: 12 samples class 4 \u2192 class 0
[2026-07-19 13:41:02,200] 39 root - INFO - [Attacker] Label flip: 11 samples class 4 \u2192 class 0
[2026-07-19 13:41:02,211] 39 root - INFO - [Attacker] Label flip: 12 samples class 4 \u2192 class 0
[2026-07-19 13:41:02,218] 39 root - INFO - [Attacker] Label flip: 15 samples class 4 \u2192 class 0
[2026-07-19 13:41:02,226] 39 root - INFO - [Attacker] Label flip: 15 samples class 4 \u2192 class 0
[2026-07-19 13:41:02,234] 39 root - INFO - [Attacker] Label flip: 11 samples class 4 \u2192 class 0
[2026-07-19 13:41:02,242] 39 root - INFO - [Attacker] Label flip: 10 samples class 4 \u2192 class 0
[2026-07-19 13:41:02,250] 39 root - INFO - [Attacker] Label flip: 11 samples class 4 \u2192 class 0
[2026-07-19 13:41:02,256] 39 root - INFO - [Attacker] Label flip: 16 samples class 4 \u2192 class 0
[2026-07-19 13:41:02,266] 39 root - INFO - [Attacker] Label flip: 11 samples class 4 \u2192 class 0
[2026-07-19 13:41:02,272] 39 root - INFO - [Attacker] Label flip: 6 samples class 4 \u2192 class 0
[2026-07-19 13:41:02,279] 39 root - INFO - [Attacker] Label flip: 14 samples class 4 \u2192 class 0
[2026-07-19 13:41:02,287] 39 root - INFO - [Attacker] Label flip: 19 samples class 4 \u2192 class 0
[2026-07-19 13:41:02,295] 39 root - INFO - [Attacker] Label flip: 13 samples class 4 \u2192 class 0
[2026-07-19 13:41:02,308] 39 root - INFO - [Attacker] Label flip: 9 samples class 4 \u2192 class 0
[2026-07-19 13:41:02,316] 39 root - INFO - [Attacker] Label flip: 10 samples class 4 \u2192 class 0
[2026-07-19 13:41:02,323] 39 root - INFO - [Attacker] Label flip: 6 samples class 4 \u2192 class 0
[2026-07-19 13:41:02,331] 39 root - INFO - [Attacker] Label flip: 15 samples class 4 \u2192 class 0
[2026-07-19 13:41:02,338] 39 root - INFO - [Attacker] Label flip: 12 samples class 4 \u2192 class 0
[2026-07-19 13:41:02,346] 39 root - INFO - [Attacker] Label flip: 16 samples class 4 \u2192 class 0
[2026-07-19 13:41:02,354] 39 root - INFO - [Attacker] Label flip: 8 samples class 4 \u2192 class 0
[2026-07-19 13:41:02,360] 39 root - INFO - [Attacker] Label flip: 16 samples class 4 \u2192 class 0
[2026-07-19 13:41:02,368] 39 root - INFO - [Attacker] Label flip: 6 samples class 4 \u2192 class 0
[2026-07-19 13:41:02,376] 39 root - INFO - [Attacker] Label flip: 11 samples class 4 \u2192 class 0
[2026-07-19 13:41:02,384] 39 root - INFO - [Attacker] Label flip: 13 samples class 4 \u2192 class 0
[2026-07-19 13:41:02,392] 39 root - INFO - [Attacker] Label flip: 18 samples class 4 \u2192 class 0
[2026-07-19 13:41:02,398] 39 root - INFO - [Attacker] Label flip: 8 samples class 4 \u2192 class 0
[2026-07-19 13:41:02,406] 39 root - INFO - [Attacker] Label flip: 15 samples class 4 \u2192 class 0
[2026-07-19 13:41:02,414] 39 root - INFO - [Attacker] Label flip: 11 samples class 4 \u2192 class 0
[2026-07-19 13:41:02,422] 39 root - INFO - [Attacker] Label flip: 13 samples class 4 \u2192 class 0
[2026-07-19 13:41:02,430] 39 root - INFO - [Attacker] Label flip: 10 samples class 4 \u2192 class 0
[2026-07-19 13:41:02,440] 39 root - INFO - [Attacker] Label flip: 9 samples class 4 \u2192 class 0
[2026-07-19 13:41:02,448] 39 root - INFO - [Attacker] Label flip: 12 samples class 4 \u2192 class 0
[2026-07-19 13:41:02,455] 39 root - INFO - [Attacker] Label flip: 17 samples class 4 \u2192 class 0
[2026-07-19 13:41:02,461] 39 root - INFO - [Attacker] Label flip: 7 samples class 4 \u2192 class 0
[2026-07-19 13:41:02,469] 39 root - INFO - [Attacker] Label flip: 12 samples class 4 \u2192 class 0
[2026-07-19 13:41:02,477] 39 root - INFO - [Attacker] Label flip: 16 samples class 4 \u2192 class 0
[2026-07-19 13:41:02,487] 39 root - INFO - [Attacker] Label flip: 8 samples class 4 \u2192 class 0
[2026-07-19 13:41:02,493] 39 root - INFO - [Attacker] Label flip: 14 samples class 4 \u2192 class 0
[2026-07-19 13:41:02,501] 39 root - INFO - [Attacker] Label flip: 11 samples class 4 \u2192 class 0
[2026-07-19 13:41:02,523] 39 root - INFO - [Attacker] Label flip: 8 samples class 4 \u2192 class 0
[2026-07-19 13:41:02,532] 39 root - INFO - [Attacker] Label flip: 15 samples class 4 \u2192 class 0
[2026-07-19 13:41:02,540] 39 root - INFO - [Attacker] Label flip: 17 samples class 4 \u2192 class 0
[2026-07-19 13:41:02,550] 39 root - INFO - [Attacker] Label flip: 9 samples class 4 \u2192 class 0
[2026-07-19 13:41:02,558] 39 root - INFO - [Attacker] Label flip: 12 samples class 4 \u2192 class 0
[2026-07-19 13:41:02,566] 39 root - INFO - [Attacker] Label flip: 20 samples class 4 \u2192 class 0
[2026-07-19 13:41:02,571] 39 root - INFO - [Attacker] Label flip: 14 samples class 4 \u2192 class 0
[2026-07-19 13:41:02,585] 39 root - INFO - [Attacker] Label flip: 14 samples class 4 \u2192 class 0
[2026-07-19 13:41:02,593] 39 root - INFO - [Attacker] Label flip: 15 samples class 4 \u2192 class 0
[2026-07-19 13:41:02,601] 39 root - INFO - [Attacker] Label flip: 10 samples class 4 \u2192 class 0
[2026-07-19 13:41:02,608] 39 root - INFO - [Attacker] Label flip: 8 samples class 4 \u2192 class 0
[2026-07-19 13:41:02,616] 39 root - INFO - [Attacker] Label flip: 17 samples class 4 \u2192 class 0
[2026-07-19 13:41:02,624] 39 root - INFO - [Attacker] Label flip: 13 samples class 4 \u2192 class 0
[2026-07-19 13:41:02,632] 39 root - INFO - [Attacker] Label flip: 15 samples class 4 \u2192 class 0
[2026-07-19 13:41:02,640] 39 root - INFO - [Attacker] Label flip: 11 samples class 4 \u2192 class 0
[2026-07-19 13:41:02,828] 39 root - INFO - [Attacker] Label flip: 12 samples class 4 \u2192 class 0
[2026-07-19 13:41:02,839] 39 root - INFO - [Attacker] Label flip: 13 samples class 4 \u2192 class 0
[2026-07-19 13:41:02,848] 39 root - INFO - [Attacker] Label flip: 10 samples class 4 \u2192 class 0
[2026-07-19 13:41:02,862] 39 root - INFO - [Attacker] Label flip: 9 samples class 4 \u2192 class 0
[2026-07-19 13:41:02,870] 39 root - INFO - [Attacker] Label flip: 19 samples class 4 \u2192 class 0
[2026-07-19 13:41:02,878] 39 root - INFO - [Attacker] Label flip: 11 samples class 4 \u2192 class 0
[2026-07-19 13:41:02,884] 39 root - INFO - [Attacker] Label flip: 6 samples class 4 \u2192 class 0
[2026-07-19 13:41:02,896] 39 root - INFO - [Attacker] Label flip: 13 samples class 4 \u2192 class 0
[2026-07-19 13:41:02,904] 39 root - INFO - [Attacker] Label flip: 12 samples class 4 \u2192 class 0
[2026-07-19 13:41:02,912] 39 root - INFO - [Attacker] Label flip: 15 samples class 4 \u2192 class 0
[2026-07-19 13:41:02,920] 39 root - INFO - [Attacker] Label flip: 10 samples class 4 \u2192 class 0
[2026-07-19 13:41:02,928] 39 root - INFO - [Attacker] Label flip: 10 samples class 4 \u2192 class 0
[2026-07-19 13:41:02,936] 39 root - INFO - [Attacker] Label flip: 9 samples class 4 \u2192 class 0
[2026-07-19 13:41:02,943] 39 root - INFO - [Attacker] Label flip: 16 samples class 4 \u2192 class 0
[2026-07-19 13:41:02,951] 39 root - INFO - [Attacker] Label flip: 16 samples class 4 \u2192 class 0
[2026-07-19 13:41:02,959] 39 root - INFO - [Attacker] Label flip: 20 samples class 4 \u2192 class 0
[2026-07-19 13:41:02,965] 39 root - INFO - [Attacker] Label flip: 15 samples class 4 \u2192 class 0
[2026-07-19 13:41:02,975] 39 root - INFO - [Attacker] Label flip: 15 samples class 4 \u2192 class 0
[2026-07-19 13:41:02,983] 39 root - INFO - [Attacker] Label flip: 14 samples class 4 \u2192 class 0
[2026-07-19 13:41:02,991] 39 root - INFO - [Attacker] Label flip: 9 samples class 4 \u2192 class 0
[2026-07-19 13:41:03,001] 39 root - INFO - [Attacker] Label flip: 9 samples class 4 \u2192 class 0
[2026-07-19 13:41:03,008] 39 root - INFO - [Attacker] Label flip: 15 samples class 4 \u2192 class 0
[2026-07-19 13:41:03,017] 39 root - INFO - [Attacker] Label flip: 12 samples class 4 \u2192 class 0
[2026-07-19 13:41:03,024] 39 root - INFO - [Attacker] Label flip: 17 samples class 4 \u2192 class 0
[2026-07-19 13:41:03,034] 39 root - INFO - [Attacker] Label flip: 9 samples class 4 \u2192 class 0
[2026-07-19 13:41:03,044] 39 root - INFO - [Attacker] Label flip: 13 samples class 4 \u2192 class 0
[2026-07-19 13:41:03,052] 39 root - INFO - [Attacker] Label flip: 12 samples class 4 \u2192 class 0
[2026-07-19 13:41:03,060] 39 root - INFO - [Attacker] Label flip: 11 samples class 4 \u2192 class 0
[2026-07-19 13:41:03,068] 39 root - INFO - [Attacker] Label flip: 7 samples class 4 \u2192 class 0
[2026-07-19 13:41:03,078] 39 root - INFO - [Attacker] Label flip: 9 samples class 4 \u2192 class 0
[2026-07-19 13:41:03,086] 39 root - INFO - [Attacker] Label flip: 12 samples class 4 \u2192 class 0
[2026-07-19 13:41:03,093] 39 root - INFO - [Attacker] Label flip: 14 samples class 4 \u2192 class 0
[2026-07-19 13:41:03,099] 39 root - INFO - [Attacker] Label flip: 12 samples class 4 \u2192 class 0
[2026-07-19 13:41:03,109] 39 root - INFO - [Attacker] Label flip: 11 samples class 4 \u2192 class 0
[2026-07-19 13:41:03,117] 39 root - INFO - [Attacker] Label flip: 14 samples class 4 \u2192 class 0
[2026-07-19 13:41:03,125] 39 root - INFO - [Attacker] Label flip: 12 samples class 4 \u2192 class 0
[2026-07-19 13:41:03,133] 39 root - INFO - [Attacker] Label flip: 9 samples class 4 \u2192 class 0
[2026-07-19 13:41:03,143] 39 root - INFO - [Attacker] Label flip: 18 samples class 4 \u2192 class 0
[2026-07-19 13:41:03,151] 39 root - INFO - [Attacker] Label flip: 10 samples class 4 \u2192 class 0
[2026-07-19 13:41:03,159] 39 root - INFO - [Attacker] Label flip: 8 samples class 4 \u2192 class 0
[2026-07-19 13:41:03,167] 39 root - INFO - [Attacker] Label flip: 13 samples class 4 \u2192 class 0
[2026-07-19 13:41:03,175] 39 root - INFO - [Attacker] Label flip: 10 samples class 4 \u2192 class 0
[2026-07-19 13:41:03,184] 39 root - INFO - [Attacker] Label flip: 11 samples class 4 \u2192 class 0
[2026-07-19 13:41:03,190] 39 root - INFO - [Attacker] Label flip: 12 samples class 4 \u2192 class 0
[2026-07-19 13:41:03,197] 39 root - INFO - [Attacker] Label flip: 5 samples class 4 \u2192 class 0
[2026-07-19 13:41:03,207] 39 root - INFO - [Attacker] Label flip: 9 samples class 4 \u2192 class 0
[2026-07-19 13:41:03,216] 39 root - INFO - [Attacker] Label flip: 16 samples class 4 \u2192 class 0
[2026-07-19 13:41:03,224] 39 root - INFO - [Attacker] Label flip: 14 samples class 4 \u2192 class 0
[2026-07-19 13:41:03,232] 39 root - INFO - [Attacker] Label flip: 9 samples class 4 \u2192 class 0
[2026-07-19 13:41:03,240] 39 root - INFO - [Attacker] Label flip: 5 samples class 4 \u2192 class 0
[2026-07-19 13:41:03,248] 39 root - INFO - [Attacker] Label flip: 10 samples class 4 \u2192 class 0
[2026-07-19 13:41:03,255] 39 root - INFO - [Attacker] Label flip: 15 samples class 4 \u2192 class 0
[2026-07-19 13:41:03,263] 39 root - INFO - [Attacker] Label flip: 18 samples class 4 \u2192 class 0
[2026-07-19 13:41:03,271] 39 root - INFO - [Attacker] Label flip: 16 samples class 4 \u2192 class 0
[2026-07-19 13:41:03,282] 39 root - INFO - [Attacker] Label flip: 13 samples class 4 \u2192 class 0
[2026-07-19 13:41:03,289] 39 root - INFO - [Attacker] Label flip: 10 samples class 4 \u2192 class 0
[2026-07-19 13:41:03,296] 39 root - INFO - [Attacker] Label flip: 12 samples class 4 \u2192 class 0
[2026-07-19 13:41:03,304] 39 root - INFO - [Attacker] Label flip: 15 samples class 4 \u2192 class 0
[2026-07-19 13:41:03,313] 39 root - INFO - [Attacker] Label flip: 17 samples class 4 \u2192 class 0
[2026-07-19 13:41:03,321] 39 root - INFO - [Attacker] Label flip: 11 samples class 4 \u2192 class 0
[2026-07-19 13:41:03,328] 39 root - INFO - [Attacker] Label flip: 16 samples class 4 \u2192 class 0
[2026-07-19 13:41:03,338] 39 root - INFO - [Attacker] Label flip: 9 samples class 4 \u2192 class 0
[2026-07-19 13:41:03,346] 39 root - INFO - [Attacker] Label flip: 17 samples class 4 \u2192 class 0
[2026-07-19 13:41:03,354] 39 root - INFO - [Attacker] Label flip: 14 samples class 4 \u2192 class 0
[2026-07-19 13:41:03,362] 39 root - INFO - [Attacker] Label flip: 11 samples class 4 \u2192 class 0
[2026-07-19 13:41:03,370] 39 root - INFO - [Attacker] Label flip: 14 samples class 4 \u2192 class 0
[2026-07-19 13:41:03,377] 39 root - INFO - [Attacker] Label flip: 11 samples class 4 \u2192 class 0
[2026-07-19 13:41:03,385] 39 root - INFO - [Attacker] Label flip: 9 samples class 4 \u2192 class 0
[2026-07-19 13:41:03,393] 39 root - INFO - [Attacker] Label flip: 17 samples class 4 \u2192 class 0
[2026-07-19 13:41:03,400] 39 root - INFO - [Attacker] Label flip: 8 samples class 4 \u2192 class 0
[2026-07-19 13:41:03,408] 39 root - INFO - [Attacker] Label flip: 9 samples class 4 \u2192 class 0
[2026-07-19 13:41:03,416] 39 root - INFO - [Attacker] Label flip: 12 samples class 4 \u2192 class 0
[2026-07-19 13:41:03,422] 39 root - INFO - [Attacker] Label flip: 16 samples class 4 \u2192 class 0
[2026-07-19 13:41:03,430] 39 root - INFO - [Attacker] Label flip: 19 samples class 4 \u2192 class 0
[2026-07-19 13:41:03,439] 39 root - INFO - [Attacker] Label flip: 15 samples class 4 \u2192 class 0
[2026-07-19 13:41:03,445] 39 root - INFO - [Attacker] Label flip: 15 samples class 4 \u2192 class 0
[2026-07-19 13:41:03,453] 39 root - INFO - [Attacker] Label flip: 9 samples class 4 \u2192 class 0
[2026-07-19 13:41:03,461] 39 root - INFO - [Attacker] Label flip: 12 samples class 4 \u2192 class 0
[2026-07-19 13:41:03,474] 39 root - INFO - [Attacker] Label flip: 15 samples class 4 \u2192 class 0
[2026-07-19 13:41:03,481] 39 root - INFO - [Attacker] Label flip: 9 samples class 4 \u2192 class 0
[2026-07-19 13:41:03,489] 39 root - INFO - [Attacker] Label flip: 10 samples class 4 \u2192 class 0
[2026-07-19 13:41:03,497] 39 root - INFO - [Attacker] Label flip: 15 samples class 4 \u2192 class 0
[2026-07-19 13:41:03,505] 39 root - INFO - [Attacker] Label flip: 8 samples class 4 \u2192 class 0
[2026-07-19 13:41:03,514] 39 root - INFO - [Attacker] Label flip: 12 samples class 4 \u2192 class 0
[2026-07-19 13:41:03,522] 39 root - INFO - [Attacker] Label flip: 12 samples class 4 \u2192 class 0
[2026-07-19 13:41:03,530] 39 root - INFO - [Attacker] Label flip: 14 samples class 4 \u2192 class 0
[2026-07-19 13:41:03,538] 39 root - INFO - [Attacker] Label flip: 16 samples class 4 \u2192 class 0
[2026-07-19 13:41:03,546] 39 root - INFO - [Attacker] Label flip: 12 samples class 4 \u2192 class 0
[2026-07-19 13:41:03,553] 39 root - INFO - [Attacker] Label flip: 10 samples class 4 \u2192 class 0
[2026-07-19 13:41:03,561] 39 root - INFO - [Attacker] Label flip: 13 samples class 4 \u2192 class 0
[2026-07-19 13:41:03,569] 39 root - INFO - [Attacker] Label flip: 12 samples class 4 \u2192 class 0
[2026-07-19 13:41:03,578] 39 root - INFO - [Attacker] Label flip: 15 samples class 4 \u2192 class 0
[2026-07-19 13:41:03,585] 39 root - INFO - [Attacker] Label flip: 14 samples class 4 \u2192 class 0
[2026-07-19 13:41:03,593] 39 root - INFO - [Attacker] Label flip: 14 samples class 4 \u2192 class 0
[2026-07-19 13:41:03,601] 39 root - INFO - [Attacker] Label flip: 10 samples class 4 \u2192 class 0
[2026-07-19 13:41:03,610] 39 root - INFO - [Attacker] Label flip: 14 samples class 4 \u2192 class 0
[2026-07-19 13:41:03,618] 39 root - INFO - [Attacker] Label flip: 14 samples class 4 \u2192 class 0
[2026-07-19 13:41:03,626] 39 root - INFO - [Attacker] Label flip: 14 samples class 4 \u2192 class 0
[2026-07-19 13:41:03,634] 39 root - INFO - [Attacker] Label flip: 15 samples class 4 \u2192 class 0
[2026-07-19 13:41:03,642] 39 root - INFO - [Attacker] Label flip: 11 samples class 4 \u2192 class 0
[2026-07-19 13:41:03,651] 39 root - INFO - [Attacker] Label flip: 16 samples class 4 \u2192 class 0
[2026-07-19 13:41:03,658] 39 root - INFO - [Attacker] Label flip: 9 samples class 4 \u2192 class 0
[2026-07-19 13:41:03,664] 39 root - INFO - [Attacker] Label flip: 10 samples class 4 \u2192 class 0
[2026-07-19 13:41:03,674] 39 root - INFO - [Attacker] Label flip: 9 samples class 4 \u2192 class 0
[2026-07-19 13:41:03,682] 39 root - INFO - [Attacker] Label flip: 12 samples class 4 \u2192 class 0
[2026-07-19 13:41:03,690] 39 root - INFO - [Attacker] Label flip: 8 samples class 4 \u2192 class 0
[2026-07-19 13:41:03,698] 39 root - INFO - [Attacker] Label flip: 17 samples class 4 \u2192 class 0
[2026-07-19 13:41:03,706] 39 root - INFO - [Attacker] Label flip: 9 samples class 4 \u2192 class 0
[2026-07-19 13:41:03,714] 39 root - INFO - [Attacker] Label flip: 10 samples class 4 \u2192 class 0
[2026-07-19 13:41:03,722] 39 root - INFO - [Attacker] Label flip: 10 samples class 4 \u2192 class 0
[2026-07-19 13:41:03,729] 39 root - INFO - [Attacker] Label flip: 14 samples class 4 \u2192 class 0
[2026-07-19 13:41:03,739] 39 root - INFO - [Attacker] Label flip: 15 samples class 4 \u2192 class 0
[2026-07-19 13:41:03,747] 39 root - INFO - [Attacker] Label flip: 12 samples class 4 \u2192 class 0
[2026-07-19 13:41:03,753] 39 root - INFO - [Attacker] Label flip: 16 samples class 4 \u2192 class 0
[2026-07-19 13:41:03,762] 39 root - INFO - [Attacker] Label flip: 9 samples class 4 \u2192 class 0
[2026-07-19 13:41:03,772] 39 root - INFO - [Attacker] Label flip: 12 samples class 4 \u2192 class 0
[2026-07-19 13:41:03,780] 39 root - INFO - [Attacker] Label flip: 16 samples class 4 \u2192 class 0
[2026-07-19 13:41:03,787] 39 root - INFO - [Attacker] Label flip: 20 samples class 4 \u2192 class 0
[2026-07-19 13:41:03,795] 39 root - INFO - [Attacker] Label flip: 10 samples class 4 \u2192 class 0
[2026-07-19 13:41:03,802] 39 root - INFO - [Attacker] Label flip: 15 samples class 4 \u2192 class 0
[2026-07-19 13:41:03,810] 39 root - INFO - [Attacker] Label flip: 9 samples class 4 \u2192 class 0
[2026-07-19 13:41:03,818] 39 root - INFO - [Attacker] Label flip: 16 samples class 4 \u2192 class 0
[2026-07-19 13:41:03,826] 39 root - INFO - [Attacker] Label flip: 11 samples class 4 \u2192 class 0
[2026-07-19 13:41:03,834] 39 root - INFO - [Attacker] Label flip: 12 samples class 4 \u2192 class 0
[2026-07-19 13:41:03,842] 39 root - INFO - [Attacker] Label flip: 11 samples class 4 \u2192 class 0
[2026-07-19 13:41:03,850] 39 root - INFO - [Attacker] Label flip: 13 samples class 4 \u2192 class 0
[2026-07-19 13:41:03,858] 39 root - INFO - [Attacker] Label flip: 12 samples class 4 \u2192 class 0
[2026-07-19 13:41:03,866] 39 root - INFO - [Attacker] Label flip: 10 samples class 4 \u2192 class 0
[2026-07-19 13:41:03,877] 39 root - INFO - [Attacker] Label flip: 12 samples class 4 \u2192 class 0
[2026-07-19 13:41:03,885] 39 root - INFO - [Attacker] Label flip: 12 samples class 4 \u2192 class 0
[2026-07-19 13:41:03,891] 39 root - INFO - [Attacker] Label flip: 18 samples class 4 \u2192 class 0
[2026-07-19 13:41:03,899] 39 root - INFO - [Attacker] Label flip: 21 samples class 4 \u2192 class 0
[2026-07-19 13:41:03,911] 39 root - INFO - [Attacker] Label flip: 10 samples class 4 \u2192 class 0
[2026-07-19 13:41:03,918] 39 root - INFO - [Attacker] Label flip: 15 samples class 4 \u2192 class 0
[2026-07-19 13:41:03,927] 39 root - INFO - [Attacker] Label flip: 17 samples class 4 \u2192 class 0
[2026-07-19 13:41:03,933] 39 root - INFO - [Attacker] Label flip: 17 samples class 4 \u2192 class 0
[2026-07-19 13:41:03,945] 39 root - INFO - [Attacker] Label flip: 11 samples class 4 \u2192 class 0
[2026-07-19 13:41:03,953] 39 root - INFO - [Attacker] Label flip: 9 samples class 4 \u2192 class 0
[2026-07-19 13:41:03,961] 39 root - INFO - [Attacker] Label flip: 7 samples class 4 \u2192 class 0
[2026-07-19 13:41:03,969] 39 root - INFO - [Attacker] Label flip: 13 samples class 4 \u2192 class 0
[2026-07-19 13:41:03,976] 39 root - INFO - [Attacker] Label flip: 11 samples class 4 \u2192 class 0
[2026-07-19 13:41:03,984] 39 root - INFO - [Attacker] Label flip: 13 samples class 4 \u2192 class 0
[2026-07-19 13:41:03,992] 39 root - INFO - [Attacker] Label flip: 13 samples class 4 \u2192 class 0
[2026-07-19 13:41:04,000] 39 root - INFO - [Attacker] Label flip: 7 samples class 4 \u2192 class 0
[2026-07-19 13:41:04,008] 39 root - INFO - [Attacker] Label flip: 15 samples class 4 \u2192 class 0
[2026-07-19 13:41:04,016] 39 root - INFO - [Attacker] Label flip: 14 samples class 4 \u2192 class 0
[2026-07-19 13:41:04,024] 39 root - INFO - [Attacker] Label flip: 12 samples class 4 \u2192 class 0
[2026-07-19 13:41:04,032] 39 root - INFO - [Attacker] Label flip: 12 samples class 4 \u2192 class 0
[2026-07-19 13:41:04,040] 39 root - INFO - [Attacker] Label flip: 5 samples class 4 \u2192 class 0
[2026-07-19 13:41:04,050] 39 root - INFO - [Attacker] Label flip: 16 samples class 4 \u2192 class 0
[2026-07-19 13:41:04,058] 39 root - INFO - [Attacker] Label flip: 14 samples class 4 \u2192 class 0
[2026-07-19 13:41:04,066] 39 root - INFO - [Attacker] Label flip: 5 samples class 4 \u2192 class 0
[2026-07-19 13:41:04,073] 39 root - INFO - [Attacker] Label flip: 7 samples class 4 \u2192 class 0
[2026-07-19 13:41:04,081] 39 root - INFO - [Attacker] Label flip: 10 samples class 4 \u2192 class 0
[2026-07-19 13:41:04,089] 39 root - INFO - [Attacker] Label flip: 6 samples class 4 \u2192 class 0
[2026-07-19 13:41:04,097] 39 root - INFO - [Attacker] Label flip: 19 samples class 4 \u2192 class 0
[2026-07-19 13:41:04,105] 39 root - INFO - [Attacker] Label flip: 16 samples class 4 \u2192 class 0
[2026-07-19 13:41:04,113] 39 root - INFO - [Attacker] Label flip: 12 samples class 4 \u2192 class 0
[2026-07-19 13:41:04,121] 39 root - INFO - [Attacker] Label flip: 13 samples class 4 \u2192 class 0
[2026-07-19 13:41:04,129] 39 root - INFO - [Attacker] Label flip: 17 samples class 4 \u2192 class 0
[2026-07-19 13:41:04,137] 39 root - INFO - [Attacker] Label flip: 12 samples class 4 \u2192 class 0
[2026-07-19 13:41:04,145] 39 root - INFO - [Attacker] Label flip: 8 samples class 4 \u2192 class 0
[2026-07-19 13:41:04,152] 39 root - INFO - [Attacker] Label flip: 16 samples class 4 \u2192 class 0
[2026-07-19 13:41:04,160] 39 root - INFO - [Attacker] Label flip: 12 samples class 4 \u2192 class 0
[2026-07-19 13:41:04,168] 39 root - INFO - [Attacker] Label flip: 20 samples class 4 \u2192 class 0
[2026-07-19 13:41:04,178] 39 root - INFO - [Attacker] Label flip: 13 samples class 4 \u2192 class 0
[2026-07-19 13:41:04,186] 39 root - INFO - [Attacker] Label flip: 12 samples class 4 \u2192 class 0
[2026-07-19 13:41:04,194] 39 root - INFO - [Attacker] Label flip: 10 samples class 4 \u2192 class 0
[2026-07-19 13:41:04,202] 39 root - INFO - [Attacker] Label flip: 14 samples class 4 \u2192 class 0
[2026-07-19 13:41:04,208] 39 root - INFO - [Attacker] Label flip: 13 samples class 4 \u2192 class 0
[2026-07-19 13:41:04,218] 39 root - INFO - [Attacker] Label flip: 7 samples class 4 \u2192 class 0
[2026-07-19 13:41:04,226] 39 root - INFO - [Attacker] Label flip: 6 samples class 4 \u2192 class 0
[2026-07-19 13:41:04,233] 39 root - INFO - [Attacker] Label flip: 13 samples class 4 \u2192 class 0
[2026-07-19 13:41:04,241] 39 root - INFO - [Attacker] Label flip: 14 samples class 4 \u2192 class 0
[2026-07-19 13:41:04,249] 39 root - INFO - [Attacker] Label flip: 6 samples class 4 \u2192 class 0
[2026-07-19 13:41:04,257] 39 root - INFO - [Attacker] Label flip: 11 samples class 4 \u2192 class 0
[2026-07-19 13:41:04,265] 39 root - INFO - [Attacker] Label flip: 17 samples class 4 \u2192 class 0
[2026-07-19 13:41:04,273] 39 root - INFO - [Attacker] Label flip: 16 samples class 4 \u2192 class 0
[2026-07-19 13:41:04,281] 39 root - INFO - [Attacker] Label flip: 12 samples class 4 \u2192 class 0
[2026-07-19 13:41:04,290] 39 root - INFO - [Attacker] Label flip: 9 samples class 4 \u2192 class 0
[2026-07-19 13:41:04,296] 39 root - INFO - [Attacker] Label flip: 7 samples class 4 \u2192 class 0
[2026-07-19 13:41:04,304] 39 root - INFO - [Attacker] Label flip: 14 samples class 4 \u2192 class 0
[2026-07-19 13:41:04,312] 39 root - INFO - [Attacker] Label flip: 13 samples class 4 \u2192 class 0
[2026-07-19 13:41:04,320] 39 root - INFO - [Attacker] Label flip: 19 samples class 4 \u2192 class 0
[2026-07-19 13:41:04,328] 39 root - INFO - [Attacker] Label flip: 10 samples class 4 \u2192 class 0
[2026-07-19 13:41:04,336] 39 root - INFO - [Attacker] Label flip: 14 samples class 4 \u2192 class 0
[2026-07-19 13:41:04,344] 39 root - INFO - [Attacker] Label flip: 15 samples class 4 \u2192 class 0
[2026-07-19 13:41:04,352] 39 root - INFO - [Attacker] Label flip: 12 samples class 4 \u2192 class 0
[2026-07-19 13:41:04,360] 39 root - INFO - [Attacker] Label flip: 13 samples class 4 \u2192 class 0
[2026-07-19 13:41:04,368] 39 root - INFO - [Attacker] Label flip: 9 samples class 4 \u2192 class 0
[2026-07-19 13:41:04,383] 39 root - INFO - [Attacker] Label flip: 13 samples class 4 \u2192 class 0
[2026-07-19 13:41:04,391] 39 root - INFO - [Attacker] Label flip: 15 samples class 4 \u2192 class 0
[2026-07-19 13:41:04,399] 39 root - INFO - [Attacker] Label flip: 9 samples class 4 \u2192 class 0
[2026-07-19 13:41:04,407] 39 root - INFO - [Attacker] Label flip: 12 samples class 4 \u2192 class 0
[2026-07-19 13:41:04,418] 39 root - INFO - [Attacker] Label flip: 11 samples class 4 \u2192 class 0
[2026-07-19 13:41:04,427] 39 root - INFO - [Attacker] Label flip: 13 samples class 4 \u2192 class 0
[2026-07-19 13:41:04,434] 39 root - INFO - [Attacker] Label flip: 14 samples class 4 \u2192 class 0
[2026-07-19 13:41:04,442] 39 root - INFO - [Attacker] Label flip: 11 samples class 4 \u2192 class 0
[2026-07-19 13:41:04,448] 39 root - INFO - [Attacker] Label flip: 9 samples class 4 \u2192 class 0
[2026-07-19 13:41:04,470] 39 root - INFO - [Attacker] Label flip: 8 samples class 4 \u2192 class 0
[2026-07-19 13:41:04,478] 39 root - INFO - [Attacker] Label flip: 8 samples class 4 \u2192 class 0
[2026-07-19 13:41:04,487] 39 root - INFO - [Attacker] Label flip: 12 samples class 4 \u2192 class 0
[2026-07-19 13:41:04,496] 39 root - INFO - [Attacker] Label flip: 12 samples class 4 \u2192 class 0
[2026-07-19 13:41:04,528] 39 root - INFO - [Attacker] Label flip: 13 samples class 4 \u2192 class 0
[2026-07-19 13:41:04,536] 39 root - INFO - [Attacker] Label flip: 5 samples class 4 \u2192 class 0
[2026-07-19 13:41:04,544] 39 root - INFO - [Attacker] Label flip: 10 samples class 4 \u2192 class 0
[2026-07-19 13:41:04,552] 39 root - INFO - [Attacker] Label flip: 14 samples class 4 \u2192 class 0
[2026-07-19 13:41:04,572] 39 root - INFO - [Attacker] Label flip: 9 samples class 4 \u2192 class 0
[2026-07-19 13:41:04,580] 39 root - INFO - [Attacker] Label flip: 13 samples class 4 \u2192 class 0
[2026-07-19 13:41:04,588] 39 root - INFO - [Attacker] Label flip: 14 samples class 4 \u2192 class 0
[2026-07-19 13:41:04,595] 39 root - INFO - [Attacker] Label flip: 18 samples class 4 \u2192 class 0
[2026-07-19 13:41:04,603] 39 root - INFO - [Attacker] Label flip: 9 samples class 4 \u2192 class 0
[2026-07-19 13:41:04,611] 39 root - INFO - [Attacker] Label flip: 18 samples class 4 \u2192 class 0
[2026-07-19 13:41:04,619] 39 root - INFO - [Attacker] Label flip: 13 samples class 4 \u2192 class 0
[2026-07-19 13:41:04,627] 39 root - INFO - [Attacker] Label flip: 9 samples class 4 \u2192 class 0
[2026-07-19 13:41:04,637] 39 root - INFO - [Attacker] Label flip: 13 samples class 4 \u2192 class 0
[2026-07-19 13:41:04,645] 39 root - INFO - [Attacker] Label flip: 9 samples class 4 \u2192 class 0
[2026-07-19 13:41:04,653] 39 root - INFO - [Attacker] Label flip: 11 samples class 4 \u2192 class 0
[2026-07-19 13:41:04,661] 39 root - INFO - [Attacker] Label flip: 13 samples class 4 \u2192 class 0
[2026-07-19 13:41:04,667] 39 root - INFO - [Attacker] Label flip: 9 samples class 4 \u2192 class 0
[2026-07-19 13:41:04,675] 39 root - INFO - [Attacker] Label flip: 12 samples class 4 \u2192 class 0
[2026-07-19 13:41:04,683] 39 root - INFO - [Attacker] Label flip: 13 samples class 4 \u2192 class 0
[2026-07-19 13:41:04,690] 39 root - INFO - [Attacker] Label flip: 9 samples class 4 \u2192 class 0
[2026-07-19 13:41:04,698] 39 root - INFO - [Attacker] Label flip: 11 samples class 4 \u2192 class 0
[2026-07-19 13:41:04,708] 39 root - INFO - [Attacker] Label flip: 4 samples class 4 \u2192 class 0
[2026-07-19 13:41:04,716] 39 root - INFO - [Attacker] Label flip: 15 samples class 4 \u2192 class 0
[2026-07-19 13:41:04,783] 39 root - INFO - [Attacker] Label flip: 15 samples class 4 \u2192 class 0
[2026-07-19 13:41:04,791] 39 root - INFO - [Attacker] Label flip: 15 samples class 4 \u2192 class 0
[2026-07-19 13:41:04,817] 39 root - INFO - [Attacker] Label flip: 15 samples class 4 \u2192 class 0
[2026-07-19 13:41:04,825] 39 root - INFO - [Attacker] Label flip: 15 samples class 4 \u2192 class 0
[2026-07-19 13:41:04,833] 39 root - INFO - [Attacker] Label flip: 13 samples class 4 \u2192 class 0
[2026-07-19 13:41:04,841] 39 root - INFO - [Attacker] Label flip: 9 samples class 4 \u2192 class 0
[2026-07-19 13:41:04,853] 39 root - INFO - [Attacker] Label flip: 11 samples class 4 \u2192 class 0
[2026-07-19 13:41:04,860] 39 root - INFO - [Attacker] Label flip: 11 samples class 4 \u2192 class 0
[2026-07-19 13:41:04,869] 39 root - INFO - [Attacker] Label flip: 8 samples class 4 \u2192 class 0
[2026-07-19 13:41:04,877] 39 root - INFO - [Attacker] Label flip: 7 samples class 4 \u2192 class 0
[2026-07-19 13:41:04,885] 39 root - INFO - [Attacker] Label flip: 15 samples class 4 \u2192 class 0
[2026-07-19 13:41:04,893] 39 root - INFO - [Attacker] Label flip: 14 samples class 4 \u2192 class 0
[2026-07-19 13:41:04,901] 39 root - INFO - [Attacker] Label flip: 13 samples class 4 \u2192 class 0
[2026-07-19 13:41:04,909] 39 root - INFO - [Attacker] Label flip: 11 samples class 4 \u2192 class 0
[2026-07-19 13:41:04,917] 39 root - INFO - [Attacker] Label flip: 11 samples class 4 \u2192 class 0
[2026-07-19 13:41:04,925] 39 root - INFO - [Attacker] Label flip: 7 samples class 4 \u2192 class 0
[2026-07-19 13:41:04,933] 39 root - INFO - [Attacker] Label flip: 10 samples class 4 \u2192 class 0
[2026-07-19 13:41:04,941] 39 root - INFO - [Attacker] Label flip: 10 samples class 4 \u2192 class 0
[2026-07-19 13:41:04,949] 39 root - INFO - [Attacker] Label flip: 16 samples class 4 \u2192 class 0
[2026-07-19 13:41:04,962] 39 root - INFO - [Attacker] Label flip: 7 samples class 4 \u2192 class 0
[2026-07-19 13:41:04,970] 39 root - INFO - [Attacker] Label flip: 10 samples class 4 \u2192 class 0
[2026-07-19 13:41:04,976] 39 root - INFO - [Attacker] Label flip: 10 samples class 4 \u2192 class 0
[2026-07-19 13:41:04,984] 39 root - INFO - [Attacker] Label flip: 14 samples class 4 \u2192 class 0
[2026-07-19 13:41:04,994] 39 root - INFO - [Attacker] Label flip: 16 samples class 4 \u2192 class 0
[2026-07-19 13:41:05,002] 39 root - INFO - [Attacker] Label flip: 10 samples class 4 \u2192 class 0
[2026-07-19 13:41:05,008] 39 root - INFO - [Attacker] Label flip: 15 samples class 4 \u2192 class 0
[2026-07-19 13:41:05,016] 39 root - INFO - [Attacker] Label flip: 9 samples class 4 \u2192 class 0
[2026-07-19 13:41:05,024] 39 root - INFO - [Attacker] Label flip: 17 samples class 4 \u2192 class 0
[2026-07-19 13:41:05,033] 39 root - INFO - [Attacker] Label flip: 6 samples class 4 \u2192 class 0
[2026-07-19 13:41:05,040] 39 root - INFO - [Attacker] Label flip: 15 samples class 4 \u2192 class 0
[2026-07-19 13:41:05,048] 39 root - INFO - [Attacker] Label flip: 7 samples class 4 \u2192 class 0
[2026-07-19 13:41:05,055] 39 root - INFO - [Attacker] Label flip: 15 samples class 4 \u2192 class 0
[2026-07-19 13:41:05,063] 39 root - INFO - [Attacker] Label flip: 19 samples class 4 \u2192 class 0
[2026-07-19 13:41:05,071] 39 root - INFO - [Attacker] Label flip: 18 samples class 4 \u2192 class 0
[2026-07-19 13:41:05,077] 39 root - INFO - [Attacker] Label flip: 10 samples class 4 \u2192 class 0
[2026-07-19 13:41:05,087] 39 root - INFO - [Attacker] Label flip: 12 samples class 4 \u2192 class 0
[2026-07-19 13:41:05,095] 39 root - INFO - [Attacker] Label flip: 17 samples class 4 \u2192 class 0
[2026-07-19 13:41:05,103] 39 root - INFO - [Attacker] Label flip: 20 samples class 4 \u2192 class 0
[2026-07-19 13:41:05,109] 39 root - INFO - [Attacker] Label flip: 8 samples class 4 \u2192 class 0
[2026-07-19 13:41:05,116] 39 root - INFO - [Attacker] Label flip: 11 samples class 4 \u2192 class 0
[2026-07-19 13:41:05,125] 39 root - INFO - [Attacker] Label flip: 16 samples class 4 \u2192 class 0
[2026-07-19 13:41:05,132] 39 root - INFO - [Attacker] Label flip: 16 samples class 4 \u2192 class 0
[2026-07-19 13:41:05,140] 39 root - INFO - [Attacker] Label flip: 10 samples class 4 \u2192 class 0
[2026-07-19 13:41:05,148] 39 root - INFO - [Attacker] Label flip: 14 samples class 4 \u2192 class 0
[2026-07-19 13:41:05,156] 39 root - INFO - [Attacker] Label flip: 17 samples class 4 \u2192 class 0
[2026-07-19 13:41:05,164] 39 root - INFO - [Attacker] Label flip: 12 samples class 4 \u2192 class 0
[2026-07-19 13:41:05,172] 39 root - INFO - [Attacker] Label flip: 12 samples class 4 \u2192 class 0
[2026-07-19 13:41:05,180] 39 root - INFO - [Attacker] Label flip: 13 samples class 4 \u2192 class 0
[2026-07-19 13:41:05,188] 39 root - INFO - [Attacker] Label flip: 19 samples class 4 \u2192 class 0
[2026-07-19 13:41:05,196] 39 root - INFO - [Attacker] Label flip: 13 samples class 4 \u2192 class 0
[2026-07-19 13:41:05,204] 39 root - INFO - [Attacker] Label flip: 16 samples class 4 \u2192 class 0
[2026-07-19 13:41:05,209] 39 root - INFO - [Attacker] Label flip: 18 samples class 4 \u2192 class 0
[2026-07-19 13:41:05,219] 39 root - INFO - [Attacker] Label flip: 10 samples class 4 \u2192 class 0
[2026-07-19 13:41:05,227] 39 root - INFO - [Attacker] Label flip: 17 samples class 4 \u2192 class 0
[2026-07-19 13:41:05,233] 39 root - INFO - [Attacker] Label flip: 17 samples class 4 \u2192 class 0
[2026-07-19 13:41:05,241] 39 root - INFO - [Attacker] Label flip: 11 samples class 4 \u2192 class 0
[2026-07-19 13:41:05,249] 39 root - INFO - [Attacker] Label flip: 13 samples class 4 \u2192 class 0
[2026-07-19 13:41:05,257] 39 root - INFO - [Attacker] Label flip: 15 samples class 4 \u2192 class 0
[2026-07-19 13:41:05,265] 39 root - INFO - [Attacker] Label flip: 14 samples class 4 \u2192 class 0
[2026-07-19 13:41:05,271] 39 root - INFO - [Attacker] Label flip: 15 samples class 4 \u2192 class 0
[2026-07-19 13:41:05,279] 39 root - INFO - [Attacker] Label flip: 20 samples class 4 \u2192 class 0
[2026-07-19 13:41:05,289] 39 root - INFO - [Attacker] Label flip: 18 samples class 4 \u2192 class 0
[2026-07-19 13:41:05,297] 39 root - INFO - [Attacker] Label flip: 15 samples class 4 \u2192 class 0
[2026-07-19 13:41:05,304] 39 root - INFO - [Attacker] Label flip: 13 samples class 4 \u2192 class 0
[2026-07-19 13:41:05,312] 39 root - INFO - [Attacker] Label flip: 12 samples class 4 \u2192 class 0
[2026-07-19 13:41:05,322] 39 root - INFO - [Attacker] Label flip: 11 samples class 4 \u2192 class 0
[2026-07-19 13:41:05,330] 39 root - INFO - [Attacker] Label flip: 10 samples class 4 \u2192 class 0
[2026-07-19 13:41:05,338] 39 root - INFO - [Attacker] Label flip: 14 samples class 4 \u2192 class 0
[2026-07-19 13:41:05,344] 39 root - INFO - [Attacker] Label flip: 13 samples class 4 \u2192 class 0
[2026-07-19 13:41:05,362] 39 root - INFO - [Attacker] Label flip: 16 samples class 4 \u2192 class 0
[2026-07-19 13:41:05,369] 39 root - INFO - [Attacker] Label flip: 10 samples class 4 \u2192 class 0
[2026-07-19 13:41:05,378] 39 root - INFO - [Attacker] Label flip: 12 samples class 4 \u2192 class 0
[2026-07-19 13:41:05,385] 39 root - INFO - [Attacker] Label flip: 18 samples class 4 \u2192 class 0
[2026-07-19 13:41:05,397] 39 root - INFO - [Attacker] Label flip: 13 samples class 4 \u2192 class 0
[2026-07-19 13:41:05,405] 39 root - INFO - [Attacker] Label flip: 8 samples class 4 \u2192 class 0
[2026-07-19 13:41:05,413] 39 root - INFO - [Attacker] Label flip: 10 samples class 4 \u2192 class 0
[2026-07-19 13:41:05,419] 39 root - INFO - [Attacker] Label flip: 21 samples class 4 \u2192 class 0
[2026-07-19 13:41:05,429] 39 root - INFO - [Attacker] Label flip: 13 samples class 4 \u2192 class 0
[2026-07-19 13:41:05,437] 39 root - INFO - [Attacker] Label flip: 15 samples class 4 \u2192 class 0
[2026-07-19 13:41:05,445] 39 root - INFO - [Attacker] Label flip: 14 samples class 4 \u2192 class 0
[2026-07-19 13:41:05,451] 39 root - INFO - [Attacker] Label flip: 12 samples class 4 \u2192 class 0
[2026-07-19 13:41:05,459] 39 root - INFO - [Attacker] Label flip: 7 samples class 4 \u2192 class 0
[2026-07-19 13:41:05,469] 39 root - INFO - [Attacker] Label flip: 12 samples class 4 \u2192 class 0
[2026-07-19 13:41:05,476] 39 root - INFO - [Attacker] Label flip: 13 samples class 4 \u2192 class 0
[2026-07-19 13:41:05,482] 39 root - INFO - [Attacker] Label flip: 13 samples class 4 \u2192 class 0
[2026-07-19 13:41:05,490] 39 root - INFO - [Attacker] Label flip: 8 samples class 4 \u2192 class 0
[2026-07-19 13:41:05,503] 39 root - INFO - [Attacker] Label flip: 13 samples class 4 \u2192 class 0
[2026-07-19 13:41:05,509] 39 root - INFO - [Attacker] Label flip: 16 samples class 4 \u2192 class 0
[2026-07-19 13:41:05,519] 39 root - INFO - [Attacker] Label flip: 9 samples class 4 \u2192 class 0
[2026-07-19 13:41:05,525] 39 root - INFO - [Attacker] Label flip: 7 samples class 4 \u2192 class 0
[2026-07-19 13:41:05,535] 39 root - INFO - [Attacker] Label flip: 11 samples class 4 \u2192 class 0
[2026-07-19 13:41:05,541] 39 root - INFO - [Attacker] Label flip: 12 samples class 4 \u2192 class 0
[2026-07-19 13:41:05,548] 39 root - INFO - [Attacker] Label flip: 16 samples class 4 \u2192 class 0
[2026-07-19 13:41:05,556] 39 root - INFO - [Attacker] Label flip: 8 samples class 4 \u2192 class 0
[2026-07-19 13:41:05,572] 39 root - INFO - [Attacker] Label flip: 9 samples class 4 \u2192 class 0
[2026-07-19 13:41:05,580] 39 root - INFO - [Attacker] Label flip: 19 samples class 4 \u2192 class 0
[2026-07-19 13:41:05,588] 39 root - INFO - [Attacker] Label flip: 14 samples class 4 \u2192 class 0
[2026-07-19 13:41:05,596] 39 root - INFO - [Attacker] Label flip: 12 samples class 4 \u2192 class 0
[2026-07-19 13:41:05,603] 39 root - INFO - [Attacker] Label flip: 21 samples class 4 \u2192 class 0
[2026-07-19 13:41:05,611] 39 root - INFO - [Attacker] Label flip: 17 samples class 4 \u2192 class 0
[2026-07-19 13:41:05,619] 39 root - INFO - [Attacker] Label flip: 10 samples class 4 \u2192 class 0
[2026-07-19 13:41:05,627] 39 root - INFO - [Attacker] Label flip: 13 samples class 4 \u2192 class 0
[2026-07-19 13:41:05,637] 39 root - INFO - [Attacker] Label flip: 16 samples class 4 \u2192 class 0
[2026-07-19 13:41:05,645] 39 root - INFO - [Attacker] Label flip: 15 samples class 4 \u2192 class 0
[2026-07-19 13:41:05,653] 39 root - INFO - [Attacker] Label flip: 14 samples class 4 \u2192 class 0
[2026-07-19 13:41:05,661] 39 root - INFO - [Attacker] Label flip: 12 samples class 4 \u2192 class 0
[2026-07-19 13:41:05,667] 39 root - INFO - [Attacker] Label flip: 9 samples class 4 \u2192 class 0
[2026-07-19 13:41:05,676] 39 root - INFO - [Attacker] Label flip: 18 samples class 4 \u2192 class 0
[2026-07-19 13:41:05,682] 39 root - INFO - [Attacker] Label flip: 12 samples class 4 \u2192 class 0
[2026-07-19 13:41:05,690] 39 root - INFO - [Attacker] Label flip: 18 samples class 4 \u2192 class 0
[2026-07-19 13:41:05,698] 39 root - INFO - [Attacker] Label flip: 18 samples class 4 \u2192 class 0
[2026-07-19 13:41:05,708] 39 root - INFO - [Attacker] Label flip: 11 samples class 4 \u2192 class 0
[2026-07-19 13:41:05,716] 39 root - INFO - [Attacker] Label flip: 14 samples class 4 \u2192 class 0
[2026-07-19 13:41:05,724] 39 root - INFO - [Attacker] Label flip: 9 samples class 4 \u2192 class 0
[2026-07-19 13:41:05,730] 39 root - INFO - [Attacker] Label flip: 15 samples class 4 \u2192 class 0
[2026-07-19 13:41:05,737] 39 root - INFO - [Attacker] Label flip: 18 samples class 4 \u2192 class 0
[2026-07-19 13:41:05,745] 39 root - INFO - [Attacker] Label flip: 16 samples class 4 \u2192 class 0
[2026-07-19 13:41:05,753] 39 root - INFO - [Attacker] Label flip: 14 samples class 4 \u2192 class 0
[2026-07-19 13:41:05,761] 39 root - INFO - [Attacker] Label flip: 12 samples class 4 \u2192 class 0
[2026-07-19 13:41:05,769] 39 root - INFO - [Attacker] Label flip: 11 samples class 4 \u2192 class 0
[2026-07-19 13:41:05,777] 39 root - INFO - [Attacker] Label flip: 12 samples class 4 \u2192 class 0
[2026-07-19 13:41:05,785] 39 root - INFO - [Attacker] Label flip: 13 samples class 4 \u2192 class 0
[2026-07-19 13:41:05,793] 39 root - INFO - [Attacker] Label flip: 14 samples class 4 \u2192 class 0
[2026-07-19 13:41:05,801] 39 root - INFO - [Attacker] Label flip: 15 samples class 4 \u2192 class 0
[2026-07-19 13:41:05,809] 39 root - INFO - [Attacker] Label flip: 9 samples class 4 \u2192 class 0
[2026-07-19 13:41:05,816] 39 root - INFO - [Attacker] Label flip: 10 samples class 4 \u2192 class 0
[2026-07-19 13:41:05,824] 39 root - INFO - [Attacker] Label flip: 14 samples class 4 \u2192 class 0
[2026-07-19 13:41:05,832] 39 root - INFO - [Attacker] Label flip: 22 samples class 4 \u2192 class 0
[2026-07-19 13:41:05,840] 39 root - INFO - [Attacker] Label flip: 13 samples class 4 \u2192 class 0
[2026-07-19 13:41:05,848] 39 root - INFO - [Attacker] Label flip: 9 samples class 4 \u2192 class 0
[2026-07-19 13:41:05,856] 39 root - INFO - [Attacker] Label flip: 20 samples class 4 \u2192 class 0
[2026-07-19 13:41:05,864] 39 root - INFO - [Attacker] Label flip: 10 samples class 4 \u2192 class 0
[2026-07-19 13:41:05,874] 39 root - INFO - [Attacker] Label flip: 17 samples class 4 \u2192 class 0
[2026-07-19 13:41:05,882] 39 root - INFO - [Attacker] Label flip: 20 samples class 4 \u2192 class 0
[2026-07-19 13:41:05,888] 39 root - INFO - [Attacker] Label flip: 14 samples class 4 \u2192 class 0
[2026-07-19 13:41:05,895] 39 root - INFO - [Attacker] Label flip: 12 samples class 4 \u2192 class 0
[2026-07-19 13:41:05,903] 39 root - INFO - [Attacker] Label flip: 6 samples class 4 \u2192 class 0
[2026-07-19 13:41:05,911] 39 root - INFO - [Attacker] Label flip: 9 samples class 4 \u2192 class 0
[2026-07-19 13:41:05,919] 39 root - INFO - [Attacker] Label flip: 12 samples class 4 \u2192 class 0
[2026-07-19 13:41:05,927] 39 root - INFO - [Attacker] Label flip: 15 samples class 4 \u2192 class 0
[2026-07-19 13:41:05,935] 39 root - INFO - [Attacker] Label flip: 13 samples class 4 \u2192 class 0
[2026-07-19 13:41:05,943] 39 root - INFO - [Attacker] Label flip: 12 samples class 4 \u2192 class 0
[2026-07-19 13:41:05,949] 39 root - INFO - [Attacker] Label flip: 9 samples class 4 \u2192 class 0
[2026-07-19 13:41:05,957] 39 root - INFO - [Attacker] Label flip: 10 samples class 4 \u2192 class 0
[2026-07-19 13:41:05,965] 39 root - INFO - [Attacker] Label flip: 15 samples class 4 \u2192 class 0
[2026-07-19 13:41:05,973] 39 root - INFO - [Attacker] Label flip: 11 samples class 4 \u2192 class 0
[2026-07-19 13:41:05,980] 39 root - INFO - [Attacker] Label flip: 13 samples class 4 \u2192 class 0
[2026-07-19 13:41:05,988] 39 root - INFO - [Attacker] Label flip: 11 samples class 4 \u2192 class 0
[2026-07-19 13:41:05,996] 39 root - INFO - [Attacker] Label flip: 13 samples class 4 \u2192 class 0
[2026-07-19 13:41:06,004] 39 root - INFO - [Attacker] Label flip: 7 samples class 4 \u2192 class 0
[2026-07-19 13:41:06,012] 39 root - INFO - [Attacker] Label flip: 14 samples class 4 \u2192 class 0
[2026-07-19 13:41:06,018] 39 root - INFO - [Attacker] Label flip: 18 samples class 4 \u2192 class 0
[2026-07-19 13:41:06,027] 39 root - INFO - [Attacker] Label flip: 8 samples class 4 \u2192 class 0
[2026-07-19 13:41:06,037] 39 root - INFO - [Attacker] Label flip: 9 samples class 4 \u2192 class 0
[2026-07-19 13:41:06,044] 39 root - INFO - [Attacker] Label flip: 17 samples class 4 \u2192 class 0
[2026-07-19 13:41:06,052] 39 root - INFO - [Attacker] Label flip: 11 samples class 4 \u2192 class 0
[2026-07-19 13:41:06,060] 39 root - INFO - [Attacker] Label flip: 11 samples class 4 \u2192 class 0
[2026-07-19 13:41:06,070] 39 root - INFO - [Attacker] Label flip: 22 samples class 4 \u2192 class 0
[2026-07-19 13:41:06,078] 39 root - INFO - [Attacker] Label flip: 8 samples class 4 \u2192 class 0
[2026-07-19 13:41:06,086] 39 root - INFO - [Attacker] Label flip: 9 samples class 4 \u2192 class 0
[2026-07-19 13:41:06,093] 39 root - INFO - [Attacker] Label flip: 17 samples class 4 \u2192 class 0
[2026-07-19 13:41:06,101] 39 root - INFO - [Attacker] Label flip: 10 samples class 4 \u2192 class 0
[2026-07-19 13:41:06,109] 39 root - INFO - [Attacker] Label flip: 14 samples class 4 \u2192 class 0
[2026-07-19 13:41:06,115] 39 root - INFO - [Attacker] Label flip: 10 samples class 4 \u2192 class 0
[2026-07-19 13:41:06,125] 39 root - INFO - [Attacker] Label flip: 14 samples class 4 \u2192 class 0
[2026-07-19 13:41:06,133] 39 root - INFO - [Attacker] Label flip: 14 samples class 4 \u2192 class 0
[2026-07-19 13:41:06,141] 39 root - INFO - [Attacker] Label flip: 14 samples class 4 \u2192 class 0
[2026-07-19 13:41:06,147] 39 root - INFO - [Attacker] Label flip: 8 samples class 4 \u2192 class 0
[2026-07-19 13:41:06,155] 39 root - INFO - [Attacker] Label flip: 16 samples class 4 \u2192 class 0
[2026-07-19 13:41:06,163] 39 root - INFO - [Attacker] Label flip: 14 samples class 4 \u2192 class 0
[2026-07-19 13:41:06,170] 39 root - INFO - [Attacker] Label flip: 13 samples class 4 \u2192 class 0
[2026-07-19 13:41:06,178] 39 root - INFO - [Attacker] Label flip: 12 samples class 4 \u2192 class 0
[2026-07-19 13:41:06,192] 39 root - INFO - [Attacker] Label flip: 18 samples class 4 \u2192 class 0
[2026-07-19 13:41:06,200] 39 root - INFO - [Attacker] Label flip: 11 samples class 4 \u2192 class 0
[2026-07-19 13:41:06,210] 39 root - INFO - [Attacker] Label flip: 14 samples class 4 \u2192 class 0
[2026-07-19 13:41:06,216] 39 root - INFO - [Attacker] Label flip: 13 samples class 4 \u2192 class 0
[2026-07-19 13:41:06,224] 39 root - INFO - [Attacker] Label flip: 11 samples class 4 \u2192 class 0
[2026-07-19 13:41:06,232] 39 root - INFO - [Attacker] Label flip: 14 samples class 4 \u2192 class 0
[2026-07-19 13:41:06,242] 39 root - INFO - [Attacker] Label flip: 19 samples class 4 \u2192 class 0
[2026-07-19 13:41:06,250] 39 root - INFO - [Attacker] Label flip: 6 samples class 4 \u2192 class 0
[2026-07-19 13:41:06,258] 39 root - INFO - [Attacker] Label flip: 12 samples class 4 \u2192 class 0
[2026-07-19 13:41:06,265] 39 root - INFO - [Attacker] Label flip: 17 samples class 4 \u2192 class 0
[2026-07-19 13:41:06,273] 39 root - INFO - [Attacker] Label flip: 12 samples class 4 \u2192 class 0
[2026-07-19 13:41:06,281] 39 root - INFO - [Attacker] Label flip: 13 samples class 4 \u2192 class 0
[2026-07-19 13:41:06,289] 39 root - INFO - [Attacker] Label flip: 17 samples class 4 \u2192 class 0
[2026-07-19 13:41:06,297] 39 root - INFO - [Attacker] Label flip: 13 samples class 4 \u2192 class 0
[2026-07-19 13:41:06,305] 39 root - INFO - [Attacker] Label flip: 12 samples class 4 \u2192 class 0
[2026-07-19 13:41:06,313] 39 root - INFO - [Attacker] Label flip: 11 samples class 4 \u2192 class 0
[2026-07-19 13:41:06,321] 39 root - INFO - [Attacker] Label flip: 8 samples class 4 \u2192 class 0
[2026-07-19 13:41:06,329] 39 root - INFO - [Attacker] Label flip: 11 samples class 4 \u2192 class 0
[2026-07-19 13:41:06,335] 39 root - INFO - [Attacker] Label flip: 7 samples class 4 \u2192 class 0
[2026-07-19 13:41:06,344] 39 root - INFO - [Attacker] Label flip: 17 samples class 4 \u2192 class 0
[2026-07-19 13:41:06,350] 39 root - INFO - [Attacker] Label flip: 10 samples class 4 \u2192 class 0
[2026-07-19 13:41:06,358] 39 root - INFO - [Attacker] Label flip: 10 samples class 4 \u2192 class 0
[2026-07-19 13:41:06,366] 39 root - INFO - [Attacker] Label flip: 14 samples class 4 \u2192 class 0
[2026-07-19 13:41:06,376] 39 root - INFO - [Attacker] Label flip: 19 samples class 4 \u2192 class 0
[2026-07-19 13:41:06,384] 39 root - INFO - [Attacker] Label flip: 15 samples class 4 \u2192 class 0
[2026-07-19 13:41:06,391] 39 root - INFO - [Attacker] Label flip: 16 samples class 4 \u2192 class 0
[2026-07-19 13:41:06,400] 39 root - INFO - [Attacker] Label flip: 13 samples class 4 \u2192 class 0
[2026-07-19 13:41:06,409] 39 root - INFO - [Attacker] Label flip: 13 samples class 4 \u2192 class 0
[2026-07-19 13:41:06,417] 39 root - INFO - [Attacker] Label flip: 19 samples class 4 \u2192 class 0
[2026-07-19 13:41:06,425] 39 root - INFO - [Attacker] Label flip: 11 samples class 4 \u2192 class 0
[2026-07-19 13:41:06,431] 39 root - INFO - [Attacker] Label flip: 17 samples class 4 \u2192 class 0
[2026-07-19 13:41:06,441] 39 root - INFO - [Attacker] Label flip: 17 samples class 4 \u2192 class 0
[2026-07-19 13:41:06,447] 39 root - INFO - [Attacker] Label flip: 14 samples class 4 \u2192 class 0
[2026-07-19 13:41:06,455] 39 root - INFO - [Attacker] Label flip: 14 samples class 4 \u2192 class 0
[2026-07-19 13:41:06,463] 39 root - INFO - [Attacker] Label flip: 9 samples class 4 \u2192 class 0
[2026-07-19 13:41:06,470] 39 root - INFO - [Attacker] Label flip: 11 samples class 4 \u2192 class 0
[2026-07-19 13:41:06,479] 39 root - INFO - [Attacker] Label flip: 11 samples class 4 \u2192 class 0
[2026-07-19 13:41:06,487] 39 root - INFO - [Attacker] Label flip: 13 samples class 4 \u2192 class 0
[2026-07-19 13:41:06,495] 39 root - INFO - [Attacker] Label flip: 10 samples class 4 \u2192 class 0
[2026-07-19 13:41:06,501] 39 root - INFO - [Attacker] Label flip: 7 samples class 4 \u2192 class 0
[2026-07-19 13:41:06,540] 39 root - INFO - [Attacker] Label flip: 7 samples class 4 \u2192 class 0
[2026-07-19 13:41:06,548] 39 root - INFO - [Attacker] Label flip: 15 samples class 4 \u2192 class 0
[2026-07-19 13:41:06,555] 39 root - INFO - [Attacker] Label flip: 11 samples class 4 \u2192 class 0
[2026-07-19 13:41:06,563] 39 root - INFO - [Attacker] Label flip: 15 samples class 4 \u2192 class 0
[2026-07-19 13:41:06,576] 39 root - INFO - [Attacker] Label flip: 12 samples class 4 \u2192 class 0
[2026-07-19 13:41:06,584] 39 root - INFO - [Attacker] Label flip: 15 samples class 4 \u2192 class 0
[2026-07-19 13:41:06,592] 39 root - INFO - [Attacker] Label flip: 13 samples class 4 \u2192 class 0
[2026-07-19 13:41:06,600] 39 root - INFO - [Attacker] Label flip: 12 samples class 4 \u2192 class 0
[2026-07-19 13:41:06,611] 39 root - INFO - [Attacker] Label flip: 17 samples class 4 \u2192 class 0
[2026-07-19 13:41:06,619] 39 root - INFO - [Attacker] Label flip: 16 samples class 4 \u2192 class 0
[2026-07-19 13:41:06,625] 39 root - INFO - [Attacker] Label flip: 8 samples class 4 \u2192 class 0
[2026-07-19 13:41:06,633] 39 root - INFO - [Attacker] Label flip: 15 samples class 4 \u2192 class 0
[2026-07-19 13:41:06,669] 39 root - INFO - [Attacker] Label flip: 12 samples class 4 \u2192 class 0
[2026-07-19 13:41:06,677] 39 root - INFO - [Attacker] Label flip: 5 samples class 4 \u2192 class 0
[2026-07-19 13:41:06,684] 39 root - INFO - [Attacker] Label flip: 11 samples class 4 \u2192 class 0
[2026-07-19 13:41:06,692] 39 root - INFO - [Attacker] Label flip: 14 samples class 4 \u2192 class 0
[2026-07-19 13:41:06,702] 39 root - INFO - [Attacker] Label flip: 17 samples class 4 \u2192 class 0
[2026-07-19 13:41:06,710] 39 root - INFO - [Attacker] Label flip: 14 samples class 4 \u2192 class 0
[2026-07-19 13:41:06,718] 39 root - INFO - [Attacker] Label flip: 13 samples class 4 \u2192 class 0
[2026-07-19 13:41:06,726] 39 root - INFO - [Attacker] Label flip: 10 samples class 4 \u2192 class 0
[2026-07-19 13:41:06,734] 39 root - INFO - [Attacker] Label flip: 14 samples class 4 \u2192 class 0
[2026-07-19 13:41:06,743] 39 root - INFO - [Attacker] Label flip: 15 samples class 4 \u2192 class 0
[2026-07-19 13:41:06,749] 39 root - INFO - [Attacker] Label flip: 11 samples class 4 \u2192 class 0
[2026-07-19 13:41:06,757] 39 root - INFO - [Attacker] Label flip: 16 samples class 4 \u2192 class 0
[2026-07-19 13:41:06,765] 39 root - INFO - [Attacker] Label flip: 12 samples class 4 \u2192 class 0
[2026-07-19 13:41:06,773] 39 root - INFO - [Attacker] Label flip: 12 samples class 4 \u2192 class 0
[2026-07-19 13:41:06,781] 39 root - INFO - [Attacker] Label flip: 7 samples class 4 \u2192 class 0
[2026-07-19 13:41:06,789] 39 root - INFO - [Attacker] Label flip: 13 samples class 4 \u2192 class 0
[2026-07-19 13:41:06,797] 39 root - INFO - [Attacker] Label flip: 11 samples class 4 \u2192 class 0
[2026-07-19 13:41:06,805] 39 root - INFO - [Attacker] Label flip: 9 samples class 4 \u2192 class 0
[2026-07-19 13:41:06,812] 39 root - INFO - [Attacker] Label flip: 8 samples class 4 \u2192 class 0
[2026-07-19 13:41:06,820] 39 root - INFO - [Attacker] Label flip: 15 samples class 4 \u2192 class 0
[2026-07-19 13:41:06,828] 39 root - INFO - [Attacker] Label flip: 9 samples class 4 \u2192 class 0
[2026-07-19 13:41:06,836] 39 root - INFO - [Attacker] Label flip: 14 samples class 4 \u2192 class 0
[2026-07-19 13:41:06,844] 39 root - INFO - [Attacker] Label flip: 9 samples class 4 \u2192 class 0
[2026-07-19 13:41:06,850] 39 root - INFO - [Attacker] Label flip: 19 samples class 4 \u2192 class 0
[2026-07-19 13:41:06,858] 39 root - INFO - [Attacker] Label flip: 14 samples class 4 \u2192 class 0
[2026-07-19 13:41:06,866] 39 root - INFO - [Attacker] Label flip: 9 samples class 4 \u2192 class 0
[2026-07-19 13:41:06,874] 39 root - INFO - [Attacker] Label flip: 11 samples class 4 \u2192 class 0
[2026-07-19 13:41:06,882] 39 root - INFO - [Attacker] Label flip: 10 samples class 4 \u2192 class 0
[2026-07-19 13:41:06,890] 39 root - INFO - [Attacker] Label flip: 9 samples class 4 \u2192 class 0
[2026-07-19 13:41:06,898] 39 root - INFO - [Attacker] Label flip: 9 samples class 4 \u2192 class 0
[2026-07-19 13:41:06,907] 39 root - INFO - [Attacker] Label flip: 12 samples class 4 \u2192 class 0
[2026-07-19 13:41:06,915] 39 root - INFO - [Attacker] Label flip: 10 samples class 4 \u2192 class 0
[2026-07-19 13:41:06,923] 39 root - INFO - [Attacker] Label flip: 13 samples class 4 \u2192 class 0
[2026-07-19 13:41:06,929] 39 root - INFO - [Attacker] Label flip: 12 samples class 4 \u2192 class 0
[2026-07-19 13:41:06,939] 39 root - INFO - [Attacker] Label flip: 11 samples class 4 \u2192 class 0
[2026-07-19 13:41:06,946] 39 root - INFO - [Attacker] Label flip: 17 samples class 4 \u2192 class 0
[2026-07-19 13:41:06,953] 39 root - INFO - [Attacker] Label flip: 12 samples class 4 \u2192 class 0
[2026-07-19 13:41:06,961] 39 root - INFO - [Attacker] Label flip: 7 samples class 4 \u2192 class 0
[2026-07-19 13:41:06,969] 39 root - INFO - [Attacker] Label flip: 9 samples class 4 \u2192 class 0
[2026-07-19 13:41:06,977] 39 root - INFO - [Attacker] Label flip: 13 samples class 4 \u2192 class 0
[2026-07-19 13:41:06,985] 39 root - INFO - [Attacker] Label flip: 15 samples class 4 \u2192 class 0
[2026-07-19 13:41:06,993] 39 root - INFO - [Attacker] Label flip: 12 samples class 4 \u2192 class 0
[2026-07-19 13:41:07,000] 39 root - INFO - [Attacker] Label flip: 10 samples class 4 \u2192 class 0
[2026-07-19 13:41:07,009] 39 root - INFO - [Attacker] Label flip: 7 samples class 4 \u2192 class 0
[2026-07-19 13:41:07,016] 39 root - INFO - [Attacker] Label flip: 12 samples class 4 \u2192 class 0
[2026-07-19 13:41:07,024] 39 root - INFO - [Attacker] Label flip: 12 samples class 4 \u2192 class 0
[2026-07-19 13:41:07,032] 39 root - INFO - [Attacker] Label flip: 17 samples class 4 \u2192 class 0
[2026-07-19 13:41:07,042] 39 root - INFO - [Attacker] Label flip: 16 samples class 4 \u2192 class 0
[2026-07-19 13:41:07,050] 39 root - INFO - [Attacker] Label flip: 10 samples class 4 \u2192 class 0
[2026-07-19 13:41:07,058] 39 root - INFO - [Attacker] Label flip: 7 samples class 4 \u2192 class 0
[2026-07-19 13:41:07,066] 39 root - INFO - [Attacker] Label flip: 12 samples class 4 \u2192 class 0
[2026-07-19 13:41:07,074] 39 root - INFO - [Attacker] Label flip: 11 samples class 4 \u2192 class 0
[2026-07-19 13:41:07,083] 39 root - INFO - [Attacker] Label flip: 12 samples class 4 \u2192 class 0
[2026-07-19 13:41:07,091] 39 root - INFO - [Attacker] Label flip: 14 samples class 4 \u2192 class 0
[2026-07-19 13:41:07,099] 39 root - INFO - [Attacker] Label flip: 9 samples class 4 \u2192 class 0
[2026-07-19 13:41:07,107] 39 root - INFO - [Attacker] Label flip: 11 samples class 4 \u2192 class 0
[2026-07-19 13:41:07,114] 39 root - INFO - [Attacker] Label flip: 6 samples class 4 \u2192 class 0
[2026-07-19 13:41:07,122] 39 root - INFO - [Attacker] Label flip: 9 samples class 4 \u2192 class 0
[2026-07-19 13:41:07,130] 39 root - INFO - [Attacker] Label flip: 15 samples class 4 \u2192 class 0
[2026-07-19 13:41:07,138] 39 root - INFO - [Attacker] Label flip: 13 samples class 4 \u2192 class 0
[2026-07-19 13:41:07,146] 39 root - INFO - [Attacker] Label flip: 8 samples class 4 \u2192 class 0
[2026-07-19 13:41:07,154] 39 root - INFO - [Attacker] Label flip: 17 samples class 4 \u2192 class 0
[2026-07-19 13:41:07,162] 39 root - INFO - [Attacker] Label flip: 11 samples class 4 \u2192 class 0
[2026-07-19 13:41:07,173] 39 root - INFO - [Attacker] Label flip: 10 samples class 4 \u2192 class 0
[2026-07-19 13:41:07,181] 39 root - INFO - [Attacker] Label flip: 14 samples class 4 \u2192 class 0
[2026-07-19 13:41:07,189] 39 root - INFO - [Attacker] Label flip: 13 samples class 4 \u2192 class 0
[2026-07-19 13:41:07,197] 39 root - INFO - [Attacker] Label flip: 14 samples class 4 \u2192 class 0
[2026-07-19 13:41:07,205] 39 root - INFO - [Attacker] Label flip: 7 samples class 4 \u2192 class 0
[2026-07-19 13:41:07,213] 39 root - INFO - [Attacker] Label flip: 13 samples class 4 \u2192 class 0
[2026-07-19 13:41:07,221] 39 root - INFO - [Attacker] Label flip: 16 samples class 4 \u2192 class 0
[2026-07-19 13:41:07,229] 39 root - INFO - [Attacker] Label flip: 16 samples class 4 \u2192 class 0
[2026-07-19 13:41:07,237] 39 root - INFO - [Attacker] Label flip: 13 samples class 4 \u2192 class 0
[2026-07-19 13:41:07,245] 39 root - INFO - [Attacker] Label flip: 12 samples class 4 \u2192 class 0
[2026-07-19 13:41:07,252] 39 root - INFO - [Attacker] Label flip: 18 samples class 4 \u2192 class 0
[2026-07-19 13:41:07,260] 39 root - INFO - [Attacker] Label flip: 10 samples class 4 \u2192 class 0
[2026-07-19 13:41:07,268] 39 root - INFO - [Attacker] Label flip: 14 samples class 4 \u2192 class 0
[2026-07-19 13:41:07,276] 39 root - INFO - [Attacker] Label flip: 13 samples class 4 \u2192 class 0
[2026-07-19 13:41:07,283] 39 root - INFO - [Attacker] Label flip: 16 samples class 4 \u2192 class 0
[2026-07-19 13:41:07,291] 39 root - INFO - [Attacker] Label flip: 13 samples class 4 \u2192 class 0
[2026-07-19 13:41:07,299] 39 root - INFO - [Attacker] Label flip: 13 samples class 4 \u2192 class 0
[2026-07-19 13:41:07,310] 39 root - INFO - [Attacker] Label flip: 15 samples class 4 \u2192 class 0
[2026-07-19 13:41:07,317] 39 root - INFO - [Attacker] Label flip: 14 samples class 4 \u2192 class 0
[2026-07-19 13:41:07,325] 39 root - INFO - [Attacker] Label flip: 10 samples class 4 \u2192 class 0
[2026-07-19 13:41:07,333] 39 root - INFO - [Attacker] Label flip: 12 samples class 4 \u2192 class 0
[2026-07-19 13:41:07,343] 39 root - INFO - [Attacker] Label flip: 15 samples class 4 \u2192 class 0
[2026-07-19 13:41:07,351] 39 root - INFO - [Attacker] Label flip: 13 samples class 4 \u2192 class 0
[2026-07-19 13:41:07,357] 39 root - INFO - [Attacker] Label flip: 14 samples class 4 \u2192 class 0
[2026-07-19 13:41:07,365] 39 root - INFO - [Attacker] Label flip: 9 samples class 4 \u2192 class 0
[2026-07-19 13:41:07,373] 39 root - INFO - [Attacker] Label flip: 11 samples class 4 \u2192 class 0
[2026-07-19 13:41:07,381] 39 root - INFO - [Attacker] Label flip: 16 samples class 4 \u2192 class 0
[2026-07-19 13:41:07,389] 39 root - INFO - [Attacker] Label flip: 16 samples class 4 \u2192 class 0
[2026-07-19 13:41:07,396] 39 root - INFO - [Attacker] Label flip: 23 samples class 4 \u2192 class 0
[2026-07-19 13:41:07,404] 39 root - INFO - [Attacker] Label flip: 11 samples class 4 \u2192 class 0
[2026-07-19 13:41:07,412] 39 root - INFO - [Attacker] Label flip: 12 samples class 4 \u2192 class 0
[2026-07-19 13:41:07,420] 39 root - INFO - [Attacker] Label flip: 8 samples class 4 \u2192 class 0
[2026-07-19 13:41:07,428] 39 root - INFO - [Attacker] Label flip: 14 samples class 4 \u2192 class 0
[2026-07-19 13:41:07,436] 39 root - INFO - [Attacker] Label flip: 12 samples class 4 \u2192 class 0
[2026-07-19 13:41:07,443] 39 root - INFO - [Attacker] Label flip: 6 samples class 4 \u2192 class 0
[2026-07-19 13:41:07,452] 39 root - INFO - [Attacker] Label flip: 15 samples class 4 \u2192 class 0
[2026-07-19 13:41:07,459] 39 root - INFO - [Attacker] Label flip: 12 samples class 4 \u2192 class 0
[2026-07-19 13:41:07,469] 39 root - INFO - [Attacker] Label flip: 11 samples class 4 \u2192 class 0
[2026-07-19 13:41:07,477] 39 root - INFO - [Attacker] Label flip: 18 samples class 4 \u2192 class 0
[2026-07-19 13:41:07,485] 39 root - INFO - [Attacker] Label flip: 21 samples class 4 \u2192 class 0
[2026-07-19 13:41:07,493] 39 root - INFO - [Attacker] Label flip: 17 samples class 4 \u2192 class 0
[2026-07-19 13:41:07,503] 39 root - INFO - [Attacker] Label flip: 17 samples class 4 \u2192 class 0
[2026-07-19 13:41:07,509] 39 root - INFO - [Attacker] Label flip: 8 samples class 4 \u2192 class 0
[2026-07-19 13:41:07,518] 39 root - INFO - [Attacker] Label flip: 19 samples class 4 \u2192 class 0
[2026-07-19 13:41:07,524] 39 root - INFO - [Attacker] Label flip: 10 samples class 4 \u2192 class 0
[2026-07-19 13:41:07,532] 39 root - INFO - [Attacker] Label flip: 11 samples class 4 \u2192 class 0
[2026-07-19 13:41:07,542] 39 root - INFO - [Attacker] Label flip: 16 samples class 4 \u2192 class 0
[2026-07-19 13:41:07,550] 39 root - INFO - [Attacker] Label flip: 12 samples class 4 \u2192 class 0
[2026-07-19 13:41:07,560] 39 root - INFO - [Attacker] Label flip: 9 samples class 4 \u2192 class 0
[2026-07-19 13:41:07,568] 39 root - INFO - [Attacker] Label flip: 13 samples class 4 \u2192 class 0
[2026-07-19 13:41:07,574] 39 root - INFO - [Attacker] Label flip: 15 samples class 4 \u2192 class 0
[2026-07-19 13:41:07,581] 39 root - INFO - [Attacker] Label flip: 9 samples class 4 \u2192 class 0
[2026-07-19 13:41:07,590] 39 root - INFO - [Attacker] Label flip: 17 samples class 4 \u2192 class 0
[2026-07-19 13:41:07,597] 39 root - INFO - [Attacker] Label flip: 16 samples class 4 \u2192 class 0
[2026-07-19 13:41:07,609] 39 root - INFO - [Attacker] Label flip: 4 samples class 4 \u2192 class 0
[2026-07-19 13:41:07,618] 39 root - INFO - [Attacker] Label flip: 7 samples class 4 \u2192 class 0
[2026-07-19 13:41:07,624] 39 root - INFO - [Attacker] Label flip: 13 samples class 4 \u2192 class 0
[2026-07-19 13:41:07,632] 39 root - INFO - [Attacker] Label flip: 17 samples class 4 \u2192 class 0
[2026-07-19 13:41:07,641] 39 root - INFO - [Attacker] Label flip: 7 samples class 4 \u2192 class 0
[2026-07-19 13:41:07,647] 39 root - INFO - [Attacker] Label flip: 14 samples class 4 \u2192 class 0
[2026-07-19 13:41:07,655] 39 root - INFO - [Attacker] Label flip: 14 samples class 4 \u2192 class 0
[2026-07-19 13:41:07,663] 39 root - INFO - [Attacker] Label flip: 8 samples class 4 \u2192 class 0
[2026-07-19 13:41:07,670] 39 root - INFO - [Attacker] Label flip: 11 samples class 4 \u2192 class 0
[2026-07-19 13:41:07,678] 39 root - INFO - [Attacker] Label flip: 12 samples class 4 \u2192 class 0
[2026-07-19 13:41:07,688] 39 root - INFO - [Attacker] Label flip: 9 samples class 4 \u2192 class 0
[2026-07-19 13:41:07,694] 39 root - INFO - [Attacker] Label flip: 11 samples class 4 \u2192 class 0
[2026-07-19 13:41:07,704] 39 root - INFO - [Attacker] Label flip: 11 samples class 4 \u2192 class 0
[2026-07-19 13:41:07,712] 39 root - INFO - [Attacker] Label flip: 13 samples class 4 \u2192 class 0
[2026-07-19 13:41:07,720] 39 root - INFO - [Attacker] Label flip: 13 samples class 4 \u2192 class 0
[2026-07-19 13:41:07,728] 39 root - INFO - [Attacker] Label flip: 22 samples class 4 \u2192 class 0
[2026-07-19 13:41:07,738] 39 root - INFO - [Attacker] Label flip: 16 samples class 4 \u2192 class 0
[2026-07-19 13:41:07,746] 39 root - INFO - [Attacker] Label flip: 16 samples class 4 \u2192 class 0
[2026-07-19 13:41:07,753] 39 root - INFO - [Attacker] Label flip: 17 samples class 4 \u2192 class 0
[2026-07-19 13:41:07,761] 39 root - INFO - [Attacker] Label flip: 17 samples class 4 \u2192 class 0
[2026-07-19 13:41:07,779] 39 root - INFO - [Attacker] Label flip: 12 samples class 4 \u2192 class 0
[2026-07-19 13:41:07,789] 39 root - INFO - [Attacker] Label flip: 13 samples class 4 \u2192 class 0
[2026-07-19 13:41:07,797] 39 root - INFO - [Attacker] Label flip: 9 samples class 4 \u2192 class 0
[2026-07-19 13:41:07,805] 39 root - INFO - [Attacker] Label flip: 5 samples class 4 \u2192 class 0
[2026-07-19 13:41:07,812] 39 root - INFO - [Attacker] Label flip: 11 samples class 4 \u2192 class 0
[2026-07-19 13:41:07,820] 39 root - INFO - [Attacker] Label flip: 10 samples class 4 \u2192 class 0
[2026-07-19 13:41:07,828] 39 root - INFO - [Attacker] Label flip: 17 samples class 4 \u2192 class 0
[2026-07-19 13:41:07,836] 39 root - INFO - [Attacker] Label flip: 8 samples class 4 \u2192 class 0
[2026-07-19 13:41:07,844] 39 root - INFO - [Attacker] Label flip: 11 samples class 4 \u2192 class 0
[2026-07-19 13:41:07,852] 39 root - INFO - [Attacker] Label flip: 13 samples class 4 \u2192 class 0
[2026-07-19 13:41:07,860] 39 root - INFO - [Attacker] Label flip: 7 samples class 4 \u2192 class 0
[2026-07-19 13:41:07,870] 39 root - INFO - [Attacker] Label flip: 14 samples class 4 \u2192 class 0
[2026-07-19 13:41:07,878] 39 root - INFO - [Attacker] Label flip: 15 samples class 4 \u2192 class 0
[2026-07-19 13:41:07,886] 39 root - INFO - [Attacker] Label flip: 8 samples class 4 \u2192 class 0
[2026-07-19 13:41:07,892] 39 root - INFO - [Attacker] Label flip: 16 samples class 4 \u2192 class 0
[2026-07-19 13:41:07,900] 39 root - INFO - [Attacker] Label flip: 12 samples class 4 \u2192 class 0
[2026-07-19 13:41:07,908] 39 root - INFO - [Attacker] Label flip: 18 samples class 4 \u2192 class 0
[2026-07-19 13:41:07,916] 39 root - INFO - [Attacker] Label flip: 11 samples class 4 \u2192 class 0
[2026-07-19 13:41:07,923] 39 root - INFO - [Attacker] Label flip: 13 samples class 4 \u2192 class 0
[2026-07-19 13:41:07,931] 39 root - INFO - [Attacker] Label flip: 13 samples class 4 \u2192 class 0
[2026-07-19 13:41:07,941] 39 root - INFO - [Attacker] Label flip: 17 samples class 4 \u2192 class 0
[2026-07-19 13:41:07,947] 39 root - INFO - [Attacker] Label flip: 6 samples class 4 \u2192 class 0
[2026-07-19 13:41:07,955] 39 root - INFO - [Attacker] Label flip: 9 samples class 4 \u2192 class 0
[2026-07-19 13:41:07,963] 39 root - INFO - [Attacker] Label flip: 13 samples class 4 \u2192 class 0
[2026-07-19 13:41:07,971] 39 root - INFO - [Attacker] Label flip: 10 samples class 4 \u2192 class 0
[2026-07-19 13:41:07,979] 39 root - INFO - [Attacker] Label flip: 11 samples class 4 \u2192 class 0
[2026-07-19 13:41:07,987] 39 root - INFO - [Attacker] Label flip: 20 samples class 4 \u2192 class 0
[2026-07-19 13:41:07,997] 39 root - INFO - [Attacker] Label flip: 15 samples class 4 \u2192 class 0
[2026-07-19 13:41:08,007] 39 root - INFO - [Attacker] Label flip: 13 samples class 4 \u2192 class 0
[2026-07-19 13:41:08,015] 39 root - INFO - [Attacker] Label flip: 14 samples class 4 \u2192 class 0
[2026-07-19 13:41:08,023] 39 root - INFO - [Attacker] Label flip: 11 samples class 4 \u2192 class 0
[2026-07-19 13:41:08,031] 39 root - INFO - [Attacker] Label flip: 12 samples class 4 \u2192 class 0
[2026-07-19 13:41:08,040] 39 root - INFO - [Attacker] Label flip: 15 samples class 4 \u2192 class 0
[2026-07-19 13:41:08,048] 39 root - INFO - [Attacker] Label flip: 11 samples class 4 \u2192 class 0
[2026-07-19 13:41:08,056] 39 root - INFO - [Attacker] Label flip: 13 samples class 4 \u2192 class 0
[2026-07-19 13:41:08,064] 39 root - INFO - [Attacker] Label flip: 12 samples class 4 \u2192 class 0
[2026-07-19 13:41:08,072] 39 root - INFO - [Attacker] Label flip: 11 samples class 4 \u2192 class 0
[2026-07-19 13:41:08,080] 39 root - INFO - [Attacker] Label flip: 17 samples class 4 \u2192 class 0
[2026-07-19 13:41:08,086] 39 root - INFO - [Attacker] Label flip: 10 samples class 4 \u2192 class 0
[2026-07-19 13:41:08,094] 39 root - INFO - [Attacker] Label flip: 16 samples class 4 \u2192 class 0
[2026-07-19 13:41:08,102] 39 root - INFO - [Attacker] Label flip: 10 samples class 4 \u2192 class 0
[2026-07-19 13:41:08,110] 39 root - INFO - [Attacker] Label flip: 8 samples class 4 \u2192 class 0
[2026-07-19 13:41:08,118] 39 root - INFO - [Attacker] Label flip: 10 samples class 4 \u2192 class 0
[2026-07-19 13:41:08,126] 39 root - INFO - [Attacker] Label flip: 16 samples class 4 \u2192 class 0
[2026-07-19 13:41:08,133] 39 root - INFO - [Attacker] Label flip: 16 samples class 4 \u2192 class 0
[2026-07-19 13:41:08,146] 39 root - INFO - [Attacker] Label flip: 12 samples class 4 \u2192 class 0
[2026-07-19 13:41:08,153] 39 root - INFO - [Attacker] Label flip: 11 samples class 4 \u2192 class 0
[2026-07-19 13:41:08,161] 39 root - INFO - [Attacker] Label flip: 9 samples class 4 \u2192 class 0
[2026-07-19 13:41:08,169] 39 root - INFO - [Attacker] Label flip: 13 samples class 4 \u2192 class 0
[2026-07-19 13:41:08,177] 39 root - INFO - [Attacker] Label flip: 21 samples class 4 \u2192 class 0
[2026-07-19 13:41:08,184] 39 root - INFO - [Attacker] Label flip: 10 samples class 4 \u2192 class 0
[2026-07-19 13:41:08,192] 39 root - INFO - [Attacker] Label flip: 8 samples class 4 \u2192 class 0
[2026-07-19 13:41:08,200] 39 root - INFO - [Attacker] Label flip: 7 samples class 4 \u2192 class 0
[2026-07-19 13:41:08,224] 39 root - INFO - [Attacker] Label flip: 14 samples class 4 \u2192 class 0
[2026-07-19 13:41:08,232] 39 root - INFO - [Attacker] Label flip: 14 samples class 4 \u2192 class 0
[2026-07-19 13:41:08,240] 39 root - INFO - [Attacker] Label flip: 10 samples class 4 \u2192 class 0
[2026-07-19 13:41:08,248] 39 root - INFO - [Attacker] Label flip: 15 samples class 4 \u2192 class 0
[2026-07-19 13:41:08,257] 39 root - INFO - [Attacker] Label flip: 14 samples class 4 \u2192 class 0
[2026-07-19 13:41:08,265] 39 root - INFO - [Attacker] Label flip: 15 samples class 4 \u2192 class 0
[2026-07-19 13:41:08,273] 39 root - INFO - [Attacker] Label flip: 16 samples class 4 \u2192 class 0
[2026-07-19 13:41:08,281] 39 root - INFO - [Attacker] Label flip: 15 samples class 4 \u2192 class 0
[2026-07-19 13:41:08,291] 39 root - INFO - [Attacker] Label flip: 11 samples class 4 \u2192 class 0
[2026-07-19 13:41:08,299] 39 root - INFO - [Attacker] Label flip: 10 samples class 4 \u2192 class 0
[2026-07-19 13:41:08,305] 39 root - INFO - [Attacker] Label flip: 11 samples class 4 \u2192 class 0
[2026-07-19 13:41:08,313] 39 root - INFO - [Attacker] Label flip: 9 samples class 4 \u2192 class 0
[2026-07-19 13:41:08,325] 39 root - INFO - [Attacker] Label flip: 13 samples class 4 \u2192 class 0
[2026-07-19 13:41:08,333] 39 root - INFO - [Attacker] Label flip: 9 samples class 4 \u2192 class 0
[2026-07-19 13:41:08,341] 39 root - INFO - [Attacker] Label flip: 11 samples class 4 \u2192 class 0
[2026-07-19 13:41:08,347] 39 root - INFO - [Attacker] Label flip: 15 samples class 4 \u2192 class 0
[2026-07-19 13:41:08,354] 39 root - INFO - [Attacker] Label flip: 15 samples class 4 \u2192 class 0
[2026-07-19 13:41:08,362] 39 root - INFO - [Attacker] Label flip: 5 samples class 4 \u2192 class 0
[2026-07-19 13:41:08,370] 39 root - INFO - [Attacker] Label flip: 15 samples class 4 \u2192 class 0
[2026-07-19 13:41:08,378] 39 root - INFO - [Attacker] Label flip: 17 samples class 4 \u2192 class 0
[2026-07-19 13:41:08,386] 39 root - INFO - [Attacker] Label flip: 9 samples class 4 \u2192 class 0
[2026-07-19 13:41:08,398] 39 root - INFO - [Attacker] Label flip: 6 samples class 4 \u2192 class 0
[2026-07-19 13:41:08,406] 39 root - INFO - [Attacker] Label flip: 10 samples class 4 \u2192 class 0
[2026-07-19 13:41:08,412] 39 root - INFO - [Attacker] Label flip: 13 samples class 4 \u2192 class 0
[2026-07-19 13:41:08,420] 39 root - INFO - [Attacker] Label flip: 11 samples class 4 \u2192 class 0
[2026-07-19 13:41:08,429] 39 root - INFO - [Attacker] Label flip: 21 samples class 4 \u2192 class 0
[2026-07-19 13:41:08,438] 39 root - INFO - [Attacker] Label flip: 16 samples class 4 \u2192 class 0
[2026-07-19 13:41:08,446] 39 root - INFO - [Attacker] Label flip: 12 samples class 4 \u2192 class 0
[2026-07-19 13:41:08,453] 39 root - INFO - [Attacker] Label flip: 12 samples class 4 \u2192 class 0
[2026-07-19 13:41:08,462] 39 root - INFO - [Attacker] Label flip: 20 samples class 4 \u2192 class 0
[2026-07-19 13:41:08,469] 39 root - INFO - [Attacker] Label flip: 13 samples class 4 \u2192 class 0
[2026-07-19 13:41:08,477] 39 root - INFO - [Attacker] Label flip: 12 samples class 4 \u2192 class 0
[2026-07-19 13:41:08,485] 39 root - INFO - [Attacker] Label flip: 9 samples class 4 \u2192 class 0
[2026-07-19 13:41:08,493] 39 root - INFO - [Attacker] Label flip: 12 samples class 4 \u2192 class 0
[2026-07-19 13:41:08,501] 39 root - INFO - [Attacker] Label flip: 5 samples class 4 \u2192 class 0
[2026-07-19 13:41:08,509] 39 root - INFO - [Attacker] Label flip: 16 samples class 4 \u2192 class 0
[2026-07-19 13:41:08,517] 39 root - INFO - [Attacker] Label flip: 7 samples class 4 \u2192 class 0
[2026-07-19 13:41:08,526] 39 root - INFO - [Attacker] Label flip: 10 samples class 4 \u2192 class 0
[2026-07-19 13:41:08,535] 39 root - INFO - [Attacker] Label flip: 13 samples class 4 \u2192 class 0
[2026-07-19 13:41:08,542] 39 root - INFO - [Attacker] Label flip: 11 samples class 4 \u2192 class 0
[2026-07-19 13:41:08,550] 39 root - INFO - [Attacker] Label flip: 10 samples class 4 \u2192 class 0
[2026-07-19 13:41:08,560] 39 root - INFO - [Attacker] Label flip: 10 samples class 4 \u2192 class 0
[2026-07-19 13:41:08,566] 39 root - INFO - [Attacker] Label flip: 8 samples class 4 \u2192 class 0
[2026-07-19 13:41:08,574] 39 root - INFO - [Attacker] Label flip: 12 samples class 4 \u2192 class 0
[2026-07-19 13:41:08,582] 39 root - INFO - [Attacker] Label flip: 12 samples class 4 \u2192 class 0
[2026-07-19 13:41:08,589] 39 root - INFO - [Attacker] Label flip: 15 samples class 4 \u2192 class 0
[2026-07-19 13:41:08,598] 39 root - INFO - [Attacker] Label flip: 11 samples class 4 \u2192 class 0
[2026-07-19 13:41:08,605] 39 root - INFO - [Attacker] Label flip: 12 samples class 4 \u2192 class 0
[2026-07-19 13:41:08,613] 39 root - INFO - [Attacker] Label flip: 13 samples class 4 \u2192 class 0
[2026-07-19 13:41:08,621] 39 root - INFO - [Attacker] Label flip: 11 samples class 4 \u2192 class 0
[2026-07-19 13:41:08,629] 39 root - INFO - [Attacker] Label flip: 21 samples class 4 \u2192 class 0
[2026-07-19 13:41:08,638] 39 root - INFO - [Attacker] Label flip: 9 samples class 4 \u2192 class 0
[2026-07-19 13:41:08,644] 39 root - INFO - [Attacker] Label flip: 20 samples class 4 \u2192 class 0
[2026-07-19 13:41:08,652] 39 root - INFO - [Attacker] Label flip: 10 samples class 4 \u2192 class 0
[2026-07-19 13:41:08,667] 39 root - INFO - [Attacker] Label flip: 17 samples class 4 \u2192 class 0
[2026-07-19 13:41:08,676] 39 root - INFO - [Attacker] Label flip: 15 samples class 4 \u2192 class 0
[2026-07-19 13:41:08,686] 39 root - INFO - [Attacker] Label flip: 13 samples class 4 \u2192 class 0
[2026-07-19 13:41:08,688] 268 flwr - WARNING - DEPRECATED FEATURE: `client_fn` now expects a signature `def client_fn(context: Context)`.The provided `client_fn` has signature: {'cid': <Parameter "cid: str">}. You can import the `Context` like this: `from flwr.common import Context`

            This is a deprecated feature. It will be removed
            entirely in future versions of Flower.
        
[2026-07-19 13:41:08,694] 39 root - INFO - [Attacker] Label flip: 16 samples class 4 \u2192 class 0
[2026-07-19 13:41:08,703] 39 root - INFO - [Attacker] Label flip: 10 samples class 4 \u2192 class 0
[2026-07-19 13:41:08,711] 39 root - INFO - [Attacker] Label flip: 14 samples class 4 \u2192 class 0
[2026-07-19 13:41:08,719] 39 root - INFO - [Attacker] Label flip: 14 samples class 4 \u2192 class 0
[2026-07-19 13:41:08,727] 39 root - INFO - [Attacker] Label flip: 10 samples class 4 \u2192 class 0
[2026-07-19 13:41:08,735] 39 root - INFO - [Attacker] Label flip: 12 samples class 4 \u2192 class 0
[2026-07-19 13:41:08,743] 39 root - INFO - [Attacker] Label flip: 8 samples class 4 \u2192 class 0
[2026-07-19 13:41:08,751] 39 root - INFO - [Attacker] Label flip: 7 samples class 4 \u2192 class 0
[2026-07-19 13:41:08,758] 39 root - INFO - [Attacker] Label flip: 9 samples class 4 \u2192 class 0
[2026-07-19 13:41:08,765] 39 root - INFO - [Attacker] Label flip: 7 samples class 4 \u2192 class 0
[2026-07-19 13:41:08,774] 39 root - INFO - [Attacker] Label flip: 19 samples class 4 \u2192 class 0
[2026-07-19 13:41:08,782] 39 root - INFO - [Attacker] Label flip: 9 samples class 4 \u2192 class 0
[2026-07-19 13:41:08,790] 39 root - INFO - [Attacker] Label flip: 12 samples class 4 \u2192 class 0
[2026-07-19 13:41:08,796] 39 root - INFO - [Attacker] Label flip: 15 samples class 4 \u2192 class 0
[2026-07-19 13:41:08,806] 39 root - INFO - [Attacker] Label flip: 14 samples class 4 \u2192 class 0
[2026-07-19 13:41:08,814] 39 root - INFO - [Attacker] Label flip: 8 samples class 4 \u2192 class 0
[2026-07-19 13:41:08,822] 39 root - INFO - [Attacker] Label flip: 14 samples class 4 \u2192 class 0
[2026-07-19 13:41:08,830] 39 root - INFO - [Attacker] Label flip: 12 samples class 4 \u2192 class 0
[2026-07-19 13:41:08,840] 39 root - INFO - [Attacker] Label flip: 9 samples class 4 \u2192 class 0
[2026-07-19 13:41:08,848] 39 root - INFO - [Attacker] Label flip: 10 samples class 4 \u2192 class 0
[2026-07-19 13:41:08,857] 39 root - INFO - [Attacker] Label flip: 14 samples class 4 \u2192 class 0
[2026-07-19 13:41:08,865] 39 root - INFO - [Attacker] Label flip: 13 samples class 4 \u2192 class 0
[2026-07-19 13:41:08,873] 39 root - INFO - [Attacker] Label flip: 13 samples class 4 \u2192 class 0
[2026-07-19 13:41:08,881] 39 root - INFO - [Attacker] Label flip: 11 samples class 4 \u2192 class 0
[2026-07-19 13:41:08,890] 39 root - INFO - [Attacker] Label flip: 13 samples class 4 \u2192 class 0
[2026-07-19 13:41:08,900] 39 root - INFO - [Attacker] Label flip: 7 samples class 4 \u2192 class 0
[2026-07-19 13:41:08,909] 39 root - INFO - [Attacker] Label flip: 13 samples class 4 \u2192 class 0
[2026-07-19 13:41:08,917] 39 root - INFO - [Attacker] Label flip: 14 samples class 4 \u2192 class 0
[2026-07-19 13:41:08,926] 39 root - INFO - [Attacker] Label flip: 19 samples class 4 \u2192 class 0
[2026-07-19 13:41:08,934] 39 root - INFO - [Attacker] Label flip: 15 samples class 4 \u2192 class 0
[2026-07-19 13:41:08,942] 39 root - INFO - [Attacker] Label flip: 12 samples class 4 \u2192 class 0
[2026-07-19 13:41:08,951] 39 root - INFO - [Attacker] Label flip: 5 samples class 4 \u2192 class 0
[2026-07-19 13:41:08,958] 39 root - INFO - [Attacker] Label flip: 16 samples class 4 \u2192 class 0
[2026-07-19 13:41:08,967] 39 root - INFO - [Attacker] Label flip: 10 samples class 4 \u2192 class 0
[2026-07-19 13:41:08,976] 39 root - INFO - [Attacker] Label flip: 12 samples class 4 \u2192 class 0
[2026-07-19 13:41:08,984] 39 root - INFO - [Attacker] Label flip: 18 samples class 4 \u2192 class 0
[2026-07-19 13:41:08,992] 39 root - INFO - [Attacker] Label flip: 12 samples class 4 \u2192 class 0
[2026-07-19 13:41:08,999] 39 root - INFO - [Attacker] Label flip: 6 samples class 4 \u2192 class 0
[2026-07-19 13:41:09,008] 39 root - INFO - [Attacker] Label flip: 10 samples class 4 \u2192 class 0
[2026-07-19 13:41:09,016] 39 root - INFO - [Attacker] Label flip: 9 samples class 4 \u2192 class 0
[2026-07-19 13:41:09,025] 39 root - INFO - [Attacker] Label flip: 13 samples class 4 \u2192 class 0
[2026-07-19 13:41:09,033] 39 root - INFO - [Attacker] Label flip: 14 samples class 4 \u2192 class 0
[2026-07-19 13:41:09,043] 39 root - INFO - [Attacker] Label flip: 10 samples class 4 \u2192 class 0
[2026-07-19 13:41:09,050] 39 root - INFO - [Attacker] Label flip: 12 samples class 4 \u2192 class 0
[2026-07-19 13:41:09,059] 39 root - INFO - [Attacker] Label flip: 13 samples class 4 \u2192 class 0
[2026-07-19 13:41:09,066] 39 root - INFO - [Attacker] Label flip: 17 samples class 4 \u2192 class 0
[2026-07-19 13:41:09,074] 39 root - INFO - [Attacker] Label flip: 9 samples class 4 \u2192 class 0
[2026-07-19 13:41:09,083] 39 root - INFO - [Attacker] Label flip: 10 samples class 4 \u2192 class 0
[2026-07-19 13:41:09,094] 39 root - INFO - [Attacker] Label flip: 11 samples class 4 \u2192 class 0
[2026-07-19 13:41:09,102] 39 root - INFO - [Attacker] Label flip: 12 samples class 4 \u2192 class 0
[2026-07-19 13:41:09,114] 39 root - INFO - [Attacker] Label flip: 12 samples class 4 \u2192 class 0
[2026-07-19 13:41:09,123] 39 root - INFO - [Attacker] Label flip: 13 samples class 4 \u2192 class 0
[2026-07-19 13:41:09,130] 39 root - INFO - [Attacker] Label flip: 17 samples class 4 \u2192 class 0
[2026-07-19 13:41:09,138] 39 root - INFO - [Attacker] Label flip: 10 samples class 4 \u2192 class 0
[2026-07-19 13:41:09,146] 39 root - INFO - [Attacker] Label flip: 13 samples class 4 \u2192 class 0
[2026-07-19 13:41:09,154] 39 root - INFO - [Attacker] Label flip: 12 samples class 4 \u2192 class 0
[2026-07-19 13:41:09,162] 39 root - INFO - [Attacker] Label flip: 15 samples class 4 \u2192 class 0
[2026-07-19 13:41:09,170] 39 root - INFO - [Attacker] Label flip: 16 samples class 4 \u2192 class 0
[2026-07-19 13:41:09,178] 39 root - INFO - [Attacker] Label flip: 9 samples class 4 \u2192 class 0
[2026-07-19 13:41:09,185] 39 root - INFO - [Attacker] Label flip: 17 samples class 4 \u2192 class 0
[2026-07-19 13:41:09,194] 39 root - INFO - [Attacker] Label flip: 11 samples class 4 \u2192 class 0
[2026-07-19 13:41:09,202] 39 root - INFO - [Attacker] Label flip: 14 samples class 4 \u2192 class 0
[2026-07-19 13:41:09,210] 39 root - INFO - [Attacker] Label flip: 11 samples class 4 \u2192 class 0
[2026-07-19 13:41:09,221] 39 root - INFO - [Attacker] Label flip: 15 samples class 4 \u2192 class 0
[2026-07-19 13:41:09,229] 39 root - INFO - [Attacker] Label flip: 16 samples class 4 \u2192 class 0
[2026-07-19 13:41:09,235] 39 root - INFO - [Attacker] Label flip: 14 samples class 4 \u2192 class 0
[2026-07-19 13:41:09,243] 39 root - INFO - [Attacker] Label flip: 12 samples class 4 \u2192 class 0
[2026-07-19 13:41:09,257] 39 root - INFO - [Attacker] Label flip: 20 samples class 4 \u2192 class 0
[2026-07-19 13:41:09,263] 39 root - INFO - [Attacker] Label flip: 11 samples class 4 \u2192 class 0
[2026-07-19 13:41:09,271] 39 root - INFO - [Attacker] Label flip: 13 samples class 4 \u2192 class 0
[2026-07-19 13:41:09,279] 39 root - INFO - [Attacker] Label flip: 14 samples class 4 \u2192 class 0
[2026-07-19 13:41:09,295] 39 root - INFO - [Attacker] Label flip: 14 samples class 4 \u2192 class 0
[2026-07-19 13:41:09,302] 39 root - INFO - [Attacker] Label flip: 12 samples class 4 \u2192 class 0
[2026-07-19 13:41:09,310] 39 root - INFO - [Attacker] Label flip: 12 samples class 4 \u2192 class 0
[2026-07-19 13:41:09,316] 39 root - INFO - [Attacker] Label flip: 9 samples class 4 \u2192 class 0
[2026-07-19 13:41:09,324] 39 root - INFO - [Attacker] Label flip: 13 samples class 4 \u2192 class 0
[2026-07-19 13:41:09,356] 39 root - INFO - [Attacker] Label flip: 14 samples class 4 \u2192 class 0
[2026-07-19 13:41:09,364] 39 root - INFO - [Attacker] Label flip: 12 samples class 4 \u2192 class 0
[2026-07-19 13:41:09,372] 39 root - INFO - [Attacker] Label flip: 17 samples class 4 \u2192 class 0
[2026-07-19 13:41:09,377] 39 root - INFO - [Attacker] Label flip: 9 samples class 4 \u2192 class 0
[2026-07-19 13:41:09,389] 39 root - INFO - [Attacker] Label flip: 13 samples class 4 \u2192 class 0
[2026-07-19 13:41:09,397] 39 root - INFO - [Attacker] Label flip: 8 samples class 4 \u2192 class 0
[2026-07-19 13:41:09,405] 39 root - INFO - [Attacker] Label flip: 10 samples class 4 \u2192 class 0
[2026-07-19 13:41:09,413] 39 root - INFO - [Attacker] Label flip: 13 samples class 4 \u2192 class 0
[2026-07-19 13:41:09,421] 39 root - INFO - [Attacker] Label flip: 14 samples class 4 \u2192 class 0
[2026-07-19 13:41:09,429] 39 root - INFO - [Attacker] Label flip: 14 samples class 4 \u2192 class 0
[2026-07-19 13:41:09,437] 39 root - INFO - [Attacker] Label flip: 13 samples class 4 \u2192 class 0
[2026-07-19 13:41:09,443] 39 root - INFO - [Attacker] Label flip: 9 samples class 4 \u2192 class 0
[2026-07-19 13:41:09,451] 39 root - INFO - [Attacker] Label flip: 14 samples class 4 \u2192 class 0
[2026-07-19 13:41:09,458] 39 root - INFO - [Attacker] Label flip: 20 samples class 4 \u2192 class 0
[2026-07-19 13:41:09,466] 39 root - INFO - [Attacker] Label flip: 9 samples class 4 \u2192 class 0
[2026-07-19 13:41:09,474] 39 root - INFO - [Attacker] Label flip: 14 samples class 4 \u2192 class 0
[2026-07-19 13:41:09,482] 39 root - INFO - [Attacker] Label flip: 12 samples class 4 \u2192 class 0
[2026-07-19 13:41:09,490] 39 root - INFO - [Attacker] Label flip: 18 samples class 4 \u2192 class 0
[2026-07-19 13:41:09,498] 39 root - INFO - [Attacker] Label flip: 17 samples class 4 \u2192 class 0
[2026-07-19 13:41:09,506] 39 root - INFO - [Attacker] Label flip: 16 samples class 4 \u2192 class 0
[2026-07-19 13:41:09,514] 39 root - INFO - [Attacker] Label flip: 18 samples class 4 \u2192 class 0
[2026-07-19 13:41:09,524] 39 root - INFO - [Attacker] Label flip: 11 samples class 4 \u2192 class 0
[2026-07-19 13:41:09,531] 39 root - INFO - [Attacker] Label flip: 10 samples class 4 \u2192 class 0
[2026-07-19 13:41:09,539] 39 root - INFO - [Attacker] Label flip: 16 samples class 4 \u2192 class 0
[2026-07-19 13:41:09,547] 39 root - INFO - [Attacker] Label flip: 10 samples class 4 \u2192 class 0
[2026-07-19 13:41:09,555] 39 root - INFO - [Attacker] Label flip: 12 samples class 4 \u2192 class 0
[2026-07-19 13:41:09,563] 39 root - INFO - [Attacker] Label flip: 12 samples class 4 \u2192 class 0
[2026-07-19 13:41:09,571] 39 root - INFO - [Attacker] Label flip: 9 samples class 4 \u2192 class 0
[2026-07-19 13:41:09,579] 39 root - INFO - [Attacker] Label flip: 15 samples class 4 \u2192 class 0
[2026-07-19 13:41:09,587] 39 root - INFO - [Attacker] Label flip: 8 samples class 4 \u2192 class 0
[2026-07-19 13:41:09,593] 39 root - INFO - [Attacker] Label flip: 10 samples class 4 \u2192 class 0
[2026-07-19 13:41:09,600] 39 root - INFO - [Attacker] Label flip: 13 samples class 4 \u2192 class 0
[2026-07-19 13:41:09,608] 39 root - INFO - [Attacker] Label flip: 6 samples class 4 \u2192 class 0
[2026-07-19 13:41:09,616] 39 root - INFO - [Attacker] Label flip: 11 samples class 4 \u2192 class 0
[2026-07-19 13:41:09,624] 39 root - INFO - [Attacker] Label flip: 14 samples class 4 \u2192 class 0
[2026-07-19 13:41:09,632] 39 root - INFO - [Attacker] Label flip: 14 samples class 4 \u2192 class 0
[2026-07-19 13:41:09,640] 39 root - INFO - [Attacker] Label flip: 12 samples class 4 \u2192 class 0
[2026-07-19 13:41:09,650] 39 root - INFO - [Attacker] Label flip: 9 samples class 4 \u2192 class 0
[2026-07-19 13:41:09,658] 39 root - INFO - [Attacker] Label flip: 12 samples class 4 \u2192 class 0
[2026-07-19 13:41:09,664] 39 root - INFO - [Attacker] Label flip: 7 samples class 4 \u2192 class 0
[2026-07-19 13:41:09,672] 39 root - INFO - [Attacker] Label flip: 14 samples class 4 \u2192 class 0
[2026-07-19 13:41:09,679] 39 root - INFO - [Attacker] Label flip: 14 samples class 4 \u2192 class 0
[2026-07-19 13:41:09,687] 39 root - INFO - [Attacker] Label flip: 12 samples class 4 \u2192 class 0
[2026-07-19 13:41:09,695] 39 root - INFO - [Attacker] Label flip: 16 samples class 4 \u2192 class 0
[2026-07-19 13:41:09,703] 39 root - INFO - [Attacker] Label flip: 16 samples class 4 \u2192 class 0
[2026-07-19 13:41:09,711] 39 root - INFO - [Attacker] Label flip: 6 samples class 4 \u2192 class 0
[2026-07-19 13:41:09,717] 39 root - INFO - [Attacker] Label flip: 18 samples class 4 \u2192 class 0
[2026-07-19 13:41:09,726] 39 root - INFO - [Attacker] Label flip: 13 samples class 4 \u2192 class 0
[2026-07-19 13:41:09,734] 39 root - INFO - [Attacker] Label flip: 10 samples class 4 \u2192 class 0
[2026-07-19 13:41:09,741] 39 root - INFO - [Attacker] Label flip: 14 samples class 4 \u2192 class 0
[2026-07-19 13:41:09,762] 39 root - INFO - [Attacker] Label flip: 12 samples class 4 \u2192 class 0
[2026-07-19 13:41:09,771] 39 root - INFO - [Attacker] Label flip: 10 samples class 4 \u2192 class 0
[2026-07-19 13:41:09,777] 39 root - INFO - [Attacker] Label flip: 14 samples class 4 \u2192 class 0
[2026-07-19 13:41:09,785] 39 root - INFO - [Attacker] Label flip: 11 samples class 4 \u2192 class 0
[2026-07-19 13:41:09,815] 39 root - INFO - [Attacker] Label flip: 8 samples class 4 \u2192 class 0
[2026-07-19 13:41:09,825] 39 root - INFO - [Attacker] Label flip: 16 samples class 4 \u2192 class 0
[2026-07-19 13:41:09,831] 39 root - INFO - [Attacker] Label flip: 9 samples class 4 \u2192 class 0
[2026-07-19 13:41:09,838] 39 root - INFO - [Attacker] Label flip: 12 samples class 4 \u2192 class 0
[2026-07-19 13:41:09,847] 39 root - INFO - [Attacker] Label flip: 8 samples class 4 \u2192 class 0
[2026-07-19 13:41:09,858] 39 root - INFO - [Attacker] Label flip: 13 samples class 4 \u2192 class 0
[2026-07-19 13:41:09,866] 39 root - INFO - [Attacker] Label flip: 11 samples class 4 \u2192 class 0
[2026-07-19 13:41:09,872] 39 root - INFO - [Attacker] Label flip: 16 samples class 4 \u2192 class 0
[2026-07-19 13:41:09,880] 39 root - INFO - [Attacker] Label flip: 11 samples class 4 \u2192 class 0
[2026-07-19 13:41:09,898] 39 root - INFO - [Attacker] Label flip: 12 samples class 4 \u2192 class 0
[2026-07-19 13:41:09,906] 39 root - INFO - [Attacker] Label flip: 9 samples class 4 \u2192 class 0
[2026-07-19 13:41:09,914] 39 root - INFO - [Attacker] Label flip: 11 samples class 4 \u2192 class 0
[2026-07-19 13:41:09,920] 39 root - INFO - [Attacker] Label flip: 12 samples class 4 \u2192 class 0
[2026-07-19 13:41:09,942] 39 root - INFO - [Attacker] Label flip: 13 samples class 4 \u2192 class 0
[2026-07-19 13:41:09,949] 39 root - INFO - [Attacker] Label flip: 11 samples class 4 \u2192 class 0
[2026-07-19 13:41:09,957] 39 root - INFO - [Attacker] Label flip: 9 samples class 4 \u2192 class 0
[2026-07-19 13:41:09,965] 39 root - INFO - [Attacker] Label flip: 8 samples class 4 \u2192 class 0
[2026-07-19 13:41:09,975] 39 root - INFO - [Attacker] Label flip: 10 samples class 4 \u2192 class 0
[2026-07-19 13:41:09,981] 39 root - INFO - [Attacker] Label flip: 10 samples class 4 \u2192 class 0
[2026-07-19 13:41:09,989] 39 root - INFO - [Attacker] Label flip: 8 samples class 4 \u2192 class 0
[2026-07-19 13:41:09,998] 39 root - INFO - [Attacker] Label flip: 13 samples class 4 \u2192 class 0
[2026-07-19 13:41:10,004] 39 root - INFO - [Attacker] Label flip: 20 samples class 4 \u2192 class 0
[2026-07-19 13:41:10,015] 39 root - INFO - [Attacker] Label flip: 15 samples class 4 \u2192 class 0
[2026-07-19 13:41:10,023] 39 root - INFO - [Attacker] Label flip: 9 samples class 4 \u2192 class 0
[2026-07-19 13:41:10,031] 39 root - INFO - [Attacker] Label flip: 18 samples class 4 \u2192 class 0
[2026-07-19 13:41:10,038] 39 root - INFO - [Attacker] Label flip: 17 samples class 4 \u2192 class 0
[2026-07-19 13:41:10,046] 39 root - INFO - [Attacker] Label flip: 18 samples class 4 \u2192 class 0
[2026-07-19 13:41:10,052] 39 root - INFO - [Attacker] Label flip: 17 samples class 4 \u2192 class 0
[2026-07-19 13:41:10,060] 39 root - INFO - [Attacker] Label flip: 13 samples class 4 \u2192 class 0
[2026-07-19 13:41:10,068] 39 root - INFO - [Attacker] Label flip: 16 samples class 4 \u2192 class 0
[2026-07-19 13:41:10,076] 39 root - INFO - [Attacker] Label flip: 11 samples class 4 \u2192 class 0
[2026-07-19 13:41:10,084] 39 root - INFO - [Attacker] Label flip: 12 samples class 4 \u2192 class 0
[2026-07-19 13:41:10,092] 39 root - INFO - [Attacker] Label flip: 9 samples class 4 \u2192 class 0
[2026-07-19 13:41:10,098] 39 root - INFO - [Attacker] Label flip: 8 samples class 4 \u2192 class 0
[2026-07-19 13:41:10,110] 39 root - INFO - [Attacker] Label flip: 14 samples class 4 \u2192 class 0
[2026-07-19 13:41:10,117] 39 root - INFO - [Attacker] Label flip: 15 samples class 4 \u2192 class 0
[2026-07-19 13:41:10,125] 39 root - INFO - [Attacker] Label flip: 16 samples class 4 \u2192 class 0
[2026-07-19 13:41:10,133] 39 root - INFO - [Attacker] Label flip: 15 samples class 4 \u2192 class 0
[2026-07-19 13:41:10,139] 39 root - INFO - [Attacker] Label flip: 10 samples class 4 \u2192 class 0
[2026-07-19 13:41:10,147] 39 root - INFO - [Attacker] Label flip: 7 samples class 4 \u2192 class 0
[2026-07-19 13:41:10,155] 39 root - INFO - [Attacker] Label flip: 7 samples class 4 \u2192 class 0
[2026-07-19 13:41:10,163] 39 root - INFO - [Attacker] Label flip: 8 samples class 4 \u2192 class 0
[2026-07-19 13:41:10,171] 39 root - INFO - [Attacker] Label flip: 10 samples class 4 \u2192 class 0
[2026-07-19 13:41:10,179] 39 root - INFO - [Attacker] Label flip: 18 samples class 4 \u2192 class 0
[2026-07-19 13:41:10,187] 39 root - INFO - [Attacker] Label flip: 9 samples class 4 \u2192 class 0
[2026-07-19 13:41:10,195] 39 root - INFO - [Attacker] Label flip: 13 samples class 4 \u2192 class 0
[2026-07-19 13:41:10,202] 39 root - INFO - [Attacker] Label flip: 14 samples class 4 \u2192 class 0
[2026-07-19 13:41:10,210] 39 root - INFO - [Attacker] Label flip: 11 samples class 4 \u2192 class 0
[2026-07-19 13:41:10,218] 39 root - INFO - [Attacker] Label flip: 10 samples class 4 \u2192 class 0
[2026-07-19 13:41:10,226] 39 root - INFO - [Attacker] Label flip: 12 samples class 4 \u2192 class 0
[2026-07-19 13:41:10,234] 39 root - INFO - [Attacker] Label flip: 13 samples class 4 \u2192 class 0
[2026-07-19 13:41:10,242] 39 root - INFO - [Attacker] Label flip: 14 samples class 4 \u2192 class 0
[2026-07-19 13:41:10,251] 39 root - INFO - [Attacker] Label flip: 12 samples class 4 \u2192 class 0
[2026-07-19 13:41:10,260] 39 root - INFO - [Attacker] Label flip: 7 samples class 4 \u2192 class 0
[2026-07-19 13:41:10,268] 39 root - INFO - [Attacker] Label flip: 8 samples class 4 \u2192 class 0
[2026-07-19 13:41:10,275] 39 root - INFO - [Attacker] Label flip: 16 samples class 4 \u2192 class 0
[2026-07-19 13:41:10,283] 39 root - INFO - [Attacker] Label flip: 13 samples class 4 \u2192 class 0
[2026-07-19 13:41:10,290] 39 root - INFO - [Attacker] Label flip: 16 samples class 4 \u2192 class 0
[2026-07-19 13:41:10,298] 39 root - INFO - [Attacker] Label flip: 13 samples class 4 \u2192 class 0
[2026-07-19 13:41:10,306] 39 root - INFO - [Attacker] Label flip: 14 samples class 4 \u2192 class 0
[2026-07-19 13:41:10,316] 39 root - INFO - [Attacker] Label flip: 13 samples class 4 \u2192 class 0
[2026-07-19 13:41:10,324] 39 root - INFO - [Attacker] Label flip: 15 samples class 4 \u2192 class 0
[2026-07-19 13:41:10,332] 39 root - INFO - [Attacker] Label flip: 12 samples class 4 \u2192 class 0
[2026-07-19 13:41:10,338] 39 root - INFO - [Attacker] Label flip: 10 samples class 4 \u2192 class 0
[2026-07-19 13:41:10,346] 39 root - INFO - [Attacker] Label flip: 12 samples class 4 \u2192 class 0
[2026-07-19 13:41:10,356] 39 root - INFO - [Attacker] Label flip: 13 samples class 4 \u2192 class 0
[2026-07-19 13:41:10,363] 39 root - INFO - [Attacker] Label flip: 11 samples class 4 \u2192 class 0
[2026-07-19 13:41:10,371] 39 root - INFO - [Attacker] Label flip: 9 samples class 4 \u2192 class 0
[2026-07-19 13:41:10,379] 39 root - INFO - [Attacker] Label flip: 14 samples class 4 \u2192 class 0
[2026-07-19 13:41:10,389] 39 root - INFO - [Attacker] Label flip: 14 samples class 4 \u2192 class 0
[2026-07-19 13:41:10,397] 39 root - INFO - [Attacker] Label flip: 13 samples class 4 \u2192 class 0
[2026-07-19 13:41:10,405] 39 root - INFO - [Attacker] Label flip: 15 samples class 4 \u2192 class 0
[2026-07-19 13:41:10,413] 39 root - INFO - [Attacker] Label flip: 13 samples class 4 \u2192 class 0
[2026-07-19 13:41:10,423] 39 root - INFO - [Attacker] Label flip: 11 samples class 4 \u2192 class 0
[2026-07-19 13:41:10,429] 39 root - INFO - [Attacker] Label flip: 8 samples class 4 \u2192 class 0
[2026-07-19 13:41:10,437] 39 root - INFO - [Attacker] Label flip: 10 samples class 4 \u2192 class 0
[2026-07-19 13:41:10,444] 39 root - INFO - [Attacker] Label flip: 14 samples class 4 \u2192 class 0
[2026-07-19 13:41:10,451] 39 root - INFO - [Attacker] Label flip: 10 samples class 4 \u2192 class 0
[2026-07-19 13:41:10,461] 39 root - INFO - [Attacker] Label flip: 9 samples class 4 \u2192 class 0
[2026-07-19 13:41:10,469] 39 root - INFO - [Attacker] Label flip: 15 samples class 4 \u2192 class 0
[2026-07-19 13:41:10,476] 39 root - INFO - [Attacker] Label flip: 19 samples class 4 \u2192 class 0
[2026-07-19 13:41:10,482] 39 root - INFO - [Attacker] Label flip: 18 samples class 4 \u2192 class 0
[2026-07-19 13:41:10,494] 39 root - INFO - [Attacker] Label flip: 12 samples class 4 \u2192 class 0
[2026-07-19 13:41:10,502] 39 root - INFO - [Attacker] Label flip: 13 samples class 4 \u2192 class 0
[2026-07-19 13:41:10,508] 39 root - INFO - [Attacker] Label flip: 13 samples class 4 \u2192 class 0
[2026-07-19 13:41:10,516] 39 root - INFO - [Attacker] Label flip: 14 samples class 4 \u2192 class 0
[2026-07-19 13:41:10,526] 39 root - INFO - [Attacker] Label flip: 16 samples class 4 \u2192 class 0
[2026-07-19 13:41:10,532] 39 root - INFO - [Attacker] Label flip: 13 samples class 4 \u2192 class 0
[2026-07-19 13:41:10,540] 39 root - INFO - [Attacker] Label flip: 15 samples class 4 \u2192 class 0
[2026-07-19 13:41:10,548] 39 root - INFO - [Attacker] Label flip: 10 samples class 4 \u2192 class 0
[2026-07-19 13:41:10,556] 39 root - INFO - [Attacker] Label flip: 15 samples class 4 \u2192 class 0
[2026-07-19 13:41:10,564] 39 root - INFO - [Attacker] Label flip: 16 samples class 4 \u2192 class 0
[2026-07-19 13:41:10,571] 39 root - INFO - [Attacker] Label flip: 10 samples class 4 \u2192 class 0
[2026-07-19 13:41:10,579] 39 root - INFO - [Attacker] Label flip: 13 samples class 4 \u2192 class 0
[2026-07-19 13:41:10,585] 39 root - INFO - [Attacker] Label flip: 17 samples class 4 \u2192 class 0
[2026-07-19 13:41:10,595] 39 root - INFO - [Attacker] Label flip: 9 samples class 4 \u2192 class 0
[2026-07-19 13:41:10,601] 39 root - INFO - [Attacker] Label flip: 14 samples class 4 \u2192 class 0
[2026-07-19 13:41:10,609] 39 root - INFO - [Attacker] Label flip: 18 samples class 4 \u2192 class 0
[2026-07-19 13:41:10,617] 39 root - INFO - [Attacker] Label flip: 10 samples class 4 \u2192 class 0
[2026-07-19 13:41:10,625] 39 root - INFO - [Attacker] Label flip: 14 samples class 4 \u2192 class 0
[2026-07-19 13:41:10,633] 39 root - INFO - [Attacker] Label flip: 16 samples class 4 \u2192 class 0
[2026-07-19 13:41:10,641] 39 root - INFO - [Attacker] Label flip: 18 samples class 4 \u2192 class 0
[2026-07-19 13:41:10,648] 39 root - INFO - [Attacker] Label flip: 9 samples class 4 \u2192 class 0
[2026-07-19 13:41:10,658] 39 root - INFO - [Attacker] Label flip: 19 samples class 4 \u2192 class 0
[2026-07-19 13:41:10,666] 39 root - INFO - [Attacker] Label flip: 17 samples class 4 \u2192 class 0
[2026-07-19 13:41:10,673] 39 root - INFO - [Attacker] Label flip: 15 samples class 4 \u2192 class 0
[2026-07-19 13:41:10,682] 39 root - INFO - [Attacker] Label flip: 11 samples class 4 \u2192 class 0
[2026-07-19 13:41:10,696] 39 root - INFO - [Attacker] Label flip: 8 samples class 4 \u2192 class 0
[2026-07-19 13:41:10,704] 39 root - INFO - [Attacker] Label flip: 17 samples class 4 \u2192 class 0
[2026-07-19 13:41:10,712] 39 root - INFO - [Attacker] Label flip: 9 samples class 4 \u2192 class 0
[2026-07-19 13:41:10,720] 39 root - INFO - [Attacker] Label flip: 19 samples class 4 \u2192 class 0
[2026-07-19 13:41:10,728] 39 root - INFO - [Attacker] Label flip: 20 samples class 4 \u2192 class 0
[2026-07-19 13:41:10,742] 39 root - INFO - [Attacker] Label flip: 15 samples class 4 \u2192 class 0
[2026-07-19 13:41:10,749] 39 root - INFO - [Attacker] Label flip: 13 samples class 4 \u2192 class 0
[2026-07-19 13:41:10,755] 39 root - INFO - [Attacker] Label flip: 10 samples class 4 \u2192 class 0
[2026-07-19 13:41:10,763] 39 root - INFO - [Attacker] Label flip: 14 samples class 4 \u2192 class 0
[2026-07-19 13:41:10,773] 39 root - INFO - [Attacker] Label flip: 18 samples class 4 \u2192 class 0
[2026-07-19 13:41:10,781] 39 root - INFO - [Attacker] Label flip: 14 samples class 4 \u2192 class 0
[2026-07-19 13:41:10,790] 39 root - INFO - [Attacker] Label flip: 18 samples class 4 \u2192 class 0
[2026-07-19 13:41:10,799] 39 root - INFO - [Attacker] Label flip: 11 samples class 4 \u2192 class 0
[2026-07-19 13:41:10,806] 39 root - INFO - [Attacker] Label flip: 9 samples class 4 \u2192 class 0
[2026-07-19 13:41:10,814] 39 root - INFO - [Attacker] Label flip: 9 samples class 4 \u2192 class 0
[2026-07-19 13:41:10,822] 39 root - INFO - [Attacker] Label flip: 16 samples class 4 \u2192 class 0
[2026-07-19 13:41:10,830] 39 root - INFO - [Attacker] Label flip: 8 samples class 4 \u2192 class 0
[2026-07-19 13:41:10,838] 39 root - INFO - [Attacker] Label flip: 16 samples class 4 \u2192 class 0
[2026-07-19 13:41:10,846] 39 root - INFO - [Attacker] Label flip: 10 samples class 4 \u2192 class 0
[2026-07-19 13:41:10,853] 39 root - INFO - [Attacker] Label flip: 15 samples class 4 \u2192 class 0
[2026-07-19 13:41:10,861] 39 root - INFO - [Attacker] Label flip: 12 samples class 4 \u2192 class 0
[2026-07-19 13:41:10,871] 39 root - INFO - [Attacker] Label flip: 10 samples class 4 \u2192 class 0
[2026-07-19 13:41:10,877] 39 root - INFO - [Attacker] Label flip: 14 samples class 4 \u2192 class 0
[2026-07-19 13:41:10,885] 39 root - INFO - [Attacker] Label flip: 14 samples class 4 \u2192 class 0
[2026-07-19 13:41:10,895] 39 root - INFO - [Attacker] Label flip: 12 samples class 4 \u2192 class 0
[2026-07-19 13:41:10,905] 39 root - INFO - [Attacker] Label flip: 5 samples class 4 \u2192 class 0
[2026-07-19 13:41:10,912] 39 root - INFO - [Attacker] Label flip: 16 samples class 4 \u2192 class 0
[2026-07-19 13:41:10,918] 39 root - INFO - [Attacker] Label flip: 16 samples class 4 \u2192 class 0
[2026-07-19 13:41:10,926] 39 root - INFO - [Attacker] Label flip: 13 samples class 4 \u2192 class 0
[2026-07-19 13:41:10,936] 39 root - INFO - [Attacker] Label flip: 17 samples class 4 \u2192 class 0
[2026-07-19 13:41:10,944] 39 root - INFO - [Attacker] Label flip: 17 samples class 4 \u2192 class 0
[2026-07-19 13:41:10,952] 39 root - INFO - [Attacker] Label flip: 11 samples class 4 \u2192 class 0
[2026-07-19 13:41:10,960] 39 root - INFO - [Attacker] Label flip: 12 samples class 4 \u2192 class 0
[2026-07-19 13:41:10,968] 39 root - INFO - [Attacker] Label flip: 10 samples class 4 \u2192 class 0
[2026-07-19 13:41:10,976] 39 root - INFO - [Attacker] Label flip: 11 samples class 4 \u2192 class 0
[2026-07-19 13:41:10,984] 39 root - INFO - [Attacker] Label flip: 11 samples class 4 \u2192 class 0
[2026-07-19 13:41:10,991] 39 root - INFO - [Attacker] Label flip: 7 samples class 4 \u2192 class 0
[2026-07-19 13:41:10,999] 39 root - INFO - [Attacker] Label flip: 9 samples class 4 \u2192 class 0
[2026-07-19 13:41:11,006] 39 root - INFO - [Attacker] Label flip: 11 samples class 4 \u2192 class 0
[2026-07-19 13:41:11,013] 39 root - INFO - [Attacker] Label flip: 14 samples class 4 \u2192 class 0
[2026-07-19 13:41:11,022] 39 root - INFO - [Attacker] Label flip: 15 samples class 4 \u2192 class 0
[2026-07-19 13:41:11,029] 39 root - INFO - [Attacker] Label flip: 10 samples class 4 \u2192 class 0
[2026-07-19 13:41:11,041] 39 root - INFO - [Attacker] Label flip: 14 samples class 4 \u2192 class 0
[2026-07-19 13:41:11,049] 39 root - INFO - [Attacker] Label flip: 13 samples class 4 \u2192 class 0
[2026-07-19 13:41:11,057] 39 root - INFO - [Attacker] Label flip: 13 samples class 4 \u2192 class 0
[2026-07-19 13:41:11,065] 39 root - INFO - [Attacker] Label flip: 13 samples class 4 \u2192 class 0
[2026-07-19 13:41:11,073] 39 root - INFO - [Attacker] Label flip: 15 samples class 4 \u2192 class 0
[2026-07-19 13:41:11,081] 39 root - INFO - [Attacker] Label flip: 8 samples class 4 \u2192 class 0
[2026-07-19 13:41:11,088] 39 root - INFO - [Attacker] Label flip: 8 samples class 4 \u2192 class 0
[2026-07-19 13:41:11,095] 39 root - INFO - [Attacker] Label flip: 10 samples class 4 \u2192 class 0
[2026-07-19 13:41:11,102] 39 root - INFO - [Attacker] Label flip: 6 samples class 4 \u2192 class 0
[2026-07-19 13:41:11,110] 39 root - INFO - [Attacker] Label flip: 12 samples class 4 \u2192 class 0
[2026-07-19 13:41:11,118] 39 root - INFO - [Attacker] Label flip: 12 samples class 4 \u2192 class 0
[2026-07-19 13:41:11,127] 39 root - INFO - [Attacker] Label flip: 17 samples class 4 \u2192 class 0
[2026-07-19 13:41:11,136] 39 root - INFO - [Attacker] Label flip: 17 samples class 4 \u2192 class 0
[2026-07-19 13:41:11,144] 39 root - INFO - [Attacker] Label flip: 9 samples class 4 \u2192 class 0
[2026-07-19 13:41:11,152] 39 root - INFO - [Attacker] Label flip: 11 samples class 4 \u2192 class 0
[2026-07-19 13:41:11,160] 39 root - INFO - [Attacker] Label flip: 15 samples class 4 \u2192 class 0
[2026-07-19 13:41:11,170] 39 root - INFO - [Attacker] Label flip: 11 samples class 4 \u2192 class 0
[2026-07-19 13:41:11,178] 39 root - INFO - [Attacker] Label flip: 16 samples class 4 \u2192 class 0
[2026-07-19 13:41:11,186] 39 root - INFO - [Attacker] Label flip: 17 samples class 4 \u2192 class 0
[2026-07-19 13:41:11,192] 39 root - INFO - [Attacker] Label flip: 12 samples class 4 \u2192 class 0
[2026-07-19 13:41:11,201] 39 root - INFO - [Attacker] Label flip: 10 samples class 4 \u2192 class 0
[2026-07-19 13:41:11,207] 39 root - INFO - [Attacker] Label flip: 18 samples class 4 \u2192 class 0
[2026-07-19 13:41:11,215] 39 root - INFO - [Attacker] Label flip: 12 samples class 4 \u2192 class 0
[2026-07-19 13:41:11,223] 39 root - INFO - [Attacker] Label flip: 17 samples class 4 \u2192 class 0
[2026-07-19 13:41:11,233] 39 root - INFO - [Attacker] Label flip: 16 samples class 4 \u2192 class 0
[2026-07-19 13:41:11,241] 39 root - INFO - [Attacker] Label flip: 17 samples class 4 \u2192 class 0
[2026-07-19 13:41:11,249] 39 root - INFO - [Attacker] Label flip: 15 samples class 4 \u2192 class 0
[2026-07-19 13:41:11,257] 39 root - INFO - [Attacker] Label flip: 12 samples class 4 \u2192 class 0
[2026-07-19 13:41:11,265] 39 root - INFO - [Attacker] Label flip: 11 samples class 4 \u2192 class 0
[2026-07-19 13:41:11,273] 39 root - INFO - [Attacker] Label flip: 19 samples class 4 \u2192 class 0
[2026-07-19 13:41:11,280] 39 root - INFO - [Attacker] Label flip: 12 samples class 4 \u2192 class 0
[2026-07-19 13:41:11,288] 39 root - INFO - [Attacker] Label flip: 17 samples class 4 \u2192 class 0
[2026-07-19 13:41:11,296] 39 root - INFO - [Attacker] Label flip: 10 samples class 4 \u2192 class 0
[2026-07-19 13:41:11,304] 39 root - INFO - [Attacker] Label flip: 16 samples class 4 \u2192 class 0
[2026-07-19 13:41:11,312] 39 root - INFO - [Attacker] Label flip: 13 samples class 4 \u2192 class 0
[2026-07-19 13:41:11,320] 39 root - INFO - [Attacker] Label flip: 9 samples class 4 \u2192 class 0
[2026-07-19 13:41:11,328] 39 root - INFO - [Attacker] Label flip: 16 samples class 4 \u2192 class 0
[2026-07-19 13:41:11,338] 39 root - INFO - [Attacker] Label flip: 13 samples class 4 \u2192 class 0
[2026-07-19 13:41:11,345] 39 root - INFO - [Attacker] Label flip: 18 samples class 4 \u2192 class 0
[2026-07-19 13:41:11,353] 39 root - INFO - [Attacker] Label flip: 11 samples class 4 \u2192 class 0
[2026-07-19 13:41:11,360] 39 root - INFO - [Attacker] Label flip: 13 samples class 4 \u2192 class 0
[2026-07-19 13:41:11,370] 39 root - INFO - [Attacker] Label flip: 13 samples class 4 \u2192 class 0
[2026-07-19 13:41:11,378] 39 root - INFO - [Attacker] Label flip: 11 samples class 4 \u2192 class 0
[2026-07-19 13:41:11,386] 39 root - INFO - [Attacker] Label flip: 12 samples class 4 \u2192 class 0
[2026-07-19 13:41:11,394] 39 root - INFO - [Attacker] Label flip: 16 samples class 4 \u2192 class 0
[2026-07-19 13:41:11,410] 39 root - INFO - [Attacker] Label flip: 11 samples class 4 \u2192 class 0
[2026-07-19 13:41:11,418] 39 root - INFO - [Attacker] Label flip: 9 samples class 4 \u2192 class 0
[2026-07-19 13:41:11,425] 39 root - INFO - [Attacker] Label flip: 17 samples class 4 \u2192 class 0
[2026-07-19 13:41:11,434] 39 root - INFO - [Attacker] Label flip: 18 samples class 4 \u2192 class 0
[2026-07-19 13:41:11,443] 39 root - INFO - [Attacker] Label flip: 8 samples class 4 \u2192 class 0
[2026-07-19 13:41:11,453] 39 root - INFO - [Attacker] Label flip: 12 samples class 4 \u2192 class 0
[2026-07-19 13:41:11,459] 39 root - INFO - [Attacker] Label flip: 8 samples class 4 \u2192 class 0
[2026-07-19 13:41:11,467] 39 root - INFO - [Attacker] Label flip: 14 samples class 4 \u2192 class 0
[2026-07-19 13:41:11,483] 39 root - INFO - [Attacker] Label flip: 19 samples class 4 \u2192 class 0
[2026-07-19 13:41:11,491] 39 root - INFO - [Attacker] Label flip: 10 samples class 4 \u2192 class 0
[2026-07-19 13:41:11,499] 39 root - INFO - [Attacker] Label flip: 15 samples class 4 \u2192 class 0
[2026-07-19 13:41:11,507] 39 root - INFO - [Attacker] Label flip: 10 samples class 4 \u2192 class 0
[2026-07-19 13:41:11,515] 39 root - INFO - [Attacker] Label flip: 8 samples class 4 \u2192 class 0
[2026-07-19 13:41:11,523] 39 root - INFO - [Attacker] Label flip: 12 samples class 4 \u2192 class 0
[2026-07-19 13:41:11,530] 39 root - INFO - [Attacker] Label flip: 12 samples class 4 \u2192 class 0
[2026-07-19 13:41:11,538] 39 root - INFO - [Attacker] Label flip: 17 samples class 4 \u2192 class 0
[2026-07-19 13:41:11,546] 39 root - INFO - [Attacker] Label flip: 10 samples class 4 \u2192 class 0
[2026-07-19 13:41:11,556] 39 root - INFO - [Attacker] Label flip: 19 samples class 4 \u2192 class 0
[2026-07-19 13:41:11,564] 39 root - INFO - [Attacker] Label flip: 14 samples class 4 \u2192 class 0
[2026-07-19 13:41:11,570] 39 root - INFO - [Attacker] Label flip: 10 samples class 4 \u2192 class 0
[2026-07-19 13:41:11,578] 39 root - INFO - [Attacker] Label flip: 20 samples class 4 \u2192 class 0
[2026-07-19 13:41:11,588] 39 root - INFO - [Attacker] Label flip: 13 samples class 4 \u2192 class 0
[2026-07-19 13:41:11,596] 39 root - INFO - [Attacker] Label flip: 15 samples class 4 \u2192 class 0
[2026-07-19 13:41:11,604] 39 root - INFO - [Attacker] Label flip: 7 samples class 4 \u2192 class 0
[2026-07-19 13:41:11,612] 39 root - INFO - [Attacker] Label flip: 14 samples class 4 \u2192 class 0
[2026-07-19 13:41:11,620] 39 root - INFO - [Attacker] Label flip: 10 samples class 4 \u2192 class 0
[2026-07-19 13:41:11,627] 39 root - INFO - [Attacker] Label flip: 9 samples class 4 \u2192 class 0
[2026-07-19 13:41:11,636] 39 root - INFO - [Attacker] Label flip: 12 samples class 4 \u2192 class 0
[2026-07-19 13:41:11,643] 39 root - INFO - [Attacker] Label flip: 10 samples class 4 \u2192 class 0
[2026-07-19 13:41:11,651] 39 root - INFO - [Attacker] Label flip: 14 samples class 4 \u2192 class 0
[2026-07-19 13:41:11,659] 39 root - INFO - [Attacker] Label flip: 15 samples class 4 \u2192 class 0
[2026-07-19 13:41:11,667] 39 root - INFO - [Attacker] Label flip: 9 samples class 4 \u2192 class 0
[2026-07-19 13:41:11,675] 39 root - INFO - [Attacker] Label flip: 16 samples class 4 \u2192 class 0
[2026-07-19 13:41:11,685] 39 root - INFO - [Attacker] Label flip: 15 samples class 4 \u2192 class 0
[2026-07-19 13:41:11,693] 39 root - INFO - [Attacker] Label flip: 13 samples class 4 \u2192 class 0
[2026-07-19 13:41:11,699] 39 root - INFO - [Attacker] Label flip: 11 samples class 4 \u2192 class 0
[2026-07-19 13:41:11,709] 39 root - INFO - [Attacker] Label flip: 13 samples class 4 \u2192 class 0
[2026-07-19 13:41:11,717] 39 root - INFO - [Attacker] Label flip: 8 samples class 4 \u2192 class 0
[2026-07-19 13:41:11,724] 39 root - INFO - [Attacker] Label flip: 14 samples class 4 \u2192 class 0
[2026-07-19 13:41:11,732] 39 root - INFO - [Attacker] Label flip: 18 samples class 4 \u2192 class 0
[2026-07-19 13:41:11,740] 39 root - INFO - [Attacker] Label flip: 11 samples class 4 \u2192 class 0
[2026-07-19 13:41:11,750] 39 root - INFO - [Attacker] Label flip: 11 samples class 4 \u2192 class 0
[2026-07-19 13:41:11,758] 39 root - INFO - [Attacker] Label flip: 12 samples class 4 \u2192 class 0
[2026-07-19 13:41:11,766] 39 root - INFO - [Attacker] Label flip: 9 samples class 4 \u2192 class 0
[2026-07-19 13:41:11,772] 39 root - INFO - [Attacker] Label flip: 17 samples class 4 \u2192 class 0
[2026-07-19 13:41:11,780] 39 root - INFO - [Attacker] Label flip: 9 samples class 4 \u2192 class 0
[2026-07-19 13:41:11,787] 39 root - INFO - [Attacker] Label flip: 16 samples class 4 \u2192 class 0
[2026-07-19 13:41:11,795] 39 root - INFO - [Attacker] Label flip: 13 samples class 4 \u2192 class 0
[2026-07-19 13:41:11,803] 39 root - INFO - [Attacker] Label flip: 12 samples class 4 \u2192 class 0
[2026-07-19 13:41:11,811] 39 root - INFO - [Attacker] Label flip: 12 samples class 4 \u2192 class 0
[2026-07-19 13:41:11,819] 39 root - INFO - [Attacker] Label flip: 11 samples class 4 \u2192 class 0
[2026-07-19 13:41:11,825] 39 root - INFO - [Attacker] Label flip: 16 samples class 4 \u2192 class 0
[2026-07-19 13:41:11,833] 39 root - INFO - [Attacker] Label flip: 11 samples class 4 \u2192 class 0
[2026-07-19 13:41:11,841] 39 root - INFO - [Attacker] Label flip: 14 samples class 4 \u2192 class 0
[2026-07-19 13:41:11,849] 39 root - INFO - [Attacker] Label flip: 11 samples class 4 \u2192 class 0
[2026-07-19 13:41:11,858] 39 root - INFO - [Attacker] Label flip: 9 samples class 4 \u2192 class 0
[2026-07-19 13:41:11,864] 39 root - INFO - [Attacker] Label flip: 11 samples class 4 \u2192 class 0
[2026-07-19 13:41:11,873] 39 root - INFO - [Attacker] Label flip: 10 samples class 4 \u2192 class 0
[2026-07-19 13:41:11,881] 39 root - INFO - [Attacker] Label flip: 10 samples class 4 \u2192 class 0
[2026-07-19 13:41:11,889] 39 root - INFO - [Attacker] Label flip: 9 samples class 4 \u2192 class 0
[2026-07-19 13:41:11,897] 39 root - INFO - [Attacker] Label flip: 15 samples class 4 \u2192 class 0
[2026-07-19 13:41:11,905] 39 root - INFO - [Attacker] Label flip: 13 samples class 4 \u2192 class 0
[2026-07-19 13:41:11,915] 39 root - INFO - [Attacker] Label flip: 10 samples class 4 \u2192 class 0
[2026-07-19 13:41:11,921] 39 root - INFO - [Attacker] Label flip: 19 samples class 4 \u2192 class 0
[2026-07-19 13:41:11,929] 39 root - INFO - [Attacker] Label flip: 10 samples class 4 \u2192 class 0
[2026-07-19 13:41:11,936] 39 root - INFO - [Attacker] Label flip: 21 samples class 4 \u2192 class 0
[2026-07-19 13:41:11,944] 39 root - INFO - [Attacker] Label flip: 10 samples class 4 \u2192 class 0
[2026-07-19 13:41:11,952] 39 root - INFO - [Attacker] Label flip: 21 samples class 4 \u2192 class 0
[2026-07-19 13:41:11,960] 39 root - INFO - [Attacker] Label flip: 13 samples class 4 \u2192 class 0
[2026-07-19 13:41:11,968] 39 root - INFO - [Attacker] Label flip: 12 samples class 4 \u2192 class 0
[2026-07-19 13:41:11,976] 39 root - INFO - [Attacker] Label flip: 9 samples class 4 \u2192 class 0
[2026-07-19 13:41:12,000] 39 root - INFO - [Attacker] Label flip: 8 samples class 4 \u2192 class 0
[2026-07-19 13:41:12,006] 39 root - INFO - [Attacker] Label flip: 14 samples class 4 \u2192 class 0
[2026-07-19 13:41:12,014] 39 root - INFO - [Attacker] Label flip: 11 samples class 4 \u2192 class 0
[2026-07-19 13:41:12,022] 39 root - INFO - [Attacker] Label flip: 10 samples class 4 \u2192 class 0
[2026-07-19 13:41:12,036] 39 root - INFO - [Attacker] Label flip: 9 samples class 4 \u2192 class 0
[2026-07-19 13:41:12,044] 39 root - INFO - [Attacker] Label flip: 14 samples class 4 \u2192 class 0
[2026-07-19 13:41:12,051] 39 root - INFO - [Attacker] Label flip: 13 samples class 4 \u2192 class 0
[2026-07-19 13:41:12,059] 39 root - INFO - [Attacker] Label flip: 18 samples class 4 \u2192 class 0
[2026-07-19 13:41:12,069] 39 root - INFO - [Attacker] Label flip: 19 samples class 4 \u2192 class 0
[2026-07-19 13:41:12,077] 39 root - INFO - [Attacker] Label flip: 8 samples class 4 \u2192 class 0
[2026-07-19 13:41:12,085] 39 root - INFO - [Attacker] Label flip: 5 samples class 4 \u2192 class 0
[2026-07-19 13:41:12,093] 39 root - INFO - [Attacker] Label flip: 12 samples class 4 \u2192 class 0
[2026-07-19 13:41:12,101] 39 root - INFO - [Attacker] Label flip: 14 samples class 4 \u2192 class 0
[2026-07-19 13:41:12,109] 39 root - INFO - [Attacker] Label flip: 11 samples class 4 \u2192 class 0
[2026-07-19 13:41:12,117] 39 root - INFO - [Attacker] Label flip: 7 samples class 4 \u2192 class 0
[2026-07-19 13:41:12,125] 39 root - INFO - [Attacker] Label flip: 11 samples class 4 \u2192 class 0
[2026-07-19 13:41:12,136] 39 root - INFO - [Attacker] Label flip: 10 samples class 4 \u2192 class 0
[2026-07-19 13:41:12,144] 39 root - INFO - [Attacker] Label flip: 6 samples class 4 \u2192 class 0
[2026-07-19 13:41:12,152] 39 root - INFO - [Attacker] Label flip: 10 samples class 4 \u2192 class 0
[2026-07-19 13:41:12,160] 39 root - INFO - [Attacker] Label flip: 19 samples class 4 \u2192 class 0
[2026-07-19 13:41:12,168] 39 root - INFO - [Attacker] Label flip: 11 samples class 4 \u2192 class 0
[2026-07-19 13:41:12,175] 39 root - INFO - [Attacker] Label flip: 21 samples class 4 \u2192 class 0
[2026-07-19 13:41:12,184] 39 root - INFO - [Attacker] Label flip: 12 samples class 4 \u2192 class 0
[2026-07-19 13:41:12,191] 39 root - INFO - [Attacker] Label flip: 10 samples class 4 \u2192 class 0
[2026-07-19 13:41:12,197] 39 root - INFO - [Attacker] Label flip: 13 samples class 4 \u2192 class 0
[2026-07-19 13:41:12,209] 39 root - INFO - [Attacker] Label flip: 9 samples class 4 \u2192 class 0
[2026-07-19 13:41:12,215] 39 root - INFO - [Attacker] Label flip: 11 samples class 4 \u2192 class 0
[2026-07-19 13:41:12,223] 39 root - INFO - [Attacker] Label flip: 15 samples class 4 \u2192 class 0
[2026-07-19 13:41:12,231] 39 root - INFO - [Attacker] Label flip: 9 samples class 4 \u2192 class 0
[2026-07-19 13:41:12,240] 39 root - INFO - [Attacker] Label flip: 17 samples class 4 \u2192 class 0
[2026-07-19 13:41:12,248] 39 root - INFO - [Attacker] Label flip: 14 samples class 4 \u2192 class 0
[2026-07-19 13:41:12,256] 39 root - INFO - [Attacker] Label flip: 9 samples class 4 \u2192 class 0
[2026-07-19 13:41:12,264] 39 root - INFO - [Attacker] Label flip: 5 samples class 4 \u2192 class 0
[2026-07-19 13:41:12,272] 39 root - INFO - [Attacker] Label flip: 15 samples class 4 \u2192 class 0
[2026-07-19 13:41:12,280] 39 root - INFO - [Attacker] Label flip: 18 samples class 4 \u2192 class 0
[2026-07-19 13:41:12,288] 39 root - INFO - [Attacker] Label flip: 16 samples class 4 \u2192 class 0
[2026-07-19 13:41:12,296] 39 root - INFO - [Attacker] Label flip: 11 samples class 4 \u2192 class 0
[2026-07-19 13:41:12,304] 39 root - INFO - [Attacker] Label flip: 14 samples class 4 \u2192 class 0
[2026-07-19 13:41:12,312] 39 root - INFO - [Attacker] Label flip: 14 samples class 4 \u2192 class 0
[2026-07-19 13:41:12,319] 39 root - INFO - [Attacker] Label flip: 9 samples class 4 \u2192 class 0
[2026-07-19 13:41:12,327] 39 root - INFO - [Attacker] Label flip: 12 samples class 4 \u2192 class 0
[2026-07-19 13:41:12,335] 39 root - INFO - [Attacker] Label flip: 11 samples class 4 \u2192 class 0
[2026-07-19 13:41:12,343] 39 root - INFO - [Attacker] Label flip: 10 samples class 4 \u2192 class 0
[2026-07-19 13:41:12,352] 39 root - INFO - [Attacker] Label flip: 15 samples class 4 \u2192 class 0
[2026-07-19 13:41:12,358] 39 root - INFO - [Attacker] Label flip: 15 samples class 4 \u2192 class 0
[2026-07-19 13:41:12,369] 39 root - INFO - [Attacker] Label flip: 13 samples class 4 \u2192 class 0
[2026-07-19 13:41:12,377] 39 root - INFO - [Attacker] Label flip: 8 samples class 4 \u2192 class 0
[2026-07-19 13:41:12,385] 39 root - INFO - [Attacker] Label flip: 20 samples class 4 \u2192 class 0
[2026-07-19 13:41:12,392] 39 root - INFO - [Attacker] Label flip: 10 samples class 4 \u2192 class 0
[2026-07-19 13:41:12,400] 39 root - INFO - [Attacker] Label flip: 17 samples class 4 \u2192 class 0
[2026-07-19 13:41:12,408] 39 root - INFO - [Attacker] Label flip: 17 samples class 4 \u2192 class 0
[2026-07-19 13:41:12,416] 39 root - INFO - [Attacker] Label flip: 14 samples class 4 \u2192 class 0
[2026-07-19 13:41:12,424] 39 root - INFO - [Attacker] Label flip: 8 samples class 4 \u2192 class 0
[2026-07-19 13:41:12,432] 39 root - INFO - [Attacker] Label flip: 14 samples class 4 \u2192 class 0
[2026-07-19 13:41:12,440] 39 root - INFO - [Attacker] Label flip: 16 samples class 4 \u2192 class 0
[2026-07-19 13:41:12,448] 39 root - INFO - [Attacker] Label flip: 19 samples class 4 \u2192 class 0
[2026-07-19 13:41:12,454] 39 root - INFO - [Attacker] Label flip: 14 samples class 4 \u2192 class 0
[2026-07-19 13:41:12,462] 39 root - INFO - [Attacker] Label flip: 12 samples class 4 \u2192 class 0
[2026-07-19 13:41:12,470] 39 root - INFO - [Attacker] Label flip: 13 samples class 4 \u2192 class 0
[2026-07-19 13:41:12,477] 39 root - INFO - [Attacker] Label flip: 16 samples class 4 \u2192 class 0
[2026-07-19 13:41:12,485] 39 root - INFO - [Attacker] Label flip: 6 samples class 4 \u2192 class 0
[2026-07-19 13:41:12,493] 39 root - INFO - [Attacker] Label flip: 11 samples class 4 \u2192 class 0
[2026-07-19 13:41:12,503] 39 root - INFO - [Attacker] Label flip: 11 samples class 4 \u2192 class 0
[2026-07-19 13:41:12,511] 39 root - INFO - [Attacker] Label flip: 11 samples class 4 \u2192 class 0
[2026-07-19 13:41:12,519] 39 root - INFO - [Attacker] Label flip: 11 samples class 4 \u2192 class 0
[2026-07-19 13:41:12,527] 39 root - INFO - [Attacker] Label flip: 11 samples class 4 \u2192 class 0
[2026-07-19 13:41:12,537] 39 root - INFO - [Attacker] Label flip: 12 samples class 4 \u2192 class 0
[2026-07-19 13:41:12,545] 39 root - INFO - [Attacker] Label flip: 10 samples class 4 \u2192 class 0
[2026-07-19 13:41:12,552] 39 root - INFO - [Attacker] Label flip: 15 samples class 4 \u2192 class 0
[2026-07-19 13:41:12,560] 39 root - INFO - [Attacker] Label flip: 15 samples class 4 \u2192 class 0
[2026-07-19 13:41:12,568] 39 root - INFO - [Attacker] Label flip: 21 samples class 4 \u2192 class 0
[2026-07-19 13:41:12,576] 39 root - INFO - [Attacker] Label flip: 12 samples class 4 \u2192 class 0
[2026-07-19 13:41:12,584] 39 root - INFO - [Attacker] Label flip: 15 samples class 4 \u2192 class 0
[2026-07-19 13:41:12,592] 39 root - INFO - [Attacker] Label flip: 14 samples class 4 \u2192 class 0
[2026-07-19 13:41:12,602] 39 root - INFO - [Attacker] Label flip: 10 samples class 4 \u2192 class 0
[2026-07-19 13:41:12,610] 39 root - INFO - [Attacker] Label flip: 12 samples class 4 \u2192 class 0
[2026-07-19 13:41:12,618] 39 root - INFO - [Attacker] Label flip: 14 samples class 4 \u2192 class 0
[2026-07-19 13:41:12,626] 39 root - INFO - [Attacker] Label flip: 12 samples class 4 \u2192 class 0
[2026-07-19 13:41:12,634] 39 root - INFO - [Attacker] Label flip: 10 samples class 4 \u2192 class 0
[2026-07-19 13:41:12,642] 39 root - INFO - [Attacker] Label flip: 19 samples class 4 \u2192 class 0
[2026-07-19 13:41:12,650] 39 root - INFO - [Attacker] Label flip: 13 samples class 4 \u2192 class 0
[2026-07-19 13:41:12,658] 39 root - INFO - [Attacker] Label flip: 17 samples class 4 \u2192 class 0
[2026-07-19 13:41:12,665] 39 root - INFO - [Attacker] Label flip: 15 samples class 4 \u2192 class 0
[2026-07-19 13:41:12,673] 39 root - INFO - [Attacker] Label flip: 20 samples class 4 \u2192 class 0
[2026-07-19 13:41:12,681] 39 root - INFO - [Attacker] Label flip: 13 samples class 4 \u2192 class 0
[2026-07-19 13:41:12,687] 39 root - INFO - [Attacker] Label flip: 14 samples class 4 \u2192 class 0
[2026-07-19 13:41:12,697] 39 root - INFO - [Attacker] Label flip: 18 samples class 4 \u2192 class 0
[2026-07-19 13:41:12,705] 39 root - INFO - [Attacker] Label flip: 15 samples class 4 \u2192 class 0
[2026-07-19 13:41:12,713] 39 root - INFO - [Attacker] Label flip: 17 samples class 4 \u2192 class 0
[2026-07-19 13:41:12,721] 39 root - INFO - [Attacker] Label flip: 7 samples class 4 \u2192 class 0
[2026-07-19 13:41:12,729] 39 root - INFO - [Attacker] Label flip: 14 samples class 4 \u2192 class 0
[2026-07-19 13:41:12,737] 39 root - INFO - [Attacker] Label flip: 13 samples class 4 \u2192 class 0
[2026-07-19 13:41:12,744] 39 root - INFO - [Attacker] Label flip: 14 samples class 4 \u2192 class 0
[2026-07-19 13:41:12,752] 39 root - INFO - [Attacker] Label flip: 9 samples class 4 \u2192 class 0
[2026-07-19 13:41:12,760] 39 root - INFO - [Attacker] Label flip: 9 samples class 4 \u2192 class 0
[2026-07-19 13:41:12,770] 39 root - INFO - [Attacker] Label flip: 9 samples class 4 \u2192 class 0
[2026-07-19 13:41:12,778] 39 root - INFO - [Attacker] Label flip: 19 samples class 4 \u2192 class 0
[2026-07-19 13:41:12,800] 268 flwr - WARNING - DEPRECATED FEATURE: `client_fn` now expects a signature `def client_fn(context: Context)`.The provided `client_fn` has signature: {'cid': <Parameter "cid: str">}. You can import the `Context` like this: `from flwr.common import Context`

            This is a deprecated feature. It will be removed
            entirely in future versions of Flower.
        
[2026-07-19 13:41:24,602] 268 flwr - WARNING - DEPRECATED FEATURE: `client_fn` now expects a signature `def client_fn(context: Context)`.The provided `client_fn` has signature: {'cid': <Parameter "cid: str">}. You can import the `Context` like this: `from flwr.common import Context`

            This is a deprecated feature. It will be removed
            entirely in future versions of Flower.
        
[2026-07-19 13:41:28,915] 268 flwr - WARNING - DEPRECATED FEATURE: `client_fn` now expects a signature `def client_fn(context: Context)`.The provided `client_fn` has signature: {'cid': <Parameter "cid: str">}. You can import the `Context` like this: `from flwr.common import Context`

            This is a deprecated feature. It will be removed
            entirely in future versions of Flower.
        
[2026-07-19 13:41:30,038] 268 flwr - WARNING - DEPRECATED FEATURE: `client_fn` now expects a signature `def client_fn(context: Context)`.The provided `client_fn` has signature: {'cid': <Parameter "cid: str">}. You can import the `Context` like this: `from flwr.common import Context`

            This is a deprecated feature. It will be removed
            entirely in future versions of Flower.
        
[2026-07-19 13:41:31,693] 268 flwr - WARNING - DEPRECATED FEATURE: `client_fn` now expects a signature `def client_fn(context: Context)`.The provided `client_fn` has signature: {'cid': <Parameter "cid: str">}. You can import the `Context` like this: `from flwr.common import Context`

            This is a deprecated feature. It will be removed
            entirely in future versions of Flower.
        
[2026-07-19 13:41:32,477] 268 flwr - WARNING - DEPRECATED FEATURE: `client_fn` now expects a signature `def client_fn(context: Context)`.The provided `client_fn` has signature: {'cid': <Parameter "cid: str">}. You can import the `Context` like this: `from flwr.common import Context`

            This is a deprecated feature. It will be removed
            entirely in future versions of Flower.
        
[2026-07-19 13:41:33,957] 268 flwr - WARNING - DEPRECATED FEATURE: `client_fn` now expects a signature `def client_fn(context: Context)`.The provided `client_fn` has signature: {'cid': <Parameter "cid: str">}. You can import the `Context` like this: `from flwr.common import Context`

            This is a deprecated feature. It will be removed
            entirely in future versions of Flower.
        
[2026-07-19 13:41:34,341] 268 flwr - WARNING - DEPRECATED FEATURE: `client_fn` now expects a signature `def client_fn(context: Context)`.The provided `client_fn` has signature: {'cid': <Parameter "cid: str">}. You can import the `Context` like this: `from flwr.common import Context`

            This is a deprecated feature. It will be removed
            entirely in future versions of Flower.
        
[2026-07-19 13:41:35,336] 268 flwr - WARNING - DEPRECATED FEATURE: `client_fn` now expects a signature `def client_fn(context: Context)`.The provided `client_fn` has signature: {'cid': <Parameter "cid: str">}. You can import the `Context` like this: `from flwr.common import Context`

            This is a deprecated feature. It will be removed
            entirely in future versions of Flower.
        
[2026-07-19 13:43:13,416] 268 flwr - WARNING - DEPRECATED FEATURE: `client_fn` now expects a signature `def client_fn(context: Context)`.The provided `client_fn` has signature: {'cid': <Parameter "cid: str">}. You can import the `Context` like this: `from flwr.common import Context`

            This is a deprecated feature. It will be removed
            entirely in future versions of Flower.
        
[2026-07-19 13:43:13,418] 268 flwr - WARNING - DEPRECATED FEATURE: `client_fn` now expects a signature `def client_fn(context: Context)`.The provided `client_fn` has signature: {'cid': <Parameter "cid: str">}. You can import the `Context` like this: `from flwr.common import Context`

            This is a deprecated feature. It will be removed
            entirely in future versions of Flower.
        
[2026-07-19 13:43:13,428] 268 flwr - WARNING - DEPRECATED FEATURE: `client_fn` now expects a signature `def client_fn(context: Context)`.The provided `client_fn` has signature: {'cid': <Parameter "cid: str">}. You can import the `Context` like this: `from flwr.common import Context`

            This is a deprecated feature. It will be removed
            entirely in future versions of Flower.
        
[2026-07-19 13:43:13,431] 268 flwr - WARNING - DEPRECATED FEATURE: `client_fn` now expects a signature `def client_fn(context: Context)`.The provided `client_fn` has signature: {'cid': <Parameter "cid: str">}. You can import the `Context` like this: `from flwr.common import Context`

            This is a deprecated feature. It will be removed
            entirely in future versions of Flower.
        
[2026-07-19 13:43:13,527] 268 flwr - WARNING - DEPRECATED FEATURE: `client_fn` now expects a signature `def client_fn(context: Context)`.The provided `client_fn` has signature: {'cid': <Parameter "cid: str">}. You can import the `Context` like this: `from flwr.common import Context`

            This is a deprecated feature. It will be removed
            entirely in future versions of Flower.
        
[2026-07-19 13:43:13,663] 268 flwr - WARNING - DEPRECATED FEATURE: `client_fn` now expects a signature `def client_fn(context: Context)`.The provided `client_fn` has signature: {'cid': <Parameter "cid: str">}. You can import the `Context` like this: `from flwr.common import Context`

            This is a deprecated feature. It will be removed
            entirely in future versions of Flower.
        
[2026-07-19 13:43:13,684] 268 flwr - WARNING - DEPRECATED FEATURE: `client_fn` now expects a signature `def client_fn(context: Context)`.The provided `client_fn` has signature: {'cid': <Parameter "cid: str">}. You can import the `Context` like this: `from flwr.common import Context`

            This is a deprecated feature. It will be removed
            entirely in future versions of Flower.
        
[2026-07-19 13:43:13,839] 268 flwr - WARNING - DEPRECATED FEATURE: `client_fn` now expects a signature `def client_fn(context: Context)`.The provided `client_fn` has signature: {'cid': <Parameter "cid: str">}. You can import the `Context` like this: `from flwr.common import Context`

            This is a deprecated feature. It will be removed
            entirely in future versions of Flower.
        
[2026-07-19 13:43:14,127] 268 flwr - WARNING - DEPRECATED FEATURE: `client_fn` now expects a signature `def client_fn(context: Context)`.The provided `client_fn` has signature: {'cid': <Parameter "cid: str">}. You can import the `Context` like this: `from flwr.common import Context`

            This is a deprecated feature. It will be removed
            entirely in future versions of Flower.
        
[2026-07-19 13:43:14,874] 268 flwr - WARNING - DEPRECATED FEATURE: `client_fn` now expects a signature `def client_fn(context: Context)`.The provided `client_fn` has signature: {'cid': <Parameter "cid: str">}. You can import the `Context` like this: `from flwr.common import Context`

            This is a deprecated feature. It will be removed
            entirely in future versions of Flower.
        
[2026-07-19 13:43:15,003] 268 flwr - WARNING - DEPRECATED FEATURE: `client_fn` now expects a signature `def client_fn(context: Context)`.The provided `client_fn` has signature: {'cid': <Parameter "cid: str">}. You can import the `Context` like this: `from flwr.common import Context`

            This is a deprecated feature. It will be removed
            entirely in future versions of Flower.
        
[2026-07-19 13:43:17,796] 268 flwr - WARNING - DEPRECATED FEATURE: `client_fn` now expects a signature `def client_fn(context: Context)`.The provided `client_fn` has signature: {'cid': <Parameter "cid: str">}. You can import the `Context` like this: `from flwr.common import Context`

            This is a deprecated feature. It will be removed
            entirely in future versions of Flower.
        
[2026-07-19 13:43:17,798] 268 flwr - WARNING - DEPRECATED FEATURE: `client_fn` now expects a signature `def client_fn(context: Context)`.The provided `client_fn` has signature: {'cid': <Parameter "cid: str">}. You can import the `Context` like this: `from flwr.common import Context`

            This is a deprecated feature. It will be removed
            entirely in future versions of Flower.
        
[2026-07-19 13:43:17,814] 268 flwr - WARNING - DEPRECATED FEATURE: `client_fn` now expects a signature `def client_fn(context: Context)`.The provided `client_fn` has signature: {'cid': <Parameter "cid: str">}. You can import the `Context` like this: `from flwr.common import Context`

            This is a deprecated feature. It will be removed
            entirely in future versions of Flower.
        
[2026-07-19 13:43:17,817] 268 flwr - WARNING - DEPRECATED FEATURE: `client_fn` now expects a signature `def client_fn(context: Context)`.The provided `client_fn` has signature: {'cid': <Parameter "cid: str">}. You can import the `Context` like this: `from flwr.common import Context`

            This is a deprecated feature. It will be removed
            entirely in future versions of Flower.
        
[2026-07-19 13:43:18,660] 268 flwr - WARNING - DEPRECATED FEATURE: `client_fn` now expects a signature `def client_fn(context: Context)`.The provided `client_fn` has signature: {'cid': <Parameter "cid: str">}. You can import the `Context` like this: `from flwr.common import Context`

            This is a deprecated feature. It will be removed
            entirely in future versions of Flower.
        
[2026-07-19 13:43:26,039] 268 flwr - WARNING - DEPRECATED FEATURE: `client_fn` now expects a signature `def client_fn(context: Context)`.The provided `client_fn` has signature: {'cid': <Parameter "cid: str">}. You can import the `Context` like this: `from flwr.common import Context`

            This is a deprecated feature. It will be removed
            entirely in future versions of Flower.
        
[2026-07-19 13:43:26,660] 39 root - INFO - [Attacker] Label flip: 34 samples class 4 \u2192 class 0
[2026-07-19 13:43:26,670] 39 root - INFO - [Attacker] Label flip: 35 samples class 4 \u2192 class 0
[2026-07-19 13:43:26,678] 39 root - INFO - [Attacker] Label flip: 35 samples class 4 \u2192 class 0
[2026-07-19 13:43:26,686] 39 root - INFO - [Attacker] Label flip: 27 samples class 4 \u2192 class 0
[2026-07-19 13:43:26,696] 39 root - INFO - [Attacker] Label flip: 26 samples class 4 \u2192 class 0
[2026-07-19 13:43:26,704] 39 root - INFO - [Attacker] Label flip: 29 samples class 4 \u2192 class 0
[2026-07-19 13:43:26,712] 39 root - INFO - [Attacker] Label flip: 39 samples class 4 \u2192 class 0
[2026-07-19 13:43:26,720] 39 root - INFO - [Attacker] Label flip: 38 samples class 4 \u2192 class 0
[2026-07-19 13:43:26,726] 39 root - INFO - [Attacker] Label flip: 21 samples class 4 \u2192 class 0
[2026-07-19 13:43:26,734] 39 root - INFO - [Attacker] Label flip: 32 samples class 4 \u2192 class 0
[2026-07-19 13:43:26,742] 39 root - INFO - [Attacker] Label flip: 31 samples class 4 \u2192 class 0
[2026-07-19 13:43:26,748] 39 root - INFO - [Attacker] Label flip: 28 samples class 4 \u2192 class 0
[2026-07-19 13:43:26,756] 39 root - INFO - [Attacker] Label flip: 28 samples class 4 \u2192 class 0
[2026-07-19 13:43:26,764] 39 root - INFO - [Attacker] Label flip: 29 samples class 4 \u2192 class 0
[2026-07-19 13:43:26,772] 39 root - INFO - [Attacker] Label flip: 32 samples class 4 \u2192 class 0
[2026-07-19 13:43:26,780] 39 root - INFO - [Attacker] Label flip: 33 samples class 4 \u2192 class 0
[2026-07-19 13:43:26,788] 39 root - INFO - [Attacker] Label flip: 27 samples class 4 \u2192 class 0
[2026-07-19 13:43:26,799] 39 root - INFO - [Attacker] Label flip: 35 samples class 4 \u2192 class 0
[2026-07-19 13:43:26,807] 39 root - INFO - [Attacker] Label flip: 31 samples class 4 \u2192 class 0
[2026-07-19 13:43:26,813] 39 root - INFO - [Attacker] Label flip: 35 samples class 4 \u2192 class 0
[2026-07-19 13:43:26,820] 39 root - INFO - [Attacker] Label flip: 17 samples class 4 \u2192 class 0
[2026-07-19 13:43:26,828] 39 root - INFO - [Attacker] Label flip: 36 samples class 4 \u2192 class 0
[2026-07-19 13:43:26,836] 39 root - INFO - [Attacker] Label flip: 32 samples class 4 \u2192 class 0
[2026-07-19 13:43:26,844] 39 root - INFO - [Attacker] Label flip: 24 samples class 4 \u2192 class 0
[2026-07-19 13:43:26,852] 39 root - INFO - [Attacker] Label flip: 31 samples class 4 \u2192 class 0
[2026-07-19 13:43:26,865] 39 root - INFO - [Attacker] Label flip: 34 samples class 4 \u2192 class 0
[2026-07-19 13:43:26,873] 39 root - INFO - [Attacker] Label flip: 31 samples class 4 \u2192 class 0
[2026-07-19 13:43:26,881] 39 root - INFO - [Attacker] Label flip: 18 samples class 4 \u2192 class 0
[2026-07-19 13:43:26,888] 39 root - INFO - [Attacker] Label flip: 27 samples class 4 \u2192 class 0
[2026-07-19 13:43:26,896] 39 root - INFO - [Attacker] Label flip: 24 samples class 4 \u2192 class 0
[2026-07-19 13:43:26,930] 39 root - INFO - [Attacker] Label flip: 39 samples class 4 \u2192 class 0
[2026-07-19 13:43:26,939] 39 root - INFO - [Attacker] Label flip: 27 samples class 4 \u2192 class 0
[2026-07-19 13:43:26,945] 39 root - INFO - [Attacker] Label flip: 29 samples class 4 \u2192 class 0
[2026-07-19 13:43:26,952] 39 root - INFO - [Attacker] Label flip: 32 samples class 4 \u2192 class 0
[2026-07-19 13:43:26,964] 39 root - INFO - [Attacker] Label flip: 23 samples class 4 \u2192 class 0
[2026-07-19 13:43:26,971] 39 root - INFO - [Attacker] Label flip: 27 samples class 4 \u2192 class 0
[2026-07-19 13:43:26,979] 39 root - INFO - [Attacker] Label flip: 23 samples class 4 \u2192 class 0
[2026-07-19 13:43:26,985] 39 root - INFO - [Attacker] Label flip: 22 samples class 4 \u2192 class 0
[2026-07-19 13:43:26,999] 39 root - INFO - [Attacker] Label flip: 33 samples class 4 \u2192 class 0
[2026-07-19 13:43:27,007] 39 root - INFO - [Attacker] Label flip: 31 samples class 4 \u2192 class 0
[2026-07-19 13:43:27,015] 39 root - INFO - [Attacker] Label flip: 29 samples class 4 \u2192 class 0
[2026-07-19 13:43:27,022] 39 root - INFO - [Attacker] Label flip: 28 samples class 4 \u2192 class 0
[2026-07-19 13:43:27,030] 39 root - INFO - [Attacker] Label flip: 28 samples class 4 \u2192 class 0
[2026-07-19 13:43:27,038] 39 root - INFO - [Attacker] Label flip: 32 samples class 4 \u2192 class 0
[2026-07-19 13:43:27,044] 39 root - INFO - [Attacker] Label flip: 29 samples class 4 \u2192 class 0
[2026-07-19 13:43:27,052] 39 root - INFO - [Attacker] Label flip: 31 samples class 4 \u2192 class 0
[2026-07-19 13:43:27,060] 39 root - INFO - [Attacker] Label flip: 23 samples class 4 \u2192 class 0
[2026-07-19 13:43:27,093] 39 root - INFO - [Attacker] Label flip: 37 samples class 4 \u2192 class 0
[2026-07-19 13:43:27,101] 39 root - INFO - [Attacker] Label flip: 24 samples class 4 \u2192 class 0
[2026-07-19 13:43:27,107] 39 root - INFO - [Attacker] Label flip: 27 samples class 4 \u2192 class 0
[2026-07-19 13:43:27,115] 39 root - INFO - [Attacker] Label flip: 26 samples class 4 \u2192 class 0
[2026-07-19 13:43:27,123] 39 root - INFO - [Attacker] Label flip: 30 samples class 4 \u2192 class 0
[2026-07-19 13:43:27,131] 39 root - INFO - [Attacker] Label flip: 28 samples class 4 \u2192 class 0
[2026-07-19 13:43:27,139] 39 root - INFO - [Attacker] Label flip: 28 samples class 4 \u2192 class 0
[2026-07-19 13:43:27,147] 39 root - INFO - [Attacker] Label flip: 29 samples class 4 \u2192 class 0
[2026-07-19 13:43:27,157] 39 root - INFO - [Attacker] Label flip: 25 samples class 4 \u2192 class 0
[2026-07-19 13:43:27,164] 39 root - INFO - [Attacker] Label flip: 35 samples class 4 \u2192 class 0
[2026-07-19 13:43:27,172] 39 root - INFO - [Attacker] Label flip: 26 samples class 4 \u2192 class 0
[2026-07-19 13:43:27,180] 39 root - INFO - [Attacker] Label flip: 36 samples class 4 \u2192 class 0
[2026-07-19 13:43:27,186] 39 root - INFO - [Attacker] Label flip: 30 samples class 4 \u2192 class 0
[2026-07-19 13:43:27,194] 39 root - INFO - [Attacker] Label flip: 31 samples class 4 \u2192 class 0
[2026-07-19 13:43:27,203] 39 root - INFO - [Attacker] Label flip: 37 samples class 4 \u2192 class 0
[2026-07-19 13:43:27,210] 39 root - INFO - [Attacker] Label flip: 22 samples class 4 \u2192 class 0
[2026-07-19 13:43:27,218] 39 root - INFO - [Attacker] Label flip: 19 samples class 4 \u2192 class 0
[2026-07-19 13:43:27,226] 39 root - INFO - [Attacker] Label flip: 32 samples class 4 \u2192 class 0
[2026-07-19 13:43:27,232] 39 root - INFO - [Attacker] Label flip: 33 samples class 4 \u2192 class 0
[2026-07-19 13:43:27,240] 39 root - INFO - [Attacker] Label flip: 30 samples class 4 \u2192 class 0
[2026-07-19 13:43:27,248] 39 root - INFO - [Attacker] Label flip: 29 samples class 4 \u2192 class 0
[2026-07-19 13:43:27,256] 39 root - INFO - [Attacker] Label flip: 28 samples class 4 \u2192 class 0
[2026-07-19 13:43:27,263] 39 root - INFO - [Attacker] Label flip: 24 samples class 4 \u2192 class 0
[2026-07-19 13:43:27,271] 39 root - INFO - [Attacker] Label flip: 29 samples class 4 \u2192 class 0
[2026-07-19 13:43:27,279] 39 root - INFO - [Attacker] Label flip: 34 samples class 4 \u2192 class 0
[2026-07-19 13:43:27,289] 39 root - INFO - [Attacker] Label flip: 28 samples class 4 \u2192 class 0
[2026-07-19 13:43:27,297] 39 root - INFO - [Attacker] Label flip: 27 samples class 4 \u2192 class 0
[2026-07-19 13:43:27,305] 39 root - INFO - [Attacker] Label flip: 27 samples class 4 \u2192 class 0
[2026-07-19 13:43:27,313] 39 root - INFO - [Attacker] Label flip: 31 samples class 4 \u2192 class 0
[2026-07-19 13:43:27,323] 39 root - INFO - [Attacker] Label flip: 18 samples class 4 \u2192 class 0
[2026-07-19 13:43:27,331] 39 root - INFO - [Attacker] Label flip: 24 samples class 4 \u2192 class 0
[2026-07-19 13:43:27,339] 39 root - INFO - [Attacker] Label flip: 28 samples class 4 \u2192 class 0
[2026-07-19 13:43:27,347] 39 root - INFO - [Attacker] Label flip: 23 samples class 4 \u2192 class 0
[2026-07-19 13:43:27,357] 39 root - INFO - [Attacker] Label flip: 15 samples class 4 \u2192 class 0
[2026-07-19 13:43:27,365] 39 root - INFO - [Attacker] Label flip: 35 samples class 4 \u2192 class 0
[2026-07-19 13:43:27,370] 39 root - INFO - [Attacker] Label flip: 24 samples class 4 \u2192 class 0
[2026-07-19 13:43:27,378] 39 root - INFO - [Attacker] Label flip: 35 samples class 4 \u2192 class 0
[2026-07-19 13:43:27,386] 39 root - INFO - [Attacker] Label flip: 31 samples class 4 \u2192 class 0
[2026-07-19 13:43:27,394] 39 root - INFO - [Attacker] Label flip: 30 samples class 4 \u2192 class 0
[2026-07-19 13:43:27,402] 39 root - INFO - [Attacker] Label flip: 23 samples class 4 \u2192 class 0
[2026-07-19 13:43:27,408] 39 root - INFO - [Attacker] Label flip: 34 samples class 4 \u2192 class 0
[2026-07-19 13:43:27,416] 39 root - INFO - [Attacker] Label flip: 29 samples class 4 \u2192 class 0
[2026-07-19 13:43:27,426] 39 root - INFO - [Attacker] Label flip: 29 samples class 4 \u2192 class 0
[2026-07-19 13:43:27,434] 39 root - INFO - [Attacker] Label flip: 20 samples class 4 \u2192 class 0
[2026-07-19 13:43:27,442] 39 root - INFO - [Attacker] Label flip: 21 samples class 4 \u2192 class 0
[2026-07-19 13:43:27,450] 39 root - INFO - [Attacker] Label flip: 47 samples class 4 \u2192 class 0
[2026-07-19 13:43:27,458] 39 root - INFO - [Attacker] Label flip: 33 samples class 4 \u2192 class 0
[2026-07-19 13:43:27,465] 39 root - INFO - [Attacker] Label flip: 28 samples class 4 \u2192 class 0
[2026-07-19 13:43:27,474] 39 root - INFO - [Attacker] Label flip: 22 samples class 4 \u2192 class 0
[2026-07-19 13:43:27,479] 39 root - INFO - [Attacker] Label flip: 29 samples class 4 \u2192 class 0
[2026-07-19 13:43:27,489] 39 root - INFO - [Attacker] Label flip: 24 samples class 4 \u2192 class 0
[2026-07-19 13:43:27,497] 39 root - INFO - [Attacker] Label flip: 25 samples class 4 \u2192 class 0
[2026-07-19 13:43:27,503] 39 root - INFO - [Attacker] Label flip: 33 samples class 4 \u2192 class 0
[2026-07-19 13:43:27,511] 39 root - INFO - [Attacker] Label flip: 27 samples class 4 \u2192 class 0
[2026-07-19 13:43:27,519] 39 root - INFO - [Attacker] Label flip: 20 samples class 4 \u2192 class 0
[2026-07-19 13:43:27,527] 39 root - INFO - [Attacker] Label flip: 27 samples class 4 \u2192 class 0
[2026-07-19 13:43:27,535] 39 root - INFO - [Attacker] Label flip: 30 samples class 4 \u2192 class 0
[2026-07-19 13:43:27,542] 39 root - INFO - [Attacker] Label flip: 34 samples class 4 \u2192 class 0
[2026-07-19 13:43:27,550] 39 root - INFO - [Attacker] Label flip: 25 samples class 4 \u2192 class 0
[2026-07-19 13:43:27,560] 39 root - INFO - [Attacker] Label flip: 40 samples class 4 \u2192 class 0
[2026-07-19 13:43:27,568] 39 root - INFO - [Attacker] Label flip: 24 samples class 4 \u2192 class 0
[2026-07-19 13:43:27,575] 39 root - INFO - [Attacker] Label flip: 26 samples class 4 \u2192 class 0
[2026-07-19 13:43:27,581] 39 root - INFO - [Attacker] Label flip: 20 samples class 4 \u2192 class 0
[2026-07-19 13:43:27,589] 39 root - INFO - [Attacker] Label flip: 19 samples class 4 \u2192 class 0
[2026-07-19 13:43:27,597] 39 root - INFO - [Attacker] Label flip: 19 samples class 4 \u2192 class 0
[2026-07-19 13:43:27,605] 39 root - INFO - [Attacker] Label flip: 24 samples class 4 \u2192 class 0
[2026-07-19 13:43:27,613] 39 root - INFO - [Attacker] Label flip: 30 samples class 4 \u2192 class 0
[2026-07-19 13:43:27,621] 39 root - INFO - [Attacker] Label flip: 23 samples class 4 \u2192 class 0
[2026-07-19 13:43:27,629] 39 root - INFO - [Attacker] Label flip: 29 samples class 4 \u2192 class 0
[2026-07-19 13:43:27,637] 39 root - INFO - [Attacker] Label flip: 30 samples class 4 \u2192 class 0
[2026-07-19 13:43:27,644] 39 root - INFO - [Attacker] Label flip: 35 samples class 4 \u2192 class 0
[2026-07-19 13:43:27,651] 39 root - INFO - [Attacker] Label flip: 18 samples class 4 \u2192 class 0
[2026-07-19 13:43:27,659] 39 root - INFO - [Attacker] Label flip: 26 samples class 4 \u2192 class 0
[2026-07-19 13:43:27,666] 39 root - INFO - [Attacker] Label flip: 31 samples class 4 \u2192 class 0
[2026-07-19 13:43:27,674] 39 root - INFO - [Attacker] Label flip: 25 samples class 4 \u2192 class 0
[2026-07-19 13:43:27,680] 39 root - INFO - [Attacker] Label flip: 32 samples class 4 \u2192 class 0
[2026-07-19 13:43:27,690] 39 root - INFO - [Attacker] Label flip: 31 samples class 4 \u2192 class 0
[2026-07-19 13:43:27,696] 39 root - INFO - [Attacker] Label flip: 26 samples class 4 \u2192 class 0
[2026-07-19 13:43:27,704] 39 root - INFO - [Attacker] Label flip: 30 samples class 4 \u2192 class 0
[2026-07-19 13:43:27,712] 39 root - INFO - [Attacker] Label flip: 31 samples class 4 \u2192 class 0
[2026-07-19 13:43:27,722] 39 root - INFO - [Attacker] Label flip: 28 samples class 4 \u2192 class 0
[2026-07-19 13:43:27,730] 39 root - INFO - [Attacker] Label flip: 24 samples class 4 \u2192 class 0
[2026-07-19 13:43:27,738] 39 root - INFO - [Attacker] Label flip: 30 samples class 4 \u2192 class 0
[2026-07-19 13:43:27,745] 39 root - INFO - [Attacker] Label flip: 16 samples class 4 \u2192 class 0
[2026-07-19 13:43:27,751] 39 root - INFO - [Attacker] Label flip: 27 samples class 4 \u2192 class 0
[2026-07-19 13:43:27,761] 39 root - INFO - [Attacker] Label flip: 25 samples class 4 \u2192 class 0
[2026-07-19 13:43:27,769] 39 root - INFO - [Attacker] Label flip: 33 samples class 4 \u2192 class 0
[2026-07-19 13:43:27,775] 39 root - INFO - [Attacker] Label flip: 24 samples class 4 \u2192 class 0
[2026-07-19 13:43:27,783] 39 root - INFO - [Attacker] Label flip: 28 samples class 4 \u2192 class 0
[2026-07-19 13:43:27,791] 39 root - INFO - [Attacker] Label flip: 31 samples class 4 \u2192 class 0
[2026-07-19 13:43:27,799] 39 root - INFO - [Attacker] Label flip: 37 samples class 4 \u2192 class 0
[2026-07-19 13:43:27,807] 39 root - INFO - [Attacker] Label flip: 23 samples class 4 \u2192 class 0
[2026-07-19 13:43:27,813] 39 root - INFO - [Attacker] Label flip: 29 samples class 4 \u2192 class 0
[2026-07-19 13:43:27,823] 39 root - INFO - [Attacker] Label flip: 29 samples class 4 \u2192 class 0
[2026-07-19 13:43:27,831] 39 root - INFO - [Attacker] Label flip: 27 samples class 4 \u2192 class 0
[2026-07-19 13:43:27,838] 39 root - INFO - [Attacker] Label flip: 28 samples class 4 \u2192 class 0
[2026-07-19 13:43:27,844] 39 root - INFO - [Attacker] Label flip: 21 samples class 4 \u2192 class 0
[2026-07-19 13:43:27,854] 39 root - INFO - [Attacker] Label flip: 33 samples class 4 \u2192 class 0
[2026-07-19 13:43:27,862] 39 root - INFO - [Attacker] Label flip: 28 samples class 4 \u2192 class 0
[2026-07-19 13:43:27,868] 39 root - INFO - [Attacker] Label flip: 21 samples class 4 \u2192 class 0
[2026-07-19 13:43:27,876] 39 root - INFO - [Attacker] Label flip: 32 samples class 4 \u2192 class 0
[2026-07-19 13:43:27,884] 39 root - INFO - [Attacker] Label flip: 29 samples class 4 \u2192 class 0
[2026-07-19 13:43:27,892] 39 root - INFO - [Attacker] Label flip: 27 samples class 4 \u2192 class 0
[2026-07-19 13:43:27,900] 39 root - INFO - [Attacker] Label flip: 29 samples class 4 \u2192 class 0
[2026-07-19 13:43:27,906] 39 root - INFO - [Attacker] Label flip: 31 samples class 4 \u2192 class 0
[2026-07-19 13:43:27,914] 39 root - INFO - [Attacker] Label flip: 23 samples class 4 \u2192 class 0
[2026-07-19 13:43:27,923] 39 root - INFO - [Attacker] Label flip: 33 samples class 4 \u2192 class 0
[2026-07-19 13:43:27,929] 39 root - INFO - [Attacker] Label flip: 25 samples class 4 \u2192 class 0
[2026-07-19 13:43:27,937] 39 root - INFO - [Attacker] Label flip: 31 samples class 4 \u2192 class 0
[2026-07-19 13:43:27,945] 39 root - INFO - [Attacker] Label flip: 29 samples class 4 \u2192 class 0
[2026-07-19 13:43:27,953] 39 root - INFO - [Attacker] Label flip: 14 samples class 4 \u2192 class 0
[2026-07-19 13:43:27,961] 39 root - INFO - [Attacker] Label flip: 31 samples class 4 \u2192 class 0
[2026-07-19 13:43:27,969] 39 root - INFO - [Attacker] Label flip: 26 samples class 4 \u2192 class 0
[2026-07-19 13:43:27,977] 39 root - INFO - [Attacker] Label flip: 31 samples class 4 \u2192 class 0
[2026-07-19 13:43:27,985] 39 root - INFO - [Attacker] Label flip: 34 samples class 4 \u2192 class 0
[2026-07-19 13:43:27,991] 39 root - INFO - [Attacker] Label flip: 33 samples class 4 \u2192 class 0
[2026-07-19 13:43:27,998] 39 root - INFO - [Attacker] Label flip: 19 samples class 4 \u2192 class 0
[2026-07-19 13:43:28,006] 39 root - INFO - [Attacker] Label flip: 28 samples class 4 \u2192 class 0
[2026-07-19 13:43:28,014] 39 root - INFO - [Attacker] Label flip: 25 samples class 4 \u2192 class 0
[2026-07-19 13:43:28,022] 39 root - INFO - [Attacker] Label flip: 30 samples class 4 \u2192 class 0
[2026-07-19 13:43:28,030] 39 root - INFO - [Attacker] Label flip: 34 samples class 4 \u2192 class 0
[2026-07-19 13:43:28,038] 39 root - INFO - [Attacker] Label flip: 31 samples class 4 \u2192 class 0
[2026-07-19 13:43:28,046] 39 root - INFO - [Attacker] Label flip: 32 samples class 4 \u2192 class 0
[2026-07-19 13:43:28,052] 39 root - INFO - [Attacker] Label flip: 32 samples class 4 \u2192 class 0
[2026-07-19 13:43:28,060] 39 root - INFO - [Attacker] Label flip: 30 samples class 4 \u2192 class 0
[2026-07-19 13:43:28,068] 39 root - INFO - [Attacker] Label flip: 40 samples class 4 \u2192 class 0
[2026-07-19 13:43:28,077] 39 root - INFO - [Attacker] Label flip: 39 samples class 4 \u2192 class 0
[2026-07-19 13:43:28,083] 39 root - INFO - [Attacker] Label flip: 33 samples class 4 \u2192 class 0
[2026-07-19 13:43:28,093] 39 root - INFO - [Attacker] Label flip: 27 samples class 4 \u2192 class 0
[2026-07-19 13:43:28,099] 39 root - INFO - [Attacker] Label flip: 28 samples class 4 \u2192 class 0
[2026-07-19 13:43:28,107] 39 root - INFO - [Attacker] Label flip: 29 samples class 4 \u2192 class 0
[2026-07-19 13:43:28,115] 39 root - INFO - [Attacker] Label flip: 37 samples class 4 \u2192 class 0
[2026-07-19 13:43:28,124] 39 root - INFO - [Attacker] Label flip: 21 samples class 4 \u2192 class 0
[2026-07-19 13:43:28,132] 39 root - INFO - [Attacker] Label flip: 33 samples class 4 \u2192 class 0
[2026-07-19 13:43:28,142] 39 root - INFO - [Attacker] Label flip: 32 samples class 4 \u2192 class 0
[2026-07-19 13:43:28,151] 39 root - INFO - [Attacker] Label flip: 25 samples class 4 \u2192 class 0
[2026-07-19 13:43:28,160] 39 root - INFO - [Attacker] Label flip: 35 samples class 4 \u2192 class 0
[2026-07-19 13:43:28,168] 39 root - INFO - [Attacker] Label flip: 35 samples class 4 \u2192 class 0
[2026-07-19 13:43:28,176] 39 root - INFO - [Attacker] Label flip: 26 samples class 4 \u2192 class 0
[2026-07-19 13:43:28,189] 39 root - INFO - [Attacker] Label flip: 26 samples class 4 \u2192 class 0
[2026-07-19 13:43:28,197] 39 root - INFO - [Attacker] Label flip: 26 samples class 4 \u2192 class 0
[2026-07-19 13:43:28,205] 39 root - INFO - [Attacker] Label flip: 19 samples class 4 \u2192 class 0
[2026-07-19 13:43:28,211] 39 root - INFO - [Attacker] Label flip: 24 samples class 4 \u2192 class 0
[2026-07-19 13:43:28,220] 39 root - INFO - [Attacker] Label flip: 30 samples class 4 \u2192 class 0
[2026-07-19 13:43:28,227] 39 root - INFO - [Attacker] Label flip: 33 samples class 4 \u2192 class 0
[2026-07-19 13:43:28,235] 39 root - INFO - [Attacker] Label flip: 30 samples class 4 \u2192 class 0
[2026-07-19 13:43:28,243] 39 root - INFO - [Attacker] Label flip: 30 samples class 4 \u2192 class 0
[2026-07-19 13:43:28,251] 39 root - INFO - [Attacker] Label flip: 23 samples class 4 \u2192 class 0
[2026-07-19 13:43:28,261] 39 root - INFO - [Attacker] Label flip: 40 samples class 4 \u2192 class 0
[2026-07-19 13:43:28,269] 39 root - INFO - [Attacker] Label flip: 30 samples class 4 \u2192 class 0
[2026-07-19 13:43:28,276] 39 root - INFO - [Attacker] Label flip: 38 samples class 4 \u2192 class 0
[2026-07-19 13:43:28,285] 39 root - INFO - [Attacker] Label flip: 29 samples class 4 \u2192 class 0
[2026-07-19 13:43:28,296] 39 root - INFO - [Attacker] Label flip: 34 samples class 4 \u2192 class 0
[2026-07-19 13:43:28,308] 39 root - INFO - [Attacker] Label flip: 26 samples class 4 \u2192 class 0
[2026-07-19 13:43:28,319] 39 root - INFO - [Attacker] Label flip: 37 samples class 4 \u2192 class 0
[2026-07-19 13:43:28,333] 39 root - INFO - [Attacker] Label flip: 35 samples class 4 \u2192 class 0
[2026-07-19 13:43:28,343] 39 root - INFO - [Attacker] Label flip: 31 samples class 4 \u2192 class 0
[2026-07-19 13:43:28,354] 39 root - INFO - [Attacker] Label flip: 22 samples class 4 \u2192 class 0
[2026-07-19 13:43:28,364] 39 root - INFO - [Attacker] Label flip: 29 samples class 4 \u2192 class 0
[2026-07-19 13:43:28,372] 39 root - INFO - [Attacker] Label flip: 30 samples class 4 \u2192 class 0
[2026-07-19 13:43:28,380] 39 root - INFO - [Attacker] Label flip: 26 samples class 4 \u2192 class 0
[2026-07-19 13:43:28,388] 39 root - INFO - [Attacker] Label flip: 33 samples class 4 \u2192 class 0
[2026-07-19 13:43:28,396] 39 root - INFO - [Attacker] Label flip: 22 samples class 4 \u2192 class 0
[2026-07-19 13:43:28,406] 39 root - INFO - [Attacker] Label flip: 27 samples class 4 \u2192 class 0
[2026-07-19 13:43:28,414] 39 root - INFO - [Attacker] Label flip: 31 samples class 4 \u2192 class 0
[2026-07-19 13:43:28,421] 39 root - INFO - [Attacker] Label flip: 29 samples class 4 \u2192 class 0
[2026-07-19 13:43:28,431] 39 root - INFO - [Attacker] Label flip: 29 samples class 4 \u2192 class 0
[2026-07-19 13:43:28,439] 39 root - INFO - [Attacker] Label flip: 27 samples class 4 \u2192 class 0
[2026-07-19 13:43:28,447] 39 root - INFO - [Attacker] Label flip: 24 samples class 4 \u2192 class 0
[2026-07-19 13:43:28,455] 39 root - INFO - [Attacker] Label flip: 22 samples class 4 \u2192 class 0
[2026-07-19 13:43:28,467] 39 root - INFO - [Attacker] Label flip: 23 samples class 4 \u2192 class 0
[2026-07-19 13:43:28,475] 39 root - INFO - [Attacker] Label flip: 19 samples class 4 \u2192 class 0
[2026-07-19 13:43:28,483] 39 root - INFO - [Attacker] Label flip: 24 samples class 4 \u2192 class 0
[2026-07-19 13:43:28,491] 39 root - INFO - [Attacker] Label flip: 34 samples class 4 \u2192 class 0
[2026-07-19 13:43:28,498] 39 root - INFO - [Attacker] Label flip: 42 samples class 4 \u2192 class 0
[2026-07-19 13:43:28,506] 39 root - INFO - [Attacker] Label flip: 30 samples class 4 \u2192 class 0
[2026-07-19 13:43:28,515] 39 root - INFO - [Attacker] Label flip: 35 samples class 4 \u2192 class 0
[2026-07-19 13:43:28,522] 39 root - INFO - [Attacker] Label flip: 20 samples class 4 \u2192 class 0
[2026-07-19 13:43:28,532] 39 root - INFO - [Attacker] Label flip: 25 samples class 4 \u2192 class 0
[2026-07-19 13:43:28,540] 39 root - INFO - [Attacker] Label flip: 30 samples class 4 \u2192 class 0
[2026-07-19 13:43:28,548] 39 root - INFO - [Attacker] Label flip: 21 samples class 4 \u2192 class 0
[2026-07-19 13:43:28,556] 39 root - INFO - [Attacker] Label flip: 33 samples class 4 \u2192 class 0
[2026-07-19 13:43:28,564] 39 root - INFO - [Attacker] Label flip: 33 samples class 4 \u2192 class 0
[2026-07-19 13:43:28,571] 39 root - INFO - [Attacker] Label flip: 28 samples class 4 \u2192 class 0
[2026-07-19 13:43:28,582] 39 root - INFO - [Attacker] Label flip: 36 samples class 4 \u2192 class 0
[2026-07-19 13:43:28,590] 39 root - INFO - [Attacker] Label flip: 26 samples class 4 \u2192 class 0
[2026-07-19 13:43:28,600] 39 root - INFO - [Attacker] Label flip: 32 samples class 4 \u2192 class 0
[2026-07-19 13:43:28,608] 39 root - INFO - [Attacker] Label flip: 24 samples class 4 \u2192 class 0
[2026-07-19 13:43:28,618] 39 root - INFO - [Attacker] Label flip: 27 samples class 4 \u2192 class 0
[2026-07-19 13:43:28,625] 39 root - INFO - [Attacker] Label flip: 30 samples class 4 \u2192 class 0
[2026-07-19 13:43:28,632] 39 root - INFO - [Attacker] Label flip: 31 samples class 4 \u2192 class 0
[2026-07-19 13:43:28,642] 39 root - INFO - [Attacker] Label flip: 25 samples class 4 \u2192 class 0
[2026-07-19 13:43:28,650] 39 root - INFO - [Attacker] Label flip: 26 samples class 4 \u2192 class 0
[2026-07-19 13:43:28,658] 39 root - INFO - [Attacker] Label flip: 31 samples class 4 \u2192 class 0
[2026-07-19 13:43:28,666] 39 root - INFO - [Attacker] Label flip: 30 samples class 4 \u2192 class 0
[2026-07-19 13:43:28,680] 39 root - INFO - [Attacker] Label flip: 33 samples class 4 \u2192 class 0
[2026-07-19 13:43:28,686] 39 root - INFO - [Attacker] Label flip: 29 samples class 4 \u2192 class 0
[2026-07-19 13:43:28,694] 39 root - INFO - [Attacker] Label flip: 36 samples class 4 \u2192 class 0
[2026-07-19 13:43:28,706] 39 root - INFO - [Attacker] Label flip: 34 samples class 4 \u2192 class 0
[2026-07-19 13:43:28,714] 39 root - INFO - [Attacker] Label flip: 33 samples class 4 \u2192 class 0
[2026-07-19 13:43:28,722] 39 root - INFO - [Attacker] Label flip: 29 samples class 4 \u2192 class 0
[2026-07-19 13:43:28,730] 39 root - INFO - [Attacker] Label flip: 32 samples class 4 \u2192 class 0
[2026-07-19 13:43:28,740] 39 root - INFO - [Attacker] Label flip: 29 samples class 4 \u2192 class 0
[2026-07-19 13:43:28,750] 39 root - INFO - [Attacker] Label flip: 23 samples class 4 \u2192 class 0
[2026-07-19 13:43:28,758] 39 root - INFO - [Attacker] Label flip: 26 samples class 4 \u2192 class 0
[2026-07-19 13:43:28,766] 39 root - INFO - [Attacker] Label flip: 32 samples class 4 \u2192 class 0
[2026-07-19 13:43:28,774] 39 root - INFO - [Attacker] Label flip: 25 samples class 4 \u2192 class 0
[2026-07-19 13:43:28,782] 39 root - INFO - [Attacker] Label flip: 33 samples class 4 \u2192 class 0
[2026-07-19 13:43:28,790] 39 root - INFO - [Attacker] Label flip: 37 samples class 4 \u2192 class 0
[2026-07-19 13:43:28,798] 39 root - INFO - [Attacker] Label flip: 27 samples class 4 \u2192 class 0
[2026-07-19 13:43:28,806] 39 root - INFO - [Attacker] Label flip: 32 samples class 4 \u2192 class 0
[2026-07-19 13:43:28,814] 39 root - INFO - [Attacker] Label flip: 39 samples class 4 \u2192 class 0
[2026-07-19 13:43:28,823] 39 root - INFO - [Attacker] Label flip: 25 samples class 4 \u2192 class 0
[2026-07-19 13:43:28,831] 39 root - INFO - [Attacker] Label flip: 25 samples class 4 \u2192 class 0
[2026-07-19 13:43:28,839] 39 root - INFO - [Attacker] Label flip: 27 samples class 4 \u2192 class 0
[2026-07-19 13:43:28,845] 39 root - INFO - [Attacker] Label flip: 25 samples class 4 \u2192 class 0
[2026-07-19 13:43:28,855] 39 root - INFO - [Attacker] Label flip: 29 samples class 4 \u2192 class 0
[2026-07-19 13:43:28,863] 39 root - INFO - [Attacker] Label flip: 25 samples class 4 \u2192 class 0
[2026-07-19 13:43:28,871] 39 root - INFO - [Attacker] Label flip: 32 samples class 4 \u2192 class 0
[2026-07-19 13:43:28,881] 39 root - INFO - [Attacker] Label flip: 24 samples class 4 \u2192 class 0
[2026-07-19 13:43:28,889] 39 root - INFO - [Attacker] Label flip: 34 samples class 4 \u2192 class 0
[2026-07-19 13:43:28,895] 39 root - INFO - [Attacker] Label flip: 38 samples class 4 \u2192 class 0
[2026-07-19 13:43:28,904] 39 root - INFO - [Attacker] Label flip: 33 samples class 4 \u2192 class 0
[2026-07-19 13:43:28,912] 39 root - INFO - [Attacker] Label flip: 26 samples class 4 \u2192 class 0
[2026-07-19 13:43:28,920] 39 root - INFO - [Attacker] Label flip: 29 samples class 4 \u2192 class 0
[2026-07-19 13:43:28,928] 39 root - INFO - [Attacker] Label flip: 28 samples class 4 \u2192 class 0
[2026-07-19 13:43:28,934] 39 root - INFO - [Attacker] Label flip: 33 samples class 4 \u2192 class 0
[2026-07-19 13:43:28,944] 39 root - INFO - [Attacker] Label flip: 27 samples class 4 \u2192 class 0
[2026-07-19 13:43:28,952] 39 root - INFO - [Attacker] Label flip: 22 samples class 4 \u2192 class 0
[2026-07-19 13:43:28,959] 39 root - INFO - [Attacker] Label flip: 24 samples class 4 \u2192 class 0
[2026-07-19 13:43:28,967] 39 root - INFO - [Attacker] Label flip: 23 samples class 4 \u2192 class 0
[2026-07-19 13:43:28,975] 39 root - INFO - [Attacker] Label flip: 33 samples class 4 \u2192 class 0
[2026-07-19 13:43:28,983] 39 root - INFO - [Attacker] Label flip: 36 samples class 4 \u2192 class 0
[2026-07-19 13:43:28,991] 39 root - INFO - [Attacker] Label flip: 38 samples class 4 \u2192 class 0
[2026-07-19 13:43:28,999] 39 root - INFO - [Attacker] Label flip: 27 samples class 4 \u2192 class 0
[2026-07-19 13:43:29,005] 39 root - INFO - [Attacker] Label flip: 31 samples class 4 \u2192 class 0
[2026-07-19 13:43:29,015] 39 root - INFO - [Attacker] Label flip: 27 samples class 4 \u2192 class 0
[2026-07-19 13:43:29,023] 39 root - INFO - [Attacker] Label flip: 19 samples class 4 \u2192 class 0
[2026-07-19 13:43:29,031] 39 root - INFO - [Attacker] Label flip: 27 samples class 4 \u2192 class 0
[2026-07-19 13:43:29,039] 39 root - INFO - [Attacker] Label flip: 28 samples class 4 \u2192 class 0
[2026-07-19 13:43:29,048] 39 root - INFO - [Attacker] Label flip: 28 samples class 4 \u2192 class 0
[2026-07-19 13:43:29,056] 39 root - INFO - [Attacker] Label flip: 30 samples class 4 \u2192 class 0
[2026-07-19 13:43:29,064] 39 root - INFO - [Attacker] Label flip: 21 samples class 4 \u2192 class 0
[2026-07-19 13:43:29,072] 39 root - INFO - [Attacker] Label flip: 19 samples class 4 \u2192 class 0
[2026-07-19 13:43:29,082] 39 root - INFO - [Attacker] Label flip: 31 samples class 4 \u2192 class 0
[2026-07-19 13:43:29,089] 39 root - INFO - [Attacker] Label flip: 21 samples class 4 \u2192 class 0
[2026-07-19 13:43:29,098] 39 root - INFO - [Attacker] Label flip: 34 samples class 4 \u2192 class 0
[2026-07-19 13:43:29,105] 39 root - INFO - [Attacker] Label flip: 31 samples class 4 \u2192 class 0
[2026-07-19 13:43:29,115] 39 root - INFO - [Attacker] Label flip: 28 samples class 4 \u2192 class 0
[2026-07-19 13:43:29,124] 39 root - INFO - [Attacker] Label flip: 32 samples class 4 \u2192 class 0
[2026-07-19 13:43:29,132] 39 root - INFO - [Attacker] Label flip: 29 samples class 4 \u2192 class 0
[2026-07-19 13:43:29,139] 39 root - INFO - [Attacker] Label flip: 34 samples class 4 \u2192 class 0
[2026-07-19 13:43:29,149] 39 root - INFO - [Attacker] Label flip: 26 samples class 4 \u2192 class 0
[2026-07-19 13:43:29,157] 39 root - INFO - [Attacker] Label flip: 31 samples class 4 \u2192 class 0
[2026-07-19 13:43:29,165] 39 root - INFO - [Attacker] Label flip: 21 samples class 4 \u2192 class 0
[2026-07-19 13:43:29,173] 39 root - INFO - [Attacker] Label flip: 30 samples class 4 \u2192 class 0
[2026-07-19 13:43:29,181] 39 root - INFO - [Attacker] Label flip: 34 samples class 4 \u2192 class 0
[2026-07-19 13:43:29,192] 39 root - INFO - [Attacker] Label flip: 36 samples class 4 \u2192 class 0
[2026-07-19 13:43:29,200] 39 root - INFO - [Attacker] Label flip: 30 samples class 4 \u2192 class 0
[2026-07-19 13:43:29,208] 39 root - INFO - [Attacker] Label flip: 38 samples class 4 \u2192 class 0
[2026-07-19 13:43:29,216] 39 root - INFO - [Attacker] Label flip: 24 samples class 4 \u2192 class 0
[2026-07-19 13:43:29,224] 39 root - INFO - [Attacker] Label flip: 24 samples class 4 \u2192 class 0
[2026-07-19 13:43:29,232] 39 root - INFO - [Attacker] Label flip: 36 samples class 4 \u2192 class 0
[2026-07-19 13:43:29,240] 39 root - INFO - [Attacker] Label flip: 30 samples class 4 \u2192 class 0
[2026-07-19 13:43:29,248] 39 root - INFO - [Attacker] Label flip: 29 samples class 4 \u2192 class 0
[2026-07-19 13:43:29,258] 39 root - INFO - [Attacker] Label flip: 34 samples class 4 \u2192 class 0
[2026-07-19 13:43:29,265] 39 root - INFO - [Attacker] Label flip: 27 samples class 4 \u2192 class 0
[2026-07-19 13:43:29,273] 39 root - INFO - [Attacker] Label flip: 28 samples class 4 \u2192 class 0
[2026-07-19 13:43:29,281] 39 root - INFO - [Attacker] Label flip: 28 samples class 4 \u2192 class 0
[2026-07-19 13:43:29,295] 39 root - INFO - [Attacker] Label flip: 28 samples class 4 \u2192 class 0
[2026-07-19 13:43:29,303] 39 root - INFO - [Attacker] Label flip: 25 samples class 4 \u2192 class 0
[2026-07-19 13:43:29,310] 39 root - INFO - [Attacker] Label flip: 29 samples class 4 \u2192 class 0
[2026-07-19 13:43:29,318] 39 root - INFO - [Attacker] Label flip: 37 samples class 4 \u2192 class 0
[2026-07-19 13:43:29,326] 39 root - INFO - [Attacker] Label flip: 33 samples class 4 \u2192 class 0
[2026-07-19 13:43:29,335] 39 root - INFO - [Attacker] Label flip: 25 samples class 4 \u2192 class 0
[2026-07-19 13:43:29,343] 39 root - INFO - [Attacker] Label flip: 26 samples class 4 \u2192 class 0
[2026-07-19 13:43:29,350] 39 root - INFO - [Attacker] Label flip: 34 samples class 4 \u2192 class 0
[2026-07-19 13:43:29,358] 39 root - INFO - [Attacker] Label flip: 26 samples class 4 \u2192 class 0
[2026-07-19 13:43:29,366] 39 root - INFO - [Attacker] Label flip: 35 samples class 4 \u2192 class 0
[2026-07-19 13:43:29,374] 39 root - INFO - [Attacker] Label flip: 27 samples class 4 \u2192 class 0
[2026-07-19 13:43:29,382] 39 root - INFO - [Attacker] Label flip: 34 samples class 4 \u2192 class 0
[2026-07-19 13:43:29,390] 39 root - INFO - [Attacker] Label flip: 26 samples class 4 \u2192 class 0
[2026-07-19 13:43:29,398] 39 root - INFO - [Attacker] Label flip: 41 samples class 4 \u2192 class 0
[2026-07-19 13:43:29,406] 39 root - INFO - [Attacker] Label flip: 29 samples class 4 \u2192 class 0
[2026-07-19 13:43:29,414] 39 root - INFO - [Attacker] Label flip: 33 samples class 4 \u2192 class 0
[2026-07-19 13:43:29,422] 39 root - INFO - [Attacker] Label flip: 27 samples class 4 \u2192 class 0
[2026-07-19 13:43:29,432] 39 root - INFO - [Attacker] Label flip: 25 samples class 4 \u2192 class 0
[2026-07-19 13:43:29,440] 39 root - INFO - [Attacker] Label flip: 24 samples class 4 \u2192 class 0
[2026-07-19 13:43:29,446] 39 root - INFO - [Attacker] Label flip: 27 samples class 4 \u2192 class 0
[2026-07-19 13:43:29,454] 39 root - INFO - [Attacker] Label flip: 31 samples class 4 \u2192 class 0
[2026-07-19 13:43:29,463] 39 root - INFO - [Attacker] Label flip: 28 samples class 4 \u2192 class 0
[2026-07-19 13:43:29,471] 39 root - INFO - [Attacker] Label flip: 26 samples class 4 \u2192 class 0
[2026-07-19 13:43:29,479] 39 root - INFO - [Attacker] Label flip: 25 samples class 4 \u2192 class 0
[2026-07-19 13:43:29,487] 39 root - INFO - [Attacker] Label flip: 23 samples class 4 \u2192 class 0
[2026-07-19 13:43:29,495] 39 root - INFO - [Attacker] Label flip: 23 samples class 4 \u2192 class 0
[2026-07-19 13:43:29,504] 39 root - INFO - [Attacker] Label flip: 25 samples class 4 \u2192 class 0
[2026-07-19 13:43:29,512] 39 root - INFO - [Attacker] Label flip: 30 samples class 4 \u2192 class 0
[2026-07-19 13:43:29,519] 39 root - INFO - [Attacker] Label flip: 28 samples class 4 \u2192 class 0
[2026-07-19 13:43:29,527] 39 root - INFO - [Attacker] Label flip: 36 samples class 4 \u2192 class 0
[2026-07-19 13:43:29,539] 39 root - INFO - [Attacker] Label flip: 29 samples class 4 \u2192 class 0
[2026-07-19 13:43:29,547] 39 root - INFO - [Attacker] Label flip: 23 samples class 4 \u2192 class 0
[2026-07-19 13:43:29,555] 39 root - INFO - [Attacker] Label flip: 25 samples class 4 \u2192 class 0
[2026-07-19 13:43:29,561] 39 root - INFO - [Attacker] Label flip: 29 samples class 4 \u2192 class 0
[2026-07-19 13:43:29,573] 39 root - INFO - [Attacker] Label flip: 38 samples class 4 \u2192 class 0
[2026-07-19 13:43:29,579] 39 root - INFO - [Attacker] Label flip: 23 samples class 4 \u2192 class 0
[2026-07-19 13:43:29,587] 39 root - INFO - [Attacker] Label flip: 24 samples class 4 \u2192 class 0
[2026-07-19 13:43:29,595] 39 root - INFO - [Attacker] Label flip: 31 samples class 4 \u2192 class 0
[2026-07-19 13:43:29,603] 39 root - INFO - [Attacker] Label flip: 28 samples class 4 \u2192 class 0
[2026-07-19 13:43:29,611] 39 root - INFO - [Attacker] Label flip: 24 samples class 4 \u2192 class 0
[2026-07-19 13:43:29,618] 39 root - INFO - [Attacker] Label flip: 31 samples class 4 \u2192 class 0
[2026-07-19 13:43:29,626] 39 root - INFO - [Attacker] Label flip: 39 samples class 4 \u2192 class 0
[2026-07-19 13:43:29,635] 39 root - INFO - [Attacker] Label flip: 27 samples class 4 \u2192 class 0
[2026-07-19 13:43:29,642] 39 root - INFO - [Attacker] Label flip: 24 samples class 4 \u2192 class 0
[2026-07-19 13:43:29,652] 39 root - INFO - [Attacker] Label flip: 29 samples class 4 \u2192 class 0
[2026-07-19 13:43:29,660] 39 root - INFO - [Attacker] Label flip: 34 samples class 4 \u2192 class 0
[2026-07-19 13:43:29,670] 39 root - INFO - [Attacker] Label flip: 30 samples class 4 \u2192 class 0
[2026-07-19 13:43:29,738] 39 root - INFO - [Attacker] Label flip: 29 samples class 4 \u2192 class 0
[2026-07-19 13:43:29,766] 39 root - INFO - [Attacker] Label flip: 34 samples class 4 \u2192 class 0
[2026-07-19 13:43:29,774] 39 root - INFO - [Attacker] Label flip: 26 samples class 4 \u2192 class 0
[2026-07-19 13:43:29,786] 39 root - INFO - [Attacker] Label flip: 27 samples class 4 \u2192 class 0
[2026-07-19 13:43:29,792] 39 root - INFO - [Attacker] Label flip: 28 samples class 4 \u2192 class 0
[2026-07-19 13:43:29,802] 39 root - INFO - [Attacker] Label flip: 24 samples class 4 \u2192 class 0
[2026-07-19 13:43:29,809] 39 root - INFO - [Attacker] Label flip: 32 samples class 4 \u2192 class 0
[2026-07-19 13:43:29,817] 39 root - INFO - [Attacker] Label flip: 33 samples class 4 \u2192 class 0
[2026-07-19 13:43:29,825] 39 root - INFO - [Attacker] Label flip: 29 samples class 4 \u2192 class 0
[2026-07-19 13:43:29,832] 39 root - INFO - [Attacker] Label flip: 27 samples class 4 \u2192 class 0
[2026-07-19 13:43:29,840] 39 root - INFO - [Attacker] Label flip: 19 samples class 4 \u2192 class 0
[2026-07-19 13:43:29,850] 39 root - INFO - [Attacker] Label flip: 33 samples class 4 \u2192 class 0
[2026-07-19 13:43:29,858] 39 root - INFO - [Attacker] Label flip: 21 samples class 4 \u2192 class 0
[2026-07-19 13:43:29,866] 39 root - INFO - [Attacker] Label flip: 29 samples class 4 \u2192 class 0
[2026-07-19 13:43:29,874] 39 root - INFO - [Attacker] Label flip: 26 samples class 4 \u2192 class 0
[2026-07-19 13:43:29,882] 39 root - INFO - [Attacker] Label flip: 26 samples class 4 \u2192 class 0
[2026-07-19 13:43:29,889] 39 root - INFO - [Attacker] Label flip: 33 samples class 4 \u2192 class 0
[2026-07-19 13:43:29,897] 39 root - INFO - [Attacker] Label flip: 21 samples class 4 \u2192 class 0
[2026-07-19 13:43:29,905] 39 root - INFO - [Attacker] Label flip: 30 samples class 4 \u2192 class 0
[2026-07-19 13:43:29,913] 39 root - INFO - [Attacker] Label flip: 30 samples class 4 \u2192 class 0
[2026-07-19 13:43:29,921] 39 root - INFO - [Attacker] Label flip: 26 samples class 4 \u2192 class 0
[2026-07-19 13:43:29,929] 39 root - INFO - [Attacker] Label flip: 33 samples class 4 \u2192 class 0
[2026-07-19 13:43:29,936] 39 root - INFO - [Attacker] Label flip: 31 samples class 4 \u2192 class 0
[2026-07-19 13:43:29,944] 39 root - INFO - [Attacker] Label flip: 29 samples class 4 \u2192 class 0
[2026-07-19 13:43:29,954] 39 root - INFO - [Attacker] Label flip: 19 samples class 4 \u2192 class 0
[2026-07-19 13:43:29,962] 39 root - INFO - [Attacker] Label flip: 30 samples class 4 \u2192 class 0
[2026-07-19 13:43:29,970] 39 root - INFO - [Attacker] Label flip: 34 samples class 4 \u2192 class 0
[2026-07-19 13:43:29,978] 39 root - INFO - [Attacker] Label flip: 21 samples class 4 \u2192 class 0
[2026-07-19 13:43:29,986] 39 root - INFO - [Attacker] Label flip: 29 samples class 4 \u2192 class 0
[2026-07-19 13:43:29,994] 39 root - INFO - [Attacker] Label flip: 28 samples class 4 \u2192 class 0
[2026-07-19 13:43:30,001] 39 root - INFO - [Attacker] Label flip: 22 samples class 4 \u2192 class 0
[2026-07-19 13:43:30,009] 39 root - INFO - [Attacker] Label flip: 23 samples class 4 \u2192 class 0
[2026-07-19 13:43:30,015] 39 root - INFO - [Attacker] Label flip: 32 samples class 4 \u2192 class 0
[2026-07-19 13:43:30,023] 39 root - INFO - [Attacker] Label flip: 31 samples class 4 \u2192 class 0
[2026-07-19 13:43:30,031] 39 root - INFO - [Attacker] Label flip: 23 samples class 4 \u2192 class 0
[2026-07-19 13:43:30,039] 39 root - INFO - [Attacker] Label flip: 36 samples class 4 \u2192 class 0
[2026-07-19 13:43:30,047] 39 root - INFO - [Attacker] Label flip: 23 samples class 4 \u2192 class 0
[2026-07-19 13:43:30,055] 39 root - INFO - [Attacker] Label flip: 26 samples class 4 \u2192 class 0
[2026-07-19 13:43:30,063] 39 root - INFO - [Attacker] Label flip: 25 samples class 4 \u2192 class 0
[2026-07-19 13:43:30,071] 39 root - INFO - [Attacker] Label flip: 20 samples class 4 \u2192 class 0
[2026-07-19 13:43:30,081] 39 root - INFO - [Attacker] Label flip: 32 samples class 4 \u2192 class 0
[2026-07-19 13:43:30,087] 39 root - INFO - [Attacker] Label flip: 28 samples class 4 \u2192 class 0
[2026-07-19 13:43:30,094] 39 root - INFO - [Attacker] Label flip: 28 samples class 4 \u2192 class 0
[2026-07-19 13:43:30,102] 39 root - INFO - [Attacker] Label flip: 28 samples class 4 \u2192 class 0
[2026-07-19 13:43:30,110] 39 root - INFO - [Attacker] Label flip: 31 samples class 4 \u2192 class 0
[2026-07-19 13:43:30,118] 39 root - INFO - [Attacker] Label flip: 22 samples class 4 \u2192 class 0
[2026-07-19 13:43:30,126] 39 root - INFO - [Attacker] Label flip: 23 samples class 4 \u2192 class 0
[2026-07-19 13:43:30,134] 39 root - INFO - [Attacker] Label flip: 25 samples class 4 \u2192 class 0
[2026-07-19 13:43:30,142] 39 root - INFO - [Attacker] Label flip: 26 samples class 4 \u2192 class 0
[2026-07-19 13:43:30,150] 39 root - INFO - [Attacker] Label flip: 29 samples class 4 \u2192 class 0
[2026-07-19 13:43:30,158] 39 root - INFO - [Attacker] Label flip: 37 samples class 4 \u2192 class 0
[2026-07-19 13:43:30,166] 39 root - INFO - [Attacker] Label flip: 29 samples class 4 \u2192 class 0
[2026-07-19 13:43:30,174] 39 root - INFO - [Attacker] Label flip: 36 samples class 4 \u2192 class 0
[2026-07-19 13:43:30,183] 39 root - INFO - [Attacker] Label flip: 40 samples class 4 \u2192 class 0
[2026-07-19 13:43:30,191] 39 root - INFO - [Attacker] Label flip: 28 samples class 4 \u2192 class 0
[2026-07-19 13:43:30,198] 39 root - INFO - [Attacker] Label flip: 28 samples class 4 \u2192 class 0
[2026-07-19 13:43:30,206] 39 root - INFO - [Attacker] Label flip: 32 samples class 4 \u2192 class 0
[2026-07-19 13:43:30,216] 39 root - INFO - [Attacker] Label flip: 28 samples class 4 \u2192 class 0
[2026-07-19 13:43:30,224] 39 root - INFO - [Attacker] Label flip: 21 samples class 4 \u2192 class 0
[2026-07-19 13:43:30,232] 39 root - INFO - [Attacker] Label flip: 29 samples class 4 \u2192 class 0
[2026-07-19 13:43:30,240] 39 root - INFO - [Attacker] Label flip: 23 samples class 4 \u2192 class 0
[2026-07-19 13:43:30,248] 39 root - INFO - [Attacker] Label flip: 29 samples class 4 \u2192 class 0
[2026-07-19 13:43:30,256] 39 root - INFO - [Attacker] Label flip: 32 samples class 4 \u2192 class 0
[2026-07-19 13:43:30,264] 39 root - INFO - [Attacker] Label flip: 32 samples class 4 \u2192 class 0
[2026-07-19 13:43:30,272] 39 root - INFO - [Attacker] Label flip: 39 samples class 4 \u2192 class 0
[2026-07-19 13:43:30,279] 39 root - INFO - [Attacker] Label flip: 27 samples class 4 \u2192 class 0
[2026-07-19 13:43:30,287] 39 root - INFO - [Attacker] Label flip: 30 samples class 4 \u2192 class 0
[2026-07-19 13:43:30,295] 39 root - INFO - [Attacker] Label flip: 30 samples class 4 \u2192 class 0
[2026-07-19 13:43:30,303] 39 root - INFO - [Attacker] Label flip: 25 samples class 4 \u2192 class 0
[2026-07-19 13:43:30,311] 39 root - INFO - [Attacker] Label flip: 31 samples class 4 \u2192 class 0
[2026-07-19 13:43:30,320] 39 root - INFO - [Attacker] Label flip: 32 samples class 4 \u2192 class 0
[2026-07-19 13:43:30,327] 39 root - INFO - [Attacker] Label flip: 35 samples class 4 \u2192 class 0
[2026-07-19 13:43:30,335] 39 root - INFO - [Attacker] Label flip: 32 samples class 4 \u2192 class 0
[2026-07-19 13:43:30,341] 39 root - INFO - [Attacker] Label flip: 19 samples class 4 \u2192 class 0
[2026-07-19 13:43:30,349] 39 root - INFO - [Attacker] Label flip: 27 samples class 4 \u2192 class 0
[2026-07-19 13:43:30,357] 39 root - INFO - [Attacker] Label flip: 27 samples class 4 \u2192 class 0
[2026-07-19 13:43:30,365] 39 root - INFO - [Attacker] Label flip: 19 samples class 4 \u2192 class 0
[2026-07-19 13:43:30,373] 39 root - INFO - [Attacker] Label flip: 34 samples class 4 \u2192 class 0
[2026-07-19 13:43:30,383] 39 root - INFO - [Attacker] Label flip: 39 samples class 4 \u2192 class 0
[2026-07-19 13:43:30,391] 39 root - INFO - [Attacker] Label flip: 30 samples class 4 \u2192 class 0
[2026-07-19 13:43:30,399] 39 root - INFO - [Attacker] Label flip: 19 samples class 4 \u2192 class 0
[2026-07-19 13:43:30,406] 39 root - INFO - [Attacker] Label flip: 31 samples class 4 \u2192 class 0
[2026-07-19 13:43:30,416] 39 root - INFO - [Attacker] Label flip: 23 samples class 4 \u2192 class 0
[2026-07-19 13:43:30,426] 39 root - INFO - [Attacker] Label flip: 29 samples class 4 \u2192 class 0
[2026-07-19 13:43:30,434] 39 root - INFO - [Attacker] Label flip: 30 samples class 4 \u2192 class 0
[2026-07-19 13:43:30,442] 39 root - INFO - [Attacker] Label flip: 34 samples class 4 \u2192 class 0
[2026-07-19 13:43:30,451] 39 root - INFO - [Attacker] Label flip: 33 samples class 4 \u2192 class 0
[2026-07-19 13:43:30,460] 39 root - INFO - [Attacker] Label flip: 28 samples class 4 \u2192 class 0
[2026-07-19 13:43:30,468] 39 root - INFO - [Attacker] Label flip: 25 samples class 4 \u2192 class 0
[2026-07-19 13:43:30,476] 39 root - INFO - [Attacker] Label flip: 29 samples class 4 \u2192 class 0
[2026-07-19 13:43:30,484] 39 root - INFO - [Attacker] Label flip: 39 samples class 4 \u2192 class 0
[2026-07-19 13:43:30,492] 39 root - INFO - [Attacker] Label flip: 29 samples class 4 \u2192 class 0
[2026-07-19 13:43:30,499] 39 root - INFO - [Attacker] Label flip: 27 samples class 4 \u2192 class 0
[2026-07-19 13:43:30,508] 39 root - INFO - [Attacker] Label flip: 25 samples class 4 \u2192 class 0
[2026-07-19 13:43:30,517] 39 root - INFO - [Attacker] Label flip: 32 samples class 4 \u2192 class 0
[2026-07-19 13:43:30,525] 39 root - INFO - [Attacker] Label flip: 27 samples class 4 \u2192 class 0
[2026-07-19 13:43:30,533] 39 root - INFO - [Attacker] Label flip: 33 samples class 4 \u2192 class 0
[2026-07-19 13:43:30,541] 39 root - INFO - [Attacker] Label flip: 18 samples class 4 \u2192 class 0
[2026-07-19 13:43:30,551] 39 root - INFO - [Attacker] Label flip: 22 samples class 4 \u2192 class 0
[2026-07-19 13:43:30,557] 39 root - INFO - [Attacker] Label flip: 23 samples class 4 \u2192 class 0
[2026-07-19 13:43:30,567] 39 root - INFO - [Attacker] Label flip: 27 samples class 4 \u2192 class 0
[2026-07-19 13:43:30,575] 39 root - INFO - [Attacker] Label flip: 20 samples class 4 \u2192 class 0
[2026-07-19 13:43:30,585] 39 root - INFO - [Attacker] Label flip: 30 samples class 4 \u2192 class 0
[2026-07-19 13:43:30,594] 39 root - INFO - [Attacker] Label flip: 32 samples class 4 \u2192 class 0
[2026-07-19 13:43:30,600] 39 root - INFO - [Attacker] Label flip: 30 samples class 4 \u2192 class 0
[2026-07-19 13:43:30,609] 39 root - INFO - [Attacker] Label flip: 21 samples class 4 \u2192 class 0
[2026-07-19 13:43:30,618] 39 root - INFO - [Attacker] Label flip: 21 samples class 4 \u2192 class 0
[2026-07-19 13:43:30,626] 39 root - INFO - [Attacker] Label flip: 30 samples class 4 \u2192 class 0
[2026-07-19 13:43:30,634] 39 root - INFO - [Attacker] Label flip: 28 samples class 4 \u2192 class 0
[2026-07-19 13:43:30,642] 39 root - INFO - [Attacker] Label flip: 32 samples class 4 \u2192 class 0
[2026-07-19 13:43:30,650] 39 root - INFO - [Attacker] Label flip: 19 samples class 4 \u2192 class 0
[2026-07-19 13:43:30,658] 39 root - INFO - [Attacker] Label flip: 31 samples class 4 \u2192 class 0
[2026-07-19 13:43:30,666] 39 root - INFO - [Attacker] Label flip: 36 samples class 4 \u2192 class 0
[2026-07-19 13:43:30,674] 39 root - INFO - [Attacker] Label flip: 31 samples class 4 \u2192 class 0
[2026-07-19 13:43:30,682] 39 root - INFO - [Attacker] Label flip: 27 samples class 4 \u2192 class 0
[2026-07-19 13:43:30,689] 39 root - INFO - [Attacker] Label flip: 24 samples class 4 \u2192 class 0
[2026-07-19 13:43:30,697] 39 root - INFO - [Attacker] Label flip: 29 samples class 4 \u2192 class 0
[2026-07-19 13:43:30,705] 39 root - INFO - [Attacker] Label flip: 32 samples class 4 \u2192 class 0
[2026-07-19 13:43:30,714] 39 root - INFO - [Attacker] Label flip: 24 samples class 4 \u2192 class 0
[2026-07-19 13:43:30,723] 39 root - INFO - [Attacker] Label flip: 22 samples class 4 \u2192 class 0
[2026-07-19 13:43:30,731] 39 root - INFO - [Attacker] Label flip: 31 samples class 4 \u2192 class 0
[2026-07-19 13:43:30,742] 39 root - INFO - [Attacker] Label flip: 28 samples class 4 \u2192 class 0
[2026-07-19 13:43:30,752] 39 root - INFO - [Attacker] Label flip: 29 samples class 4 \u2192 class 0
[2026-07-19 13:43:30,760] 39 root - INFO - [Attacker] Label flip: 30 samples class 4 \u2192 class 0
[2026-07-19 13:43:30,768] 39 root - INFO - [Attacker] Label flip: 29 samples class 4 \u2192 class 0
[2026-07-19 13:43:30,774] 39 root - INFO - [Attacker] Label flip: 25 samples class 4 \u2192 class 0
[2026-07-19 13:43:30,783] 39 root - INFO - [Attacker] Label flip: 28 samples class 4 \u2192 class 0
[2026-07-19 13:43:30,791] 39 root - INFO - [Attacker] Label flip: 33 samples class 4 \u2192 class 0
[2026-07-19 13:43:30,799] 39 root - INFO - [Attacker] Label flip: 31 samples class 4 \u2192 class 0
[2026-07-19 13:43:30,807] 39 root - INFO - [Attacker] Label flip: 26 samples class 4 \u2192 class 0
[2026-07-19 13:43:30,815] 39 root - INFO - [Attacker] Label flip: 29 samples class 4 \u2192 class 0
[2026-07-19 13:43:30,823] 39 root - INFO - [Attacker] Label flip: 39 samples class 4 \u2192 class 0
[2026-07-19 13:43:30,830] 39 root - INFO - [Attacker] Label flip: 26 samples class 4 \u2192 class 0
[2026-07-19 13:43:30,838] 39 root - INFO - [Attacker] Label flip: 35 samples class 4 \u2192 class 0
[2026-07-19 13:43:30,846] 39 root - INFO - [Attacker] Label flip: 27 samples class 4 \u2192 class 0
[2026-07-19 13:43:30,858] 39 root - INFO - [Attacker] Label flip: 26 samples class 4 \u2192 class 0
[2026-07-19 13:43:30,866] 39 root - INFO - [Attacker] Label flip: 24 samples class 4 \u2192 class 0
[2026-07-19 13:43:30,874] 39 root - INFO - [Attacker] Label flip: 31 samples class 4 \u2192 class 0
[2026-07-19 13:43:30,882] 39 root - INFO - [Attacker] Label flip: 35 samples class 4 \u2192 class 0
[2026-07-19 13:43:30,892] 39 root - INFO - [Attacker] Label flip: 26 samples class 4 \u2192 class 0
[2026-07-19 13:43:30,900] 39 root - INFO - [Attacker] Label flip: 32 samples class 4 \u2192 class 0
[2026-07-19 13:43:30,907] 39 root - INFO - [Attacker] Label flip: 26 samples class 4 \u2192 class 0
[2026-07-19 13:43:30,915] 39 root - INFO - [Attacker] Label flip: 25 samples class 4 \u2192 class 0
[2026-07-19 13:43:30,925] 39 root - INFO - [Attacker] Label flip: 25 samples class 4 \u2192 class 0
[2026-07-19 13:43:30,931] 39 root - INFO - [Attacker] Label flip: 31 samples class 4 \u2192 class 0
[2026-07-19 13:43:30,941] 39 root - INFO - [Attacker] Label flip: 35 samples class 4 \u2192 class 0
[2026-07-19 13:43:30,947] 39 root - INFO - [Attacker] Label flip: 23 samples class 4 \u2192 class 0
[2026-07-19 13:43:30,957] 39 root - INFO - [Attacker] Label flip: 24 samples class 4 \u2192 class 0
[2026-07-19 13:43:30,965] 39 root - INFO - [Attacker] Label flip: 30 samples class 4 \u2192 class 0
[2026-07-19 13:43:30,972] 39 root - INFO - [Attacker] Label flip: 27 samples class 4 \u2192 class 0
[2026-07-19 13:43:30,980] 39 root - INFO - [Attacker] Label flip: 24 samples class 4 \u2192 class 0
[2026-07-19 13:43:30,990] 39 root - INFO - [Attacker] Label flip: 28 samples class 4 \u2192 class 0
[2026-07-19 13:43:30,998] 39 root - INFO - [Attacker] Label flip: 35 samples class 4 \u2192 class 0
[2026-07-19 13:43:31,006] 39 root - INFO - [Attacker] Label flip: 30 samples class 4 \u2192 class 0
[2026-07-19 13:43:31,012] 39 root - INFO - [Attacker] Label flip: 33 samples class 4 \u2192 class 0
[2026-07-19 13:43:31,024] 39 root - INFO - [Attacker] Label flip: 26 samples class 4 \u2192 class 0
[2026-07-19 13:43:31,032] 39 root - INFO - [Attacker] Label flip: 28 samples class 4 \u2192 class 0
[2026-07-19 13:43:31,038] 39 root - INFO - [Attacker] Label flip: 31 samples class 4 \u2192 class 0
[2026-07-19 13:43:31,046] 39 root - INFO - [Attacker] Label flip: 32 samples class 4 \u2192 class 0
[2026-07-19 13:43:31,053] 39 root - INFO - [Attacker] Label flip: 25 samples class 4 \u2192 class 0
[2026-07-19 13:43:31,064] 39 root - INFO - [Attacker] Label flip: 22 samples class 4 \u2192 class 0
[2026-07-19 13:43:31,072] 39 root - INFO - [Attacker] Label flip: 30 samples class 4 \u2192 class 0
[2026-07-19 13:43:31,079] 39 root - INFO - [Attacker] Label flip: 32 samples class 4 \u2192 class 0
[2026-07-19 13:43:31,087] 39 root - INFO - [Attacker] Label flip: 29 samples class 4 \u2192 class 0
[2026-07-19 13:43:31,095] 39 root - INFO - [Attacker] Label flip: 32 samples class 4 \u2192 class 0
[2026-07-19 13:43:31,103] 39 root - INFO - [Attacker] Label flip: 28 samples class 4 \u2192 class 0
[2026-07-19 13:43:31,111] 39 root - INFO - [Attacker] Label flip: 24 samples class 4 \u2192 class 0
[2026-07-19 13:43:31,119] 39 root - INFO - [Attacker] Label flip: 27 samples class 4 \u2192 class 0
[2026-07-19 13:43:31,127] 39 root - INFO - [Attacker] Label flip: 34 samples class 4 \u2192 class 0
[2026-07-19 13:43:31,133] 39 root - INFO - [Attacker] Label flip: 26 samples class 4 \u2192 class 0
[2026-07-19 13:43:31,141] 39 root - INFO - [Attacker] Label flip: 22 samples class 4 \u2192 class 0
[2026-07-19 13:43:31,149] 39 root - INFO - [Attacker] Label flip: 33 samples class 4 \u2192 class 0
[2026-07-19 13:43:31,158] 39 root - INFO - [Attacker] Label flip: 28 samples class 4 \u2192 class 0
[2026-07-19 13:43:31,166] 39 root - INFO - [Attacker] Label flip: 26 samples class 4 \u2192 class 0
[2026-07-19 13:43:31,174] 39 root - INFO - [Attacker] Label flip: 34 samples class 4 \u2192 class 0
[2026-07-19 13:43:31,182] 39 root - INFO - [Attacker] Label flip: 29 samples class 4 \u2192 class 0
[2026-07-19 13:43:31,190] 39 root - INFO - [Attacker] Label flip: 31 samples class 4 \u2192 class 0
[2026-07-19 13:43:31,198] 39 root - INFO - [Attacker] Label flip: 27 samples class 4 \u2192 class 0
[2026-07-19 13:43:31,206] 39 root - INFO - [Attacker] Label flip: 40 samples class 4 \u2192 class 0
[2026-07-19 13:43:31,212] 39 root - INFO - [Attacker] Label flip: 26 samples class 4 \u2192 class 0
[2026-07-19 13:43:31,220] 39 root - INFO - [Attacker] Label flip: 27 samples class 4 \u2192 class 0
[2026-07-19 13:43:31,227] 39 root - INFO - [Attacker] Label flip: 29 samples class 4 \u2192 class 0
[2026-07-19 13:43:31,235] 39 root - INFO - [Attacker] Label flip: 33 samples class 4 \u2192 class 0
[2026-07-19 13:43:31,244] 39 root - INFO - [Attacker] Label flip: 37 samples class 4 \u2192 class 0
[2026-07-19 13:43:31,252] 39 root - INFO - [Attacker] Label flip: 28 samples class 4 \u2192 class 0
[2026-07-19 13:43:31,259] 39 root - INFO - [Attacker] Label flip: 26 samples class 4 \u2192 class 0
[2026-07-19 13:43:31,267] 39 root - INFO - [Attacker] Label flip: 25 samples class 4 \u2192 class 0
[2026-07-19 13:43:31,275] 39 root - INFO - [Attacker] Label flip: 31 samples class 4 \u2192 class 0
[2026-07-19 13:43:31,283] 39 root - INFO - [Attacker] Label flip: 39 samples class 4 \u2192 class 0
[2026-07-19 13:43:31,293] 39 root - INFO - [Attacker] Label flip: 22 samples class 4 \u2192 class 0
[2026-07-19 13:43:31,301] 39 root - INFO - [Attacker] Label flip: 29 samples class 4 \u2192 class 0
[2026-07-19 13:43:31,306] 39 root - INFO - [Attacker] Label flip: 35 samples class 4 \u2192 class 0
[2026-07-19 13:43:31,314] 39 root - INFO - [Attacker] Label flip: 28 samples class 4 \u2192 class 0
[2026-07-19 13:43:31,322] 39 root - INFO - [Attacker] Label flip: 27 samples class 4 \u2192 class 0
[2026-07-19 13:43:31,330] 39 root - INFO - [Attacker] Label flip: 35 samples class 4 \u2192 class 0
[2026-07-19 13:43:31,338] 39 root - INFO - [Attacker] Label flip: 27 samples class 4 \u2192 class 0
[2026-07-19 13:43:31,346] 39 root - INFO - [Attacker] Label flip: 25 samples class 4 \u2192 class 0
[2026-07-19 13:43:31,356] 39 root - INFO - [Attacker] Label flip: 38 samples class 4 \u2192 class 0
[2026-07-19 13:43:31,364] 39 root - INFO - [Attacker] Label flip: 36 samples class 4 \u2192 class 0
[2026-07-19 13:43:31,372] 39 root - INFO - [Attacker] Label flip: 31 samples class 4 \u2192 class 0
[2026-07-19 13:43:31,380] 39 root - INFO - [Attacker] Label flip: 31 samples class 4 \u2192 class 0
[2026-07-19 13:43:31,387] 39 root - INFO - [Attacker] Label flip: 32 samples class 4 \u2192 class 0
[2026-07-19 13:43:31,395] 39 root - INFO - [Attacker] Label flip: 35 samples class 4 \u2192 class 0
[2026-07-19 13:43:31,403] 39 root - INFO - [Attacker] Label flip: 31 samples class 4 \u2192 class 0
[2026-07-19 13:43:31,409] 39 root - INFO - [Attacker] Label flip: 17 samples class 4 \u2192 class 0
[2026-07-19 13:43:31,421] 39 root - INFO - [Attacker] Label flip: 28 samples class 4 \u2192 class 0
[2026-07-19 13:43:31,429] 39 root - INFO - [Attacker] Label flip: 38 samples class 4 \u2192 class 0
[2026-07-19 13:43:31,437] 39 root - INFO - [Attacker] Label flip: 34 samples class 4 \u2192 class 0
[2026-07-19 13:43:31,443] 39 root - INFO - [Attacker] Label flip: 28 samples class 4 \u2192 class 0
[2026-07-19 13:43:31,450] 39 root - INFO - [Attacker] Label flip: 28 samples class 4 \u2192 class 0
[2026-07-19 13:43:31,458] 39 root - INFO - [Attacker] Label flip: 25 samples class 4 \u2192 class 0
[2026-07-19 13:43:31,466] 39 root - INFO - [Attacker] Label flip: 22 samples class 4 \u2192 class 0
[2026-07-19 13:43:31,474] 39 root - INFO - [Attacker] Label flip: 33 samples class 4 \u2192 class 0
[2026-07-19 13:43:31,482] 39 root - INFO - [Attacker] Label flip: 28 samples class 4 \u2192 class 0
[2026-07-19 13:43:31,492] 39 root - INFO - [Attacker] Label flip: 25 samples class 4 \u2192 class 0
[2026-07-19 13:43:31,498] 39 root - INFO - [Attacker] Label flip: 35 samples class 4 \u2192 class 0
[2026-07-19 13:43:31,506] 39 root - INFO - [Attacker] Label flip: 25 samples class 4 \u2192 class 0
[2026-07-19 13:43:31,514] 39 root - INFO - [Attacker] Label flip: 24 samples class 4 \u2192 class 0
[2026-07-19 13:43:31,522] 39 root - INFO - [Attacker] Label flip: 29 samples class 4 \u2192 class 0
[2026-07-19 13:43:31,529] 39 root - INFO - [Attacker] Label flip: 31 samples class 4 \u2192 class 0
[2026-07-19 13:43:31,537] 39 root - INFO - [Attacker] Label flip: 29 samples class 4 \u2192 class 0
[2026-07-19 13:43:31,545] 39 root - INFO - [Attacker] Label flip: 29 samples class 4 \u2192 class 0
[2026-07-19 13:43:31,555] 39 root - INFO - [Attacker] Label flip: 30 samples class 4 \u2192 class 0
[2026-07-19 13:43:31,563] 39 root - INFO - [Attacker] Label flip: 20 samples class 4 \u2192 class 0
[2026-07-19 13:43:31,571] 39 root - INFO - [Attacker] Label flip: 30 samples class 4 \u2192 class 0
[2026-07-19 13:43:31,579] 39 root - INFO - [Attacker] Label flip: 24 samples class 4 \u2192 class 0
[2026-07-19 13:43:31,587] 39 root - INFO - [Attacker] Label flip: 38 samples class 4 \u2192 class 0
[2026-07-19 13:43:31,597] 39 root - INFO - [Attacker] Label flip: 35 samples class 4 \u2192 class 0
[2026-07-19 13:43:31,605] 39 root - INFO - [Attacker] Label flip: 26 samples class 4 \u2192 class 0
[2026-07-19 13:43:31,611] 39 root - INFO - [Attacker] Label flip: 24 samples class 4 \u2192 class 0
[2026-07-19 13:43:31,619] 39 root - INFO - [Attacker] Label flip: 35 samples class 4 \u2192 class 0
[2026-07-19 13:43:31,626] 39 root - INFO - [Attacker] Label flip: 18 samples class 4 \u2192 class 0
[2026-07-19 13:43:31,634] 39 root - INFO - [Attacker] Label flip: 26 samples class 4 \u2192 class 0
[2026-07-19 13:43:31,642] 39 root - INFO - [Attacker] Label flip: 30 samples class 4 \u2192 class 0
[2026-07-19 13:43:31,650] 39 root - INFO - [Attacker] Label flip: 29 samples class 4 \u2192 class 0
[2026-07-19 13:43:31,660] 39 root - INFO - [Attacker] Label flip: 26 samples class 4 \u2192 class 0
[2026-07-19 13:43:31,668] 39 root - INFO - [Attacker] Label flip: 32 samples class 4 \u2192 class 0
[2026-07-19 13:43:31,676] 39 root - INFO - [Attacker] Label flip: 31 samples class 4 \u2192 class 0
[2026-07-19 13:43:31,880] 39 root - INFO - [Attacker] Label flip: 32 samples class 4 \u2192 class 0
[2026-07-19 13:43:31,892] 39 root - INFO - [Attacker] Label flip: 30 samples class 4 \u2192 class 0
[2026-07-19 13:43:31,900] 39 root - INFO - [Attacker] Label flip: 33 samples class 4 \u2192 class 0
[2026-07-19 13:43:31,908] 39 root - INFO - [Attacker] Label flip: 31 samples class 4 \u2192 class 0
[2026-07-19 13:43:31,916] 39 root - INFO - [Attacker] Label flip: 26 samples class 4 \u2192 class 0
[2026-07-19 13:43:31,926] 39 root - INFO - [Attacker] Label flip: 30 samples class 4 \u2192 class 0
[2026-07-19 13:43:31,934] 39 root - INFO - [Attacker] Label flip: 23 samples class 4 \u2192 class 0
[2026-07-19 13:43:31,942] 39 root - INFO - [Attacker] Label flip: 30 samples class 4 \u2192 class 0
[2026-07-19 13:43:31,950] 39 root - INFO - [Attacker] Label flip: 19 samples class 4 \u2192 class 0
[2026-07-19 13:43:31,958] 39 root - INFO - [Attacker] Label flip: 33 samples class 4 \u2192 class 0
[2026-07-19 13:43:31,966] 39 root - INFO - [Attacker] Label flip: 24 samples class 4 \u2192 class 0
[2026-07-19 13:43:31,974] 39 root - INFO - [Attacker] Label flip: 26 samples class 4 \u2192 class 0
[2026-07-19 13:43:31,981] 39 root - INFO - [Attacker] Label flip: 18 samples class 4 \u2192 class 0
[2026-07-19 13:43:31,989] 39 root - INFO - [Attacker] Label flip: 29 samples class 4 \u2192 class 0
[2026-07-19 13:43:31,997] 39 root - INFO - [Attacker] Label flip: 40 samples class 4 \u2192 class 0
[2026-07-19 13:43:32,005] 39 root - INFO - [Attacker] Label flip: 24 samples class 4 \u2192 class 0
[2026-07-19 13:43:32,013] 39 root - INFO - [Attacker] Label flip: 29 samples class 4 \u2192 class 0
[2026-07-19 13:43:32,021] 39 root - INFO - [Attacker] Label flip: 20 samples class 4 \u2192 class 0
[2026-07-19 13:43:32,030] 39 root - INFO - [Attacker] Label flip: 34 samples class 4 \u2192 class 0
[2026-07-19 13:43:32,036] 39 root - INFO - [Attacker] Label flip: 33 samples class 4 \u2192 class 0
[2026-07-19 13:43:32,045] 39 root - INFO - [Attacker] Label flip: 28 samples class 4 \u2192 class 0
[2026-07-19 13:43:32,051] 39 root - INFO - [Attacker] Label flip: 24 samples class 4 \u2192 class 0
[2026-07-19 13:43:32,071] 39 root - INFO - [Attacker] Label flip: 25 samples class 4 \u2192 class 0
[2026-07-19 13:43:32,078] 39 root - INFO - [Attacker] Label flip: 23 samples class 4 \u2192 class 0
[2026-07-19 13:43:32,085] 39 root - INFO - [Attacker] Label flip: 22 samples class 4 \u2192 class 0
[2026-07-19 13:43:32,092] 39 root - INFO - [Attacker] Label flip: 27 samples class 4 \u2192 class 0
[2026-07-19 13:43:32,108] 39 root - INFO - [Attacker] Label flip: 27 samples class 4 \u2192 class 0
[2026-07-19 13:43:32,116] 39 root - INFO - [Attacker] Label flip: 22 samples class 4 \u2192 class 0
[2026-07-19 13:43:32,122] 39 root - INFO - [Attacker] Label flip: 23 samples class 4 \u2192 class 0
[2026-07-19 13:43:32,130] 39 root - INFO - [Attacker] Label flip: 32 samples class 4 \u2192 class 0
[2026-07-19 13:43:32,140] 39 root - INFO - [Attacker] Label flip: 31 samples class 4 \u2192 class 0
[2026-07-19 13:43:32,146] 39 root - INFO - [Attacker] Label flip: 31 samples class 4 \u2192 class 0
[2026-07-19 13:43:32,153] 39 root - INFO - [Attacker] Label flip: 30 samples class 4 \u2192 class 0
[2026-07-19 13:43:32,162] 39 root - INFO - [Attacker] Label flip: 29 samples class 4 \u2192 class 0
[2026-07-19 13:43:32,169] 39 root - INFO - [Attacker] Label flip: 28 samples class 4 \u2192 class 0
[2026-07-19 13:43:32,177] 39 root - INFO - [Attacker] Label flip: 21 samples class 4 \u2192 class 0
[2026-07-19 13:43:32,187] 39 root - INFO - [Attacker] Label flip: 26 samples class 4 \u2192 class 0
[2026-07-19 13:43:32,195] 39 root - INFO - [Attacker] Label flip: 28 samples class 4 \u2192 class 0
[2026-07-19 13:43:32,201] 39 root - INFO - [Attacker] Label flip: 24 samples class 4 \u2192 class 0
[2026-07-19 13:43:32,211] 39 root - INFO - [Attacker] Label flip: 22 samples class 4 \u2192 class 0
[2026-07-19 13:43:32,219] 39 root - INFO - [Attacker] Label flip: 29 samples class 4 \u2192 class 0
[2026-07-19 13:43:32,227] 39 root - INFO - [Attacker] Label flip: 29 samples class 4 \u2192 class 0
[2026-07-19 13:43:32,235] 39 root - INFO - [Attacker] Label flip: 33 samples class 4 \u2192 class 0
[2026-07-19 13:43:32,245] 39 root - INFO - [Attacker] Label flip: 35 samples class 4 \u2192 class 0
[2026-07-19 13:43:32,252] 39 root - INFO - [Attacker] Label flip: 27 samples class 4 \u2192 class 0
[2026-07-19 13:43:32,260] 39 root - INFO - [Attacker] Label flip: 35 samples class 4 \u2192 class 0
[2026-07-19 13:43:32,268] 39 root - INFO - [Attacker] Label flip: 28 samples class 4 \u2192 class 0
[2026-07-19 13:43:32,278] 39 root - INFO - [Attacker] Label flip: 32 samples class 4 \u2192 class 0
[2026-07-19 13:43:32,286] 39 root - INFO - [Attacker] Label flip: 22 samples class 4 \u2192 class 0
[2026-07-19 13:43:32,294] 39 root - INFO - [Attacker] Label flip: 31 samples class 4 \u2192 class 0
[2026-07-19 13:43:32,302] 39 root - INFO - [Attacker] Label flip: 27 samples class 4 \u2192 class 0
[2026-07-19 13:43:32,313] 39 root - INFO - [Attacker] Label flip: 32 samples class 4 \u2192 class 0
[2026-07-19 13:43:32,321] 39 root - INFO - [Attacker] Label flip: 25 samples class 4 \u2192 class 0
[2026-07-19 13:43:32,329] 39 root - INFO - [Attacker] Label flip: 32 samples class 4 \u2192 class 0
[2026-07-19 13:43:32,337] 39 root - INFO - [Attacker] Label flip: 29 samples class 4 \u2192 class 0
[2026-07-19 13:43:32,344] 39 root - INFO - [Attacker] Label flip: 29 samples class 4 \u2192 class 0
[2026-07-19 13:43:32,352] 39 root - INFO - [Attacker] Label flip: 25 samples class 4 \u2192 class 0
[2026-07-19 13:43:32,360] 39 root - INFO - [Attacker] Label flip: 36 samples class 4 \u2192 class 0
[2026-07-19 13:43:32,366] 39 root - INFO - [Attacker] Label flip: 30 samples class 4 \u2192 class 0
[2026-07-19 13:43:32,378] 39 root - INFO - [Attacker] Label flip: 30 samples class 4 \u2192 class 0
[2026-07-19 13:43:32,386] 39 root - INFO - [Attacker] Label flip: 29 samples class 4 \u2192 class 0
[2026-07-19 13:43:32,394] 39 root - INFO - [Attacker] Label flip: 20 samples class 4 \u2192 class 0
[2026-07-19 13:43:32,402] 39 root - INFO - [Attacker] Label flip: 26 samples class 4 \u2192 class 0
[2026-07-19 13:43:32,410] 39 root - INFO - [Attacker] Label flip: 24 samples class 4 \u2192 class 0
[2026-07-19 13:43:32,418] 39 root - INFO - [Attacker] Label flip: 25 samples class 4 \u2192 class 0
[2026-07-19 13:43:32,426] 39 root - INFO - [Attacker] Label flip: 30 samples class 4 \u2192 class 0
[2026-07-19 13:43:32,434] 39 root - INFO - [Attacker] Label flip: 27 samples class 4 \u2192 class 0
[2026-07-19 13:43:32,441] 39 root - INFO - [Attacker] Label flip: 33 samples class 4 \u2192 class 0
[2026-07-19 13:43:32,449] 39 root - INFO - [Attacker] Label flip: 31 samples class 4 \u2192 class 0
[2026-07-19 13:43:32,457] 39 root - INFO - [Attacker] Label flip: 36 samples class 4 \u2192 class 0
[2026-07-19 13:43:32,463] 39 root - INFO - [Attacker] Label flip: 41 samples class 4 \u2192 class 0
[2026-07-19 13:43:32,473] 39 root - INFO - [Attacker] Label flip: 24 samples class 4 \u2192 class 0
[2026-07-19 13:43:32,481] 39 root - INFO - [Attacker] Label flip: 20 samples class 4 \u2192 class 0
[2026-07-19 13:43:32,489] 39 root - INFO - [Attacker] Label flip: 26 samples class 4 \u2192 class 0
[2026-07-19 13:43:32,497] 39 root - INFO - [Attacker] Label flip: 22 samples class 4 \u2192 class 0
[2026-07-19 13:43:32,505] 39 root - INFO - [Attacker] Label flip: 30 samples class 4 \u2192 class 0
[2026-07-19 13:43:32,513] 39 root - INFO - [Attacker] Label flip: 26 samples class 4 \u2192 class 0
[2026-07-19 13:43:32,520] 39 root - INFO - [Attacker] Label flip: 21 samples class 4 \u2192 class 0
[2026-07-19 13:43:32,526] 39 root - INFO - [Attacker] Label flip: 32 samples class 4 \u2192 class 0
[2026-07-19 13:43:32,534] 39 root - INFO - [Attacker] Label flip: 31 samples class 4 \u2192 class 0
[2026-07-19 13:43:32,542] 39 root - INFO - [Attacker] Label flip: 32 samples class 4 \u2192 class 0
[2026-07-19 13:43:32,550] 39 root - INFO - [Attacker] Label flip: 26 samples class 4 \u2192 class 0
[2026-07-19 13:43:32,558] 39 root - INFO - [Attacker] Label flip: 20 samples class 4 \u2192 class 0
[2026-07-19 13:43:32,566] 39 root - INFO - [Attacker] Label flip: 31 samples class 4 \u2192 class 0
[2026-07-19 13:43:32,574] 39 root - INFO - [Attacker] Label flip: 30 samples class 4 \u2192 class 0
[2026-07-19 13:43:32,582] 39 root - INFO - [Attacker] Label flip: 27 samples class 4 \u2192 class 0
[2026-07-19 13:43:32,588] 39 root - INFO - [Attacker] Label flip: 35 samples class 4 \u2192 class 0
[2026-07-19 13:43:32,595] 39 root - INFO - [Attacker] Label flip: 20 samples class 4 \u2192 class 0
[2026-07-19 13:43:32,603] 39 root - INFO - [Attacker] Label flip: 43 samples class 4 \u2192 class 0
[2026-07-19 13:43:32,613] 39 root - INFO - [Attacker] Label flip: 33 samples class 4 \u2192 class 0
[2026-07-19 13:43:32,621] 39 root - INFO - [Attacker] Label flip: 27 samples class 4 \u2192 class 0
[2026-07-19 13:43:32,629] 39 root - INFO - [Attacker] Label flip: 37 samples class 4 \u2192 class 0
[2026-07-19 13:43:32,635] 39 root - INFO - [Attacker] Label flip: 24 samples class 4 \u2192 class 0
[2026-07-19 13:43:32,645] 39 root - INFO - [Attacker] Label flip: 35 samples class 4 \u2192 class 0
[2026-07-19 13:43:32,653] 39 root - INFO - [Attacker] Label flip: 21 samples class 4 \u2192 class 0
[2026-07-19 13:43:32,661] 39 root - INFO - [Attacker] Label flip: 28 samples class 4 \u2192 class 0
[2026-07-19 13:43:32,669] 39 root - INFO - [Attacker] Label flip: 32 samples class 4 \u2192 class 0
[2026-07-19 13:43:32,678] 39 root - INFO - [Attacker] Label flip: 27 samples class 4 \u2192 class 0
[2026-07-19 13:43:32,684] 39 root - INFO - [Attacker] Label flip: 32 samples class 4 \u2192 class 0
[2026-07-19 13:43:32,692] 39 root - INFO - [Attacker] Label flip: 32 samples class 4 \u2192 class 0
[2026-07-19 13:43:32,700] 39 root - INFO - [Attacker] Label flip: 26 samples class 4 \u2192 class 0
[2026-07-19 13:43:32,708] 39 root - INFO - [Attacker] Label flip: 26 samples class 4 \u2192 class 0
[2026-07-19 13:43:32,716] 39 root - INFO - [Attacker] Label flip: 23 samples class 4 \u2192 class 0
[2026-07-19 13:43:32,724] 39 root - INFO - [Attacker] Label flip: 26 samples class 4 \u2192 class 0
[2026-07-19 13:43:32,732] 39 root - INFO - [Attacker] Label flip: 34 samples class 4 \u2192 class 0
[2026-07-19 13:43:32,740] 39 root - INFO - [Attacker] Label flip: 26 samples class 4 \u2192 class 0
[2026-07-19 13:43:32,748] 39 root - INFO - [Attacker] Label flip: 17 samples class 4 \u2192 class 0
[2026-07-19 13:43:32,755] 39 root - INFO - [Attacker] Label flip: 29 samples class 4 \u2192 class 0
[2026-07-19 13:43:32,763] 39 root - INFO - [Attacker] Label flip: 25 samples class 4 \u2192 class 0
[2026-07-19 13:43:32,773] 39 root - INFO - [Attacker] Label flip: 22 samples class 4 \u2192 class 0
[2026-07-19 13:43:32,781] 39 root - INFO - [Attacker] Label flip: 30 samples class 4 \u2192 class 0
[2026-07-19 13:43:32,789] 39 root - INFO - [Attacker] Label flip: 25 samples class 4 \u2192 class 0
[2026-07-19 13:43:32,797] 39 root - INFO - [Attacker] Label flip: 30 samples class 4 \u2192 class 0
[2026-07-19 13:43:32,805] 39 root - INFO - [Attacker] Label flip: 28 samples class 4 \u2192 class 0
[2026-07-19 13:43:32,815] 39 root - INFO - [Attacker] Label flip: 34 samples class 4 \u2192 class 0
[2026-07-19 13:43:32,823] 39 root - INFO - [Attacker] Label flip: 28 samples class 4 \u2192 class 0
[2026-07-19 13:43:32,831] 39 root - INFO - [Attacker] Label flip: 32 samples class 4 \u2192 class 0
[2026-07-19 13:43:32,839] 39 root - INFO - [Attacker] Label flip: 31 samples class 4 \u2192 class 0
[2026-07-19 13:43:32,848] 39 root - INFO - [Attacker] Label flip: 25 samples class 4 \u2192 class 0
[2026-07-19 13:43:32,856] 39 root - INFO - [Attacker] Label flip: 27 samples class 4 \u2192 class 0
[2026-07-19 13:43:32,864] 39 root - INFO - [Attacker] Label flip: 34 samples class 4 \u2192 class 0
[2026-07-19 13:43:32,872] 39 root - INFO - [Attacker] Label flip: 27 samples class 4 \u2192 class 0
[2026-07-19 13:43:32,884] 39 root - INFO - [Attacker] Label flip: 29 samples class 4 \u2192 class 0
[2026-07-19 13:43:32,892] 39 root - INFO - [Attacker] Label flip: 21 samples class 4 \u2192 class 0
[2026-07-19 13:43:32,897] 39 root - INFO - [Attacker] Label flip: 32 samples class 4 \u2192 class 0
[2026-07-19 13:43:32,923] 268 flwr - WARNING - DEPRECATED FEATURE: `client_fn` now expects a signature `def client_fn(context: Context)`.The provided `client_fn` has signature: {'cid': <Parameter "cid: str">}. You can import the `Context` like this: `from flwr.common import Context`

            This is a deprecated feature. It will be removed
            entirely in future versions of Flower.
        
[2026-07-19 13:43:39,711] 268 flwr - WARNING - DEPRECATED FEATURE: `client_fn` now expects a signature `def client_fn(context: Context)`.The provided `client_fn` has signature: {'cid': <Parameter "cid: str">}. You can import the `Context` like this: `from flwr.common import Context`

            This is a deprecated feature. It will be removed
            entirely in future versions of Flower.
        
[2026-07-19 13:43:41,761] 268 flwr - WARNING - DEPRECATED FEATURE: `client_fn` now expects a signature `def client_fn(context: Context)`.The provided `client_fn` has signature: {'cid': <Parameter "cid: str">}. You can import the `Context` like this: `from flwr.common import Context`

            This is a deprecated feature. It will be removed
            entirely in future versions of Flower.
        
[2026-07-19 13:43:46,832] 268 flwr - WARNING - DEPRECATED FEATURE: `client_fn` now expects a signature `def client_fn(context: Context)`.The provided `client_fn` has signature: {'cid': <Parameter "cid: str">}. You can import the `Context` like this: `from flwr.common import Context`

            This is a deprecated feature. It will be removed
            entirely in future versions of Flower.
        
[2026-07-19 13:43:49,665] 268 flwr - WARNING - DEPRECATED FEATURE: `client_fn` now expects a signature `def client_fn(context: Context)`.The provided `client_fn` has signature: {'cid': <Parameter "cid: str">}. You can import the `Context` like this: `from flwr.common import Context`

            This is a deprecated feature. It will be removed
            entirely in future versions of Flower.
        
[2026-07-19 13:43:51,005] 268 flwr - WARNING - DEPRECATED FEATURE: `client_fn` now expects a signature `def client_fn(context: Context)`.The provided `client_fn` has signature: {'cid': <Parameter "cid: str">}. You can import the `Context` like this: `from flwr.common import Context`

            This is a deprecated feature. It will be removed
            entirely in future versions of Flower.
        
[2026-07-19 13:43:51,181] 39 root - INFO - [Attacker] Label flip: 14 samples class 4 \u2192 class 0
[2026-07-19 13:43:51,191] 39 root - INFO - [Attacker] Label flip: 21 samples class 4 \u2192 class 0
[2026-07-19 13:43:51,199] 39 root - INFO - [Attacker] Label flip: 13 samples class 4 \u2192 class 0
[2026-07-19 13:43:51,207] 39 root - INFO - [Attacker] Label flip: 12 samples class 4 \u2192 class 0
[2026-07-19 13:43:51,215] 39 root - INFO - [Attacker] Label flip: 22 samples class 4 \u2192 class 0
[2026-07-19 13:43:51,223] 39 root - INFO - [Attacker] Label flip: 17 samples class 4 \u2192 class 0
[2026-07-19 13:43:51,237] 39 root - INFO - [Attacker] Label flip: 13 samples class 4 \u2192 class 0
[2026-07-19 13:43:51,245] 39 root - INFO - [Attacker] Label flip: 14 samples class 4 \u2192 class 0
[2026-07-19 13:43:51,253] 39 root - INFO - [Attacker] Label flip: 10 samples class 4 \u2192 class 0
[2026-07-19 13:43:51,261] 39 root - INFO - [Attacker] Label flip: 12 samples class 4 \u2192 class 0
[2026-07-19 13:43:51,269] 39 root - INFO - [Attacker] Label flip: 9 samples class 4 \u2192 class 0
[2026-07-19 13:43:51,279] 39 root - INFO - [Attacker] Label flip: 10 samples class 4 \u2192 class 0
[2026-07-19 13:43:51,287] 39 root - INFO - [Attacker] Label flip: 10 samples class 4 \u2192 class 0
[2026-07-19 13:43:51,294] 39 root - INFO - [Attacker] Label flip: 12 samples class 4 \u2192 class 0
[2026-07-19 13:43:51,302] 39 root - INFO - [Attacker] Label flip: 12 samples class 4 \u2192 class 0
[2026-07-19 13:43:51,310] 39 root - INFO - [Attacker] Label flip: 14 samples class 4 \u2192 class 0
[2026-07-19 13:43:51,318] 39 root - INFO - [Attacker] Label flip: 9 samples class 4 \u2192 class 0
[2026-07-19 13:43:51,324] 39 root - INFO - [Attacker] Label flip: 9 samples class 4 \u2192 class 0
[2026-07-19 13:43:51,332] 39 root - INFO - [Attacker] Label flip: 10 samples class 4 \u2192 class 0
[2026-07-19 13:43:51,340] 39 root - INFO - [Attacker] Label flip: 14 samples class 4 \u2192 class 0
[2026-07-19 13:43:51,347] 39 root - INFO - [Attacker] Label flip: 13 samples class 4 \u2192 class 0
[2026-07-19 13:43:51,355] 39 root - INFO - [Attacker] Label flip: 11 samples class 4 \u2192 class 0
[2026-07-19 13:43:51,363] 39 root - INFO - [Attacker] Label flip: 8 samples class 4 \u2192 class 0
[2026-07-19 13:43:51,375] 39 root - INFO - [Attacker] Label flip: 12 samples class 4 \u2192 class 0
[2026-07-19 13:43:51,383] 39 root - INFO - [Attacker] Label flip: 13 samples class 4 \u2192 class 0
[2026-07-19 13:43:51,392] 39 root - INFO - [Attacker] Label flip: 11 samples class 4 \u2192 class 0
[2026-07-19 13:43:51,399] 39 root - INFO - [Attacker] Label flip: 12 samples class 4 \u2192 class 0
[2026-07-19 13:43:51,409] 39 root - INFO - [Attacker] Label flip: 16 samples class 4 \u2192 class 0
[2026-07-19 13:43:51,416] 39 root - INFO - [Attacker] Label flip: 12 samples class 4 \u2192 class 0
[2026-07-19 13:43:51,422] 39 root - INFO - [Attacker] Label flip: 15 samples class 4 \u2192 class 0
[2026-07-19 13:43:51,430] 39 root - INFO - [Attacker] Label flip: 15 samples class 4 \u2192 class 0
[2026-07-19 13:43:51,438] 39 root - INFO - [Attacker] Label flip: 10 samples class 4 \u2192 class 0
[2026-07-19 13:43:51,446] 39 root - INFO - [Attacker] Label flip: 12 samples class 4 \u2192 class 0
[2026-07-19 13:43:51,454] 39 root - INFO - [Attacker] Label flip: 14 samples class 4 \u2192 class 0
[2026-07-19 13:43:51,463] 39 root - INFO - [Attacker] Label flip: 7 samples class 4 \u2192 class 0
[2026-07-19 13:43:51,475] 39 root - INFO - [Attacker] Label flip: 17 samples class 4 \u2192 class 0
[2026-07-19 13:43:51,483] 39 root - INFO - [Attacker] Label flip: 8 samples class 4 \u2192 class 0
[2026-07-19 13:43:51,489] 39 root - INFO - [Attacker] Label flip: 17 samples class 4 \u2192 class 0
[2026-07-19 13:43:51,498] 39 root - INFO - [Attacker] Label flip: 16 samples class 4 \u2192 class 0
[2026-07-19 13:43:51,508] 39 root - INFO - [Attacker] Label flip: 20 samples class 4 \u2192 class 0
[2026-07-19 13:43:51,515] 39 root - INFO - [Attacker] Label flip: 16 samples class 4 \u2192 class 0
[2026-07-19 13:43:51,523] 39 root - INFO - [Attacker] Label flip: 7 samples class 4 \u2192 class 0
[2026-07-19 13:43:51,531] 39 root - INFO - [Attacker] Label flip: 12 samples class 4 \u2192 class 0
[2026-07-19 13:43:51,540] 39 root - INFO - [Attacker] Label flip: 12 samples class 4 \u2192 class 0
[2026-07-19 13:43:51,550] 39 root - INFO - [Attacker] Label flip: 10 samples class 4 \u2192 class 0
[2026-07-19 13:43:51,558] 39 root - INFO - [Attacker] Label flip: 11 samples class 4 \u2192 class 0
[2026-07-19 13:43:51,566] 39 root - INFO - [Attacker] Label flip: 11 samples class 4 \u2192 class 0
[2026-07-19 13:43:51,574] 39 root - INFO - [Attacker] Label flip: 14 samples class 4 \u2192 class 0
[2026-07-19 13:43:51,584] 39 root - INFO - [Attacker] Label flip: 11 samples class 4 \u2192 class 0
[2026-07-19 13:43:51,590] 39 root - INFO - [Attacker] Label flip: 12 samples class 4 \u2192 class 0
[2026-07-19 13:43:51,598] 39 root - INFO - [Attacker] Label flip: 18 samples class 4 \u2192 class 0
[2026-07-19 13:43:51,606] 39 root - INFO - [Attacker] Label flip: 11 samples class 4 \u2192 class 0
[2026-07-19 13:43:51,616] 39 root - INFO - [Attacker] Label flip: 14 samples class 4 \u2192 class 0
[2026-07-19 13:43:51,622] 39 root - INFO - [Attacker] Label flip: 16 samples class 4 \u2192 class 0
[2026-07-19 13:43:51,631] 39 root - INFO - [Attacker] Label flip: 9 samples class 4 \u2192 class 0
[2026-07-19 13:43:51,639] 39 root - INFO - [Attacker] Label flip: 9 samples class 4 \u2192 class 0
[2026-07-19 13:43:51,649] 39 root - INFO - [Attacker] Label flip: 20 samples class 4 \u2192 class 0
[2026-07-19 13:43:51,655] 39 root - INFO - [Attacker] Label flip: 13 samples class 4 \u2192 class 0
[2026-07-19 13:43:51,667] 39 root - INFO - [Attacker] Label flip: 17 samples class 4 \u2192 class 0
[2026-07-19 13:43:51,675] 39 root - INFO - [Attacker] Label flip: 13 samples class 4 \u2192 class 0
[2026-07-19 13:43:51,686] 39 root - INFO - [Attacker] Label flip: 17 samples class 4 \u2192 class 0
[2026-07-19 13:43:51,692] 39 root - INFO - [Attacker] Label flip: 10 samples class 4 \u2192 class 0
[2026-07-19 13:43:51,702] 39 root - INFO - [Attacker] Label flip: 14 samples class 4 \u2192 class 0
[2026-07-19 13:43:51,710] 39 root - INFO - [Attacker] Label flip: 12 samples class 4 \u2192 class 0
[2026-07-19 13:43:51,718] 39 root - INFO - [Attacker] Label flip: 8 samples class 4 \u2192 class 0
[2026-07-19 13:43:51,725] 39 root - INFO - [Attacker] Label flip: 4 samples class 4 \u2192 class 0
[2026-07-19 13:43:51,733] 39 root - INFO - [Attacker] Label flip: 12 samples class 4 \u2192 class 0
[2026-07-19 13:43:51,741] 39 root - INFO - [Attacker] Label flip: 14 samples class 4 \u2192 class 0
[2026-07-19 13:43:51,751] 39 root - INFO - [Attacker] Label flip: 15 samples class 4 \u2192 class 0
[2026-07-19 13:43:51,759] 39 root - INFO - [Attacker] Label flip: 16 samples class 4 \u2192 class 0
[2026-07-19 13:43:51,767] 39 root - INFO - [Attacker] Label flip: 12 samples class 4 \u2192 class 0
[2026-07-19 13:43:51,775] 39 root - INFO - [Attacker] Label flip: 11 samples class 4 \u2192 class 0
[2026-07-19 13:43:51,785] 39 root - INFO - [Attacker] Label flip: 10 samples class 4 \u2192 class 0
[2026-07-19 13:43:51,792] 39 root - INFO - [Attacker] Label flip: 10 samples class 4 \u2192 class 0
[2026-07-19 13:43:51,800] 39 root - INFO - [Attacker] Label flip: 10 samples class 4 \u2192 class 0
[2026-07-19 13:43:51,806] 39 root - INFO - [Attacker] Label flip: 14 samples class 4 \u2192 class 0
[2026-07-19 13:43:51,816] 39 root - INFO - [Attacker] Label flip: 8 samples class 4 \u2192 class 0
[2026-07-19 13:43:51,824] 39 root - INFO - [Attacker] Label flip: 11 samples class 4 \u2192 class 0
[2026-07-19 13:43:51,832] 39 root - INFO - [Attacker] Label flip: 9 samples class 4 \u2192 class 0
[2026-07-19 13:43:51,840] 39 root - INFO - [Attacker] Label flip: 13 samples class 4 \u2192 class 0
[2026-07-19 13:43:51,848] 39 root - INFO - [Attacker] Label flip: 11 samples class 4 \u2192 class 0
[2026-07-19 13:43:51,856] 39 root - INFO - [Attacker] Label flip: 16 samples class 4 \u2192 class 0
[2026-07-19 13:43:51,864] 39 root - INFO - [Attacker] Label flip: 8 samples class 4 \u2192 class 0
[2026-07-19 13:43:51,871] 39 root - INFO - [Attacker] Label flip: 6 samples class 4 \u2192 class 0
[2026-07-19 13:43:51,877] 39 root - INFO - [Attacker] Label flip: 7 samples class 4 \u2192 class 0
[2026-07-19 13:43:51,885] 39 root - INFO - [Attacker] Label flip: 8 samples class 4 \u2192 class 0
[2026-07-19 13:43:51,893] 39 root - INFO - [Attacker] Label flip: 13 samples class 4 \u2192 class 0
[2026-07-19 13:43:51,901] 39 root - INFO - [Attacker] Label flip: 16 samples class 4 \u2192 class 0
[2026-07-19 13:43:51,909] 39 root - INFO - [Attacker] Label flip: 16 samples class 4 \u2192 class 0
[2026-07-19 13:43:51,919] 39 root - INFO - [Attacker] Label flip: 20 samples class 4 \u2192 class 0
[2026-07-19 13:43:51,926] 39 root - INFO - [Attacker] Label flip: 10 samples class 4 \u2192 class 0
[2026-07-19 13:43:51,934] 39 root - INFO - [Attacker] Label flip: 20 samples class 4 \u2192 class 0
[2026-07-19 13:43:51,941] 39 root - INFO - [Attacker] Label flip: 11 samples class 4 \u2192 class 0
[2026-07-19 13:43:51,949] 39 root - INFO - [Attacker] Label flip: 7 samples class 4 \u2192 class 0
[2026-07-19 13:43:51,957] 39 root - INFO - [Attacker] Label flip: 9 samples class 4 \u2192 class 0
[2026-07-19 13:43:51,965] 39 root - INFO - [Attacker] Label flip: 11 samples class 4 \u2192 class 0
[2026-07-19 13:43:51,973] 39 root - INFO - [Attacker] Label flip: 14 samples class 4 \u2192 class 0
[2026-07-19 13:43:51,983] 39 root - INFO - [Attacker] Label flip: 15 samples class 4 \u2192 class 0
[2026-07-19 13:43:51,989] 39 root - INFO - [Attacker] Label flip: 16 samples class 4 \u2192 class 0
[2026-07-19 13:43:51,997] 39 root - INFO - [Attacker] Label flip: 10 samples class 4 \u2192 class 0
[2026-07-19 13:43:52,004] 39 root - INFO - [Attacker] Label flip: 13 samples class 4 \u2192 class 0
[2026-07-19 13:43:52,012] 39 root - INFO - [Attacker] Label flip: 16 samples class 4 \u2192 class 0
[2026-07-19 13:43:52,022] 39 root - INFO - [Attacker] Label flip: 8 samples class 4 \u2192 class 0
[2026-07-19 13:43:52,030] 39 root - INFO - [Attacker] Label flip: 11 samples class 4 \u2192 class 0
[2026-07-19 13:43:52,036] 39 root - INFO - [Attacker] Label flip: 14 samples class 4 \u2192 class 0
[2026-07-19 13:43:52,046] 39 root - INFO - [Attacker] Label flip: 13 samples class 4 \u2192 class 0
[2026-07-19 13:43:52,054] 39 root - INFO - [Attacker] Label flip: 13 samples class 4 \u2192 class 0
[2026-07-19 13:43:52,061] 39 root - INFO - [Attacker] Label flip: 10 samples class 4 \u2192 class 0
[2026-07-19 13:43:52,067] 39 root - INFO - [Attacker] Label flip: 17 samples class 4 \u2192 class 0
[2026-07-19 13:43:52,075] 39 root - INFO - [Attacker] Label flip: 15 samples class 4 \u2192 class 0
[2026-07-19 13:43:52,083] 39 root - INFO - [Attacker] Label flip: 18 samples class 4 \u2192 class 0
[2026-07-19 13:43:52,091] 39 root - INFO - [Attacker] Label flip: 9 samples class 4 \u2192 class 0
[2026-07-19 13:43:52,099] 39 root - INFO - [Attacker] Label flip: 13 samples class 4 \u2192 class 0
[2026-07-19 13:43:52,107] 39 root - INFO - [Attacker] Label flip: 12 samples class 4 \u2192 class 0
[2026-07-19 13:43:52,117] 39 root - INFO - [Attacker] Label flip: 10 samples class 4 \u2192 class 0
[2026-07-19 13:43:52,125] 39 root - INFO - [Attacker] Label flip: 8 samples class 4 \u2192 class 0
[2026-07-19 13:43:52,134] 39 root - INFO - [Attacker] Label flip: 16 samples class 4 \u2192 class 0
[2026-07-19 13:43:52,141] 39 root - INFO - [Attacker] Label flip: 17 samples class 4 \u2192 class 0
[2026-07-19 13:43:52,149] 39 root - INFO - [Attacker] Label flip: 10 samples class 4 \u2192 class 0
[2026-07-19 13:43:52,155] 39 root - INFO - [Attacker] Label flip: 15 samples class 4 \u2192 class 0
[2026-07-19 13:43:52,163] 39 root - INFO - [Attacker] Label flip: 15 samples class 4 \u2192 class 0
[2026-07-19 13:43:52,171] 39 root - INFO - [Attacker] Label flip: 11 samples class 4 \u2192 class 0
[2026-07-19 13:43:52,178] 39 root - INFO - [Attacker] Label flip: 13 samples class 4 \u2192 class 0
[2026-07-19 13:43:52,186] 39 root - INFO - [Attacker] Label flip: 14 samples class 4 \u2192 class 0
[2026-07-19 13:43:52,194] 39 root - INFO - [Attacker] Label flip: 13 samples class 4 \u2192 class 0
[2026-07-19 13:43:52,202] 39 root - INFO - [Attacker] Label flip: 10 samples class 4 \u2192 class 0
[2026-07-19 13:43:52,212] 39 root - INFO - [Attacker] Label flip: 16 samples class 4 \u2192 class 0
[2026-07-19 13:43:52,222] 39 root - INFO - [Attacker] Label flip: 12 samples class 4 \u2192 class 0
[2026-07-19 13:43:52,228] 39 root - INFO - [Attacker] Label flip: 13 samples class 4 \u2192 class 0
[2026-07-19 13:43:52,236] 39 root - INFO - [Attacker] Label flip: 12 samples class 4 \u2192 class 0
[2026-07-19 13:43:52,244] 39 root - INFO - [Attacker] Label flip: 11 samples class 4 \u2192 class 0
[2026-07-19 13:43:52,258] 39 root - INFO - [Attacker] Label flip: 18 samples class 4 \u2192 class 0
[2026-07-19 13:43:52,266] 39 root - INFO - [Attacker] Label flip: 5 samples class 4 \u2192 class 0
[2026-07-19 13:43:52,273] 39 root - INFO - [Attacker] Label flip: 13 samples class 4 \u2192 class 0
[2026-07-19 13:43:52,281] 39 root - INFO - [Attacker] Label flip: 16 samples class 4 \u2192 class 0
[2026-07-19 13:43:52,289] 39 root - INFO - [Attacker] Label flip: 9 samples class 4 \u2192 class 0
[2026-07-19 13:43:52,297] 39 root - INFO - [Attacker] Label flip: 15 samples class 4 \u2192 class 0
[2026-07-19 13:43:52,305] 39 root - INFO - [Attacker] Label flip: 11 samples class 4 \u2192 class 0
[2026-07-19 13:43:52,311] 39 root - INFO - [Attacker] Label flip: 11 samples class 4 \u2192 class 0
[2026-07-19 13:43:52,321] 39 root - INFO - [Attacker] Label flip: 17 samples class 4 \u2192 class 0
[2026-07-19 13:43:52,329] 39 root - INFO - [Attacker] Label flip: 11 samples class 4 \u2192 class 0
[2026-07-19 13:43:52,337] 39 root - INFO - [Attacker] Label flip: 14 samples class 4 \u2192 class 0
[2026-07-19 13:43:52,345] 39 root - INFO - [Attacker] Label flip: 14 samples class 4 \u2192 class 0
[2026-07-19 13:43:52,354] 39 root - INFO - [Attacker] Label flip: 12 samples class 4 \u2192 class 0
[2026-07-19 13:43:52,362] 39 root - INFO - [Attacker] Label flip: 11 samples class 4 \u2192 class 0
[2026-07-19 13:43:52,370] 39 root - INFO - [Attacker] Label flip: 11 samples class 4 \u2192 class 0
[2026-07-19 13:43:52,378] 39 root - INFO - [Attacker] Label flip: 7 samples class 4 \u2192 class 0
[2026-07-19 13:43:52,388] 39 root - INFO - [Attacker] Label flip: 8 samples class 4 \u2192 class 0
[2026-07-19 13:43:52,394] 39 root - INFO - [Attacker] Label flip: 17 samples class 4 \u2192 class 0
[2026-07-19 13:43:52,402] 39 root - INFO - [Attacker] Label flip: 11 samples class 4 \u2192 class 0
[2026-07-19 13:43:52,410] 39 root - INFO - [Attacker] Label flip: 9 samples class 4 \u2192 class 0
[2026-07-19 13:43:52,420] 39 root - INFO - [Attacker] Label flip: 16 samples class 4 \u2192 class 0
[2026-07-19 13:43:52,427] 39 root - INFO - [Attacker] Label flip: 11 samples class 4 \u2192 class 0
[2026-07-19 13:43:52,435] 39 root - INFO - [Attacker] Label flip: 13 samples class 4 \u2192 class 0
[2026-07-19 13:43:52,443] 39 root - INFO - [Attacker] Label flip: 4 samples class 4 \u2192 class 0
[2026-07-19 13:43:52,450] 39 root - INFO - [Attacker] Label flip: 10 samples class 4 \u2192 class 0
[2026-07-19 13:43:52,458] 39 root - INFO - [Attacker] Label flip: 16 samples class 4 \u2192 class 0
[2026-07-19 13:43:52,466] 39 root - INFO - [Attacker] Label flip: 13 samples class 4 \u2192 class 0
[2026-07-19 13:43:52,473] 39 root - INFO - [Attacker] Label flip: 18 samples class 4 \u2192 class 0
[2026-07-19 13:43:52,481] 39 root - INFO - [Attacker] Label flip: 13 samples class 4 \u2192 class 0
[2026-07-19 13:43:52,490] 39 root - INFO - [Attacker] Label flip: 16 samples class 4 \u2192 class 0
[2026-07-19 13:43:52,496] 39 root - INFO - [Attacker] Label flip: 13 samples class 4 \u2192 class 0
[2026-07-19 13:43:52,503] 39 root - INFO - [Attacker] Label flip: 10 samples class 4 \u2192 class 0
[2026-07-19 13:43:52,511] 39 root - INFO - [Attacker] Label flip: 9 samples class 4 \u2192 class 0
[2026-07-19 13:43:52,521] 39 root - INFO - [Attacker] Label flip: 14 samples class 4 \u2192 class 0
[2026-07-19 13:43:52,527] 39 root - INFO - [Attacker] Label flip: 16 samples class 4 \u2192 class 0
[2026-07-19 13:43:52,535] 39 root - INFO - [Attacker] Label flip: 15 samples class 4 \u2192 class 0
[2026-07-19 13:43:52,543] 39 root - INFO - [Attacker] Label flip: 11 samples class 4 \u2192 class 0
[2026-07-19 13:43:52,553] 39 root - INFO - [Attacker] Label flip: 15 samples class 4 \u2192 class 0
[2026-07-19 13:43:52,561] 39 root - INFO - [Attacker] Label flip: 24 samples class 4 \u2192 class 0
[2026-07-19 13:43:52,568] 39 root - INFO - [Attacker] Label flip: 13 samples class 4 \u2192 class 0
[2026-07-19 13:43:52,574] 39 root - INFO - [Attacker] Label flip: 8 samples class 4 \u2192 class 0
[2026-07-19 13:43:52,584] 39 root - INFO - [Attacker] Label flip: 11 samples class 4 \u2192 class 0
[2026-07-19 13:43:52,592] 39 root - INFO - [Attacker] Label flip: 17 samples class 4 \u2192 class 0
[2026-07-19 13:43:52,600] 39 root - INFO - [Attacker] Label flip: 11 samples class 4 \u2192 class 0
[2026-07-19 13:43:52,607] 39 root - INFO - [Attacker] Label flip: 18 samples class 4 \u2192 class 0
[2026-07-19 13:43:52,616] 39 root - INFO - [Attacker] Label flip: 19 samples class 4 \u2192 class 0
[2026-07-19 13:43:52,624] 39 root - INFO - [Attacker] Label flip: 14 samples class 4 \u2192 class 0
[2026-07-19 13:43:52,632] 39 root - INFO - [Attacker] Label flip: 17 samples class 4 \u2192 class 0
[2026-07-19 13:43:52,640] 39 root - INFO - [Attacker] Label flip: 15 samples class 4 \u2192 class 0
[2026-07-19 13:43:52,649] 39 root - INFO - [Attacker] Label flip: 13 samples class 4 \u2192 class 0
[2026-07-19 13:43:52,657] 39 root - INFO - [Attacker] Label flip: 12 samples class 4 \u2192 class 0
[2026-07-19 13:43:52,665] 39 root - INFO - [Attacker] Label flip: 12 samples class 4 \u2192 class 0
[2026-07-19 13:43:52,673] 39 root - INFO - [Attacker] Label flip: 12 samples class 4 \u2192 class 0
[2026-07-19 13:43:52,680] 39 root - INFO - [Attacker] Label flip: 13 samples class 4 \u2192 class 0
[2026-07-19 13:43:52,688] 39 root - INFO - [Attacker] Label flip: 9 samples class 4 \u2192 class 0
[2026-07-19 13:43:52,696] 39 root - INFO - [Attacker] Label flip: 14 samples class 4 \u2192 class 0
[2026-07-19 13:43:52,704] 39 root - INFO - [Attacker] Label flip: 14 samples class 4 \u2192 class 0
[2026-07-19 13:43:52,712] 39 root - INFO - [Attacker] Label flip: 11 samples class 4 \u2192 class 0
[2026-07-19 13:43:52,722] 39 root - INFO - [Attacker] Label flip: 18 samples class 4 \u2192 class 0
[2026-07-19 13:43:52,730] 39 root - INFO - [Attacker] Label flip: 6 samples class 4 \u2192 class 0
[2026-07-19 13:43:52,738] 39 root - INFO - [Attacker] Label flip: 9 samples class 4 \u2192 class 0
[2026-07-19 13:43:52,745] 39 root - INFO - [Attacker] Label flip: 13 samples class 4 \u2192 class 0
[2026-07-19 13:43:52,753] 39 root - INFO - [Attacker] Label flip: 6 samples class 4 \u2192 class 0
[2026-07-19 13:43:52,761] 39 root - INFO - [Attacker] Label flip: 13 samples class 4 \u2192 class 0
[2026-07-19 13:43:52,769] 39 root - INFO - [Attacker] Label flip: 13 samples class 4 \u2192 class 0
[2026-07-19 13:43:52,778] 39 root - INFO - [Attacker] Label flip: 17 samples class 4 \u2192 class 0
[2026-07-19 13:43:52,786] 39 root - INFO - [Attacker] Label flip: 10 samples class 4 \u2192 class 0
[2026-07-19 13:43:52,792] 39 root - INFO - [Attacker] Label flip: 9 samples class 4 \u2192 class 0
[2026-07-19 13:43:52,800] 39 root - INFO - [Attacker] Label flip: 12 samples class 4 \u2192 class 0
[2026-07-19 13:43:52,808] 39 root - INFO - [Attacker] Label flip: 12 samples class 4 \u2192 class 0
[2026-07-19 13:43:52,816] 39 root - INFO - [Attacker] Label flip: 9 samples class 4 \u2192 class 0
[2026-07-19 13:43:52,826] 39 root - INFO - [Attacker] Label flip: 12 samples class 4 \u2192 class 0
[2026-07-19 13:43:52,835] 39 root - INFO - [Attacker] Label flip: 17 samples class 4 \u2192 class 0
[2026-07-19 13:43:52,844] 39 root - INFO - [Attacker] Label flip: 11 samples class 4 \u2192 class 0
[2026-07-19 13:43:52,852] 39 root - INFO - [Attacker] Label flip: 10 samples class 4 \u2192 class 0
[2026-07-19 13:43:52,862] 39 root - INFO - [Attacker] Label flip: 15 samples class 4 \u2192 class 0
[2026-07-19 13:43:52,870] 39 root - INFO - [Attacker] Label flip: 11 samples class 4 \u2192 class 0
[2026-07-19 13:43:52,876] 39 root - INFO - [Attacker] Label flip: 15 samples class 4 \u2192 class 0
[2026-07-19 13:43:52,884] 39 root - INFO - [Attacker] Label flip: 17 samples class 4 \u2192 class 0
[2026-07-19 13:43:52,895] 39 root - INFO - [Attacker] Label flip: 6 samples class 4 \u2192 class 0
[2026-07-19 13:43:52,901] 39 root - INFO - [Attacker] Label flip: 12 samples class 4 \u2192 class 0
[2026-07-19 13:43:52,911] 39 root - INFO - [Attacker] Label flip: 19 samples class 4 \u2192 class 0
[2026-07-19 13:43:52,919] 39 root - INFO - [Attacker] Label flip: 12 samples class 4 \u2192 class 0
[2026-07-19 13:43:52,929] 39 root - INFO - [Attacker] Label flip: 7 samples class 4 \u2192 class 0
[2026-07-19 13:43:52,935] 39 root - INFO - [Attacker] Label flip: 13 samples class 4 \u2192 class 0
[2026-07-19 13:43:52,945] 39 root - INFO - [Attacker] Label flip: 13 samples class 4 \u2192 class 0
[2026-07-19 13:43:52,951] 39 root - INFO - [Attacker] Label flip: 9 samples class 4 \u2192 class 0
[2026-07-19 13:43:52,959] 39 root - INFO - [Attacker] Label flip: 11 samples class 4 \u2192 class 0
[2026-07-19 13:43:52,967] 39 root - INFO - [Attacker] Label flip: 16 samples class 4 \u2192 class 0
[2026-07-19 13:43:52,976] 39 root - INFO - [Attacker] Label flip: 14 samples class 4 \u2192 class 0
[2026-07-19 13:43:52,983] 39 root - INFO - [Attacker] Label flip: 14 samples class 4 \u2192 class 0
[2026-07-19 13:43:52,992] 39 root - INFO - [Attacker] Label flip: 12 samples class 4 \u2192 class 0
[2026-07-19 13:43:53,001] 39 root - INFO - [Attacker] Label flip: 7 samples class 4 \u2192 class 0
[2026-07-19 13:43:53,009] 39 root - INFO - [Attacker] Label flip: 14 samples class 4 \u2192 class 0
[2026-07-19 13:43:53,016] 39 root - INFO - [Attacker] Label flip: 13 samples class 4 \u2192 class 0
[2026-07-19 13:43:53,024] 39 root - INFO - [Attacker] Label flip: 20 samples class 4 \u2192 class 0
[2026-07-19 13:43:53,036] 39 root - INFO - [Attacker] Label flip: 12 samples class 4 \u2192 class 0
[2026-07-19 13:43:53,044] 39 root - INFO - [Attacker] Label flip: 8 samples class 4 \u2192 class 0
[2026-07-19 13:43:53,052] 39 root - INFO - [Attacker] Label flip: 5 samples class 4 \u2192 class 0
[2026-07-19 13:43:53,060] 39 root - INFO - [Attacker] Label flip: 16 samples class 4 \u2192 class 0
[2026-07-19 13:43:53,067] 39 root - INFO - [Attacker] Label flip: 10 samples class 4 \u2192 class 0
[2026-07-19 13:43:53,075] 39 root - INFO - [Attacker] Label flip: 13 samples class 4 \u2192 class 0
[2026-07-19 13:43:53,083] 39 root - INFO - [Attacker] Label flip: 8 samples class 4 \u2192 class 0
[2026-07-19 13:43:53,091] 39 root - INFO - [Attacker] Label flip: 15 samples class 4 \u2192 class 0
[2026-07-19 13:43:53,099] 39 root - INFO - [Attacker] Label flip: 9 samples class 4 \u2192 class 0
[2026-07-19 13:43:53,107] 39 root - INFO - [Attacker] Label flip: 21 samples class 4 \u2192 class 0
[2026-07-19 13:43:53,117] 39 root - INFO - [Attacker] Label flip: 16 samples class 4 \u2192 class 0
[2026-07-19 13:43:53,123] 39 root - INFO - [Attacker] Label flip: 13 samples class 4 \u2192 class 0
[2026-07-19 13:43:53,131] 39 root - INFO - [Attacker] Label flip: 15 samples class 4 \u2192 class 0
[2026-07-19 13:43:53,145] 39 root - INFO - [Attacker] Label flip: 11 samples class 4 \u2192 class 0
[2026-07-19 13:43:53,153] 39 root - INFO - [Attacker] Label flip: 15 samples class 4 \u2192 class 0
[2026-07-19 13:43:53,161] 39 root - INFO - [Attacker] Label flip: 12 samples class 4 \u2192 class 0
[2026-07-19 13:43:53,169] 39 root - INFO - [Attacker] Label flip: 9 samples class 4 \u2192 class 0
[2026-07-19 13:43:53,178] 39 root - INFO - [Attacker] Label flip: 13 samples class 4 \u2192 class 0
[2026-07-19 13:43:53,186] 39 root - INFO - [Attacker] Label flip: 23 samples class 4 \u2192 class 0
[2026-07-19 13:43:53,194] 39 root - INFO - [Attacker] Label flip: 10 samples class 4 \u2192 class 0
[2026-07-19 13:43:53,202] 39 root - INFO - [Attacker] Label flip: 7 samples class 4 \u2192 class 0
[2026-07-19 13:43:53,211] 39 root - INFO - [Attacker] Label flip: 18 samples class 4 \u2192 class 0
[2026-07-19 13:43:53,218] 39 root - INFO - [Attacker] Label flip: 11 samples class 4 \u2192 class 0
[2026-07-19 13:43:53,226] 39 root - INFO - [Attacker] Label flip: 12 samples class 4 \u2192 class 0
[2026-07-19 13:43:53,234] 39 root - INFO - [Attacker] Label flip: 9 samples class 4 \u2192 class 0
[2026-07-19 13:43:53,245] 39 root - INFO - [Attacker] Label flip: 12 samples class 4 \u2192 class 0
[2026-07-19 13:43:53,252] 39 root - INFO - [Attacker] Label flip: 12 samples class 4 \u2192 class 0
[2026-07-19 13:43:53,260] 39 root - INFO - [Attacker] Label flip: 8 samples class 4 \u2192 class 0
[2026-07-19 13:43:53,268] 39 root - INFO - [Attacker] Label flip: 12 samples class 4 \u2192 class 0
[2026-07-19 13:43:53,277] 39 root - INFO - [Attacker] Label flip: 17 samples class 4 \u2192 class 0
[2026-07-19 13:43:53,286] 39 root - INFO - [Attacker] Label flip: 13 samples class 4 \u2192 class 0
[2026-07-19 13:43:53,294] 39 root - INFO - [Attacker] Label flip: 14 samples class 4 \u2192 class 0
[2026-07-19 13:43:53,302] 39 root - INFO - [Attacker] Label flip: 6 samples class 4 \u2192 class 0
[2026-07-19 13:43:53,312] 39 root - INFO - [Attacker] Label flip: 13 samples class 4 \u2192 class 0
[2026-07-19 13:43:53,318] 39 root - INFO - [Attacker] Label flip: 12 samples class 4 \u2192 class 0
[2026-07-19 13:43:53,326] 39 root - INFO - [Attacker] Label flip: 16 samples class 4 \u2192 class 0
[2026-07-19 13:43:53,333] 39 root - INFO - [Attacker] Label flip: 10 samples class 4 \u2192 class 0
[2026-07-19 13:43:53,344] 39 root - INFO - [Attacker] Label flip: 12 samples class 4 \u2192 class 0
[2026-07-19 13:43:53,354] 39 root - INFO - [Attacker] Label flip: 10 samples class 4 \u2192 class 0
[2026-07-19 13:43:53,360] 39 root - INFO - [Attacker] Label flip: 8 samples class 4 \u2192 class 0
[2026-07-19 13:43:53,368] 39 root - INFO - [Attacker] Label flip: 11 samples class 4 \u2192 class 0
[2026-07-19 13:43:53,376] 39 root - INFO - [Attacker] Label flip: 15 samples class 4 \u2192 class 0
[2026-07-19 13:43:53,386] 39 root - INFO - [Attacker] Label flip: 13 samples class 4 \u2192 class 0
[2026-07-19 13:43:53,394] 39 root - INFO - [Attacker] Label flip: 14 samples class 4 \u2192 class 0
[2026-07-19 13:43:53,400] 39 root - INFO - [Attacker] Label flip: 13 samples class 4 \u2192 class 0
[2026-07-19 13:43:53,409] 39 root - INFO - [Attacker] Label flip: 9 samples class 4 \u2192 class 0
[2026-07-19 13:43:53,415] 39 root - INFO - [Attacker] Label flip: 9 samples class 4 \u2192 class 0
[2026-07-19 13:43:53,425] 39 root - INFO - [Attacker] Label flip: 12 samples class 4 \u2192 class 0
[2026-07-19 13:43:53,431] 39 root - INFO - [Attacker] Label flip: 12 samples class 4 \u2192 class 0
[2026-07-19 13:43:53,439] 39 root - INFO - [Attacker] Label flip: 10 samples class 4 \u2192 class 0
[2026-07-19 13:43:53,451] 39 root - INFO - [Attacker] Label flip: 18 samples class 4 \u2192 class 0
[2026-07-19 13:43:53,460] 39 root - INFO - [Attacker] Label flip: 6 samples class 4 \u2192 class 0
[2026-07-19 13:43:53,466] 39 root - INFO - [Attacker] Label flip: 13 samples class 4 \u2192 class 0
[2026-07-19 13:43:53,474] 39 root - INFO - [Attacker] Label flip: 11 samples class 4 \u2192 class 0
[2026-07-19 13:43:53,484] 39 root - INFO - [Attacker] Label flip: 15 samples class 4 \u2192 class 0
[2026-07-19 13:43:53,492] 39 root - INFO - [Attacker] Label flip: 12 samples class 4 \u2192 class 0
[2026-07-19 13:43:53,500] 39 root - INFO - [Attacker] Label flip: 11 samples class 4 \u2192 class 0
[2026-07-19 13:43:53,509] 39 root - INFO - [Attacker] Label flip: 5 samples class 4 \u2192 class 0
[2026-07-19 13:43:53,515] 39 root - INFO - [Attacker] Label flip: 10 samples class 4 \u2192 class 0
[2026-07-19 13:43:53,524] 39 root - INFO - [Attacker] Label flip: 14 samples class 4 \u2192 class 0
[2026-07-19 13:43:53,532] 39 root - INFO - [Attacker] Label flip: 18 samples class 4 \u2192 class 0
[2026-07-19 13:43:53,538] 39 root - INFO - [Attacker] Label flip: 9 samples class 4 \u2192 class 0
[2026-07-19 13:43:53,546] 39 root - INFO - [Attacker] Label flip: 9 samples class 4 \u2192 class 0
[2026-07-19 13:43:53,554] 39 root - INFO - [Attacker] Label flip: 13 samples class 4 \u2192 class 0
[2026-07-19 13:43:53,562] 39 root - INFO - [Attacker] Label flip: 15 samples class 4 \u2192 class 0
[2026-07-19 13:43:53,570] 39 root - INFO - [Attacker] Label flip: 10 samples class 4 \u2192 class 0
[2026-07-19 13:43:53,582] 39 root - INFO - [Attacker] Label flip: 10 samples class 4 \u2192 class 0
[2026-07-19 13:43:53,588] 39 root - INFO - [Attacker] Label flip: 12 samples class 4 \u2192 class 0
[2026-07-19 13:43:53,596] 39 root - INFO - [Attacker] Label flip: 18 samples class 4 \u2192 class 0
[2026-07-19 13:43:53,604] 39 root - INFO - [Attacker] Label flip: 13 samples class 4 \u2192 class 0
[2026-07-19 13:43:53,612] 39 root - INFO - [Attacker] Label flip: 15 samples class 4 \u2192 class 0
[2026-07-19 13:43:53,622] 39 root - INFO - [Attacker] Label flip: 7 samples class 4 \u2192 class 0
[2026-07-19 13:43:53,630] 39 root - INFO - [Attacker] Label flip: 13 samples class 4 \u2192 class 0
[2026-07-19 13:43:53,635] 39 root - INFO - [Attacker] Label flip: 10 samples class 4 \u2192 class 0
[2026-07-19 13:43:53,643] 39 root - INFO - [Attacker] Label flip: 18 samples class 4 \u2192 class 0
[2026-07-19 13:43:53,651] 39 root - INFO - [Attacker] Label flip: 7 samples class 4 \u2192 class 0
[2026-07-19 13:43:53,659] 39 root - INFO - [Attacker] Label flip: 11 samples class 4 \u2192 class 0
[2026-07-19 13:43:53,667] 39 root - INFO - [Attacker] Label flip: 10 samples class 4 \u2192 class 0
[2026-07-19 13:43:53,675] 39 root - INFO - [Attacker] Label flip: 9 samples class 4 \u2192 class 0
[2026-07-19 13:43:53,683] 39 root - INFO - [Attacker] Label flip: 11 samples class 4 \u2192 class 0
[2026-07-19 13:43:53,691] 39 root - INFO - [Attacker] Label flip: 11 samples class 4 \u2192 class 0
[2026-07-19 13:43:53,699] 39 root - INFO - [Attacker] Label flip: 14 samples class 4 \u2192 class 0
[2026-07-19 13:43:53,705] 39 root - INFO - [Attacker] Label flip: 11 samples class 4 \u2192 class 0
[2026-07-19 13:43:53,717] 39 root - INFO - [Attacker] Label flip: 11 samples class 4 \u2192 class 0
[2026-07-19 13:43:53,725] 39 root - INFO - [Attacker] Label flip: 15 samples class 4 \u2192 class 0
[2026-07-19 13:43:53,732] 39 root - INFO - [Attacker] Label flip: 15 samples class 4 \u2192 class 0
[2026-07-19 13:43:53,738] 39 root - INFO - [Attacker] Label flip: 16 samples class 4 \u2192 class 0
[2026-07-19 13:43:53,748] 39 root - INFO - [Attacker] Label flip: 10 samples class 4 \u2192 class 0
[2026-07-19 13:43:53,756] 39 root - INFO - [Attacker] Label flip: 12 samples class 4 \u2192 class 0
[2026-07-19 13:43:53,766] 39 root - INFO - [Attacker] Label flip: 12 samples class 4 \u2192 class 0
[2026-07-19 13:43:53,774] 39 root - INFO - [Attacker] Label flip: 15 samples class 4 \u2192 class 0
[2026-07-19 13:43:53,782] 39 root - INFO - [Attacker] Label flip: 12 samples class 4 \u2192 class 0
[2026-07-19 13:43:53,790] 39 root - INFO - [Attacker] Label flip: 15 samples class 4 \u2192 class 0
[2026-07-19 13:43:53,798] 39 root - INFO - [Attacker] Label flip: 16 samples class 4 \u2192 class 0
[2026-07-19 13:43:53,806] 39 root - INFO - [Attacker] Label flip: 19 samples class 4 \u2192 class 0
[2026-07-19 13:43:53,814] 39 root - INFO - [Attacker] Label flip: 10 samples class 4 \u2192 class 0
[2026-07-19 13:43:53,824] 39 root - INFO - [Attacker] Label flip: 10 samples class 4 \u2192 class 0
[2026-07-19 13:43:53,831] 39 root - INFO - [Attacker] Label flip: 13 samples class 4 \u2192 class 0
[2026-07-19 13:43:53,839] 39 root - INFO - [Attacker] Label flip: 12 samples class 4 \u2192 class 0
[2026-07-19 13:43:53,847] 39 root - INFO - [Attacker] Label flip: 11 samples class 4 \u2192 class 0
[2026-07-19 13:43:53,855] 39 root - INFO - [Attacker] Label flip: 9 samples class 4 \u2192 class 0
[2026-07-19 13:43:53,861] 39 root - INFO - [Attacker] Label flip: 14 samples class 4 \u2192 class 0
[2026-07-19 13:43:53,869] 39 root - INFO - [Attacker] Label flip: 15 samples class 4 \u2192 class 0
[2026-07-19 13:43:53,877] 39 root - INFO - [Attacker] Label flip: 16 samples class 4 \u2192 class 0
[2026-07-19 13:43:53,885] 39 root - INFO - [Attacker] Label flip: 12 samples class 4 \u2192 class 0
[2026-07-19 13:43:53,895] 39 root - INFO - [Attacker] Label flip: 16 samples class 4 \u2192 class 0
[2026-07-19 13:43:53,903] 39 root - INFO - [Attacker] Label flip: 15 samples class 4 \u2192 class 0
[2026-07-19 13:43:53,910] 39 root - INFO - [Attacker] Label flip: 11 samples class 4 \u2192 class 0
[2026-07-19 13:43:53,916] 39 root - INFO - [Attacker] Label flip: 19 samples class 4 \u2192 class 0
[2026-07-19 13:43:53,927] 39 root - INFO - [Attacker] Label flip: 18 samples class 4 \u2192 class 0
[2026-07-19 13:43:53,935] 39 root - INFO - [Attacker] Label flip: 7 samples class 4 \u2192 class 0
[2026-07-19 13:43:53,942] 39 root - INFO - [Attacker] Label flip: 23 samples class 4 \u2192 class 0
[2026-07-19 13:43:53,950] 39 root - INFO - [Attacker] Label flip: 13 samples class 4 \u2192 class 0
[2026-07-19 13:43:53,958] 39 root - INFO - [Attacker] Label flip: 16 samples class 4 \u2192 class 0
[2026-07-19 13:43:53,966] 39 root - INFO - [Attacker] Label flip: 15 samples class 4 \u2192 class 0
[2026-07-19 13:43:53,974] 39 root - INFO - [Attacker] Label flip: 7 samples class 4 \u2192 class 0
[2026-07-19 13:43:53,980] 39 root - INFO - [Attacker] Label flip: 13 samples class 4 \u2192 class 0
[2026-07-19 13:43:53,990] 39 root - INFO - [Attacker] Label flip: 5 samples class 4 \u2192 class 0
[2026-07-19 13:43:53,998] 39 root - INFO - [Attacker] Label flip: 14 samples class 4 \u2192 class 0
[2026-07-19 13:43:54,005] 39 root - INFO - [Attacker] Label flip: 7 samples class 4 \u2192 class 0
[2026-07-19 13:43:54,014] 39 root - INFO - [Attacker] Label flip: 15 samples class 4 \u2192 class 0
[2026-07-19 13:43:54,021] 39 root - INFO - [Attacker] Label flip: 9 samples class 4 \u2192 class 0
[2026-07-19 13:43:54,028] 39 root - INFO - [Attacker] Label flip: 16 samples class 4 \u2192 class 0
[2026-07-19 13:43:54,037] 39 root - INFO - [Attacker] Label flip: 13 samples class 4 \u2192 class 0
[2026-07-19 13:43:54,045] 39 root - INFO - [Attacker] Label flip: 9 samples class 4 \u2192 class 0
[2026-07-19 13:43:54,055] 39 root - INFO - [Attacker] Label flip: 7 samples class 4 \u2192 class 0
[2026-07-19 13:43:54,062] 39 root - INFO - [Attacker] Label flip: 7 samples class 4 \u2192 class 0
[2026-07-19 13:43:54,070] 39 root - INFO - [Attacker] Label flip: 13 samples class 4 \u2192 class 0
[2026-07-19 13:43:54,078] 39 root - INFO - [Attacker] Label flip: 17 samples class 4 \u2192 class 0
[2026-07-19 13:43:54,086] 39 root - INFO - [Attacker] Label flip: 17 samples class 4 \u2192 class 0
[2026-07-19 13:43:54,094] 39 root - INFO - [Attacker] Label flip: 10 samples class 4 \u2192 class 0
[2026-07-19 13:43:54,102] 39 root - INFO - [Attacker] Label flip: 11 samples class 4 \u2192 class 0
[2026-07-19 13:43:54,110] 39 root - INFO - [Attacker] Label flip: 16 samples class 4 \u2192 class 0
[2026-07-19 13:43:54,118] 39 root - INFO - [Attacker] Label flip: 13 samples class 4 \u2192 class 0
[2026-07-19 13:43:54,126] 39 root - INFO - [Attacker] Label flip: 10 samples class 4 \u2192 class 0
[2026-07-19 13:43:54,134] 39 root - INFO - [Attacker] Label flip: 9 samples class 4 \u2192 class 0
[2026-07-19 13:43:54,141] 39 root - INFO - [Attacker] Label flip: 12 samples class 4 \u2192 class 0
[2026-07-19 13:43:54,149] 39 root - INFO - [Attacker] Label flip: 10 samples class 4 \u2192 class 0
[2026-07-19 13:43:54,157] 39 root - INFO - [Attacker] Label flip: 17 samples class 4 \u2192 class 0
[2026-07-19 13:43:54,165] 39 root - INFO - [Attacker] Label flip: 12 samples class 4 \u2192 class 0
[2026-07-19 13:43:54,173] 39 root - INFO - [Attacker] Label flip: 10 samples class 4 \u2192 class 0
[2026-07-19 13:43:54,179] 39 root - INFO - [Attacker] Label flip: 16 samples class 4 \u2192 class 0
[2026-07-19 13:43:54,187] 39 root - INFO - [Attacker] Label flip: 16 samples class 4 \u2192 class 0
[2026-07-19 13:43:54,195] 39 root - INFO - [Attacker] Label flip: 15 samples class 4 \u2192 class 0
[2026-07-19 13:43:54,203] 39 root - INFO - [Attacker] Label flip: 12 samples class 4 \u2192 class 0
[2026-07-19 13:43:54,211] 39 root - INFO - [Attacker] Label flip: 14 samples class 4 \u2192 class 0
[2026-07-19 13:43:54,220] 39 root - INFO - [Attacker] Label flip: 10 samples class 4 \u2192 class 0
[2026-07-19 13:43:54,226] 39 root - INFO - [Attacker] Label flip: 13 samples class 4 \u2192 class 0
[2026-07-19 13:43:54,234] 39 root - INFO - [Attacker] Label flip: 14 samples class 4 \u2192 class 0
[2026-07-19 13:43:54,242] 39 root - INFO - [Attacker] Label flip: 19 samples class 4 \u2192 class 0
[2026-07-19 13:43:54,250] 39 root - INFO - [Attacker] Label flip: 9 samples class 4 \u2192 class 0
[2026-07-19 13:43:54,258] 39 root - INFO - [Attacker] Label flip: 7 samples class 4 \u2192 class 0
[2026-07-19 13:43:54,266] 39 root - INFO - [Attacker] Label flip: 11 samples class 4 \u2192 class 0
[2026-07-19 13:43:54,274] 39 root - INFO - [Attacker] Label flip: 17 samples class 4 \u2192 class 0
[2026-07-19 13:43:54,281] 39 root - INFO - [Attacker] Label flip: 8 samples class 4 \u2192 class 0
[2026-07-19 13:43:54,291] 39 root - INFO - [Attacker] Label flip: 16 samples class 4 \u2192 class 0
[2026-07-19 13:43:54,299] 39 root - INFO - [Attacker] Label flip: 16 samples class 4 \u2192 class 0
[2026-07-19 13:43:54,307] 39 root - INFO - [Attacker] Label flip: 15 samples class 4 \u2192 class 0
[2026-07-19 13:43:54,313] 39 root - INFO - [Attacker] Label flip: 13 samples class 4 \u2192 class 0
[2026-07-19 13:43:54,323] 39 root - INFO - [Attacker] Label flip: 13 samples class 4 \u2192 class 0
[2026-07-19 13:43:54,331] 39 root - INFO - [Attacker] Label flip: 12 samples class 4 \u2192 class 0
[2026-07-19 13:43:54,337] 39 root - INFO - [Attacker] Label flip: 9 samples class 4 \u2192 class 0
[2026-07-19 13:43:54,345] 39 root - INFO - [Attacker] Label flip: 11 samples class 4 \u2192 class 0
[2026-07-19 13:43:54,355] 39 root - INFO - [Attacker] Label flip: 17 samples class 4 \u2192 class 0
[2026-07-19 13:43:54,362] 39 root - INFO - [Attacker] Label flip: 14 samples class 4 \u2192 class 0
[2026-07-19 13:43:54,370] 39 root - INFO - [Attacker] Label flip: 14 samples class 4 \u2192 class 0
[2026-07-19 13:43:54,378] 39 root - INFO - [Attacker] Label flip: 17 samples class 4 \u2192 class 0
[2026-07-19 13:43:54,386] 39 root - INFO - [Attacker] Label flip: 16 samples class 4 \u2192 class 0
[2026-07-19 13:43:54,394] 39 root - INFO - [Attacker] Label flip: 8 samples class 4 \u2192 class 0
[2026-07-19 13:43:54,402] 39 root - INFO - [Attacker] Label flip: 15 samples class 4 \u2192 class 0
[2026-07-19 13:43:54,410] 39 root - INFO - [Attacker] Label flip: 14 samples class 4 \u2192 class 0
[2026-07-19 13:43:54,420] 39 root - INFO - [Attacker] Label flip: 15 samples class 4 \u2192 class 0
[2026-07-19 13:43:54,427] 39 root - INFO - [Attacker] Label flip: 11 samples class 4 \u2192 class 0
[2026-07-19 13:43:54,433] 39 root - INFO - [Attacker] Label flip: 8 samples class 4 \u2192 class 0
[2026-07-19 13:43:54,443] 39 root - INFO - [Attacker] Label flip: 11 samples class 4 \u2192 class 0
[2026-07-19 13:43:54,450] 39 root - INFO - [Attacker] Label flip: 4 samples class 4 \u2192 class 0
[2026-07-19 13:43:54,458] 39 root - INFO - [Attacker] Label flip: 14 samples class 4 \u2192 class 0
[2026-07-19 13:43:54,465] 39 root - INFO - [Attacker] Label flip: 8 samples class 4 \u2192 class 0
[2026-07-19 13:43:54,473] 39 root - INFO - [Attacker] Label flip: 8 samples class 4 \u2192 class 0
[2026-07-19 13:43:54,481] 39 root - INFO - [Attacker] Label flip: 9 samples class 4 \u2192 class 0
[2026-07-19 13:43:54,489] 39 root - INFO - [Attacker] Label flip: 11 samples class 4 \u2192 class 0
[2026-07-19 13:43:54,497] 39 root - INFO - [Attacker] Label flip: 18 samples class 4 \u2192 class 0
[2026-07-19 13:43:54,505] 39 root - INFO - [Attacker] Label flip: 12 samples class 4 \u2192 class 0
[2026-07-19 13:43:54,514] 39 root - INFO - [Attacker] Label flip: 13 samples class 4 \u2192 class 0
[2026-07-19 13:43:54,523] 39 root - INFO - [Attacker] Label flip: 14 samples class 4 \u2192 class 0
[2026-07-19 13:43:54,531] 39 root - INFO - [Attacker] Label flip: 18 samples class 4 \u2192 class 0
[2026-07-19 13:43:54,539] 39 root - INFO - [Attacker] Label flip: 17 samples class 4 \u2192 class 0
[2026-07-19 13:43:54,547] 39 root - INFO - [Attacker] Label flip: 12 samples class 4 \u2192 class 0
[2026-07-19 13:43:54,557] 39 root - INFO - [Attacker] Label flip: 10 samples class 4 \u2192 class 0
[2026-07-19 13:43:54,566] 39 root - INFO - [Attacker] Label flip: 14 samples class 4 \u2192 class 0
[2026-07-19 13:43:54,574] 39 root - INFO - [Attacker] Label flip: 15 samples class 4 \u2192 class 0
[2026-07-19 13:43:54,582] 39 root - INFO - [Attacker] Label flip: 13 samples class 4 \u2192 class 0
[2026-07-19 13:43:54,589] 39 root - INFO - [Attacker] Label flip: 16 samples class 4 \u2192 class 0
[2026-07-19 13:43:54,597] 39 root - INFO - [Attacker] Label flip: 5 samples class 4 \u2192 class 0
[2026-07-19 13:43:54,605] 39 root - INFO - [Attacker] Label flip: 14 samples class 4 \u2192 class 0
[2026-07-19 13:43:54,613] 39 root - INFO - [Attacker] Label flip: 15 samples class 4 \u2192 class 0
[2026-07-19 13:43:54,621] 39 root - INFO - [Attacker] Label flip: 18 samples class 4 \u2192 class 0
[2026-07-19 13:43:54,629] 39 root - INFO - [Attacker] Label flip: 15 samples class 4 \u2192 class 0
[2026-07-19 13:43:54,639] 39 root - INFO - [Attacker] Label flip: 8 samples class 4 \u2192 class 0
[2026-07-19 13:43:54,647] 39 root - INFO - [Attacker] Label flip: 12 samples class 4 \u2192 class 0
[2026-07-19 13:43:54,654] 39 root - INFO - [Attacker] Label flip: 8 samples class 4 \u2192 class 0
[2026-07-19 13:43:54,663] 39 root - INFO - [Attacker] Label flip: 11 samples class 4 \u2192 class 0
[2026-07-19 13:43:54,670] 39 root - INFO - [Attacker] Label flip: 12 samples class 4 \u2192 class 0
[2026-07-19 13:43:54,679] 39 root - INFO - [Attacker] Label flip: 8 samples class 4 \u2192 class 0
[2026-07-19 13:43:54,689] 39 root - INFO - [Attacker] Label flip: 11 samples class 4 \u2192 class 0
[2026-07-19 13:43:54,697] 39 root - INFO - [Attacker] Label flip: 14 samples class 4 \u2192 class 0
[2026-07-19 13:43:54,706] 39 root - INFO - [Attacker] Label flip: 5 samples class 4 \u2192 class 0
[2026-07-19 13:43:54,713] 39 root - INFO - [Attacker] Label flip: 13 samples class 4 \u2192 class 0
[2026-07-19 13:43:54,721] 39 root - INFO - [Attacker] Label flip: 12 samples class 4 \u2192 class 0
[2026-07-19 13:43:54,729] 39 root - INFO - [Attacker] Label flip: 9 samples class 4 \u2192 class 0
[2026-07-19 13:43:54,737] 39 root - INFO - [Attacker] Label flip: 13 samples class 4 \u2192 class 0
[2026-07-19 13:43:54,745] 39 root - INFO - [Attacker] Label flip: 14 samples class 4 \u2192 class 0
[2026-07-19 13:43:54,753] 39 root - INFO - [Attacker] Label flip: 11 samples class 4 \u2192 class 0
[2026-07-19 13:43:54,761] 39 root - INFO - [Attacker] Label flip: 11 samples class 4 \u2192 class 0
[2026-07-19 13:43:54,769] 39 root - INFO - [Attacker] Label flip: 8 samples class 4 \u2192 class 0
[2026-07-19 13:43:54,776] 39 root - INFO - [Attacker] Label flip: 18 samples class 4 \u2192 class 0
[2026-07-19 13:43:54,785] 39 root - INFO - [Attacker] Label flip: 14 samples class 4 \u2192 class 0
[2026-07-19 13:43:54,793] 39 root - INFO - [Attacker] Label flip: 19 samples class 4 \u2192 class 0
[2026-07-19 13:43:54,800] 39 root - INFO - [Attacker] Label flip: 13 samples class 4 \u2192 class 0
[2026-07-19 13:43:54,808] 39 root - INFO - [Attacker] Label flip: 18 samples class 4 \u2192 class 0
[2026-07-19 13:43:54,816] 39 root - INFO - [Attacker] Label flip: 6 samples class 4 \u2192 class 0
[2026-07-19 13:43:54,824] 39 root - INFO - [Attacker] Label flip: 13 samples class 4 \u2192 class 0
[2026-07-19 13:43:54,834] 39 root - INFO - [Attacker] Label flip: 9 samples class 4 \u2192 class 0
[2026-07-19 13:43:54,840] 39 root - INFO - [Attacker] Label flip: 13 samples class 4 \u2192 class 0
[2026-07-19 13:43:54,850] 39 root - INFO - [Attacker] Label flip: 12 samples class 4 \u2192 class 0
[2026-07-19 13:43:54,858] 39 root - INFO - [Attacker] Label flip: 12 samples class 4 \u2192 class 0
[2026-07-19 13:43:54,866] 39 root - INFO - [Attacker] Label flip: 9 samples class 4 \u2192 class 0
[2026-07-19 13:43:54,874] 39 root - INFO - [Attacker] Label flip: 19 samples class 4 \u2192 class 0
[2026-07-19 13:43:54,882] 39 root - INFO - [Attacker] Label flip: 5 samples class 4 \u2192 class 0
[2026-07-19 13:43:54,954] 39 root - INFO - [Attacker] Label flip: 5 samples class 4 \u2192 class 0
[2026-07-19 13:43:54,976] 39 root - INFO - [Attacker] Label flip: 13 samples class 4 \u2192 class 0
[2026-07-19 13:43:54,984] 39 root - INFO - [Attacker] Label flip: 16 samples class 4 \u2192 class 0
[2026-07-19 13:43:54,992] 39 root - INFO - [Attacker] Label flip: 15 samples class 4 \u2192 class 0
[2026-07-19 13:43:55,003] 39 root - INFO - [Attacker] Label flip: 11 samples class 4 \u2192 class 0
[2026-07-19 13:43:55,012] 39 root - INFO - [Attacker] Label flip: 15 samples class 4 \u2192 class 0
[2026-07-19 13:43:55,019] 39 root - INFO - [Attacker] Label flip: 20 samples class 4 \u2192 class 0
[2026-07-19 13:43:55,027] 39 root - INFO - [Attacker] Label flip: 9 samples class 4 \u2192 class 0
[2026-07-19 13:43:55,035] 39 root - INFO - [Attacker] Label flip: 17 samples class 4 \u2192 class 0
[2026-07-19 13:43:55,044] 39 root - INFO - [Attacker] Label flip: 7 samples class 4 \u2192 class 0
[2026-07-19 13:43:55,053] 39 root - INFO - [Attacker] Label flip: 20 samples class 4 \u2192 class 0
[2026-07-19 13:43:55,062] 39 root - INFO - [Attacker] Label flip: 11 samples class 4 \u2192 class 0
[2026-07-19 13:43:55,070] 39 root - INFO - [Attacker] Label flip: 12 samples class 4 \u2192 class 0
[2026-07-19 13:43:55,080] 39 root - INFO - [Attacker] Label flip: 8 samples class 4 \u2192 class 0
[2026-07-19 13:43:55,088] 39 root - INFO - [Attacker] Label flip: 17 samples class 4 \u2192 class 0
[2026-07-19 13:43:55,097] 39 root - INFO - [Attacker] Label flip: 17 samples class 4 \u2192 class 0
[2026-07-19 13:43:55,103] 39 root - INFO - [Attacker] Label flip: 21 samples class 4 \u2192 class 0
[2026-07-19 13:43:55,120] 39 root - INFO - [Attacker] Label flip: 9 samples class 4 \u2192 class 0
[2026-07-19 13:43:55,128] 39 root - INFO - [Attacker] Label flip: 12 samples class 4 \u2192 class 0
[2026-07-19 13:43:55,136] 39 root - INFO - [Attacker] Label flip: 17 samples class 4 \u2192 class 0
[2026-07-19 13:43:55,144] 39 root - INFO - [Attacker] Label flip: 16 samples class 4 \u2192 class 0
[2026-07-19 13:43:55,161] 39 root - INFO - [Attacker] Label flip: 15 samples class 4 \u2192 class 0
[2026-07-19 13:43:55,169] 39 root - INFO - [Attacker] Label flip: 18 samples class 4 \u2192 class 0
[2026-07-19 13:43:55,177] 39 root - INFO - [Attacker] Label flip: 14 samples class 4 \u2192 class 0
[2026-07-19 13:43:55,185] 39 root - INFO - [Attacker] Label flip: 18 samples class 4 \u2192 class 0
[2026-07-19 13:43:55,214] 39 root - INFO - [Attacker] Label flip: 17 samples class 4 \u2192 class 0
[2026-07-19 13:43:55,224] 39 root - INFO - [Attacker] Label flip: 17 samples class 4 \u2192 class 0
[2026-07-19 13:43:55,230] 39 root - INFO - [Attacker] Label flip: 16 samples class 4 \u2192 class 0
[2026-07-19 13:43:55,238] 39 root - INFO - [Attacker] Label flip: 20 samples class 4 \u2192 class 0
[2026-07-19 13:43:55,260] 39 root - INFO - [Attacker] Label flip: 11 samples class 4 \u2192 class 0
[2026-07-19 13:43:55,268] 39 root - INFO - [Attacker] Label flip: 6 samples class 4 \u2192 class 0
[2026-07-19 13:43:55,275] 39 root - INFO - [Attacker] Label flip: 8 samples class 4 \u2192 class 0
[2026-07-19 13:43:55,284] 39 root - INFO - [Attacker] Label flip: 9 samples class 4 \u2192 class 0
[2026-07-19 13:43:55,298] 39 root - INFO - [Attacker] Label flip: 17 samples class 4 \u2192 class 0
[2026-07-19 13:43:55,306] 39 root - INFO - [Attacker] Label flip: 15 samples class 4 \u2192 class 0
[2026-07-19 13:43:55,314] 39 root - INFO - [Attacker] Label flip: 14 samples class 4 \u2192 class 0
[2026-07-19 13:43:55,321] 39 root - INFO - [Attacker] Label flip: 12 samples class 4 \u2192 class 0
[2026-07-19 13:43:55,329] 39 root - INFO - [Attacker] Label flip: 6 samples class 4 \u2192 class 0
[2026-07-19 13:43:55,341] 39 root - INFO - [Attacker] Label flip: 17 samples class 4 \u2192 class 0
[2026-07-19 13:43:55,347] 39 root - INFO - [Attacker] Label flip: 13 samples class 4 \u2192 class 0
[2026-07-19 13:43:55,355] 39 root - INFO - [Attacker] Label flip: 14 samples class 4 \u2192 class 0
[2026-07-19 13:43:55,363] 39 root - INFO - [Attacker] Label flip: 13 samples class 4 \u2192 class 0
[2026-07-19 13:43:55,400] 39 root - INFO - [Attacker] Label flip: 16 samples class 4 \u2192 class 0
[2026-07-19 13:43:55,408] 39 root - INFO - [Attacker] Label flip: 10 samples class 4 \u2192 class 0
[2026-07-19 13:43:55,414] 39 root - INFO - [Attacker] Label flip: 14 samples class 4 \u2192 class 0
[2026-07-19 13:43:55,422] 39 root - INFO - [Attacker] Label flip: 9 samples class 4 \u2192 class 0
[2026-07-19 13:43:55,435] 39 root - INFO - [Attacker] Label flip: 4 samples class 4 \u2192 class 0
[2026-07-19 13:43:55,441] 39 root - INFO - [Attacker] Label flip: 12 samples class 4 \u2192 class 0
[2026-07-19 13:43:55,449] 39 root - INFO - [Attacker] Label flip: 13 samples class 4 \u2192 class 0
[2026-07-19 13:43:55,457] 39 root - INFO - [Attacker] Label flip: 17 samples class 4 \u2192 class 0
[2026-07-19 13:43:55,469] 39 root - INFO - [Attacker] Label flip: 8 samples class 4 \u2192 class 0
[2026-07-19 13:43:55,477] 39 root - INFO - [Attacker] Label flip: 7 samples class 4 \u2192 class 0
[2026-07-19 13:43:55,484] 39 root - INFO - [Attacker] Label flip: 13 samples class 4 \u2192 class 0
[2026-07-19 13:43:55,492] 39 root - INFO - [Attacker] Label flip: 12 samples class 4 \u2192 class 0
[2026-07-19 13:43:55,500] 39 root - INFO - [Attacker] Label flip: 15 samples class 4 \u2192 class 0
[2026-07-19 13:43:55,525] 39 root - INFO - [Attacker] Label flip: 16 samples class 4 \u2192 class 0
[2026-07-19 13:43:55,532] 39 root - INFO - [Attacker] Label flip: 14 samples class 4 \u2192 class 0
[2026-07-19 13:43:55,541] 39 root - INFO - [Attacker] Label flip: 12 samples class 4 \u2192 class 0
[2026-07-19 13:43:55,548] 39 root - INFO - [Attacker] Label flip: 17 samples class 4 \u2192 class 0
[2026-07-19 13:43:55,556] 39 root - INFO - [Attacker] Label flip: 9 samples class 4 \u2192 class 0
[2026-07-19 13:43:55,564] 39 root - INFO - [Attacker] Label flip: 13 samples class 4 \u2192 class 0
[2026-07-19 13:43:55,572] 39 root - INFO - [Attacker] Label flip: 12 samples class 4 \u2192 class 0
[2026-07-19 13:43:55,580] 39 root - INFO - [Attacker] Label flip: 14 samples class 4 \u2192 class 0
[2026-07-19 13:43:55,592] 39 root - INFO - [Attacker] Label flip: 10 samples class 4 \u2192 class 0
[2026-07-19 13:43:55,600] 39 root - INFO - [Attacker] Label flip: 7 samples class 4 \u2192 class 0
[2026-07-19 13:43:55,608] 39 root - INFO - [Attacker] Label flip: 11 samples class 4 \u2192 class 0
[2026-07-19 13:43:55,615] 39 root - INFO - [Attacker] Label flip: 12 samples class 4 \u2192 class 0
[2026-07-19 13:43:55,625] 39 root - INFO - [Attacker] Label flip: 11 samples class 4 \u2192 class 0
[2026-07-19 13:43:55,633] 39 root - INFO - [Attacker] Label flip: 13 samples class 4 \u2192 class 0
[2026-07-19 13:43:55,640] 39 root - INFO - [Attacker] Label flip: 8 samples class 4 \u2192 class 0
[2026-07-19 13:43:55,648] 39 root - INFO - [Attacker] Label flip: 15 samples class 4 \u2192 class 0
[2026-07-19 13:43:55,654] 39 root - INFO - [Attacker] Label flip: 13 samples class 4 \u2192 class 0
[2026-07-19 13:43:55,662] 39 root - INFO - [Attacker] Label flip: 7 samples class 4 \u2192 class 0
[2026-07-19 13:43:55,670] 39 root - INFO - [Attacker] Label flip: 13 samples class 4 \u2192 class 0
[2026-07-19 13:43:55,678] 39 root - INFO - [Attacker] Label flip: 14 samples class 4 \u2192 class 0
[2026-07-19 13:43:55,686] 39 root - INFO - [Attacker] Label flip: 16 samples class 4 \u2192 class 0
[2026-07-19 13:43:55,698] 39 root - INFO - [Attacker] Label flip: 12 samples class 4 \u2192 class 0
[2026-07-19 13:43:55,706] 39 root - INFO - [Attacker] Label flip: 13 samples class 4 \u2192 class 0
[2026-07-19 13:43:55,714] 39 root - INFO - [Attacker] Label flip: 15 samples class 4 \u2192 class 0
[2026-07-19 13:43:55,722] 39 root - INFO - [Attacker] Label flip: 14 samples class 4 \u2192 class 0
[2026-07-19 13:43:55,733] 39 root - INFO - [Attacker] Label flip: 13 samples class 4 \u2192 class 0
[2026-07-19 13:43:55,739] 39 root - INFO - [Attacker] Label flip: 20 samples class 4 \u2192 class 0
[2026-07-19 13:43:55,747] 39 root - INFO - [Attacker] Label flip: 15 samples class 4 \u2192 class 0
[2026-07-19 13:43:55,755] 39 root - INFO - [Attacker] Label flip: 6 samples class 4 \u2192 class 0
[2026-07-19 13:43:55,765] 39 root - INFO - [Attacker] Label flip: 11 samples class 4 \u2192 class 0
[2026-07-19 13:43:55,776] 39 root - INFO - [Attacker] Label flip: 10 samples class 4 \u2192 class 0
[2026-07-19 13:43:55,783] 39 root - INFO - [Attacker] Label flip: 11 samples class 4 \u2192 class 0
[2026-07-19 13:43:55,791] 39 root - INFO - [Attacker] Label flip: 17 samples class 4 \u2192 class 0
[2026-07-19 13:43:55,802] 39 root - INFO - [Attacker] Label flip: 14 samples class 4 \u2192 class 0
[2026-07-19 13:43:55,810] 39 root - INFO - [Attacker] Label flip: 11 samples class 4 \u2192 class 0
[2026-07-19 13:43:55,816] 39 root - INFO - [Attacker] Label flip: 14 samples class 4 \u2192 class 0
[2026-07-19 13:43:55,824] 39 root - INFO - [Attacker] Label flip: 10 samples class 4 \u2192 class 0
[2026-07-19 13:43:55,834] 39 root - INFO - [Attacker] Label flip: 13 samples class 4 \u2192 class 0
[2026-07-19 13:43:55,842] 39 root - INFO - [Attacker] Label flip: 12 samples class 4 \u2192 class 0
[2026-07-19 13:43:55,848] 39 root - INFO - [Attacker] Label flip: 12 samples class 4 \u2192 class 0
[2026-07-19 13:43:55,856] 39 root - INFO - [Attacker] Label flip: 19 samples class 4 \u2192 class 0
[2026-07-19 13:43:55,864] 39 root - INFO - [Attacker] Label flip: 13 samples class 4 \u2192 class 0
[2026-07-19 13:43:55,876] 39 root - INFO - [Attacker] Label flip: 14 samples class 4 \u2192 class 0
[2026-07-19 13:43:55,884] 39 root - INFO - [Attacker] Label flip: 14 samples class 4 \u2192 class 0
[2026-07-19 13:43:55,891] 39 root - INFO - [Attacker] Label flip: 12 samples class 4 \u2192 class 0
[2026-07-19 13:43:55,899] 39 root - INFO - [Attacker] Label flip: 11 samples class 4 \u2192 class 0
[2026-07-19 13:43:55,907] 39 root - INFO - [Attacker] Label flip: 10 samples class 4 \u2192 class 0
[2026-07-19 13:43:55,915] 39 root - INFO - [Attacker] Label flip: 10 samples class 4 \u2192 class 0
[2026-07-19 13:43:55,923] 39 root - INFO - [Attacker] Label flip: 12 samples class 4 \u2192 class 0
[2026-07-19 13:43:55,929] 39 root - INFO - [Attacker] Label flip: 19 samples class 4 \u2192 class 0
[2026-07-19 13:43:55,939] 39 root - INFO - [Attacker] Label flip: 14 samples class 4 \u2192 class 0
[2026-07-19 13:43:55,945] 39 root - INFO - [Attacker] Label flip: 8 samples class 4 \u2192 class 0
[2026-07-19 13:43:55,955] 39 root - INFO - [Attacker] Label flip: 13 samples class 4 \u2192 class 0
[2026-07-19 13:43:55,961] 39 root - INFO - [Attacker] Label flip: 9 samples class 4 \u2192 class 0
[2026-07-19 13:43:55,971] 39 root - INFO - [Attacker] Label flip: 9 samples class 4 \u2192 class 0
[2026-07-19 13:43:55,977] 39 root - INFO - [Attacker] Label flip: 13 samples class 4 \u2192 class 0
[2026-07-19 13:43:55,984] 39 root - INFO - [Attacker] Label flip: 11 samples class 4 \u2192 class 0
[2026-07-19 13:43:55,994] 39 root - INFO - [Attacker] Label flip: 13 samples class 4 \u2192 class 0
[2026-07-19 13:43:56,004] 39 root - INFO - [Attacker] Label flip: 14 samples class 4 \u2192 class 0
[2026-07-19 13:43:56,012] 39 root - INFO - [Attacker] Label flip: 8 samples class 4 \u2192 class 0
[2026-07-19 13:43:56,020] 39 root - INFO - [Attacker] Label flip: 10 samples class 4 \u2192 class 0
[2026-07-19 13:43:56,028] 39 root - INFO - [Attacker] Label flip: 19 samples class 4 \u2192 class 0
[2026-07-19 13:43:56,039] 39 root - INFO - [Attacker] Label flip: 17 samples class 4 \u2192 class 0
[2026-07-19 13:43:56,047] 39 root - INFO - [Attacker] Label flip: 16 samples class 4 \u2192 class 0
[2026-07-19 13:43:56,055] 39 root - INFO - [Attacker] Label flip: 10 samples class 4 \u2192 class 0
[2026-07-19 13:43:56,064] 39 root - INFO - [Attacker] Label flip: 17 samples class 4 \u2192 class 0
[2026-07-19 13:43:56,073] 39 root - INFO - [Attacker] Label flip: 9 samples class 4 \u2192 class 0
[2026-07-19 13:43:56,081] 39 root - INFO - [Attacker] Label flip: 10 samples class 4 \u2192 class 0
[2026-07-19 13:43:56,089] 39 root - INFO - [Attacker] Label flip: 9 samples class 4 \u2192 class 0
[2026-07-19 13:43:56,097] 39 root - INFO - [Attacker] Label flip: 18 samples class 4 \u2192 class 0
[2026-07-19 13:43:56,105] 39 root - INFO - [Attacker] Label flip: 9 samples class 4 \u2192 class 0
[2026-07-19 13:43:56,113] 39 root - INFO - [Attacker] Label flip: 13 samples class 4 \u2192 class 0
[2026-07-19 13:43:56,121] 39 root - INFO - [Attacker] Label flip: 11 samples class 4 \u2192 class 0
[2026-07-19 13:43:56,128] 39 root - INFO - [Attacker] Label flip: 15 samples class 4 \u2192 class 0
[2026-07-19 13:43:56,136] 39 root - INFO - [Attacker] Label flip: 11 samples class 4 \u2192 class 0
[2026-07-19 13:43:56,145] 39 root - INFO - [Attacker] Label flip: 10 samples class 4 \u2192 class 0
[2026-07-19 13:43:56,152] 39 root - INFO - [Attacker] Label flip: 14 samples class 4 \u2192 class 0
[2026-07-19 13:43:56,160] 39 root - INFO - [Attacker] Label flip: 16 samples class 4 \u2192 class 0
[2026-07-19 13:43:56,168] 39 root - INFO - [Attacker] Label flip: 13 samples class 4 \u2192 class 0
[2026-07-19 13:43:56,179] 39 root - INFO - [Attacker] Label flip: 14 samples class 4 \u2192 class 0
[2026-07-19 13:43:56,187] 39 root - INFO - [Attacker] Label flip: 22 samples class 4 \u2192 class 0
[2026-07-19 13:43:56,194] 39 root - INFO - [Attacker] Label flip: 14 samples class 4 \u2192 class 0
[2026-07-19 13:43:56,202] 39 root - INFO - [Attacker] Label flip: 12 samples class 4 \u2192 class 0
[2026-07-19 13:43:56,211] 39 root - INFO - [Attacker] Label flip: 11 samples class 4 \u2192 class 0
[2026-07-19 13:43:56,219] 39 root - INFO - [Attacker] Label flip: 10 samples class 4 \u2192 class 0
[2026-07-19 13:43:56,227] 39 root - INFO - [Attacker] Label flip: 21 samples class 4 \u2192 class 0
[2026-07-19 13:43:56,235] 39 root - INFO - [Attacker] Label flip: 18 samples class 4 \u2192 class 0
[2026-07-19 13:43:56,243] 39 root - INFO - [Attacker] Label flip: 6 samples class 4 \u2192 class 0
[2026-07-19 13:43:56,251] 39 root - INFO - [Attacker] Label flip: 13 samples class 4 \u2192 class 0
[2026-07-19 13:43:56,261] 39 root - INFO - [Attacker] Label flip: 13 samples class 4 \u2192 class 0
[2026-07-19 13:43:56,269] 39 root - INFO - [Attacker] Label flip: 17 samples class 4 \u2192 class 0
[2026-07-19 13:43:56,291] 39 root - INFO - [Attacker] Label flip: 13 samples class 4 \u2192 class 0
[2026-07-19 13:43:56,299] 39 root - INFO - [Attacker] Label flip: 12 samples class 4 \u2192 class 0
[2026-07-19 13:43:56,305] 39 root - INFO - [Attacker] Label flip: 9 samples class 4 \u2192 class 0
[2026-07-19 13:43:56,318] 39 root - INFO - [Attacker] Label flip: 16 samples class 4 \u2192 class 0
[2026-07-19 13:43:56,326] 39 root - INFO - [Attacker] Label flip: 12 samples class 4 \u2192 class 0
[2026-07-19 13:43:56,336] 39 root - INFO - [Attacker] Label flip: 13 samples class 4 \u2192 class 0
[2026-07-19 13:43:56,344] 39 root - INFO - [Attacker] Label flip: 16 samples class 4 \u2192 class 0
[2026-07-19 13:43:56,354] 39 root - INFO - [Attacker] Label flip: 12 samples class 4 \u2192 class 0
[2026-07-19 13:43:56,356] 268 flwr - WARNING - DEPRECATED FEATURE: `client_fn` now expects a signature `def client_fn(context: Context)`.The provided `client_fn` has signature: {'cid': <Parameter "cid: str">}. You can import the `Context` like this: `from flwr.common import Context`

            This is a deprecated feature. It will be removed
            entirely in future versions of Flower.
        
[2026-07-19 13:43:56,362] 39 root - INFO - [Attacker] Label flip: 16 samples class 4 \u2192 class 0
[2026-07-19 13:43:56,373] 39 root - INFO - [Attacker] Label flip: 9 samples class 4 \u2192 class 0
[2026-07-19 13:43:56,381] 39 root - INFO - [Attacker] Label flip: 17 samples class 4 \u2192 class 0
[2026-07-19 13:43:56,389] 39 root - INFO - [Attacker] Label flip: 16 samples class 4 \u2192 class 0
[2026-07-19 13:43:56,397] 39 root - INFO - [Attacker] Label flip: 14 samples class 4 \u2192 class 0
[2026-07-19 13:43:56,405] 39 root - INFO - [Attacker] Label flip: 16 samples class 4 \u2192 class 0
[2026-07-19 13:43:56,413] 39 root - INFO - [Attacker] Label flip: 9 samples class 4 \u2192 class 0
[2026-07-19 13:43:56,422] 39 root - INFO - [Attacker] Label flip: 14 samples class 4 \u2192 class 0
[2026-07-19 13:43:56,430] 39 root - INFO - [Attacker] Label flip: 19 samples class 4 \u2192 class 0
[2026-07-19 13:43:56,437] 39 root - INFO - [Attacker] Label flip: 12 samples class 4 \u2192 class 0
[2026-07-19 13:43:56,446] 39 root - INFO - [Attacker] Label flip: 14 samples class 4 \u2192 class 0
[2026-07-19 13:43:56,458] 39 root - INFO - [Attacker] Label flip: 16 samples class 4 \u2192 class 0
[2026-07-19 13:43:56,466] 39 root - INFO - [Attacker] Label flip: 8 samples class 4 \u2192 class 0
[2026-07-19 13:43:56,474] 39 root - INFO - [Attacker] Label flip: 14 samples class 4 \u2192 class 0
[2026-07-19 13:43:56,482] 39 root - INFO - [Attacker] Label flip: 15 samples class 4 \u2192 class 0
[2026-07-19 13:43:56,488] 39 root - INFO - [Attacker] Label flip: 10 samples class 4 \u2192 class 0
[2026-07-19 13:43:56,498] 39 root - INFO - [Attacker] Label flip: 10 samples class 4 \u2192 class 0
[2026-07-19 13:43:56,504] 39 root - INFO - [Attacker] Label flip: 14 samples class 4 \u2192 class 0
[2026-07-19 13:43:56,511] 39 root - INFO - [Attacker] Label flip: 10 samples class 4 \u2192 class 0
[2026-07-19 13:43:56,519] 39 root - INFO - [Attacker] Label flip: 9 samples class 4 \u2192 class 0
[2026-07-19 13:43:56,527] 39 root - INFO - [Attacker] Label flip: 12 samples class 4 \u2192 class 0
[2026-07-19 13:43:56,536] 39 root - INFO - [Attacker] Label flip: 10 samples class 4 \u2192 class 0
[2026-07-19 13:43:56,544] 39 root - INFO - [Attacker] Label flip: 16 samples class 4 \u2192 class 0
[2026-07-19 13:43:56,552] 39 root - INFO - [Attacker] Label flip: 15 samples class 4 \u2192 class 0
[2026-07-19 13:43:56,560] 39 root - INFO - [Attacker] Label flip: 15 samples class 4 \u2192 class 0
[2026-07-19 13:43:56,569] 39 root - INFO - [Attacker] Label flip: 10 samples class 4 \u2192 class 0
[2026-07-19 13:43:56,577] 39 root - INFO - [Attacker] Label flip: 11 samples class 4 \u2192 class 0
[2026-07-19 13:43:56,585] 39 root - INFO - [Attacker] Label flip: 14 samples class 4 \u2192 class 0
[2026-07-19 13:43:56,592] 39 root - INFO - [Attacker] Label flip: 19 samples class 4 \u2192 class 0
[2026-07-19 13:43:56,600] 39 root - INFO - [Attacker] Label flip: 10 samples class 4 \u2192 class 0
[2026-07-19 13:43:56,608] 39 root - INFO - [Attacker] Label flip: 14 samples class 4 \u2192 class 0
[2026-07-19 13:43:56,616] 39 root - INFO - [Attacker] Label flip: 11 samples class 4 \u2192 class 0
[2026-07-19 13:43:56,624] 39 root - INFO - [Attacker] Label flip: 15 samples class 4 \u2192 class 0
[2026-07-19 13:43:56,632] 39 root - INFO - [Attacker] Label flip: 11 samples class 4 \u2192 class 0
[2026-07-19 13:43:56,638] 39 root - INFO - [Attacker] Label flip: 11 samples class 4 \u2192 class 0
[2026-07-19 13:43:56,646] 39 root - INFO - [Attacker] Label flip: 12 samples class 4 \u2192 class 0
[2026-07-19 13:43:56,653] 39 root - INFO - [Attacker] Label flip: 10 samples class 4 \u2192 class 0
[2026-07-19 13:43:56,661] 39 root - INFO - [Attacker] Label flip: 16 samples class 4 \u2192 class 0
[2026-07-19 13:43:56,669] 39 root - INFO - [Attacker] Label flip: 12 samples class 4 \u2192 class 0
[2026-07-19 13:43:56,677] 39 root - INFO - [Attacker] Label flip: 13 samples class 4 \u2192 class 0
[2026-07-19 13:43:56,684] 39 root - INFO - [Attacker] Label flip: 12 samples class 4 \u2192 class 0
[2026-07-19 13:43:56,693] 39 root - INFO - [Attacker] Label flip: 10 samples class 4 \u2192 class 0
[2026-07-19 13:43:56,701] 39 root - INFO - [Attacker] Label flip: 10 samples class 4 \u2192 class 0
[2026-07-19 13:43:56,709] 39 root - INFO - [Attacker] Label flip: 5 samples class 4 \u2192 class 0
[2026-07-19 13:43:56,717] 39 root - INFO - [Attacker] Label flip: 15 samples class 4 \u2192 class 0
[2026-07-19 13:43:56,725] 39 root - INFO - [Attacker] Label flip: 17 samples class 4 \u2192 class 0
[2026-07-19 13:43:56,734] 39 root - INFO - [Attacker] Label flip: 10 samples class 4 \u2192 class 0
[2026-07-19 13:43:56,742] 39 root - INFO - [Attacker] Label flip: 14 samples class 4 \u2192 class 0
[2026-07-19 13:43:56,748] 39 root - INFO - [Attacker] Label flip: 9 samples class 4 \u2192 class 0
[2026-07-19 13:43:56,758] 39 root - INFO - [Attacker] Label flip: 11 samples class 4 \u2192 class 0
[2026-07-19 13:43:56,765] 39 root - INFO - [Attacker] Label flip: 12 samples class 4 \u2192 class 0
[2026-07-19 13:43:56,772] 39 root - INFO - [Attacker] Label flip: 13 samples class 4 \u2192 class 0
[2026-07-19 13:43:56,780] 39 root - INFO - [Attacker] Label flip: 15 samples class 4 \u2192 class 0
[2026-07-19 13:43:56,788] 39 root - INFO - [Attacker] Label flip: 10 samples class 4 \u2192 class 0
[2026-07-19 13:43:56,795] 39 root - INFO - [Attacker] Label flip: 14 samples class 4 \u2192 class 0
[2026-07-19 13:43:56,804] 39 root - INFO - [Attacker] Label flip: 9 samples class 4 \u2192 class 0
[2026-07-19 13:43:56,811] 39 root - INFO - [Attacker] Label flip: 14 samples class 4 \u2192 class 0
[2026-07-19 13:43:56,819] 39 root - INFO - [Attacker] Label flip: 6 samples class 4 \u2192 class 0
[2026-07-19 13:43:56,826] 39 root - INFO - [Attacker] Label flip: 19 samples class 4 \u2192 class 0
[2026-07-19 13:43:56,832] 39 root - INFO - [Attacker] Label flip: 12 samples class 4 \u2192 class 0
[2026-07-19 13:43:56,840] 39 root - INFO - [Attacker] Label flip: 15 samples class 4 \u2192 class 0
[2026-07-19 13:43:56,848] 39 root - INFO - [Attacker] Label flip: 11 samples class 4 \u2192 class 0
[2026-07-19 13:43:56,860] 39 root - INFO - [Attacker] Label flip: 5 samples class 4 \u2192 class 0
[2026-07-19 13:43:56,868] 39 root - INFO - [Attacker] Label flip: 14 samples class 4 \u2192 class 0
[2026-07-19 13:43:56,875] 39 root - INFO - [Attacker] Label flip: 14 samples class 4 \u2192 class 0
[2026-07-19 13:43:56,883] 39 root - INFO - [Attacker] Label flip: 12 samples class 4 \u2192 class 0
[2026-07-19 13:43:56,891] 39 root - INFO - [Attacker] Label flip: 9 samples class 4 \u2192 class 0
[2026-07-19 13:43:56,897] 39 root - INFO - [Attacker] Label flip: 8 samples class 4 \u2192 class 0
[2026-07-19 13:43:56,905] 39 root - INFO - [Attacker] Label flip: 18 samples class 4 \u2192 class 0
[2026-07-19 13:43:56,913] 39 root - INFO - [Attacker] Label flip: 7 samples class 4 \u2192 class 0
[2026-07-19 13:43:56,921] 39 root - INFO - [Attacker] Label flip: 10 samples class 4 \u2192 class 0
[2026-07-19 13:43:56,929] 39 root - INFO - [Attacker] Label flip: 11 samples class 4 \u2192 class 0
[2026-07-19 13:43:56,937] 39 root - INFO - [Attacker] Label flip: 9 samples class 4 \u2192 class 0
[2026-07-19 13:43:56,945] 39 root - INFO - [Attacker] Label flip: 10 samples class 4 \u2192 class 0
[2026-07-19 13:43:56,951] 39 root - INFO - [Attacker] Label flip: 10 samples class 4 \u2192 class 0
[2026-07-19 13:43:56,961] 39 root - INFO - [Attacker] Label flip: 10 samples class 4 \u2192 class 0
[2026-07-19 13:43:56,969] 39 root - INFO - [Attacker] Label flip: 20 samples class 4 \u2192 class 0
[2026-07-19 13:43:56,977] 39 root - INFO - [Attacker] Label flip: 17 samples class 4 \u2192 class 0
[2026-07-19 13:43:56,983] 39 root - INFO - [Attacker] Label flip: 10 samples class 4 \u2192 class 0
[2026-07-19 13:43:56,991] 39 root - INFO - [Attacker] Label flip: 13 samples class 4 \u2192 class 0
[2026-07-19 13:43:56,999] 39 root - INFO - [Attacker] Label flip: 11 samples class 4 \u2192 class 0
[2026-07-19 13:43:57,007] 39 root - INFO - [Attacker] Label flip: 12 samples class 4 \u2192 class 0
[2026-07-19 13:43:57,014] 39 root - INFO - [Attacker] Label flip: 18 samples class 4 \u2192 class 0
[2026-07-19 13:43:57,023] 39 root - INFO - [Attacker] Label flip: 10 samples class 4 \u2192 class 0
[2026-07-19 13:43:57,033] 39 root - INFO - [Attacker] Label flip: 8 samples class 4 \u2192 class 0
[2026-07-19 13:43:57,041] 39 root - INFO - [Attacker] Label flip: 16 samples class 4 \u2192 class 0
[2026-07-19 13:43:57,046] 39 root - INFO - [Attacker] Label flip: 12 samples class 4 \u2192 class 0
[2026-07-19 13:43:57,054] 39 root - INFO - [Attacker] Label flip: 11 samples class 4 \u2192 class 0
[2026-07-19 13:43:57,066] 39 root - INFO - [Attacker] Label flip: 13 samples class 4 \u2192 class 0
[2026-07-19 13:43:57,074] 39 root - INFO - [Attacker] Label flip: 10 samples class 4 \u2192 class 0
[2026-07-19 13:43:57,082] 39 root - INFO - [Attacker] Label flip: 11 samples class 4 \u2192 class 0
[2026-07-19 13:43:57,088] 39 root - INFO - [Attacker] Label flip: 7 samples class 4 \u2192 class 0
[2026-07-19 13:43:57,096] 39 root - INFO - [Attacker] Label flip: 10 samples class 4 \u2192 class 0
[2026-07-19 13:43:57,104] 39 root - INFO - [Attacker] Label flip: 13 samples class 4 \u2192 class 0
[2026-07-19 13:43:57,112] 39 root - INFO - [Attacker] Label flip: 13 samples class 4 \u2192 class 0
[2026-07-19 13:43:57,120] 39 root - INFO - [Attacker] Label flip: 9 samples class 4 \u2192 class 0
[2026-07-19 13:43:57,127] 39 root - INFO - [Attacker] Label flip: 18 samples class 4 \u2192 class 0
[2026-07-19 13:43:57,134] 39 root - INFO - [Attacker] Label flip: 16 samples class 4 \u2192 class 0
[2026-07-19 13:43:57,141] 39 root - INFO - [Attacker] Label flip: 11 samples class 4 \u2192 class 0
[2026-07-19 13:43:57,149] 39 root - INFO - [Attacker] Label flip: 10 samples class 4 \u2192 class 0
[2026-07-19 13:43:57,159] 39 root - INFO - [Attacker] Label flip: 9 samples class 4 \u2192 class 0
[2026-07-19 13:43:57,165] 39 root - INFO - [Attacker] Label flip: 21 samples class 4 \u2192 class 0
[2026-07-19 13:43:57,173] 39 root - INFO - [Attacker] Label flip: 18 samples class 4 \u2192 class 0
[2026-07-19 13:43:57,181] 39 root - INFO - [Attacker] Label flip: 13 samples class 4 \u2192 class 0
[2026-07-19 13:43:57,189] 39 root - INFO - [Attacker] Label flip: 17 samples class 4 \u2192 class 0
[2026-07-19 13:43:57,195] 39 root - INFO - [Attacker] Label flip: 13 samples class 4 \u2192 class 0
[2026-07-19 13:43:57,203] 39 root - INFO - [Attacker] Label flip: 9 samples class 4 \u2192 class 0
[2026-07-19 13:43:57,211] 39 root - INFO - [Attacker] Label flip: 11 samples class 4 \u2192 class 0
[2026-07-19 13:43:57,218] 39 root - INFO - [Attacker] Label flip: 13 samples class 4 \u2192 class 0
[2026-07-19 13:43:57,228] 39 root - INFO - [Attacker] Label flip: 15 samples class 4 \u2192 class 0
[2026-07-19 13:43:57,236] 39 root - INFO - [Attacker] Label flip: 10 samples class 4 \u2192 class 0
[2026-07-19 13:43:57,244] 39 root - INFO - [Attacker] Label flip: 9 samples class 4 \u2192 class 0
[2026-07-19 13:43:57,251] 39 root - INFO - [Attacker] Label flip: 10 samples class 4 \u2192 class 0
[2026-07-19 13:43:57,261] 39 root - INFO - [Attacker] Label flip: 7 samples class 4 \u2192 class 0
[2026-07-19 13:43:57,269] 39 root - INFO - [Attacker] Label flip: 12 samples class 4 \u2192 class 0
[2026-07-19 13:43:57,275] 39 root - INFO - [Attacker] Label flip: 15 samples class 4 \u2192 class 0
[2026-07-19 13:43:57,283] 39 root - INFO - [Attacker] Label flip: 8 samples class 4 \u2192 class 0
[2026-07-19 13:43:57,291] 39 root - INFO - [Attacker] Label flip: 15 samples class 4 \u2192 class 0
[2026-07-19 13:43:57,301] 39 root - INFO - [Attacker] Label flip: 9 samples class 4 \u2192 class 0
[2026-07-19 13:43:57,309] 39 root - INFO - [Attacker] Label flip: 14 samples class 4 \u2192 class 0
[2026-07-19 13:43:57,316] 39 root - INFO - [Attacker] Label flip: 7 samples class 4 \u2192 class 0
[2026-07-19 13:43:57,324] 39 root - INFO - [Attacker] Label flip: 12 samples class 4 \u2192 class 0
[2026-07-19 13:43:57,332] 39 root - INFO - [Attacker] Label flip: 13 samples class 4 \u2192 class 0
[2026-07-19 13:43:57,340] 39 root - INFO - [Attacker] Label flip: 17 samples class 4 \u2192 class 0
[2026-07-19 13:43:57,348] 39 root - INFO - [Attacker] Label flip: 11 samples class 4 \u2192 class 0
[2026-07-19 13:43:57,354] 39 root - INFO - [Attacker] Label flip: 12 samples class 4 \u2192 class 0
[2026-07-19 13:43:57,363] 39 root - INFO - [Attacker] Label flip: 14 samples class 4 \u2192 class 0
[2026-07-19 13:43:57,371] 39 root - INFO - [Attacker] Label flip: 14 samples class 4 \u2192 class 0
[2026-07-19 13:43:57,378] 39 root - INFO - [Attacker] Label flip: 12 samples class 4 \u2192 class 0
[2026-07-19 13:43:57,386] 39 root - INFO - [Attacker] Label flip: 13 samples class 4 \u2192 class 0
[2026-07-19 13:43:57,394] 39 root - INFO - [Attacker] Label flip: 17 samples class 4 \u2192 class 0
[2026-07-19 13:43:57,400] 39 root - INFO - [Attacker] Label flip: 10 samples class 4 \u2192 class 0
[2026-07-19 13:43:57,408] 39 root - INFO - [Attacker] Label flip: 13 samples class 4 \u2192 class 0
[2026-07-19 13:43:57,416] 39 root - INFO - [Attacker] Label flip: 13 samples class 4 \u2192 class 0
[2026-07-19 13:43:57,425] 39 root - INFO - [Attacker] Label flip: 8 samples class 4 \u2192 class 0
[2026-07-19 13:43:57,433] 39 root - INFO - [Attacker] Label flip: 14 samples class 4 \u2192 class 0
[2026-07-19 13:43:57,441] 39 root - INFO - [Attacker] Label flip: 11 samples class 4 \u2192 class 0
[2026-07-19 13:43:57,449] 39 root - INFO - [Attacker] Label flip: 17 samples class 4 \u2192 class 0
[2026-07-19 13:43:57,457] 39 root - INFO - [Attacker] Label flip: 18 samples class 4 \u2192 class 0
[2026-07-19 13:43:57,465] 39 root - INFO - [Attacker] Label flip: 12 samples class 4 \u2192 class 0
[2026-07-19 13:43:57,472] 39 root - INFO - [Attacker] Label flip: 11 samples class 4 \u2192 class 0
[2026-07-19 13:43:57,480] 39 root - INFO - [Attacker] Label flip: 11 samples class 4 \u2192 class 0
[2026-07-19 13:43:57,490] 39 root - INFO - [Attacker] Label flip: 15 samples class 4 \u2192 class 0
[2026-07-19 13:43:57,498] 39 root - INFO - [Attacker] Label flip: 17 samples class 4 \u2192 class 0
[2026-07-19 13:43:57,506] 39 root - INFO - [Attacker] Label flip: 15 samples class 4 \u2192 class 0
[2026-07-19 13:43:57,514] 39 root - INFO - [Attacker] Label flip: 7 samples class 4 \u2192 class 0
[2026-07-19 13:43:57,526] 39 root - INFO - [Attacker] Label flip: 12 samples class 4 \u2192 class 0
[2026-07-19 13:43:57,534] 39 root - INFO - [Attacker] Label flip: 12 samples class 4 \u2192 class 0
[2026-07-19 13:43:57,542] 39 root - INFO - [Attacker] Label flip: 12 samples class 4 \u2192 class 0
[2026-07-19 13:43:57,550] 39 root - INFO - [Attacker] Label flip: 10 samples class 4 \u2192 class 0
[2026-07-19 13:43:57,560] 39 root - INFO - [Attacker] Label flip: 12 samples class 4 \u2192 class 0
[2026-07-19 13:43:57,569] 39 root - INFO - [Attacker] Label flip: 10 samples class 4 \u2192 class 0
[2026-07-19 13:43:57,575] 39 root - INFO - [Attacker] Label flip: 9 samples class 4 \u2192 class 0
[2026-07-19 13:43:57,585] 39 root - INFO - [Attacker] Label flip: 15 samples class 4 \u2192 class 0
[2026-07-19 13:43:57,592] 39 root - INFO - [Attacker] Label flip: 17 samples class 4 \u2192 class 0
[2026-07-19 13:43:57,603] 39 root - INFO - [Attacker] Label flip: 14 samples class 4 \u2192 class 0
[2026-07-19 13:43:57,611] 39 root - INFO - [Attacker] Label flip: 9 samples class 4 \u2192 class 0
[2026-07-19 13:43:57,617] 39 root - INFO - [Attacker] Label flip: 19 samples class 4 \u2192 class 0
[2026-07-19 13:43:57,627] 39 root - INFO - [Attacker] Label flip: 11 samples class 4 \u2192 class 0
[2026-07-19 13:43:57,637] 39 root - INFO - [Attacker] Label flip: 12 samples class 4 \u2192 class 0
[2026-07-19 13:43:57,645] 39 root - INFO - [Attacker] Label flip: 15 samples class 4 \u2192 class 0
[2026-07-19 13:43:57,651] 39 root - INFO - [Attacker] Label flip: 12 samples class 4 \u2192 class 0
[2026-07-19 13:43:57,660] 39 root - INFO - [Attacker] Label flip: 14 samples class 4 \u2192 class 0
[2026-07-19 13:43:57,667] 39 root - INFO - [Attacker] Label flip: 13 samples class 4 \u2192 class 0
[2026-07-19 13:43:57,678] 39 root - INFO - [Attacker] Label flip: 12 samples class 4 \u2192 class 0
[2026-07-19 13:43:57,686] 39 root - INFO - [Attacker] Label flip: 20 samples class 4 \u2192 class 0
[2026-07-19 13:43:57,692] 39 root - INFO - [Attacker] Label flip: 8 samples class 4 \u2192 class 0
[2026-07-19 13:43:57,767] 39 root - INFO - [Attacker] Label flip: 11 samples class 4 \u2192 class 0
[2026-07-19 13:43:57,789] 39 root - INFO - [Attacker] Label flip: 9 samples class 4 \u2192 class 0
[2026-07-19 13:43:57,797] 39 root - INFO - [Attacker] Label flip: 17 samples class 4 \u2192 class 0
[2026-07-19 13:43:57,805] 39 root - INFO - [Attacker] Label flip: 11 samples class 4 \u2192 class 0
[2026-07-19 13:43:57,814] 39 root - INFO - [Attacker] Label flip: 7 samples class 4 \u2192 class 0
[2026-07-19 13:43:57,820] 39 root - INFO - [Attacker] Label flip: 18 samples class 4 \u2192 class 0
[2026-07-19 13:43:57,828] 39 root - INFO - [Attacker] Label flip: 19 samples class 4 \u2192 class 0
[2026-07-19 13:43:57,836] 39 root - INFO - [Attacker] Label flip: 15 samples class 4 \u2192 class 0
[2026-07-19 13:43:57,844] 39 root - INFO - [Attacker] Label flip: 13 samples class 4 \u2192 class 0
[2026-07-19 13:43:57,852] 39 root - INFO - [Attacker] Label flip: 11 samples class 4 \u2192 class 0
[2026-07-19 13:43:57,860] 39 root - INFO - [Attacker] Label flip: 15 samples class 4 \u2192 class 0
[2026-07-19 13:43:57,866] 39 root - INFO - [Attacker] Label flip: 13 samples class 4 \u2192 class 0
[2026-07-19 13:43:57,874] 39 root - INFO - [Attacker] Label flip: 12 samples class 4 \u2192 class 0
[2026-07-19 13:43:57,886] 39 root - INFO - [Attacker] Label flip: 12 samples class 4 \u2192 class 0
[2026-07-19 13:43:57,892] 39 root - INFO - [Attacker] Label flip: 8 samples class 4 \u2192 class 0
[2026-07-19 13:43:57,900] 39 root - INFO - [Attacker] Label flip: 14 samples class 4 \u2192 class 0
[2026-07-19 13:43:57,910] 39 root - INFO - [Attacker] Label flip: 14 samples class 4 \u2192 class 0
[2026-07-19 13:43:57,917] 268 flwr - WARNING - DEPRECATED FEATURE: `client_fn` now expects a signature `def client_fn(context: Context)`.The provided `client_fn` has signature: {'cid': <Parameter "cid: str">}. You can import the `Context` like this: `from flwr.common import Context`

            This is a deprecated feature. It will be removed
            entirely in future versions of Flower.
        
[2026-07-19 13:43:57,919] 39 root - INFO - [Attacker] Label flip: 14 samples class 4 \u2192 class 0
[2026-07-19 13:43:57,927] 39 root - INFO - [Attacker] Label flip: 10 samples class 4 \u2192 class 0
[2026-07-19 13:43:57,933] 39 root - INFO - [Attacker] Label flip: 12 samples class 4 \u2192 class 0
[2026-07-19 13:43:57,945] 39 root - INFO - [Attacker] Label flip: 19 samples class 4 \u2192 class 0
[2026-07-19 13:43:57,952] 39 root - INFO - [Attacker] Label flip: 12 samples class 4 \u2192 class 0
[2026-07-19 13:43:57,959] 39 root - INFO - [Attacker] Label flip: 19 samples class 4 \u2192 class 0
[2026-07-19 13:43:57,967] 39 root - INFO - [Attacker] Label flip: 14 samples class 4 \u2192 class 0
[2026-07-19 13:43:57,975] 39 root - INFO - [Attacker] Label flip: 14 samples class 4 \u2192 class 0
[2026-07-19 13:43:57,982] 39 root - INFO - [Attacker] Label flip: 13 samples class 4 \u2192 class 0
[2026-07-19 13:43:57,991] 39 root - INFO - [Attacker] Label flip: 17 samples class 4 \u2192 class 0
[2026-07-19 13:43:57,999] 39 root - INFO - [Attacker] Label flip: 15 samples class 4 \u2192 class 0
[2026-07-19 13:43:58,006] 39 root - INFO - [Attacker] Label flip: 13 samples class 4 \u2192 class 0
[2026-07-19 13:43:58,017] 39 root - INFO - [Attacker] Label flip: 19 samples class 4 \u2192 class 0
[2026-07-19 13:43:58,025] 39 root - INFO - [Attacker] Label flip: 7 samples class 4 \u2192 class 0
[2026-07-19 13:43:58,034] 39 root - INFO - [Attacker] Label flip: 9 samples class 4 \u2192 class 0
[2026-07-19 13:43:58,040] 39 root - INFO - [Attacker] Label flip: 15 samples class 4 \u2192 class 0
[2026-07-19 13:43:58,052] 39 root - INFO - [Attacker] Label flip: 13 samples class 4 \u2192 class 0
[2026-07-19 13:43:58,062] 39 root - INFO - [Attacker] Label flip: 14 samples class 4 \u2192 class 0
[2026-07-19 13:43:58,069] 39 root - INFO - [Attacker] Label flip: 13 samples class 4 \u2192 class 0
[2026-07-19 13:43:58,077] 39 root - INFO - [Attacker] Label flip: 17 samples class 4 \u2192 class 0
[2026-07-19 13:43:58,084] 39 root - INFO - [Attacker] Label flip: 10 samples class 4 \u2192 class 0
[2026-07-19 13:43:58,095] 39 root - INFO - [Attacker] Label flip: 15 samples class 4 \u2192 class 0
[2026-07-19 13:43:58,103] 39 root - INFO - [Attacker] Label flip: 11 samples class 4 \u2192 class 0
[2026-07-19 13:43:58,111] 39 root - INFO - [Attacker] Label flip: 14 samples class 4 \u2192 class 0
[2026-07-19 13:43:58,119] 39 root - INFO - [Attacker] Label flip: 12 samples class 4 \u2192 class 0
[2026-07-19 13:43:58,127] 39 root - INFO - [Attacker] Label flip: 14 samples class 4 \u2192 class 0
[2026-07-19 13:43:58,135] 39 root - INFO - [Attacker] Label flip: 10 samples class 4 \u2192 class 0
[2026-07-19 13:43:58,142] 39 root - INFO - [Attacker] Label flip: 16 samples class 4 \u2192 class 0
[2026-07-19 13:43:58,150] 39 root - INFO - [Attacker] Label flip: 10 samples class 4 \u2192 class 0
[2026-07-19 13:43:58,156] 39 root - INFO - [Attacker] Label flip: 11 samples class 4 \u2192 class 0
[2026-07-19 13:43:58,166] 39 root - INFO - [Attacker] Label flip: 7 samples class 4 \u2192 class 0
[2026-07-19 13:43:58,172] 39 root - INFO - [Attacker] Label flip: 15 samples class 4 \u2192 class 0
[2026-07-19 13:43:58,180] 39 root - INFO - [Attacker] Label flip: 11 samples class 4 \u2192 class 0
[2026-07-19 13:43:58,188] 39 root - INFO - [Attacker] Label flip: 12 samples class 4 \u2192 class 0
[2026-07-19 13:43:58,196] 39 root - INFO - [Attacker] Label flip: 16 samples class 4 \u2192 class 0
[2026-07-19 13:43:58,206] 39 root - INFO - [Attacker] Label flip: 14 samples class 4 \u2192 class 0
[2026-07-19 13:43:58,216] 39 root - INFO - [Attacker] Label flip: 12 samples class 4 \u2192 class 0
[2026-07-19 13:43:58,227] 39 root - INFO - [Attacker] Label flip: 10 samples class 4 \u2192 class 0
[2026-07-19 13:43:58,235] 39 root - INFO - [Attacker] Label flip: 13 samples class 4 \u2192 class 0
[2026-07-19 13:43:58,241] 39 root - INFO - [Attacker] Label flip: 12 samples class 4 \u2192 class 0
[2026-07-19 13:43:58,249] 39 root - INFO - [Attacker] Label flip: 18 samples class 4 \u2192 class 0
[2026-07-19 13:43:58,257] 39 root - INFO - [Attacker] Label flip: 20 samples class 4 \u2192 class 0
[2026-07-19 13:43:58,265] 39 root - INFO - [Attacker] Label flip: 9 samples class 4 \u2192 class 0
[2026-07-19 13:43:58,273] 39 root - INFO - [Attacker] Label flip: 14 samples class 4 \u2192 class 0
[2026-07-19 13:43:58,279] 39 root - INFO - [Attacker] Label flip: 15 samples class 4 \u2192 class 0
[2026-07-19 13:43:58,287] 39 root - INFO - [Attacker] Label flip: 17 samples class 4 \u2192 class 0
[2026-07-19 13:43:58,294] 39 root - INFO - [Attacker] Label flip: 14 samples class 4 \u2192 class 0
[2026-07-19 13:43:58,302] 39 root - INFO - [Attacker] Label flip: 12 samples class 4 \u2192 class 0
[2026-07-19 13:43:58,310] 39 root - INFO - [Attacker] Label flip: 7 samples class 4 \u2192 class 0
[2026-07-19 13:43:58,316] 39 root - INFO - [Attacker] Label flip: 14 samples class 4 \u2192 class 0
[2026-07-19 13:43:58,326] 39 root - INFO - [Attacker] Label flip: 18 samples class 4 \u2192 class 0
[2026-07-19 13:43:58,332] 39 root - INFO - [Attacker] Label flip: 12 samples class 4 \u2192 class 0
[2026-07-19 13:43:58,340] 39 root - INFO - [Attacker] Label flip: 15 samples class 4 \u2192 class 0
[2026-07-19 13:43:58,348] 39 root - INFO - [Attacker] Label flip: 9 samples class 4 \u2192 class 0
[2026-07-19 13:43:58,355] 39 root - INFO - [Attacker] Label flip: 8 samples class 4 \u2192 class 0
[2026-07-19 13:43:58,361] 39 root - INFO - [Attacker] Label flip: 4 samples class 4 \u2192 class 0
[2026-07-19 13:43:58,369] 39 root - INFO - [Attacker] Label flip: 7 samples class 4 \u2192 class 0
[2026-07-19 13:43:58,377] 39 root - INFO - [Attacker] Label flip: 13 samples class 4 \u2192 class 0
[2026-07-19 13:43:58,389] 39 root - INFO - [Attacker] Label flip: 16 samples class 4 \u2192 class 0
[2026-07-19 13:43:58,397] 39 root - INFO - [Attacker] Label flip: 5 samples class 4 \u2192 class 0
[2026-07-19 13:43:58,403] 39 root - INFO - [Attacker] Label flip: 9 samples class 4 \u2192 class 0
[2026-07-19 13:43:58,411] 39 root - INFO - [Attacker] Label flip: 16 samples class 4 \u2192 class 0
[2026-07-19 13:43:58,419] 39 root - INFO - [Attacker] Label flip: 17 samples class 4 \u2192 class 0
[2026-07-19 13:43:58,427] 39 root - INFO - [Attacker] Label flip: 10 samples class 4 \u2192 class 0
[2026-07-19 13:43:58,434] 39 root - INFO - [Attacker] Label flip: 14 samples class 4 \u2192 class 0
[2026-07-19 13:43:58,442] 39 root - INFO - [Attacker] Label flip: 15 samples class 4 \u2192 class 0
[2026-07-19 13:43:58,450] 39 root - INFO - [Attacker] Label flip: 11 samples class 4 \u2192 class 0
[2026-07-19 13:43:58,460] 39 root - INFO - [Attacker] Label flip: 9 samples class 4 \u2192 class 0
[2026-07-19 13:43:58,468] 39 root - INFO - [Attacker] Label flip: 15 samples class 4 \u2192 class 0
[2026-07-19 13:43:58,474] 39 root - INFO - [Attacker] Label flip: 18 samples class 4 \u2192 class 0
[2026-07-19 13:43:58,482] 39 root - INFO - [Attacker] Label flip: 10 samples class 4 \u2192 class 0
[2026-07-19 13:43:58,490] 39 root - INFO - [Attacker] Label flip: 15 samples class 4 \u2192 class 0
[2026-07-19 13:43:58,497] 39 root - INFO - [Attacker] Label flip: 16 samples class 4 \u2192 class 0
[2026-07-19 13:43:58,505] 39 root - INFO - [Attacker] Label flip: 15 samples class 4 \u2192 class 0
[2026-07-19 13:43:58,513] 39 root - INFO - [Attacker] Label flip: 13 samples class 4 \u2192 class 0
[2026-07-19 13:43:58,519] 39 root - INFO - [Attacker] Label flip: 9 samples class 4 \u2192 class 0
[2026-07-19 13:43:58,529] 39 root - INFO - [Attacker] Label flip: 17 samples class 4 \u2192 class 0
[2026-07-19 13:43:58,535] 39 root - INFO - [Attacker] Label flip: 9 samples class 4 \u2192 class 0
[2026-07-19 13:43:58,543] 39 root - INFO - [Attacker] Label flip: 15 samples class 4 \u2192 class 0
[2026-07-19 13:43:58,560] 39 root - INFO - [Attacker] Label flip: 18 samples class 4 \u2192 class 0
[2026-07-19 13:43:58,570] 39 root - INFO - [Attacker] Label flip: 9 samples class 4 \u2192 class 0
[2026-07-19 13:43:58,578] 39 root - INFO - [Attacker] Label flip: 10 samples class 4 \u2192 class 0
[2026-07-19 13:43:58,586] 39 root - INFO - [Attacker] Label flip: 12 samples class 4 \u2192 class 0
[2026-07-19 13:43:58,594] 39 root - INFO - [Attacker] Label flip: 10 samples class 4 \u2192 class 0
[2026-07-19 13:43:58,600] 39 root - INFO - [Attacker] Label flip: 12 samples class 4 \u2192 class 0
[2026-07-19 13:43:58,608] 39 root - INFO - [Attacker] Label flip: 16 samples class 4 \u2192 class 0
[2026-07-19 13:43:58,616] 39 root - INFO - [Attacker] Label flip: 9 samples class 4 \u2192 class 0
[2026-07-19 13:43:58,623] 39 root - INFO - [Attacker] Label flip: 10 samples class 4 \u2192 class 0
[2026-07-19 13:43:58,629] 39 root - INFO - [Attacker] Label flip: 16 samples class 4 \u2192 class 0
[2026-07-19 13:43:58,639] 39 root - INFO - [Attacker] Label flip: 15 samples class 4 \u2192 class 0
[2026-07-19 13:43:58,647] 39 root - INFO - [Attacker] Label flip: 12 samples class 4 \u2192 class 0
[2026-07-19 13:43:58,655] 39 root - INFO - [Attacker] Label flip: 15 samples class 4 \u2192 class 0
[2026-07-19 13:43:58,661] 39 root - INFO - [Attacker] Label flip: 14 samples class 4 \u2192 class 0
[2026-07-19 13:43:58,669] 39 root - INFO - [Attacker] Label flip: 12 samples class 4 \u2192 class 0
[2026-07-19 13:43:58,677] 39 root - INFO - [Attacker] Label flip: 15 samples class 4 \u2192 class 0
[2026-07-19 13:43:58,685] 39 root - INFO - [Attacker] Label flip: 14 samples class 4 \u2192 class 0
[2026-07-19 13:43:58,692] 39 root - INFO - [Attacker] Label flip: 10 samples class 4 \u2192 class 0
[2026-07-19 13:43:58,698] 39 root - INFO - [Attacker] Label flip: 19 samples class 4 \u2192 class 0
[2026-07-19 13:43:58,706] 39 root - INFO - [Attacker] Label flip: 16 samples class 4 \u2192 class 0
[2026-07-19 13:43:58,714] 39 root - INFO - [Attacker] Label flip: 22 samples class 4 \u2192 class 0
[2026-07-19 13:43:58,722] 39 root - INFO - [Attacker] Label flip: 4 samples class 4 \u2192 class 0
[2026-07-19 13:43:58,728] 39 root - INFO - [Attacker] Label flip: 21 samples class 4 \u2192 class 0
[2026-07-19 13:43:58,736] 39 root - INFO - [Attacker] Label flip: 7 samples class 4 \u2192 class 0
[2026-07-19 13:43:58,744] 39 root - INFO - [Attacker] Label flip: 9 samples class 4 \u2192 class 0
[2026-07-19 13:43:58,752] 39 root - INFO - [Attacker] Label flip: 13 samples class 4 \u2192 class 0
[2026-07-19 13:43:58,758] 39 root - INFO - [Attacker] Label flip: 17 samples class 4 \u2192 class 0
[2026-07-19 13:43:58,765] 39 root - INFO - [Attacker] Label flip: 17 samples class 4 \u2192 class 0
[2026-07-19 13:43:58,773] 39 root - INFO - [Attacker] Label flip: 17 samples class 4 \u2192 class 0
[2026-07-19 13:43:58,779] 39 root - INFO - [Attacker] Label flip: 4 samples class 4 \u2192 class 0
[2026-07-19 13:43:58,787] 39 root - INFO - [Attacker] Label flip: 12 samples class 4 \u2192 class 0
[2026-07-19 13:43:58,800] 39 root - INFO - [Attacker] Label flip: 9 samples class 4 \u2192 class 0
[2026-07-19 13:43:58,807] 39 root - INFO - [Attacker] Label flip: 17 samples class 4 \u2192 class 0
[2026-07-19 13:43:58,815] 39 root - INFO - [Attacker] Label flip: 11 samples class 4 \u2192 class 0
[2026-07-19 13:43:58,822] 39 root - INFO - [Attacker] Label flip: 9 samples class 4 \u2192 class 0
[2026-07-19 13:43:58,830] 39 root - INFO - [Attacker] Label flip: 9 samples class 4 \u2192 class 0
[2026-07-19 13:43:58,838] 39 root - INFO - [Attacker] Label flip: 11 samples class 4 \u2192 class 0
[2026-07-19 13:43:58,846] 39 root - INFO - [Attacker] Label flip: 15 samples class 4 \u2192 class 0
[2026-07-19 13:43:58,853] 39 root - INFO - [Attacker] Label flip: 17 samples class 4 \u2192 class 0
[2026-07-19 13:43:58,861] 39 root - INFO - [Attacker] Label flip: 13 samples class 4 \u2192 class 0
[2026-07-19 13:43:58,869] 39 root - INFO - [Attacker] Label flip: 8 samples class 4 \u2192 class 0
[2026-07-19 13:43:58,875] 39 root - INFO - [Attacker] Label flip: 13 samples class 4 \u2192 class 0
[2026-07-19 13:43:58,883] 39 root - INFO - [Attacker] Label flip: 16 samples class 4 \u2192 class 0
[2026-07-19 13:43:58,891] 39 root - INFO - [Attacker] Label flip: 14 samples class 4 \u2192 class 0
[2026-07-19 13:43:58,899] 39 root - INFO - [Attacker] Label flip: 9 samples class 4 \u2192 class 0
[2026-07-19 13:43:58,905] 39 root - INFO - [Attacker] Label flip: 13 samples class 4 \u2192 class 0
[2026-07-19 13:43:58,913] 39 root - INFO - [Attacker] Label flip: 19 samples class 4 \u2192 class 0
[2026-07-19 13:43:58,921] 39 root - INFO - [Attacker] Label flip: 13 samples class 4 \u2192 class 0
[2026-07-19 13:43:58,929] 39 root - INFO - [Attacker] Label flip: 15 samples class 4 \u2192 class 0
[2026-07-19 13:43:58,937] 39 root - INFO - [Attacker] Label flip: 20 samples class 4 \u2192 class 0
[2026-07-19 13:43:58,945] 39 root - INFO - [Attacker] Label flip: 13 samples class 4 \u2192 class 0
[2026-07-19 13:43:58,950] 39 root - INFO - [Attacker] Label flip: 14 samples class 4 \u2192 class 0
[2026-07-19 13:43:58,962] 39 root - INFO - [Attacker] Label flip: 11 samples class 4 \u2192 class 0
[2026-07-19 13:43:58,968] 39 root - INFO - [Attacker] Label flip: 10 samples class 4 \u2192 class 0
[2026-07-19 13:43:58,976] 39 root - INFO - [Attacker] Label flip: 11 samples class 4 \u2192 class 0
[2026-07-19 13:43:58,984] 39 root - INFO - [Attacker] Label flip: 19 samples class 4 \u2192 class 0
[2026-07-19 13:43:58,992] 39 root - INFO - [Attacker] Label flip: 13 samples class 4 \u2192 class 0
[2026-07-19 13:43:59,000] 39 root - INFO - [Attacker] Label flip: 16 samples class 4 \u2192 class 0
[2026-07-19 13:43:59,006] 39 root - INFO - [Attacker] Label flip: 10 samples class 4 \u2192 class 0
[2026-07-19 13:43:59,014] 39 root - INFO - [Attacker] Label flip: 11 samples class 4 \u2192 class 0
[2026-07-19 13:43:59,022] 39 root - INFO - [Attacker] Label flip: 12 samples class 4 \u2192 class 0
[2026-07-19 13:43:59,032] 39 root - INFO - [Attacker] Label flip: 12 samples class 4 \u2192 class 0
[2026-07-19 13:43:59,038] 39 root - INFO - [Attacker] Label flip: 18 samples class 4 \u2192 class 0
[2026-07-19 13:43:59,046] 39 root - INFO - [Attacker] Label flip: 15 samples class 4 \u2192 class 0
[2026-07-19 13:43:59,054] 39 root - INFO - [Attacker] Label flip: 11 samples class 4 \u2192 class 0
[2026-07-19 13:43:59,061] 39 root - INFO - [Attacker] Label flip: 7 samples class 4 \u2192 class 0
[2026-07-19 13:43:59,069] 39 root - INFO - [Attacker] Label flip: 18 samples class 4 \u2192 class 0
[2026-07-19 13:43:59,077] 39 root - INFO - [Attacker] Label flip: 15 samples class 4 \u2192 class 0
[2026-07-19 13:43:59,085] 39 root - INFO - [Attacker] Label flip: 7 samples class 4 \u2192 class 0
[2026-07-19 13:43:59,093] 39 root - INFO - [Attacker] Label flip: 14 samples class 4 \u2192 class 0
[2026-07-19 13:43:59,101] 39 root - INFO - [Attacker] Label flip: 17 samples class 4 \u2192 class 0
[2026-07-19 13:43:59,109] 39 root - INFO - [Attacker] Label flip: 16 samples class 4 \u2192 class 0
[2026-07-19 13:43:59,115] 39 root - INFO - [Attacker] Label flip: 9 samples class 4 \u2192 class 0
[2026-07-19 13:43:59,125] 39 root - INFO - [Attacker] Label flip: 11 samples class 4 \u2192 class 0
[2026-07-19 13:43:59,132] 39 root - INFO - [Attacker] Label flip: 12 samples class 4 \u2192 class 0
[2026-07-19 13:43:59,140] 39 root - INFO - [Attacker] Label flip: 18 samples class 4 \u2192 class 0
[2026-07-19 13:43:59,148] 39 root - INFO - [Attacker] Label flip: 10 samples class 4 \u2192 class 0
[2026-07-19 13:43:59,154] 39 root - INFO - [Attacker] Label flip: 10 samples class 4 \u2192 class 0
[2026-07-19 13:43:59,162] 39 root - INFO - [Attacker] Label flip: 11 samples class 4 \u2192 class 0
[2026-07-19 13:43:59,178] 39 root - INFO - [Attacker] Label flip: 12 samples class 4 \u2192 class 0
[2026-07-19 13:43:59,186] 39 root - INFO - [Attacker] Label flip: 15 samples class 4 \u2192 class 0
[2026-07-19 13:43:59,192] 39 root - INFO - [Attacker] Label flip: 14 samples class 4 \u2192 class 0
[2026-07-19 13:43:59,199] 39 root - INFO - [Attacker] Label flip: 19 samples class 4 \u2192 class 0
[2026-07-19 13:43:59,207] 39 root - INFO - [Attacker] Label flip: 10 samples class 4 \u2192 class 0
[2026-07-19 13:43:59,215] 39 root - INFO - [Attacker] Label flip: 6 samples class 4 \u2192 class 0
[2026-07-19 13:43:59,223] 39 root - INFO - [Attacker] Label flip: 8 samples class 4 \u2192 class 0
[2026-07-19 13:43:59,231] 39 root - INFO - [Attacker] Label flip: 8 samples class 4 \u2192 class 0
[2026-07-19 13:43:59,239] 39 root - INFO - [Attacker] Label flip: 16 samples class 4 \u2192 class 0
[2026-07-19 13:43:59,247] 39 root - INFO - [Attacker] Label flip: 11 samples class 4 \u2192 class 0
[2026-07-19 13:43:59,253] 39 root - INFO - [Attacker] Label flip: 12 samples class 4 \u2192 class 0
[2026-07-19 13:43:59,261] 39 root - INFO - [Attacker] Label flip: 16 samples class 4 \u2192 class 0
[2026-07-19 13:43:59,271] 39 root - INFO - [Attacker] Label flip: 14 samples class 4 \u2192 class 0
[2026-07-19 13:43:59,279] 39 root - INFO - [Attacker] Label flip: 13 samples class 4 \u2192 class 0
[2026-07-19 13:43:59,285] 39 root - INFO - [Attacker] Label flip: 20 samples class 4 \u2192 class 0
[2026-07-19 13:43:59,293] 39 root - INFO - [Attacker] Label flip: 16 samples class 4 \u2192 class 0
[2026-07-19 13:43:59,302] 39 root - INFO - [Attacker] Label flip: 8 samples class 4 \u2192 class 0
[2026-07-19 13:43:59,310] 39 root - INFO - [Attacker] Label flip: 14 samples class 4 \u2192 class 0
[2026-07-19 13:43:59,318] 39 root - INFO - [Attacker] Label flip: 12 samples class 4 \u2192 class 0
[2026-07-19 13:43:59,327] 39 root - INFO - [Attacker] Label flip: 18 samples class 4 \u2192 class 0
[2026-07-19 13:43:59,334] 39 root - INFO - [Attacker] Label flip: 14 samples class 4 \u2192 class 0
[2026-07-19 13:43:59,342] 39 root - INFO - [Attacker] Label flip: 8 samples class 4 \u2192 class 0
[2026-07-19 13:43:59,350] 39 root - INFO - [Attacker] Label flip: 8 samples class 4 \u2192 class 0
[2026-07-19 13:43:59,358] 39 root - INFO - [Attacker] Label flip: 12 samples class 4 \u2192 class 0
[2026-07-19 13:43:59,365] 39 root - INFO - [Attacker] Label flip: 9 samples class 4 \u2192 class 0
[2026-07-19 13:43:59,373] 39 root - INFO - [Attacker] Label flip: 12 samples class 4 \u2192 class 0
[2026-07-19 13:43:59,381] 39 root - INFO - [Attacker] Label flip: 11 samples class 4 \u2192 class 0
[2026-07-19 13:43:59,387] 39 root - INFO - [Attacker] Label flip: 8 samples class 4 \u2192 class 0
[2026-07-19 13:43:59,395] 39 root - INFO - [Attacker] Label flip: 8 samples class 4 \u2192 class 0
[2026-07-19 13:43:59,403] 39 root - INFO - [Attacker] Label flip: 12 samples class 4 \u2192 class 0
[2026-07-19 13:43:59,411] 39 root - INFO - [Attacker] Label flip: 17 samples class 4 \u2192 class 0
[2026-07-19 13:43:59,419] 39 root - INFO - [Attacker] Label flip: 19 samples class 4 \u2192 class 0
[2026-07-19 13:43:59,426] 39 root - INFO - [Attacker] Label flip: 15 samples class 4 \u2192 class 0
[2026-07-19 13:43:59,434] 39 root - INFO - [Attacker] Label flip: 11 samples class 4 \u2192 class 0
[2026-07-19 13:43:59,442] 39 root - INFO - [Attacker] Label flip: 15 samples class 4 \u2192 class 0
[2026-07-19 13:43:59,448] 39 root - INFO - [Attacker] Label flip: 17 samples class 4 \u2192 class 0
[2026-07-19 13:43:59,456] 39 root - INFO - [Attacker] Label flip: 13 samples class 4 \u2192 class 0
[2026-07-19 13:43:59,464] 39 root - INFO - [Attacker] Label flip: 12 samples class 4 \u2192 class 0
[2026-07-19 13:43:59,472] 39 root - INFO - [Attacker] Label flip: 11 samples class 4 \u2192 class 0
[2026-07-19 13:43:59,480] 39 root - INFO - [Attacker] Label flip: 12 samples class 4 \u2192 class 0
[2026-07-19 13:43:59,486] 39 root - INFO - [Attacker] Label flip: 10 samples class 4 \u2192 class 0
[2026-07-19 13:43:59,494] 39 root - INFO - [Attacker] Label flip: 13 samples class 4 \u2192 class 0
[2026-07-19 13:43:59,503] 39 root - INFO - [Attacker] Label flip: 13 samples class 4 \u2192 class 0
[2026-07-19 13:43:59,511] 39 root - INFO - [Attacker] Label flip: 11 samples class 4 \u2192 class 0
[2026-07-19 13:43:59,519] 39 root - INFO - [Attacker] Label flip: 10 samples class 4 \u2192 class 0
[2026-07-19 13:43:59,525] 39 root - INFO - [Attacker] Label flip: 17 samples class 4 \u2192 class 0
[2026-07-19 13:43:59,535] 39 root - INFO - [Attacker] Label flip: 16 samples class 4 \u2192 class 0
[2026-07-19 13:43:59,543] 39 root - INFO - [Attacker] Label flip: 10 samples class 4 \u2192 class 0
[2026-07-19 13:43:59,550] 39 root - INFO - [Attacker] Label flip: 15 samples class 4 \u2192 class 0
[2026-07-19 13:43:59,559] 39 root - INFO - [Attacker] Label flip: 8 samples class 4 \u2192 class 0
[2026-07-19 13:43:59,566] 39 root - INFO - [Attacker] Label flip: 9 samples class 4 \u2192 class 0
[2026-07-19 13:43:59,574] 39 root - INFO - [Attacker] Label flip: 14 samples class 4 \u2192 class 0
[2026-07-19 13:43:59,582] 39 root - INFO - [Attacker] Label flip: 14 samples class 4 \u2192 class 0
[2026-07-19 13:43:59,588] 39 root - INFO - [Attacker] Label flip: 12 samples class 4 \u2192 class 0
[2026-07-19 13:43:59,598] 39 root - INFO - [Attacker] Label flip: 10 samples class 4 \u2192 class 0
[2026-07-19 13:43:59,604] 39 root - INFO - [Attacker] Label flip: 16 samples class 4 \u2192 class 0
[2026-07-19 13:43:59,612] 39 root - INFO - [Attacker] Label flip: 18 samples class 4 \u2192 class 0
[2026-07-19 13:43:59,620] 39 root - INFO - [Attacker] Label flip: 15 samples class 4 \u2192 class 0
[2026-07-19 13:43:59,627] 39 root - INFO - [Attacker] Label flip: 9 samples class 4 \u2192 class 0
[2026-07-19 13:43:59,636] 39 root - INFO - [Attacker] Label flip: 16 samples class 4 \u2192 class 0
[2026-07-19 13:43:59,643] 39 root - INFO - [Attacker] Label flip: 15 samples class 4 \u2192 class 0
[2026-07-19 13:43:59,649] 39 root - INFO - [Attacker] Label flip: 15 samples class 4 \u2192 class 0
[2026-07-19 13:43:59,657] 39 root - INFO - [Attacker] Label flip: 11 samples class 4 \u2192 class 0
[2026-07-19 13:43:59,667] 39 root - INFO - [Attacker] Label flip: 14 samples class 4 \u2192 class 0
[2026-07-19 13:43:59,675] 39 root - INFO - [Attacker] Label flip: 11 samples class 4 \u2192 class 0
[2026-07-19 13:43:59,683] 39 root - INFO - [Attacker] Label flip: 9 samples class 4 \u2192 class 0
[2026-07-19 13:43:59,691] 39 root - INFO - [Attacker] Label flip: 9 samples class 4 \u2192 class 0
[2026-07-19 13:43:59,699] 39 root - INFO - [Attacker] Label flip: 9 samples class 4 \u2192 class 0
[2026-07-19 13:43:59,705] 39 root - INFO - [Attacker] Label flip: 21 samples class 4 \u2192 class 0
[2026-07-19 13:43:59,713] 39 root - INFO - [Attacker] Label flip: 14 samples class 4 \u2192 class 0
[2026-07-19 13:43:59,721] 39 root - INFO - [Attacker] Label flip: 11 samples class 4 \u2192 class 0
[2026-07-19 13:43:59,728] 39 root - INFO - [Attacker] Label flip: 12 samples class 4 \u2192 class 0
[2026-07-19 13:43:59,736] 39 root - INFO - [Attacker] Label flip: 18 samples class 4 \u2192 class 0
[2026-07-19 13:43:59,744] 39 root - INFO - [Attacker] Label flip: 11 samples class 4 \u2192 class 0
[2026-07-19 13:43:59,752] 39 root - INFO - [Attacker] Label flip: 11 samples class 4 \u2192 class 0
[2026-07-19 13:43:59,760] 39 root - INFO - [Attacker] Label flip: 7 samples class 4 \u2192 class 0
[2026-07-19 13:43:59,766] 39 root - INFO - [Attacker] Label flip: 12 samples class 4 \u2192 class 0
[2026-07-19 13:43:59,774] 39 root - INFO - [Attacker] Label flip: 13 samples class 4 \u2192 class 0
[2026-07-19 13:43:59,782] 39 root - INFO - [Attacker] Label flip: 12 samples class 4 \u2192 class 0
[2026-07-19 13:43:59,790] 39 root - INFO - [Attacker] Label flip: 13 samples class 4 \u2192 class 0
[2026-07-19 13:43:59,798] 39 root - INFO - [Attacker] Label flip: 16 samples class 4 \u2192 class 0
[2026-07-19 13:43:59,805] 39 root - INFO - [Attacker] Label flip: 14 samples class 4 \u2192 class 0
[2026-07-19 13:43:59,813] 39 root - INFO - [Attacker] Label flip: 13 samples class 4 \u2192 class 0
[2026-07-19 13:43:59,821] 39 root - INFO - [Attacker] Label flip: 12 samples class 4 \u2192 class 0
[2026-07-19 13:43:59,831] 39 root - INFO - [Attacker] Label flip: 8 samples class 4 \u2192 class 0
[2026-07-19 13:43:59,839] 39 root - INFO - [Attacker] Label flip: 12 samples class 4 \u2192 class 0
[2026-07-19 13:43:59,845] 39 root - INFO - [Attacker] Label flip: 13 samples class 4 \u2192 class 0
[2026-07-19 13:43:59,853] 39 root - INFO - [Attacker] Label flip: 9 samples class 4 \u2192 class 0
[2026-07-19 13:43:59,861] 39 root - INFO - [Attacker] Label flip: 11 samples class 4 \u2192 class 0
[2026-07-19 13:43:59,870] 39 root - INFO - [Attacker] Label flip: 8 samples class 4 \u2192 class 0
[2026-07-19 13:43:59,878] 39 root - INFO - [Attacker] Label flip: 9 samples class 4 \u2192 class 0
[2026-07-19 13:43:59,886] 39 root - INFO - [Attacker] Label flip: 17 samples class 4 \u2192 class 0
[2026-07-19 13:43:59,893] 39 root - INFO - [Attacker] Label flip: 13 samples class 4 \u2192 class 0
[2026-07-19 13:43:59,900] 39 root - INFO - [Attacker] Label flip: 17 samples class 4 \u2192 class 0
[2026-07-19 13:43:59,908] 39 root - INFO - [Attacker] Label flip: 13 samples class 4 \u2192 class 0
[2026-07-19 13:43:59,914] 39 root - INFO - [Attacker] Label flip: 8 samples class 4 \u2192 class 0
[2026-07-19 13:43:59,922] 39 root - INFO - [Attacker] Label flip: 14 samples class 4 \u2192 class 0
[2026-07-19 13:43:59,932] 39 root - INFO - [Attacker] Label flip: 17 samples class 4 \u2192 class 0
[2026-07-19 13:43:59,940] 39 root - INFO - [Attacker] Label flip: 8 samples class 4 \u2192 class 0
[2026-07-19 13:43:59,946] 39 root - INFO - [Attacker] Label flip: 11 samples class 4 \u2192 class 0
[2026-07-19 13:43:59,954] 39 root - INFO - [Attacker] Label flip: 20 samples class 4 \u2192 class 0
[2026-07-19 13:43:59,962] 39 root - INFO - [Attacker] Label flip: 10 samples class 4 \u2192 class 0
[2026-07-19 13:43:59,969] 39 root - INFO - [Attacker] Label flip: 12 samples class 4 \u2192 class 0
[2026-07-19 13:43:59,978] 39 root - INFO - [Attacker] Label flip: 7 samples class 4 \u2192 class 0
[2026-07-19 13:43:59,985] 39 root - INFO - [Attacker] Label flip: 7 samples class 4 \u2192 class 0
[2026-07-19 13:43:59,995] 39 root - INFO - [Attacker] Label flip: 12 samples class 4 \u2192 class 0
[2026-07-19 13:44:00,001] 39 root - INFO - [Attacker] Label flip: 13 samples class 4 \u2192 class 0
[2026-07-19 13:44:00,009] 39 root - INFO - [Attacker] Label flip: 15 samples class 4 \u2192 class 0
[2026-07-19 13:44:00,017] 39 root - INFO - [Attacker] Label flip: 17 samples class 4 \u2192 class 0
[2026-07-19 13:44:00,025] 39 root - INFO - [Attacker] Label flip: 10 samples class 4 \u2192 class 0
[2026-07-19 13:44:00,033] 39 root - INFO - [Attacker] Label flip: 9 samples class 4 \u2192 class 0
[2026-07-19 13:44:00,041] 39 root - INFO - [Attacker] Label flip: 18 samples class 4 \u2192 class 0
[2026-07-19 13:44:00,049] 39 root - INFO - [Attacker] Label flip: 5 samples class 4 \u2192 class 0
[2026-07-19 13:44:00,057] 39 root - INFO - [Attacker] Label flip: 10 samples class 4 \u2192 class 0
[2026-07-19 13:44:00,067] 39 root - INFO - [Attacker] Label flip: 7 samples class 4 \u2192 class 0
[2026-07-19 13:44:00,073] 39 root - INFO - [Attacker] Label flip: 14 samples class 4 \u2192 class 0
[2026-07-19 13:44:00,080] 39 root - INFO - [Attacker] Label flip: 13 samples class 4 \u2192 class 0
[2026-07-19 13:44:00,088] 39 root - INFO - [Attacker] Label flip: 11 samples class 4 \u2192 class 0
[2026-07-19 13:44:00,096] 39 root - INFO - [Attacker] Label flip: 9 samples class 4 \u2192 class 0
[2026-07-19 13:44:00,104] 39 root - INFO - [Attacker] Label flip: 12 samples class 4 \u2192 class 0
[2026-07-19 13:44:00,112] 39 root - INFO - [Attacker] Label flip: 16 samples class 4 \u2192 class 0
[2026-07-19 13:44:00,120] 39 root - INFO - [Attacker] Label flip: 14 samples class 4 \u2192 class 0
[2026-07-19 13:44:00,128] 39 root - INFO - [Attacker] Label flip: 12 samples class 4 \u2192 class 0
[2026-07-19 13:44:00,134] 39 root - INFO - [Attacker] Label flip: 8 samples class 4 \u2192 class 0
[2026-07-19 13:44:00,142] 39 root - INFO - [Attacker] Label flip: 11 samples class 4 \u2192 class 0
[2026-07-19 13:44:00,150] 39 root - INFO - [Attacker] Label flip: 13 samples class 4 \u2192 class 0
[2026-07-19 13:44:00,159] 39 root - INFO - [Attacker] Label flip: 7 samples class 4 \u2192 class 0
[2026-07-19 13:44:00,167] 39 root - INFO - [Attacker] Label flip: 14 samples class 4 \u2192 class 0
[2026-07-19 13:44:00,173] 39 root - INFO - [Attacker] Label flip: 13 samples class 4 \u2192 class 0
[2026-07-19 13:44:00,181] 39 root - INFO - [Attacker] Label flip: 18 samples class 4 \u2192 class 0
[2026-07-19 13:44:00,189] 39 root - INFO - [Attacker] Label flip: 19 samples class 4 \u2192 class 0
[2026-07-19 13:44:00,199] 39 root - INFO - [Attacker] Label flip: 16 samples class 4 \u2192 class 0
[2026-07-19 13:44:00,205] 39 root - INFO - [Attacker] Label flip: 10 samples class 4 \u2192 class 0
[2026-07-19 13:44:00,213] 39 root - INFO - [Attacker] Label flip: 13 samples class 4 \u2192 class 0
[2026-07-19 13:44:00,220] 39 root - INFO - [Attacker] Label flip: 11 samples class 4 \u2192 class 0
[2026-07-19 13:44:00,228] 39 root - INFO - [Attacker] Label flip: 15 samples class 4 \u2192 class 0
[2026-07-19 13:44:00,236] 39 root - INFO - [Attacker] Label flip: 14 samples class 4 \u2192 class 0
[2026-07-19 13:44:00,244] 39 root - INFO - [Attacker] Label flip: 15 samples class 4 \u2192 class 0
[2026-07-19 13:44:00,250] 39 root - INFO - [Attacker] Label flip: 13 samples class 4 \u2192 class 0
[2026-07-19 13:44:00,258] 39 root - INFO - [Attacker] Label flip: 11 samples class 4 \u2192 class 0
[2026-07-19 13:44:00,266] 39 root - INFO - [Attacker] Label flip: 13 samples class 4 \u2192 class 0
[2026-07-19 13:44:00,274] 39 root - INFO - [Attacker] Label flip: 7 samples class 4 \u2192 class 0
[2026-07-19 13:44:00,282] 39 root - INFO - [Attacker] Label flip: 7 samples class 4 \u2192 class 0
[2026-07-19 13:44:00,288] 39 root - INFO - [Attacker] Label flip: 14 samples class 4 \u2192 class 0
[2026-07-19 13:44:00,297] 39 root - INFO - [Attacker] Label flip: 17 samples class 4 \u2192 class 0
[2026-07-19 13:44:00,305] 39 root - INFO - [Attacker] Label flip: 12 samples class 4 \u2192 class 0
[2026-07-19 13:44:00,311] 39 root - INFO - [Attacker] Label flip: 6 samples class 4 \u2192 class 0
[2026-07-19 13:44:00,319] 39 root - INFO - [Attacker] Label flip: 15 samples class 4 \u2192 class 0
[2026-07-19 13:44:00,327] 39 root - INFO - [Attacker] Label flip: 11 samples class 4 \u2192 class 0
[2026-07-19 13:44:00,335] 39 root - INFO - [Attacker] Label flip: 11 samples class 4 \u2192 class 0
[2026-07-19 13:44:00,343] 39 root - INFO - [Attacker] Label flip: 12 samples class 4 \u2192 class 0
[2026-07-19 13:44:00,351] 39 root - INFO - [Attacker] Label flip: 9 samples class 4 \u2192 class 0
[2026-07-19 13:44:00,361] 39 root - INFO - [Attacker] Label flip: 15 samples class 4 \u2192 class 0
[2026-07-19 13:44:00,367] 39 root - INFO - [Attacker] Label flip: 16 samples class 4 \u2192 class 0
[2026-07-19 13:44:00,375] 39 root - INFO - [Attacker] Label flip: 17 samples class 4 \u2192 class 0
[2026-07-19 13:44:00,382] 39 root - INFO - [Attacker] Label flip: 16 samples class 4 \u2192 class 0
[2026-07-19 13:44:00,393] 39 root - INFO - [Attacker] Label flip: 13 samples class 4 \u2192 class 0
[2026-07-19 13:44:00,399] 39 root - INFO - [Attacker] Label flip: 9 samples class 4 \u2192 class 0
[2026-07-19 13:44:00,407] 39 root - INFO - [Attacker] Label flip: 10 samples class 4 \u2192 class 0
[2026-07-19 13:44:00,415] 39 root - INFO - [Attacker] Label flip: 14 samples class 4 \u2192 class 0
[2026-07-19 13:44:00,423] 39 root - INFO - [Attacker] Label flip: 12 samples class 4 \u2192 class 0
[2026-07-19 13:44:00,430] 39 root - INFO - [Attacker] Label flip: 19 samples class 4 \u2192 class 0
[2026-07-19 13:44:00,438] 39 root - INFO - [Attacker] Label flip: 13 samples class 4 \u2192 class 0
[2026-07-19 13:44:00,444] 39 root - INFO - [Attacker] Label flip: 10 samples class 4 \u2192 class 0
[2026-07-19 13:44:00,452] 39 root - INFO - [Attacker] Label flip: 8 samples class 4 \u2192 class 0
[2026-07-19 13:44:00,462] 39 root - INFO - [Attacker] Label flip: 8 samples class 4 \u2192 class 0
[2026-07-19 13:44:00,470] 39 root - INFO - [Attacker] Label flip: 16 samples class 4 \u2192 class 0
[2026-07-19 13:44:00,476] 39 root - INFO - [Attacker] Label flip: 5 samples class 4 \u2192 class 0
[2026-07-19 13:44:00,484] 39 root - INFO - [Attacker] Label flip: 11 samples class 4 \u2192 class 0
[2026-07-19 13:44:00,492] 39 root - INFO - [Attacker] Label flip: 14 samples class 4 \u2192 class 0
[2026-07-19 13:44:00,499] 39 root - INFO - [Attacker] Label flip: 14 samples class 4 \u2192 class 0
[2026-07-19 13:44:00,507] 39 root - INFO - [Attacker] Label flip: 13 samples class 4 \u2192 class 0
[2026-07-19 13:44:00,515] 39 root - INFO - [Attacker] Label flip: 21 samples class 4 \u2192 class 0
[2026-07-19 13:44:00,523] 39 root - INFO - [Attacker] Label flip: 11 samples class 4 \u2192 class 0
[2026-07-19 13:44:00,531] 39 root - INFO - [Attacker] Label flip: 8 samples class 4 \u2192 class 0
[2026-07-19 13:44:00,539] 39 root - INFO - [Attacker] Label flip: 16 samples class 4 \u2192 class 0
[2026-07-19 13:44:00,547] 39 root - INFO - [Attacker] Label flip: 4 samples class 4 \u2192 class 0
[2026-07-19 13:44:00,555] 39 root - INFO - [Attacker] Label flip: 15 samples class 4 \u2192 class 0
[2026-07-19 13:44:00,563] 39 root - INFO - [Attacker] Label flip: 15 samples class 4 \u2192 class 0
[2026-07-19 13:44:00,569] 39 root - INFO - [Attacker] Label flip: 12 samples class 4 \u2192 class 0
[2026-07-19 13:44:00,576] 39 root - INFO - [Attacker] Label flip: 10 samples class 4 \u2192 class 0
[2026-07-19 13:44:00,584] 39 root - INFO - [Attacker] Label flip: 11 samples class 4 \u2192 class 0
[2026-07-19 13:44:00,592] 39 root - INFO - [Attacker] Label flip: 13 samples class 4 \u2192 class 0
[2026-07-19 13:44:00,600] 39 root - INFO - [Attacker] Label flip: 9 samples class 4 \u2192 class 0
[2026-07-19 13:44:00,606] 39 root - INFO - [Attacker] Label flip: 11 samples class 4 \u2192 class 0
[2026-07-19 13:44:00,614] 39 root - INFO - [Attacker] Label flip: 11 samples class 4 \u2192 class 0
[2026-07-19 13:44:00,624] 39 root - INFO - [Attacker] Label flip: 14 samples class 4 \u2192 class 0
[2026-07-19 13:44:00,630] 39 root - INFO - [Attacker] Label flip: 15 samples class 4 \u2192 class 0
[2026-07-19 13:44:00,638] 39 root - INFO - [Attacker] Label flip: 14 samples class 4 \u2192 class 0
[2026-07-19 13:44:00,646] 39 root - INFO - [Attacker] Label flip: 15 samples class 4 \u2192 class 0
[2026-07-19 13:44:00,653] 39 root - INFO - [Attacker] Label flip: 11 samples class 4 \u2192 class 0
[2026-07-19 13:44:00,664] 39 root - INFO - [Attacker] Label flip: 15 samples class 4 \u2192 class 0
[2026-07-19 13:44:00,671] 39 root - INFO - [Attacker] Label flip: 10 samples class 4 \u2192 class 0
[2026-07-19 13:44:00,677] 39 root - INFO - [Attacker] Label flip: 17 samples class 4 \u2192 class 0
[2026-07-19 13:44:00,685] 39 root - INFO - [Attacker] Label flip: 11 samples class 4 \u2192 class 0
[2026-07-19 13:44:00,695] 39 root - INFO - [Attacker] Label flip: 14 samples class 4 \u2192 class 0
[2026-07-19 13:44:00,703] 39 root - INFO - [Attacker] Label flip: 9 samples class 4 \u2192 class 0
[2026-07-19 13:44:00,711] 39 root - INFO - [Attacker] Label flip: 15 samples class 4 \u2192 class 0
[2026-07-19 13:44:00,719] 39 root - INFO - [Attacker] Label flip: 12 samples class 4 \u2192 class 0
[2026-07-19 13:44:00,727] 39 root - INFO - [Attacker] Label flip: 14 samples class 4 \u2192 class 0
[2026-07-19 13:44:00,735] 39 root - INFO - [Attacker] Label flip: 14 samples class 4 \u2192 class 0
[2026-07-19 13:44:00,741] 39 root - INFO - [Attacker] Label flip: 14 samples class 4 \u2192 class 0
[2026-07-19 13:44:00,748] 39 root - INFO - [Attacker] Label flip: 17 samples class 4 \u2192 class 0
[2026-07-19 13:44:00,758] 39 root - INFO - [Attacker] Label flip: 17 samples class 4 \u2192 class 0
[2026-07-19 13:44:00,766] 39 root - INFO - [Attacker] Label flip: 11 samples class 4 \u2192 class 0
[2026-07-19 13:44:00,774] 39 root - INFO - [Attacker] Label flip: 11 samples class 4 \u2192 class 0
[2026-07-19 13:44:00,782] 39 root - INFO - [Attacker] Label flip: 10 samples class 4 \u2192 class 0
[2026-07-19 13:44:00,793] 39 root - INFO - [Attacker] Label flip: 11 samples class 4 \u2192 class 0
[2026-07-19 13:44:00,800] 39 root - INFO - [Attacker] Label flip: 11 samples class 4 \u2192 class 0
[2026-07-19 13:44:00,808] 39 root - INFO - [Attacker] Label flip: 17 samples class 4 \u2192 class 0
[2026-07-19 13:44:00,816] 39 root - INFO - [Attacker] Label flip: 12 samples class 4 \u2192 class 0
[2026-07-19 13:44:00,822] 39 root - INFO - [Attacker] Label flip: 10 samples class 4 \u2192 class 0
[2026-07-19 13:44:00,832] 39 root - INFO - [Attacker] Label flip: 14 samples class 4 \u2192 class 0
[2026-07-19 13:44:00,840] 39 root - INFO - [Attacker] Label flip: 9 samples class 4 \u2192 class 0
[2026-07-19 13:44:00,847] 39 root - INFO - [Attacker] Label flip: 6 samples class 4 \u2192 class 0
[2026-07-19 13:44:00,855] 39 root - INFO - [Attacker] Label flip: 13 samples class 4 \u2192 class 0
[2026-07-19 13:44:00,863] 39 root - INFO - [Attacker] Label flip: 12 samples class 4 \u2192 class 0
[2026-07-19 13:44:00,869] 39 root - INFO - [Attacker] Label flip: 17 samples class 4 \u2192 class 0
[2026-07-19 13:44:00,877] 39 root - INFO - [Attacker] Label flip: 11 samples class 4 \u2192 class 0
[2026-07-19 13:44:00,885] 39 root - INFO - [Attacker] Label flip: 9 samples class 4 \u2192 class 0
[2026-07-19 13:44:00,893] 39 root - INFO - [Attacker] Label flip: 13 samples class 4 \u2192 class 0
[2026-07-19 13:44:00,899] 39 root - INFO - [Attacker] Label flip: 21 samples class 4 \u2192 class 0
[2026-07-19 13:44:00,907] 39 root - INFO - [Attacker] Label flip: 13 samples class 4 \u2192 class 0
[2026-07-19 13:44:00,915] 39 root - INFO - [Attacker] Label flip: 14 samples class 4 \u2192 class 0
[2026-07-19 13:44:00,924] 39 root - INFO - [Attacker] Label flip: 14 samples class 4 \u2192 class 0
[2026-07-19 13:44:00,932] 39 root - INFO - [Attacker] Label flip: 8 samples class 4 \u2192 class 0
[2026-07-19 13:44:00,939] 39 root - INFO - [Attacker] Label flip: 10 samples class 4 \u2192 class 0
[2026-07-19 13:44:00,947] 39 root - INFO - [Attacker] Label flip: 19 samples class 4 \u2192 class 0
[2026-07-19 13:44:00,955] 39 root - INFO - [Attacker] Label flip: 11 samples class 4 \u2192 class 0
[2026-07-19 13:44:00,961] 39 root - INFO - [Attacker] Label flip: 10 samples class 4 \u2192 class 0
[2026-07-19 13:44:00,969] 39 root - INFO - [Attacker] Label flip: 13 samples class 4 \u2192 class 0
[2026-07-19 13:44:00,977] 39 root - INFO - [Attacker] Label flip: 12 samples class 4 \u2192 class 0
[2026-07-19 13:44:00,985] 39 root - INFO - [Attacker] Label flip: 14 samples class 4 \u2192 class 0
[2026-07-19 13:44:00,993] 39 root - INFO - [Attacker] Label flip: 11 samples class 4 \u2192 class 0
[2026-07-19 13:44:01,000] 39 root - INFO - [Attacker] Label flip: 10 samples class 4 \u2192 class 0
[2026-07-19 13:44:01,008] 39 root - INFO - [Attacker] Label flip: 12 samples class 4 \u2192 class 0
[2026-07-19 13:44:01,016] 39 root - INFO - [Attacker] Label flip: 8 samples class 4 \u2192 class 0
[2026-07-19 13:44:01,024] 39 root - INFO - [Attacker] Label flip: 13 samples class 4 \u2192 class 0
[2026-07-19 13:44:01,034] 39 root - INFO - [Attacker] Label flip: 13 samples class 4 \u2192 class 0
[2026-07-19 13:44:01,042] 39 root - INFO - [Attacker] Label flip: 9 samples class 4 \u2192 class 0
[2026-07-19 13:44:01,047] 39 root - INFO - [Attacker] Label flip: 12 samples class 4 \u2192 class 0
[2026-07-19 13:44:01,056] 39 root - INFO - [Attacker] Label flip: 16 samples class 4 \u2192 class 0
[2026-07-19 13:44:01,063] 39 root - INFO - [Attacker] Label flip: 17 samples class 4 \u2192 class 0
[2026-07-19 13:44:01,071] 39 root - INFO - [Attacker] Label flip: 9 samples class 4 \u2192 class 0
[2026-07-19 13:44:01,079] 39 root - INFO - [Attacker] Label flip: 13 samples class 4 \u2192 class 0
[2026-07-19 13:44:01,085] 39 root - INFO - [Attacker] Label flip: 14 samples class 4 \u2192 class 0
[2026-07-19 13:44:01,095] 39 root - INFO - [Attacker] Label flip: 16 samples class 4 \u2192 class 0
[2026-07-19 13:44:01,103] 39 root - INFO - [Attacker] Label flip: 10 samples class 4 \u2192 class 0
[2026-07-19 13:44:01,111] 39 root - INFO - [Attacker] Label flip: 15 samples class 4 \u2192 class 0
[2026-07-19 13:44:01,117] 39 root - INFO - [Attacker] Label flip: 17 samples class 4 \u2192 class 0
[2026-07-19 13:44:01,128] 39 root - INFO - [Attacker] Label flip: 9 samples class 4 \u2192 class 0
[2026-07-19 13:44:01,136] 39 root - INFO - [Attacker] Label flip: 13 samples class 4 \u2192 class 0
[2026-07-19 13:44:01,154] 39 root - INFO - [Attacker] Label flip: 7 samples class 4 \u2192 class 0
[2026-07-19 13:44:01,162] 39 root - INFO - [Attacker] Label flip: 15 samples class 4 \u2192 class 0
[2026-07-19 13:44:01,170] 39 root - INFO - [Attacker] Label flip: 10 samples class 4 \u2192 class 0
[2026-07-19 13:44:01,178] 39 root - INFO - [Attacker] Label flip: 11 samples class 4 \u2192 class 0
[2026-07-19 13:44:01,186] 39 root - INFO - [Attacker] Label flip: 9 samples class 4 \u2192 class 0
[2026-07-19 13:44:01,194] 39 root - INFO - [Attacker] Label flip: 14 samples class 4 \u2192 class 0
[2026-07-19 13:44:01,202] 39 root - INFO - [Attacker] Label flip: 13 samples class 4 \u2192 class 0
[2026-07-19 13:44:01,209] 39 root - INFO - [Attacker] Label flip: 12 samples class 4 \u2192 class 0
[2026-07-19 13:44:01,217] 39 root - INFO - [Attacker] Label flip: 14 samples class 4 \u2192 class 0
[2026-07-19 13:44:01,225] 39 root - INFO - [Attacker] Label flip: 13 samples class 4 \u2192 class 0
[2026-07-19 13:44:01,233] 39 root - INFO - [Attacker] Label flip: 12 samples class 4 \u2192 class 0
[2026-07-19 13:44:01,241] 39 root - INFO - [Attacker] Label flip: 11 samples class 4 \u2192 class 0
[2026-07-19 13:44:01,249] 39 root - INFO - [Attacker] Label flip: 11 samples class 4 \u2192 class 0
[2026-07-19 13:44:01,257] 39 root - INFO - [Attacker] Label flip: 15 samples class 4 \u2192 class 0
[2026-07-19 13:44:01,267] 39 root - INFO - [Attacker] Label flip: 8 samples class 4 \u2192 class 0
[2026-07-19 13:44:01,277] 39 root - INFO - [Attacker] Label flip: 10 samples class 4 \u2192 class 0
[2026-07-19 13:44:01,284] 39 root - INFO - [Attacker] Label flip: 11 samples class 4 \u2192 class 0
[2026-07-19 13:44:01,292] 39 root - INFO - [Attacker] Label flip: 13 samples class 4 \u2192 class 0
[2026-07-19 13:44:01,300] 39 root - INFO - [Attacker] Label flip: 18 samples class 4 \u2192 class 0
[2026-07-19 13:44:01,308] 39 root - INFO - [Attacker] Label flip: 9 samples class 4 \u2192 class 0
[2026-07-19 13:44:01,316] 39 root - INFO - [Attacker] Label flip: 14 samples class 4 \u2192 class 0
[2026-07-19 13:44:01,324] 39 root - INFO - [Attacker] Label flip: 13 samples class 4 \u2192 class 0
[2026-07-19 13:44:01,332] 39 root - INFO - [Attacker] Label flip: 11 samples class 4 \u2192 class 0
[2026-07-19 13:44:01,340] 39 root - INFO - [Attacker] Label flip: 12 samples class 4 \u2192 class 0
[2026-07-19 13:44:01,348] 39 root - INFO - [Attacker] Label flip: 20 samples class 4 \u2192 class 0
[2026-07-19 13:44:01,356] 39 root - INFO - [Attacker] Label flip: 5 samples class 4 \u2192 class 0
[2026-07-19 13:44:01,363] 39 root - INFO - [Attacker] Label flip: 11 samples class 4 \u2192 class 0
[2026-07-19 13:44:01,371] 39 root - INFO - [Attacker] Label flip: 14 samples class 4 \u2192 class 0
[2026-07-19 13:44:01,380] 39 root - INFO - [Attacker] Label flip: 11 samples class 4 \u2192 class 0
[2026-07-19 13:44:01,386] 39 root - INFO - [Attacker] Label flip: 9 samples class 4 \u2192 class 0
[2026-07-19 13:44:01,394] 39 root - INFO - [Attacker] Label flip: 5 samples class 4 \u2192 class 0
[2026-07-19 13:44:01,402] 39 root - INFO - [Attacker] Label flip: 8 samples class 4 \u2192 class 0
[2026-07-19 13:44:01,409] 39 root - INFO - [Attacker] Label flip: 14 samples class 4 \u2192 class 0
[2026-07-19 13:44:01,417] 39 root - INFO - [Attacker] Label flip: 10 samples class 4 \u2192 class 0
[2026-07-19 13:44:01,425] 39 root - INFO - [Attacker] Label flip: 13 samples class 4 \u2192 class 0
[2026-07-19 13:44:01,433] 39 root - INFO - [Attacker] Label flip: 14 samples class 4 \u2192 class 0
[2026-07-19 13:44:01,441] 39 root - INFO - [Attacker] Label flip: 14 samples class 4 \u2192 class 0
[2026-07-19 13:44:01,450] 39 root - INFO - [Attacker] Label flip: 13 samples class 4 \u2192 class 0
[2026-07-19 13:44:01,458] 39 root - INFO - [Attacker] Label flip: 12 samples class 4 \u2192 class 0
[2026-07-19 13:44:01,465] 39 root - INFO - [Attacker] Label flip: 11 samples class 4 \u2192 class 0
[2026-07-19 13:44:01,473] 39 root - INFO - [Attacker] Label flip: 11 samples class 4 \u2192 class 0
[2026-07-19 13:44:01,481] 39 root - INFO - [Attacker] Label flip: 8 samples class 4 \u2192 class 0
[2026-07-19 13:44:01,489] 39 root - INFO - [Attacker] Label flip: 17 samples class 4 \u2192 class 0
[2026-07-19 13:44:01,497] 39 root - INFO - [Attacker] Label flip: 13 samples class 4 \u2192 class 0
[2026-07-19 13:44:01,505] 39 root - INFO - [Attacker] Label flip: 20 samples class 4 \u2192 class 0
[2026-07-19 13:44:01,513] 39 root - INFO - [Attacker] Label flip: 14 samples class 4 \u2192 class 0
[2026-07-19 13:44:01,521] 39 root - INFO - [Attacker] Label flip: 10 samples class 4 \u2192 class 0
[2026-07-19 13:44:01,530] 39 root - INFO - [Attacker] Label flip: 8 samples class 4 \u2192 class 0
[2026-07-19 13:44:01,539] 39 root - INFO - [Attacker] Label flip: 18 samples class 4 \u2192 class 0
[2026-07-19 13:44:01,544] 39 root - INFO - [Attacker] Label flip: 16 samples class 4 \u2192 class 0
[2026-07-19 13:44:01,552] 39 root - INFO - [Attacker] Label flip: 9 samples class 4 \u2192 class 0
[2026-07-19 13:44:01,562] 39 root - INFO - [Attacker] Label flip: 13 samples class 4 \u2192 class 0
[2026-07-19 13:44:01,568] 39 root - INFO - [Attacker] Label flip: 14 samples class 4 \u2192 class 0
[2026-07-19 13:44:01,576] 39 root - INFO - [Attacker] Label flip: 15 samples class 4 \u2192 class 0
[2026-07-19 13:44:01,584] 39 root - INFO - [Attacker] Label flip: 12 samples class 4 \u2192 class 0
[2026-07-19 13:44:01,592] 39 root - INFO - [Attacker] Label flip: 15 samples class 4 \u2192 class 0
[2026-07-19 13:44:01,600] 39 root - INFO - [Attacker] Label flip: 22 samples class 4 \u2192 class 0
[2026-07-19 13:44:01,607] 39 root - INFO - [Attacker] Label flip: 10 samples class 4 \u2192 class 0
[2026-07-19 13:44:01,616] 39 root - INFO - [Attacker] Label flip: 12 samples class 4 \u2192 class 0
[2026-07-19 13:44:01,624] 39 root - INFO - [Attacker] Label flip: 13 samples class 4 \u2192 class 0
[2026-07-19 13:44:01,632] 39 root - INFO - [Attacker] Label flip: 9 samples class 4 \u2192 class 0
[2026-07-19 13:44:01,639] 39 root - INFO - [Attacker] Label flip: 10 samples class 4 \u2192 class 0
[2026-07-19 13:44:01,647] 39 root - INFO - [Attacker] Label flip: 13 samples class 4 \u2192 class 0
[2026-07-19 13:44:01,657] 39 root - INFO - [Attacker] Label flip: 8 samples class 4 \u2192 class 0
[2026-07-19 13:44:01,665] 39 root - INFO - [Attacker] Label flip: 7 samples class 4 \u2192 class 0
[2026-07-19 13:44:01,673] 39 root - INFO - [Attacker] Label flip: 8 samples class 4 \u2192 class 0
[2026-07-19 13:44:01,681] 39 root - INFO - [Attacker] Label flip: 10 samples class 4 \u2192 class 0
[2026-07-19 13:44:01,689] 39 root - INFO - [Attacker] Label flip: 10 samples class 4 \u2192 class 0
[2026-07-19 13:44:01,697] 39 root - INFO - [Attacker] Label flip: 14 samples class 4 \u2192 class 0
[2026-07-19 13:44:01,705] 39 root - INFO - [Attacker] Label flip: 12 samples class 4 \u2192 class 0
[2026-07-19 13:44:01,711] 39 root - INFO - [Attacker] Label flip: 8 samples class 4 \u2192 class 0
[2026-07-19 13:44:01,718] 39 root - INFO - [Attacker] Label flip: 11 samples class 4 \u2192 class 0
[2026-07-19 13:44:01,726] 39 root - INFO - [Attacker] Label flip: 14 samples class 4 \u2192 class 0
[2026-07-19 13:44:01,734] 39 root - INFO - [Attacker] Label flip: 13 samples class 4 \u2192 class 0
[2026-07-19 13:44:01,742] 39 root - INFO - [Attacker] Label flip: 10 samples class 4 \u2192 class 0
[2026-07-19 13:44:01,750] 39 root - INFO - [Attacker] Label flip: 18 samples class 4 \u2192 class 0
[2026-07-19 13:44:01,758] 39 root - INFO - [Attacker] Label flip: 14 samples class 4 \u2192 class 0
[2026-07-19 13:44:01,766] 39 root - INFO - [Attacker] Label flip: 11 samples class 4 \u2192 class 0
[2026-07-19 13:44:01,774] 39 root - INFO - [Attacker] Label flip: 19 samples class 4 \u2192 class 0
[2026-07-19 13:44:01,782] 39 root - INFO - [Attacker] Label flip: 13 samples class 4 \u2192 class 0
[2026-07-19 13:44:01,792] 39 root - INFO - [Attacker] Label flip: 7 samples class 4 \u2192 class 0
[2026-07-19 13:44:01,799] 39 root - INFO - [Attacker] Label flip: 10 samples class 4 \u2192 class 0
[2026-07-19 13:44:01,807] 39 root - INFO - [Attacker] Label flip: 19 samples class 4 \u2192 class 0
[2026-07-19 13:44:01,815] 39 root - INFO - [Attacker] Label flip: 12 samples class 4 \u2192 class 0
[2026-07-19 13:44:01,825] 39 root - INFO - [Attacker] Label flip: 16 samples class 4 \u2192 class 0
[2026-07-19 13:44:01,833] 39 root - INFO - [Attacker] Label flip: 11 samples class 4 \u2192 class 0
[2026-07-19 13:44:01,839] 39 root - INFO - [Attacker] Label flip: 12 samples class 4 \u2192 class 0
[2026-07-19 13:44:01,847] 39 root - INFO - [Attacker] Label flip: 15 samples class 4 \u2192 class 0
[2026-07-19 13:44:01,855] 39 root - INFO - [Attacker] Label flip: 12 samples class 4 \u2192 class 0
[2026-07-19 13:44:01,863] 39 root - INFO - [Attacker] Label flip: 11 samples class 4 \u2192 class 0
[2026-07-19 13:44:01,871] 39 root - INFO - [Attacker] Label flip: 12 samples class 4 \u2192 class 0
[2026-07-19 13:44:01,878] 39 root - INFO - [Attacker] Label flip: 11 samples class 4 \u2192 class 0
[2026-07-19 13:44:01,886] 39 root - INFO - [Attacker] Label flip: 12 samples class 4 \u2192 class 0
[2026-07-19 13:44:01,893] 39 root - INFO - [Attacker] Label flip: 9 samples class 4 \u2192 class 0
[2026-07-19 13:44:01,901] 39 root - INFO - [Attacker] Label flip: 7 samples class 4 \u2192 class 0
[2026-07-19 13:44:01,908] 39 root - INFO - [Attacker] Label flip: 21 samples class 4 \u2192 class 0
[2026-07-19 13:44:01,916] 39 root - INFO - [Attacker] Label flip: 6 samples class 4 \u2192 class 0
[2026-07-19 13:44:01,924] 39 root - INFO - [Attacker] Label flip: 10 samples class 4 \u2192 class 0
[2026-07-19 13:44:01,932] 39 root - INFO - [Attacker] Label flip: 19 samples class 4 \u2192 class 0
[2026-07-19 13:44:01,940] 39 root - INFO - [Attacker] Label flip: 12 samples class 4 \u2192 class 0
[2026-07-19 13:44:01,948] 39 root - INFO - [Attacker] Label flip: 10 samples class 4 \u2192 class 0
[2026-07-19 13:44:01,956] 39 root - INFO - [Attacker] Label flip: 10 samples class 4 \u2192 class 0
[2026-07-19 13:44:01,964] 39 root - INFO - [Attacker] Label flip: 14 samples class 4 \u2192 class 0
[2026-07-19 13:44:01,972] 39 root - INFO - [Attacker] Label flip: 11 samples class 4 \u2192 class 0
[2026-07-19 13:44:01,981] 39 root - INFO - [Attacker] Label flip: 10 samples class 4 \u2192 class 0
[2026-07-19 13:44:01,989] 39 root - INFO - [Attacker] Label flip: 16 samples class 4 \u2192 class 0
[2026-07-19 13:44:01,997] 39 root - INFO - [Attacker] Label flip: 8 samples class 4 \u2192 class 0
[2026-07-19 13:44:02,007] 39 root - INFO - [Attacker] Label flip: 15 samples class 4 \u2192 class 0
[2026-07-19 13:44:02,014] 39 root - INFO - [Attacker] Label flip: 10 samples class 4 \u2192 class 0
[2026-07-19 13:44:02,021] 39 root - INFO - [Attacker] Label flip: 7 samples class 4 \u2192 class 0
[2026-07-19 13:44:02,029] 39 root - INFO - [Attacker] Label flip: 13 samples class 4 \u2192 class 0
[2026-07-19 13:44:02,037] 39 root - INFO - [Attacker] Label flip: 9 samples class 4 \u2192 class 0
[2026-07-19 13:44:02,045] 39 root - INFO - [Attacker] Label flip: 16 samples class 4 \u2192 class 0
[2026-07-19 13:44:02,052] 39 root - INFO - [Attacker] Label flip: 17 samples class 4 \u2192 class 0
[2026-07-19 13:44:02,062] 39 root - INFO - [Attacker] Label flip: 10 samples class 4 \u2192 class 0
[2026-07-19 13:44:02,068] 39 root - INFO - [Attacker] Label flip: 10 samples class 4 \u2192 class 0
[2026-07-19 13:44:02,076] 39 root - INFO - [Attacker] Label flip: 17 samples class 4 \u2192 class 0
[2026-07-19 13:44:02,084] 39 root - INFO - [Attacker] Label flip: 11 samples class 4 \u2192 class 0
[2026-07-19 13:44:02,094] 39 root - INFO - [Attacker] Label flip: 13 samples class 4 \u2192 class 0
[2026-07-19 13:44:02,102] 39 root - INFO - [Attacker] Label flip: 15 samples class 4 \u2192 class 0
[2026-07-19 13:44:02,110] 39 root - INFO - [Attacker] Label flip: 12 samples class 4 \u2192 class 0
[2026-07-19 13:44:02,118] 39 root - INFO - [Attacker] Label flip: 9 samples class 4 \u2192 class 0
[2026-07-19 13:44:02,126] 39 root - INFO - [Attacker] Label flip: 11 samples class 4 \u2192 class 0
[2026-07-19 13:44:02,134] 39 root - INFO - [Attacker] Label flip: 11 samples class 4 \u2192 class 0
[2026-07-19 13:44:02,141] 39 root - INFO - [Attacker] Label flip: 9 samples class 4 \u2192 class 0
[2026-07-19 13:44:02,149] 39 root - INFO - [Attacker] Label flip: 15 samples class 4 \u2192 class 0
[2026-07-19 13:44:02,157] 39 root - INFO - [Attacker] Label flip: 12 samples class 4 \u2192 class 0
[2026-07-19 13:44:02,165] 39 root - INFO - [Attacker] Label flip: 11 samples class 4 \u2192 class 0
[2026-07-19 13:44:02,173] 39 root - INFO - [Attacker] Label flip: 15 samples class 4 \u2192 class 0
[2026-07-19 13:44:02,181] 39 root - INFO - [Attacker] Label flip: 16 samples class 4 \u2192 class 0
[2026-07-19 13:44:02,191] 39 root - INFO - [Attacker] Label flip: 10 samples class 4 \u2192 class 0
[2026-07-19 13:44:02,199] 39 root - INFO - [Attacker] Label flip: 9 samples class 4 \u2192 class 0
[2026-07-19 13:44:02,207] 39 root - INFO - [Attacker] Label flip: 19 samples class 4 \u2192 class 0
[2026-07-19 13:44:02,215] 39 root - INFO - [Attacker] Label flip: 8 samples class 4 \u2192 class 0
[2026-07-19 13:44:02,222] 39 root - INFO - [Attacker] Label flip: 13 samples class 4 \u2192 class 0
[2026-07-19 13:44:02,233] 39 root - INFO - [Attacker] Label flip: 15 samples class 4 \u2192 class 0
[2026-07-19 13:44:02,238] 39 root - INFO - [Attacker] Label flip: 19 samples class 4 \u2192 class 0
[2026-07-19 13:44:02,246] 39 root - INFO - [Attacker] Label flip: 13 samples class 4 \u2192 class 0
[2026-07-19 13:44:02,254] 39 root - INFO - [Attacker] Label flip: 11 samples class 4 \u2192 class 0
[2026-07-19 13:44:02,272] 39 root - INFO - [Attacker] Label flip: 13 samples class 4 \u2192 class 0
[2026-07-19 13:44:02,280] 39 root - INFO - [Attacker] Label flip: 10 samples class 4 \u2192 class 0
[2026-07-19 13:44:02,288] 39 root - INFO - [Attacker] Label flip: 15 samples class 4 \u2192 class 0
[2026-07-19 13:44:02,296] 39 root - INFO - [Attacker] Label flip: 13 samples class 4 \u2192 class 0
[2026-07-19 13:44:02,308] 39 root - INFO - [Attacker] Label flip: 11 samples class 4 \u2192 class 0
[2026-07-19 13:44:02,315] 39 root - INFO - [Attacker] Label flip: 18 samples class 4 \u2192 class 0
[2026-07-19 13:44:02,323] 39 root - INFO - [Attacker] Label flip: 14 samples class 4 \u2192 class 0
[2026-07-19 13:44:02,329] 39 root - INFO - [Attacker] Label flip: 16 samples class 4 \u2192 class 0
[2026-07-19 13:44:02,337] 39 root - INFO - [Attacker] Label flip: 6 samples class 4 \u2192 class 0
[2026-07-19 13:44:02,345] 39 root - INFO - [Attacker] Label flip: 18 samples class 4 \u2192 class 0
[2026-07-19 13:44:02,353] 39 root - INFO - [Attacker] Label flip: 11 samples class 4 \u2192 class 0
[2026-07-19 13:44:02,361] 39 root - INFO - [Attacker] Label flip: 10 samples class 4 \u2192 class 0
[2026-07-19 13:44:02,369] 39 root - INFO - [Attacker] Label flip: 22 samples class 4 \u2192 class 0
[2026-07-19 13:44:02,377] 39 root - INFO - [Attacker] Label flip: 14 samples class 4 \u2192 class 0
[2026-07-19 13:44:02,385] 39 root - INFO - [Attacker] Label flip: 9 samples class 4 \u2192 class 0
[2026-07-19 13:44:02,391] 39 root - INFO - [Attacker] Label flip: 13 samples class 4 \u2192 class 0
[2026-07-19 13:44:02,398] 39 root - INFO - [Attacker] Label flip: 14 samples class 4 \u2192 class 0
[2026-07-19 13:44:02,406] 39 root - INFO - [Attacker] Label flip: 14 samples class 4 \u2192 class 0
[2026-07-19 13:44:02,414] 39 root - INFO - [Attacker] Label flip: 13 samples class 4 \u2192 class 0
[2026-07-19 13:44:02,422] 39 root - INFO - [Attacker] Label flip: 11 samples class 4 \u2192 class 0
[2026-07-19 13:44:02,430] 39 root - INFO - [Attacker] Label flip: 14 samples class 4 \u2192 class 0
[2026-07-19 13:44:02,440] 39 root - INFO - [Attacker] Label flip: 14 samples class 4 \u2192 class 0
[2026-07-19 13:44:02,448] 39 root - INFO - [Attacker] Label flip: 11 samples class 4 \u2192 class 0
[2026-07-19 13:44:02,454] 39 root - INFO - [Attacker] Label flip: 8 samples class 4 \u2192 class 0
[2026-07-19 13:44:02,462] 39 root - INFO - [Attacker] Label flip: 14 samples class 4 \u2192 class 0
[2026-07-19 13:44:02,470] 39 root - INFO - [Attacker] Label flip: 12 samples class 4 \u2192 class 0
[2026-07-19 13:44:02,477] 39 root - INFO - [Attacker] Label flip: 12 samples class 4 \u2192 class 0
[2026-07-19 13:44:02,485] 39 root - INFO - [Attacker] Label flip: 12 samples class 4 \u2192 class 0
[2026-07-19 13:44:02,493] 39 root - INFO - [Attacker] Label flip: 10 samples class 4 \u2192 class 0
[2026-07-19 13:44:02,503] 39 root - INFO - [Attacker] Label flip: 7 samples class 4 \u2192 class 0
[2026-07-19 13:44:02,511] 39 root - INFO - [Attacker] Label flip: 10 samples class 4 \u2192 class 0
[2026-07-19 13:44:02,520] 39 root - INFO - [Attacker] Label flip: 17 samples class 4 \u2192 class 0
[2026-07-19 13:44:02,528] 39 root - INFO - [Attacker] Label flip: 5 samples class 4 \u2192 class 0
[2026-07-19 13:44:02,536] 39 root - INFO - [Attacker] Label flip: 10 samples class 4 \u2192 class 0
[2026-07-19 13:44:02,544] 39 root - INFO - [Attacker] Label flip: 16 samples class 4 \u2192 class 0
[2026-07-19 13:44:02,552] 39 root - INFO - [Attacker] Label flip: 6 samples class 4 \u2192 class 0
[2026-07-19 13:44:02,559] 39 root - INFO - [Attacker] Label flip: 11 samples class 4 \u2192 class 0
[2026-07-19 13:44:02,567] 39 root - INFO - [Attacker] Label flip: 13 samples class 4 \u2192 class 0
[2026-07-19 13:44:02,575] 39 root - INFO - [Attacker] Label flip: 10 samples class 4 \u2192 class 0
[2026-07-19 13:44:02,583] 39 root - INFO - [Attacker] Label flip: 13 samples class 4 \u2192 class 0
[2026-07-19 13:44:02,591] 39 root - INFO - [Attacker] Label flip: 9 samples class 4 \u2192 class 0
[2026-07-19 13:44:02,599] 39 root - INFO - [Attacker] Label flip: 14 samples class 4 \u2192 class 0
[2026-07-19 13:44:02,608] 39 root - INFO - [Attacker] Label flip: 11 samples class 4 \u2192 class 0
[2026-07-19 13:44:02,616] 39 root - INFO - [Attacker] Label flip: 11 samples class 4 \u2192 class 0
[2026-07-19 13:44:02,623] 39 root - INFO - [Attacker] Label flip: 18 samples class 4 \u2192 class 0
[2026-07-19 13:44:02,631] 39 root - INFO - [Attacker] Label flip: 11 samples class 4 \u2192 class 0
[2026-07-19 13:44:02,641] 39 root - INFO - [Attacker] Label flip: 6 samples class 4 \u2192 class 0
[2026-07-19 13:44:02,649] 39 root - INFO - [Attacker] Label flip: 17 samples class 4 \u2192 class 0
[2026-07-19 13:44:02,657] 39 root - INFO - [Attacker] Label flip: 11 samples class 4 \u2192 class 0
[2026-07-19 13:44:02,665] 39 root - INFO - [Attacker] Label flip: 11 samples class 4 \u2192 class 0
[2026-07-19 13:44:02,673] 39 root - INFO - [Attacker] Label flip: 11 samples class 4 \u2192 class 0
[2026-07-19 13:44:02,680] 39 root - INFO - [Attacker] Label flip: 6 samples class 4 \u2192 class 0
[2026-07-19 13:44:02,689] 39 root - INFO - [Attacker] Label flip: 15 samples class 4 \u2192 class 0
[2026-07-19 13:44:02,696] 39 root - INFO - [Attacker] Label flip: 7 samples class 4 \u2192 class 0
[2026-07-19 13:44:02,708] 39 root - INFO - [Attacker] Label flip: 11 samples class 4 \u2192 class 0
[2026-07-19 13:44:02,714] 39 root - INFO - [Attacker] Label flip: 16 samples class 4 \u2192 class 0
[2026-07-19 13:44:02,722] 39 root - INFO - [Attacker] Label flip: 15 samples class 4 \u2192 class 0
[2026-07-19 13:44:02,730] 39 root - INFO - [Attacker] Label flip: 10 samples class 4 \u2192 class 0
[2026-07-19 13:44:02,738] 39 root - INFO - [Attacker] Label flip: 8 samples class 4 \u2192 class 0
[2026-07-19 13:44:02,747] 39 root - INFO - [Attacker] Label flip: 7 samples class 4 \u2192 class 0
[2026-07-19 13:44:02,753] 39 root - INFO - [Attacker] Label flip: 15 samples class 4 \u2192 class 0
[2026-07-19 13:44:02,761] 39 root - INFO - [Attacker] Label flip: 13 samples class 4 \u2192 class 0
[2026-07-19 13:44:02,769] 39 root - INFO - [Attacker] Label flip: 5 samples class 4 \u2192 class 0
[2026-07-19 13:44:02,777] 39 root - INFO - [Attacker] Label flip: 16 samples class 4 \u2192 class 0
[2026-07-19 13:44:02,785] 39 root - INFO - [Attacker] Label flip: 19 samples class 4 \u2192 class 0
[2026-07-19 13:44:02,793] 39 root - INFO - [Attacker] Label flip: 13 samples class 4 \u2192 class 0
[2026-07-19 13:44:02,801] 39 root - INFO - [Attacker] Label flip: 10 samples class 4 \u2192 class 0
[2026-07-19 13:44:02,809] 39 root - INFO - [Attacker] Label flip: 13 samples class 4 \u2192 class 0
[2026-07-19 13:44:02,817] 39 root - INFO - [Attacker] Label flip: 14 samples class 4 \u2192 class 0
[2026-07-19 13:44:02,824] 39 root - INFO - [Attacker] Label flip: 12 samples class 4 \u2192 class 0
[2026-07-19 13:44:02,832] 39 root - INFO - [Attacker] Label flip: 14 samples class 4 \u2192 class 0
[2026-07-19 13:44:02,844] 39 root - INFO - [Attacker] Label flip: 13 samples class 4 \u2192 class 0
[2026-07-19 13:44:02,852] 39 root - INFO - [Attacker] Label flip: 8 samples class 4 \u2192 class 0
[2026-07-19 13:44:02,860] 39 root - INFO - [Attacker] Label flip: 16 samples class 4 \u2192 class 0
[2026-07-19 13:44:02,866] 39 root - INFO - [Attacker] Label flip: 22 samples class 4 \u2192 class 0
[2026-07-19 13:44:02,876] 39 root - INFO - [Attacker] Label flip: 19 samples class 4 \u2192 class 0
[2026-07-19 13:44:02,882] 39 root - INFO - [Attacker] Label flip: 16 samples class 4 \u2192 class 0
[2026-07-19 13:44:02,890] 39 root - INFO - [Attacker] Label flip: 20 samples class 4 \u2192 class 0
[2026-07-19 13:44:02,898] 39 root - INFO - [Attacker] Label flip: 17 samples class 4 \u2192 class 0
[2026-07-19 13:44:02,905] 39 root - INFO - [Attacker] Label flip: 8 samples class 4 \u2192 class 0
[2026-07-19 13:44:02,914] 39 root - INFO - [Attacker] Label flip: 14 samples class 4 \u2192 class 0
[2026-07-19 13:44:02,922] 39 root - INFO - [Attacker] Label flip: 12 samples class 4 \u2192 class 0
[2026-07-19 13:44:02,930] 39 root - INFO - [Attacker] Label flip: 12 samples class 4 \u2192 class 0
[2026-07-19 13:44:02,937] 39 root - INFO - [Attacker] Label flip: 12 samples class 4 \u2192 class 0
[2026-07-19 13:44:02,943] 39 root - INFO - [Attacker] Label flip: 12 samples class 4 \u2192 class 0
[2026-07-19 13:44:02,953] 39 root - INFO - [Attacker] Label flip: 14 samples class 4 \u2192 class 0
[2026-07-19 13:44:02,959] 39 root - INFO - [Attacker] Label flip: 11 samples class 4 \u2192 class 0
[2026-07-19 13:44:02,969] 39 root - INFO - [Attacker] Label flip: 10 samples class 4 \u2192 class 0
[2026-07-19 13:44:02,975] 39 root - INFO - [Attacker] Label flip: 17 samples class 4 \u2192 class 0
[2026-07-19 13:44:02,983] 39 root - INFO - [Attacker] Label flip: 15 samples class 4 \u2192 class 0
[2026-07-19 13:44:02,991] 39 root - INFO - [Attacker] Label flip: 9 samples class 4 \u2192 class 0
[2026-07-19 13:44:03,001] 39 root - INFO - [Attacker] Label flip: 15 samples class 4 \u2192 class 0
[2026-07-19 13:44:03,009] 39 root - INFO - [Attacker] Label flip: 16 samples class 4 \u2192 class 0
[2026-07-19 13:44:03,016] 39 root - INFO - [Attacker] Label flip: 13 samples class 4 \u2192 class 0
[2026-07-19 13:44:03,024] 39 root - INFO - [Attacker] Label flip: 11 samples class 4 \u2192 class 0
[2026-07-19 13:44:03,032] 39 root - INFO - [Attacker] Label flip: 17 samples class 4 \u2192 class 0
[2026-07-19 13:44:03,043] 39 root - INFO - [Attacker] Label flip: 13 samples class 4 \u2192 class 0
[2026-07-19 13:44:03,050] 39 root - INFO - [Attacker] Label flip: 10 samples class 4 \u2192 class 0
[2026-07-19 13:44:03,057] 39 root - INFO - [Attacker] Label flip: 14 samples class 4 \u2192 class 0
[2026-07-19 13:44:03,066] 39 root - INFO - [Attacker] Label flip: 18 samples class 4 \u2192 class 0
[2026-07-19 13:44:03,073] 39 root - INFO - [Attacker] Label flip: 6 samples class 4 \u2192 class 0
[2026-07-19 13:44:03,081] 39 root - INFO - [Attacker] Label flip: 9 samples class 4 \u2192 class 0
[2026-07-19 13:44:03,089] 39 root - INFO - [Attacker] Label flip: 15 samples class 4 \u2192 class 0
[2026-07-19 13:44:03,097] 39 root - INFO - [Attacker] Label flip: 11 samples class 4 \u2192 class 0
[2026-07-19 13:44:03,105] 39 root - INFO - [Attacker] Label flip: 16 samples class 4 \u2192 class 0
[2026-07-19 13:44:03,113] 39 root - INFO - [Attacker] Label flip: 15 samples class 4 \u2192 class 0
[2026-07-19 13:44:03,120] 39 root - INFO - [Attacker] Label flip: 17 samples class 4 \u2192 class 0
[2026-07-19 13:44:03,126] 39 root - INFO - [Attacker] Label flip: 15 samples class 4 \u2192 class 0
[2026-07-19 13:44:03,137] 39 root - INFO - [Attacker] Label flip: 14 samples class 4 \u2192 class 0
[2026-07-19 13:44:03,145] 39 root - INFO - [Attacker] Label flip: 10 samples class 4 \u2192 class 0
[2026-07-19 13:44:03,152] 39 root - INFO - [Attacker] Label flip: 5 samples class 4 \u2192 class 0
[2026-07-19 13:44:03,160] 39 root - INFO - [Attacker] Label flip: 15 samples class 4 \u2192 class 0
[2026-07-19 13:44:03,168] 39 root - INFO - [Attacker] Label flip: 15 samples class 4 \u2192 class 0
[2026-07-19 13:44:03,176] 39 root - INFO - [Attacker] Label flip: 9 samples class 4 \u2192 class 0
[2026-07-19 13:44:03,184] 39 root - INFO - [Attacker] Label flip: 11 samples class 4 \u2192 class 0
[2026-07-19 13:44:03,192] 39 root - INFO - [Attacker] Label flip: 21 samples class 4 \u2192 class 0
[2026-07-19 13:44:03,200] 39 root - INFO - [Attacker] Label flip: 6 samples class 4 \u2192 class 0
[2026-07-19 13:44:03,208] 39 root - INFO - [Attacker] Label flip: 12 samples class 4 \u2192 class 0
[2026-07-19 13:44:03,216] 39 root - INFO - [Attacker] Label flip: 10 samples class 4 \u2192 class 0
[2026-07-19 13:44:03,224] 39 root - INFO - [Attacker] Label flip: 19 samples class 4 \u2192 class 0
[2026-07-19 13:44:03,231] 39 root - INFO - [Attacker] Label flip: 9 samples class 4 \u2192 class 0
[2026-07-19 13:44:03,239] 39 root - INFO - [Attacker] Label flip: 12 samples class 4 \u2192 class 0
[2026-07-19 13:44:03,247] 39 root - INFO - [Attacker] Label flip: 11 samples class 4 \u2192 class 0
[2026-07-19 13:44:03,255] 39 root - INFO - [Attacker] Label flip: 13 samples class 4 \u2192 class 0
[2026-07-19 13:44:03,261] 39 root - INFO - [Attacker] Label flip: 12 samples class 4 \u2192 class 0
[2026-07-19 13:44:03,269] 39 root - INFO - [Attacker] Label flip: 12 samples class 4 \u2192 class 0
[2026-07-19 13:44:03,277] 39 root - INFO - [Attacker] Label flip: 5 samples class 4 \u2192 class 0
[2026-07-19 13:44:03,285] 39 root - INFO - [Attacker] Label flip: 12 samples class 4 \u2192 class 0
[2026-07-19 13:44:03,293] 39 root - INFO - [Attacker] Label flip: 7 samples class 4 \u2192 class 0
[2026-07-19 13:44:03,303] 39 root - INFO - [Attacker] Label flip: 14 samples class 4 \u2192 class 0
[2026-07-19 13:44:03,310] 39 root - INFO - [Attacker] Label flip: 13 samples class 4 \u2192 class 0
[2026-07-19 13:44:03,318] 39 root - INFO - [Attacker] Label flip: 17 samples class 4 \u2192 class 0
[2026-07-19 13:44:03,326] 39 root - INFO - [Attacker] Label flip: 12 samples class 4 \u2192 class 0
[2026-07-19 13:44:03,334] 39 root - INFO - [Attacker] Label flip: 15 samples class 4 \u2192 class 0
[2026-07-19 13:44:03,342] 39 root - INFO - [Attacker] Label flip: 14 samples class 4 \u2192 class 0
[2026-07-19 13:44:03,350] 39 root - INFO - [Attacker] Label flip: 17 samples class 4 \u2192 class 0
[2026-07-19 13:44:03,358] 39 root - INFO - [Attacker] Label flip: 14 samples class 4 \u2192 class 0
[2026-07-19 13:44:03,368] 39 root - INFO - [Attacker] Label flip: 18 samples class 4 \u2192 class 0
[2026-07-19 13:44:03,376] 39 root - INFO - [Attacker] Label flip: 13 samples class 4 \u2192 class 0
[2026-07-19 13:44:03,386] 39 root - INFO - [Attacker] Label flip: 14 samples class 4 \u2192 class 0
[2026-07-19 13:44:03,393] 39 root - INFO - [Attacker] Label flip: 13 samples class 4 \u2192 class 0
[2026-07-19 13:44:03,404] 39 root - INFO - [Attacker] Label flip: 16 samples class 4 \u2192 class 0
[2026-07-19 13:44:03,412] 39 root - INFO - [Attacker] Label flip: 12 samples class 4 \u2192 class 0
[2026-07-19 13:44:03,419] 39 root - INFO - [Attacker] Label flip: 15 samples class 4 \u2192 class 0
[2026-07-19 13:44:03,427] 39 root - INFO - [Attacker] Label flip: 13 samples class 4 \u2192 class 0
[2026-07-19 13:44:03,435] 39 root - INFO - [Attacker] Label flip: 11 samples class 4 \u2192 class 0
[2026-07-19 13:44:03,443] 39 root - INFO - [Attacker] Label flip: 17 samples class 4 \u2192 class 0
[2026-07-19 13:44:03,453] 39 root - INFO - [Attacker] Label flip: 13 samples class 4 \u2192 class 0
[2026-07-19 13:44:03,459] 39 root - INFO - [Attacker] Label flip: 13 samples class 4 \u2192 class 0
[2026-07-19 13:44:03,473] 39 root - INFO - [Attacker] Label flip: 12 samples class 4 \u2192 class 0
[2026-07-19 13:44:03,481] 39 root - INFO - [Attacker] Label flip: 12 samples class 4 \u2192 class 0
[2026-07-19 13:44:03,489] 39 root - INFO - [Attacker] Label flip: 12 samples class 4 \u2192 class 0
[2026-07-19 13:44:03,495] 39 root - INFO - [Attacker] Label flip: 18 samples class 4 \u2192 class 0
[2026-07-19 13:44:03,505] 39 root - INFO - [Attacker] Label flip: 8 samples class 4 \u2192 class 0
[2026-07-19 13:44:03,513] 39 root - INFO - [Attacker] Label flip: 19 samples class 4 \u2192 class 0
[2026-07-19 13:44:03,520] 39 root - INFO - [Attacker] Label flip: 9 samples class 4 \u2192 class 0
[2026-07-19 13:44:03,529] 39 root - INFO - [Attacker] Label flip: 14 samples class 4 \u2192 class 0
[2026-07-19 13:44:03,536] 39 root - INFO - [Attacker] Label flip: 12 samples class 4 \u2192 class 0
[2026-07-19 13:44:03,544] 39 root - INFO - [Attacker] Label flip: 14 samples class 4 \u2192 class 0
[2026-07-19 13:44:03,552] 39 root - INFO - [Attacker] Label flip: 9 samples class 4 \u2192 class 0
[2026-07-19 13:44:03,558] 39 root - INFO - [Attacker] Label flip: 6 samples class 4 \u2192 class 0
[2026-07-19 13:44:03,568] 39 root - INFO - [Attacker] Label flip: 10 samples class 4 \u2192 class 0
[2026-07-19 13:44:03,574] 39 root - INFO - [Attacker] Label flip: 12 samples class 4 \u2192 class 0
[2026-07-19 13:44:03,582] 39 root - INFO - [Attacker] Label flip: 13 samples class 4 \u2192 class 0
[2026-07-19 13:44:03,590] 39 root - INFO - [Attacker] Label flip: 11 samples class 4 \u2192 class 0
[2026-07-19 13:44:03,598] 39 root - INFO - [Attacker] Label flip: 15 samples class 4 \u2192 class 0
[2026-07-19 13:44:03,608] 39 root - INFO - [Attacker] Label flip: 18 samples class 4 \u2192 class 0
[2026-07-19 13:44:03,616] 39 root - INFO - [Attacker] Label flip: 7 samples class 4 \u2192 class 0
[2026-07-19 13:44:03,623] 39 root - INFO - [Attacker] Label flip: 11 samples class 4 \u2192 class 0
[2026-07-19 13:44:03,632] 39 root - INFO - [Attacker] Label flip: 19 samples class 4 \u2192 class 0
[2026-07-19 13:44:03,641] 39 root - INFO - [Attacker] Label flip: 14 samples class 4 \u2192 class 0
[2026-07-19 13:44:03,649] 39 root - INFO - [Attacker] Label flip: 10 samples class 4 \u2192 class 0
[2026-07-19 13:44:03,657] 39 root - INFO - [Attacker] Label flip: 15 samples class 4 \u2192 class 0
[2026-07-19 13:44:03,665] 39 root - INFO - [Attacker] Label flip: 12 samples class 4 \u2192 class 0
[2026-07-19 13:44:03,673] 39 root - INFO - [Attacker] Label flip: 10 samples class 4 \u2192 class 0
[2026-07-19 13:44:03,681] 39 root - INFO - [Attacker] Label flip: 14 samples class 4 \u2192 class 0
[2026-07-19 13:44:03,688] 39 root - INFO - [Attacker] Label flip: 18 samples class 4 \u2192 class 0
[2026-07-19 13:44:03,696] 39 root - INFO - [Attacker] Label flip: 18 samples class 4 \u2192 class 0
[2026-07-19 13:44:03,706] 39 root - INFO - [Attacker] Label flip: 11 samples class 4 \u2192 class 0
[2026-07-19 13:44:03,714] 39 root - INFO - [Attacker] Label flip: 10 samples class 4 \u2192 class 0
[2026-07-19 13:44:03,720] 39 root - INFO - [Attacker] Label flip: 12 samples class 4 \u2192 class 0
[2026-07-19 13:44:03,728] 39 root - INFO - [Attacker] Label flip: 10 samples class 4 \u2192 class 0
[2026-07-19 13:44:03,736] 39 root - INFO - [Attacker] Label flip: 17 samples class 4 \u2192 class 0
[2026-07-19 13:44:03,744] 39 root - INFO - [Attacker] Label flip: 17 samples class 4 \u2192 class 0
[2026-07-19 13:44:03,752] 39 root - INFO - [Attacker] Label flip: 13 samples class 4 \u2192 class 0
[2026-07-19 13:44:03,760] 39 root - INFO - [Attacker] Label flip: 7 samples class 4 \u2192 class 0
[2026-07-19 13:44:03,768] 39 root - INFO - [Attacker] Label flip: 10 samples class 4 \u2192 class 0
[2026-07-19 13:44:03,778] 39 root - INFO - [Attacker] Label flip: 12 samples class 4 \u2192 class 0
[2026-07-19 13:44:03,786] 39 root - INFO - [Attacker] Label flip: 8 samples class 4 \u2192 class 0
[2026-07-19 13:44:03,793] 39 root - INFO - [Attacker] Label flip: 8 samples class 4 \u2192 class 0
[2026-07-19 13:44:03,801] 39 root - INFO - [Attacker] Label flip: 20 samples class 4 \u2192 class 0
[2026-07-19 13:44:03,809] 39 root - INFO - [Attacker] Label flip: 11 samples class 4 \u2192 class 0
[2026-07-19 13:44:03,817] 39 root - INFO - [Attacker] Label flip: 14 samples class 4 \u2192 class 0
[2026-07-19 13:44:03,825] 39 root - INFO - [Attacker] Label flip: 13 samples class 4 \u2192 class 0
[2026-07-19 13:44:03,833] 39 root - INFO - [Attacker] Label flip: 14 samples class 4 \u2192 class 0
[2026-07-19 13:44:03,839] 39 root - INFO - [Attacker] Label flip: 8 samples class 4 \u2192 class 0
[2026-07-19 13:44:03,847] 39 root - INFO - [Attacker] Label flip: 19 samples class 4 \u2192 class 0
[2026-07-19 13:44:03,855] 39 root - INFO - [Attacker] Label flip: 5 samples class 4 \u2192 class 0
[2026-07-19 13:44:03,863] 39 root - INFO - [Attacker] Label flip: 12 samples class 4 \u2192 class 0
[2026-07-19 13:44:03,872] 39 root - INFO - [Attacker] Label flip: 9 samples class 4 \u2192 class 0
[2026-07-19 13:44:03,880] 39 root - INFO - [Attacker] Label flip: 8 samples class 4 \u2192 class 0
[2026-07-19 13:44:03,888] 39 root - INFO - [Attacker] Label flip: 13 samples class 4 \u2192 class 0
[2026-07-19 13:44:03,896] 39 root - INFO - [Attacker] Label flip: 14 samples class 4 \u2192 class 0
[2026-07-19 13:44:03,904] 39 root - INFO - [Attacker] Label flip: 13 samples class 4 \u2192 class 0
[2026-07-19 13:44:03,912] 39 root - INFO - [Attacker] Label flip: 13 samples class 4 \u2192 class 0
[2026-07-19 13:44:03,920] 39 root - INFO - [Attacker] Label flip: 11 samples class 4 \u2192 class 0
[2026-07-19 13:44:03,926] 39 root - INFO - [Attacker] Label flip: 8 samples class 4 \u2192 class 0
[2026-07-19 13:44:03,935] 39 root - INFO - [Attacker] Label flip: 14 samples class 4 \u2192 class 0
[2026-07-19 13:44:03,943] 39 root - INFO - [Attacker] Label flip: 13 samples class 4 \u2192 class 0
[2026-07-19 13:44:03,951] 39 root - INFO - [Attacker] Label flip: 17 samples class 4 \u2192 class 0
[2026-07-19 13:44:03,959] 39 root - INFO - [Attacker] Label flip: 11 samples class 4 \u2192 class 0
[2026-07-19 13:44:03,967] 39 root - INFO - [Attacker] Label flip: 5 samples class 4 \u2192 class 0
[2026-07-19 13:44:03,974] 39 root - INFO - [Attacker] Label flip: 14 samples class 4 \u2192 class 0
[2026-07-19 13:44:03,982] 39 root - INFO - [Attacker] Label flip: 11 samples class 4 \u2192 class 0
[2026-07-19 13:44:03,991] 39 root - INFO - [Attacker] Label flip: 23 samples class 4 \u2192 class 0
[2026-07-19 13:44:03,998] 39 root - INFO - [Attacker] Label flip: 17 samples class 4 \u2192 class 0
[2026-07-19 13:44:04,008] 39 root - INFO - [Attacker] Label flip: 14 samples class 4 \u2192 class 0
[2026-07-19 13:44:04,016] 39 root - INFO - [Attacker] Label flip: 11 samples class 4 \u2192 class 0
[2026-07-19 13:44:04,022] 39 root - INFO - [Attacker] Label flip: 20 samples class 4 \u2192 class 0
[2026-07-19 13:44:04,030] 39 root - INFO - [Attacker] Label flip: 11 samples class 4 \u2192 class 0
[2026-07-19 13:44:04,040] 39 root - INFO - [Attacker] Label flip: 17 samples class 4 \u2192 class 0
[2026-07-19 13:44:04,048] 39 root - INFO - [Attacker] Label flip: 23 samples class 4 \u2192 class 0
[2026-07-19 13:44:04,054] 39 root - INFO - [Attacker] Label flip: 12 samples class 4 \u2192 class 0
[2026-07-19 13:44:04,062] 39 root - INFO - [Attacker] Label flip: 12 samples class 4 \u2192 class 0
[2026-07-19 13:44:04,070] 39 root - INFO - [Attacker] Label flip: 11 samples class 4 \u2192 class 0
[2026-07-19 13:44:04,079] 39 root - INFO - [Attacker] Label flip: 19 samples class 4 \u2192 class 0
[2026-07-19 13:44:04,087] 39 root - INFO - [Attacker] Label flip: 8 samples class 4 \u2192 class 0
[2026-07-19 13:44:04,095] 39 root - INFO - [Attacker] Label flip: 12 samples class 4 \u2192 class 0
[2026-07-19 13:44:04,104] 39 root - INFO - [Attacker] Label flip: 12 samples class 4 \u2192 class 0
[2026-07-19 13:44:04,112] 39 root - INFO - [Attacker] Label flip: 12 samples class 4 \u2192 class 0
[2026-07-19 13:44:04,119] 39 root - INFO - [Attacker] Label flip: 12 samples class 4 \u2192 class 0
[2026-07-19 13:44:04,127] 39 root - INFO - [Attacker] Label flip: 11 samples class 4 \u2192 class 0
[2026-07-19 13:44:04,135] 39 root - INFO - [Attacker] Label flip: 10 samples class 4 \u2192 class 0
[2026-07-19 13:44:04,143] 39 root - INFO - [Attacker] Label flip: 14 samples class 4 \u2192 class 0
[2026-07-19 13:44:04,151] 39 root - INFO - [Attacker] Label flip: 19 samples class 4 \u2192 class 0
[2026-07-19 13:44:04,159] 39 root - INFO - [Attacker] Label flip: 17 samples class 4 \u2192 class 0
[2026-07-19 13:44:04,167] 39 root - INFO - [Attacker] Label flip: 14 samples class 4 \u2192 class 0
[2026-07-19 13:44:04,175] 39 root - INFO - [Attacker] Label flip: 14 samples class 4 \u2192 class 0
[2026-07-19 13:44:04,182] 39 root - INFO - [Attacker] Label flip: 12 samples class 4 \u2192 class 0
[2026-07-19 13:44:04,189] 39 root - INFO - [Attacker] Label flip: 11 samples class 4 \u2192 class 0
[2026-07-19 13:44:04,196] 39 root - INFO - [Attacker] Label flip: 14 samples class 4 \u2192 class 0
[2026-07-19 13:44:04,205] 39 root - INFO - [Attacker] Label flip: 13 samples class 4 \u2192 class 0
[2026-07-19 13:44:04,212] 39 root - INFO - [Attacker] Label flip: 15 samples class 4 \u2192 class 0
[2026-07-19 13:44:04,220] 39 root - INFO - [Attacker] Label flip: 16 samples class 4 \u2192 class 0
[2026-07-19 13:44:04,228] 39 root - INFO - [Attacker] Label flip: 7 samples class 4 \u2192 class 0
[2026-07-19 13:44:04,238] 39 root - INFO - [Attacker] Label flip: 10 samples class 4 \u2192 class 0
[2026-07-19 13:44:04,246] 39 root - INFO - [Attacker] Label flip: 16 samples class 4 \u2192 class 0
[2026-07-19 13:44:04,254] 39 root - INFO - [Attacker] Label flip: 14 samples class 4 \u2192 class 0
[2026-07-19 13:44:04,262] 39 root - INFO - [Attacker] Label flip: 17 samples class 4 \u2192 class 0
[2026-07-19 13:44:04,272] 39 root - INFO - [Attacker] Label flip: 11 samples class 4 \u2192 class 0
[2026-07-19 13:44:04,280] 39 root - INFO - [Attacker] Label flip: 7 samples class 4 \u2192 class 0
[2026-07-19 13:44:04,288] 39 root - INFO - [Attacker] Label flip: 10 samples class 4 \u2192 class 0
[2026-07-19 13:44:04,295] 39 root - INFO - [Attacker] Label flip: 17 samples class 4 \u2192 class 0
[2026-07-19 13:44:04,303] 39 root - INFO - [Attacker] Label flip: 13 samples class 4 \u2192 class 0
[2026-07-19 13:44:04,311] 39 root - INFO - [Attacker] Label flip: 9 samples class 4 \u2192 class 0
[2026-07-19 13:44:04,319] 39 root - INFO - [Attacker] Label flip: 15 samples class 4 \u2192 class 0
[2026-07-19 13:44:04,327] 39 root - INFO - [Attacker] Label flip: 14 samples class 4 \u2192 class 0
[2026-07-19 13:44:04,334] 39 root - INFO - [Attacker] Label flip: 13 samples class 4 \u2192 class 0
[2026-07-19 13:44:04,343] 39 root - INFO - [Attacker] Label flip: 10 samples class 4 \u2192 class 0
[2026-07-19 13:44:04,351] 39 root - INFO - [Attacker] Label flip: 25 samples class 4 \u2192 class 0
[2026-07-19 13:44:04,359] 39 root - INFO - [Attacker] Label flip: 11 samples class 4 \u2192 class 0
[2026-07-19 13:44:04,369] 39 root - INFO - [Attacker] Label flip: 12 samples class 4 \u2192 class 0
[2026-07-19 13:44:04,377] 39 root - INFO - [Attacker] Label flip: 14 samples class 4 \u2192 class 0
[2026-07-19 13:44:04,385] 39 root - INFO - [Attacker] Label flip: 10 samples class 4 \u2192 class 0
[2026-07-19 13:44:04,391] 39 root - INFO - [Attacker] Label flip: 10 samples class 4 \u2192 class 0
[2026-07-19 13:44:04,399] 39 root - INFO - [Attacker] Label flip: 13 samples class 4 \u2192 class 0
[2026-07-19 13:44:04,408] 39 root - INFO - [Attacker] Label flip: 12 samples class 4 \u2192 class 0
[2026-07-19 13:44:04,416] 39 root - INFO - [Attacker] Label flip: 8 samples class 4 \u2192 class 0
[2026-07-19 13:44:04,424] 39 root - INFO - [Attacker] Label flip: 13 samples class 4 \u2192 class 0
[2026-07-19 13:44:04,432] 39 root - INFO - [Attacker] Label flip: 9 samples class 4 \u2192 class 0
[2026-07-19 13:44:04,440] 39 root - INFO - [Attacker] Label flip: 17 samples class 4 \u2192 class 0
[2026-07-19 13:44:04,448] 39 root - INFO - [Attacker] Label flip: 15 samples class 4 \u2192 class 0
[2026-07-19 13:44:04,456] 39 root - INFO - [Attacker] Label flip: 9 samples class 4 \u2192 class 0
[2026-07-19 13:44:04,464] 39 root - INFO - [Attacker] Label flip: 12 samples class 4 \u2192 class 0
[2026-07-19 13:44:04,471] 39 root - INFO - [Attacker] Label flip: 11 samples class 4 \u2192 class 0
[2026-07-19 13:44:04,480] 39 root - INFO - [Attacker] Label flip: 11 samples class 4 \u2192 class 0
[2026-07-19 13:44:04,486] 39 root - INFO - [Attacker] Label flip: 10 samples class 4 \u2192 class 0
[2026-07-19 13:44:04,494] 39 root - INFO - [Attacker] Label flip: 10 samples class 4 \u2192 class 0
[2026-07-19 13:44:04,501] 39 root - INFO - [Attacker] Label flip: 8 samples class 4 \u2192 class 0
[2026-07-19 13:44:04,510] 39 root - INFO - [Attacker] Label flip: 17 samples class 4 \u2192 class 0
[2026-07-19 13:44:04,517] 39 root - INFO - [Attacker] Label flip: 14 samples class 4 \u2192 class 0
[2026-07-19 13:44:04,525] 39 root - INFO - [Attacker] Label flip: 9 samples class 4 \u2192 class 0
[2026-07-19 13:44:04,533] 39 root - INFO - [Attacker] Label flip: 18 samples class 4 \u2192 class 0
[2026-07-19 13:44:04,541] 39 root - INFO - [Attacker] Label flip: 14 samples class 4 \u2192 class 0
[2026-07-19 13:44:04,549] 39 root - INFO - [Attacker] Label flip: 13 samples class 4 \u2192 class 0
[2026-07-19 13:44:04,557] 39 root - INFO - [Attacker] Label flip: 16 samples class 4 \u2192 class 0
[2026-07-19 13:44:04,565] 39 root - INFO - [Attacker] Label flip: 15 samples class 4 \u2192 class 0
[2026-07-19 13:44:04,574] 39 root - INFO - [Attacker] Label flip: 10 samples class 4 \u2192 class 0
[2026-07-19 13:44:04,582] 39 root - INFO - [Attacker] Label flip: 10 samples class 4 \u2192 class 0
[2026-07-19 13:44:04,590] 39 root - INFO - [Attacker] Label flip: 11 samples class 4 \u2192 class 0
[2026-07-19 13:44:04,598] 39 root - INFO - [Attacker] Label flip: 12 samples class 4 \u2192 class 0
[2026-07-19 13:44:04,606] 39 root - INFO - [Attacker] Label flip: 15 samples class 4 \u2192 class 0
[2026-07-19 13:44:04,612] 39 root - INFO - [Attacker] Label flip: 10 samples class 4 \u2192 class 0
[2026-07-19 13:44:04,620] 39 root - INFO - [Attacker] Label flip: 12 samples class 4 \u2192 class 0
[2026-07-19 13:44:04,628] 39 root - INFO - [Attacker] Label flip: 8 samples class 4 \u2192 class 0
[2026-07-19 13:44:04,639] 39 root - INFO - [Attacker] Label flip: 13 samples class 4 \u2192 class 0
[2026-07-19 13:44:04,647] 39 root - INFO - [Attacker] Label flip: 11 samples class 4 \u2192 class 0
[2026-07-19 13:44:04,847] 39 root - INFO - [Attacker] Label flip: 10 samples class 4 \u2192 class 0
[2026-07-19 13:44:04,855] 39 root - INFO - [Attacker] Label flip: 6 samples class 4 \u2192 class 0
[2026-07-19 13:44:04,862] 39 root - INFO - [Attacker] Label flip: 14 samples class 4 \u2192 class 0
[2026-07-19 13:44:04,870] 39 root - INFO - [Attacker] Label flip: 13 samples class 4 \u2192 class 0
[2026-07-19 13:44:04,878] 39 root - INFO - [Attacker] Label flip: 13 samples class 4 \u2192 class 0
[2026-07-19 13:44:04,886] 39 root - INFO - [Attacker] Label flip: 10 samples class 4 \u2192 class 0
[2026-07-19 13:44:04,894] 39 root - INFO - [Attacker] Label flip: 9 samples class 4 \u2192 class 0
[2026-07-19 13:44:04,904] 39 root - INFO - [Attacker] Label flip: 15 samples class 4 \u2192 class 0
[2026-07-19 13:44:04,912] 39 root - INFO - [Attacker] Label flip: 17 samples class 4 \u2192 class 0
[2026-07-19 13:44:04,918] 39 root - INFO - [Attacker] Label flip: 12 samples class 4 \u2192 class 0
[2026-07-19 13:44:04,925] 39 root - INFO - [Attacker] Label flip: 19 samples class 4 \u2192 class 0
[2026-07-19 13:44:04,935] 39 root - INFO - [Attacker] Label flip: 17 samples class 4 \u2192 class 0
[2026-07-19 13:44:04,943] 39 root - INFO - [Attacker] Label flip: 16 samples class 4 \u2192 class 0
[2026-07-19 13:44:04,951] 39 root - INFO - [Attacker] Label flip: 11 samples class 4 \u2192 class 0
[2026-07-19 13:44:04,959] 39 root - INFO - [Attacker] Label flip: 17 samples class 4 \u2192 class 0
[2026-07-19 13:44:04,967] 39 root - INFO - [Attacker] Label flip: 14 samples class 4 \u2192 class 0
[2026-07-19 13:44:04,975] 39 root - INFO - [Attacker] Label flip: 12 samples class 4 \u2192 class 0
[2026-07-19 13:44:04,983] 39 root - INFO - [Attacker] Label flip: 17 samples class 4 \u2192 class 0
[2026-07-19 13:44:04,991] 39 root - INFO - [Attacker] Label flip: 12 samples class 4 \u2192 class 0
[2026-07-19 13:44:04,999] 39 root - INFO - [Attacker] Label flip: 13 samples class 4 \u2192 class 0
[2026-07-19 13:44:05,007] 39 root - INFO - [Attacker] Label flip: 17 samples class 4 \u2192 class 0
[2026-07-19 13:44:05,013] 39 root - INFO - [Attacker] Label flip: 14 samples class 4 \u2192 class 0
[2026-07-19 13:44:05,020] 39 root - INFO - [Attacker] Label flip: 12 samples class 4 \u2192 class 0
[2026-07-19 13:44:05,028] 39 root - INFO - [Attacker] Label flip: 8 samples class 4 \u2192 class 0
[2026-07-19 13:44:05,038] 39 root - INFO - [Attacker] Label flip: 11 samples class 4 \u2192 class 0
[2026-07-19 13:44:05,046] 39 root - INFO - [Attacker] Label flip: 14 samples class 4 \u2192 class 0
[2026-07-19 13:44:05,054] 39 root - INFO - [Attacker] Label flip: 13 samples class 4 \u2192 class 0
[2026-07-19 13:44:05,062] 39 root - INFO - [Attacker] Label flip: 9 samples class 4 \u2192 class 0
[2026-07-19 13:44:05,072] 39 root - INFO - [Attacker] Label flip: 13 samples class 4 \u2192 class 0
[2026-07-19 13:44:05,080] 39 root - INFO - [Attacker] Label flip: 11 samples class 4 \u2192 class 0
[2026-07-19 13:44:05,088] 39 root - INFO - [Attacker] Label flip: 14 samples class 4 \u2192 class 0
[2026-07-19 13:44:05,096] 39 root - INFO - [Attacker] Label flip: 15 samples class 4 \u2192 class 0
[2026-07-19 13:44:05,113] 39 root - INFO - [Attacker] Label flip: 17 samples class 4 \u2192 class 0
[2026-07-19 13:44:05,119] 39 root - INFO - [Attacker] Label flip: 14 samples class 4 \u2192 class 0
[2026-07-19 13:44:05,129] 39 root - INFO - [Attacker] Label flip: 12 samples class 4 \u2192 class 0
[2026-07-19 13:44:05,137] 39 root - INFO - [Attacker] Label flip: 6 samples class 4 \u2192 class 0
[2026-07-19 13:44:05,147] 39 root - INFO - [Attacker] Label flip: 10 samples class 4 \u2192 class 0
[2026-07-19 13:44:05,155] 39 root - INFO - [Attacker] Label flip: 12 samples class 4 \u2192 class 0
[2026-07-19 13:44:05,163] 39 root - INFO - [Attacker] Label flip: 15 samples class 4 \u2192 class 0
[2026-07-19 13:44:05,170] 39 root - INFO - [Attacker] Label flip: 12 samples class 4 \u2192 class 0
[2026-07-19 13:44:05,186] 39 root - INFO - [Attacker] Label flip: 13 samples class 4 \u2192 class 0
[2026-07-19 13:44:05,194] 39 root - INFO - [Attacker] Label flip: 15 samples class 4 \u2192 class 0
[2026-07-19 13:44:05,202] 39 root - INFO - [Attacker] Label flip: 10 samples class 4 \u2192 class 0
[2026-07-19 13:44:05,209] 39 root - INFO - [Attacker] Label flip: 11 samples class 4 \u2192 class 0
[2026-07-19 13:44:05,225] 39 root - INFO - [Attacker] Label flip: 15 samples class 4 \u2192 class 0
[2026-07-19 13:44:05,233] 39 root - INFO - [Attacker] Label flip: 11 samples class 4 \u2192 class 0
[2026-07-19 13:44:05,239] 39 root - INFO - [Attacker] Label flip: 13 samples class 4 \u2192 class 0
[2026-07-19 13:44:05,248] 39 root - INFO - [Attacker] Label flip: 9 samples class 4 \u2192 class 0
[2026-07-19 13:44:05,256] 39 root - INFO - [Attacker] Label flip: 8 samples class 4 \u2192 class 0
[2026-07-19 13:44:05,279] 39 root - INFO - [Attacker] Label flip: 11 samples class 4 \u2192 class 0
[2026-07-19 13:44:05,287] 39 root - INFO - [Attacker] Label flip: 6 samples class 4 \u2192 class 0
[2026-07-19 13:44:05,295] 39 root - INFO - [Attacker] Label flip: 17 samples class 4 \u2192 class 0
[2026-07-19 13:44:05,301] 39 root - INFO - [Attacker] Label flip: 8 samples class 4 \u2192 class 0
[2026-07-19 13:44:05,315] 39 root - INFO - [Attacker] Label flip: 16 samples class 4 \u2192 class 0
[2026-07-19 13:44:05,320] 39 root - INFO - [Attacker] Label flip: 17 samples class 4 \u2192 class 0
[2026-07-19 13:44:05,328] 39 root - INFO - [Attacker] Label flip: 9 samples class 4 \u2192 class 0
[2026-07-19 13:44:05,336] 39 root - INFO - [Attacker] Label flip: 15 samples class 4 \u2192 class 0
[2026-07-19 13:44:05,346] 39 root - INFO - [Attacker] Label flip: 8 samples class 4 \u2192 class 0
[2026-07-19 13:44:05,354] 39 root - INFO - [Attacker] Label flip: 15 samples class 4 \u2192 class 0
[2026-07-19 13:44:05,362] 39 root - INFO - [Attacker] Label flip: 10 samples class 4 \u2192 class 0
[2026-07-19 13:44:05,370] 39 root - INFO - [Attacker] Label flip: 16 samples class 4 \u2192 class 0
[2026-07-19 13:44:05,380] 39 root - INFO - [Attacker] Label flip: 11 samples class 4 \u2192 class 0
[2026-07-19 13:44:05,388] 39 root - INFO - [Attacker] Label flip: 10 samples class 4 \u2192 class 0
[2026-07-19 13:44:05,394] 39 root - INFO - [Attacker] Label flip: 10 samples class 4 \u2192 class 0
[2026-07-19 13:44:05,401] 39 root - INFO - [Attacker] Label flip: 15 samples class 4 \u2192 class 0
[2026-07-19 13:44:05,411] 39 root - INFO - [Attacker] Label flip: 13 samples class 4 \u2192 class 0
[2026-07-19 13:44:05,419] 39 root - INFO - [Attacker] Label flip: 13 samples class 4 \u2192 class 0
[2026-07-19 13:44:05,427] 39 root - INFO - [Attacker] Label flip: 8 samples class 4 \u2192 class 0
[2026-07-19 13:44:05,435] 39 root - INFO - [Attacker] Label flip: 11 samples class 4 \u2192 class 0
[2026-07-19 13:44:05,441] 39 root - INFO - [Attacker] Label flip: 16 samples class 4 \u2192 class 0
[2026-07-19 13:44:05,451] 39 root - INFO - [Attacker] Label flip: 16 samples class 4 \u2192 class 0
[2026-07-19 13:44:05,457] 39 root - INFO - [Attacker] Label flip: 18 samples class 4 \u2192 class 0
[2026-07-19 13:44:05,467] 39 root - INFO - [Attacker] Label flip: 14 samples class 4 \u2192 class 0
[2026-07-19 13:44:05,473] 39 root - INFO - [Attacker] Label flip: 11 samples class 4 \u2192 class 0
[2026-07-19 13:44:05,486] 39 root - INFO - [Attacker] Label flip: 16 samples class 4 \u2192 class 0
[2026-07-19 13:44:05,494] 39 root - INFO - [Attacker] Label flip: 17 samples class 4 \u2192 class 0
[2026-07-19 13:44:05,500] 39 root - INFO - [Attacker] Label flip: 10 samples class 4 \u2192 class 0
[2026-07-19 13:44:05,508] 39 root - INFO - [Attacker] Label flip: 13 samples class 4 \u2192 class 0
[2026-07-19 13:44:05,520] 39 root - INFO - [Attacker] Label flip: 12 samples class 4 \u2192 class 0
[2026-07-19 13:44:05,528] 39 root - INFO - [Attacker] Label flip: 16 samples class 4 \u2192 class 0
[2026-07-19 13:44:05,536] 39 root - INFO - [Attacker] Label flip: 12 samples class 4 \u2192 class 0
[2026-07-19 13:44:05,543] 39 root - INFO - [Attacker] Label flip: 11 samples class 4 \u2192 class 0
[2026-07-19 13:44:05,551] 39 root - INFO - [Attacker] Label flip: 9 samples class 4 \u2192 class 0
[2026-07-19 13:44:05,559] 39 root - INFO - [Attacker] Label flip: 13 samples class 4 \u2192 class 0
[2026-07-19 13:44:05,567] 39 root - INFO - [Attacker] Label flip: 9 samples class 4 \u2192 class 0
[2026-07-19 13:44:05,575] 39 root - INFO - [Attacker] Label flip: 12 samples class 4 \u2192 class 0
[2026-07-19 13:44:05,583] 39 root - INFO - [Attacker] Label flip: 10 samples class 4 \u2192 class 0
[2026-07-19 13:44:05,591] 39 root - INFO - [Attacker] Label flip: 8 samples class 4 \u2192 class 0
[2026-07-19 13:44:05,599] 39 root - INFO - [Attacker] Label flip: 11 samples class 4 \u2192 class 0
[2026-07-19 13:44:05,607] 39 root - INFO - [Attacker] Label flip: 18 samples class 4 \u2192 class 0
[2026-07-19 13:44:05,615] 39 root - INFO - [Attacker] Label flip: 4 samples class 4 \u2192 class 0
[2026-07-19 13:44:05,622] 39 root - INFO - [Attacker] Label flip: 11 samples class 4 \u2192 class 0
[2026-07-19 13:44:05,630] 39 root - INFO - [Attacker] Label flip: 11 samples class 4 \u2192 class 0
[2026-07-19 13:44:05,638] 39 root - INFO - [Attacker] Label flip: 10 samples class 4 \u2192 class 0
[2026-07-19 13:44:05,646] 39 root - INFO - [Attacker] Label flip: 10 samples class 4 \u2192 class 0
[2026-07-19 13:44:05,654] 39 root - INFO - [Attacker] Label flip: 16 samples class 4 \u2192 class 0
[2026-07-19 13:44:05,662] 39 root - INFO - [Attacker] Label flip: 9 samples class 4 \u2192 class 0
[2026-07-19 13:44:05,670] 39 root - INFO - [Attacker] Label flip: 18 samples class 4 \u2192 class 0
[2026-07-19 13:44:05,676] 39 root - INFO - [Attacker] Label flip: 7 samples class 4 \u2192 class 0
[2026-07-19 13:44:05,684] 39 root - INFO - [Attacker] Label flip: 8 samples class 4 \u2192 class 0
[2026-07-19 13:44:05,692] 39 root - INFO - [Attacker] Label flip: 12 samples class 4 \u2192 class 0
[2026-07-19 13:44:05,699] 39 root - INFO - [Attacker] Label flip: 17 samples class 4 \u2192 class 0
[2026-07-19 13:44:05,707] 39 root - INFO - [Attacker] Label flip: 16 samples class 4 \u2192 class 0
[2026-07-19 13:44:05,716] 39 root - INFO - [Attacker] Label flip: 9 samples class 4 \u2192 class 0
[2026-07-19 13:44:05,725] 39 root - INFO - [Attacker] Label flip: 11 samples class 4 \u2192 class 0
[2026-07-19 13:44:05,732] 39 root - INFO - [Attacker] Label flip: 14 samples class 4 \u2192 class 0
[2026-07-19 13:44:05,740] 39 root - INFO - [Attacker] Label flip: 20 samples class 4 \u2192 class 0
[2026-07-19 13:44:05,748] 39 root - INFO - [Attacker] Label flip: 18 samples class 4 \u2192 class 0
[2026-07-19 13:44:05,756] 39 root - INFO - [Attacker] Label flip: 8 samples class 4 \u2192 class 0
[2026-07-19 13:44:05,764] 39 root - INFO - [Attacker] Label flip: 18 samples class 4 \u2192 class 0
[2026-07-19 13:44:05,772] 39 root - INFO - [Attacker] Label flip: 13 samples class 4 \u2192 class 0
[2026-07-19 13:44:05,780] 39 root - INFO - [Attacker] Label flip: 12 samples class 4 \u2192 class 0
[2026-07-19 13:44:05,788] 39 root - INFO - [Attacker] Label flip: 12 samples class 4 \u2192 class 0
[2026-07-19 13:44:05,796] 39 root - INFO - [Attacker] Label flip: 14 samples class 4 \u2192 class 0
[2026-07-19 13:44:05,804] 39 root - INFO - [Attacker] Label flip: 18 samples class 4 \u2192 class 0
[2026-07-19 13:44:05,816] 39 root - INFO - [Attacker] Label flip: 12 samples class 4 \u2192 class 0
[2026-07-19 13:44:05,823] 39 root - INFO - [Attacker] Label flip: 10 samples class 4 \u2192 class 0
[2026-07-19 13:44:05,831] 39 root - INFO - [Attacker] Label flip: 9 samples class 4 \u2192 class 0
[2026-07-19 13:44:05,839] 39 root - INFO - [Attacker] Label flip: 10 samples class 4 \u2192 class 0
[2026-07-19 13:44:05,847] 39 root - INFO - [Attacker] Label flip: 8 samples class 4 \u2192 class 0
[2026-07-19 13:44:05,855] 39 root - INFO - [Attacker] Label flip: 11 samples class 4 \u2192 class 0
[2026-07-19 13:44:05,863] 39 root - INFO - [Attacker] Label flip: 16 samples class 4 \u2192 class 0
[2026-07-19 13:44:05,871] 39 root - INFO - [Attacker] Label flip: 13 samples class 4 \u2192 class 0
[2026-07-19 13:44:05,877] 39 root - INFO - [Attacker] Label flip: 11 samples class 4 \u2192 class 0
[2026-07-19 13:44:05,885] 39 root - INFO - [Attacker] Label flip: 15 samples class 4 \u2192 class 0
[2026-07-19 13:44:05,893] 39 root - INFO - [Attacker] Label flip: 25 samples class 4 \u2192 class 0
[2026-07-19 13:44:05,900] 39 root - INFO - [Attacker] Label flip: 14 samples class 4 \u2192 class 0
[2026-07-19 13:44:05,908] 39 root - INFO - [Attacker] Label flip: 17 samples class 4 \u2192 class 0
[2026-07-19 13:44:05,917] 39 root - INFO - [Attacker] Label flip: 21 samples class 4 \u2192 class 0
[2026-07-19 13:44:05,925] 39 root - INFO - [Attacker] Label flip: 6 samples class 4 \u2192 class 0
[2026-07-19 13:44:05,932] 39 root - INFO - [Attacker] Label flip: 11 samples class 4 \u2192 class 0
[2026-07-19 13:44:05,940] 39 root - INFO - [Attacker] Label flip: 15 samples class 4 \u2192 class 0
[2026-07-19 13:44:05,948] 39 root - INFO - [Attacker] Label flip: 9 samples class 4 \u2192 class 0
[2026-07-19 13:44:05,956] 39 root - INFO - [Attacker] Label flip: 14 samples class 4 \u2192 class 0
[2026-07-19 13:44:05,964] 39 root - INFO - [Attacker] Label flip: 12 samples class 4 \u2192 class 0
[2026-07-19 13:44:05,972] 39 root - INFO - [Attacker] Label flip: 8 samples class 4 \u2192 class 0
[2026-07-19 13:44:05,980] 39 root - INFO - [Attacker] Label flip: 20 samples class 4 \u2192 class 0
[2026-07-19 13:44:05,988] 39 root - INFO - [Attacker] Label flip: 13 samples class 4 \u2192 class 0
[2026-07-19 13:44:05,996] 39 root - INFO - [Attacker] Label flip: 15 samples class 4 \u2192 class 0
[2026-07-19 13:44:06,004] 39 root - INFO - [Attacker] Label flip: 12 samples class 4 \u2192 class 0
[2026-07-19 13:44:06,023] 39 root - INFO - [Attacker] Label flip: 9 samples class 4 \u2192 class 0
[2026-07-19 13:44:06,031] 39 root - INFO - [Attacker] Label flip: 20 samples class 4 \u2192 class 0
[2026-07-19 13:44:06,039] 39 root - INFO - [Attacker] Label flip: 10 samples class 4 \u2192 class 0
[2026-07-19 13:44:06,047] 39 root - INFO - [Attacker] Label flip: 13 samples class 4 \u2192 class 0
[2026-07-19 13:44:06,058] 39 root - INFO - [Attacker] Label flip: 12 samples class 4 \u2192 class 0
[2026-07-19 13:44:06,067] 39 root - INFO - [Attacker] Label flip: 14 samples class 4 \u2192 class 0
[2026-07-19 13:44:06,074] 39 root - INFO - [Attacker] Label flip: 13 samples class 4 \u2192 class 0
[2026-07-19 13:44:06,082] 39 root - INFO - [Attacker] Label flip: 12 samples class 4 \u2192 class 0
[2026-07-19 13:44:06,090] 39 root - INFO - [Attacker] Label flip: 13 samples class 4 \u2192 class 0
[2026-07-19 13:44:06,100] 39 root - INFO - [Attacker] Label flip: 11 samples class 4 \u2192 class 0
[2026-07-19 13:44:06,108] 39 root - INFO - [Attacker] Label flip: 17 samples class 4 \u2192 class 0
[2026-07-19 13:44:06,116] 39 root - INFO - [Attacker] Label flip: 12 samples class 4 \u2192 class 0
[2026-07-19 13:44:06,124] 39 root - INFO - [Attacker] Label flip: 12 samples class 4 \u2192 class 0
[2026-07-19 13:44:06,134] 39 root - INFO - [Attacker] Label flip: 17 samples class 4 \u2192 class 0
[2026-07-19 13:44:06,142] 39 root - INFO - [Attacker] Label flip: 14 samples class 4 \u2192 class 0
[2026-07-19 13:44:06,150] 39 root - INFO - [Attacker] Label flip: 14 samples class 4 \u2192 class 0
[2026-07-19 13:44:06,157] 39 root - INFO - [Attacker] Label flip: 14 samples class 4 \u2192 class 0
[2026-07-19 13:44:06,169] 39 root - INFO - [Attacker] Label flip: 10 samples class 4 \u2192 class 0
[2026-07-19 13:44:06,177] 39 root - INFO - [Attacker] Label flip: 18 samples class 4 \u2192 class 0
[2026-07-19 13:44:06,185] 39 root - INFO - [Attacker] Label flip: 23 samples class 4 \u2192 class 0
[2026-07-19 13:44:06,193] 39 root - INFO - [Attacker] Label flip: 13 samples class 4 \u2192 class 0
[2026-07-19 13:44:06,203] 39 root - INFO - [Attacker] Label flip: 15 samples class 4 \u2192 class 0
[2026-07-19 13:44:06,209] 39 root - INFO - [Attacker] Label flip: 9 samples class 4 \u2192 class 0
[2026-07-19 13:44:06,218] 39 root - INFO - [Attacker] Label flip: 11 samples class 4 \u2192 class 0
[2026-07-19 13:44:06,224] 39 root - INFO - [Attacker] Label flip: 14 samples class 4 \u2192 class 0
[2026-07-19 13:44:06,242] 39 root - INFO - [Attacker] Label flip: 14 samples class 4 \u2192 class 0
[2026-07-19 13:45:03,959] 268 flwr - WARNING - DEPRECATED FEATURE: `client_fn` now expects a signature `def client_fn(context: Context)`.The provided `client_fn` has signature: {'cid': <Parameter "cid: str">}. You can import the `Context` like this: `from flwr.common import Context`

            This is a deprecated feature. It will be removed
            entirely in future versions of Flower.
        
[2026-07-19 13:45:03,964] 268 flwr - WARNING - DEPRECATED FEATURE: `client_fn` now expects a signature `def client_fn(context: Context)`.The provided `client_fn` has signature: {'cid': <Parameter "cid: str">}. You can import the `Context` like this: `from flwr.common import Context`

            This is a deprecated feature. It will be removed
            entirely in future versions of Flower.
        
[2026-07-19 13:45:03,967] 268 flwr - WARNING - DEPRECATED FEATURE: `client_fn` now expects a signature `def client_fn(context: Context)`.The provided `client_fn` has signature: {'cid': <Parameter "cid: str">}. You can import the `Context` like this: `from flwr.common import Context`

            This is a deprecated feature. It will be removed
            entirely in future versions of Flower.
        
[2026-07-19 13:45:03,972] 268 flwr - WARNING - DEPRECATED FEATURE: `client_fn` now expects a signature `def client_fn(context: Context)`.The provided `client_fn` has signature: {'cid': <Parameter "cid: str">}. You can import the `Context` like this: `from flwr.common import Context`

            This is a deprecated feature. It will be removed
            entirely in future versions of Flower.
        
[2026-07-19 13:45:04,623] 268 flwr - WARNING - DEPRECATED FEATURE: `client_fn` now expects a signature `def client_fn(context: Context)`.The provided `client_fn` has signature: {'cid': <Parameter "cid: str">}. You can import the `Context` like this: `from flwr.common import Context`

            This is a deprecated feature. It will be removed
            entirely in future versions of Flower.
        
[2026-07-19 13:45:04,670] 268 flwr - WARNING - DEPRECATED FEATURE: `client_fn` now expects a signature `def client_fn(context: Context)`.The provided `client_fn` has signature: {'cid': <Parameter "cid: str">}. You can import the `Context` like this: `from flwr.common import Context`

            This is a deprecated feature. It will be removed
            entirely in future versions of Flower.
        
[2026-07-19 13:45:04,841] 268 flwr - WARNING - DEPRECATED FEATURE: `client_fn` now expects a signature `def client_fn(context: Context)`.The provided `client_fn` has signature: {'cid': <Parameter "cid: str">}. You can import the `Context` like this: `from flwr.common import Context`

            This is a deprecated feature. It will be removed
            entirely in future versions of Flower.
        
[2026-07-19 13:45:04,983] 268 flwr - WARNING - DEPRECATED FEATURE: `client_fn` now expects a signature `def client_fn(context: Context)`.The provided `client_fn` has signature: {'cid': <Parameter "cid: str">}. You can import the `Context` like this: `from flwr.common import Context`

            This is a deprecated feature. It will be removed
            entirely in future versions of Flower.
        
[2026-07-19 13:45:05,194] 268 flwr - WARNING - DEPRECATED FEATURE: `client_fn` now expects a signature `def client_fn(context: Context)`.The provided `client_fn` has signature: {'cid': <Parameter "cid: str">}. You can import the `Context` like this: `from flwr.common import Context`

            This is a deprecated feature. It will be removed
            entirely in future versions of Flower.
        
[2026-07-19 13:45:05,198] 268 flwr - WARNING - DEPRECATED FEATURE: `client_fn` now expects a signature `def client_fn(context: Context)`.The provided `client_fn` has signature: {'cid': <Parameter "cid: str">}. You can import the `Context` like this: `from flwr.common import Context`

            This is a deprecated feature. It will be removed
            entirely in future versions of Flower.
        
[2026-07-19 13:45:05,343] 268 flwr - WARNING - DEPRECATED FEATURE: `client_fn` now expects a signature `def client_fn(context: Context)`.The provided `client_fn` has signature: {'cid': <Parameter "cid: str">}. You can import the `Context` like this: `from flwr.common import Context`

            This is a deprecated feature. It will be removed
            entirely in future versions of Flower.
        
[2026-07-19 13:45:05,594] 268 flwr - WARNING - DEPRECATED FEATURE: `client_fn` now expects a signature `def client_fn(context: Context)`.The provided `client_fn` has signature: {'cid': <Parameter "cid: str">}. You can import the `Context` like this: `from flwr.common import Context`

            This is a deprecated feature. It will be removed
            entirely in future versions of Flower.
        
[2026-07-19 13:45:05,676] 268 flwr - WARNING - DEPRECATED FEATURE: `client_fn` now expects a signature `def client_fn(context: Context)`.The provided `client_fn` has signature: {'cid': <Parameter "cid: str">}. You can import the `Context` like this: `from flwr.common import Context`

            This is a deprecated feature. It will be removed
            entirely in future versions of Flower.
        
