[2026-07-25 02:53:12,167] 37 alembic.runtime.plugins - INFO - setup plugin alembic.autogenerate.schemas
[2026-07-25 02:53:12,167] 37 alembic.runtime.plugins - INFO - setup plugin alembic.autogenerate.tables
[2026-07-25 02:53:12,167] 37 alembic.runtime.plugins - INFO - setup plugin alembic.autogenerate.types
[2026-07-25 02:53:12,167] 37 alembic.runtime.plugins - INFO - setup plugin alembic.autogenerate.constraints
[2026-07-25 02:53:12,167] 37 alembic.runtime.plugins - INFO - setup plugin alembic.autogenerate.defaults
[2026-07-25 02:53:12,167] 37 alembic.runtime.plugins - INFO - setup plugin alembic.autogenerate.comments
[2026-07-25 02:53:16,741] 28 root - INFO - [Experiment] strategy=fedavg attack=label_flip ratio=0.0
[2026-07-25 02:53:16,745] 127 root - INFO - [Pipeline] Phase 1 — no malicious clients (attacker_ratio=0.0).
[2026-07-25 02:53:16,793] 33 root - INFO - [Server] Loaded baseline checkpoint from C:\Users\rauna\Videos\FL IDS\artifacts\models\baseline_mlp.pth
[2026-07-25 02:53:16,803] 33 root - INFO - [Server] Loaded baseline checkpoint from C:\Users\rauna\Videos\FL IDS\artifacts\models\baseline_mlp.pth
[2026-07-25 02:53:16,805] 131 root - INFO - [Pipeline] Strategy: fedavg
[2026-07-25 02:53:16,809] 137 root - INFO - [Pipeline] Starting FL loop — 50 clients, 20 per round, 30 rounds.
[2026-07-25 02:53:16,809] 145 root - INFO - 
[Pipeline] ===== Round 1/30 =====
[2026-07-25 02:54:18,249] 172 root - INFO -   [Client 40] loss=0.2164 acc=0.9390
[2026-07-25 02:54:29,515] 172 root - INFO -   [Client 7] loss=0.9554 acc=0.7947
[2026-07-25 02:54:36,818] 172 root - INFO -   [Client 1] loss=1.8180 acc=0.5278
[2026-07-25 02:54:50,834] 172 root - INFO -   [Client 17] loss=0.8405 acc=0.7561
[2026-07-25 02:54:52,596] 172 root - INFO -   [Client 15] loss=1.5433 acc=0.6243
[2026-07-25 02:54:54,916] 172 root - INFO -   [Client 14] loss=1.1475 acc=0.7000
[2026-07-25 02:54:57,002] 172 root - INFO -   [Client 8] loss=1.3886 acc=0.6397
[2026-07-25 02:54:59,167] 172 root - INFO -   [Client 6] loss=2.0008 acc=0.4393
[2026-07-25 02:55:11,701] 172 root - INFO -   [Client 34] loss=0.4999 acc=0.8583
[2026-07-25 02:55:20,060] 172 root - INFO -   [Client 5] loss=0.5525 acc=0.8587
[2026-07-25 02:55:25,928] 172 root - INFO -   [Client 37] loss=0.9206 acc=0.7513
[2026-07-25 02:55:41,747] 172 root - INFO -   [Client 27] loss=0.2234 acc=0.9391
[2026-07-25 02:55:46,762] 172 root - INFO -   [Client 2] loss=0.8266 acc=0.7858
[2026-07-25 02:57:13,771] 172 root - INFO -   [Client 47] loss=0.0727 acc=0.9808
[2026-07-25 02:57:32,345] 172 root - INFO -   [Client 49] loss=0.9405 acc=0.7090
[2026-07-25 02:57:34,040] 172 root - INFO -   [Client 13] loss=1.4356 acc=0.6583
[2026-07-25 02:57:41,336] 172 root - INFO -   [Client 44] loss=0.6755 acc=0.8140
[2026-07-25 02:57:52,778] 172 root - INFO -   [Client 32] loss=1.0948 acc=0.7136
[2026-07-25 02:57:57,001] 172 root - INFO -   [Client 36] loss=2.0330 acc=0.6184
[2026-07-25 02:58:28,547] 172 root - INFO -   [Client 46] loss=0.5635 acc=0.8599
[2026-07-25 02:58:28,615] 190 root - INFO - [Pipeline] Round 1 aggregated — flagged=0, min_trust=0.0000, max_trust=0.0000
[2026-07-25 02:58:40,709] 81 root - INFO - [Server] Round 1 — loss=0.5441, macro_f1=0.1619, acc=0.8473, fpr=0.0578
[2026-07-25 02:58:40,782] 205 root - INFO - [Pipeline] Round 1 eval — macro_f1=0.1619, acc=0.8473, loss=0.5441
[2026-07-25 02:58:40,788] 145 root - INFO - 
[Pipeline] ===== Round 2/30 =====
[2026-07-25 02:58:42,092] 172 root - INFO -   [Client 12] loss=5.6219 acc=0.0854
[2026-07-25 02:58:46,794] 172 root - INFO -   [Client 45] loss=1.6483 acc=0.6541
[2026-07-25 03:00:18,959] 172 root - INFO -   [Client 41] loss=0.0461 acc=0.9890
[2026-07-25 03:00:39,694] 172 root - INFO -   [Client 44] loss=0.1254 acc=0.9612
[2026-07-25 03:00:48,239] 172 root - INFO -   [Client 34] loss=0.0623 acc=0.9837
[2026-07-25 03:00:50,516] 172 root - INFO -   [Client 26] loss=0.8847 acc=0.7999
[2026-07-25 03:01:01,737] 172 root - INFO -   [Client 14] loss=0.3148 acc=0.9154
[2026-07-25 03:01:10,871] 172 root - INFO -   [Client 28] loss=0.9741 acc=0.7879
[2026-07-25 03:01:34,872] 172 root - INFO -   [Client 37] loss=0.2822 acc=0.9129
[2026-07-25 03:01:54,105] 172 root - INFO -   [Client 17] loss=0.0747 acc=0.9772
[2026-07-25 03:02:18,382] 172 root - INFO -   [Client 0] loss=0.0674 acc=0.9794
[2026-07-25 03:02:49,949] 172 root - INFO -   [Client 10] loss=0.0483 acc=0.9868
[2026-07-25 03:03:05,099] 172 root - INFO -   [Client 27] loss=0.0229 acc=0.9922
[2026-07-25 03:03:06,274] 172 root - INFO -   [Client 21] loss=1.4803 acc=0.5997
[2026-07-25 03:03:56,732] 172 root - INFO -   [Client 40] loss=0.0205 acc=0.9936
[2026-07-25 03:04:47,913] 172 root - INFO -   [Client 9] loss=0.1200 acc=0.9701
[2026-07-25 03:04:55,666] 172 root - INFO -   [Client 13] loss=1.3115 acc=0.7063
[2026-07-25 03:05:00,088] 172 root - INFO -   [Client 36] loss=2.1643 acc=0.5558
[2026-07-25 03:05:07,346] 172 root - INFO -   [Client 6] loss=0.9372 acc=0.7394
[2026-07-25 03:05:31,417] 172 root - INFO -   [Client 2] loss=0.1044 acc=0.9701
[2026-07-25 03:05:31,490] 190 root - INFO - [Pipeline] Round 2 aggregated — flagged=0, min_trust=0.0000, max_trust=0.0000
[2026-07-25 03:05:43,003] 81 root - INFO - [Server] Round 2 — loss=0.1111, macro_f1=0.5083, acc=0.9751, fpr=0.0062
[2026-07-25 03:05:43,071] 205 root - INFO - [Pipeline] Round 2 eval — macro_f1=0.5083, acc=0.9751, loss=0.1111
[2026-07-25 03:05:43,075] 145 root - INFO - 
[Pipeline] ===== Round 3/30 =====
[2026-07-25 03:05:50,587] 172 root - INFO -   [Client 24] loss=0.5662 acc=0.8632
[2026-07-25 03:05:58,364] 172 root - INFO -   [Client 6] loss=0.7087 acc=0.8191
[2026-07-25 03:06:23,282] 172 root - INFO -   [Client 22] loss=0.0456 acc=0.9890
[2026-07-25 03:10:12,812] 172 root - INFO -   [Client 47] loss=0.0098 acc=0.9979
[2026-07-25 03:10:20,366] 172 root - INFO -   [Client 38] loss=1.0046 acc=0.7908
[2026-07-25 03:13:07,086] 172 root - INFO -   [Client 16] loss=0.0067 acc=0.9981
[2026-07-25 03:13:29,877] 172 root - INFO -   [Client 2] loss=0.0621 acc=0.9842
[2026-07-25 03:13:41,939] 172 root - INFO -   [Client 29] loss=0.1791 acc=0.9532
[2026-07-25 03:14:19,861] 172 root - INFO -   [Client 34] loss=0.0340 acc=0.9927
[2026-07-25 03:14:33,733] 172 root - INFO -   [Client 7] loss=0.4285 acc=0.9121
[2026-07-25 03:15:57,591] 172 root - INFO -   [Client 49] loss=0.2156 acc=0.9548
[2026-07-25 03:16:31,783] 172 root - INFO -   [Client 5] loss=0.0278 acc=0.9921
[2026-07-25 03:16:47,380] 172 root - INFO -   [Client 35] loss=0.2153 acc=0.9444
[2026-07-25 03:17:43,744] 172 root - INFO -   [Client 18] loss=0.0458 acc=0.9906
[2026-07-25 03:18:02,000] 172 root - INFO -   [Client 23] loss=0.1008 acc=0.9572
[2026-07-25 03:18:03,149] 172 root - INFO -   [Client 12] loss=6.8734 acc=0.0686
[2026-07-25 03:18:08,107] 172 root - INFO -   [Client 4] loss=0.4479 acc=0.9013
[2026-07-25 03:19:19,550] 172 root - INFO -   [Client 43] loss=0.0130 acc=0.9965
[2026-07-25 03:19:31,915] 172 root - INFO -   [Client 14] loss=0.1482 acc=0.9635
[2026-07-25 03:19:36,885] 172 root - INFO -   [Client 39] loss=0.3525 acc=0.8915
[2026-07-25 03:19:36,953] 190 root - INFO - [Pipeline] Round 3 aggregated — flagged=0, min_trust=0.0000, max_trust=0.0000
[2026-07-25 03:19:48,490] 81 root - INFO - [Server] Round 3 — loss=0.1013, macro_f1=0.4956, acc=0.9764, fpr=0.0062
[2026-07-25 03:19:48,565] 205 root - INFO - [Pipeline] Round 3 eval — macro_f1=0.4956, acc=0.9764, loss=0.1013
[2026-07-25 03:19:48,568] 145 root - INFO - 
[Pipeline] ===== Round 4/30 =====
[2026-07-25 03:20:10,503] 172 root - INFO -   [Client 18] loss=0.0419 acc=0.9914
[2026-07-25 03:20:36,236] 172 root - INFO -   [Client 5] loss=0.0221 acc=0.9936
[2026-07-25 03:20:38,879] 172 root - INFO -   [Client 14] loss=0.1296 acc=0.9697
[2026-07-25 03:20:40,402] 172 root - INFO -   [Client 6] loss=0.6181 acc=0.8416
[2026-07-25 03:20:41,942] 172 root - INFO -   [Client 24] loss=0.5724 acc=0.8684
[2026-07-25 03:20:45,905] 172 root - INFO -   [Client 17] loss=0.0305 acc=0.9899
[2026-07-25 03:20:48,504] 172 root - INFO -   [Client 29] loss=0.1557 acc=0.9588
[2026-07-25 03:21:04,377] 172 root - INFO -   [Client 40] loss=0.0088 acc=0.9967
[2026-07-25 03:21:22,286] 172 root - INFO -   [Client 23] loss=0.0928 acc=0.9600
[2026-07-25 03:22:14,139] 172 root - INFO -   [Client 10] loss=0.0216 acc=0.9948
[2026-07-25 03:23:43,923] 172 root - INFO -   [Client 41] loss=0.0293 acc=0.9938
[2026-07-25 03:24:08,084] 172 root - INFO -   [Client 22] loss=0.0360 acc=0.9911
[2026-07-25 03:24:15,982] 172 root - INFO -   [Client 13] loss=1.2704 acc=0.7787
[2026-07-25 03:24:47,221] 172 root - INFO -   [Client 44] loss=0.0788 acc=0.9750
[2026-07-25 03:24:52,561] 172 root - INFO -   [Client 4] loss=0.3457 acc=0.9266
[2026-07-25 03:25:06,436] 172 root - INFO -   [Client 42] loss=0.0663 acc=0.9855
[2026-07-25 03:25:10,298] 172 root - INFO -   [Client 15] loss=1.6616 acc=0.7122
[2026-07-25 03:25:49,195] 172 root - INFO -   [Client 34] loss=0.0275 acc=0.9943
[2026-07-25 03:27:03,063] 172 root - INFO -   [Client 43] loss=0.0087 acc=0.9975
[2026-07-25 03:27:04,418] 172 root - INFO -   [Client 12] loss=6.4591 acc=0.0675
[2026-07-25 03:27:04,478] 190 root - INFO - [Pipeline] Round 4 aggregated — flagged=0, min_trust=0.0000, max_trust=0.0000
[2026-07-25 03:27:15,499] 81 root - INFO - [Server] Round 4 — loss=0.0880, macro_f1=0.5689, acc=0.9784, fpr=0.0052
[2026-07-25 03:27:15,573] 205 root - INFO - [Pipeline] Round 4 eval — macro_f1=0.5689, acc=0.9784, loss=0.0880
[2026-07-25 03:27:15,574] 145 root - INFO - 
[Pipeline] ===== Round 5/30 =====
[2026-07-25 03:27:34,821] 172 root - INFO -   [Client 17] loss=0.0280 acc=0.9904
[2026-07-25 03:28:47,605] 172 root - INFO -   [Client 40] loss=0.0081 acc=0.9969
[2026-07-25 03:29:17,627] 172 root - INFO -   [Client 44] loss=0.0754 acc=0.9757
[2026-07-25 03:29:21,077] 172 root - INFO -   [Client 35] loss=0.1680 acc=0.9545
[2026-07-25 03:29:23,770] 172 root - INFO -   [Client 14] loss=0.1082 acc=0.9741
[2026-07-25 03:29:39,563] 172 root - INFO -   [Client 43] loss=0.0077 acc=0.9978
[2026-07-25 03:29:44,737] 172 root - INFO -   [Client 20] loss=0.2284 acc=0.9438
[2026-07-25 03:30:23,068] 172 root - INFO -   [Client 3] loss=0.0344 acc=0.9928
[2026-07-25 03:30:27,467] 172 root - INFO -   [Client 45] loss=0.9091 acc=0.8558
[2026-07-25 03:30:50,357] 172 root - INFO -   [Client 2] loss=0.0483 acc=0.9875
[2026-07-25 03:33:33,051] 172 root - INFO -   [Client 47] loss=0.0081 acc=0.9984
[2026-07-25 03:33:35,126] 172 root - INFO -   [Client 25] loss=0.0981 acc=0.9744
[2026-07-25 03:34:54,516] 172 root - INFO -   [Client 49] loss=0.1880 acc=0.9705
[2026-07-25 03:34:59,679] 172 root - INFO -   [Client 4] loss=0.2904 acc=0.9369
[2026-07-25 03:35:07,399] 172 root - INFO -   [Client 13] loss=1.1166 acc=0.7965
[2026-07-25 03:35:12,333] 172 root - INFO -   [Client 39] loss=0.2614 acc=0.9169
[2026-07-25 03:35:43,310] 172 root - INFO -   [Client 46] loss=0.0663 acc=0.9841
[2026-07-25 03:35:52,163] 172 root - INFO -   [Client 31] loss=0.6724 acc=0.8418
[2026-07-25 03:35:59,660] 172 root - INFO -   [Client 38] loss=0.7985 acc=0.8257
[2026-07-25 03:36:08,888] 172 root - INFO -   [Client 28] loss=0.5529 acc=0.8858
[2026-07-25 03:36:08,952] 190 root - INFO - [Pipeline] Round 5 aggregated — flagged=0, min_trust=0.0000, max_trust=0.0000
[2026-07-25 03:36:19,813] 81 root - INFO - [Server] Round 5 — loss=0.0831, macro_f1=0.5044, acc=0.9773, fpr=0.0057
[2026-07-25 03:36:19,940] 205 root - INFO - [Pipeline] Round 5 eval — macro_f1=0.5044, acc=0.9773, loss=0.0831
[2026-07-25 03:36:19,943] 145 root - INFO - 
[Pipeline] ===== Round 6/30 =====
[2026-07-25 03:37:48,867] 172 root - INFO -   [Client 41] loss=0.0269 acc=0.9944
[2026-07-25 03:38:00,966] 172 root - INFO -   [Client 29] loss=0.1276 acc=0.9641
[2026-07-25 03:38:49,318] 172 root - INFO -   [Client 9] loss=0.0975 acc=0.9736
[2026-07-25 03:41:37,865] 172 root - INFO -   [Client 16] loss=0.0044 acc=0.9988
[2026-07-25 03:41:48,076] 172 root - INFO -   [Client 8] loss=0.0750 acc=0.9818
[2026-07-25 03:41:52,091] 172 root - INFO -   [Client 15] loss=1.4282 acc=0.7369
[2026-07-25 03:42:07,530] 172 root - INFO -   [Client 35] loss=0.1416 acc=0.9600
[2026-07-25 03:42:35,903] 172 root - INFO -   [Client 34] loss=0.0240 acc=0.9951
[2026-07-25 03:42:42,616] 172 root - INFO -   [Client 46] loss=0.0622 acc=0.9847
[2026-07-25 03:42:47,413] 172 root - INFO -   [Client 37] loss=0.1992 acc=0.9340
[2026-07-25 03:43:13,851] 172 root - INFO -   [Client 27] loss=0.0091 acc=0.9964
[2026-07-25 03:44:27,544] 172 root - INFO -   [Client 40] loss=0.0076 acc=0.9970
[2026-07-25 03:44:37,081] 172 root - INFO -   [Client 25] loss=0.0870 acc=0.9776
[2026-07-25 03:44:55,934] 172 root - INFO -   [Client 23] loss=0.0769 acc=0.9650
[2026-07-25 03:45:08,180] 172 root - INFO -   [Client 14] loss=0.0881 acc=0.9775
[2026-07-25 03:45:12,615] 172 root - INFO -   [Client 45] loss=0.7700 acc=0.8708
[2026-07-25 03:45:27,722] 172 root - INFO -   [Client 32] loss=0.0809 acc=0.9804
[2026-07-25 03:45:36,469] 172 root - INFO -   [Client 31] loss=0.5683 acc=0.8513
[2026-07-25 03:46:11,812] 172 root - INFO -   [Client 5] loss=0.0192 acc=0.9945
[2026-07-25 03:46:16,516] 172 root - INFO -   [Client 24] loss=0.4335 acc=0.8907
[2026-07-25 03:46:16,533] 190 root - INFO - [Pipeline] Round 6 aggregated — flagged=0, min_trust=0.0000, max_trust=0.0000
[2026-07-25 03:46:24,491] 81 root - INFO - [Server] Round 6 — loss=0.0995, macro_f1=0.5808, acc=0.9796, fpr=0.0051
[2026-07-25 03:46:24,559] 205 root - INFO - [Pipeline] Round 6 eval — macro_f1=0.5808, acc=0.9796, loss=0.0995
[2026-07-25 03:46:24,562] 145 root - INFO - 
[Pipeline] ===== Round 7/30 =====
[2026-07-25 03:47:07,716] 172 root - INFO -   [Client 3] loss=0.0319 acc=0.9933
[2026-07-25 03:47:21,929] 172 root - INFO -   [Client 7] loss=0.2566 acc=0.9489
[2026-07-25 03:47:41,003] 172 root - INFO -   [Client 9] loss=0.0973 acc=0.9739
[2026-07-25 03:48:29,313] 172 root - INFO -   [Client 40] loss=0.0073 acc=0.9972
[2026-07-25 03:48:43,997] 172 root - INFO -   [Client 10] loss=0.0175 acc=0.9959
[2026-07-25 03:49:36,997] 172 root - INFO -   [Client 43] loss=0.0065 acc=0.9981
[2026-07-25 03:50:17,676] 172 root - INFO -   [Client 27] loss=0.0086 acc=0.9965
[2026-07-25 03:50:19,182] 172 root - INFO -   [Client 38] loss=0.9309 acc=0.8066
[2026-07-25 03:50:20,253] 172 root - INFO -   [Client 4] loss=0.2083 acc=0.9531
[2026-07-25 03:50:21,829] 172 root - INFO -   [Client 24] loss=0.4754 acc=0.8872
[2026-07-25 03:50:28,289] 172 root - INFO -   [Client 46] loss=0.0620 acc=0.9850
[2026-07-25 03:50:31,168] 172 root - INFO -   [Client 42] loss=0.0613 acc=0.9863
[2026-07-25 03:50:33,765] 172 root - INFO -   [Client 29] loss=0.1346 acc=0.9646
[2026-07-25 03:50:38,337] 172 root - INFO -   [Client 33] loss=0.0208 acc=0.9938
[2026-07-25 03:52:39,503] 172 root - INFO -   [Client 16] loss=0.0041 acc=0.9989
[2026-07-25 03:53:02,481] 172 root - INFO -   [Client 0] loss=0.0123 acc=0.9968
[2026-07-25 03:53:07,866] 172 root - INFO -   [Client 48] loss=0.1125 acc=0.9751
[2026-07-25 03:53:26,173] 172 root - INFO -   [Client 17] loss=0.0258 acc=0.9910
[2026-07-25 03:53:30,915] 172 root - INFO -   [Client 21] loss=1.2489 acc=0.7017
[2026-07-25 03:54:54,215] 172 root - INFO -   [Client 49] loss=0.1813 acc=0.9736
[2026-07-25 03:54:54,286] 190 root - INFO - [Pipeline] Round 7 aggregated — flagged=0, min_trust=0.0000, max_trust=0.0000
[2026-07-25 03:55:05,247] 81 root - INFO - [Server] Round 7 — loss=0.0954, macro_f1=0.5843, acc=0.9800, fpr=0.0049
[2026-07-25 03:55:05,316] 205 root - INFO - [Pipeline] Round 7 eval — macro_f1=0.5843, acc=0.9800, loss=0.0954
[2026-07-25 03:55:05,318] 145 root - INFO - 
[Pipeline] ===== Round 8/30 =====
[2026-07-25 03:56:03,597] 172 root - INFO -   [Client 18] loss=0.0389 acc=0.9920
[2026-07-25 03:57:14,868] 172 root - INFO -   [Client 27] loss=0.0086 acc=0.9966
[2026-07-25 03:57:26,090] 172 root - INFO -   [Client 10] loss=0.0171 acc=0.9960
[2026-07-25 03:57:28,733] 172 root - INFO -   [Client 29] loss=0.1289 acc=0.9656
[2026-07-25 03:57:33,726] 172 root - INFO -   [Client 0] loss=0.0115 acc=0.9970
[2026-07-25 03:59:17,121] 172 root - INFO -   [Client 16] loss=0.0041 acc=0.9989
[2026-07-25 03:59:20,398] 172 root - INFO -   [Client 32] loss=0.0795 acc=0.9809
[2026-07-25 03:59:26,994] 172 root - INFO -   [Client 11] loss=0.1581 acc=0.9492
[2026-07-25 03:59:42,740] 172 root - INFO -   [Client 43] loss=0.0060 acc=0.9982
[2026-07-25 03:59:44,227] 172 root - INFO -   [Client 6] loss=0.4669 acc=0.8661
[2026-07-25 03:59:44,897] 172 root - INFO -   [Client 19] loss=0.2024 acc=0.9562
[2026-07-25 04:00:03,938] 172 root - INFO -   [Client 41] loss=0.0259 acc=0.9947
[2026-07-25 04:00:04,197] 172 root - INFO -   [Client 12] loss=5.5303 acc=0.0704
[2026-07-25 04:00:14,321] 172 root - INFO -   [Client 9] loss=0.0968 acc=0.9739
[2026-07-25 04:00:18,253] 172 root - INFO -   [Client 23] loss=0.0683 acc=0.9678
[2026-07-25 04:01:08,985] 172 root - INFO -   [Client 47] loss=0.0075 acc=0.9986
[2026-07-25 04:01:13,592] 172 root - INFO -   [Client 33] loss=0.0211 acc=0.9939
[2026-07-25 04:01:14,518] 172 root - INFO -   [Client 45] loss=0.8233 acc=0.8864
[2026-07-25 04:01:19,447] 172 root - INFO -   [Client 20] loss=0.1882 acc=0.9526
[2026-07-25 04:01:20,235] 172 root - INFO -   [Client 15] loss=1.6085 acc=0.7142
[2026-07-25 04:01:20,252] 190 root - INFO - [Pipeline] Round 8 aggregated — flagged=0, min_trust=0.0000, max_trust=0.0000
[2026-07-25 04:01:26,271] 81 root - INFO - [Server] Round 8 — loss=0.0959, macro_f1=0.5350, acc=0.9792, fpr=0.0052
[2026-07-25 04:01:26,340] 205 root - INFO - [Pipeline] Round 8 eval — macro_f1=0.5350, acc=0.9792, loss=0.0959
[2026-07-25 04:01:26,341] 145 root - INFO - 
[Pipeline] ===== Round 9/30 =====
[2026-07-25 04:01:29,274] 172 root - INFO -   [Client 1] loss=0.2276 acc=0.9266
[2026-07-25 04:01:32,260] 172 root - INFO -   [Client 7] loss=0.2590 acc=0.9495
[2026-07-25 04:01:36,204] 172 root - INFO -   [Client 23] loss=0.0716 acc=0.9669
[2026-07-25 04:01:36,760] 172 root - INFO -   [Client 19] loss=0.2349 acc=0.9487
[2026-07-25 04:01:37,541] 172 root - INFO -   [Client 15] loss=1.7840 acc=0.6719
[2026-07-25 04:01:46,817] 172 root - INFO -   [Client 3] loss=0.0312 acc=0.9935
[2026-07-25 04:01:47,814] 172 root - INFO -   [Client 45] loss=0.8466 acc=0.8806
[2026-07-25 04:01:48,655] 172 root - INFO -   [Client 36] loss=1.7242 acc=0.6379
[2026-07-25 04:01:55,788] 172 root - INFO -   [Client 5] loss=0.0175 acc=0.9950
[2026-07-25 04:02:14,102] 172 root - INFO -   [Client 41] loss=0.0256 acc=0.9947
[2026-07-25 04:02:15,943] 172 root - INFO -   [Client 31] loss=0.6141 acc=0.8482
[2026-07-25 04:02:16,978] 172 root - INFO -   [Client 4] loss=0.2104 acc=0.9546
[2026-07-25 04:02:25,208] 172 root - INFO -   [Client 34] loss=0.0228 acc=0.9954
[2026-07-25 04:02:27,402] 172 root - INFO -   [Client 8] loss=0.0728 acc=0.9840
[2026-07-25 04:02:30,441] 172 root - INFO -   [Client 42] loss=0.0600 acc=0.9864
[2026-07-25 04:02:32,402] 172 root - INFO -   [Client 30] loss=0.0464 acc=0.9892
[2026-07-25 04:02:43,247] 172 root - INFO -   [Client 10] loss=0.0166 acc=0.9962
[2026-07-25 04:03:19,536] 172 root - INFO -   [Client 16] loss=0.0039 acc=0.9989
[2026-07-25 04:03:35,281] 172 root - INFO -   [Client 27] loss=0.0083 acc=0.9966
[2026-07-25 04:03:40,123] 172 root - INFO -   [Client 37] loss=0.1971 acc=0.9350
[2026-07-25 04:03:40,139] 190 root - INFO - [Pipeline] Round 9 aggregated — flagged=0, min_trust=0.0000, max_trust=0.0000
[2026-07-25 04:03:46,444] 81 root - INFO - [Server] Round 9 — loss=0.0999, macro_f1=0.5871, acc=0.9798, fpr=0.0050
[2026-07-25 04:03:46,511] 205 root - INFO - [Pipeline] Round 9 eval — macro_f1=0.5871, acc=0.9798, loss=0.0999
[2026-07-25 04:03:46,511] 145 root - INFO - 
[Pipeline] ===== Round 10/30 =====
[2026-07-25 04:03:49,000] 172 root - INFO -   [Client 13] loss=0.8776 acc=0.8200
[2026-07-25 04:03:58,585] 172 root - INFO -   [Client 34] loss=0.0219 acc=0.9955
[2026-07-25 04:04:05,174] 172 root - INFO -   [Client 46] loss=0.0604 acc=0.9853
[2026-07-25 04:04:12,037] 172 root - INFO -   [Client 44] loss=0.0697 acc=0.9772
[2026-07-25 04:04:12,378] 172 root - INFO -   [Client 12] loss=5.5164 acc=0.0644
[2026-07-25 04:04:12,944] 172 root - INFO -   [Client 19] loss=0.2116 acc=0.9551
[2026-07-25 04:04:14,825] 172 root - INFO -   [Client 25] loss=0.0886 acc=0.9776
[2026-07-25 04:04:17,722] 172 root - INFO -   [Client 42] loss=0.0599 acc=0.9866
[2026-07-25 04:04:38,486] 172 root - INFO -   [Client 41] loss=0.0254 acc=0.9948
[2026-07-25 04:04:43,318] 172 root - INFO -   [Client 23] loss=0.0660 acc=0.9687
[2026-07-25 04:04:45,637] 172 root - INFO -   [Client 28] loss=0.4198 acc=0.9078
[2026-07-25 04:04:51,384] 172 root - INFO -   [Client 33] loss=0.0202 acc=0.9941
[2026-07-25 04:04:52,627] 172 root - INFO -   [Client 39] loss=0.2078 acc=0.9283
[2026-07-25 04:04:56,179] 172 root - INFO -   [Client 7] loss=0.1976 acc=0.9596
[2026-07-25 04:04:57,089] 172 root - INFO -   [Client 15] loss=1.6461 acc=0.7033
[2026-07-25 04:05:00,255] 172 root - INFO -   [Client 14] loss=0.0880 acc=0.9785
[2026-07-25 04:05:01,634] 172 root - INFO -   [Client 4] loss=0.1412 acc=0.9673
[2026-07-25 04:05:02,777] 172 root - INFO -   [Client 21] loss=1.2597 acc=0.7007
[2026-07-25 04:05:05,253] 172 root - INFO -   [Client 1] loss=0.2236 acc=0.9281
[2026-07-25 04:05:19,701] 172 root - INFO -   [Client 18] loss=0.0384 acc=0.9920
[2026-07-25 04:05:19,717] 190 root - INFO - [Pipeline] Round 10 aggregated — flagged=0, min_trust=0.0000, max_trust=0.0000
[2026-07-25 04:05:26,896] 81 root - INFO - [Server] Round 10 — loss=0.0665, macro_f1=0.5895, acc=0.9801, fpr=0.0049
[2026-07-25 04:05:27,022] 205 root - INFO - [Pipeline] Round 10 eval — macro_f1=0.5895, acc=0.9801, loss=0.0665
[2026-07-25 04:05:27,023] 145 root - INFO - 
[Pipeline] ===== Round 11/30 =====
[2026-07-25 04:05:31,989] 172 root - INFO -   [Client 35] loss=0.1158 acc=0.9651
[2026-07-25 04:05:35,153] 172 root - INFO -   [Client 14] loss=0.0636 acc=0.9823
[2026-07-25 04:05:41,142] 172 root - INFO -   [Client 37] loss=0.1868 acc=0.9363
[2026-07-25 04:05:42,462] 172 root - INFO -   [Client 48] loss=0.0717 acc=0.9824
[2026-07-25 04:05:48,269] 172 root - INFO -   [Client 0] loss=0.0105 acc=0.9973
[2026-07-25 04:05:49,450] 172 root - INFO -   [Client 4] loss=0.1003 acc=0.9746
[2026-07-25 04:06:07,275] 172 root - INFO -   [Client 40] loss=0.0068 acc=0.9973
[2026-07-25 04:06:18,119] 172 root - INFO -   [Client 3] loss=0.0303 acc=0.9937
[2026-07-25 04:06:25,734] 172 root - INFO -   [Client 46] loss=0.0569 acc=0.9857
[2026-07-25 04:06:33,456] 172 root - INFO -   [Client 44] loss=0.0684 acc=0.9773
[2026-07-25 04:06:39,558] 172 root - INFO -   [Client 2] loss=0.0422 acc=0.9890
[2026-07-25 04:06:40,948] 172 root - INFO -   [Client 21] loss=0.6047 acc=0.8198
[2026-07-25 04:06:59,234] 172 root - INFO -   [Client 43] loss=0.0056 acc=0.9984
[2026-07-25 04:07:03,029] 172 root - INFO -   [Client 32] loss=0.0746 acc=0.9814
[2026-07-25 04:07:03,975] 172 root - INFO -   [Client 15] loss=1.1892 acc=0.7653
[2026-07-25 04:07:08,402] 172 root - INFO -   [Client 17] loss=0.0243 acc=0.9913
[2026-07-25 04:07:10,556] 172 root - INFO -   [Client 31] loss=0.3709 acc=0.8788
[2026-07-25 04:07:12,527] 172 root - INFO -   [Client 13] loss=0.5815 acc=0.8587
[2026-07-25 04:07:14,961] 172 root - INFO -   [Client 8] loss=0.0411 acc=0.9909
[2026-07-25 04:07:19,221] 172 root - INFO -   [Client 23] loss=0.0636 acc=0.9692
[2026-07-25 04:07:19,349] 190 root - INFO - [Pipeline] Round 11 aggregated — flagged=0, min_trust=0.0000, max_trust=0.0000
[2026-07-25 04:07:26,411] 81 root - INFO - [Server] Round 11 — loss=0.0741, macro_f1=0.5899, acc=0.9803, fpr=0.0048
[2026-07-25 04:07:26,441] 205 root - INFO - [Pipeline] Round 11 eval — macro_f1=0.5899, acc=0.9803, loss=0.0741
[2026-07-25 04:07:26,442] 145 root - INFO - 
[Pipeline] ===== Round 12/30 =====
[2026-07-25 04:07:27,754] 172 root - INFO -   [Client 36] loss=0.9693 acc=0.7600
[2026-07-25 04:07:45,460] 172 root - INFO -   [Client 49] loss=0.1730 acc=0.9752
[2026-07-25 04:07:47,298] 172 root - INFO -   [Client 30] loss=0.0392 acc=0.9910
[2026-07-25 04:07:48,140] 172 root - INFO -   [Client 15] loss=1.1024 acc=0.7879
[2026-07-25 04:08:39,506] 172 root - INFO -   [Client 47] loss=0.0072 acc=0.9987
[2026-07-25 04:08:41,551] 172 root - INFO -   [Client 26] loss=0.3405 acc=0.9174
[2026-07-25 04:08:41,814] 172 root - INFO -   [Client 12] loss=4.5284 acc=0.1448
[2026-07-25 04:08:43,291] 172 root - INFO -   [Client 6] loss=0.3088 acc=0.8904
[2026-07-25 04:08:46,155] 172 root - INFO -   [Client 42] loss=0.0572 acc=0.9868
[2026-07-25 04:09:01,059] 172 root - INFO -   [Client 27] loss=0.0080 acc=0.9969
[2026-07-25 04:09:06,187] 172 root - INFO -   [Client 22] loss=0.0286 acc=0.9926
[2026-07-25 04:09:21,708] 172 root - INFO -   [Client 40] loss=0.0067 acc=0.9974
[2026-07-25 04:09:28,416] 172 root - INFO -   [Client 44] loss=0.0679 acc=0.9775
[2026-07-25 04:09:30,972] 172 root - INFO -   [Client 29] loss=0.1085 acc=0.9681
[2026-07-25 04:09:40,040] 172 root - INFO -   [Client 3] loss=0.0298 acc=0.9937
[2026-07-25 04:09:58,784] 172 root - INFO -   [Client 41] loss=0.0247 acc=0.9949
[2026-07-25 04:10:02,061] 172 root - INFO -   [Client 35] loss=0.1135 acc=0.9662
[2026-07-25 04:10:04,060] 172 root - INFO -   [Client 25] loss=0.0734 acc=0.9806
[2026-07-25 04:10:05,016] 172 root - INFO -   [Client 21] loss=0.6974 acc=0.8036
[2026-07-25 04:10:08,324] 172 root - INFO -   [Client 32] loss=0.0747 acc=0.9813
[2026-07-25 04:10:08,339] 190 root - INFO - [Pipeline] Round 12 aggregated — flagged=0, min_trust=0.0000, max_trust=0.0000
[2026-07-25 04:10:13,993] 81 root - INFO - [Server] Round 12 — loss=0.0750, macro_f1=0.5527, acc=0.9798, fpr=0.0049
[2026-07-25 04:10:14,059] 205 root - INFO - [Pipeline] Round 12 eval — macro_f1=0.5527, acc=0.9798, loss=0.0750
[2026-07-25 04:10:14,060] 145 root - INFO - 
[Pipeline] ===== Round 13/30 =====
[2026-07-25 04:10:16,355] 172 root - INFO -   [Client 6] loss=0.3827 acc=0.8772
[2026-07-25 04:10:17,261] 172 root - INFO -   [Client 15] loss=1.4102 acc=0.7197
[2026-07-25 04:10:17,527] 172 root - INFO -   [Client 12] loss=5.4859 acc=0.0623
[2026-07-25 04:11:09,222] 172 root - INFO -   [Client 47] loss=0.0071 acc=0.9987
[2026-07-25 04:11:17,386] 172 root - INFO -   [Client 34] loss=0.0213 acc=0.9957
[2026-07-25 04:11:19,417] 172 root - INFO -   [Client 28] loss=0.3426 acc=0.9130
[2026-07-25 04:11:21,637] 172 root - INFO -   [Client 8] loss=0.0490 acc=0.9892
[2026-07-25 04:11:36,543] 172 root - INFO -   [Client 27] loss=0.0079 acc=0.9968
[2026-07-25 04:11:43,092] 172 root - INFO -   [Client 11] loss=0.1494 acc=0.9502
[2026-07-25 04:11:46,957] 172 root - INFO -   [Client 17] loss=0.0244 acc=0.9912
[2026-07-25 04:11:49,544] 172 root - INFO -   [Client 29] loss=0.1233 acc=0.9655
[2026-07-25 04:11:50,696] 172 root - INFO -   [Client 48] loss=0.0994 acc=0.9775
[2026-07-25 04:11:51,844] 172 root - INFO -   [Client 4] loss=0.1299 acc=0.9691
[2026-07-25 04:11:58,641] 172 root - INFO -   [Client 44] loss=0.0678 acc=0.9776
[2026-07-25 04:12:01,874] 172 root - INFO -   [Client 35] loss=0.1230 acc=0.9644
[2026-07-25 04:12:19,190] 172 root - INFO -   [Client 49] loss=0.1724 acc=0.9767
[2026-07-25 04:12:28,349] 172 root - INFO -   [Client 3] loss=0.0298 acc=0.9937
[2026-07-25 04:12:33,153] 172 root - INFO -   [Client 0] loss=0.0100 acc=0.9973
[2026-07-25 04:12:40,446] 172 root - INFO -   [Client 5] loss=0.0166 acc=0.9954
[2026-07-25 04:12:41,486] 172 root - INFO -   [Client 39] loss=0.2033 acc=0.9275
[2026-07-25 04:12:41,503] 190 root - INFO - [Pipeline] Round 13 aggregated — flagged=0, min_trust=0.0000, max_trust=0.0000
[2026-07-25 04:12:46,737] 81 root - INFO - [Server] Round 13 — loss=0.0732, macro_f1=0.5548, acc=0.9792, fpr=0.0050
[2026-07-25 04:12:46,799] 205 root - INFO - [Pipeline] Round 13 eval — macro_f1=0.5548, acc=0.9792, loss=0.0732
[2026-07-25 04:12:46,800] 145 root - INFO - 
[Pipeline] ===== Round 14/30 =====
[2026-07-25 04:12:48,384] 172 root - INFO -   [Client 48] loss=0.0928 acc=0.9794
[2026-07-25 04:12:49,221] 172 root - INFO -   [Client 15] loss=1.3935 acc=0.7236
[2026-07-25 04:12:59,687] 172 root - INFO -   [Client 10] loss=0.0159 acc=0.9965
[2026-07-25 04:13:01,754] 172 root - INFO -   [Client 26] loss=0.4609 acc=0.8932
[2026-07-25 04:13:03,589] 172 root - INFO -   [Client 31] loss=0.4663 acc=0.8591
[2026-07-25 04:13:05,433] 172 root - INFO -   [Client 30] loss=0.0421 acc=0.9898
[2026-07-25 04:13:07,118] 172 root - INFO -   [Client 13] loss=0.7057 acc=0.8353
[2026-07-25 04:13:08,961] 172 root - INFO -   [Client 25] loss=0.0792 acc=0.9796
[2026-07-25 04:13:18,136] 172 root - INFO -   [Client 3] loss=0.0299 acc=0.9937
[2026-07-25 04:14:09,309] 172 root - INFO -   [Client 47] loss=0.0070 acc=0.9987
[2026-07-25 04:14:10,876] 172 root - INFO -   [Client 24] loss=0.3827 acc=0.8994
[2026-07-25 04:14:15,687] 172 root - INFO -   [Client 0] loss=0.0102 acc=0.9973
[2026-07-25 04:14:16,699] 172 root - INFO -   [Client 39] loss=0.2065 acc=0.9264
[2026-07-25 04:14:52,566] 172 root - INFO -   [Client 16] loss=0.0037 acc=0.9990
[2026-07-25 04:14:55,156] 172 root - INFO -   [Client 29] loss=0.1172 acc=0.9663
[2026-07-25 04:15:07,137] 172 root - INFO -   [Client 18] loss=0.0376 acc=0.9921
[2026-07-25 04:15:21,905] 172 root - INFO -   [Client 27] loss=0.0078 acc=0.9968
[2026-07-25 04:15:22,827] 172 root - INFO -   [Client 45] loss=0.5953 acc=0.8898
[2026-07-25 04:15:33,135] 172 root - INFO -   [Client 9] loss=0.0935 acc=0.9742
[2026-07-25 04:15:34,732] 172 root - INFO -   [Client 6] loss=0.3679 acc=0.8763
[2026-07-25 04:15:34,747] 190 root - INFO - [Pipeline] Round 14 aggregated — flagged=0, min_trust=0.0000, max_trust=0.0000
[2026-07-25 04:15:39,717] 81 root - INFO - [Server] Round 14 — loss=0.0939, macro_f1=0.5801, acc=0.9787, fpr=0.0054
[2026-07-25 04:15:39,779] 205 root - INFO - [Pipeline] Round 14 eval — macro_f1=0.5801, acc=0.9787, loss=0.0939
[2026-07-25 04:15:39,780] 145 root - INFO - 
[Pipeline] ===== Round 15/30 =====
[2026-07-25 04:15:52,264] 172 root - INFO -   [Client 18] loss=0.0377 acc=0.9921
[2026-07-25 04:15:53,842] 172 root - INFO -   [Client 13] loss=0.8826 acc=0.8061
[2026-07-25 04:16:02,992] 172 root - INFO -   [Client 3] loss=0.0297 acc=0.9937
[2026-07-25 04:16:07,912] 172 root - INFO -   [Client 37] loss=0.1910 acc=0.9359
[2026-07-25 04:16:16,195] 172 root - INFO -   [Client 34] loss=0.0212 acc=0.9957
[2026-07-25 04:17:07,316] 172 root - INFO -   [Client 47] loss=0.0070 acc=0.9987
[2026-07-25 04:17:12,272] 172 root - INFO -   [Client 20] loss=0.1625 acc=0.9573
[2026-07-25 04:17:19,046] 172 root - INFO -   [Client 44] loss=0.0683 acc=0.9775
[2026-07-25 04:17:21,917] 172 root - INFO -   [Client 42] loss=0.0579 acc=0.9867
[2026-07-25 04:17:28,346] 172 root - INFO -   [Client 46] loss=0.0593 acc=0.9854
[2026-07-25 04:17:30,310] 172 root - INFO -   [Client 30] loss=0.0428 acc=0.9903
[2026-07-25 04:17:33,560] 172 root - INFO -   [Client 32] loss=0.0761 acc=0.9812
[2026-07-25 04:17:38,241] 172 root - INFO -   [Client 33] loss=0.0195 acc=0.9943
[2026-07-25 04:17:48,827] 172 root - INFO -   [Client 10] loss=0.0157 acc=0.9965
[2026-07-25 04:18:07,384] 172 root - INFO -   [Client 41] loss=0.0246 acc=0.9950
[2026-07-25 04:18:08,999] 172 root - INFO -   [Client 38] loss=0.8338 acc=0.8230
[2026-07-25 04:18:16,360] 172 root - INFO -   [Client 5] loss=0.0162 acc=0.9956
[2026-07-25 04:18:22,905] 172 root - INFO -   [Client 11] loss=0.1523 acc=0.9500
[2026-07-25 04:18:24,055] 172 root - INFO -   [Client 4] loss=0.1355 acc=0.9696
[2026-07-25 04:18:24,606] 172 root - INFO -   [Client 19] loss=0.1935 acc=0.9565
[2026-07-25 04:18:24,629] 190 root - INFO - [Pipeline] Round 15 aggregated — flagged=0, min_trust=0.0000, max_trust=0.0000
[2026-07-25 04:18:29,926] 81 root - INFO - [Server] Round 15 — loss=0.0703, macro_f1=0.5876, acc=0.9802, fpr=0.0050
[2026-07-25 04:18:29,988] 205 root - INFO - [Pipeline] Round 15 eval — macro_f1=0.5876, acc=0.9802, loss=0.0703
[2026-07-25 04:18:29,989] 145 root - INFO - 
[Pipeline] ===== Round 16/30 =====
[2026-07-25 04:18:31,343] 172 root - INFO -   [Client 4] loss=0.1248 acc=0.9717
[2026-07-25 04:18:46,530] 172 root - INFO -   [Client 43] loss=0.0051 acc=0.9985
[2026-07-25 04:18:47,314] 172 root - INFO -   [Client 15] loss=1.5761 acc=0.6801
[2026-07-25 04:18:49,267] 172 root - INFO -   [Client 25] loss=0.0816 acc=0.9789
[2026-07-25 04:18:52,253] 172 root - INFO -   [Client 7] loss=0.1835 acc=0.9602
[2026-07-25 04:18:53,105] 172 root - INFO -   [Client 36] loss=1.0040 acc=0.7403
[2026-07-25 04:19:43,657] 172 root - INFO -   [Client 47] loss=0.0070 acc=0.9987
[2026-07-25 04:19:48,474] 172 root - INFO -   [Client 37] loss=0.1859 acc=0.9366
[2026-07-25 04:19:49,997] 172 root - INFO -   [Client 38] loss=0.5475 acc=0.8639
[2026-07-25 04:19:55,001] 172 root - INFO -   [Client 2] loss=0.0415 acc=0.9892
[2026-07-25 04:19:56,018] 172 root - INFO -   [Client 39] loss=0.2241 acc=0.9242
[2026-07-25 04:20:03,256] 172 root - INFO -   [Client 5] loss=0.0160 acc=0.9956
[2026-07-25 04:20:05,415] 172 root - INFO -   [Client 26] loss=0.5118 acc=0.8783
[2026-07-25 04:20:12,506] 172 root - INFO -   [Client 44] loss=0.0674 acc=0.9776
[2026-07-25 04:20:17,249] 172 root - INFO -   [Client 33] loss=0.0199 acc=0.9943
[2026-07-25 04:20:22,219] 172 root - INFO -   [Client 20] loss=0.1477 acc=0.9589
[2026-07-25 04:20:57,840] 172 root - INFO -   [Client 16] loss=0.0036 acc=0.9990
[2026-07-25 04:20:59,518] 172 root - INFO -   [Client 13] loss=0.7386 acc=0.8249
[2026-07-25 04:21:07,748] 172 root - INFO -   [Client 34] loss=0.0213 acc=0.9957
[2026-07-25 04:21:08,757] 172 root - INFO -   [Client 45] loss=0.5912 acc=0.8800
[2026-07-25 04:21:08,772] 190 root - INFO - [Pipeline] Round 16 aggregated — flagged=0, min_trust=0.0000, max_trust=0.0000
[2026-07-25 04:21:14,487] 81 root - INFO - [Server] Round 16 — loss=0.1458, macro_f1=0.4918, acc=0.9592, fpr=0.0130
[2026-07-25 04:21:14,516] 205 root - INFO - [Pipeline] Round 16 eval — macro_f1=0.4918, acc=0.9592, loss=0.1458
[2026-07-25 04:21:14,517] 145 root - INFO - 
[Pipeline] ===== Round 17/30 =====
[2026-07-25 04:21:50,053] 172 root - INFO -   [Client 16] loss=0.0035 acc=0.9991
[2026-07-25 04:21:52,037] 172 root - INFO -   [Client 25] loss=0.0869 acc=0.9785
[2026-07-25 04:21:54,280] 172 root - INFO -   [Client 8] loss=0.0474 acc=0.9902
[2026-07-25 04:21:57,195] 172 root - INFO -   [Client 42] loss=0.0577 acc=0.9868
[2026-07-25 04:22:16,058] 172 root - INFO -   [Client 41] loss=0.0247 acc=0.9950
[2026-07-25 04:22:16,623] 172 root - INFO -   [Client 19] loss=0.1621 acc=0.9612
[2026-07-25 04:22:19,203] 172 root - INFO -   [Client 29] loss=0.1260 acc=0.9658
[2026-07-25 04:22:24,483] 172 root - INFO -   [Client 20] loss=0.1525 acc=0.9590
[2026-07-25 04:22:25,636] 172 root - INFO -   [Client 4] loss=0.1151 acc=0.9740
[2026-07-25 04:22:30,546] 172 root - INFO -   [Client 0] loss=0.0099 acc=0.9974
[2026-07-25 04:22:45,770] 172 root - INFO -   [Client 43] loss=0.0051 acc=0.9985
[2026-07-25 04:22:46,722] 172 root - INFO -   [Client 36] loss=1.2863 acc=0.6978
[2026-07-25 04:22:48,201] 172 root - INFO -   [Client 6] loss=0.4618 acc=0.8557
[2026-07-25 04:22:49,108] 172 root - INFO -   [Client 45] loss=0.7204 acc=0.8859
[2026-07-25 04:22:57,295] 172 root - INFO -   [Client 34] loss=0.0214 acc=0.9957
[2026-07-25 04:22:58,990] 172 root - INFO -   [Client 13] loss=0.8299 acc=0.8081
[2026-07-25 04:23:02,242] 172 root - INFO -   [Client 32] loss=0.0761 acc=0.9813
[2026-07-25 04:23:19,725] 172 root - INFO -   [Client 49] loss=0.1752 acc=0.9779
[2026-07-25 04:24:10,756] 172 root - INFO -   [Client 47] loss=0.0069 acc=0.9987
[2026-07-25 04:24:11,876] 172 root - INFO -   [Client 39] loss=0.2300 acc=0.9225
[2026-07-25 04:24:11,891] 190 root - INFO - [Pipeline] Round 17 aggregated — flagged=0, min_trust=0.0000, max_trust=0.0000
[2026-07-25 04:24:17,147] 81 root - INFO - [Server] Round 17 — loss=0.0805, macro_f1=0.5269, acc=0.9795, fpr=0.0049
[2026-07-25 04:24:17,209] 205 root - INFO - [Pipeline] Round 17 eval — macro_f1=0.5269, acc=0.9795, loss=0.0805
[2026-07-25 04:24:17,210] 145 root - INFO - 
[Pipeline] ===== Round 18/30 =====
[2026-07-25 04:24:22,844] 172 root - INFO -   [Client 22] loss=0.0286 acc=0.9927
[2026-07-25 04:24:24,023] 172 root - INFO -   [Client 4] loss=0.1219 acc=0.9721
[2026-07-25 04:24:24,824] 172 root - INFO -   [Client 15] loss=1.7358 acc=0.6416
[2026-07-25 04:24:28,737] 172 root - INFO -   [Client 23] loss=0.0659 acc=0.9690
[2026-07-25 04:24:40,762] 172 root - INFO -   [Client 18] loss=0.0374 acc=0.9922
[2026-07-25 04:24:51,437] 172 root - INFO -   [Client 10] loss=0.0154 acc=0.9965
[2026-07-25 04:24:53,311] 172 root - INFO -   [Client 28] loss=0.3789 acc=0.9023
[2026-07-25 04:25:01,512] 172 root - INFO -   [Client 34] loss=0.0214 acc=0.9957
[2026-07-25 04:25:02,058] 172 root - INFO -   [Client 19] loss=0.1566 acc=0.9611
[2026-07-25 04:25:03,061] 172 root - INFO -   [Client 39] loss=0.2272 acc=0.9222
[2026-07-25 04:25:07,686] 172 root - INFO -   [Client 33] loss=0.0204 acc=0.9943
[2026-07-25 04:25:12,559] 172 root - INFO -   [Client 0] loss=0.0096 acc=0.9975
[2026-07-25 04:25:15,804] 172 root - INFO -   [Client 35] loss=0.1296 acc=0.9637
[2026-07-25 04:25:34,257] 172 root - INFO -   [Client 41] loss=0.0245 acc=0.9950
[2026-07-25 04:25:35,758] 172 root - INFO -   [Client 6] loss=0.4651 acc=0.8524
[2026-07-25 04:25:37,962] 172 root - INFO -   [Client 8] loss=0.0459 acc=0.9900
[2026-07-25 04:26:13,370] 172 root - INFO -   [Client 16] loss=0.0035 acc=0.9990
[2026-07-25 04:26:16,363] 172 root - INFO -   [Client 7] loss=0.1935 acc=0.9587
[2026-07-25 04:26:21,105] 172 root - INFO -   [Client 37] loss=0.1891 acc=0.9361
[2026-07-25 04:26:27,553] 172 root - INFO -   [Client 46] loss=0.0587 acc=0.9854
[2026-07-25 04:26:27,569] 190 root - INFO - [Pipeline] Round 18 aggregated — flagged=0, min_trust=0.0000, max_trust=0.0000
[2026-07-25 04:26:32,732] 81 root - INFO - [Server] Round 18 — loss=0.0831, macro_f1=0.5895, acc=0.9804, fpr=0.0048
[2026-07-25 04:26:32,794] 205 root - INFO - [Pipeline] Round 18 eval — macro_f1=0.5895, acc=0.9804, loss=0.0831
[2026-07-25 04:26:32,795] 145 root - INFO - 
[Pipeline] ===== Round 19/30 =====
[2026-07-25 04:26:36,425] 172 root - INFO -   [Client 35] loss=0.1237 acc=0.9640
[2026-07-25 04:26:46,813] 172 root - INFO -   [Client 9] loss=0.0937 acc=0.9741
[2026-07-25 04:26:50,706] 172 root - INFO -   [Client 17] loss=0.0239 acc=0.9914
[2026-07-25 04:27:02,802] 172 root - INFO -   [Client 18] loss=0.0373 acc=0.9922
[2026-07-25 04:27:04,302] 172 root - INFO -   [Client 38] loss=0.7070 acc=0.8408
[2026-07-25 04:27:05,994] 172 root - INFO -   [Client 13] loss=0.8036 acc=0.8174
[2026-07-25 04:27:06,934] 172 root - INFO -   [Client 21] loss=1.0392 acc=0.7469
[2026-07-25 04:27:13,779] 172 root - INFO -   [Client 44] loss=0.0675 acc=0.9776
[2026-07-25 04:27:29,270] 172 root - INFO -   [Client 40] loss=0.0065 acc=0.9974
[2026-07-25 04:28:05,739] 172 root - INFO -   [Client 16] loss=0.0034 acc=0.9991
[2026-07-25 04:28:09,102] 172 root - INFO -   [Client 32] loss=0.0745 acc=0.9814
[2026-07-25 04:28:10,968] 172 root - INFO -   [Client 31] loss=0.4919 acc=0.8536
[2026-07-25 04:28:29,520] 172 root - INFO -   [Client 41] loss=0.0244 acc=0.9950
[2026-07-25 04:28:38,593] 172 root - INFO -   [Client 3] loss=0.0293 acc=0.9938
[2026-07-25 04:28:45,865] 172 root - INFO -   [Client 5] loss=0.0159 acc=0.9956
[2026-07-25 04:29:01,021] 172 root - INFO -   [Client 27] loss=0.0077 acc=0.9969
[2026-07-25 04:29:51,320] 172 root - INFO -   [Client 47] loss=0.0070 acc=0.9987
[2026-07-25 04:29:56,380] 172 root - INFO -   [Client 2] loss=0.0412 acc=0.9894
[2026-07-25 04:30:01,172] 172 root - INFO -   [Client 0] loss=0.0095 acc=0.9974
[2026-07-25 04:30:11,826] 172 root - INFO -   [Client 10] loss=0.0152 acc=0.9966
[2026-07-25 04:30:11,841] 190 root - INFO - [Pipeline] Round 19 aggregated — flagged=0, min_trust=0.0000, max_trust=0.0000
[2026-07-25 04:30:17,429] 81 root - INFO - [Server] Round 19 — loss=0.0905, macro_f1=0.6381, acc=0.9800, fpr=0.0050
[2026-07-25 04:30:17,460] 205 root - INFO - [Pipeline] Round 19 eval — macro_f1=0.6381, acc=0.9800, loss=0.0905
[2026-07-25 04:30:17,468] 145 root - INFO - 
[Pipeline] ===== Round 20/30 =====
[2026-07-25 04:30:35,314] 172 root - INFO -   [Client 49] loss=0.1742 acc=0.9774
[2026-07-25 04:30:37,412] 172 root - INFO -   [Client 8] loss=0.0490 acc=0.9895
[2026-07-25 04:30:52,739] 172 root - INFO -   [Client 40] loss=0.0066 acc=0.9974
[2026-07-25 04:31:28,614] 172 root - INFO -   [Client 16] loss=0.0034 acc=0.9990
[2026-07-25 04:31:39,152] 172 root - INFO -   [Client 10] loss=0.0153 acc=0.9966
[2026-07-25 04:31:41,131] 172 root - INFO -   [Client 28] loss=0.4157 acc=0.8993
[2026-07-25 04:31:44,339] 172 root - INFO -   [Client 35] loss=0.1351 acc=0.9624
[2026-07-25 04:31:59,081] 172 root - INFO -   [Client 27] loss=0.0077 acc=0.9969
[2026-07-25 04:32:14,147] 172 root - INFO -   [Client 43] loss=0.0048 acc=0.9985
[2026-07-25 04:32:19,000] 172 root - INFO -   [Client 0] loss=0.0096 acc=0.9974
[2026-07-25 04:32:22,052] 172 root - INFO -   [Client 7] loss=0.2042 acc=0.9580
[2026-07-25 04:32:23,102] 172 root - INFO -   [Client 4] loss=0.1282 acc=0.9718
[2026-07-25 04:32:33,277] 172 root - INFO -   [Client 9] loss=0.0933 acc=0.9742
[2026-07-25 04:32:41,484] 172 root - INFO -   [Client 34] loss=0.0208 acc=0.9957
[2026-07-25 04:32:46,454] 172 root - INFO -   [Client 2] loss=0.0412 acc=0.9893
[2026-07-25 04:32:50,393] 172 root - INFO -   [Client 23] loss=0.0649 acc=0.9692
[2026-07-25 04:32:55,208] 172 root - INFO -   [Client 37] loss=0.1898 acc=0.9362
[2026-07-25 04:32:57,999] 172 root - INFO -   [Client 42] loss=0.0576 acc=0.9867
[2026-07-25 04:32:59,241] 172 root - INFO -   [Client 48] loss=0.1123 acc=0.9752
[2026-07-25 04:33:01,179] 172 root - INFO -   [Client 1] loss=0.2143 acc=0.9299
[2026-07-25 04:33:01,194] 190 root - INFO - [Pipeline] Round 20 aggregated — flagged=0, min_trust=0.0000, max_trust=0.0000
[2026-07-25 04:33:06,573] 81 root - INFO - [Server] Round 20 — loss=0.0886, macro_f1=0.6448, acc=0.9804, fpr=0.0048
[2026-07-25 04:33:06,637] 205 root - INFO - [Pipeline] Round 20 eval — macro_f1=0.6448, acc=0.9804, loss=0.0886
[2026-07-25 04:33:06,638] 145 root - INFO - 
[Pipeline] ===== Round 21/30 =====
[2026-07-25 04:33:07,712] 172 root - INFO -   [Client 19] loss=0.1605 acc=0.9625
[2026-07-25 04:33:11,592] 172 root - INFO -   [Client 23] loss=0.0625 acc=0.9699
[2026-07-25 04:33:16,669] 172 root - INFO -   [Client 2] loss=0.0411 acc=0.9894
[2026-07-25 04:33:21,780] 172 root - INFO -   [Client 22] loss=0.0284 acc=0.9928
[2026-07-25 04:33:23,442] 172 root - INFO -   [Client 13] loss=0.8664 acc=0.8143
[2026-07-25 04:33:38,638] 172 root - INFO -   [Client 43] loss=0.0050 acc=0.9985
[2026-07-25 04:33:39,459] 172 root - INFO -   [Client 15] loss=1.7312 acc=0.6586
[2026-07-25 04:33:42,332] 172 root - INFO -   [Client 42] loss=0.0574 acc=0.9868
[2026-07-25 04:33:43,809] 172 root - INFO -   [Client 6] loss=0.4591 acc=0.8596
[2026-07-25 04:33:52,744] 172 root - INFO -   [Client 46] loss=0.0574 acc=0.9859
[2026-07-25 04:33:57,033] 172 root - INFO -   [Client 35] loss=0.1255 acc=0.9643
[2026-07-25 04:33:59,622] 172 root - INFO -   [Client 26] loss=0.5093 acc=0.8766
[2026-07-25 04:34:12,159] 172 root - INFO -   [Client 9] loss=0.0932 acc=0.9742
[2026-07-25 04:34:18,905] 172 root - INFO -   [Client 44] loss=0.0672 acc=0.9778
[2026-07-25 04:34:29,528] 172 root - INFO -   [Client 10] loss=0.0152 acc=0.9967
[2026-07-25 04:34:36,354] 172 root - INFO -   [Client 11] loss=0.1505 acc=0.9502
[2026-07-25 04:34:37,850] 172 root - INFO -   [Client 38] loss=0.8381 acc=0.8224
[2026-07-25 04:34:39,824] 172 root - INFO -   [Client 1] loss=0.2127 acc=0.9299
[2026-07-25 04:34:47,904] 172 root - INFO -   [Client 34] loss=0.0211 acc=0.9957
[2026-07-25 04:34:49,104] 172 root - INFO -   [Client 48] loss=0.0902 acc=0.9797
[2026-07-25 04:34:49,119] 190 root - INFO - [Pipeline] Round 21 aggregated — flagged=0, min_trust=0.0000, max_trust=0.0000
[2026-07-25 04:34:54,233] 81 root - INFO - [Server] Round 21 — loss=0.0628, macro_f1=0.6558, acc=0.9823, fpr=0.0047
[2026-07-25 04:34:54,295] 205 root - INFO - [Pipeline] Round 21 eval — macro_f1=0.6558, acc=0.9823, loss=0.0628
[2026-07-25 04:34:54,299] 145 root - INFO - 
[Pipeline] ===== Round 22/30 =====
[2026-07-25 04:34:55,639] 172 root - INFO -   [Client 21] loss=0.6385 acc=0.8148
[2026-07-25 04:34:57,715] 172 root - INFO -   [Client 26] loss=0.3406 acc=0.9120
[2026-07-25 04:35:00,549] 172 root - INFO -   [Client 42] loss=0.0554 acc=0.9868
[2026-07-25 04:35:01,332] 172 root - INFO -   [Client 15] loss=1.1742 acc=0.7531
[2026-07-25 04:35:05,168] 172 root - INFO -   [Client 17] loss=0.0232 acc=0.9914
[2026-07-25 04:35:15,809] 172 root - INFO -   [Client 10] loss=0.0150 acc=0.9966
[2026-07-25 04:35:17,291] 172 root - INFO -   [Client 6] loss=0.3297 acc=0.8858
[2026-07-25 04:35:18,828] 172 root - INFO -   [Client 24] loss=0.3290 acc=0.9061
[2026-07-25 04:35:23,763] 172 root - INFO -   [Client 2] loss=0.0404 acc=0.9894
[2026-07-25 04:35:25,738] 172 root - INFO -   [Client 30] loss=0.0377 acc=0.9911
[2026-07-25 04:35:28,344] 172 root - INFO -   [Client 14] loss=0.0543 acc=0.9845
[2026-07-25 04:35:28,581] 172 root - INFO -   [Client 12] loss=4.6965 acc=0.0824
[2026-07-25 04:35:31,225] 172 root - INFO -   [Client 29] loss=0.1040 acc=0.9688
[2026-07-25 04:35:36,364] 172 root - INFO -   [Client 22] loss=0.0277 acc=0.9929
[2026-07-25 04:35:36,908] 172 root - INFO -   [Client 19] loss=0.1097 acc=0.9692
[2026-07-25 04:35:37,909] 172 root - INFO -   [Client 39] loss=0.1616 acc=0.9370
[2026-07-25 04:35:46,062] 172 root - INFO -   [Client 34] loss=0.0205 acc=0.9959
[2026-07-25 04:35:47,931] 172 root - INFO -   [Client 1] loss=0.1941 acc=0.9319
[2026-07-25 04:35:49,557] 172 root - INFO -   [Client 38] loss=0.4634 acc=0.8813
[2026-07-25 04:35:51,380] 172 root - INFO -   [Client 31] loss=0.3764 acc=0.8745
[2026-07-25 04:35:51,395] 190 root - INFO - [Pipeline] Round 22 aggregated — flagged=0, min_trust=0.0000, max_trust=0.0000
[2026-07-25 04:35:56,445] 81 root - INFO - [Server] Round 22 — loss=0.0637, macro_f1=0.6080, acc=0.9803, fpr=0.0048
[2026-07-25 04:35:56,509] 205 root - INFO - [Pipeline] Round 22 eval — macro_f1=0.6080, acc=0.9803, loss=0.0637
[2026-07-25 04:35:56,510] 145 root - INFO - 
[Pipeline] ===== Round 23/30 =====
[2026-07-25 04:35:57,795] 172 root - INFO -   [Client 21] loss=0.4370 acc=0.8608
[2026-07-25 04:36:01,718] 172 root - INFO -   [Client 17] loss=0.0230 acc=0.9915
[2026-07-25 04:36:02,764] 172 root - INFO -   [Client 4] loss=0.0661 acc=0.9840
[2026-07-25 04:36:03,984] 172 root - INFO -   [Client 48] loss=0.0382 acc=0.9912
[2026-07-25 04:36:09,163] 172 root - INFO -   [Client 22] loss=0.0274 acc=0.9929
[2026-07-25 04:36:27,635] 172 root - INFO -   [Client 41] loss=0.0238 acc=0.9951
[2026-07-25 04:36:30,847] 172 root - INFO -   [Client 32] loss=0.0730 acc=0.9814
[2026-07-25 04:36:32,725] 172 root - INFO -   [Client 25] loss=0.0697 acc=0.9811
[2026-07-25 04:36:40,906] 172 root - INFO -   [Client 34] loss=0.0204 acc=0.9959
[2026-07-25 04:36:58,470] 172 root - INFO -   [Client 49] loss=0.1685 acc=0.9790
[2026-07-25 04:37:00,354] 172 root - INFO -   [Client 1] loss=0.1917 acc=0.9324
[2026-07-25 04:37:03,330] 172 root - INFO -   [Client 7] loss=0.1140 acc=0.9742
[2026-07-25 04:37:38,549] 172 root - INFO -   [Client 16] loss=0.0034 acc=0.9991
[2026-07-25 04:37:45,046] 172 root - INFO -   [Client 11] loss=0.1419 acc=0.9510
[2026-07-25 04:37:49,830] 172 root - INFO -   [Client 37] loss=0.1813 acc=0.9370
[2026-07-25 04:37:54,779] 172 root - INFO -   [Client 2] loss=0.0404 acc=0.9894
[2026-07-25 04:37:56,364] 172 root - INFO -   [Client 6] loss=0.2637 acc=0.9003
[2026-07-25 04:38:11,256] 172 root - INFO -   [Client 27] loss=0.0076 acc=0.9969
[2026-07-25 04:38:12,222] 172 root - INFO -   [Client 45] loss=0.3987 acc=0.8974
[2026-07-25 04:38:16,098] 172 root - INFO -   [Client 23] loss=0.0604 acc=0.9704
[2026-07-25 04:38:16,113] 190 root - INFO - [Pipeline] Round 23 aggregated — flagged=0, min_trust=0.0000, max_trust=0.0000
[2026-07-25 04:38:21,217] 81 root - INFO - [Server] Round 23 — loss=0.0787, macro_f1=0.6443, acc=0.9805, fpr=0.0048
[2026-07-25 04:38:21,281] 205 root - INFO - [Pipeline] Round 23 eval — macro_f1=0.6443, acc=0.9805, loss=0.0787
[2026-07-25 04:38:21,282] 145 root - INFO - 
[Pipeline] ===== Round 24/30 =====
[2026-07-25 04:38:26,563] 172 root - INFO -   [Client 20] loss=0.1320 acc=0.9628
[2026-07-25 04:38:41,390] 172 root - INFO -   [Client 27] loss=0.0075 acc=0.9969
[2026-07-25 04:38:42,886] 172 root - INFO -   [Client 38] loss=0.6109 acc=0.8594
[2026-07-25 04:38:46,266] 172 root - INFO -   [Client 32] loss=0.0728 acc=0.9815
[2026-07-25 04:38:49,149] 172 root - INFO -   [Client 7] loss=0.1441 acc=0.9700
[2026-07-25 04:38:50,705] 172 root - INFO -   [Client 24] loss=0.3643 acc=0.8999
[2026-07-25 04:38:51,543] 172 root - INFO -   [Client 36] loss=1.0101 acc=0.7560
[2026-07-25 04:38:51,777] 172 root - INFO -   [Client 12] loss=4.9692 acc=0.0876
[2026-07-25 04:39:27,612] 172 root - INFO -   [Client 16] loss=0.0034 acc=0.9991
[2026-07-25 04:39:32,578] 172 root - INFO -   [Client 2] loss=0.0402 acc=0.9895
[2026-07-25 04:39:33,714] 172 root - INFO -   [Client 48] loss=0.0581 acc=0.9867
[2026-07-25 04:39:38,635] 172 root - INFO -   [Client 0] loss=0.0090 acc=0.9976
[2026-07-25 04:39:43,227] 172 root - INFO -   [Client 33] loss=0.0194 acc=0.9945
[2026-07-25 04:39:51,424] 172 root - INFO -   [Client 34] loss=0.0206 acc=0.9958
[2026-07-25 04:39:54,241] 172 root - INFO -   [Client 42] loss=0.0562 acc=0.9868
[2026-07-25 04:39:58,121] 172 root - INFO -   [Client 23] loss=0.0610 acc=0.9703
[2026-07-25 04:39:59,149] 172 root - INFO -   [Client 39] loss=0.1632 acc=0.9369
[2026-07-25 04:40:00,293] 172 root - INFO -   [Client 4] loss=0.0776 acc=0.9821
[2026-07-25 04:40:01,246] 172 root - INFO -   [Client 21] loss=0.8186 acc=0.7824
[2026-07-25 04:40:01,813] 172 root - INFO -   [Client 19] loss=0.1294 acc=0.9659
[2026-07-25 04:40:01,829] 190 root - INFO - [Pipeline] Round 24 aggregated — flagged=0, min_trust=0.0000, max_trust=0.0000
[2026-07-25 04:40:06,891] 81 root - INFO - [Server] Round 24 — loss=0.1037, macro_f1=0.6470, acc=0.9804, fpr=0.0049
[2026-07-25 04:40:06,953] 205 root - INFO - [Pipeline] Round 24 eval — macro_f1=0.6470, acc=0.9804, loss=0.1037
[2026-07-25 04:40:06,954] 145 root - INFO - 
[Pipeline] ===== Round 25/30 =====
[2026-07-25 04:40:12,321] 172 root - INFO -   [Client 20] loss=0.1324 acc=0.9637
[2026-07-25 04:40:15,194] 172 root - INFO -   [Client 42] loss=0.0583 acc=0.9868
[2026-07-25 04:40:18,169] 172 root - INFO -   [Client 7] loss=0.1446 acc=0.9710
[2026-07-25 04:40:24,737] 172 root - INFO -   [Client 46] loss=0.0567 acc=0.9860
[2026-07-25 04:40:25,289] 172 root - INFO -   [Client 19] loss=0.1551 acc=0.9661
[2026-07-25 04:40:28,556] 172 root - INFO -   [Client 32] loss=0.0749 acc=0.9816
[2026-07-25 04:40:29,457] 172 root - INFO -   [Client 45] loss=0.6163 acc=0.9038
[2026-07-25 04:40:30,677] 172 root - INFO -   [Client 48] loss=0.0609 acc=0.9864
[2026-07-25 04:40:32,688] 172 root - INFO -   [Client 26] loss=0.3776 acc=0.9053
[2026-07-25 04:40:50,005] 172 root - INFO -   [Client 49] loss=0.1710 acc=0.9779
[2026-07-25 04:40:52,004] 172 root - INFO -   [Client 25] loss=0.0806 acc=0.9799
[2026-07-25 04:41:04,007] 172 root - INFO -   [Client 18] loss=0.0373 acc=0.9922
[2026-07-25 04:41:07,308] 172 root - INFO -   [Client 35] loss=0.1239 acc=0.9652
[2026-07-25 04:41:09,501] 172 root - INFO -   [Client 8] loss=0.0338 acc=0.9932
[2026-07-25 04:41:09,743] 172 root - INFO -   [Client 12] loss=4.9425 acc=0.0898
[2026-07-25 04:41:28,206] 172 root - INFO -   [Client 41] loss=0.0241 acc=0.9951
[2026-07-25 04:41:29,642] 172 root - INFO -   [Client 24] loss=0.3985 acc=0.8996
[2026-07-25 04:41:36,097] 172 root - INFO -   [Client 11] loss=0.1506 acc=0.9503
[2026-07-25 04:41:51,325] 172 root - INFO -   [Client 43] loss=0.0048 acc=0.9985
[2026-07-25 04:41:56,076] 172 root - INFO -   [Client 37] loss=0.1895 acc=0.9364
[2026-07-25 04:41:56,091] 190 root - INFO - [Pipeline] Round 25 aggregated — flagged=0, min_trust=0.0000, max_trust=0.0000
[2026-07-25 04:42:01,443] 81 root - INFO - [Server] Round 25 — loss=0.0613, macro_f1=0.5936, acc=0.9805, fpr=0.0048
[2026-07-25 04:42:01,507] 205 root - INFO - [Pipeline] Round 25 eval — macro_f1=0.5936, acc=0.9805, loss=0.0613
[2026-07-25 04:42:01,508] 145 root - INFO - 
[Pipeline] ===== Round 26/30 =====
[2026-07-25 04:42:05,451] 172 root - INFO -   [Client 35] loss=0.1050 acc=0.9672
[2026-07-25 04:42:10,480] 172 root - INFO -   [Client 0] loss=0.0090 acc=0.9976
[2026-07-25 04:42:11,040] 172 root - INFO -   [Client 19] loss=0.1074 acc=0.9678
[2026-07-25 04:42:23,145] 172 root - INFO -   [Client 18] loss=0.0368 acc=0.9922
[2026-07-25 04:42:24,737] 172 root - INFO -   [Client 13] loss=0.5179 acc=0.8699
[2026-07-25 04:42:39,622] 172 root - INFO -   [Client 27] loss=0.0075 acc=0.9970
[2026-07-25 04:42:44,393] 172 root - INFO -   [Client 37] loss=0.1799 acc=0.9376
[2026-07-25 04:42:45,931] 172 root - INFO -   [Client 38] loss=0.4103 acc=0.8937
[2026-07-25 04:43:04,340] 172 root - INFO -   [Client 41] loss=0.0239 acc=0.9951
[2026-07-25 04:43:09,281] 172 root - INFO -   [Client 20] loss=0.1201 acc=0.9641
[2026-07-25 04:43:11,862] 172 root - INFO -   [Client 29] loss=0.1027 acc=0.9688
[2026-07-25 04:43:13,813] 172 root - INFO -   [Client 28] loss=0.2199 acc=0.9303
[2026-07-25 04:43:16,636] 172 root - INFO -   [Client 42] loss=0.0552 acc=0.9869
[2026-07-25 04:43:17,630] 172 root - INFO -   [Client 45] loss=0.4206 acc=0.8903
[2026-07-25 04:43:20,944] 172 root - INFO -   [Client 32] loss=0.0722 acc=0.9815
[2026-07-25 04:43:22,766] 172 root - INFO -   [Client 30] loss=0.0368 acc=0.9914
[2026-07-25 04:43:33,424] 172 root - INFO -   [Client 10] loss=0.0148 acc=0.9966
[2026-07-25 04:43:40,707] 172 root - INFO -   [Client 5] loss=0.0154 acc=0.9958
[2026-07-25 04:43:47,310] 172 root - INFO -   [Client 46] loss=0.0546 acc=0.9860
[2026-07-25 04:44:22,177] 172 root - INFO -   [Client 16] loss=0.0033 acc=0.9991
[2026-07-25 04:44:22,192] 190 root - INFO - [Pipeline] Round 26 aggregated — flagged=0, min_trust=0.0000, max_trust=0.0000
[2026-07-25 04:44:27,274] 81 root - INFO - [Server] Round 26 — loss=0.0837, macro_f1=0.6310, acc=0.9804, fpr=0.0048
[2026-07-25 04:44:27,336] 205 root - INFO - [Pipeline] Round 26 eval — macro_f1=0.6310, acc=0.9804, loss=0.0837
[2026-07-25 04:44:27,337] 145 root - INFO - 
[Pipeline] ===== Round 27/30 =====
[2026-07-25 04:44:30,647] 172 root - INFO -   [Client 42] loss=0.0563 acc=0.9866
[2026-07-25 04:44:46,477] 172 root - INFO -   [Client 40] loss=0.0062 acc=0.9975
[2026-07-25 04:44:47,597] 172 root - INFO -   [Client 39] loss=0.1832 acc=0.9322
[2026-07-25 04:44:48,548] 172 root - INFO -   [Client 21] loss=0.9545 acc=0.7551
[2026-07-25 04:44:55,905] 172 root - INFO -   [Client 5] loss=0.0154 acc=0.9957
[2026-07-25 04:44:56,821] 172 root - INFO -   [Client 15] loss=1.5457 acc=0.6875
[2026-07-25 04:45:11,801] 172 root - INFO -   [Client 43] loss=0.0048 acc=0.9985
[2026-07-25 04:45:12,467] 172 root - INFO -   [Client 19] loss=0.1325 acc=0.9659
[2026-07-25 04:45:15,345] 172 root - INFO -   [Client 14] loss=0.0668 acc=0.9820
[2026-07-25 04:45:15,588] 172 root - INFO -   [Client 12] loss=5.1643 acc=0.0642
[2026-07-25 04:45:25,873] 172 root - INFO -   [Client 9] loss=0.0916 acc=0.9743
[2026-07-25 04:45:27,884] 172 root - INFO -   [Client 1] loss=0.1990 acc=0.9313
[2026-07-25 04:45:32,786] 172 root - INFO -   [Client 2] loss=0.0398 acc=0.9896
[2026-07-25 04:45:39,524] 172 root - INFO -   [Client 44] loss=0.0661 acc=0.9780
[2026-07-25 04:45:41,450] 172 root - INFO -   [Client 30] loss=0.0373 acc=0.9913
[2026-07-25 04:45:42,489] 172 root - INFO -   [Client 4] loss=0.0802 acc=0.9806
[2026-07-25 04:45:45,076] 172 root - INFO -   [Client 29] loss=0.1120 acc=0.9679
[2026-07-25 04:45:47,132] 172 root - INFO -   [Client 26] loss=0.4137 acc=0.8955
[2026-07-25 04:45:48,239] 172 root - INFO -   [Client 48] loss=0.0750 acc=0.9815
[2026-07-25 04:45:53,433] 172 root - INFO -   [Client 22] loss=0.0276 acc=0.9929
[2026-07-25 04:45:53,447] 190 root - INFO - [Pipeline] Round 27 aggregated — flagged=0, min_trust=0.0000, max_trust=0.0000
[2026-07-25 04:45:58,517] 81 root - INFO - [Server] Round 27 — loss=0.0726, macro_f1=0.6430, acc=0.9805, fpr=0.0048
[2026-07-25 04:45:58,579] 205 root - INFO - [Pipeline] Round 27 eval — macro_f1=0.6430, acc=0.9805, loss=0.0726
[2026-07-25 04:45:58,579] 145 root - INFO - 
[Pipeline] ===== Round 28/30 =====
[2026-07-25 04:46:05,720] 172 root - INFO -   [Client 44] loss=0.0657 acc=0.9780
[2026-07-25 04:46:07,274] 172 root - INFO -   [Client 24] loss=0.3742 acc=0.8962
[2026-07-25 04:46:08,984] 172 root - INFO -   [Client 31] loss=0.4023 acc=0.8705
[2026-07-25 04:46:10,944] 172 root - INFO -   [Client 25] loss=0.0746 acc=0.9802
[2026-07-25 04:46:11,727] 172 root - INFO -   [Client 15] loss=1.3665 acc=0.7178
[2026-07-25 04:46:21,908] 172 root - INFO -   [Client 9] loss=0.0909 acc=0.9743
[2026-07-25 04:46:40,445] 172 root - INFO -   [Client 41] loss=0.0238 acc=0.9951
[2026-07-25 04:46:45,413] 172 root - INFO -   [Client 0] loss=0.0087 acc=0.9977
[2026-07-25 04:46:47,041] 172 root - INFO -   [Client 6] loss=0.3633 acc=0.8812
[2026-07-25 04:47:02,087] 172 root - INFO -   [Client 27] loss=0.0074 acc=0.9970
[2026-07-25 04:47:04,662] 172 root - INFO -   [Client 14] loss=0.0585 acc=0.9840
[2026-07-25 04:47:11,169] 172 root - INFO -   [Client 11] loss=0.1422 acc=0.9510
[2026-07-25 04:47:15,721] 172 root - INFO -   [Client 33] loss=0.0187 acc=0.9946
[2026-07-25 04:47:18,284] 172 root - INFO -   [Client 29] loss=0.1076 acc=0.9685
[2026-07-25 04:47:27,387] 172 root - INFO -   [Client 3] loss=0.0285 acc=0.9940
[2026-07-25 04:47:28,315] 172 root - INFO -   [Client 45] loss=0.5056 acc=0.8939
[2026-07-25 04:47:31,297] 172 root - INFO -   [Client 7] loss=0.1445 acc=0.9692
[2026-07-25 04:47:32,232] 172 root - INFO -   [Client 36] loss=0.9773 acc=0.7559
[2026-07-25 04:47:34,419] 172 root - INFO -   [Client 8] loss=0.0335 acc=0.9928
[2026-07-25 04:47:40,825] 172 root - INFO -   [Client 46] loss=0.0549 acc=0.9860
[2026-07-25 04:47:40,839] 190 root - INFO - [Pipeline] Round 28 aggregated — flagged=0, min_trust=0.0000, max_trust=0.0000
[2026-07-25 04:47:45,914] 81 root - INFO - [Server] Round 28 — loss=0.0641, macro_f1=0.6472, acc=0.9805, fpr=0.0048
[2026-07-25 04:47:45,978] 205 root - INFO - [Pipeline] Round 28 eval — macro_f1=0.6472, acc=0.9805, loss=0.0641
[2026-07-25 04:47:45,978] 145 root - INFO - 
[Pipeline] ===== Round 29/30 =====
[2026-07-25 04:47:49,094] 172 root - INFO -   [Client 29] loss=0.1019 acc=0.9691
[2026-07-25 04:47:51,968] 172 root - INFO -   [Client 42] loss=0.0545 acc=0.9870
[2026-07-25 04:47:56,666] 172 root - INFO -   [Client 33] loss=0.0184 acc=0.9947
[2026-07-25 04:47:59,917] 172 root - INFO -   [Client 35] loss=0.1067 acc=0.9674
[2026-07-25 04:48:01,434] 172 root - INFO -   [Client 38] loss=0.5035 acc=0.8773
[2026-07-25 04:48:06,406] 172 root - INFO -   [Client 20] loss=0.1223 acc=0.9638
[2026-07-25 04:48:08,452] 172 root - INFO -   [Client 28] loss=0.2386 acc=0.9279
[2026-07-25 04:48:09,591] 172 root - INFO -   [Client 39] loss=0.1548 acc=0.9398
[2026-07-25 04:48:13,042] 172 root - INFO -   [Client 32] loss=0.0719 acc=0.9817
[2026-07-25 04:48:28,260] 172 root - INFO -   [Client 27] loss=0.0074 acc=0.9970
[2026-07-25 04:48:34,822] 172 root - INFO -   [Client 46] loss=0.0539 acc=0.9861
[2026-07-25 04:48:50,322] 172 root - INFO -   [Client 43] loss=0.0047 acc=0.9985
[2026-07-25 04:49:01,186] 172 root - INFO -   [Client 10] loss=0.0145 acc=0.9967
[2026-07-25 04:49:03,016] 172 root - INFO -   [Client 30] loss=0.0364 acc=0.9916
[2026-07-25 04:49:03,908] 172 root - INFO -   [Client 45] loss=0.4527 acc=0.8974
[2026-07-25 04:49:39,304] 172 root - INFO -   [Client 16] loss=0.0034 acc=0.9991
[2026-07-25 04:49:40,112] 172 root - INFO -   [Client 15] loss=1.1783 acc=0.7552
[2026-07-25 04:49:44,118] 172 root - INFO -   [Client 17] loss=0.0229 acc=0.9915
[2026-07-25 04:49:45,838] 172 root - INFO -   [Client 31] loss=0.3515 acc=0.8802
[2026-07-25 04:49:52,655] 172 root - INFO -   [Client 44] loss=0.0652 acc=0.9779
[2026-07-25 04:49:52,670] 190 root - INFO - [Pipeline] Round 29 aggregated — flagged=0, min_trust=0.0000, max_trust=0.0000
[2026-07-25 04:49:57,977] 81 root - INFO - [Server] Round 29 — loss=0.0904, macro_f1=0.6472, acc=0.9805, fpr=0.0048
[2026-07-25 04:49:58,039] 205 root - INFO - [Pipeline] Round 29 eval — macro_f1=0.6472, acc=0.9805, loss=0.0904
[2026-07-25 04:49:58,041] 145 root - INFO - 
[Pipeline] ===== Round 30/30 =====
[2026-07-25 04:49:59,179] 172 root - INFO -   [Client 15] loss=1.3823 acc=0.7257
[2026-07-25 04:50:03,220] 172 root - INFO -   [Client 17] loss=0.0229 acc=0.9915
[2026-07-25 04:50:05,205] 172 root - INFO -   [Client 28] loss=0.2990 acc=0.9227
[2026-07-25 04:50:06,255] 172 root - INFO -   [Client 4] loss=0.0811 acc=0.9806
[2026-07-25 04:50:07,148] 172 root - INFO -   [Client 45] loss=0.5688 acc=0.8983
[2026-07-25 04:50:19,189] 172 root - INFO -   [Client 18] loss=0.0367 acc=0.9922
[2026-07-25 04:50:37,129] 172 root - INFO -   [Client 49] loss=0.1675 acc=0.9775
[2026-07-25 04:50:38,253] 172 root - INFO -   [Client 48] loss=0.0620 acc=0.9858
[2026-07-25 04:50:39,296] 172 root - INFO -   [Client 21] loss=0.9604 acc=0.7548
[2026-07-25 04:50:44,208] 172 root - INFO -   [Client 20] loss=0.1345 acc=0.9626
[2026-07-25 04:50:52,431] 172 root - INFO -   [Client 34] loss=0.0201 acc=0.9959
[2026-07-25 04:50:59,827] 172 root - INFO -   [Client 5] loss=0.0155 acc=0.9958
[2026-07-25 04:51:02,100] 172 root - INFO -   [Client 8] loss=0.0333 acc=0.9931
[2026-07-25 04:51:12,766] 172 root - INFO -   [Client 9] loss=0.0916 acc=0.9744
[2026-07-25 04:51:15,299] 172 root - INFO -   [Client 14] loss=0.0596 acc=0.9837
[2026-07-25 04:51:16,836] 172 root - INFO -   [Client 24] loss=0.3927 acc=0.8963
[2026-07-25 04:51:17,670] 172 root - INFO -   [Client 36] loss=1.1746 acc=0.7273
[2026-07-25 04:51:19,414] 172 root - INFO -   [Client 13] loss=0.7223 acc=0.8421
[2026-07-25 04:51:25,806] 172 root - INFO -   [Client 46] loss=0.0551 acc=0.9859
[2026-07-25 04:51:29,024] 172 root - INFO -   [Client 32] loss=0.0729 acc=0.9816
[2026-07-25 04:51:29,039] 190 root - INFO - [Pipeline] Round 30 aggregated — flagged=0, min_trust=0.0000, max_trust=0.0000
[2026-07-25 04:51:34,220] 81 root - INFO - [Server] Round 30 — loss=0.0631, macro_f1=0.6498, acc=0.9803, fpr=0.0047
[2026-07-25 04:51:34,282] 205 root - INFO - [Pipeline] Round 30 eval — macro_f1=0.6498, acc=0.9803, loss=0.0631
[2026-07-25 04:51:34,308] 223 root - INFO - [Pipeline] Final global model saved to C:\Users\rauna\Videos\FL IDS\artifacts\models\fl_global_model_fedavg_label_flip_00pct.pth
[2026-07-25 04:51:34,309] 28 root - INFO - [Experiment] strategy=trimmed_mean attack=label_flip ratio=0.0
[2026-07-25 04:51:34,311] 127 root - INFO - [Pipeline] Phase 1 — no malicious clients (attacker_ratio=0.0).
[2026-07-25 04:51:34,318] 33 root - INFO - [Server] Loaded baseline checkpoint from C:\Users\rauna\Videos\FL IDS\artifacts\models\baseline_mlp.pth
[2026-07-25 04:51:34,321] 33 root - INFO - [Server] Loaded baseline checkpoint from C:\Users\rauna\Videos\FL IDS\artifacts\models\baseline_mlp.pth
[2026-07-25 04:51:34,322] 131 root - INFO - [Pipeline] Strategy: trimmed_mean
[2026-07-25 04:51:34,324] 137 root - INFO - [Pipeline] Starting FL loop — 50 clients, 20 per round, 30 rounds.
[2026-07-25 04:51:34,324] 145 root - INFO - 
[Pipeline] ===== Round 1/30 =====
[2026-07-25 04:51:50,332] 172 root - INFO -   [Client 40] loss=0.2169 acc=0.9389
[2026-07-25 04:51:53,297] 172 root - INFO -   [Client 7] loss=0.9431 acc=0.7961
[2026-07-25 04:51:55,340] 172 root - INFO -   [Client 1] loss=1.8241 acc=0.5281
[2026-07-25 04:51:59,188] 172 root - INFO -   [Client 17] loss=0.8319 acc=0.7597
[2026-07-25 04:52:00,001] 172 root - INFO -   [Client 15] loss=1.5761 acc=0.6190
[2026-07-25 04:52:02,585] 172 root - INFO -   [Client 14] loss=1.1334 acc=0.7045
[2026-07-25 04:52:04,793] 172 root - INFO -   [Client 8] loss=1.3863 acc=0.6395
[2026-07-25 04:52:06,245] 172 root - INFO -   [Client 6] loss=1.9998 acc=0.4426
[2026-07-25 04:52:14,505] 172 root - INFO -   [Client 34] loss=0.4932 acc=0.8621
[2026-07-25 04:52:21,759] 172 root - INFO -   [Client 5] loss=0.5452 acc=0.8591
[2026-07-25 04:52:26,523] 172 root - INFO -   [Client 37] loss=0.9201 acc=0.7483
[2026-07-25 04:52:41,282] 172 root - INFO -   [Client 27] loss=0.2315 acc=0.9352
[2026-07-25 04:52:46,154] 172 root - INFO -   [Client 2] loss=0.8198 acc=0.7877
[2026-07-25 04:53:37,367] 172 root - INFO -   [Client 47] loss=0.0727 acc=0.9807
[2026-07-25 04:53:54,908] 172 root - INFO -   [Client 49] loss=0.9437 acc=0.7132
[2026-07-25 04:53:56,467] 172 root - INFO -   [Client 13] loss=1.4505 acc=0.6551
[2026-07-25 04:54:03,361] 172 root - INFO -   [Client 44] loss=0.6797 acc=0.8130
[2026-07-25 04:54:06,723] 172 root - INFO -   [Client 32] loss=1.0928 acc=0.7124
[2026-07-25 04:54:07,563] 172 root - INFO -   [Client 36] loss=2.0357 acc=0.6163
[2026-07-25 04:54:13,923] 172 root - INFO -   [Client 46] loss=0.5742 acc=0.8568
[2026-07-25 04:54:13,957] 190 root - INFO - [Pipeline] Round 1 aggregated — flagged=0, min_trust=0.0000, max_trust=0.0000
[2026-07-25 04:54:18,898] 81 root - INFO - [Server] Round 1 — loss=0.3950, macro_f1=0.3211, acc=0.9177, fpr=0.0287
[2026-07-25 04:54:18,962] 205 root - INFO - [Pipeline] Round 1 eval — macro_f1=0.3211, acc=0.9177, loss=0.3950
[2026-07-25 04:54:18,970] 145 root - INFO - 
[Pipeline] ===== Round 2/30 =====
[2026-07-25 04:54:19,514] 172 root - INFO -   [Client 12] loss=3.7572 acc=0.1449
[2026-07-25 04:54:20,546] 172 root - INFO -   [Client 45] loss=1.4394 acc=0.5912
[2026-07-25 04:54:39,138] 172 root - INFO -   [Client 41] loss=0.0767 acc=0.9809
[2026-07-25 04:54:45,928] 172 root - INFO -   [Client 44] loss=0.1817 acc=0.9458
[2026-07-25 04:54:54,104] 172 root - INFO -   [Client 34] loss=0.1133 acc=0.9676
[2026-07-25 04:54:56,044] 172 root - INFO -   [Client 26] loss=0.6961 acc=0.7938
[2026-07-25 04:54:58,609] 172 root - INFO -   [Client 14] loss=0.3387 acc=0.8957
[2026-07-25 04:55:00,584] 172 root - INFO -   [Client 28] loss=0.8866 acc=0.7538
[2026-07-25 04:55:05,267] 172 root - INFO -   [Client 37] loss=0.3384 acc=0.8970
[2026-07-25 04:55:09,249] 172 root - INFO -   [Client 17] loss=0.1332 acc=0.9594
[2026-07-25 04:55:14,031] 172 root - INFO -   [Client 0] loss=0.1394 acc=0.9570
[2026-07-25 04:55:24,670] 172 root - INFO -   [Client 10] loss=0.0948 acc=0.9741
[2026-07-25 04:55:39,515] 172 root - INFO -   [Client 27] loss=0.0473 acc=0.9874
[2026-07-25 04:55:40,476] 172 root - INFO -   [Client 21] loss=1.0646 acc=0.6616
[2026-07-25 04:55:55,759] 172 root - INFO -   [Client 40] loss=0.0451 acc=0.9887
[2026-07-25 04:56:05,909] 172 root - INFO -   [Client 9] loss=0.1496 acc=0.9650
[2026-07-25 04:56:07,586] 172 root - INFO -   [Client 13] loss=0.9257 acc=0.7313
[2026-07-25 04:56:08,413] 172 root - INFO -   [Client 36] loss=1.3241 acc=0.6332
[2026-07-25 04:56:09,995] 172 root - INFO -   [Client 6] loss=0.8322 acc=0.7257
[2026-07-25 04:56:14,874] 172 root - INFO -   [Client 2] loss=0.1721 acc=0.9503
[2026-07-25 04:56:14,897] 190 root - INFO - [Pipeline] Round 2 aggregated — flagged=0, min_trust=0.0000, max_trust=0.0000
[2026-07-25 04:56:19,774] 81 root - INFO - [Server] Round 2 — loss=0.2042, macro_f1=0.4156, acc=0.9293, fpr=0.0242
[2026-07-25 04:56:19,837] 205 root - INFO - [Pipeline] Round 2 eval — macro_f1=0.4156, acc=0.9293, loss=0.2042
[2026-07-25 04:56:19,838] 145 root - INFO - 
[Pipeline] ===== Round 3/30 =====
[2026-07-25 04:56:21,745] 172 root - INFO -   [Client 24] loss=0.4553 acc=0.8591
[2026-07-25 04:56:23,253] 172 root - INFO -   [Client 6] loss=0.5637 acc=0.8019
[2026-07-25 04:56:28,536] 172 root - INFO -   [Client 22] loss=0.0908 acc=0.9741
[2026-07-25 04:57:19,575] 172 root - INFO -   [Client 47] loss=0.0150 acc=0.9968
[2026-07-25 04:57:21,093] 172 root - INFO -   [Client 38] loss=0.6288 acc=0.8143
[2026-07-25 04:57:56,455] 172 root - INFO -   [Client 16] loss=0.0145 acc=0.9961
[2026-07-25 04:58:01,444] 172 root - INFO -   [Client 2] loss=0.1038 acc=0.9700
[2026-07-25 04:58:04,066] 172 root - INFO -   [Client 29] loss=0.2241 acc=0.9361
[2026-07-25 04:58:12,401] 172 root - INFO -   [Client 34] loss=0.0637 acc=0.9831
[2026-07-25 04:58:15,390] 172 root - INFO -   [Client 7] loss=0.3891 acc=0.9032
[2026-07-25 04:58:32,828] 172 root - INFO -   [Client 49] loss=0.2775 acc=0.9112
[2026-07-25 04:58:40,047] 172 root - INFO -   [Client 5] loss=0.0562 acc=0.9828
[2026-07-25 04:58:43,312] 172 root - INFO -   [Client 35] loss=0.2332 acc=0.9312
[2026-07-25 04:58:55,432] 172 root - INFO -   [Client 18] loss=0.0643 acc=0.9866
[2026-07-25 04:58:59,307] 172 root - INFO -   [Client 23] loss=0.1240 acc=0.9508
[2026-07-25 04:58:59,553] 172 root - INFO -   [Client 12] loss=3.8171 acc=0.3183
[2026-07-25 04:59:00,777] 172 root - INFO -   [Client 4] loss=0.3063 acc=0.9204
[2026-07-25 04:59:16,405] 172 root - INFO -   [Client 43] loss=0.0338 acc=0.9898
[2026-07-25 04:59:19,016] 172 root - INFO -   [Client 14] loss=0.1741 acc=0.9479
[2026-07-25 04:59:20,062] 172 root - INFO -   [Client 39] loss=0.3445 acc=0.8726
[2026-07-25 04:59:20,085] 190 root - INFO - [Pipeline] Round 3 aggregated — flagged=0, min_trust=0.0000, max_trust=0.0000
[2026-07-25 04:59:25,113] 81 root - INFO - [Server] Round 3 — loss=0.1003, macro_f1=0.5935, acc=0.9749, fpr=0.0062
[2026-07-25 04:59:25,176] 205 root - INFO - [Pipeline] Round 3 eval — macro_f1=0.5935, acc=0.9749, loss=0.1003
[2026-07-25 04:59:25,176] 145 root - INFO - 
[Pipeline] ===== Round 4/30 =====
[2026-07-25 04:59:37,921] 172 root - INFO -   [Client 18] loss=0.0559 acc=0.9882
[2026-07-25 04:59:45,350] 172 root - INFO -   [Client 5] loss=0.0401 acc=0.9883
[2026-07-25 04:59:47,982] 172 root - INFO -   [Client 14] loss=0.1035 acc=0.9709
[2026-07-25 04:59:49,566] 172 root - INFO -   [Client 6] loss=0.3913 acc=0.8554
[2026-07-25 04:59:50,994] 172 root - INFO -   [Client 24] loss=0.3578 acc=0.8919
[2026-07-25 04:59:54,857] 172 root - INFO -   [Client 17] loss=0.0524 acc=0.9835
[2026-07-25 04:59:57,416] 172 root - INFO -   [Client 29] loss=0.1572 acc=0.9565
[2026-07-25 05:00:12,607] 172 root - INFO -   [Client 40] loss=0.0178 acc=0.9942
[2026-07-25 05:00:16,584] 172 root - INFO -   [Client 23] loss=0.0974 acc=0.9589
[2026-07-25 05:00:27,148] 172 root - INFO -   [Client 10] loss=0.0387 acc=0.9899
[2026-07-25 05:00:45,735] 172 root - INFO -   [Client 41] loss=0.0420 acc=0.9906
[2026-07-25 05:00:50,926] 172 root - INFO -   [Client 22] loss=0.0627 acc=0.9836
[2026-07-25 05:00:52,642] 172 root - INFO -   [Client 13] loss=0.7607 acc=0.8109
[2026-07-25 05:00:59,418] 172 root - INFO -   [Client 44] loss=0.1007 acc=0.9691
[2026-07-25 05:01:00,467] 172 root - INFO -   [Client 4] loss=0.2242 acc=0.9392
[2026-07-25 05:01:03,309] 172 root - INFO -   [Client 42] loss=0.0963 acc=0.9773
[2026-07-25 05:01:04,097] 172 root - INFO -   [Client 15] loss=0.6566 acc=0.8488
[2026-07-25 05:01:12,315] 172 root - INFO -   [Client 34] loss=0.0462 acc=0.9891
[2026-07-25 05:01:27,218] 172 root - INFO -   [Client 43] loss=0.0226 acc=0.9937
[2026-07-25 05:01:27,457] 172 root - INFO -   [Client 12] loss=4.3039 acc=0.2786
[2026-07-25 05:01:27,480] 190 root - INFO - [Pipeline] Round 4 aggregated — flagged=0, min_trust=0.0000, max_trust=0.0000
[2026-07-25 05:01:32,473] 81 root - INFO - [Server] Round 4 — loss=0.0842, macro_f1=0.6283, acc=0.9778, fpr=0.0056
[2026-07-25 05:01:32,537] 205 root - INFO - [Pipeline] Round 4 eval — macro_f1=0.6283, acc=0.9778, loss=0.0842
[2026-07-25 05:01:32,537] 145 root - INFO - 
[Pipeline] ===== Round 5/30 =====
[2026-07-25 05:01:36,790] 172 root - INFO -   [Client 17] loss=0.0410 acc=0.9871
[2026-07-25 05:01:51,940] 172 root - INFO -   [Client 40] loss=0.0132 acc=0.9955
[2026-07-25 05:01:58,782] 172 root - INFO -   [Client 44] loss=0.0890 acc=0.9724
[2026-07-25 05:02:02,034] 172 root - INFO -   [Client 35] loss=0.1632 acc=0.9546
[2026-07-25 05:02:04,638] 172 root - INFO -   [Client 14] loss=0.0917 acc=0.9747
[2026-07-25 05:02:19,853] 172 root - INFO -   [Client 43] loss=0.0150 acc=0.9959
[2026-07-25 05:02:24,677] 172 root - INFO -   [Client 20] loss=0.2192 acc=0.9392
[2026-07-25 05:02:33,777] 172 root - INFO -   [Client 3] loss=0.0455 acc=0.9901
[2026-07-25 05:02:34,773] 172 root - INFO -   [Client 45] loss=0.7360 acc=0.8517
[2026-07-25 05:02:39,688] 172 root - INFO -   [Client 2] loss=0.0637 acc=0.9836
[2026-07-25 05:03:30,710] 172 root - INFO -   [Client 47] loss=0.0107 acc=0.9977
[2026-07-25 05:03:32,636] 172 root - INFO -   [Client 25] loss=0.1170 acc=0.9705
[2026-07-25 05:03:50,105] 172 root - INFO -   [Client 49] loss=0.2165 acc=0.9529
[2026-07-25 05:03:51,252] 172 root - INFO -   [Client 4] loss=0.2270 acc=0.9425
[2026-07-25 05:03:52,797] 172 root - INFO -   [Client 13] loss=0.7615 acc=0.8180
[2026-07-25 05:03:53,819] 172 root - INFO -   [Client 39] loss=0.2108 acc=0.9181
[2026-07-25 05:04:00,474] 172 root - INFO -   [Client 46] loss=0.0744 acc=0.9827
[2026-07-25 05:04:02,175] 172 root - INFO -   [Client 31] loss=0.4964 acc=0.8445
[2026-07-25 05:04:03,794] 172 root - INFO -   [Client 38] loss=0.5230 acc=0.8584
[2026-07-25 05:04:05,690] 172 root - INFO -   [Client 28] loss=0.4664 acc=0.8808
[2026-07-25 05:04:05,714] 190 root - INFO - [Pipeline] Round 5 aggregated — flagged=0, min_trust=0.0000, max_trust=0.0000
[2026-07-25 05:04:10,641] 81 root - INFO - [Server] Round 5 — loss=0.0861, macro_f1=0.6303, acc=0.9784, fpr=0.0050
[2026-07-25 05:04:10,703] 205 root - INFO - [Pipeline] Round 5 eval — macro_f1=0.6303, acc=0.9784, loss=0.0861
[2026-07-25 05:04:10,704] 145 root - INFO - 
[Pipeline] ===== Round 6/30 =====
[2026-07-25 05:04:29,881] 172 root - INFO -   [Client 41] loss=0.0343 acc=0.9926
[2026-07-25 05:04:32,440] 172 root - INFO -   [Client 29] loss=0.1276 acc=0.9638
[2026-07-25 05:04:42,742] 172 root - INFO -   [Client 9] loss=0.1070 acc=0.9722
[2026-07-25 05:05:17,981] 172 root - INFO -   [Client 16] loss=0.0077 acc=0.9979
[2026-07-25 05:05:20,149] 172 root - INFO -   [Client 8] loss=0.0646 acc=0.9842
[2026-07-25 05:05:20,964] 172 root - INFO -   [Client 15] loss=0.5207 acc=0.8754
[2026-07-25 05:05:24,192] 172 root - INFO -   [Client 35] loss=0.1399 acc=0.9599
[2026-07-25 05:05:32,389] 172 root - INFO -   [Client 34] loss=0.0332 acc=0.9930
[2026-07-25 05:05:38,769] 172 root - INFO -   [Client 46] loss=0.0694 acc=0.9837
[2026-07-25 05:05:43,581] 172 root - INFO -   [Client 37] loss=0.2168 acc=0.9299
[2026-07-25 05:05:58,304] 172 root - INFO -   [Client 27] loss=0.0133 acc=0.9951
[2026-07-25 05:06:13,726] 172 root - INFO -   [Client 40] loss=0.0124 acc=0.9958
[2026-07-25 05:06:15,628] 172 root - INFO -   [Client 25] loss=0.1010 acc=0.9746
[2026-07-25 05:06:19,573] 172 root - INFO -   [Client 23] loss=0.0798 acc=0.9645
[2026-07-25 05:06:22,062] 172 root - INFO -   [Client 14] loss=0.0653 acc=0.9819
[2026-07-25 05:06:23,055] 172 root - INFO -   [Client 45] loss=0.5077 acc=0.8755
[2026-07-25 05:06:26,286] 172 root - INFO -   [Client 32] loss=0.0947 acc=0.9780
[2026-07-25 05:06:28,008] 172 root - INFO -   [Client 31] loss=0.3511 acc=0.8757
[2026-07-25 05:06:35,326] 172 root - INFO -   [Client 5] loss=0.0279 acc=0.9921
[2026-07-25 05:06:36,788] 172 root - INFO -   [Client 24] loss=0.2798 acc=0.9086
[2026-07-25 05:06:36,810] 190 root - INFO - [Pipeline] Round 6 aggregated — flagged=0, min_trust=0.0000, max_trust=0.0000
[2026-07-25 05:06:41,836] 81 root - INFO - [Server] Round 6 — loss=0.0721, macro_f1=0.6542, acc=0.9810, fpr=0.0048
[2026-07-25 05:06:41,898] 205 root - INFO - [Pipeline] Round 6 eval — macro_f1=0.6542, acc=0.9810, loss=0.0721
[2026-07-25 05:06:41,899] 145 root - INFO - 
[Pipeline] ===== Round 7/30 =====
[2026-07-25 05:06:51,412] 172 root - INFO -   [Client 3] loss=0.0393 acc=0.9916
[2026-07-25 05:06:54,474] 172 root - INFO -   [Client 7] loss=0.2156 acc=0.9478
[2026-07-25 05:07:04,761] 172 root - INFO -   [Client 9] loss=0.1030 acc=0.9728
[2026-07-25 05:07:19,910] 172 root - INFO -   [Client 40] loss=0.0106 acc=0.9962
[2026-07-25 05:07:30,528] 172 root - INFO -   [Client 10] loss=0.0243 acc=0.9941
[2026-07-25 05:07:45,534] 172 root - INFO -   [Client 43] loss=0.0117 acc=0.9968
[2026-07-25 05:08:00,272] 172 root - INFO -   [Client 27] loss=0.0117 acc=0.9955
[2026-07-25 05:08:01,888] 172 root - INFO -   [Client 38] loss=0.3754 acc=0.8884
[2026-07-25 05:08:02,939] 172 root - INFO -   [Client 4] loss=0.1593 acc=0.9579
[2026-07-25 05:08:04,373] 172 root - INFO -   [Client 24] loss=0.2701 acc=0.9142
[2026-07-25 05:08:10,939] 172 root - INFO -   [Client 46] loss=0.0660 acc=0.9842
[2026-07-25 05:08:13,715] 172 root - INFO -   [Client 42] loss=0.0693 acc=0.9847
[2026-07-25 05:08:16,247] 172 root - INFO -   [Client 29] loss=0.1208 acc=0.9651
[2026-07-25 05:08:20,889] 172 root - INFO -   [Client 33] loss=0.0278 acc=0.9922
[2026-07-25 05:08:56,643] 172 root - INFO -   [Client 16] loss=0.0066 acc=0.9982
[2026-07-25 05:09:01,663] 172 root - INFO -   [Client 0] loss=0.0203 acc=0.9948
[2026-07-25 05:09:02,820] 172 root - INFO -   [Client 48] loss=0.0528 acc=0.9874
[2026-07-25 05:09:06,756] 172 root - INFO -   [Client 17] loss=0.0339 acc=0.9890
[2026-07-25 05:09:07,700] 172 root - INFO -   [Client 21] loss=0.4851 acc=0.8396
[2026-07-25 05:09:25,100] 172 root - INFO -   [Client 49] loss=0.1960 acc=0.9624
[2026-07-25 05:09:25,123] 190 root - INFO - [Pipeline] Round 7 aggregated — flagged=0, min_trust=0.0000, max_trust=0.0000
[2026-07-25 05:09:30,237] 81 root - INFO - [Server] Round 7 — loss=0.0720, macro_f1=0.6503, acc=0.9810, fpr=0.0048
[2026-07-25 05:09:30,300] 205 root - INFO - [Pipeline] Round 7 eval — macro_f1=0.6503, acc=0.9810, loss=0.0720
[2026-07-25 05:09:30,300] 145 root - INFO - 
[Pipeline] ===== Round 8/30 =====
[2026-07-25 05:09:42,698] 172 root - INFO -   [Client 18] loss=0.0427 acc=0.9911
[2026-07-25 05:09:57,468] 172 root - INFO -   [Client 27] loss=0.0108 acc=0.9958
[2026-07-25 05:10:08,024] 172 root - INFO -   [Client 10] loss=0.0222 acc=0.9947
[2026-07-25 05:10:10,621] 172 root - INFO -   [Client 29] loss=0.1175 acc=0.9663
[2026-07-25 05:10:15,659] 172 root - INFO -   [Client 0] loss=0.0182 acc=0.9954
[2026-07-25 05:10:50,801] 172 root - INFO -   [Client 16] loss=0.0057 acc=0.9984
[2026-07-25 05:10:54,057] 172 root - INFO -   [Client 32] loss=0.0860 acc=0.9797
[2026-07-25 05:11:00,518] 172 root - INFO -   [Client 11] loss=0.1590 acc=0.9485
[2026-07-25 05:11:15,856] 172 root - INFO -   [Client 43] loss=0.0102 acc=0.9973
[2026-07-25 05:11:17,440] 172 root - INFO -   [Client 6] loss=0.3407 acc=0.8780
[2026-07-25 05:11:18,004] 172 root - INFO -   [Client 19] loss=0.1396 acc=0.9608
[2026-07-25 05:11:36,458] 172 root - INFO -   [Client 41] loss=0.0300 acc=0.9936
[2026-07-25 05:11:36,715] 172 root - INFO -   [Client 12] loss=4.1252 acc=0.3024
[2026-07-25 05:11:47,186] 172 root - INFO -   [Client 9] loss=0.1011 acc=0.9730
[2026-07-25 05:11:51,043] 172 root - INFO -   [Client 23] loss=0.0739 acc=0.9664
[2026-07-25 05:12:41,696] 172 root - INFO -   [Client 47] loss=0.0090 acc=0.9982
[2026-07-25 05:12:46,295] 172 root - INFO -   [Client 33] loss=0.0248 acc=0.9930
[2026-07-25 05:12:47,222] 172 root - INFO -   [Client 45] loss=0.5865 acc=0.8825
[2026-07-25 05:12:52,207] 172 root - INFO -   [Client 20] loss=0.1839 acc=0.9481
[2026-07-25 05:12:52,994] 172 root - INFO -   [Client 15] loss=0.7216 acc=0.8415
[2026-07-25 05:12:53,025] 190 root - INFO - [Pipeline] Round 8 aggregated — flagged=0, min_trust=0.0000, max_trust=0.0000
[2026-07-25 05:12:57,941] 81 root - INFO - [Server] Round 8 — loss=0.0677, macro_f1=0.6533, acc=0.9812, fpr=0.0048
[2026-07-25 05:12:58,004] 205 root - INFO - [Pipeline] Round 8 eval — macro_f1=0.6533, acc=0.9812, loss=0.0677
[2026-07-25 05:12:58,005] 145 root - INFO - 
[Pipeline] ===== Round 9/30 =====
[2026-07-25 05:13:00,362] 172 root - INFO -   [Client 1] loss=0.2191 acc=0.9254
[2026-07-25 05:13:03,339] 172 root - INFO -   [Client 7] loss=0.2149 acc=0.9509
[2026-07-25 05:13:07,233] 172 root - INFO -   [Client 23] loss=0.0734 acc=0.9662
[2026-07-25 05:13:07,779] 172 root - INFO -   [Client 19] loss=0.1349 acc=0.9621
[2026-07-25 05:13:08,675] 172 root - INFO -   [Client 15] loss=0.7345 acc=0.8351
[2026-07-25 05:13:17,697] 172 root - INFO -   [Client 3] loss=0.0356 acc=0.9924
[2026-07-25 05:13:18,610] 172 root - INFO -   [Client 45] loss=0.5517 acc=0.8807
[2026-07-25 05:13:19,468] 172 root - INFO -   [Client 36] loss=0.9609 acc=0.7446
[2026-07-25 05:13:26,859] 172 root - INFO -   [Client 5] loss=0.0211 acc=0.9940
[2026-07-25 05:13:45,517] 172 root - INFO -   [Client 41] loss=0.0290 acc=0.9938
[2026-07-25 05:13:47,227] 172 root - INFO -   [Client 31] loss=0.4108 acc=0.8703
[2026-07-25 05:13:48,379] 172 root - INFO -   [Client 4] loss=0.1564 acc=0.9601
[2026-07-25 05:13:56,503] 172 root - INFO -   [Client 34] loss=0.0263 acc=0.9945
[2026-07-25 05:13:58,734] 172 root - INFO -   [Client 8] loss=0.0607 acc=0.9849
[2026-07-25 05:14:01,605] 172 root - INFO -   [Client 42] loss=0.0635 acc=0.9857
[2026-07-25 05:14:03,580] 172 root - INFO -   [Client 30] loss=0.0455 acc=0.9894
[2026-07-25 05:14:14,114] 172 root - INFO -   [Client 10] loss=0.0211 acc=0.9950
[2026-07-25 05:14:49,746] 172 root - INFO -   [Client 16] loss=0.0053 acc=0.9985
[2026-07-25 05:15:04,484] 172 root - INFO -   [Client 27] loss=0.0099 acc=0.9961
[2026-07-25 05:15:09,158] 172 root - INFO -   [Client 37] loss=0.2009 acc=0.9334
[2026-07-25 05:15:09,188] 190 root - INFO - [Pipeline] Round 9 aggregated — flagged=0, min_trust=0.0000, max_trust=0.0000
[2026-07-25 05:15:14,121] 81 root - INFO - [Server] Round 9 — loss=0.0674, macro_f1=0.6568, acc=0.9810, fpr=0.0047
[2026-07-25 05:15:14,183] 205 root - INFO - [Pipeline] Round 9 eval — macro_f1=0.6568, acc=0.9810, loss=0.0674
[2026-07-25 05:15:14,184] 145 root - INFO - 
[Pipeline] ===== Round 10/30 =====
[2026-07-25 05:15:16,210] 172 root - INFO -   [Client 13] loss=0.5401 acc=0.8710
[2026-07-25 05:15:24,433] 172 root - INFO -   [Client 34] loss=0.0257 acc=0.9946
[2026-07-25 05:15:30,869] 172 root - INFO -   [Client 46] loss=0.0619 acc=0.9848
[2026-07-25 05:15:37,670] 172 root - INFO -   [Client 44] loss=0.0748 acc=0.9756
[2026-07-25 05:15:37,912] 172 root - INFO -   [Client 12] loss=3.1158 acc=0.4039
[2026-07-25 05:15:38,463] 172 root - INFO -   [Client 19] loss=0.1256 acc=0.9638
[2026-07-25 05:15:40,442] 172 root - INFO -   [Client 25] loss=0.0829 acc=0.9785
[2026-07-25 05:15:43,291] 172 root - INFO -   [Client 42] loss=0.0626 acc=0.9858
[2026-07-25 05:16:01,723] 172 root - INFO -   [Client 41] loss=0.0286 acc=0.9939
[2026-07-25 05:16:05,614] 172 root - INFO -   [Client 23] loss=0.0691 acc=0.9677
[2026-07-25 05:16:07,618] 172 root - INFO -   [Client 28] loss=0.2581 acc=0.9236
[2026-07-25 05:16:12,167] 172 root - INFO -   [Client 33] loss=0.0232 acc=0.9935
[2026-07-25 05:16:13,276] 172 root - INFO -   [Client 39] loss=0.1375 acc=0.9415
[2026-07-25 05:16:16,252] 172 root - INFO -   [Client 7] loss=0.1572 acc=0.9618
[2026-07-25 05:16:17,038] 172 root - INFO -   [Client 15] loss=0.6180 acc=0.8546
[2026-07-25 05:16:19,606] 172 root - INFO -   [Client 14] loss=0.0616 acc=0.9829
[2026-07-25 05:16:20,646] 172 root - INFO -   [Client 4] loss=0.0951 acc=0.9740
[2026-07-25 05:16:21,590] 172 root - INFO -   [Client 21] loss=0.4798 acc=0.8408
[2026-07-25 05:16:23,552] 172 root - INFO -   [Client 1] loss=0.2156 acc=0.9264
[2026-07-25 05:16:35,613] 172 root - INFO -   [Client 18] loss=0.0414 acc=0.9914
[2026-07-25 05:16:35,636] 190 root - INFO - [Pipeline] Round 10 aggregated — flagged=0, min_trust=0.0000, max_trust=0.0000
[2026-07-25 05:16:40,668] 81 root - INFO - [Server] Round 10 — loss=0.0734, macro_f1=0.5958, acc=0.9809, fpr=0.0049
[2026-07-25 05:16:40,732] 205 root - INFO - [Pipeline] Round 10 eval — macro_f1=0.5958, acc=0.9809, loss=0.0734
[2026-07-25 05:16:40,733] 145 root - INFO - 
[Pipeline] ===== Round 11/30 =====
[2026-07-25 05:16:44,299] 172 root - INFO -   [Client 35] loss=0.1203 acc=0.9642
[2026-07-25 05:16:46,930] 172 root - INFO -   [Client 14] loss=0.0531 acc=0.9849
[2026-07-25 05:16:51,712] 172 root - INFO -   [Client 37] loss=0.1967 acc=0.9343
[2026-07-25 05:16:52,841] 172 root - INFO -   [Client 48] loss=0.0380 acc=0.9914
[2026-07-25 05:16:57,837] 172 root - INFO -   [Client 0] loss=0.0157 acc=0.9962
[2026-07-25 05:16:58,885] 172 root - INFO -   [Client 4] loss=0.0877 acc=0.9756
[2026-07-25 05:17:14,095] 172 root - INFO -   [Client 40] loss=0.0088 acc=0.9968
[2026-07-25 05:17:23,296] 172 root - INFO -   [Client 3] loss=0.0347 acc=0.9926
[2026-07-25 05:17:29,720] 172 root - INFO -   [Client 46] loss=0.0611 acc=0.9848
[2026-07-25 05:17:36,472] 172 root - INFO -   [Client 44] loss=0.0740 acc=0.9758
[2026-07-25 05:17:41,477] 172 root - INFO -   [Client 2] loss=0.0484 acc=0.9873
[2026-07-25 05:17:42,440] 172 root - INFO -   [Client 21] loss=0.3637 acc=0.8703
[2026-07-25 05:17:57,730] 172 root - INFO -   [Client 43] loss=0.0089 acc=0.9975
[2026-07-25 05:18:00,967] 172 root - INFO -   [Client 32] loss=0.0817 acc=0.9800
[2026-07-25 05:18:01,852] 172 root - INFO -   [Client 15] loss=0.4644 acc=0.8894
[2026-07-25 05:18:05,698] 172 root - INFO -   [Client 17] loss=0.0288 acc=0.9902
[2026-07-25 05:18:07,415] 172 root - INFO -   [Client 31] loss=0.2750 acc=0.8937
[2026-07-25 05:18:09,083] 172 root - INFO -   [Client 13] loss=0.4131 acc=0.8902
[2026-07-25 05:18:11,308] 172 root - INFO -   [Client 8] loss=0.0475 acc=0.9889
[2026-07-25 05:18:15,238] 172 root - INFO -   [Client 23] loss=0.0681 acc=0.9683
[2026-07-25 05:18:15,260] 190 root - INFO - [Pipeline] Round 11 aggregated — flagged=0, min_trust=0.0000, max_trust=0.0000
[2026-07-25 05:18:20,143] 81 root - INFO - [Server] Round 11 — loss=0.0657, macro_f1=0.5973, acc=0.9809, fpr=0.0048
[2026-07-25 05:18:20,206] 205 root - INFO - [Pipeline] Round 11 eval — macro_f1=0.5973, acc=0.9809, loss=0.0657
[2026-07-25 05:18:20,206] 145 root - INFO - 
[Pipeline] ===== Round 12/30 =====
[2026-07-25 05:18:21,441] 172 root - INFO -   [Client 36] loss=0.6619 acc=0.8002
[2026-07-25 05:18:39,033] 172 root - INFO -   [Client 49] loss=0.1788 acc=0.9735
[2026-07-25 05:18:40,983] 172 root - INFO -   [Client 30] loss=0.0421 acc=0.9901
[2026-07-25 05:18:41,791] 172 root - INFO -   [Client 15] loss=0.4578 acc=0.8882
[2026-07-25 05:19:32,566] 172 root - INFO -   [Client 47] loss=0.0083 acc=0.9983
[2026-07-25 05:19:34,563] 172 root - INFO -   [Client 26] loss=0.2724 acc=0.9317
[2026-07-25 05:19:34,818] 172 root - INFO -   [Client 12] loss=2.4482 acc=0.4905
[2026-07-25 05:19:36,406] 172 root - INFO -   [Client 6] loss=0.2451 acc=0.9020
[2026-07-25 05:19:39,269] 172 root - INFO -   [Client 42] loss=0.0616 acc=0.9859
[2026-07-25 05:19:54,133] 172 root - INFO -   [Client 27] loss=0.0094 acc=0.9963
[2026-07-25 05:19:59,252] 172 root - INFO -   [Client 22] loss=0.0337 acc=0.9915
[2026-07-25 05:20:14,540] 172 root - INFO -   [Client 40] loss=0.0085 acc=0.9968
[2026-07-25 05:20:21,422] 172 root - INFO -   [Client 44] loss=0.0730 acc=0.9760
[2026-07-25 05:20:24,026] 172 root - INFO -   [Client 29] loss=0.1098 acc=0.9676
[2026-07-25 05:20:33,113] 172 root - INFO -   [Client 3] loss=0.0340 acc=0.9928
[2026-07-25 05:20:51,798] 172 root - INFO -   [Client 41] loss=0.0280 acc=0.9941
[2026-07-25 05:20:55,023] 172 root - INFO -   [Client 35] loss=0.1186 acc=0.9644
[2026-07-25 05:20:56,955] 172 root - INFO -   [Client 25] loss=0.0791 acc=0.9792
[2026-07-25 05:20:58,005] 172 root - INFO -   [Client 21] loss=0.3896 acc=0.8628
[2026-07-25 05:21:01,270] 172 root - INFO -   [Client 32] loss=0.0804 acc=0.9803
[2026-07-25 05:21:01,292] 190 root - INFO - [Pipeline] Round 12 aggregated — flagged=0, min_trust=0.0000, max_trust=0.0000
[2026-07-25 05:21:06,267] 81 root - INFO - [Server] Round 12 — loss=0.0686, macro_f1=0.6570, acc=0.9814, fpr=0.0048
[2026-07-25 05:21:06,330] 205 root - INFO - [Pipeline] Round 12 eval — macro_f1=0.6570, acc=0.9814, loss=0.0686
[2026-07-25 05:21:06,330] 145 root - INFO - 
[Pipeline] ===== Round 13/30 =====
[2026-07-25 05:21:08,212] 172 root - INFO -   [Client 6] loss=0.2266 acc=0.9058
[2026-07-25 05:21:09,144] 172 root - INFO -   [Client 15] loss=0.4197 acc=0.8941
[2026-07-25 05:21:09,395] 172 root - INFO -   [Client 12] loss=2.3522 acc=0.5000
[2026-07-25 05:22:00,733] 172 root - INFO -   [Client 47] loss=0.0082 acc=0.9984
[2026-07-25 05:22:08,971] 172 root - INFO -   [Client 34] loss=0.0243 acc=0.9949
[2026-07-25 05:22:10,971] 172 root - INFO -   [Client 28] loss=0.2054 acc=0.9336
[2026-07-25 05:22:13,045] 172 root - INFO -   [Client 8] loss=0.0475 acc=0.9892
[2026-07-25 05:22:27,923] 172 root - INFO -   [Client 27] loss=0.0094 acc=0.9963
[2026-07-25 05:22:34,395] 172 root - INFO -   [Client 11] loss=0.1501 acc=0.9499
[2026-07-25 05:22:38,368] 172 root - INFO -   [Client 17] loss=0.0276 acc=0.9905
[2026-07-25 05:22:40,811] 172 root - INFO -   [Client 29] loss=0.1069 acc=0.9677
[2026-07-25 05:22:42,031] 172 root - INFO -   [Client 48] loss=0.0444 acc=0.9891
[2026-07-25 05:22:43,079] 172 root - INFO -   [Client 4] loss=0.0976 acc=0.9728
[2026-07-25 05:22:49,775] 172 root - INFO -   [Client 44] loss=0.0721 acc=0.9762
[2026-07-25 05:22:53,163] 172 root - INFO -   [Client 35] loss=0.1159 acc=0.9652
[2026-07-25 05:23:10,553] 172 root - INFO -   [Client 49] loss=0.1773 acc=0.9730
[2026-07-25 05:23:19,732] 172 root - INFO -   [Client 3] loss=0.0337 acc=0.9928
[2026-07-25 05:23:24,640] 172 root - INFO -   [Client 0] loss=0.0145 acc=0.9963
[2026-07-25 05:23:31,871] 172 root - INFO -   [Client 5] loss=0.0195 acc=0.9944
[2026-07-25 05:23:33,011] 172 root - INFO -   [Client 39] loss=0.1276 acc=0.9436
[2026-07-25 05:23:33,033] 190 root - INFO - [Pipeline] Round 13 aggregated — flagged=0, min_trust=0.0000, max_trust=0.0000
[2026-07-25 05:23:37,928] 81 root - INFO - [Server] Round 13 — loss=0.0643, macro_f1=0.6626, acc=0.9816, fpr=0.0047
[2026-07-25 05:23:37,990] 205 root - INFO - [Pipeline] Round 13 eval — macro_f1=0.6626, acc=0.9816, loss=0.0643
[2026-07-25 05:23:37,991] 145 root - INFO - 
[Pipeline] ===== Round 14/30 =====
[2026-07-25 05:23:39,461] 172 root - INFO -   [Client 48] loss=0.0349 acc=0.9922
[2026-07-25 05:23:40,252] 172 root - INFO -   [Client 15] loss=0.4225 acc=0.8967
[2026-07-25 05:23:51,009] 172 root - INFO -   [Client 10] loss=0.0186 acc=0.9955
[2026-07-25 05:23:52,924] 172 root - INFO -   [Client 26] loss=0.2554 acc=0.9344
[2026-07-25 05:23:54,719] 172 root - INFO -   [Client 31] loss=0.2674 acc=0.8964
[2026-07-25 05:23:56,657] 172 root - INFO -   [Client 30] loss=0.0411 acc=0.9902
[2026-07-25 05:23:58,235] 172 root - INFO -   [Client 13] loss=0.3934 acc=0.8915
[2026-07-25 05:24:00,199] 172 root - INFO -   [Client 25] loss=0.0762 acc=0.9799
[2026-07-25 05:24:09,297] 172 root - INFO -   [Client 3] loss=0.0330 acc=0.9929
[2026-07-25 05:24:59,465] 172 root - INFO -   [Client 47] loss=0.0080 acc=0.9984
[2026-07-25 05:25:00,990] 172 root - INFO -   [Client 24] loss=0.2221 acc=0.9280
[2026-07-25 05:25:05,843] 172 root - INFO -   [Client 0] loss=0.0137 acc=0.9963
[2026-07-25 05:25:06,854] 172 root - INFO -   [Client 39] loss=0.1208 acc=0.9453
[2026-07-25 05:25:42,379] 172 root - INFO -   [Client 16] loss=0.0048 acc=0.9987
[2026-07-25 05:25:44,831] 172 root - INFO -   [Client 29] loss=0.1053 acc=0.9682
[2026-07-25 05:25:56,844] 172 root - INFO -   [Client 18] loss=0.0401 acc=0.9915
[2026-07-25 05:26:11,518] 172 root - INFO -   [Client 27] loss=0.0091 acc=0.9964
[2026-07-25 05:26:12,570] 172 root - INFO -   [Client 45] loss=0.4025 acc=0.8965
[2026-07-25 05:26:22,653] 172 root - INFO -   [Client 9] loss=0.0965 acc=0.9736
[2026-07-25 05:26:24,133] 172 root - INFO -   [Client 6] loss=0.2262 acc=0.9071
[2026-07-25 05:26:24,156] 190 root - INFO - [Pipeline] Round 14 aggregated — flagged=0, min_trust=0.0000, max_trust=0.0000
[2026-07-25 05:26:29,034] 81 root - INFO - [Server] Round 14 — loss=0.0671, macro_f1=0.6145, acc=0.9814, fpr=0.0047
[2026-07-25 05:26:29,096] 205 root - INFO - [Pipeline] Round 14 eval — macro_f1=0.6145, acc=0.9814, loss=0.0671
[2026-07-25 05:26:29,097] 145 root - INFO - 
[Pipeline] ===== Round 15/30 =====
[2026-07-25 05:26:41,576] 172 root - INFO -   [Client 18] loss=0.0398 acc=0.9916
[2026-07-25 05:26:43,266] 172 root - INFO -   [Client 13] loss=0.3148 acc=0.9057
[2026-07-25 05:26:52,398] 172 root - INFO -   [Client 3] loss=0.0330 acc=0.9929
[2026-07-25 05:26:57,117] 172 root - INFO -   [Client 37] loss=0.1911 acc=0.9352
[2026-07-25 05:27:05,394] 172 root - INFO -   [Client 34] loss=0.0239 acc=0.9950
[2026-07-25 05:27:55,977] 172 root - INFO -   [Client 47] loss=0.0080 acc=0.9984
[2026-07-25 05:28:00,975] 172 root - INFO -   [Client 20] loss=0.1323 acc=0.9597
[2026-07-25 05:28:07,770] 172 root - INFO -   [Client 44] loss=0.0713 acc=0.9763
[2026-07-25 05:28:10,607] 172 root - INFO -   [Client 42] loss=0.0604 acc=0.9861
[2026-07-25 05:28:17,086] 172 root - INFO -   [Client 46] loss=0.0590 acc=0.9851
[2026-07-25 05:28:18,968] 172 root - INFO -   [Client 30] loss=0.0409 acc=0.9902
[2026-07-25 05:28:22,346] 172 root - INFO -   [Client 32] loss=0.0784 acc=0.9805
[2026-07-25 05:28:26,882] 172 root - INFO -   [Client 33] loss=0.0212 acc=0.9939
[2026-07-25 05:28:37,547] 172 root - INFO -   [Client 10] loss=0.0186 acc=0.9955
[2026-07-25 05:28:56,079] 172 root - INFO -   [Client 41] loss=0.0268 acc=0.9943
[2026-07-25 05:28:57,571] 172 root - INFO -   [Client 38] loss=0.2467 acc=0.9210
[2026-07-25 05:29:04,937] 172 root - INFO -   [Client 5] loss=0.0192 acc=0.9946
[2026-07-25 05:29:11,515] 172 root - INFO -   [Client 11] loss=0.1490 acc=0.9500
[2026-07-25 05:29:12,557] 172 root - INFO -   [Client 4] loss=0.0905 acc=0.9749
[2026-07-25 05:29:13,096] 172 root - INFO -   [Client 19] loss=0.1105 acc=0.9679
[2026-07-25 05:29:13,119] 190 root - INFO - [Pipeline] Round 15 aggregated — flagged=0, min_trust=0.0000, max_trust=0.0000
[2026-07-25 05:29:17,998] 81 root - INFO - [Server] Round 15 — loss=0.0615, macro_f1=0.6448, acc=0.9819, fpr=0.0047
[2026-07-25 05:29:18,061] 205 root - INFO - [Pipeline] Round 15 eval — macro_f1=0.6448, acc=0.9819, loss=0.0615
[2026-07-25 05:29:18,061] 145 root - INFO - 
[Pipeline] ===== Round 16/30 =====
[2026-07-25 05:29:19,577] 172 root - INFO -   [Client 4] loss=0.0989 acc=0.9728
[2026-07-25 05:29:34,820] 172 root - INFO -   [Client 43] loss=0.0073 acc=0.9980
[2026-07-25 05:29:35,630] 172 root - INFO -   [Client 15] loss=0.6043 acc=0.8616
[2026-07-25 05:29:37,597] 172 root - INFO -   [Client 25] loss=0.0753 acc=0.9800
[2026-07-25 05:29:40,566] 172 root - INFO -   [Client 7] loss=0.1476 acc=0.9643
[2026-07-25 05:29:41,401] 172 root - INFO -   [Client 36] loss=0.6508 acc=0.8018
[2026-07-25 05:30:32,171] 172 root - INFO -   [Client 47] loss=0.0078 acc=0.9985
[2026-07-25 05:30:36,946] 172 root - INFO -   [Client 37] loss=0.1890 acc=0.9356
[2026-07-25 05:30:38,569] 172 root - INFO -   [Client 38] loss=0.3241 acc=0.9025
[2026-07-25 05:30:43,508] 172 root - INFO -   [Client 2] loss=0.0447 acc=0.9881
[2026-07-25 05:30:44,620] 172 root - INFO -   [Client 39] loss=0.1310 acc=0.9431
[2026-07-25 05:30:52,069] 172 root - INFO -   [Client 5] loss=0.0182 acc=0.9949
[2026-07-25 05:30:54,109] 172 root - INFO -   [Client 26] loss=0.3023 acc=0.9268
[2026-07-25 05:31:00,902] 172 root - INFO -   [Client 44] loss=0.0705 acc=0.9764
[2026-07-25 05:31:05,417] 172 root - INFO -   [Client 33] loss=0.0206 acc=0.9940
[2026-07-25 05:31:10,349] 172 root - INFO -   [Client 20] loss=0.1413 acc=0.9575
[2026-07-25 05:31:45,967] 172 root - INFO -   [Client 16] loss=0.0044 acc=0.9988
[2026-07-25 05:31:47,545] 172 root - INFO -   [Client 13] loss=0.4348 acc=0.8845
[2026-07-25 05:31:55,753] 172 root - INFO -   [Client 34] loss=0.0229 acc=0.9952
[2026-07-25 05:31:56,646] 172 root - INFO -   [Client 45] loss=0.4291 acc=0.8916
[2026-07-25 05:31:56,668] 190 root - INFO - [Pipeline] Round 16 aggregated — flagged=0, min_trust=0.0000, max_trust=0.0000
[2026-07-25 05:32:01,741] 81 root - INFO - [Server] Round 16 — loss=0.0697, macro_f1=0.5999, acc=0.9809, fpr=0.0049
[2026-07-25 05:32:01,803] 205 root - INFO - [Pipeline] Round 16 eval — macro_f1=0.5999, acc=0.9809, loss=0.0697
[2026-07-25 05:32:01,811] 145 root - INFO - 
[Pipeline] ===== Round 17/30 =====
[2026-07-25 05:32:37,877] 172 root - INFO -   [Client 16] loss=0.0043 acc=0.9988
[2026-07-25 05:32:39,731] 172 root - INFO -   [Client 25] loss=0.0748 acc=0.9801
[2026-07-25 05:32:41,945] 172 root - INFO -   [Client 8] loss=0.0368 acc=0.9920
[2026-07-25 05:32:44,820] 172 root - INFO -   [Client 42] loss=0.0586 acc=0.9863
[2026-07-25 05:33:03,413] 172 root - INFO -   [Client 41] loss=0.0263 acc=0.9945
[2026-07-25 05:33:03,983] 172 root - INFO -   [Client 19] loss=0.1082 acc=0.9686
[2026-07-25 05:33:06,490] 172 root - INFO -   [Client 29] loss=0.1040 acc=0.9686
[2026-07-25 05:33:11,395] 172 root - INFO -   [Client 20] loss=0.1208 acc=0.9627
[2026-07-25 05:33:12,447] 172 root - INFO -   [Client 4] loss=0.0655 acc=0.9817
[2026-07-25 05:33:17,295] 172 root - INFO -   [Client 0] loss=0.0126 acc=0.9967
[2026-07-25 05:33:32,592] 172 root - INFO -   [Client 43] loss=0.0070 acc=0.9980
[2026-07-25 05:33:33,455] 172 root - INFO -   [Client 36] loss=0.4265 acc=0.8519
[2026-07-25 05:33:35,059] 172 root - INFO -   [Client 6] loss=0.2128 acc=0.9104
[2026-07-25 05:33:35,935] 172 root - INFO -   [Client 45] loss=0.3745 acc=0.8926
[2026-07-25 05:33:44,149] 172 root - INFO -   [Client 34] loss=0.0230 acc=0.9952
[2026-07-25 05:33:45,731] 172 root - INFO -   [Client 13] loss=0.2587 acc=0.9165
[2026-07-25 05:33:49,070] 172 root - INFO -   [Client 32] loss=0.0771 acc=0.9806
[2026-07-25 05:34:06,541] 172 root - INFO -   [Client 49] loss=0.1731 acc=0.9746
[2026-07-25 05:34:57,593] 172 root - INFO -   [Client 47] loss=0.0078 acc=0.9985
[2026-07-25 05:34:58,614] 172 root - INFO -   [Client 39] loss=0.1158 acc=0.9465
[2026-07-25 05:34:58,636] 190 root - INFO - [Pipeline] Round 17 aggregated — flagged=0, min_trust=0.0000, max_trust=0.0000
[2026-07-25 05:35:03,452] 81 root - INFO - [Server] Round 17 — loss=0.0648, macro_f1=0.5908, acc=0.9796, fpr=0.0048
[2026-07-25 05:35:03,519] 205 root - INFO - [Pipeline] Round 17 eval — macro_f1=0.5908, acc=0.9796, loss=0.0648
[2026-07-25 05:35:03,520] 145 root - INFO - 
[Pipeline] ===== Round 18/30 =====
[2026-07-25 05:35:09,010] 172 root - INFO -   [Client 22] loss=0.0309 acc=0.9920
[2026-07-25 05:35:10,043] 172 root - INFO -   [Client 4] loss=0.0621 acc=0.9829
[2026-07-25 05:35:10,834] 172 root - INFO -   [Client 15] loss=0.4405 acc=0.8961
[2026-07-25 05:35:14,749] 172 root - INFO -   [Client 23] loss=0.0635 acc=0.9697
[2026-07-25 05:35:26,909] 172 root - INFO -   [Client 18] loss=0.0388 acc=0.9918
[2026-07-25 05:35:37,493] 172 root - INFO -   [Client 10] loss=0.0174 acc=0.9959
[2026-07-25 05:35:39,476] 172 root - INFO -   [Client 28] loss=0.1588 acc=0.9432
[2026-07-25 05:35:47,659] 172 root - INFO -   [Client 34] loss=0.0224 acc=0.9954
[2026-07-25 05:35:48,305] 172 root - INFO -   [Client 19] loss=0.1062 acc=0.9690
[2026-07-25 05:35:49,321] 172 root - INFO -   [Client 39] loss=0.1151 acc=0.9470
[2026-07-25 05:35:53,894] 172 root - INFO -   [Client 33] loss=0.0207 acc=0.9940
[2026-07-25 05:35:58,795] 172 root - INFO -   [Client 0] loss=0.0125 acc=0.9968
[2026-07-25 05:36:02,048] 172 root - INFO -   [Client 35] loss=0.1090 acc=0.9663
[2026-07-25 05:36:20,460] 172 root - INFO -   [Client 41] loss=0.0262 acc=0.9945
[2026-07-25 05:36:22,041] 172 root - INFO -   [Client 6] loss=0.2106 acc=0.9112
[2026-07-25 05:36:24,170] 172 root - INFO -   [Client 8] loss=0.0350 acc=0.9922
[2026-07-25 05:36:59,854] 172 root - INFO -   [Client 16] loss=0.0043 acc=0.9988
[2026-07-25 05:37:02,813] 172 root - INFO -   [Client 7] loss=0.1042 acc=0.9734
[2026-07-25 05:37:07,609] 172 root - INFO -   [Client 37] loss=0.1874 acc=0.9357
[2026-07-25 05:37:14,011] 172 root - INFO -   [Client 46] loss=0.0578 acc=0.9854
[2026-07-25 05:37:14,033] 190 root - INFO - [Pipeline] Round 18 aggregated — flagged=0, min_trust=0.0000, max_trust=0.0000
[2026-07-25 05:37:19,000] 81 root - INFO - [Server] Round 18 — loss=0.0620, macro_f1=0.6657, acc=0.9819, fpr=0.0046
[2026-07-25 05:37:19,063] 205 root - INFO - [Pipeline] Round 18 eval — macro_f1=0.6657, acc=0.9819, loss=0.0620
[2026-07-25 05:37:19,063] 145 root - INFO - 
[Pipeline] ===== Round 19/30 =====
[2026-07-25 05:37:22,659] 172 root - INFO -   [Client 35] loss=0.1074 acc=0.9670
[2026-07-25 05:37:32,797] 172 root - INFO -   [Client 9] loss=0.0946 acc=0.9740
[2026-07-25 05:37:36,776] 172 root - INFO -   [Client 17] loss=0.0256 acc=0.9908
[2026-07-25 05:37:48,589] 172 root - INFO -   [Client 18] loss=0.0385 acc=0.9918
[2026-07-25 05:37:50,182] 172 root - INFO -   [Client 38] loss=0.2673 acc=0.9158
[2026-07-25 05:37:51,837] 172 root - INFO -   [Client 13] loss=0.2974 acc=0.9094
[2026-07-25 05:37:52,783] 172 root - INFO -   [Client 21] loss=0.3575 acc=0.8710
[2026-07-25 05:37:59,609] 172 root - INFO -   [Client 44] loss=0.0692 acc=0.9768
[2026-07-25 05:38:14,905] 172 root - INFO -   [Client 40] loss=0.0074 acc=0.9971
[2026-07-25 05:38:50,296] 172 root - INFO -   [Client 16] loss=0.0042 acc=0.9988
[2026-07-25 05:38:53,548] 172 root - INFO -   [Client 32] loss=0.0759 acc=0.9810
[2026-07-25 05:38:55,342] 172 root - INFO -   [Client 31] loss=0.2316 acc=0.9045
[2026-07-25 05:39:14,032] 172 root - INFO -   [Client 41] loss=0.0259 acc=0.9945
[2026-07-25 05:39:23,278] 172 root - INFO -   [Client 3] loss=0.0312 acc=0.9934
[2026-07-25 05:39:30,561] 172 root - INFO -   [Client 5] loss=0.0178 acc=0.9950
[2026-07-25 05:39:45,313] 172 root - INFO -   [Client 27] loss=0.0084 acc=0.9967
[2026-07-25 05:40:35,695] 172 root - INFO -   [Client 47] loss=0.0077 acc=0.9985
[2026-07-25 05:40:40,693] 172 root - INFO -   [Client 2] loss=0.0436 acc=0.9885
[2026-07-25 05:40:45,546] 172 root - INFO -   [Client 0] loss=0.0121 acc=0.9968
[2026-07-25 05:40:56,250] 172 root - INFO -   [Client 10] loss=0.0171 acc=0.9960
[2026-07-25 05:40:56,273] 190 root - INFO - [Pipeline] Round 19 aggregated — flagged=0, min_trust=0.0000, max_trust=0.0000
[2026-07-25 05:41:01,374] 81 root - INFO - [Server] Round 19 — loss=0.0630, macro_f1=0.6464, acc=0.9800, fpr=0.0047
[2026-07-25 05:41:01,403] 205 root - INFO - [Pipeline] Round 19 eval — macro_f1=0.6464, acc=0.9800, loss=0.0630
[2026-07-25 05:41:01,404] 145 root - INFO - 
[Pipeline] ===== Round 20/30 =====
[2026-07-25 05:41:19,241] 172 root - INFO -   [Client 49] loss=0.1707 acc=0.9751
[2026-07-25 05:41:21,469] 172 root - INFO -   [Client 8] loss=0.0409 acc=0.9905
[2026-07-25 05:41:36,736] 172 root - INFO -   [Client 40] loss=0.0072 acc=0.9972
[2026-07-25 05:42:11,793] 172 root - INFO -   [Client 16] loss=0.0041 acc=0.9989
[2026-07-25 05:42:22,610] 172 root - INFO -   [Client 10] loss=0.0169 acc=0.9960
[2026-07-25 05:42:24,586] 172 root - INFO -   [Client 28] loss=0.2086 acc=0.9342
[2026-07-25 05:42:27,854] 172 root - INFO -   [Client 35] loss=0.1094 acc=0.9661
[2026-07-25 05:42:42,685] 172 root - INFO -   [Client 27] loss=0.0083 acc=0.9967
[2026-07-25 05:42:57,641] 172 root - INFO -   [Client 43] loss=0.0063 acc=0.9982
[2026-07-25 05:43:02,556] 172 root - INFO -   [Client 0] loss=0.0113 acc=0.9971
[2026-07-25 05:43:05,506] 172 root - INFO -   [Client 7] loss=0.1340 acc=0.9675
[2026-07-25 05:43:06,588] 172 root - INFO -   [Client 4] loss=0.0909 acc=0.9748
[2026-07-25 05:43:16,814] 172 root - INFO -   [Client 9] loss=0.0940 acc=0.9740
[2026-07-25 05:43:25,087] 172 root - INFO -   [Client 34] loss=0.0227 acc=0.9953
[2026-07-25 05:43:29,939] 172 root - INFO -   [Client 2] loss=0.0430 acc=0.9887
[2026-07-25 05:43:33,802] 172 root - INFO -   [Client 23] loss=0.0629 acc=0.9698
[2026-07-25 05:43:38,611] 172 root - INFO -   [Client 37] loss=0.1861 acc=0.9361
[2026-07-25 05:43:41,444] 172 root - INFO -   [Client 42] loss=0.0574 acc=0.9864
[2026-07-25 05:43:42,570] 172 root - INFO -   [Client 48] loss=0.0518 acc=0.9873
[2026-07-25 05:43:44,578] 172 root - INFO -   [Client 1] loss=0.2009 acc=0.9293
[2026-07-25 05:43:44,600] 190 root - INFO - [Pipeline] Round 20 aggregated — flagged=0, min_trust=0.0000, max_trust=0.0000
[2026-07-25 05:43:49,613] 81 root - INFO - [Server] Round 20 — loss=0.0629, macro_f1=0.6588, acc=0.9820, fpr=0.0046
[2026-07-25 05:43:49,675] 205 root - INFO - [Pipeline] Round 20 eval — macro_f1=0.6588, acc=0.9820, loss=0.0629
[2026-07-25 05:43:49,676] 145 root - INFO - 
[Pipeline] ===== Round 21/30 =====
[2026-07-25 05:43:50,500] 172 root - INFO -   [Client 19] loss=0.1105 acc=0.9684
[2026-07-25 05:43:54,462] 172 root - INFO -   [Client 23] loss=0.0619 acc=0.9700
[2026-07-25 05:43:59,468] 172 root - INFO -   [Client 2] loss=0.0425 acc=0.9888
[2026-07-25 05:44:04,616] 172 root - INFO -   [Client 22] loss=0.0301 acc=0.9923
[2026-07-25 05:44:06,203] 172 root - INFO -   [Client 13] loss=0.3593 acc=0.8983
[2026-07-25 05:44:21,352] 172 root - INFO -   [Client 43] loss=0.0062 acc=0.9982
[2026-07-25 05:44:22,258] 172 root - INFO -   [Client 15] loss=0.6654 acc=0.8579
[2026-07-25 05:44:25,049] 172 root - INFO -   [Client 42] loss=0.0572 acc=0.9865
[2026-07-25 05:44:26,667] 172 root - INFO -   [Client 6] loss=0.2339 acc=0.9059
[2026-07-25 05:44:33,046] 172 root - INFO -   [Client 46] loss=0.0569 acc=0.9856
[2026-07-25 05:44:36,308] 172 root - INFO -   [Client 35] loss=0.1077 acc=0.9669
[2026-07-25 05:44:38,350] 172 root - INFO -   [Client 26] loss=0.2461 acc=0.9352
[2026-07-25 05:44:48,591] 172 root - INFO -   [Client 9] loss=0.0938 acc=0.9740
[2026-07-25 05:44:55,376] 172 root - INFO -   [Client 44] loss=0.0685 acc=0.9769
[2026-07-25 05:45:06,006] 172 root - INFO -   [Client 10] loss=0.0168 acc=0.9962
[2026-07-25 05:45:12,593] 172 root - INFO -   [Client 11] loss=0.1460 acc=0.9506
[2026-07-25 05:45:14,208] 172 root - INFO -   [Client 38] loss=0.3262 acc=0.9031
[2026-07-25 05:45:16,098] 172 root - INFO -   [Client 1] loss=0.1993 acc=0.9301
[2026-07-25 05:45:24,297] 172 root - INFO -   [Client 34] loss=0.0219 acc=0.9955
[2026-07-25 05:45:25,411] 172 root - INFO -   [Client 48] loss=0.0431 acc=0.9898
[2026-07-25 05:45:25,436] 190 root - INFO - [Pipeline] Round 21 aggregated — flagged=0, min_trust=0.0000, max_trust=0.0000
[2026-07-25 05:45:30,272] 81 root - INFO - [Server] Round 21 — loss=0.0667, macro_f1=0.6196, acc=0.9794, fpr=0.0048
[2026-07-25 05:45:30,336] 205 root - INFO - [Pipeline] Round 21 eval — macro_f1=0.6196, acc=0.9794, loss=0.0667
[2026-07-25 05:45:30,336] 145 root - INFO - 
[Pipeline] ===== Round 22/30 =====
[2026-07-25 05:45:31,786] 172 root - INFO -   [Client 21] loss=0.2887 acc=0.8902
[2026-07-25 05:45:33,810] 172 root - INFO -   [Client 26] loss=0.1824 acc=0.9468
[2026-07-25 05:45:36,669] 172 root - INFO -   [Client 42] loss=0.0571 acc=0.9865
[2026-07-25 05:45:37,554] 172 root - INFO -   [Client 15] loss=0.4348 acc=0.8980
[2026-07-25 05:45:41,389] 172 root - INFO -   [Client 17] loss=0.0253 acc=0.9909
[2026-07-25 05:45:51,931] 172 root - INFO -   [Client 10] loss=0.0168 acc=0.9961
[2026-07-25 05:45:53,507] 172 root - INFO -   [Client 6] loss=0.2144 acc=0.9101
[2026-07-25 05:45:55,017] 172 root - INFO -   [Client 24] loss=0.2033 acc=0.9321
[2026-07-25 05:46:00,019] 172 root - INFO -   [Client 2] loss=0.0426 acc=0.9887
[2026-07-25 05:46:01,960] 172 root - INFO -   [Client 30] loss=0.0398 acc=0.9902
[2026-07-25 05:46:04,412] 172 root - INFO -   [Client 14] loss=0.0473 acc=0.9858
[2026-07-25 05:46:04,767] 172 root - INFO -   [Client 12] loss=2.2058 acc=0.4838
[2026-07-25 05:46:07,187] 172 root - INFO -   [Client 29] loss=0.0998 acc=0.9691
[2026-07-25 05:46:12,317] 172 root - INFO -   [Client 22] loss=0.0296 acc=0.9924
[2026-07-25 05:46:12,864] 172 root - INFO -   [Client 19] loss=0.1022 acc=0.9703
[2026-07-25 05:46:13,979] 172 root - INFO -   [Client 39] loss=0.1153 acc=0.9463
[2026-07-25 05:46:22,129] 172 root - INFO -   [Client 34] loss=0.0219 acc=0.9955
[2026-07-25 05:46:24,112] 172 root - INFO -   [Client 1] loss=0.1947 acc=0.9307
[2026-07-25 05:46:25,625] 172 root - INFO -   [Client 38] loss=0.2218 acc=0.9281
[2026-07-25 05:46:27,457] 172 root - INFO -   [Client 31] loss=0.2216 acc=0.9042
[2026-07-25 05:46:27,480] 190 root - INFO - [Pipeline] Round 22 aggregated — flagged=0, min_trust=0.0000, max_trust=0.0000
[2026-07-25 05:46:32,309] 81 root - INFO - [Server] Round 22 — loss=0.0713, macro_f1=0.6487, acc=0.9798, fpr=0.0048
[2026-07-25 05:46:32,371] 205 root - INFO - [Pipeline] Round 22 eval — macro_f1=0.6487, acc=0.9798, loss=0.0713
[2026-07-25 05:46:32,372] 145 root - INFO - 
[Pipeline] ===== Round 23/30 =====
[2026-07-25 05:46:33,616] 172 root - INFO -   [Client 21] loss=0.2266 acc=0.9123
[2026-07-25 05:46:37,600] 172 root - INFO -   [Client 17] loss=0.0250 acc=0.9910
[2026-07-25 05:46:38,638] 172 root - INFO -   [Client 4] loss=0.0670 acc=0.9823
[2026-07-25 05:46:39,754] 172 root - INFO -   [Client 48] loss=0.0286 acc=0.9936
[2026-07-25 05:46:44,841] 172 root - INFO -   [Client 22] loss=0.0298 acc=0.9923
[2026-07-25 05:47:03,299] 172 root - INFO -   [Client 41] loss=0.0253 acc=0.9947
[2026-07-25 05:47:06,579] 172 root - INFO -   [Client 32] loss=0.0750 acc=0.9810
[2026-07-25 05:47:08,556] 172 root - INFO -   [Client 25] loss=0.0716 acc=0.9808
[2026-07-25 05:47:16,859] 172 root - INFO -   [Client 34] loss=0.0219 acc=0.9955
[2026-07-25 05:47:34,062] 172 root - INFO -   [Client 49] loss=0.1694 acc=0.9764
[2026-07-25 05:47:36,056] 172 root - INFO -   [Client 1] loss=0.1950 acc=0.9304
[2026-07-25 05:47:39,084] 172 root - INFO -   [Client 7] loss=0.0938 acc=0.9765
[2026-07-25 05:48:14,755] 172 root - INFO -   [Client 16] loss=0.0041 acc=0.9989
[2026-07-25 05:48:21,637] 172 root - INFO -   [Client 11] loss=0.1442 acc=0.9507
[2026-07-25 05:48:26,367] 172 root - INFO -   [Client 37] loss=0.1837 acc=0.9366
[2026-07-25 05:48:31,478] 172 root - INFO -   [Client 2] loss=0.0426 acc=0.9887
[2026-07-25 05:48:33,019] 172 root - INFO -   [Client 6] loss=0.1903 acc=0.9185
[2026-07-25 05:48:47,911] 172 root - INFO -   [Client 27] loss=0.0084 acc=0.9967
[2026-07-25 05:48:48,916] 172 root - INFO -   [Client 45] loss=0.3227 acc=0.8845
[2026-07-25 05:48:52,796] 172 root - INFO -   [Client 23] loss=0.0615 acc=0.9703
[2026-07-25 05:48:52,819] 190 root - INFO - [Pipeline] Round 23 aggregated — flagged=0, min_trust=0.0000, max_trust=0.0000
[2026-07-25 05:48:57,803] 81 root - INFO - [Server] Round 23 — loss=0.0608, macro_f1=0.6596, acc=0.9820, fpr=0.0046
[2026-07-25 05:48:57,866] 205 root - INFO - [Pipeline] Round 23 eval — macro_f1=0.6596, acc=0.9820, loss=0.0608
[2026-07-25 05:48:57,867] 145 root - INFO - 
[Pipeline] ===== Round 24/30 =====
[2026-07-25 05:49:03,146] 172 root - INFO -   [Client 20] loss=0.1179 acc=0.9635
[2026-07-25 05:49:18,193] 172 root - INFO -   [Client 27] loss=0.0081 acc=0.9968
[2026-07-25 05:49:19,876] 172 root - INFO -   [Client 38] loss=0.2324 acc=0.9252
[2026-07-25 05:49:23,110] 172 root - INFO -   [Client 32] loss=0.0746 acc=0.9812
[2026-07-25 05:49:26,123] 172 root - INFO -   [Client 7] loss=0.0984 acc=0.9760
[2026-07-25 05:49:27,569] 172 root - INFO -   [Client 24] loss=0.2046 acc=0.9310
[2026-07-25 05:49:28,542] 172 root - INFO -   [Client 36] loss=0.4529 acc=0.8532
[2026-07-25 05:49:28,791] 172 root - INFO -   [Client 12] loss=2.0708 acc=0.5340
[2026-07-25 05:50:04,415] 172 root - INFO -   [Client 16] loss=0.0039 acc=0.9989
[2026-07-25 05:50:09,306] 172 root - INFO -   [Client 2] loss=0.0419 acc=0.9889
[2026-07-25 05:50:10,562] 172 root - INFO -   [Client 48] loss=0.0333 acc=0.9924
[2026-07-25 05:50:15,443] 172 root - INFO -   [Client 0] loss=0.0109 acc=0.9971
[2026-07-25 05:50:20,086] 172 root - INFO -   [Client 33] loss=0.0196 acc=0.9943
[2026-07-25 05:50:28,212] 172 root - INFO -   [Client 34] loss=0.0218 acc=0.9955
[2026-07-25 05:50:31,126] 172 root - INFO -   [Client 42] loss=0.0568 acc=0.9866
[2026-07-25 05:50:35,119] 172 root - INFO -   [Client 23] loss=0.0611 acc=0.9704
[2026-07-25 05:50:36,131] 172 root - INFO -   [Client 39] loss=0.1130 acc=0.9474
[2026-07-25 05:50:37,191] 172 root - INFO -   [Client 4] loss=0.0587 acc=0.9837
[2026-07-25 05:50:38,231] 172 root - INFO -   [Client 21] loss=0.2879 acc=0.8916
[2026-07-25 05:50:38,773] 172 root - INFO -   [Client 19] loss=0.1036 acc=0.9694
[2026-07-25 05:50:38,796] 190 root - INFO - [Pipeline] Round 24 aggregated — flagged=0, min_trust=0.0000, max_trust=0.0000
[2026-07-25 05:50:43,670] 81 root - INFO - [Server] Round 24 — loss=0.0621, macro_f1=0.6680, acc=0.9819, fpr=0.0047
[2026-07-25 05:50:43,733] 205 root - INFO - [Pipeline] Round 24 eval — macro_f1=0.6680, acc=0.9819, loss=0.0621
[2026-07-25 05:50:43,733] 145 root - INFO - 
[Pipeline] ===== Round 25/30 =====
[2026-07-25 05:50:48,937] 172 root - INFO -   [Client 20] loss=0.1117 acc=0.9648
[2026-07-25 05:50:51,799] 172 root - INFO -   [Client 42] loss=0.0567 acc=0.9866
[2026-07-25 05:50:54,791] 172 root - INFO -   [Client 7] loss=0.0833 acc=0.9792
[2026-07-25 05:51:01,239] 172 root - INFO -   [Client 46] loss=0.0559 acc=0.9857
[2026-07-25 05:51:01,909] 172 root - INFO -   [Client 19] loss=0.1010 acc=0.9705
[2026-07-25 05:51:05,125] 172 root - INFO -   [Client 32] loss=0.0743 acc=0.9811
[2026-07-25 05:51:06,040] 172 root - INFO -   [Client 45] loss=0.3300 acc=0.8905
[2026-07-25 05:51:07,163] 172 root - INFO -   [Client 48] loss=0.0302 acc=0.9934
[2026-07-25 05:51:09,277] 172 root - INFO -   [Client 26] loss=0.1372 acc=0.9569
[2026-07-25 05:51:27,015] 172 root - INFO -   [Client 49] loss=0.1685 acc=0.9728
[2026-07-25 05:51:28,830] 172 root - INFO -   [Client 25] loss=0.0702 acc=0.9811
[2026-07-25 05:51:40,709] 172 root - INFO -   [Client 18] loss=0.0378 acc=0.9919
[2026-07-25 05:51:43,967] 172 root - INFO -   [Client 35] loss=0.1033 acc=0.9679
[2026-07-25 05:51:46,150] 172 root - INFO -   [Client 8] loss=0.0295 acc=0.9936
[2026-07-25 05:51:46,384] 172 root - INFO -   [Client 12] loss=1.5886 acc=0.6241
[2026-07-25 05:52:05,023] 172 root - INFO -   [Client 41] loss=0.0253 acc=0.9947
[2026-07-25 05:52:06,569] 172 root - INFO -   [Client 24] loss=0.1936 acc=0.9341
[2026-07-25 05:52:13,011] 172 root - INFO -   [Client 11] loss=0.1436 acc=0.9507
[2026-07-25 05:52:28,126] 172 root - INFO -   [Client 43] loss=0.0061 acc=0.9983
[2026-07-25 05:52:32,917] 172 root - INFO -   [Client 37] loss=0.1827 acc=0.9368
[2026-07-25 05:52:32,939] 190 root - INFO - [Pipeline] Round 25 aggregated — flagged=0, min_trust=0.0000, max_trust=0.0000
[2026-07-25 05:52:37,757] 81 root - INFO - [Server] Round 25 — loss=0.0726, macro_f1=0.6136, acc=0.9814, fpr=0.0043
[2026-07-25 05:52:37,819] 205 root - INFO - [Pipeline] Round 25 eval — macro_f1=0.6136, acc=0.9814, loss=0.0726
[2026-07-25 05:52:37,820] 145 root - INFO - 
[Pipeline] ===== Round 26/30 =====
[2026-07-25 05:52:41,379] 172 root - INFO -   [Client 35] loss=0.1021 acc=0.9681
[2026-07-25 05:52:46,149] 172 root - INFO -   [Client 0] loss=0.0106 acc=0.9972
[2026-07-25 05:52:46,710] 172 root - INFO -   [Client 19] loss=0.0973 acc=0.9712
[2026-07-25 05:52:58,674] 172 root - INFO -   [Client 18] loss=0.0378 acc=0.9920
[2026-07-25 05:53:00,353] 172 root - INFO -   [Client 13] loss=0.1765 acc=0.9367
[2026-07-25 05:53:15,178] 172 root - INFO -   [Client 27] loss=0.0081 acc=0.9968
[2026-07-25 05:53:19,869] 172 root - INFO -   [Client 37] loss=0.1821 acc=0.9369
[2026-07-25 05:53:21,455] 172 root - INFO -   [Client 38] loss=0.1790 acc=0.9401
[2026-07-25 05:53:40,074] 172 root - INFO -   [Client 41] loss=0.0251 acc=0.9947
[2026-07-25 05:53:45,051] 172 root - INFO -   [Client 20] loss=0.1108 acc=0.9651
[2026-07-25 05:53:47,505] 172 root - INFO -   [Client 29] loss=0.0992 acc=0.9692
[2026-07-25 05:53:49,501] 172 root - INFO -   [Client 28] loss=0.1329 acc=0.9482
[2026-07-25 05:53:52,375] 172 root - INFO -   [Client 42] loss=0.0569 acc=0.9865
[2026-07-25 05:53:53,277] 172 root - INFO -   [Client 45] loss=0.3122 acc=0.8852
[2026-07-25 05:53:56,571] 172 root - INFO -   [Client 32] loss=0.0739 acc=0.9810
[2026-07-25 05:53:58,493] 172 root - INFO -   [Client 30] loss=0.0386 acc=0.9908
[2026-07-25 05:54:09,104] 172 root - INFO -   [Client 10] loss=0.0163 acc=0.9962
[2026-07-25 05:54:16,349] 172 root - INFO -   [Client 5] loss=0.0169 acc=0.9953
[2026-07-25 05:54:22,930] 172 root - INFO -   [Client 46] loss=0.0556 acc=0.9857
[2026-07-25 05:54:58,566] 172 root - INFO -   [Client 16] loss=0.0039 acc=0.9989
[2026-07-25 05:54:58,588] 190 root - INFO - [Pipeline] Round 26 aggregated — flagged=0, min_trust=0.0000, max_trust=0.0000
[2026-07-25 05:55:03,532] 81 root - INFO - [Server] Round 26 — loss=0.0609, macro_f1=0.6486, acc=0.9802, fpr=0.0047
[2026-07-25 05:55:03,594] 205 root - INFO - [Pipeline] Round 26 eval — macro_f1=0.6486, acc=0.9802, loss=0.0609
[2026-07-25 05:55:03,594] 145 root - INFO - 
[Pipeline] ===== Round 27/30 =====
[2026-07-25 05:55:06,787] 172 root - INFO -   [Client 42] loss=0.0564 acc=0.9866
[2026-07-25 05:55:22,030] 172 root - INFO -   [Client 40] loss=0.0069 acc=0.9973
[2026-07-25 05:55:23,046] 172 root - INFO -   [Client 39] loss=0.1128 acc=0.9484
[2026-07-25 05:55:24,001] 172 root - INFO -   [Client 21] loss=0.2769 acc=0.8961
[2026-07-25 05:55:31,287] 172 root - INFO -   [Client 5] loss=0.0166 acc=0.9954
[2026-07-25 05:55:32,077] 172 root - INFO -   [Client 15] loss=0.4860 acc=0.8944
[2026-07-25 05:55:47,114] 172 root - INFO -   [Client 43] loss=0.0059 acc=0.9983
[2026-07-25 05:55:47,658] 172 root - INFO -   [Client 19] loss=0.0995 acc=0.9701
[2026-07-25 05:55:50,279] 172 root - INFO -   [Client 14] loss=0.0466 acc=0.9860
[2026-07-25 05:55:50,513] 172 root - INFO -   [Client 12] loss=1.8140 acc=0.5793
[2026-07-25 05:56:00,726] 172 root - INFO -   [Client 9] loss=0.0922 acc=0.9741
[2026-07-25 05:56:02,729] 172 root - INFO -   [Client 1] loss=0.1923 acc=0.9314
[2026-07-25 05:56:07,761] 172 root - INFO -   [Client 2] loss=0.0414 acc=0.9889
[2026-07-25 05:56:14,487] 172 root - INFO -   [Client 44] loss=0.0672 acc=0.9773
[2026-07-25 05:56:16,402] 172 root - INFO -   [Client 30] loss=0.0372 acc=0.9913
[2026-07-25 05:56:17,452] 172 root - INFO -   [Client 4] loss=0.0564 acc=0.9846
[2026-07-25 05:56:20,008] 172 root - INFO -   [Client 29] loss=0.0988 acc=0.9692
[2026-07-25 05:56:22,074] 172 root - INFO -   [Client 26] loss=0.1554 acc=0.9526
[2026-07-25 05:56:23,293] 172 root - INFO -   [Client 48] loss=0.0320 acc=0.9924
[2026-07-25 05:56:28,446] 172 root - INFO -   [Client 22] loss=0.0291 acc=0.9925
[2026-07-25 05:56:28,469] 190 root - INFO - [Pipeline] Round 27 aggregated — flagged=0, min_trust=0.0000, max_trust=0.0000
[2026-07-25 05:56:33,363] 81 root - INFO - [Server] Round 27 — loss=0.0605, macro_f1=0.6507, acc=0.9802, fpr=0.0048
[2026-07-25 05:56:33,429] 205 root - INFO - [Pipeline] Round 27 eval — macro_f1=0.6507, acc=0.9802, loss=0.0605
[2026-07-25 05:56:33,430] 145 root - INFO - 
[Pipeline] ===== Round 28/30 =====
[2026-07-25 05:56:40,503] 172 root - INFO -   [Client 44] loss=0.0670 acc=0.9774
[2026-07-25 05:56:41,932] 172 root - INFO -   [Client 24] loss=0.1979 acc=0.9327
[2026-07-25 05:56:43,760] 172 root - INFO -   [Client 31] loss=0.1978 acc=0.9131
[2026-07-25 05:56:45,637] 172 root - INFO -   [Client 25] loss=0.0691 acc=0.9813
[2026-07-25 05:56:46,512] 172 root - INFO -   [Client 15] loss=0.3752 acc=0.9125
[2026-07-25 05:56:56,674] 172 root - INFO -   [Client 9] loss=0.0919 acc=0.9741
[2026-07-25 05:57:15,106] 172 root - INFO -   [Client 41] loss=0.0248 acc=0.9948
[2026-07-25 05:57:20,059] 172 root - INFO -   [Client 0] loss=0.0105 acc=0.9972
[2026-07-25 05:57:21,542] 172 root - INFO -   [Client 6] loss=0.2006 acc=0.9154
[2026-07-25 05:57:36,438] 172 root - INFO -   [Client 27] loss=0.0081 acc=0.9968
[2026-07-25 05:57:39,006] 172 root - INFO -   [Client 14] loss=0.0423 acc=0.9869
[2026-07-25 05:57:45,450] 172 root - INFO -   [Client 11] loss=0.1416 acc=0.9510
[2026-07-25 05:57:50,103] 172 root - INFO -   [Client 33] loss=0.0190 acc=0.9944
[2026-07-25 05:57:52,652] 172 root - INFO -   [Client 29] loss=0.0974 acc=0.9697
[2026-07-25 05:58:01,793] 172 root - INFO -   [Client 3] loss=0.0299 acc=0.9936
[2026-07-25 05:58:02,692] 172 root - INFO -   [Client 45] loss=0.3253 acc=0.8911
[2026-07-25 05:58:05,672] 172 root - INFO -   [Client 7] loss=0.0868 acc=0.9787
[2026-07-25 05:58:06,517] 172 root - INFO -   [Client 36] loss=0.3970 acc=0.8664
[2026-07-25 05:58:08,658] 172 root - INFO -   [Client 8] loss=0.0291 acc=0.9937
[2026-07-25 05:58:15,001] 172 root - INFO -   [Client 46] loss=0.0553 acc=0.9857
[2026-07-25 05:58:15,023] 190 root - INFO - [Pipeline] Round 28 aggregated — flagged=0, min_trust=0.0000, max_trust=0.0000
[2026-07-25 05:58:19,891] 81 root - INFO - [Server] Round 28 — loss=0.0667, macro_f1=0.6587, acc=0.9820, fpr=0.0046
[2026-07-25 05:58:19,953] 205 root - INFO - [Pipeline] Round 28 eval — macro_f1=0.6587, acc=0.9820, loss=0.0667
[2026-07-25 05:58:19,954] 145 root - INFO - 
[Pipeline] ===== Round 29/30 =====
[2026-07-25 05:58:22,891] 172 root - INFO -   [Client 29] loss=0.0963 acc=0.9696
[2026-07-25 05:58:25,745] 172 root - INFO -   [Client 42] loss=0.0563 acc=0.9865
[2026-07-25 05:58:30,359] 172 root - INFO -   [Client 33] loss=0.0196 acc=0.9944
[2026-07-25 05:58:33,682] 172 root - INFO -   [Client 35] loss=0.1010 acc=0.9681
[2026-07-25 05:58:35,323] 172 root - INFO -   [Client 38] loss=0.1881 acc=0.9389
[2026-07-25 05:58:40,157] 172 root - INFO -   [Client 20] loss=0.1107 acc=0.9652
[2026-07-25 05:58:42,151] 172 root - INFO -   [Client 28] loss=0.1289 acc=0.9491
[2026-07-25 05:58:43,165] 172 root - INFO -   [Client 39] loss=0.1067 acc=0.9496
[2026-07-25 05:58:46,502] 172 root - INFO -   [Client 32] loss=0.0736 acc=0.9810
[2026-07-25 05:59:01,305] 172 root - INFO -   [Client 27] loss=0.0080 acc=0.9969
[2026-07-25 05:59:08,072] 172 root - INFO -   [Client 46] loss=0.0549 acc=0.9858
[2026-07-25 05:59:23,182] 172 root - INFO -   [Client 43] loss=0.0060 acc=0.9983
[2026-07-25 05:59:34,056] 172 root - INFO -   [Client 10] loss=0.0159 acc=0.9963
[2026-07-25 05:59:36,065] 172 root - INFO -   [Client 30] loss=0.0371 acc=0.9909
[2026-07-25 05:59:36,961] 172 root - INFO -   [Client 45] loss=0.3010 acc=0.8856
[2026-07-25 06:00:12,412] 172 root - INFO -   [Client 16] loss=0.0039 acc=0.9989
[2026-07-25 06:00:13,202] 172 root - INFO -   [Client 15] loss=0.2932 acc=0.9280
[2026-07-25 06:00:17,051] 172 root - INFO -   [Client 17] loss=0.0242 acc=0.9912
[2026-07-25 06:00:18,844] 172 root - INFO -   [Client 31] loss=0.1893 acc=0.9138
[2026-07-25 06:00:25,596] 172 root - INFO -   [Client 44] loss=0.0669 acc=0.9774
[2026-07-25 06:00:25,618] 190 root - INFO - [Pipeline] Round 29 aggregated — flagged=0, min_trust=0.0000, max_trust=0.0000
[2026-07-25 06:00:30,417] 81 root - INFO - [Server] Round 29 — loss=0.0621, macro_f1=0.6487, acc=0.9801, fpr=0.0047
[2026-07-25 06:00:30,484] 205 root - INFO - [Pipeline] Round 29 eval — macro_f1=0.6487, acc=0.9801, loss=0.0621
[2026-07-25 06:00:30,485] 145 root - INFO - 
[Pipeline] ===== Round 30/30 =====
[2026-07-25 06:00:31,541] 172 root - INFO -   [Client 15] loss=0.3371 acc=0.9184
[2026-07-25 06:00:35,583] 172 root - INFO -   [Client 17] loss=0.0241 acc=0.9911
[2026-07-25 06:00:37,452] 172 root - INFO -   [Client 28] loss=0.1299 acc=0.9496
[2026-07-25 06:00:38,599] 172 root - INFO -   [Client 4] loss=0.0534 acc=0.9857
[2026-07-25 06:00:39,493] 172 root - INFO -   [Client 45] loss=0.3121 acc=0.8875
[2026-07-25 06:00:51,319] 172 root - INFO -   [Client 18] loss=0.0374 acc=0.9920
[2026-07-25 06:01:08,766] 172 root - INFO -   [Client 49] loss=0.1662 acc=0.9757
[2026-07-25 06:01:09,903] 172 root - INFO -   [Client 48] loss=0.0292 acc=0.9929
[2026-07-25 06:01:10,843] 172 root - INFO -   [Client 21] loss=0.2440 acc=0.9072
[2026-07-25 06:01:15,823] 172 root - INFO -   [Client 20] loss=0.1091 acc=0.9655
[2026-07-25 06:01:24,077] 172 root - INFO -   [Client 34] loss=0.0211 acc=0.9957
[2026-07-25 06:01:31,367] 172 root - INFO -   [Client 5] loss=0.0162 acc=0.9955
[2026-07-25 06:01:33,608] 172 root - INFO -   [Client 8] loss=0.0275 acc=0.9942
[2026-07-25 06:01:43,775] 172 root - INFO -   [Client 9] loss=0.0914 acc=0.9742
[2026-07-25 06:01:46,395] 172 root - INFO -   [Client 14] loss=0.0430 acc=0.9870
[2026-07-25 06:01:47,821] 172 root - INFO -   [Client 24] loss=0.1934 acc=0.9323
[2026-07-25 06:01:48,752] 172 root - INFO -   [Client 36] loss=0.3756 acc=0.8747
[2026-07-25 06:01:50,306] 172 root - INFO -   [Client 13] loss=0.1908 acc=0.9328
[2026-07-25 06:01:56,784] 172 root - INFO -   [Client 46] loss=0.0549 acc=0.9859
[2026-07-25 06:01:59,964] 172 root - INFO -   [Client 32] loss=0.0734 acc=0.9813
[2026-07-25 06:01:59,986] 190 root - INFO - [Pipeline] Round 30 aggregated — flagged=0, min_trust=0.0000, max_trust=0.0000
[2026-07-25 06:02:04,859] 81 root - INFO - [Server] Round 30 — loss=0.0778, macro_f1=0.6582, acc=0.9795, fpr=0.0045
[2026-07-25 06:02:04,923] 205 root - INFO - [Pipeline] Round 30 eval — macro_f1=0.6582, acc=0.9795, loss=0.0778
[2026-07-25 06:02:04,930] 223 root - INFO - [Pipeline] Final global model saved to C:\Users\rauna\Videos\FL IDS\artifacts\models\fl_global_model_trimmed_mean_label_flip_00pct.pth
[2026-07-25 06:02:04,931] 28 root - INFO - [Experiment] strategy=krum attack=label_flip ratio=0.0
[2026-07-25 06:02:04,932] 127 root - INFO - [Pipeline] Phase 1 — no malicious clients (attacker_ratio=0.0).
[2026-07-25 06:02:04,936] 33 root - INFO - [Server] Loaded baseline checkpoint from C:\Users\rauna\Videos\FL IDS\artifacts\models\baseline_mlp.pth
[2026-07-25 06:02:04,939] 33 root - INFO - [Server] Loaded baseline checkpoint from C:\Users\rauna\Videos\FL IDS\artifacts\models\baseline_mlp.pth
[2026-07-25 06:02:04,939] 131 root - INFO - [Pipeline] Strategy: krum
[2026-07-25 06:02:04,940] 137 root - INFO - [Pipeline] Starting FL loop — 50 clients, 20 per round, 30 rounds.
[2026-07-25 06:02:04,940] 145 root - INFO - 
[Pipeline] ===== Round 1/30 =====
[2026-07-25 06:02:20,875] 172 root - INFO -   [Client 40] loss=0.2197 acc=0.9380
[2026-07-25 06:02:23,880] 172 root - INFO -   [Client 7] loss=0.9468 acc=0.7950
[2026-07-25 06:02:25,916] 172 root - INFO -   [Client 1] loss=1.8144 acc=0.5291
[2026-07-25 06:02:29,694] 172 root - INFO -   [Client 17] loss=0.8307 acc=0.7583
[2026-07-25 06:02:30,590] 172 root - INFO -   [Client 15] loss=1.5776 acc=0.6178
[2026-07-25 06:02:33,183] 172 root - INFO -   [Client 14] loss=1.1396 acc=0.7002
[2026-07-25 06:02:35,279] 172 root - INFO -   [Client 8] loss=1.4015 acc=0.6353
[2026-07-25 06:02:36,859] 172 root - INFO -   [Client 6] loss=2.0195 acc=0.4389
[2026-07-25 06:02:45,014] 172 root - INFO -   [Client 34] loss=0.4948 acc=0.8602
[2026-07-25 06:02:52,507] 172 root - INFO -   [Client 5] loss=0.5414 acc=0.8598
[2026-07-25 06:02:57,175] 172 root - INFO -   [Client 37] loss=0.9160 acc=0.7506
[2026-07-25 06:03:11,965] 172 root - INFO -   [Client 27] loss=0.2264 acc=0.9381
[2026-07-25 06:03:16,941] 172 root - INFO -   [Client 2] loss=0.8247 acc=0.7876
[2026-07-25 06:04:08,010] 172 root - INFO -   [Client 47] loss=0.0717 acc=0.9809
[2026-07-25 06:04:25,399] 172 root - INFO -   [Client 49] loss=0.9500 acc=0.7059
[2026-07-25 06:04:27,120] 172 root - INFO -   [Client 13] loss=1.4458 acc=0.6589
[2026-07-25 06:04:33,890] 172 root - INFO -   [Client 44] loss=0.6856 acc=0.8124
[2026-07-25 06:04:37,209] 172 root - INFO -   [Client 32] loss=1.0998 acc=0.7120
[2026-07-25 06:04:38,059] 172 root - INFO -   [Client 36] loss=2.0285 acc=0.6184
[2026-07-25 06:04:44,540] 172 root - INFO -   [Client 46] loss=0.5777 acc=0.8535
[2026-07-25 06:04:44,583] 190 root - INFO - [Pipeline] Round 1 aggregated — flagged=0, min_trust=0.0000, max_trust=0.0000
[2026-07-25 06:04:49,483] 81 root - INFO - [Server] Round 1 — loss=0.3135, macro_f1=0.3660, acc=0.8903, fpr=0.0124
[2026-07-25 06:04:49,545] 205 root - INFO - [Pipeline] Round 1 eval — macro_f1=0.3660, acc=0.8903, loss=0.3135
[2026-07-25 06:04:49,546] 145 root - INFO - 
[Pipeline] ===== Round 2/30 =====
[2026-07-25 06:04:50,096] 172 root - INFO -   [Client 12] loss=3.1042 acc=0.2457
[2026-07-25 06:04:51,076] 172 root - INFO -   [Client 45] loss=1.3953 acc=0.6582
[2026-07-25 06:05:09,504] 172 root - INFO -   [Client 41] loss=0.1351 acc=0.9715
[2026-07-25 06:05:16,322] 172 root - INFO -   [Client 44] loss=0.2487 acc=0.9338
[2026-07-25 06:05:24,538] 172 root - INFO -   [Client 34] loss=0.1938 acc=0.9512
[2026-07-25 06:05:26,575] 172 root - INFO -   [Client 26] loss=0.5366 acc=0.8512
[2026-07-25 06:05:29,162] 172 root - INFO -   [Client 14] loss=0.2091 acc=0.9378
[2026-07-25 06:05:31,031] 172 root - INFO -   [Client 28] loss=0.6379 acc=0.8215
[2026-07-25 06:05:35,814] 172 root - INFO -   [Client 37] loss=0.4688 acc=0.8725
[2026-07-25 06:05:39,711] 172 root - INFO -   [Client 17] loss=0.2980 acc=0.9228
[2026-07-25 06:05:44,626] 172 root - INFO -   [Client 0] loss=0.2510 acc=0.9371
[2026-07-25 06:05:55,125] 172 root - INFO -   [Client 10] loss=0.1804 acc=0.9600
[2026-07-25 06:06:09,983] 172 root - INFO -   [Client 27] loss=0.0899 acc=0.9817
[2026-07-25 06:06:10,934] 172 root - INFO -   [Client 21] loss=0.9621 acc=0.7464
[2026-07-25 06:06:26,175] 172 root - INFO -   [Client 40] loss=0.0937 acc=0.9818
[2026-07-25 06:06:36,377] 172 root - INFO -   [Client 9] loss=0.2088 acc=0.9581
[2026-07-25 06:06:37,954] 172 root - INFO -   [Client 13] loss=0.8604 acc=0.7743
[2026-07-25 06:06:38,887] 172 root - INFO -   [Client 36] loss=1.3175 acc=0.6464
[2026-07-25 06:06:40,344] 172 root - INFO -   [Client 6] loss=0.6349 acc=0.7962
[2026-07-25 06:06:45,326] 172 root - INFO -   [Client 2] loss=0.3024 acc=0.9264
[2026-07-25 06:06:45,360] 190 root - INFO - [Pipeline] Round 2 aggregated — flagged=0, min_trust=0.0000, max_trust=0.0000
[2026-07-25 06:06:50,085] 81 root - INFO - [Server] Round 2 — loss=0.1339, macro_f1=0.5517, acc=0.9650, fpr=0.0076
[2026-07-25 06:06:50,148] 205 root - INFO - [Pipeline] Round 2 eval — macro_f1=0.5517, acc=0.9650, loss=0.1339
[2026-07-25 06:06:50,148] 145 root - INFO - 
[Pipeline] ===== Round 3/30 =====
[2026-07-25 06:06:51,950] 172 root - INFO -   [Client 24] loss=0.3558 acc=0.8938
[2026-07-25 06:06:53,558] 172 root - INFO -   [Client 6] loss=0.4206 acc=0.8517
[2026-07-25 06:06:58,667] 172 root - INFO -   [Client 22] loss=0.1908 acc=0.9531
[2026-07-25 06:07:49,879] 172 root - INFO -   [Client 47] loss=0.0292 acc=0.9942
[2026-07-25 06:07:51,490] 172 root - INFO -   [Client 38] loss=0.4933 acc=0.8615
[2026-07-25 06:08:26,747] 172 root - INFO -   [Client 16] loss=0.0349 acc=0.9924
[2026-07-25 06:08:31,767] 172 root - INFO -   [Client 2] loss=0.1984 acc=0.9472
[2026-07-25 06:08:34,383] 172 root - INFO -   [Client 29] loss=0.1972 acc=0.9449
[2026-07-25 06:08:42,578] 172 root - INFO -   [Client 34] loss=0.1254 acc=0.9687
[2026-07-25 06:08:45,545] 172 root - INFO -   [Client 7] loss=0.3819 acc=0.9070
[2026-07-25 06:09:03,280] 172 root - INFO -   [Client 49] loss=0.3410 acc=0.8769
[2026-07-25 06:09:10,591] 172 root - INFO -   [Client 5] loss=0.1386 acc=0.9652
[2026-07-25 06:09:13,847] 172 root - INFO -   [Client 35] loss=0.2645 acc=0.9252
[2026-07-25 06:09:25,939] 172 root - INFO -   [Client 18] loss=0.1236 acc=0.9771
[2026-07-25 06:09:29,780] 172 root - INFO -   [Client 23] loss=0.1506 acc=0.9428
[2026-07-25 06:09:30,023] 172 root - INFO -   [Client 12] loss=3.8565 acc=0.2547
[2026-07-25 06:09:31,062] 172 root - INFO -   [Client 4] loss=0.4169 acc=0.9051
[2026-07-25 06:09:46,130] 172 root - INFO -   [Client 43] loss=0.0794 acc=0.9794
[2026-07-25 06:09:48,712] 172 root - INFO -   [Client 14] loss=0.0993 acc=0.9700
[2026-07-25 06:09:49,906] 172 root - INFO -   [Client 39] loss=0.2924 acc=0.8890
[2026-07-25 06:09:49,942] 190 root - INFO - [Pipeline] Round 3 aggregated — flagged=0, min_trust=0.0000, max_trust=0.0000
[2026-07-25 06:09:54,697] 81 root - INFO - [Server] Round 3 — loss=0.1616, macro_f1=0.5381, acc=0.9633, fpr=0.0064
[2026-07-25 06:09:54,759] 205 root - INFO - [Pipeline] Round 3 eval — macro_f1=0.5381, acc=0.9633, loss=0.1616
[2026-07-25 06:09:54,760] 145 root - INFO - 
[Pipeline] ===== Round 4/30 =====
[2026-07-25 06:10:07,016] 172 root - INFO -   [Client 18] loss=0.0824 acc=0.9828
[2026-07-25 06:10:14,341] 172 root - INFO -   [Client 5] loss=0.0782 acc=0.9785
[2026-07-25 06:10:16,946] 172 root - INFO -   [Client 14] loss=0.0815 acc=0.9752
[2026-07-25 06:10:18,450] 172 root - INFO -   [Client 6] loss=0.4206 acc=0.8447
[2026-07-25 06:10:19,973] 172 root - INFO -   [Client 24] loss=0.4081 acc=0.8542
[2026-07-25 06:10:23,863] 172 root - INFO -   [Client 17] loss=0.1033 acc=0.9694
[2026-07-25 06:10:26,435] 172 root - INFO -   [Client 29] loss=0.1474 acc=0.9579
[2026-07-25 06:10:41,604] 172 root - INFO -   [Client 40] loss=0.0352 acc=0.9904
[2026-07-25 06:10:45,635] 172 root - INFO -   [Client 23] loss=0.1231 acc=0.9500
[2026-07-25 06:10:56,235] 172 root - INFO -   [Client 10] loss=0.0678 acc=0.9822
[2026-07-25 06:11:14,679] 172 root - INFO -   [Client 41] loss=0.0619 acc=0.9856
[2026-07-25 06:11:19,841] 172 root - INFO -   [Client 22] loss=0.1031 acc=0.9732
[2026-07-25 06:11:21,409] 172 root - INFO -   [Client 13] loss=0.9425 acc=0.8035
[2026-07-25 06:11:28,138] 172 root - INFO -   [Client 44] loss=0.1220 acc=0.9629
[2026-07-25 06:11:29,287] 172 root - INFO -   [Client 4] loss=0.4356 acc=0.9056
[2026-07-25 06:11:32,137] 172 root - INFO -   [Client 42] loss=0.1723 acc=0.9581
[2026-07-25 06:11:32,929] 172 root - INFO -   [Client 15] loss=1.0324 acc=0.7372
[2026-07-25 06:11:41,198] 172 root - INFO -   [Client 34] loss=0.0731 acc=0.9818
[2026-07-25 06:11:56,175] 172 root - INFO -   [Client 43] loss=0.0446 acc=0.9880
[2026-07-25 06:11:56,413] 172 root - INFO -   [Client 12] loss=4.5641 acc=0.1719
[2026-07-25 06:11:56,447] 190 root - INFO - [Pipeline] Round 4 aggregated — flagged=0, min_trust=0.0000, max_trust=0.0000
[2026-07-25 06:12:01,199] 81 root - INFO - [Server] Round 4 — loss=0.0899, macro_f1=0.6271, acc=0.9755, fpr=0.0058
[2026-07-25 06:12:01,261] 205 root - INFO - [Pipeline] Round 4 eval — macro_f1=0.6271, acc=0.9755, loss=0.0899
[2026-07-25 06:12:01,262] 145 root - INFO - 
[Pipeline] ===== Round 5/30 =====
[2026-07-25 06:12:05,756] 172 root - INFO -   [Client 17] loss=0.1161 acc=0.9689
[2026-07-25 06:12:20,901] 172 root - INFO -   [Client 40] loss=0.0422 acc=0.9898
[2026-07-25 06:12:27,778] 172 root - INFO -   [Client 44] loss=0.1231 acc=0.9638
[2026-07-25 06:12:31,025] 172 root - INFO -   [Client 35] loss=0.1928 acc=0.9467
[2026-07-25 06:12:33,602] 172 root - INFO -   [Client 14] loss=0.0638 acc=0.9806
[2026-07-25 06:12:48,710] 172 root - INFO -   [Client 43] loss=0.0520 acc=0.9875
[2026-07-25 06:12:53,727] 172 root - INFO -   [Client 20] loss=0.2248 acc=0.9418
[2026-07-25 06:13:02,849] 172 root - INFO -   [Client 3] loss=0.0901 acc=0.9796
[2026-07-25 06:13:03,757] 172 root - INFO -   [Client 45] loss=0.5937 acc=0.8560
[2026-07-25 06:13:08,714] 172 root - INFO -   [Client 2] loss=0.1310 acc=0.9666
[2026-07-25 06:13:59,626] 172 root - INFO -   [Client 47] loss=0.0225 acc=0.9955
[2026-07-25 06:14:01,725] 172 root - INFO -   [Client 25] loss=0.1701 acc=0.9542
[2026-07-25 06:14:19,242] 172 root - INFO -   [Client 49] loss=0.2645 acc=0.9169
[2026-07-25 06:14:20,303] 172 root - INFO -   [Client 4] loss=0.3243 acc=0.9316
[2026-07-25 06:14:21,971] 172 root - INFO -   [Client 13] loss=0.7928 acc=0.8393
[2026-07-25 06:14:23,013] 172 root - INFO -   [Client 39] loss=0.2003 acc=0.9196
[2026-07-25 06:14:29,498] 172 root - INFO -   [Client 46] loss=0.0816 acc=0.9804
[2026-07-25 06:14:31,338] 172 root - INFO -   [Client 31] loss=0.3014 acc=0.8877
[2026-07-25 06:14:32,923] 172 root - INFO -   [Client 38] loss=0.3675 acc=0.8904
[2026-07-25 06:14:34,884] 172 root - INFO -   [Client 28] loss=0.3239 acc=0.9054
[2026-07-25 06:14:34,917] 190 root - INFO - [Pipeline] Round 5 aggregated — flagged=0, min_trust=0.0000, max_trust=0.0000
[2026-07-25 06:14:39,698] 81 root - INFO - [Server] Round 5 — loss=0.0863, macro_f1=0.5857, acc=0.9784, fpr=0.0054
[2026-07-25 06:14:39,760] 205 root - INFO - [Pipeline] Round 5 eval — macro_f1=0.5857, acc=0.9784, loss=0.0863
[2026-07-25 06:14:39,761] 145 root - INFO - 
[Pipeline] ===== Round 6/30 =====
[2026-07-25 06:14:58,926] 172 root - INFO -   [Client 41] loss=0.0667 acc=0.9863
[2026-07-25 06:15:01,491] 172 root - INFO -   [Client 29] loss=0.1313 acc=0.9623
[2026-07-25 06:15:11,642] 172 root - INFO -   [Client 9] loss=0.1374 acc=0.9673
[2026-07-25 06:15:46,988] 172 root - INFO -   [Client 16] loss=0.0237 acc=0.9949
[2026-07-25 06:15:49,147] 172 root - INFO -   [Client 8] loss=0.1232 acc=0.9715
[2026-07-25 06:15:49,964] 172 root - INFO -   [Client 15] loss=0.4908 acc=0.8939
[2026-07-25 06:15:53,205] 172 root - INFO -   [Client 35] loss=0.1843 acc=0.9504
[2026-07-25 06:16:01,416] 172 root - INFO -   [Client 34] loss=0.0721 acc=0.9840
[2026-07-25 06:16:07,793] 172 root - INFO -   [Client 46] loss=0.0771 acc=0.9818
[2026-07-25 06:16:12,523] 172 root - INFO -   [Client 37] loss=0.2861 acc=0.9139
[2026-07-25 06:16:27,225] 172 root - INFO -   [Client 27] loss=0.0349 acc=0.9908
[2026-07-25 06:16:42,640] 172 root - INFO -   [Client 40] loss=0.0407 acc=0.9904
[2026-07-25 06:16:44,611] 172 root - INFO -   [Client 25] loss=0.1569 acc=0.9591
[2026-07-25 06:16:48,455] 172 root - INFO -   [Client 23] loss=0.0974 acc=0.9589
[2026-07-25 06:16:51,051] 172 root - INFO -   [Client 14] loss=0.0565 acc=0.9829
[2026-07-25 06:16:51,950] 172 root - INFO -   [Client 45] loss=0.5627 acc=0.8651
[2026-07-25 06:16:55,168] 172 root - INFO -   [Client 32] loss=0.1896 acc=0.9575
[2026-07-25 06:16:56,989] 172 root - INFO -   [Client 31] loss=0.2874 acc=0.8918
[2026-07-25 06:17:04,265] 172 root - INFO -   [Client 5] loss=0.0860 acc=0.9793
[2026-07-25 06:17:05,849] 172 root - INFO -   [Client 24] loss=0.2671 acc=0.9177
[2026-07-25 06:17:05,884] 190 root - INFO - [Pipeline] Round 6 aggregated — flagged=0, min_trust=0.0000, max_trust=0.0000
[2026-07-25 06:17:10,725] 81 root - INFO - [Server] Round 6 — loss=0.0819, macro_f1=0.6446, acc=0.9797, fpr=0.0051
[2026-07-25 06:17:10,787] 205 root - INFO - [Pipeline] Round 6 eval — macro_f1=0.6446, acc=0.9797, loss=0.0819
[2026-07-25 06:17:10,788] 145 root - INFO - 
[Pipeline] ===== Round 7/30 =====
[2026-07-25 06:17:20,229] 172 root - INFO -   [Client 3] loss=0.0847 acc=0.9819
[2026-07-25 06:17:23,243] 172 root - INFO -   [Client 7] loss=0.2892 acc=0.9397
[2026-07-25 06:17:33,481] 172 root - INFO -   [Client 9] loss=0.1360 acc=0.9676
[2026-07-25 06:17:48,674] 172 root - INFO -   [Client 40] loss=0.0397 acc=0.9908
[2026-07-25 06:17:59,403] 172 root - INFO -   [Client 10] loss=0.0693 acc=0.9847
[2026-07-25 06:18:14,435] 172 root - INFO -   [Client 43] loss=0.0473 acc=0.9894
[2026-07-25 06:18:29,197] 172 root - INFO -   [Client 27] loss=0.0327 acc=0.9915
[2026-07-25 06:18:30,699] 172 root - INFO -   [Client 38] loss=0.3802 acc=0.8882
[2026-07-25 06:18:31,759] 172 root - INFO -   [Client 4] loss=0.3044 acc=0.9430
[2026-07-25 06:18:33,278] 172 root - INFO -   [Client 24] loss=0.2567 acc=0.9208
[2026-07-25 06:18:39,897] 172 root - INFO -   [Client 46] loss=0.0736 acc=0.9826
[2026-07-25 06:18:42,768] 172 root - INFO -   [Client 42] loss=0.1853 acc=0.9615
[2026-07-25 06:18:45,316] 172 root - INFO -   [Client 29] loss=0.1266 acc=0.9641
[2026-07-25 06:18:49,840] 172 root - INFO -   [Client 33] loss=0.1101 acc=0.9746
[2026-07-25 06:19:25,637] 172 root - INFO -   [Client 16] loss=0.0237 acc=0.9950
[2026-07-25 06:19:30,665] 172 root - INFO -   [Client 0] loss=0.0746 acc=0.9826
[2026-07-25 06:19:31,867] 172 root - INFO -   [Client 48] loss=0.0389 acc=0.9913
[2026-07-25 06:19:35,727] 172 root - INFO -   [Client 17] loss=0.1026 acc=0.9737
[2026-07-25 06:19:36,798] 172 root - INFO -   [Client 21] loss=0.4456 acc=0.8538
[2026-07-25 06:19:54,013] 172 root - INFO -   [Client 49] loss=0.2453 acc=0.9347
[2026-07-25 06:19:54,046] 190 root - INFO - [Pipeline] Round 7 aggregated — flagged=0, min_trust=0.0000, max_trust=0.0000
[2026-07-25 06:19:59,027] 81 root - INFO - [Server] Round 7 — loss=0.1934, macro_f1=0.5110, acc=0.9601, fpr=0.0119
[2026-07-25 06:19:59,089] 205 root - INFO - [Pipeline] Round 7 eval — macro_f1=0.5110, acc=0.9601, loss=0.1934
[2026-07-25 06:19:59,090] 145 root - INFO - 
[Pipeline] ===== Round 8/30 =====
[2026-07-25 06:20:11,570] 172 root - INFO -   [Client 18] loss=0.1008 acc=0.9828
[2026-07-25 06:20:26,498] 172 root - INFO -   [Client 27] loss=0.0445 acc=0.9900
[2026-07-25 06:20:37,162] 172 root - INFO -   [Client 10] loss=0.0791 acc=0.9842
[2026-07-25 06:20:39,726] 172 root - INFO -   [Client 29] loss=0.1553 acc=0.9576
[2026-07-25 06:20:44,588] 172 root - INFO -   [Client 0] loss=0.0993 acc=0.9793
[2026-07-25 06:21:19,806] 172 root - INFO -   [Client 16] loss=0.0255 acc=0.9952
[2026-07-25 06:21:23,027] 172 root - INFO -   [Client 32] loss=0.1885 acc=0.9572
[2026-07-25 06:21:29,462] 172 root - INFO -   [Client 11] loss=0.1920 acc=0.9414
[2026-07-25 06:21:44,507] 172 root - INFO -   [Client 43] loss=0.0543 acc=0.9890
[2026-07-25 06:21:45,993] 172 root - INFO -   [Client 6] loss=0.3543 acc=0.8783
[2026-07-25 06:21:46,664] 172 root - INFO -   [Client 19] loss=0.1980 acc=0.9451
[2026-07-25 06:22:05,070] 172 root - INFO -   [Client 41] loss=0.0711 acc=0.9866
[2026-07-25 06:22:05,318] 172 root - INFO -   [Client 12] loss=1.9174 acc=0.7200
[2026-07-25 06:22:15,550] 172 root - INFO -   [Client 9] loss=0.1469 acc=0.9667
[2026-07-25 06:22:19,383] 172 root - INFO -   [Client 23] loss=0.0970 acc=0.9605
[2026-07-25 15:54:27,084] 172 root - INFO -   [Client 47] loss=0.0227 acc=0.9960
[2026-07-25 15:54:32,171] 172 root - INFO -   [Client 33] loss=0.1302 acc=0.9739
[2026-07-25 15:54:33,228] 172 root - INFO -   [Client 45] loss=0.5171 acc=0.8655
[2026-07-25 15:54:39,130] 172 root - INFO -   [Client 20] loss=0.1341 acc=0.9595
[2026-07-25 15:54:40,118] 172 root - INFO -   [Client 15] loss=0.4477 acc=0.9154
[2026-07-25 15:54:40,157] 190 root - INFO - [Pipeline] Round 8 aggregated — flagged=0, min_trust=0.0000, max_trust=0.0000
[2026-07-25 15:54:48,718] 81 root - INFO - [Server] Round 8 — loss=0.0928, macro_f1=0.6317, acc=0.9772, fpr=0.0056
[2026-07-25 15:54:48,808] 205 root - INFO - [Pipeline] Round 8 eval — macro_f1=0.6317, acc=0.9772, loss=0.0928
[2026-07-25 15:54:48,810] 145 root - INFO - 
[Pipeline] ===== Round 9/30 =====
[2026-07-25 15:54:51,810] 172 root - INFO -   [Client 1] loss=0.2471 acc=0.9179
[2026-07-25 15:54:55,360] 172 root - INFO -   [Client 7] loss=0.1484 acc=0.9625
[2026-07-25 15:54:59,676] 172 root - INFO -   [Client 23] loss=0.0824 acc=0.9639
[2026-07-25 15:55:00,299] 172 root - INFO -   [Client 19] loss=0.1834 acc=0.9486
[2026-07-25 15:55:01,159] 172 root - INFO -   [Client 15] loss=0.9383 acc=0.8032
[2026-07-25 15:55:10,886] 172 root - INFO -   [Client 3] loss=0.0444 acc=0.9904
[2026-07-25 15:55:12,034] 172 root - INFO -   [Client 45] loss=0.6461 acc=0.8708
[2026-07-25 15:55:12,955] 172 root - INFO -   [Client 36] loss=0.8237 acc=0.7700
[2026-07-25 15:55:21,087] 172 root - INFO -   [Client 5] loss=0.0292 acc=0.9919
[2026-07-25 15:55:40,499] 172 root - INFO -   [Client 41] loss=0.0352 acc=0.9925
[2026-07-25 15:55:42,389] 172 root - INFO -   [Client 31] loss=0.4058 acc=0.8716
[2026-07-25 15:55:43,476] 172 root - INFO -   [Client 4] loss=0.1102 acc=0.9701
[2026-07-25 15:55:52,375] 172 root - INFO -   [Client 34] loss=0.0357 acc=0.9922
[2026-07-25 15:55:54,640] 172 root - INFO -   [Client 8] loss=0.0673 acc=0.9844
[2026-07-25 15:55:57,646] 172 root - INFO -   [Client 42] loss=0.0766 acc=0.9831
[2026-07-25 15:55:59,646] 172 root - INFO -   [Client 30] loss=0.0552 acc=0.9867
[2026-07-25 15:56:10,524] 172 root - INFO -   [Client 10] loss=0.0302 acc=0.9928
[2026-07-25 15:56:46,632] 172 root - INFO -   [Client 16] loss=0.0082 acc=0.9978
[2026-07-25 15:57:01,617] 172 root - INFO -   [Client 27] loss=0.0145 acc=0.9947
[2026-07-25 15:57:06,472] 172 root - INFO -   [Client 37] loss=0.2217 acc=0.9278
[2026-07-25 15:57:06,517] 190 root - INFO - [Pipeline] Round 9 aggregated — flagged=0, min_trust=0.0000, max_trust=0.0000
[2026-07-25 15:57:12,836] 81 root - INFO - [Server] Round 9 — loss=0.1010, macro_f1=0.6392, acc=0.9769, fpr=0.0058
[2026-07-25 15:57:12,907] 205 root - INFO - [Pipeline] Round 9 eval — macro_f1=0.6392, acc=0.9769, loss=0.1010
[2026-07-25 15:57:12,908] 145 root - INFO - 
[Pipeline] ===== Round 10/30 =====
[2026-07-25 15:57:15,115] 172 root - INFO -   [Client 13] loss=0.6538 acc=0.8603
[2026-07-25 15:57:23,943] 172 root - INFO -   [Client 34] loss=0.0343 acc=0.9925
[2026-07-25 15:57:30,604] 172 root - INFO -   [Client 46] loss=0.0686 acc=0.9838
[2026-07-25 15:57:37,606] 172 root - INFO -   [Client 44] loss=0.0842 acc=0.9737
[2026-07-25 15:57:37,850] 172 root - INFO -   [Client 12] loss=4.1691 acc=0.3529
[2026-07-25 15:57:38,399] 172 root - INFO -   [Client 19] loss=0.1591 acc=0.9573
[2026-07-25 15:57:40,304] 172 root - INFO -   [Client 25] loss=0.1129 acc=0.9691
[2026-07-25 15:57:43,158] 172 root - INFO -   [Client 42] loss=0.0775 acc=0.9829
[2026-07-25 15:58:01,905] 172 root - INFO -   [Client 41] loss=0.0353 acc=0.9925
[2026-07-25 15:58:05,920] 172 root - INFO -   [Client 23] loss=0.0758 acc=0.9658
[2026-07-25 15:58:07,870] 172 root - INFO -   [Client 28] loss=0.2772 acc=0.9225
[2026-07-25 15:58:12,572] 172 root - INFO -   [Client 33] loss=0.0351 acc=0.9902
[2026-07-25 15:58:13,612] 172 root - INFO -   [Client 39] loss=0.1666 acc=0.9342
[2026-07-25 15:58:16,652] 172 root - INFO -   [Client 7] loss=0.1557 acc=0.9627
[2026-07-25 15:58:17,468] 172 root - INFO -   [Client 15] loss=0.9535 acc=0.7937
[2026-07-25 15:58:20,047] 172 root - INFO -   [Client 14] loss=0.0532 acc=0.9844
[2026-07-25 15:58:21,209] 172 root - INFO -   [Client 4] loss=0.1022 acc=0.9733
[2026-07-25 15:58:22,164] 172 root - INFO -   [Client 21] loss=0.6777 acc=0.8060
[2026-07-25 15:58:24,167] 172 root - INFO -   [Client 1] loss=0.2427 acc=0.9201
[2026-07-25 15:58:36,482] 172 root - INFO -   [Client 18] loss=0.0513 acc=0.9895
[2026-07-25 15:58:36,518] 190 root - INFO - [Pipeline] Round 10 aggregated — flagged=0, min_trust=0.0000, max_trust=0.0000
[2026-07-25 15:58:41,916] 81 root - INFO - [Server] Round 10 — loss=2.9949, macro_f1=0.4512, acc=0.2715, fpr=0.0492
[2026-07-25 15:58:41,987] 205 root - INFO - [Pipeline] Round 10 eval — macro_f1=0.4512, acc=0.2715, loss=2.9949
[2026-07-25 15:58:41,988] 145 root - INFO - 
[Pipeline] ===== Round 11/30 =====
[2026-07-25 15:58:46,099] 172 root - INFO -   [Client 35] loss=0.1434 acc=0.9587
[2026-07-25 15:58:48,971] 172 root - INFO -   [Client 14] loss=0.0652 acc=0.9813
[2026-07-25 15:58:53,704] 172 root - INFO -   [Client 37] loss=0.2370 acc=0.9243
[2026-07-25 15:58:54,857] 172 root - INFO -   [Client 48] loss=0.0513 acc=0.9881
[2026-07-25 15:58:59,872] 172 root - INFO -   [Client 0] loss=0.0567 acc=0.9865
[2026-07-25 15:59:01,020] 172 root - INFO -   [Client 4] loss=0.1104 acc=0.9691
[2026-07-25 15:59:18,682] 172 root - INFO -   [Client 40] loss=0.0270 acc=0.9926
[2026-07-25 15:59:28,618] 172 root - INFO -   [Client 3] loss=0.0643 acc=0.9857
[2026-07-25 15:59:35,488] 172 root - INFO -   [Client 46] loss=0.0780 acc=0.9816
[2026-07-25 15:59:42,366] 172 root - INFO -   [Client 44] loss=0.1005 acc=0.9697
[2026-07-25 15:59:47,325] 172 root - INFO -   [Client 2] loss=0.0841 acc=0.9788
[2026-07-25 15:59:48,424] 172 root - INFO -   [Client 21] loss=0.2867 acc=0.9143
[2026-07-25 16:00:05,052] 172 root - INFO -   [Client 43] loss=0.0310 acc=0.9923
[2026-07-25 16:00:08,361] 172 root - INFO -   [Client 32] loss=0.1212 acc=0.9713
[2026-07-25 16:00:09,148] 172 root - INFO -   [Client 15] loss=0.2438 acc=0.9533
[2026-07-25 16:00:13,053] 172 root - INFO -   [Client 17] loss=0.0690 acc=0.9805
[2026-07-25 16:00:14,986] 172 root - INFO -   [Client 31] loss=0.2310 acc=0.9058
[2026-07-25 16:00:16,764] 172 root - INFO -   [Client 13] loss=0.1019 acc=0.9574
[2026-07-25 16:00:18,891] 172 root - INFO -   [Client 8] loss=0.0723 acc=0.9829
[2026-07-25 16:00:22,864] 172 root - INFO -   [Client 23] loss=0.0887 acc=0.9619
[2026-07-25 16:00:22,898] 190 root - INFO - [Pipeline] Round 11 aggregated — flagged=0, min_trust=0.0000, max_trust=0.0000
[2026-07-25 16:00:28,542] 81 root - INFO - [Server] Round 11 — loss=0.0768, macro_f1=0.6519, acc=0.9796, fpr=0.0051
[2026-07-25 16:00:28,606] 205 root - INFO - [Pipeline] Round 11 eval — macro_f1=0.6519, acc=0.9796, loss=0.0768
[2026-07-25 16:00:28,607] 145 root - INFO - 
[Pipeline] ===== Round 12/30 =====
[2026-07-25 16:00:29,750] 172 root - INFO -   [Client 36] loss=0.6394 acc=0.8169
[2026-07-25 16:00:47,434] 172 root - INFO -   [Client 49] loss=0.2097 acc=0.9544
[2026-07-25 16:00:49,287] 172 root - INFO -   [Client 30] loss=0.0490 acc=0.9885
[2026-07-25 16:00:50,095] 172 root - INFO -   [Client 15] loss=0.3922 acc=0.9185
[2026-07-25 16:01:41,565] 172 root - INFO -   [Client 47] loss=0.0137 acc=0.9972
[2026-07-25 16:01:43,668] 172 root - INFO -   [Client 26] loss=0.1022 acc=0.9644
[2026-07-25 16:01:43,940] 172 root - INFO -   [Client 12] loss=1.1752 acc=0.7516
[2026-07-25 16:01:45,423] 172 root - INFO -   [Client 6] loss=0.2537 acc=0.8950
[2026-07-25 16:01:48,372] 172 root - INFO -   [Client 42] loss=0.1026 acc=0.9776
[2026-07-25 16:02:03,311] 172 root - INFO -   [Client 27] loss=0.0181 acc=0.9940
[2026-07-25 16:02:08,546] 172 root - INFO -   [Client 22] loss=0.0568 acc=0.9861
[2026-07-25 16:02:24,176] 172 root - INFO -   [Client 40] loss=0.0189 acc=0.9943
[2026-07-25 16:02:31,027] 172 root - INFO -   [Client 44] loss=0.0879 acc=0.9729
[2026-07-25 16:02:33,642] 172 root - INFO -   [Client 29] loss=0.1176 acc=0.9660
[2026-07-25 16:02:42,962] 172 root - INFO -   [Client 3] loss=0.0540 acc=0.9881
[2026-07-25 16:03:01,795] 172 root - INFO -   [Client 41] loss=0.0426 acc=0.9910
[2026-07-25 16:03:05,126] 172 root - INFO -   [Client 35] loss=0.1479 acc=0.9585
[2026-07-25 16:03:07,135] 172 root - INFO -   [Client 25] loss=0.1122 acc=0.9710
[2026-07-25 16:03:08,103] 172 root - INFO -   [Client 21] loss=0.3982 acc=0.8737
[2026-07-25 16:03:11,422] 172 root - INFO -   [Client 32] loss=0.1100 acc=0.9746
[2026-07-25 16:03:11,464] 190 root - INFO - [Pipeline] Round 12 aggregated — flagged=0, min_trust=0.0000, max_trust=0.0000
[2026-07-25 16:03:16,541] 81 root - INFO - [Server] Round 12 — loss=0.0957, macro_f1=0.5498, acc=0.9776, fpr=0.0050
[2026-07-25 16:03:16,603] 205 root - INFO - [Pipeline] Round 12 eval — macro_f1=0.5498, acc=0.9776, loss=0.0957
[2026-07-25 16:03:16,604] 145 root - INFO - 
[Pipeline] ===== Round 13/30 =====
[2026-07-25 16:03:18,607] 172 root - INFO -   [Client 6] loss=0.2637 acc=0.8939
[2026-07-25 16:03:19,443] 172 root - INFO -   [Client 15] loss=0.3079 acc=0.9313
[2026-07-25 16:03:19,689] 172 root - INFO -   [Client 12] loss=2.1644 acc=0.5627
[2026-07-25 16:04:14,234] 172 root - INFO -   [Client 47] loss=0.0110 acc=0.9977
