[2026-07-25 16:07:06,819] 37 alembic.runtime.plugins - INFO - setup plugin alembic.autogenerate.schemas
[2026-07-25 16:07:06,820] 37 alembic.runtime.plugins - INFO - setup plugin alembic.autogenerate.tables
[2026-07-25 16:07:06,820] 37 alembic.runtime.plugins - INFO - setup plugin alembic.autogenerate.types
[2026-07-25 16:07:06,820] 37 alembic.runtime.plugins - INFO - setup plugin alembic.autogenerate.constraints
[2026-07-25 16:07:06,820] 37 alembic.runtime.plugins - INFO - setup plugin alembic.autogenerate.defaults
[2026-07-25 16:07:06,820] 37 alembic.runtime.plugins - INFO - setup plugin alembic.autogenerate.comments
[2026-07-25 16:07:07,846] 28 root - INFO - [Experiment] strategy=fedavg attack=lie ratio=0.3
[2026-07-25 16:07:07,848] 125 root - INFO - [Pipeline] Malicious client IDs: [1, 2, 5, 6, 7, 8, 14, 15, 17, 27, 34, 37, 40, 47, 49]
[2026-07-25 16:07:07,858] 33 root - INFO - [Server] Loaded baseline checkpoint from C:\Users\rauna\Videos\FL IDS\artifacts\models\baseline_mlp.pth
[2026-07-25 16:07:07,861] 33 root - INFO - [Server] Loaded baseline checkpoint from C:\Users\rauna\Videos\FL IDS\artifacts\models\baseline_mlp.pth
[2026-07-25 16:07:07,861] 131 root - INFO - [Pipeline] Strategy: fedavg
[2026-07-25 16:07:07,862] 137 root - INFO - [Pipeline] Starting FL loop — 50 clients, 20 per round, 30 rounds.
[2026-07-25 16:07:07,862] 145 root - INFO - 
[Pipeline] ===== Round 1/30 =====
[2026-07-25 16:07:24,958] 172 root - INFO -   [Client 40] loss=0.2211 acc=0.9374
[2026-07-25 16:07:27,986] 172 root - INFO -   [Client 7] loss=0.9444 acc=0.7958
[2026-07-25 16:07:30,105] 172 root - INFO -   [Client 1] loss=1.8161 acc=0.5298
[2026-07-25 16:07:34,023] 172 root - INFO -   [Client 17] loss=0.8399 acc=0.7569
[2026-07-25 16:07:34,931] 172 root - INFO -   [Client 15] loss=1.5705 acc=0.6214
[2026-07-25 16:07:37,406] 172 root - INFO -   [Client 14] loss=1.1422 acc=0.6998
[2026-07-25 16:07:39,637] 172 root - INFO -   [Client 8] loss=1.3777 acc=0.6408
[2026-07-25 16:07:41,332] 172 root - INFO -   [Client 6] loss=2.0034 acc=0.4391
[2026-07-25 16:07:49,611] 172 root - INFO -   [Client 34] loss=0.5096 acc=0.8556
[2026-07-25 16:07:57,016] 172 root - INFO -   [Client 5] loss=0.5596 acc=0.8560
[2026-07-25 16:08:01,822] 172 root - INFO -   [Client 37] loss=0.9309 acc=0.7458
[2026-07-25 16:08:16,966] 172 root - INFO -   [Client 27] loss=0.2255 acc=0.9382
[2026-07-25 16:08:22,015] 172 root - INFO -   [Client 2] loss=0.8387 acc=0.7840
[2026-07-25 16:09:14,430] 172 root - INFO -   [Client 47] loss=0.0726 acc=0.9808
[2026-07-25 16:09:32,105] 172 root - INFO -   [Client 49] loss=0.9441 acc=0.7082
[2026-07-25 16:09:33,857] 172 root - INFO -   [Client 13] loss=1.4377 acc=0.6572
[2026-07-25 16:09:40,833] 172 root - INFO -   [Client 44] loss=0.6924 acc=0.8101
[2026-07-25 16:09:44,141] 172 root - INFO -   [Client 32] loss=1.0974 acc=0.7127
[2026-07-25 16:09:45,010] 172 root - INFO -   [Client 36] loss=2.0535 acc=0.6125
[2026-07-25 16:09:51,707] 172 root - INFO -   [Client 46] loss=0.5735 acc=0.8559
[2026-07-25 16:09:51,723] 190 root - INFO - [Pipeline] Round 1 aggregated — flagged=0, min_trust=0.0000, max_trust=0.0000
[2026-07-25 16:09:58,036] 81 root - INFO - [Server] Round 1 — loss=0.5868, macro_f1=0.1551, acc=0.8458, fpr=0.0594
[2026-07-25 16:09:58,104] 205 root - INFO - [Pipeline] Round 1 eval — macro_f1=0.1551, acc=0.8458, loss=0.5868
[2026-07-25 16:09:58,104] 145 root - INFO - 
[Pipeline] ===== Round 2/30 =====
[2026-07-25 16:09:58,776] 172 root - INFO -   [Client 12] loss=5.9908 acc=0.0586
[2026-07-25 16:10:00,010] 172 root - INFO -   [Client 45] loss=1.6527 acc=0.6462
[2026-07-25 16:10:21,932] 172 root - INFO -   [Client 41] loss=0.0463 acc=0.9889
[2026-07-25 16:10:28,800] 172 root - INFO -   [Client 44] loss=0.1250 acc=0.9616
[2026-07-25 16:10:37,287] 172 root - INFO -   [Client 34] loss=0.0625 acc=0.9835
[2026-07-25 16:10:39,447] 172 root - INFO -   [Client 26] loss=0.9566 acc=0.7904
[2026-07-25 16:10:42,290] 172 root - INFO -   [Client 14] loss=0.3276 acc=0.9114
[2026-07-25 16:10:44,334] 172 root - INFO -   [Client 28] loss=1.0120 acc=0.7801
[2026-07-25 16:10:49,496] 172 root - INFO -   [Client 37] loss=0.2823 acc=0.9133
[2026-07-25 16:10:53,359] 172 root - INFO -   [Client 17] loss=0.0740 acc=0.9775
[2026-07-25 16:10:58,408] 172 root - INFO -   [Client 0] loss=0.0662 acc=0.9798
[2026-07-25 16:11:09,205] 172 root - INFO -   [Client 10] loss=0.0486 acc=0.9868
[2026-07-25 16:11:24,237] 172 root - INFO -   [Client 27] loss=0.0228 acc=0.9922
[2026-07-25 16:11:25,222] 172 root - INFO -   [Client 21] loss=1.4763 acc=0.6042
[2026-07-25 16:11:40,719] 172 root - INFO -   [Client 40] loss=0.0207 acc=0.9936
[2026-07-25 16:11:51,151] 172 root - INFO -   [Client 9] loss=0.1197 acc=0.9700
[2026-07-25 16:11:52,757] 172 root - INFO -   [Client 13] loss=1.3994 acc=0.6987
[2026-07-25 16:11:53,715] 172 root - INFO -   [Client 36] loss=2.2638 acc=0.5425
[2026-07-25 16:11:55,204] 172 root - INFO -   [Client 6] loss=0.9564 acc=0.7328
[2026-07-25 16:12:00,230] 172 root - INFO -   [Client 2] loss=0.1040 acc=0.9705
[2026-07-25 16:12:00,245] 190 root - INFO - [Pipeline] Round 2 aggregated — flagged=0, min_trust=0.0000, max_trust=0.0000
[2026-07-25 16:12:05,986] 81 root - INFO - [Server] Round 2 — loss=0.1089, macro_f1=0.5063, acc=0.9756, fpr=0.0059
[2026-07-25 16:12:06,054] 205 root - INFO - [Pipeline] Round 2 eval — macro_f1=0.5063, acc=0.9756, loss=0.1089
[2026-07-25 16:12:06,055] 145 root - INFO - 
[Pipeline] ===== Round 3/30 =====
[2026-07-25 16:12:07,964] 172 root - INFO -   [Client 24] loss=0.5793 acc=0.8603
[2026-07-25 16:12:09,576] 172 root - INFO -   [Client 6] loss=0.7123 acc=0.8173
[2026-07-25 16:12:14,663] 172 root - INFO -   [Client 22] loss=0.0450 acc=0.9890
[2026-07-25 16:13:06,196] 172 root - INFO -   [Client 47] loss=0.0098 acc=0.9980
[2026-07-25 16:13:07,839] 172 root - INFO -   [Client 38] loss=0.9830 acc=0.7926
[2026-07-25 16:13:44,090] 172 root - INFO -   [Client 16] loss=0.0068 acc=0.9981
[2026-07-25 16:13:49,187] 172 root - INFO -   [Client 2] loss=0.0618 acc=0.9841
[2026-07-25 16:13:51,917] 172 root - INFO -   [Client 29] loss=0.1811 acc=0.9538
[2026-07-25 16:14:00,160] 172 root - INFO -   [Client 34] loss=0.0337 acc=0.9927
[2026-07-25 16:14:03,202] 172 root - INFO -   [Client 7] loss=0.4486 acc=0.9056
[2026-07-25 16:14:20,968] 172 root - INFO -   [Client 49] loss=0.2138 acc=0.9553
[2026-07-25 16:14:28,452] 172 root - INFO -   [Client 5] loss=0.0283 acc=0.9919
[2026-07-25 16:14:31,735] 172 root - INFO -   [Client 35] loss=0.2141 acc=0.9450
[2026-07-25 16:14:43,984] 172 root - INFO -   [Client 18] loss=0.0458 acc=0.9905
[2026-07-25 16:14:47,966] 172 root - INFO -   [Client 23] loss=0.1034 acc=0.9573
[2026-07-25 16:14:48,224] 172 root - INFO -   [Client 12] loss=7.4243 acc=0.0487
[2026-07-25 16:14:49,274] 172 root - INFO -   [Client 4] loss=0.4656 acc=0.8968
[2026-07-25 16:15:04,495] 172 root - INFO -   [Client 43] loss=0.0134 acc=0.9964
[2026-07-25 16:15:07,132] 172 root - INFO -   [Client 14] loss=0.1496 acc=0.9630
[2026-07-25 16:15:08,178] 172 root - INFO -   [Client 39] loss=0.3540 acc=0.8914
[2026-07-25 16:15:08,193] 190 root - INFO - [Pipeline] Round 3 aggregated — flagged=0, min_trust=0.0000, max_trust=0.0000
[2026-07-25 16:15:13,447] 81 root - INFO - [Server] Round 3 — loss=0.1026, macro_f1=0.4740, acc=0.9764, fpr=0.0059
[2026-07-25 16:15:13,511] 205 root - INFO - [Pipeline] Round 3 eval — macro_f1=0.4740, acc=0.9764, loss=0.1026
[2026-07-25 16:15:13,512] 145 root - INFO - 
[Pipeline] ===== Round 4/30 =====
[2026-07-25 16:15:26,194] 172 root - INFO -   [Client 18] loss=0.0419 acc=0.9915
[2026-07-25 16:15:33,553] 172 root - INFO -   [Client 5] loss=0.0219 acc=0.9937
[2026-07-25 16:15:36,222] 172 root - INFO -   [Client 14] loss=0.1329 acc=0.9695
[2026-07-25 16:15:37,716] 172 root - INFO -   [Client 6] loss=0.6164 acc=0.8403
[2026-07-25 16:15:39,257] 172 root - INFO -   [Client 24] loss=0.5865 acc=0.8680
[2026-07-25 16:15:43,279] 172 root - INFO -   [Client 17] loss=0.0309 acc=0.9898
[2026-07-25 16:15:45,915] 172 root - INFO -   [Client 29] loss=0.1588 acc=0.9587
[2026-07-25 16:16:01,561] 172 root - INFO -   [Client 40] loss=0.0088 acc=0.9967
[2026-07-25 16:16:05,429] 172 root - INFO -   [Client 23] loss=0.0900 acc=0.9606
[2026-07-25 16:16:16,278] 172 root - INFO -   [Client 10] loss=0.0216 acc=0.9948
[2026-07-25 16:16:35,051] 172 root - INFO -   [Client 41] loss=0.0292 acc=0.9939
[2026-07-25 16:16:40,269] 172 root - INFO -   [Client 22] loss=0.0362 acc=0.9911
[2026-07-25 16:16:41,987] 172 root - INFO -   [Client 13] loss=1.2813 acc=0.7791
[2026-07-25 16:16:48,801] 172 root - INFO -   [Client 44] loss=0.0787 acc=0.9748
[2026-07-25 16:16:49,983] 172 root - INFO -   [Client 4] loss=0.3723 acc=0.9227
[2026-07-25 16:16:52,891] 172 root - INFO -   [Client 42] loss=0.0668 acc=0.9854
[2026-07-25 16:16:53,721] 172 root - INFO -   [Client 15] loss=1.5596 acc=0.7226
[2026-07-25 16:17:02,016] 172 root - INFO -   [Client 34] loss=0.0272 acc=0.9943
[2026-07-25 16:17:17,445] 172 root - INFO -   [Client 43] loss=0.0088 acc=0.9975
[2026-07-25 16:17:17,793] 172 root - INFO -   [Client 12] loss=6.6497 acc=0.0647
[2026-07-25 16:17:17,808] 190 root - INFO - [Pipeline] Round 4 aggregated — flagged=0, min_trust=0.0000, max_trust=0.0000
[2026-07-25 16:17:22,831] 81 root - INFO - [Server] Round 4 — loss=0.0875, macro_f1=0.5709, acc=0.9787, fpr=0.0050
[2026-07-25 16:17:22,900] 205 root - INFO - [Pipeline] Round 4 eval — macro_f1=0.5709, acc=0.9787, loss=0.0875
[2026-07-25 16:17:22,901] 145 root - INFO - 
[Pipeline] ===== Round 5/30 =====
[2026-07-25 16:17:27,223] 172 root - INFO -   [Client 17] loss=0.0284 acc=0.9904
[2026-07-25 16:17:42,847] 172 root - INFO -   [Client 40] loss=0.0081 acc=0.9969
[2026-07-25 16:17:49,640] 172 root - INFO -   [Client 44] loss=0.0747 acc=0.9758
[2026-07-25 16:17:53,008] 172 root - INFO -   [Client 35] loss=0.1696 acc=0.9541
[2026-07-25 16:17:55,613] 172 root - INFO -   [Client 14] loss=0.1101 acc=0.9738
[2026-07-25 16:18:11,094] 172 root - INFO -   [Client 43] loss=0.0076 acc=0.9979
[2026-07-25 16:18:16,071] 172 root - INFO -   [Client 20] loss=0.2337 acc=0.9432
[2026-07-25 16:18:25,235] 172 root - INFO -   [Client 3] loss=0.0342 acc=0.9928
[2026-07-25 16:18:26,176] 172 root - INFO -   [Client 45] loss=0.8695 acc=0.8562
[2026-07-25 16:18:31,292] 172 root - INFO -   [Client 2] loss=0.0485 acc=0.9875
[2026-07-25 16:19:22,116] 172 root - INFO -   [Client 47] loss=0.0081 acc=0.9984
[2026-07-25 16:19:24,201] 172 root - INFO -   [Client 25] loss=0.0955 acc=0.9756
[2026-07-25 16:19:41,782] 172 root - INFO -   [Client 49] loss=0.1854 acc=0.9701
[2026-07-25 16:19:42,823] 172 root - INFO -   [Client 4] loss=0.3050 acc=0.9364
[2026-07-25 16:19:44,505] 172 root - INFO -   [Client 13] loss=1.0846 acc=0.8038
[2026-07-25 16:19:45,552] 172 root - INFO -   [Client 39] loss=0.2574 acc=0.9182
[2026-07-25 16:19:52,107] 172 root - INFO -   [Client 46] loss=0.0663 acc=0.9841
[2026-07-25 16:19:53,943] 172 root - INFO -   [Client 31] loss=0.6733 acc=0.8412
[2026-07-25 16:19:55,436] 172 root - INFO -   [Client 38] loss=0.7708 acc=0.8350
[2026-07-25 16:19:57,594] 172 root - INFO -   [Client 28] loss=0.5372 acc=0.8869
[2026-07-25 16:19:57,610] 190 root - INFO - [Pipeline] Round 5 aggregated — flagged=0, min_trust=0.0000, max_trust=0.0000
[2026-07-25 16:20:02,582] 81 root - INFO - [Server] Round 5 — loss=0.0803, macro_f1=0.5060, acc=0.9794, fpr=0.0054
[2026-07-25 16:20:02,644] 205 root - INFO - [Pipeline] Round 5 eval — macro_f1=0.5060, acc=0.9794, loss=0.0803
[2026-07-25 16:20:02,645] 145 root - INFO - 
[Pipeline] ===== Round 6/30 =====
[2026-07-25 16:20:21,593] 172 root - INFO -   [Client 41] loss=0.0269 acc=0.9944
[2026-07-25 16:20:24,295] 172 root - INFO -   [Client 29] loss=0.1310 acc=0.9632
[2026-07-25 16:20:34,650] 172 root - INFO -   [Client 9] loss=0.0973 acc=0.9737
[2026-07-25 16:21:10,846] 172 root - INFO -   [Client 16] loss=0.0044 acc=0.9988
[2026-07-25 16:21:13,105] 172 root - INFO -   [Client 8] loss=0.0798 acc=0.9815
[2026-07-25 16:21:14,024] 172 root - INFO -   [Client 15] loss=1.4168 acc=0.7296
[2026-07-25 16:21:17,379] 172 root - INFO -   [Client 35] loss=0.1445 acc=0.9595
[2026-07-25 16:21:25,629] 172 root - INFO -   [Client 34] loss=0.0237 acc=0.9951
[2026-07-25 16:21:32,048] 172 root - INFO -   [Client 46] loss=0.0618 acc=0.9848
[2026-07-25 16:21:36,902] 172 root - INFO -   [Client 37] loss=0.1980 acc=0.9340
[2026-07-25 16:21:51,800] 172 root - INFO -   [Client 27] loss=0.0092 acc=0.9964
[2026-07-25 16:22:07,519] 172 root - INFO -   [Client 40] loss=0.0076 acc=0.9970
[2026-07-25 16:22:09,541] 172 root - INFO -   [Client 25] loss=0.0870 acc=0.9775
[2026-07-25 16:22:13,393] 172 root - INFO -   [Client 23] loss=0.0756 acc=0.9655
[2026-07-25 16:22:16,012] 172 root - INFO -   [Client 14] loss=0.0899 acc=0.9770
[2026-07-25 16:22:16,932] 172 root - INFO -   [Client 45] loss=0.7369 acc=0.8713
[2026-07-25 16:22:20,233] 172 root - INFO -   [Client 32] loss=0.0803 acc=0.9805
[2026-07-25 16:22:22,085] 172 root - INFO -   [Client 31] loss=0.5704 acc=0.8505
[2026-07-25 16:22:29,329] 172 root - INFO -   [Client 5] loss=0.0192 acc=0.9946
[2026-07-25 16:22:30,915] 172 root - INFO -   [Client 24] loss=0.4495 acc=0.8881
[2026-07-25 16:22:30,930] 190 root - INFO - [Pipeline] Round 6 aggregated — flagged=0, min_trust=0.0000, max_trust=0.0000
[2026-07-25 16:22:35,970] 81 root - INFO - [Server] Round 6 — loss=0.0991, macro_f1=0.5826, acc=0.9798, fpr=0.0050
[2026-07-25 16:22:36,032] 205 root - INFO - [Pipeline] Round 6 eval — macro_f1=0.5826, acc=0.9798, loss=0.0991
[2026-07-25 16:22:36,033] 145 root - INFO - 
[Pipeline] ===== Round 7/30 =====
[2026-07-25 16:22:45,664] 172 root - INFO -   [Client 3] loss=0.0319 acc=0.9934
[2026-07-25 16:22:48,706] 172 root - INFO -   [Client 7] loss=0.2491 acc=0.9500
[2026-07-25 16:22:59,124] 172 root - INFO -   [Client 9] loss=0.0974 acc=0.9738
[2026-07-25 16:23:14,757] 172 root - INFO -   [Client 40] loss=0.0073 acc=0.9972
[2026-07-25 16:23:25,675] 172 root - INFO -   [Client 10] loss=0.0176 acc=0.9959
[2026-07-25 16:23:41,017] 172 root - INFO -   [Client 43] loss=0.0064 acc=0.9981
[2026-07-25 16:23:55,949] 172 root - INFO -   [Client 27] loss=0.0086 acc=0.9965
[2026-07-25 16:23:57,462] 172 root - INFO -   [Client 38] loss=0.9022 acc=0.8189
[2026-07-25 16:23:58,511] 172 root - INFO -   [Client 4] loss=0.1984 acc=0.9550
[2026-07-25 16:24:00,130] 172 root - INFO -   [Client 24] loss=0.4653 acc=0.8876
[2026-07-25 16:24:06,681] 172 root - INFO -   [Client 46] loss=0.0621 acc=0.9851
[2026-07-25 16:24:09,617] 172 root - INFO -   [Client 42] loss=0.0612 acc=0.9863
[2026-07-25 16:24:12,225] 172 root - INFO -   [Client 29] loss=0.1340 acc=0.9646
[2026-07-25 16:24:16,849] 172 root - INFO -   [Client 33] loss=0.0207 acc=0.9940
[2026-07-25 16:24:52,704] 172 root - INFO -   [Client 16] loss=0.0041 acc=0.9989
[2026-07-25 16:24:57,684] 172 root - INFO -   [Client 0] loss=0.0121 acc=0.9969
[2026-07-25 16:24:58,860] 172 root - INFO -   [Client 48] loss=0.1121 acc=0.9750
[2026-07-25 16:25:02,844] 172 root - INFO -   [Client 17] loss=0.0260 acc=0.9908
[2026-07-25 16:25:03,914] 172 root - INFO -   [Client 21] loss=1.2893 acc=0.7041
[2026-07-25 16:25:21,578] 172 root - INFO -   [Client 49] loss=0.1813 acc=0.9721
[2026-07-25 16:25:21,593] 190 root - INFO - [Pipeline] Round 7 aggregated — flagged=0, min_trust=0.0000, max_trust=0.0000
[2026-07-25 16:25:26,640] 81 root - INFO - [Server] Round 7 — loss=0.0983, macro_f1=0.5826, acc=0.9799, fpr=0.0049
[2026-07-25 16:25:26,702] 205 root - INFO - [Pipeline] Round 7 eval — macro_f1=0.5826, acc=0.9799, loss=0.0983
[2026-07-25 16:25:26,703] 145 root - INFO - 
[Pipeline] ===== Round 8/30 =====
[2026-07-25 16:25:39,460] 172 root - INFO -   [Client 18] loss=0.0391 acc=0.9920
[2026-07-25 16:25:54,682] 172 root - INFO -   [Client 27] loss=0.0084 acc=0.9966
[2026-07-25 16:26:05,648] 172 root - INFO -   [Client 10] loss=0.0171 acc=0.9961
[2026-07-25 16:26:08,254] 172 root - INFO -   [Client 29] loss=0.1419 acc=0.9637
[2026-07-25 16:26:13,086] 172 root - INFO -   [Client 0] loss=0.0112 acc=0.9970
[2026-07-25 16:26:48,850] 172 root - INFO -   [Client 16] loss=0.0039 acc=0.9989
[2026-07-25 16:26:52,133] 172 root - INFO -   [Client 32] loss=0.0796 acc=0.9810
[2026-07-25 16:26:58,815] 172 root - INFO -   [Client 11] loss=0.1581 acc=0.9490
[2026-07-25 16:27:14,138] 172 root - INFO -   [Client 43] loss=0.0061 acc=0.9982
[2026-07-25 16:27:15,643] 172 root - INFO -   [Client 6] loss=0.4848 acc=0.8628
[2026-07-25 16:27:16,341] 172 root - INFO -   [Client 19] loss=0.2163 acc=0.9537
[2026-07-25 16:27:35,298] 172 root - INFO -   [Client 41] loss=0.0261 acc=0.9947
[2026-07-25 16:27:35,553] 172 root - INFO -   [Client 12] loss=5.5836 acc=0.0726
[2026-07-25 16:27:45,879] 172 root - INFO -   [Client 9] loss=0.0970 acc=0.9740
[2026-07-25 16:27:49,786] 172 root - INFO -   [Client 23] loss=0.0696 acc=0.9675
[2026-07-25 16:28:40,699] 172 root - INFO -   [Client 47] loss=0.0075 acc=0.9986
[2026-07-25 16:28:45,405] 172 root - INFO -   [Client 33] loss=0.0208 acc=0.9940
[2026-07-25 16:28:46,343] 172 root - INFO -   [Client 45] loss=0.8230 acc=0.8847
[2026-07-25 16:28:51,334] 172 root - INFO -   [Client 20] loss=0.1835 acc=0.9538
[2026-07-25 16:28:52,185] 172 root - INFO -   [Client 15] loss=1.6329 acc=0.7032
[2026-07-25 16:28:52,201] 190 root - INFO - [Pipeline] Round 8 aggregated — flagged=0, min_trust=0.0000, max_trust=0.0000
[2026-07-25 16:28:57,143] 81 root - INFO - [Server] Round 8 — loss=0.0960, macro_f1=0.5680, acc=0.9797, fpr=0.0051
[2026-07-25 16:28:57,205] 205 root - INFO - [Pipeline] Round 8 eval — macro_f1=0.5680, acc=0.9797, loss=0.0960
[2026-07-25 16:28:57,205] 145 root - INFO - 
[Pipeline] ===== Round 9/30 =====
[2026-07-25 16:28:59,627] 172 root - INFO -   [Client 1] loss=0.2283 acc=0.9272
[2026-07-25 16:29:02,582] 172 root - INFO -   [Client 7] loss=0.2538 acc=0.9501
[2026-07-25 16:29:06,600] 172 root - INFO -   [Client 23] loss=0.0709 acc=0.9672
[2026-07-25 16:29:07,187] 172 root - INFO -   [Client 19] loss=0.2180 acc=0.9531
[2026-07-25 16:29:08,007] 172 root - INFO -   [Client 15] loss=1.8690 acc=0.6624
[2026-07-25 16:29:17,412] 172 root - INFO -   [Client 3] loss=0.0312 acc=0.9935
[2026-07-25 16:29:18,446] 172 root - INFO -   [Client 45] loss=0.8501 acc=0.8805
[2026-07-25 16:29:19,322] 172 root - INFO -   [Client 36] loss=1.7909 acc=0.6289
[2026-07-25 16:29:26,609] 172 root - INFO -   [Client 5] loss=0.0175 acc=0.9951
[2026-07-25 16:29:45,358] 172 root - INFO -   [Client 41] loss=0.0256 acc=0.9947
[2026-07-25 16:29:47,237] 172 root - INFO -   [Client 31] loss=0.6441 acc=0.8443
[2026-07-25 16:29:48,301] 172 root - INFO -   [Client 4] loss=0.1989 acc=0.9557
[2026-07-25 16:29:56,679] 172 root - INFO -   [Client 34] loss=0.0222 acc=0.9955
[2026-07-25 16:29:58,886] 172 root - INFO -   [Client 8] loss=0.0718 acc=0.9846
[2026-07-25 16:30:01,771] 172 root - INFO -   [Client 42] loss=0.0598 acc=0.9865
[2026-07-25 16:30:03,612] 172 root - INFO -   [Client 30] loss=0.0474 acc=0.9889
[2026-07-25 16:30:14,467] 172 root - INFO -   [Client 10] loss=0.0168 acc=0.9961
[2026-07-25 16:30:50,274] 172 root - INFO -   [Client 16] loss=0.0039 acc=0.9989
[2026-07-25 16:31:05,317] 172 root - INFO -   [Client 27] loss=0.0083 acc=0.9966
[2026-07-25 16:31:10,206] 172 root - INFO -   [Client 37] loss=0.1963 acc=0.9351
[2026-07-25 16:31:10,221] 190 root - INFO - [Pipeline] Round 9 aggregated — flagged=0, min_trust=0.0000, max_trust=0.0000
[2026-07-25 16:31:15,027] 81 root - INFO - [Server] Round 9 — loss=0.0987, macro_f1=0.5879, acc=0.9802, fpr=0.0049
[2026-07-25 16:31:15,089] 205 root - INFO - [Pipeline] Round 9 eval — macro_f1=0.5879, acc=0.9802, loss=0.0987
[2026-07-25 16:31:15,090] 145 root - INFO - 
[Pipeline] ===== Round 10/30 =====
[2026-07-25 16:31:17,070] 172 root - INFO -   [Client 13] loss=0.9407 acc=0.8124
[2026-07-25 16:31:25,823] 172 root - INFO -   [Client 34] loss=0.0220 acc=0.9955
[2026-07-25 16:31:32,423] 172 root - INFO -   [Client 46] loss=0.0614 acc=0.9853
[2026-07-25 16:31:39,267] 172 root - INFO -   [Client 44] loss=0.0698 acc=0.9773
[2026-07-25 16:31:39,608] 172 root - INFO -   [Client 12] loss=5.6579 acc=0.0663
[2026-07-25 16:31:40,149] 172 root - INFO -   [Client 19] loss=0.2066 acc=0.9562
[2026-07-25 16:31:42,021] 172 root - INFO -   [Client 25] loss=0.0907 acc=0.9772
[2026-07-25 16:31:44,923] 172 root - INFO -   [Client 42] loss=0.0601 acc=0.9866
[2026-07-25 16:32:03,971] 172 root - INFO -   [Client 41] loss=0.0254 acc=0.9948
[2026-07-25 16:32:07,949] 172 root - INFO -   [Client 23] loss=0.0662 acc=0.9684
[2026-07-25 16:32:09,899] 172 root - INFO -   [Client 28] loss=0.4364 acc=0.9074
[2026-07-25 16:32:14,607] 172 root - INFO -   [Client 33] loss=0.0204 acc=0.9942
[2026-07-25 16:32:15,635] 172 root - INFO -   [Client 39] loss=0.2226 acc=0.9265
[2026-07-25 16:32:18,653] 172 root - INFO -   [Client 7] loss=0.2130 acc=0.9585
[2026-07-25 16:32:19,460] 172 root - INFO -   [Client 15] loss=1.7838 acc=0.6835
[2026-07-25 16:32:22,079] 172 root - INFO -   [Client 14] loss=0.0887 acc=0.9788
[2026-07-25 16:32:23,252] 172 root - INFO -   [Client 4] loss=0.1522 acc=0.9648
[2026-07-25 16:32:24,224] 172 root - INFO -   [Client 21] loss=1.3540 acc=0.6904
[2026-07-25 16:32:26,252] 172 root - INFO -   [Client 1] loss=0.2242 acc=0.9282
[2026-07-25 16:32:38,417] 172 root - INFO -   [Client 18] loss=0.0385 acc=0.9920
[2026-07-25 16:32:38,432] 190 root - INFO - [Pipeline] Round 10 aggregated — flagged=0, min_trust=0.0000, max_trust=0.0000
[2026-07-25 16:32:43,332] 81 root - INFO - [Server] Round 10 — loss=0.0655, macro_f1=0.5895, acc=0.9802, fpr=0.0049
[2026-07-25 16:32:43,394] 205 root - INFO - [Pipeline] Round 10 eval — macro_f1=0.5895, acc=0.9802, loss=0.0655
[2026-07-25 16:32:43,395] 145 root - INFO - 
[Pipeline] ===== Round 11/30 =====
[2026-07-25 16:32:47,049] 172 root - INFO -   [Client 35] loss=0.1169 acc=0.9648
[2026-07-25 16:32:49,629] 259 root - INFO - [Attacker] LIE attack applied (z=2.0).
[2026-07-25 16:32:49,629] 170 root - INFO -   [Client 14] ATTACK ACTIVE | loss=0.0686
[2026-07-25 16:32:54,559] 259 root - INFO - [Attacker] LIE attack applied (z=2.0).
[2026-07-25 16:32:54,559] 170 root - INFO -   [Client 37] ATTACK ACTIVE | loss=0.1863
[2026-07-25 16:32:55,685] 172 root - INFO -   [Client 48] loss=0.0714 acc=0.9825
[2026-07-25 16:33:00,616] 172 root - INFO -   [Client 0] loss=0.0107 acc=0.9973
[2026-07-25 16:33:01,678] 172 root - INFO -   [Client 4] loss=0.1080 acc=0.9735
[2026-07-25 16:33:17,381] 259 root - INFO - [Attacker] LIE attack applied (z=2.0).
[2026-07-25 16:33:17,381] 170 root - INFO -   [Client 40] ATTACK ACTIVE | loss=0.0068
[2026-07-25 16:33:26,510] 172 root - INFO -   [Client 3] loss=0.0300 acc=0.9937
[2026-07-25 16:33:33,128] 172 root - INFO -   [Client 46] loss=0.0572 acc=0.9857
[2026-07-25 16:33:39,896] 172 root - INFO -   [Client 44] loss=0.0683 acc=0.9774
[2026-07-25 16:33:44,812] 259 root - INFO - [Attacker] LIE attack applied (z=2.0).
[2026-07-25 16:33:44,812] 170 root - INFO -   [Client 2] ATTACK ACTIVE | loss=0.0423
[2026-07-25 16:33:45,891] 172 root - INFO -   [Client 21] loss=0.6402 acc=0.8145
[2026-07-25 16:34:01,233] 172 root - INFO -   [Client 43] loss=0.0056 acc=0.9984
[2026-07-25 16:34:04,532] 172 root - INFO -   [Client 32] loss=0.0751 acc=0.9813
[2026-07-25 16:34:05,322] 259 root - INFO - [Attacker] LIE attack applied (z=2.0).
[2026-07-25 16:34:05,322] 170 root - INFO -   [Client 15] ATTACK ACTIVE | loss=1.2142
[2026-07-25 16:34:09,196] 259 root - INFO - [Attacker] LIE attack applied (z=2.0).
[2026-07-25 16:34:09,196] 170 root - INFO -   [Client 17] ATTACK ACTIVE | loss=0.0249
[2026-07-25 16:34:11,136] 172 root - INFO -   [Client 31] loss=0.3989 acc=0.8757
[2026-07-25 16:34:12,843] 172 root - INFO -   [Client 13] loss=0.6021 acc=0.8555
[2026-07-25 16:34:15,030] 259 root - INFO - [Attacker] LIE attack applied (z=2.0).
[2026-07-25 16:34:15,030] 170 root - INFO -   [Client 8] ATTACK ACTIVE | loss=0.0432
[2026-07-25 16:34:18,924] 172 root - INFO -   [Client 23] loss=0.0638 acc=0.9693
[2026-07-25 16:34:19,047] 190 root - INFO - [Pipeline] Round 11 aggregated — flagged=0, min_trust=0.0000, max_trust=0.0000
[2026-07-25 16:34:23,988] 81 root - INFO - [Server] Round 11 — loss=0.0737, macro_f1=0.5898, acc=0.9803, fpr=0.0048
[2026-07-25 16:34:24,053] 205 root - INFO - [Pipeline] Round 11 eval — macro_f1=0.5898, acc=0.9803, loss=0.0737
[2026-07-25 16:34:24,054] 145 root - INFO - 
[Pipeline] ===== Round 12/30 =====
[2026-07-25 16:34:25,272] 172 root - INFO -   [Client 36] loss=1.0210 acc=0.7523
[2026-07-25 16:34:43,142] 259 root - INFO - [Attacker] LIE attack applied (z=2.0).
[2026-07-25 16:34:43,142] 170 root - INFO -   [Client 49] ATTACK ACTIVE | loss=0.1725
[2026-07-25 16:34:44,995] 172 root - INFO -   [Client 30] loss=0.0389 acc=0.9910
[2026-07-25 16:34:45,797] 259 root - INFO - [Attacker] LIE attack applied (z=2.0).
[2026-07-25 16:34:45,798] 170 root - INFO -   [Client 15] ATTACK ACTIVE | loss=1.1595
[2026-07-25 16:35:38,069] 259 root - INFO - [Attacker] LIE attack applied (z=2.0).
[2026-07-25 16:35:38,069] 170 root - INFO -   [Client 47] ATTACK ACTIVE | loss=0.0072
[2026-07-25 16:35:40,191] 172 root - INFO -   [Client 26] loss=0.3692 acc=0.9129
[2026-07-25 16:35:40,447] 172 root - INFO -   [Client 12] loss=4.4771 acc=0.1431
[2026-07-25 16:35:41,945] 259 root - INFO - [Attacker] LIE attack applied (z=2.0).
[2026-07-25 16:35:41,946] 170 root - INFO -   [Client 6] ATTACK ACTIVE | loss=0.3282
[2026-07-25 16:35:44,922] 172 root - INFO -   [Client 42] loss=0.0574 acc=0.9868
[2026-07-25 16:36:00,597] 259 root - INFO - [Attacker] LIE attack applied (z=2.0).
[2026-07-25 16:36:00,597] 170 root - INFO -   [Client 27] ATTACK ACTIVE | loss=0.0079
[2026-07-25 16:36:05,904] 172 root - INFO -   [Client 22] loss=0.0289 acc=0.9926
[2026-07-25 16:36:21,546] 259 root - INFO - [Attacker] LIE attack applied (z=2.0).
[2026-07-25 16:36:21,546] 170 root - INFO -   [Client 40] ATTACK ACTIVE | loss=0.0066
[2026-07-25 16:36:28,445] 172 root - INFO -   [Client 44] loss=0.0679 acc=0.9775
[2026-07-25 16:36:31,040] 172 root - INFO -   [Client 29] loss=0.1128 acc=0.9673
[2026-07-25 16:36:40,414] 172 root - INFO -   [Client 3] loss=0.0299 acc=0.9937
[2026-07-25 16:36:59,386] 172 root - INFO -   [Client 41] loss=0.0249 acc=0.9949
[2026-07-25 16:37:02,647] 172 root - INFO -   [Client 35] loss=0.1141 acc=0.9660
[2026-07-25 16:37:04,652] 172 root - INFO -   [Client 25] loss=0.0735 acc=0.9806
[2026-07-25 16:37:05,656] 172 root - INFO -   [Client 21] loss=0.7332 acc=0.7996
[2026-07-25 16:37:08,933] 172 root - INFO -   [Client 32] loss=0.0751 acc=0.9814
[2026-07-25 16:37:08,949] 190 root - INFO - [Pipeline] Round 12 aggregated — flagged=0, min_trust=0.0000, max_trust=0.0000
[2026-07-25 16:37:14,019] 81 root - INFO - [Server] Round 12 — loss=0.0754, macro_f1=0.5477, acc=0.9817, fpr=0.0048
[2026-07-25 16:37:14,082] 205 root - INFO - [Pipeline] Round 12 eval — macro_f1=0.5477, acc=0.9817, loss=0.0754
[2026-07-25 16:37:14,083] 145 root - INFO - 
[Pipeline] ===== Round 13/30 =====
[2026-07-25 16:37:16,051] 259 root - INFO - [Attacker] LIE attack applied (z=2.0).
[2026-07-25 16:37:16,051] 170 root - INFO -   [Client 6] ATTACK ACTIVE | loss=0.4065
[2026-07-25 16:37:16,864] 259 root - INFO - [Attacker] LIE attack applied (z=2.0).
[2026-07-25 16:37:16,864] 170 root - INFO -   [Client 15] ATTACK ACTIVE | loss=1.4507
[2026-07-25 16:37:17,101] 172 root - INFO -   [Client 12] loss=5.4926 acc=0.0598
[2026-07-25 16:38:08,860] 259 root - INFO - [Attacker] LIE attack applied (z=2.0).
[2026-07-25 16:38:08,860] 170 root - INFO -   [Client 47] ATTACK ACTIVE | loss=0.0072
[2026-07-25 16:38:17,108] 259 root - INFO - [Attacker] LIE attack applied (z=2.0).
[2026-07-25 16:38:17,108] 170 root - INFO -   [Client 34] ATTACK ACTIVE | loss=0.0218
[2026-07-25 16:38:19,159] 172 root - INFO -   [Client 28] loss=0.3490 acc=0.9118
[2026-07-25 16:38:21,441] 259 root - INFO - [Attacker] LIE attack applied (z=2.0).
[2026-07-25 16:38:21,441] 170 root - INFO -   [Client 8] ATTACK ACTIVE | loss=0.0511
[2026-07-25 16:38:36,410] 259 root - INFO - [Attacker] LIE attack applied (z=2.0).
[2026-07-25 16:38:36,410] 170 root - INFO -   [Client 27] ATTACK ACTIVE | loss=0.0078
[2026-07-25 16:38:42,970] 172 root - INFO -   [Client 11] loss=0.1501 acc=0.9502
[2026-07-25 16:38:46,909] 259 root - INFO - [Attacker] LIE attack applied (z=2.0).
[2026-07-25 16:38:46,909] 170 root - INFO -   [Client 17] ATTACK ACTIVE | loss=0.0245
[2026-07-25 16:38:49,462] 172 root - INFO -   [Client 29] loss=0.1269 acc=0.9649
[2026-07-25 16:38:50,598] 172 root - INFO -   [Client 48] loss=0.1085 acc=0.9767
[2026-07-25 16:38:51,745] 172 root - INFO -   [Client 4] loss=0.1403 acc=0.9675
[2026-07-25 16:38:58,606] 172 root - INFO -   [Client 44] loss=0.0678 acc=0.9776
[2026-07-25 16:39:01,977] 172 root - INFO -   [Client 35] loss=0.1221 acc=0.9648
[2026-07-25 16:39:19,475] 259 root - INFO - [Attacker] LIE attack applied (z=2.0).
[2026-07-25 16:39:19,475] 170 root - INFO -   [Client 49] ATTACK ACTIVE | loss=0.1718
[2026-07-25 16:39:28,666] 172 root - INFO -   [Client 3] loss=0.0300 acc=0.9937
[2026-07-25 16:39:33,540] 172 root - INFO -   [Client 0] loss=0.0101 acc=0.9974
[2026-07-25 16:39:41,098] 259 root - INFO - [Attacker] LIE attack applied (z=2.0).
[2026-07-25 16:39:41,099] 170 root - INFO -   [Client 5] ATTACK ACTIVE | loss=0.0162
[2026-07-25 16:39:42,141] 172 root - INFO -   [Client 39] loss=0.2085 acc=0.9270
[2026-07-25 16:39:42,158] 190 root - INFO - [Pipeline] Round 13 aggregated — flagged=0, min_trust=0.0000, max_trust=0.0000
[2026-07-25 16:39:47,222] 81 root - INFO - [Server] Round 13 — loss=0.0739, macro_f1=0.5554, acc=0.9792, fpr=0.0050
[2026-07-25 16:39:47,284] 205 root - INFO - [Pipeline] Round 13 eval — macro_f1=0.5554, acc=0.9792, loss=0.0739
[2026-07-25 16:39:47,285] 145 root - INFO - 
[Pipeline] ===== Round 14/30 =====
[2026-07-25 16:39:48,898] 172 root - INFO -   [Client 48] loss=0.0843 acc=0.9814
[2026-07-25 16:39:49,701] 259 root - INFO - [Attacker] LIE attack applied (z=2.0).
[2026-07-25 16:39:49,701] 170 root - INFO -   [Client 15] ATTACK ACTIVE | loss=1.3976
[2026-07-25 16:40:00,354] 172 root - INFO -   [Client 10] loss=0.0160 acc=0.9964
[2026-07-25 16:40:02,471] 172 root - INFO -   [Client 26] loss=0.4840 acc=0.8917
[2026-07-25 16:40:04,366] 172 root - INFO -   [Client 31] loss=0.4630 acc=0.8588
[2026-07-25 16:40:06,234] 172 root - INFO -   [Client 30] loss=0.0419 acc=0.9895
[2026-07-25 16:40:07,915] 172 root - INFO -   [Client 13] loss=0.7264 acc=0.8319
[2026-07-25 16:40:09,865] 172 root - INFO -   [Client 25] loss=0.0781 acc=0.9799
[2026-07-25 16:40:19,203] 172 root - INFO -   [Client 3] loss=0.0297 acc=0.9937
[2026-07-25 16:41:12,960] 259 root - INFO - [Attacker] LIE attack applied (z=2.0).
[2026-07-25 16:41:12,960] 170 root - INFO -   [Client 47] ATTACK ACTIVE | loss=0.0071
[2026-07-25 16:41:14,580] 172 root - INFO -   [Client 24] loss=0.3853 acc=0.8989
[2026-07-25 16:41:19,509] 172 root - INFO -   [Client 0] loss=0.0099 acc=0.9974
[2026-07-25 16:41:20,530] 172 root - INFO -   [Client 39] loss=0.1848 acc=0.9298
[2026-07-25 16:41:57,380] 172 root - INFO -   [Client 16] loss=0.0037 acc=0.9990
[2026-07-25 16:42:00,045] 172 root - INFO -   [Client 29] loss=0.1177 acc=0.9661
[2026-07-25 16:42:12,151] 172 root - INFO -   [Client 18] loss=0.0376 acc=0.9921
[2026-07-25 16:42:27,216] 259 root - INFO - [Attacker] LIE attack applied (z=2.0).
[2026-07-25 16:42:27,217] 170 root - INFO -   [Client 27] ATTACK ACTIVE | loss=0.0077
[2026-07-25 16:42:28,167] 172 root - INFO -   [Client 45] loss=0.5913 acc=0.8892
[2026-07-25 16:42:38,710] 172 root - INFO -   [Client 9] loss=0.0935 acc=0.9743
[2026-07-25 16:42:40,320] 259 root - INFO - [Attacker] LIE attack applied (z=2.0).
[2026-07-25 16:42:40,320] 170 root - INFO -   [Client 6] ATTACK ACTIVE | loss=0.3796
[2026-07-25 16:42:40,337] 190 root - INFO - [Pipeline] Round 14 aggregated — flagged=0, min_trust=0.0000, max_trust=0.0000
[2026-07-25 16:42:45,371] 81 root - INFO - [Server] Round 14 — loss=0.0927, macro_f1=0.5816, acc=0.9789, fpr=0.0053
[2026-07-25 16:42:45,434] 205 root - INFO - [Pipeline] Round 14 eval — macro_f1=0.5816, acc=0.9789, loss=0.0927
[2026-07-25 16:42:45,434] 145 root - INFO - 
[Pipeline] ===== Round 15/30 =====
[2026-07-25 16:42:57,934] 172 root - INFO -   [Client 18] loss=0.0376 acc=0.9921
[2026-07-25 16:42:59,531] 172 root - INFO -   [Client 13] loss=0.8513 acc=0.8126
[2026-07-25 16:43:08,725] 172 root - INFO -   [Client 3] loss=0.0297 acc=0.9938
[2026-07-25 16:43:13,612] 259 root - INFO - [Attacker] LIE attack applied (z=2.0).
[2026-07-25 16:43:13,612] 170 root - INFO -   [Client 37] ATTACK ACTIVE | loss=0.1915
[2026-07-25 16:43:21,944] 259 root - INFO - [Attacker] LIE attack applied (z=2.0).
[2026-07-25 16:43:21,944] 170 root - INFO -   [Client 34] ATTACK ACTIVE | loss=0.0217
[2026-07-25 16:44:14,145] 259 root - INFO - [Attacker] LIE attack applied (z=2.0).
[2026-07-25 16:44:14,145] 170 root - INFO -   [Client 47] ATTACK ACTIVE | loss=0.0070
[2026-07-25 16:44:19,199] 172 root - INFO -   [Client 20] loss=0.1611 acc=0.9575
[2026-07-25 16:44:25,992] 172 root - INFO -   [Client 44] loss=0.0683 acc=0.9776
[2026-07-25 16:44:28,916] 172 root - INFO -   [Client 42] loss=0.0578 acc=0.9866
[2026-07-25 16:44:35,367] 172 root - INFO -   [Client 46] loss=0.0589 acc=0.9855
[2026-07-25 16:44:37,316] 172 root - INFO -   [Client 30] loss=0.0431 acc=0.9903
[2026-07-25 16:44:40,632] 172 root - INFO -   [Client 32] loss=0.0763 acc=0.9812
[2026-07-25 16:44:45,353] 172 root - INFO -   [Client 33] loss=0.0199 acc=0.9943
[2026-07-25 16:44:56,212] 172 root - INFO -   [Client 10] loss=0.0158 acc=0.9965
[2026-07-25 16:45:15,022] 172 root - INFO -   [Client 41] loss=0.0248 acc=0.9949
[2026-07-25 16:45:16,691] 172 root - INFO -   [Client 38] loss=0.8025 acc=0.8305
[2026-07-25 16:45:24,113] 259 root - INFO - [Attacker] LIE attack applied (z=2.0).
[2026-07-25 16:45:24,113] 170 root - INFO -   [Client 5] ATTACK ACTIVE | loss=0.0160
[2026-07-25 16:45:30,691] 172 root - INFO -   [Client 11] loss=0.1520 acc=0.9500
[2026-07-25 16:45:31,852] 172 root - INFO -   [Client 4] loss=0.1453 acc=0.9667
[2026-07-25 16:45:32,429] 172 root - INFO -   [Client 19] loss=0.1822 acc=0.9582
[2026-07-25 16:45:32,446] 190 root - INFO - [Pipeline] Round 15 aggregated — flagged=0, min_trust=0.0000, max_trust=0.0000
[2026-07-25 16:45:37,703] 81 root - INFO - [Server] Round 15 — loss=0.0704, macro_f1=0.5288, acc=0.9797, fpr=0.0050
[2026-07-25 16:45:37,732] 205 root - INFO - [Pipeline] Round 15 eval — macro_f1=0.5288, acc=0.9797, loss=0.0704
[2026-07-25 16:45:37,733] 145 root - INFO - 
[Pipeline] ===== Round 16/30 =====
[2026-07-25 16:45:39,130] 172 root - INFO -   [Client 4] loss=0.1306 acc=0.9695
[2026-07-25 16:45:54,692] 172 root - INFO -   [Client 43] loss=0.0052 acc=0.9984
[2026-07-25 16:45:55,497] 259 root - INFO - [Attacker] LIE attack applied (z=2.0).
[2026-07-25 16:45:55,498] 170 root - INFO -   [Client 15] ATTACK ACTIVE | loss=1.5941
[2026-07-25 16:45:57,473] 172 root - INFO -   [Client 25] loss=0.0819 acc=0.9788
[2026-07-25 16:46:00,506] 259 root - INFO - [Attacker] LIE attack applied (z=2.0).
[2026-07-25 16:46:00,506] 170 root - INFO -   [Client 7] ATTACK ACTIVE | loss=0.1806
[2026-07-25 16:46:01,367] 172 root - INFO -   [Client 36] loss=1.0161 acc=0.7420
[2026-07-25 16:46:52,554] 259 root - INFO - [Attacker] LIE attack applied (z=2.0).
[2026-07-25 16:46:52,554] 170 root - INFO -   [Client 47] ATTACK ACTIVE | loss=0.0070
[2026-07-25 16:46:57,507] 259 root - INFO - [Attacker] LIE attack applied (z=2.0).
[2026-07-25 16:46:57,507] 170 root - INFO -   [Client 37] ATTACK ACTIVE | loss=0.1862
[2026-07-25 16:46:59,115] 172 root - INFO -   [Client 38] loss=0.5508 acc=0.8632
[2026-07-25 16:47:04,272] 259 root - INFO - [Attacker] LIE attack applied (z=2.0).
[2026-07-25 16:47:04,272] 170 root - INFO -   [Client 2] ATTACK ACTIVE | loss=0.0416
[2026-07-25 16:47:05,285] 172 root - INFO -   [Client 39] loss=0.2069 acc=0.9275
[2026-07-25 16:47:12,699] 259 root - INFO - [Attacker] LIE attack applied (z=2.0).
[2026-07-25 16:47:12,699] 170 root - INFO -   [Client 5] ATTACK ACTIVE | loss=0.0162
[2026-07-25 16:47:14,838] 172 root - INFO -   [Client 26] loss=0.5318 acc=0.8748
[2026-07-25 16:47:21,724] 172 root - INFO -   [Client 44] loss=0.0676 acc=0.9777
[2026-07-25 16:47:26,684] 172 root - INFO -   [Client 33] loss=0.0205 acc=0.9943
[2026-07-25 16:47:31,603] 172 root - INFO -   [Client 20] loss=0.1520 acc=0.9585
[2026-07-25 16:48:07,912] 172 root - INFO -   [Client 16] loss=0.0036 acc=0.9990
[2026-07-25 16:48:09,611] 172 root - INFO -   [Client 13] loss=0.7502 acc=0.8203
[2026-07-25 16:48:17,896] 259 root - INFO - [Attacker] LIE attack applied (z=2.0).
[2026-07-25 16:48:17,896] 170 root - INFO -   [Client 34] ATTACK ACTIVE | loss=0.0214
[2026-07-25 16:48:18,930] 172 root - INFO -   [Client 45] loss=0.6046 acc=0.8824
[2026-07-25 16:48:18,947] 190 root - INFO - [Pipeline] Round 16 aggregated — flagged=0, min_trust=0.0000, max_trust=0.0000
[2026-07-25 16:48:23,932] 81 root - INFO - [Server] Round 16 — loss=0.0903, macro_f1=0.5251, acc=0.9796, fpr=0.0050
[2026-07-25 16:48:23,994] 205 root - INFO - [Pipeline] Round 16 eval — macro_f1=0.5251, acc=0.9796, loss=0.0903
[2026-07-25 16:48:23,995] 145 root - INFO - 
[Pipeline] ===== Round 17/30 =====
[2026-07-25 16:49:00,490] 172 root - INFO -   [Client 16] loss=0.0036 acc=0.9990
[2026-07-25 16:49:02,521] 172 root - INFO -   [Client 25] loss=0.0838 acc=0.9789
[2026-07-25 16:49:04,831] 259 root - INFO - [Attacker] LIE attack applied (z=2.0).
[2026-07-25 16:49:04,831] 170 root - INFO -   [Client 8] ATTACK ACTIVE | loss=0.0475
[2026-07-25 16:49:07,725] 172 root - INFO -   [Client 42] loss=0.0574 acc=0.9868
[2026-07-25 16:49:26,685] 172 root - INFO -   [Client 41] loss=0.0245 acc=0.9950
[2026-07-25 16:49:27,242] 172 root - INFO -   [Client 19] loss=0.1617 acc=0.9612
[2026-07-25 16:49:29,928] 172 root - INFO -   [Client 29] loss=0.1275 acc=0.9657
[2026-07-25 16:49:34,852] 172 root - INFO -   [Client 20] loss=0.1479 acc=0.9603
[2026-07-25 16:49:36,012] 172 root - INFO -   [Client 4] loss=0.1143 acc=0.9733
[2026-07-25 16:49:40,837] 172 root - INFO -   [Client 0] loss=0.0099 acc=0.9975
[2026-07-25 16:49:56,223] 172 root - INFO -   [Client 43] loss=0.0052 acc=0.9984
[2026-07-25 16:49:57,278] 172 root - INFO -   [Client 36] loss=1.2940 acc=0.7045
[2026-07-25 16:49:58,923] 259 root - INFO - [Attacker] LIE attack applied (z=2.0).
[2026-07-25 16:49:58,924] 170 root - INFO -   [Client 6] ATTACK ACTIVE | loss=0.4636
[2026-07-25 16:49:59,859] 172 root - INFO -   [Client 45] loss=0.6883 acc=0.8893
[2026-07-25 16:50:08,268] 259 root - INFO - [Attacker] LIE attack applied (z=2.0).
[2026-07-25 16:50:08,268] 170 root - INFO -   [Client 34] ATTACK ACTIVE | loss=0.0213
[2026-07-25 16:50:09,955] 172 root - INFO -   [Client 13] loss=0.8080 acc=0.8135
[2026-07-25 16:50:13,282] 172 root - INFO -   [Client 32] loss=0.0758 acc=0.9813
[2026-07-25 16:50:31,118] 259 root - INFO - [Attacker] LIE attack applied (z=2.0).
[2026-07-25 16:50:31,118] 170 root - INFO -   [Client 49] ATTACK ACTIVE | loss=0.1750
[2026-07-25 16:51:22,995] 259 root - INFO - [Attacker] LIE attack applied (z=2.0).
[2026-07-25 16:51:22,995] 170 root - INFO -   [Client 47] ATTACK ACTIVE | loss=0.0070
[2026-07-25 16:51:24,150] 172 root - INFO -   [Client 39] loss=0.2091 acc=0.9275
[2026-07-25 16:51:24,167] 190 root - INFO - [Pipeline] Round 17 aggregated — flagged=0, min_trust=0.0000, max_trust=0.0000
[2026-07-25 16:51:29,412] 81 root - INFO - [Server] Round 17 — loss=0.0812, macro_f1=0.5241, acc=0.9795, fpr=0.0049
[2026-07-25 16:51:29,475] 205 root - INFO - [Pipeline] Round 17 eval — macro_f1=0.5241, acc=0.9795, loss=0.0812
[2026-07-25 16:51:29,476] 145 root - INFO - 
[Pipeline] ===== Round 18/30 =====
[2026-07-25 16:51:35,068] 172 root - INFO -   [Client 22] loss=0.0287 acc=0.9927
[2026-07-25 16:51:36,236] 172 root - INFO -   [Client 4] loss=0.1267 acc=0.9714
[2026-07-25 16:51:37,055] 259 root - INFO - [Attacker] LIE attack applied (z=2.0).
[2026-07-25 16:51:37,055] 170 root - INFO -   [Client 15] ATTACK ACTIVE | loss=1.6852
[2026-07-25 16:51:41,060] 172 root - INFO -   [Client 23] loss=0.0662 acc=0.9685
[2026-07-25 16:51:53,126] 172 root - INFO -   [Client 18] loss=0.0375 acc=0.9921
[2026-07-25 16:52:03,969] 172 root - INFO -   [Client 10] loss=0.0156 acc=0.9965
[2026-07-25 16:52:05,856] 172 root - INFO -   [Client 28] loss=0.3653 acc=0.9051
[2026-07-25 16:52:14,159] 259 root - INFO - [Attacker] LIE attack applied (z=2.0).
[2026-07-25 16:52:14,160] 170 root - INFO -   [Client 34] ATTACK ACTIVE | loss=0.0214
[2026-07-25 16:52:14,709] 172 root - INFO -   [Client 19] loss=0.1522 acc=0.9622
[2026-07-25 16:52:15,736] 172 root - INFO -   [Client 39] loss=0.2050 acc=0.9277
[2026-07-25 16:52:20,453] 172 root - INFO -   [Client 33] loss=0.0197 acc=0.9943
[2026-07-25 16:52:25,424] 172 root - INFO -   [Client 0] loss=0.0098 acc=0.9975
[2026-07-25 16:52:28,719] 172 root - INFO -   [Client 35] loss=0.1255 acc=0.9641
[2026-07-25 16:52:47,507] 172 root - INFO -   [Client 41] loss=0.0245 acc=0.9950
[2026-07-25 16:52:49,020] 259 root - INFO - [Attacker] LIE attack applied (z=2.0).
[2026-07-25 16:52:49,021] 170 root - INFO -   [Client 6] ATTACK ACTIVE | loss=0.4735
[2026-07-25 16:52:51,291] 259 root - INFO - [Attacker] LIE attack applied (z=2.0).
[2026-07-25 16:52:51,291] 170 root - INFO -   [Client 8] ATTACK ACTIVE | loss=0.0459
[2026-07-25 16:53:27,399] 172 root - INFO -   [Client 16] loss=0.0035 acc=0.9990
[2026-07-25 16:53:30,514] 259 root - INFO - [Attacker] LIE attack applied (z=2.0).
[2026-07-25 16:53:30,515] 170 root - INFO -   [Client 7] ATTACK ACTIVE | loss=0.1797
[2026-07-25 16:53:35,883] 259 root - INFO - [Attacker] LIE attack applied (z=2.0).
[2026-07-25 16:53:35,884] 170 root - INFO -   [Client 37] ATTACK ACTIVE | loss=0.1890
[2026-07-25 16:53:42,453] 172 root - INFO -   [Client 46] loss=0.0582 acc=0.9856
[2026-07-25 16:53:42,470] 190 root - INFO - [Pipeline] Round 18 aggregated — flagged=0, min_trust=0.0000, max_trust=0.0000
[2026-07-25 16:53:47,539] 81 root - INFO - [Server] Round 18 — loss=0.0859, macro_f1=0.5882, acc=0.9803, fpr=0.0049
[2026-07-25 16:53:47,601] 205 root - INFO - [Pipeline] Round 18 eval — macro_f1=0.5882, acc=0.9803, loss=0.0859
[2026-07-25 16:53:47,602] 145 root - INFO - 
[Pipeline] ===== Round 19/30 =====
[2026-07-25 16:53:51,372] 172 root - INFO -   [Client 35] loss=0.1238 acc=0.9641
[2026-07-25 16:54:03,192] 172 root - INFO -   [Client 9] loss=0.0937 acc=0.9740
[2026-07-25 16:54:07,964] 259 root - INFO - [Attacker] LIE attack applied (z=2.0).
[2026-07-25 16:54:07,964] 170 root - INFO -   [Client 17] ATTACK ACTIVE | loss=0.0240
[2026-07-25 16:54:20,976] 172 root - INFO -   [Client 18] loss=0.0374 acc=0.9921
[2026-07-25 16:54:22,509] 172 root - INFO -   [Client 38] loss=0.7141 acc=0.8434
[2026-07-25 16:54:24,206] 172 root - INFO -   [Client 13] loss=0.8176 acc=0.8185
[2026-07-25 16:54:25,160] 172 root - INFO -   [Client 21] loss=1.0801 acc=0.7441
[2026-07-25 16:54:32,224] 172 root - INFO -   [Client 44] loss=0.0674 acc=0.9776
[2026-07-25 16:54:48,422] 259 root - INFO - [Attacker] LIE attack applied (z=2.0).
[2026-07-25 16:54:48,422] 170 root - INFO -   [Client 40] ATTACK ACTIVE | loss=0.0065
[2026-07-25 16:55:25,387] 172 root - INFO -   [Client 16] loss=0.0035 acc=0.9990
[2026-07-25 16:55:28,889] 172 root - INFO -   [Client 32] loss=0.0745 acc=0.9815
[2026-07-25 16:55:30,790] 172 root - INFO -   [Client 31] loss=0.5082 acc=0.8543
[2026-07-25 16:55:49,571] 172 root - INFO -   [Client 41] loss=0.0243 acc=0.9950
[2026-07-25 16:55:58,954] 172 root - INFO -   [Client 3] loss=0.0294 acc=0.9938
[2026-07-25 16:56:06,815] 259 root - INFO - [Attacker] LIE attack applied (z=2.0).
[2026-07-25 16:56:06,815] 170 root - INFO -   [Client 5] ATTACK ACTIVE | loss=0.0159
[2026-07-25 16:56:22,162] 259 root - INFO - [Attacker] LIE attack applied (z=2.0).
[2026-07-25 16:56:22,163] 170 root - INFO -   [Client 27] ATTACK ACTIVE | loss=0.0076
[2026-07-25 16:57:13,067] 259 root - INFO - [Attacker] LIE attack applied (z=2.0).
[2026-07-25 16:57:13,067] 170 root - INFO -   [Client 47] ATTACK ACTIVE | loss=0.0069
[2026-07-25 16:57:18,191] 259 root - INFO - [Attacker] LIE attack applied (z=2.0).
[2026-07-25 16:57:18,191] 170 root - INFO -   [Client 2] ATTACK ACTIVE | loss=0.0413
[2026-07-25 16:57:23,021] 172 root - INFO -   [Client 0] loss=0.0096 acc=0.9974
[2026-07-25 16:57:33,944] 172 root - INFO -   [Client 10] loss=0.0150 acc=0.9966
[2026-07-25 16:57:33,961] 190 root - INFO - [Pipeline] Round 19 aggregated — flagged=0, min_trust=0.0000, max_trust=0.0000
[2026-07-25 16:57:39,675] 81 root - INFO - [Server] Round 19 — loss=0.0909, macro_f1=0.6141, acc=0.9801, fpr=0.0050
[2026-07-25 16:57:39,751] 205 root - INFO - [Pipeline] Round 19 eval — macro_f1=0.6141, acc=0.9801, loss=0.0909
[2026-07-25 16:57:39,759] 145 root - INFO - 
[Pipeline] ===== Round 20/30 =====
[2026-07-25 16:57:58,235] 259 root - INFO - [Attacker] LIE attack applied (z=2.0).
[2026-07-25 16:57:58,235] 170 root - INFO -   [Client 49] ATTACK ACTIVE | loss=0.1746
[2026-07-25 16:58:00,381] 259 root - INFO - [Attacker] LIE attack applied (z=2.0).
[2026-07-25 16:58:00,381] 170 root - INFO -   [Client 8] ATTACK ACTIVE | loss=0.0515
[2026-07-25 16:58:16,068] 259 root - INFO - [Attacker] LIE attack applied (z=2.0).
[2026-07-25 16:58:16,068] 170 root - INFO -   [Client 40] ATTACK ACTIVE | loss=0.0064
[2026-07-25 16:58:52,176] 172 root - INFO -   [Client 16] loss=0.0035 acc=0.9990
[2026-07-25 16:59:02,983] 172 root - INFO -   [Client 10] loss=0.0155 acc=0.9966
[2026-07-25 16:59:05,104] 172 root - INFO -   [Client 28] loss=0.4064 acc=0.9022
[2026-07-25 16:59:08,359] 172 root - INFO -   [Client 35] loss=0.1319 acc=0.9632
[2026-07-25 16:59:23,411] 259 root - INFO - [Attacker] LIE attack applied (z=2.0).
[2026-07-25 16:59:23,411] 170 root - INFO -   [Client 27] ATTACK ACTIVE | loss=0.0077
[2026-07-25 16:59:38,669] 172 root - INFO -   [Client 43] loss=0.0050 acc=0.9985
[2026-07-25 16:59:43,711] 172 root - INFO -   [Client 0] loss=0.0096 acc=0.9974
[2026-07-25 16:59:46,790] 259 root - INFO - [Attacker] LIE attack applied (z=2.0).
[2026-07-25 16:59:46,790] 170 root - INFO -   [Client 7] ATTACK ACTIVE | loss=0.1932
[2026-07-25 16:59:47,831] 172 root - INFO -   [Client 4] loss=0.1166 acc=0.9728
[2026-07-25 16:59:58,267] 172 root - INFO -   [Client 9] loss=0.0935 acc=0.9743
[2026-07-25 17:00:06,802] 259 root - INFO - [Attacker] LIE attack applied (z=2.0).
[2026-07-25 17:00:06,802] 170 root - INFO -   [Client 34] ATTACK ACTIVE | loss=0.0211
[2026-07-25 17:00:11,812] 259 root - INFO - [Attacker] LIE attack applied (z=2.0).
[2026-07-25 17:00:11,812] 170 root - INFO -   [Client 2] ATTACK ACTIVE | loss=0.0414
[2026-07-25 17:00:15,784] 172 root - INFO -   [Client 23] loss=0.0662 acc=0.9686
[2026-07-25 17:00:20,827] 259 root - INFO - [Attacker] LIE attack applied (z=2.0).
[2026-07-25 17:00:20,827] 170 root - INFO -   [Client 37] ATTACK ACTIVE | loss=0.1899
[2026-07-25 17:00:23,656] 172 root - INFO -   [Client 42] loss=0.0575 acc=0.9867
[2026-07-25 17:00:24,873] 172 root - INFO -   [Client 48] loss=0.0975 acc=0.9774
[2026-07-25 17:00:26,817] 259 root - INFO - [Attacker] LIE attack applied (z=2.0).
[2026-07-25 17:00:26,817] 170 root - INFO -   [Client 1] ATTACK ACTIVE | loss=0.2141
[2026-07-25 17:00:26,833] 190 root - INFO - [Pipeline] Round 20 aggregated — flagged=0, min_trust=0.0000, max_trust=0.0000
[2026-07-25 17:00:31,920] 81 root - INFO - [Server] Round 20 — loss=0.0869, macro_f1=0.6449, acc=0.9804, fpr=0.0048
[2026-07-25 17:00:31,983] 205 root - INFO - [Pipeline] Round 20 eval — macro_f1=0.6449, acc=0.9804, loss=0.0869
[2026-07-25 17:00:31,984] 145 root - INFO - 
[Pipeline] ===== Round 21/30 =====
[2026-07-25 17:00:33,070] 172 root - INFO -   [Client 19] loss=0.1523 acc=0.9645
[2026-07-25 17:00:37,117] 172 root - INFO -   [Client 23] loss=0.0619 acc=0.9703
[2026-07-25 17:00:42,174] 259 root - INFO - [Attacker] LIE attack applied (z=2.0).
[2026-07-25 17:00:42,175] 170 root - INFO -   [Client 2] ATTACK ACTIVE | loss=0.0409
[2026-07-25 17:00:47,347] 172 root - INFO -   [Client 22] loss=0.0283 acc=0.9927
[2026-07-25 17:00:49,027] 172 root - INFO -   [Client 13] loss=0.8476 acc=0.8184
[2026-07-25 17:01:04,583] 172 root - INFO -   [Client 43] loss=0.0049 acc=0.9985
[2026-07-25 17:01:05,377] 259 root - INFO - [Attacker] LIE attack applied (z=2.0).
[2026-07-25 17:01:05,377] 170 root - INFO -   [Client 15] ATTACK ACTIVE | loss=1.6117
[2026-07-25 17:01:08,253] 172 root - INFO -   [Client 42] loss=0.0575 acc=0.9867
[2026-07-25 17:01:09,815] 259 root - INFO - [Attacker] LIE attack applied (z=2.0).
[2026-07-25 17:01:09,815] 170 root - INFO -   [Client 6] ATTACK ACTIVE | loss=0.4318
[2026-07-25 17:01:16,531] 172 root - INFO -   [Client 46] loss=0.0573 acc=0.9859
[2026-07-25 17:01:19,898] 172 root - INFO -   [Client 35] loss=0.1249 acc=0.9643
[2026-07-25 17:01:21,947] 172 root - INFO -   [Client 26] loss=0.4986 acc=0.8798
[2026-07-25 17:01:32,299] 172 root - INFO -   [Client 9] loss=0.0933 acc=0.9742
[2026-07-25 17:01:39,110] 172 root - INFO -   [Client 44] loss=0.0672 acc=0.9779
[2026-07-25 17:01:50,124] 172 root - INFO -   [Client 10] loss=0.0150 acc=0.9966
[2026-07-25 17:01:56,871] 172 root - INFO -   [Client 11] loss=0.1499 acc=0.9502
[2026-07-25 17:01:58,414] 172 root - INFO -   [Client 38] loss=0.7900 acc=0.8281
[2026-07-25 17:02:00,427] 259 root - INFO - [Attacker] LIE attack applied (z=2.0).
[2026-07-25 17:02:00,427] 170 root - INFO -   [Client 1] ATTACK ACTIVE | loss=0.2118
[2026-07-25 17:02:08,753] 259 root - INFO - [Attacker] LIE attack applied (z=2.0).
[2026-07-25 17:02:08,753] 170 root - INFO -   [Client 34] ATTACK ACTIVE | loss=0.0211
[2026-07-25 17:02:09,976] 172 root - INFO -   [Client 48] loss=0.0718 acc=0.9840
[2026-07-25 17:02:09,992] 190 root - INFO - [Pipeline] Round 21 aggregated — flagged=0, min_trust=0.0000, max_trust=0.0000
[2026-07-25 17:02:15,032] 81 root - INFO - [Server] Round 21 — loss=0.0617, macro_f1=0.6565, acc=0.9822, fpr=0.0047
[2026-07-25 17:02:15,094] 205 root - INFO - [Pipeline] Round 21 eval — macro_f1=0.6565, acc=0.9822, loss=0.0617
[2026-07-25 17:02:15,101] 145 root - INFO - 
[Pipeline] ===== Round 22/30 =====
[2026-07-25 17:02:16,423] 172 root - INFO -   [Client 21] loss=0.6233 acc=0.8211
[2026-07-25 17:02:18,584] 172 root - INFO -   [Client 26] loss=0.3414 acc=0.9125
[2026-07-25 17:02:21,464] 172 root - INFO -   [Client 42] loss=0.0558 acc=0.9868
[2026-07-25 17:02:22,258] 259 root - INFO - [Attacker] LIE attack applied (z=2.0).
[2026-07-25 17:02:22,258] 170 root - INFO -   [Client 15] ATTACK ACTIVE | loss=1.0929
[2026-07-25 17:02:26,186] 259 root - INFO - [Attacker] LIE attack applied (z=2.0).
[2026-07-25 17:02:26,186] 170 root - INFO -   [Client 17] ATTACK ACTIVE | loss=0.0235
[2026-07-25 17:02:37,148] 172 root - INFO -   [Client 10] loss=0.0147 acc=0.9967
[2026-07-25 17:02:38,681] 259 root - INFO - [Attacker] LIE attack applied (z=2.0).
[2026-07-25 17:02:38,681] 170 root - INFO -   [Client 6] ATTACK ACTIVE | loss=0.3389
[2026-07-25 17:02:40,238] 172 root - INFO -   [Client 24] loss=0.3255 acc=0.9077
[2026-07-25 17:02:45,205] 259 root - INFO - [Attacker] LIE attack applied (z=2.0).
[2026-07-25 17:02:45,206] 170 root - INFO -   [Client 2] ATTACK ACTIVE | loss=0.0404
[2026-07-25 17:02:47,157] 172 root - INFO -   [Client 30] loss=0.0378 acc=0.9913
[2026-07-25 17:02:49,827] 259 root - INFO - [Attacker] LIE attack applied (z=2.0).
[2026-07-25 17:02:49,827] 170 root - INFO -   [Client 14] ATTACK ACTIVE | loss=0.0553
[2026-07-25 17:02:50,075] 172 root - INFO -   [Client 12] loss=4.5339 acc=0.0942
[2026-07-25 17:02:52,744] 172 root - INFO -   [Client 29] loss=0.1037 acc=0.9688
[2026-07-25 17:02:57,995] 172 root - INFO -   [Client 22] loss=0.0278 acc=0.9929
[2026-07-25 17:02:58,575] 172 root - INFO -   [Client 19] loss=0.1082 acc=0.9690
[2026-07-25 17:02:59,609] 172 root - INFO -   [Client 39] loss=0.1471 acc=0.9401
[2026-07-25 17:03:08,173] 259 root - INFO - [Attacker] LIE attack applied (z=2.0).
[2026-07-25 17:03:08,173] 170 root - INFO -   [Client 34] ATTACK ACTIVE | loss=0.0208
[2026-07-25 17:03:10,045] 259 root - INFO - [Attacker] LIE attack applied (z=2.0).
[2026-07-25 17:03:10,045] 170 root - INFO -   [Client 1] ATTACK ACTIVE | loss=0.1935
[2026-07-25 17:03:11,683] 172 root - INFO -   [Client 38] loss=0.4419 acc=0.8885
[2026-07-25 17:03:13,577] 172 root - INFO -   [Client 31] loss=0.3587 acc=0.8787
[2026-07-25 17:03:13,594] 190 root - INFO - [Pipeline] Round 22 aggregated — flagged=0, min_trust=0.0000, max_trust=0.0000
[2026-07-25 17:03:18,471] 81 root - INFO - [Server] Round 22 — loss=0.0618, macro_f1=0.6431, acc=0.9803, fpr=0.0048
[2026-07-25 17:03:18,535] 205 root - INFO - [Pipeline] Round 22 eval — macro_f1=0.6431, acc=0.9803, loss=0.0618
[2026-07-25 17:03:18,535] 145 root - INFO - 
[Pipeline] ===== Round 23/30 =====
[2026-07-25 17:03:19,837] 172 root - INFO -   [Client 21] loss=0.4426 acc=0.8617
[2026-07-25 17:03:23,954] 259 root - INFO - [Attacker] LIE attack applied (z=2.0).
[2026-07-25 17:03:23,954] 170 root - INFO -   [Client 17] ATTACK ACTIVE | loss=0.0234
[2026-07-25 17:03:25,030] 172 root - INFO -   [Client 4] loss=0.0640 acc=0.9848
[2026-07-25 17:03:26,297] 172 root - INFO -   [Client 48] loss=0.0353 acc=0.9920
[2026-07-25 17:03:31,635] 172 root - INFO -   [Client 22] loss=0.0274 acc=0.9930
[2026-07-25 17:03:50,185] 172 root - INFO -   [Client 41] loss=0.0239 acc=0.9951
[2026-07-25 17:03:53,495] 172 root - INFO -   [Client 32] loss=0.0730 acc=0.9816
[2026-07-25 17:03:55,423] 172 root - INFO -   [Client 25] loss=0.0695 acc=0.9813
[2026-07-25 17:04:03,953] 259 root - INFO - [Attacker] LIE attack applied (z=2.0).
[2026-07-25 17:04:03,953] 170 root - INFO -   [Client 34] ATTACK ACTIVE | loss=0.0202
[2026-07-25 17:04:22,226] 259 root - INFO - [Attacker] LIE attack applied (z=2.0).
[2026-07-25 17:04:22,226] 170 root - INFO -   [Client 49] ATTACK ACTIVE | loss=0.1677
[2026-07-25 17:04:24,173] 259 root - INFO - [Attacker] LIE attack applied (z=2.0).
[2026-07-25 17:04:24,173] 170 root - INFO -   [Client 1] ATTACK ACTIVE | loss=0.1921
[2026-07-25 17:04:27,187] 259 root - INFO - [Attacker] LIE attack applied (z=2.0).
[2026-07-25 17:04:27,187] 170 root - INFO -   [Client 7] ATTACK ACTIVE | loss=0.1069
[2026-07-25 17:05:03,371] 172 root - INFO -   [Client 16] loss=0.0034 acc=0.9991
[2026-07-25 17:05:10,017] 172 root - INFO -   [Client 11] loss=0.1427 acc=0.9510
[2026-07-25 17:05:14,937] 259 root - INFO - [Attacker] LIE attack applied (z=2.0).
[2026-07-25 17:05:14,938] 170 root - INFO -   [Client 37] ATTACK ACTIVE | loss=0.1811
[2026-07-25 17:05:20,032] 259 root - INFO - [Attacker] LIE attack applied (z=2.0).
[2026-07-25 17:05:20,032] 170 root - INFO -   [Client 2] ATTACK ACTIVE | loss=0.0402
[2026-07-25 17:05:21,642] 259 root - INFO - [Attacker] LIE attack applied (z=2.0).
[2026-07-25 17:05:21,643] 170 root - INFO -   [Client 6] ATTACK ACTIVE | loss=0.2743
[2026-07-25 17:05:36,968] 259 root - INFO - [Attacker] LIE attack applied (z=2.0).
[2026-07-25 17:05:36,969] 170 root - INFO -   [Client 27] ATTACK ACTIVE | loss=0.0074
[2026-07-25 17:05:37,916] 172 root - INFO -   [Client 45] loss=0.3777 acc=0.8961
[2026-07-25 17:05:41,770] 172 root - INFO -   [Client 23] loss=0.0604 acc=0.9707
[2026-07-25 17:05:41,785] 190 root - INFO - [Pipeline] Round 23 aggregated — flagged=0, min_trust=0.0000, max_trust=0.0000
[2026-07-25 17:05:46,774] 81 root - INFO - [Server] Round 23 — loss=0.0747, macro_f1=0.6487, acc=0.9805, fpr=0.0048
[2026-07-25 17:05:46,838] 205 root - INFO - [Pipeline] Round 23 eval — macro_f1=0.6487, acc=0.9805, loss=0.0747
[2026-07-25 17:05:46,839] 145 root - INFO - 
[Pipeline] ===== Round 24/30 =====
[2026-07-25 17:05:52,410] 172 root - INFO -   [Client 20] loss=0.1269 acc=0.9634
[2026-07-25 17:06:07,539] 259 root - INFO - [Attacker] LIE attack applied (z=2.0).
[2026-07-25 17:06:07,539] 170 root - INFO -   [Client 27] ATTACK ACTIVE | loss=0.0074
[2026-07-25 17:06:09,032] 172 root - INFO -   [Client 38] loss=0.5730 acc=0.8661
[2026-07-25 17:06:12,454] 172 root - INFO -   [Client 32] loss=0.0730 acc=0.9816
[2026-07-25 17:06:15,365] 259 root - INFO - [Attacker] LIE attack applied (z=2.0).
[2026-07-25 17:06:15,365] 170 root - INFO -   [Client 7] ATTACK ACTIVE | loss=0.1395
[2026-07-25 17:06:16,929] 172 root - INFO -   [Client 24] loss=0.3603 acc=0.9032
[2026-07-25 17:06:17,769] 172 root - INFO -   [Client 36] loss=0.9812 acc=0.7576
[2026-07-25 17:06:18,010] 172 root - INFO -   [Client 12] loss=4.7901 acc=0.0975
[2026-07-25 17:06:54,190] 172 root - INFO -   [Client 16] loss=0.0033 acc=0.9991
[2026-07-25 17:06:59,328] 259 root - INFO - [Attacker] LIE attack applied (z=2.0).
[2026-07-25 17:06:59,328] 170 root - INFO -   [Client 2] ATTACK ACTIVE | loss=0.0399
[2026-07-25 17:07:00,437] 172 root - INFO -   [Client 48] loss=0.0535 acc=0.9878
[2026-07-25 17:07:05,438] 172 root - INFO -   [Client 0] loss=0.0090 acc=0.9976
[2026-07-25 17:07:10,074] 172 root - INFO -   [Client 33] loss=0.0190 acc=0.9946
[2026-07-25 17:07:18,461] 259 root - INFO - [Attacker] LIE attack applied (z=2.0).
[2026-07-25 17:07:18,461] 170 root - INFO -   [Client 34] ATTACK ACTIVE | loss=0.0210
[2026-07-25 17:07:21,355] 172 root - INFO -   [Client 42] loss=0.0561 acc=0.9869
[2026-07-25 17:07:25,312] 172 root - INFO -   [Client 23] loss=0.0603 acc=0.9706
[2026-07-25 17:07:26,334] 172 root - INFO -   [Client 39] loss=0.1533 acc=0.9391
[2026-07-25 17:07:27,509] 172 root - INFO -   [Client 4] loss=0.0769 acc=0.9818
[2026-07-25 17:07:28,494] 172 root - INFO -   [Client 21] loss=0.7955 acc=0.7861
[2026-07-25 17:07:29,082] 172 root - INFO -   [Client 19] loss=0.1272 acc=0.9665
[2026-07-25 17:07:29,099] 190 root - INFO - [Pipeline] Round 24 aggregated — flagged=0, min_trust=0.0000, max_trust=0.0000
[2026-07-25 17:07:34,179] 81 root - INFO - [Server] Round 24 — loss=0.0997, macro_f1=0.6467, acc=0.9805, fpr=0.0048
[2026-07-25 17:07:34,209] 205 root - INFO - [Pipeline] Round 24 eval — macro_f1=0.6467, acc=0.9805, loss=0.0997
[2026-07-25 17:07:34,210] 145 root - INFO - 
[Pipeline] ===== Round 25/30 =====
[2026-07-25 17:07:39,549] 172 root - INFO -   [Client 20] loss=0.1329 acc=0.9635
[2026-07-25 17:07:42,485] 172 root - INFO -   [Client 42] loss=0.0578 acc=0.9869
[2026-07-25 17:07:45,480] 259 root - INFO - [Attacker] LIE attack applied (z=2.0).
[2026-07-25 17:07:45,480] 170 root - INFO -   [Client 7] ATTACK ACTIVE | loss=0.1396
[2026-07-25 17:07:52,000] 172 root - INFO -   [Client 46] loss=0.0572 acc=0.9859
[2026-07-25 17:07:52,566] 172 root - INFO -   [Client 19] loss=0.1555 acc=0.9657
[2026-07-25 17:07:55,852] 172 root - INFO -   [Client 32] loss=0.0750 acc=0.9816
[2026-07-25 17:07:56,755] 172 root - INFO -   [Client 45] loss=0.6065 acc=0.9056
[2026-07-25 17:07:57,993] 172 root - INFO -   [Client 48] loss=0.0561 acc=0.9880
[2026-07-25 17:08:00,060] 172 root - INFO -   [Client 26] loss=0.3851 acc=0.9042
[2026-07-25 17:08:17,511] 259 root - INFO - [Attacker] LIE attack applied (z=2.0).
[2026-07-25 17:08:17,511] 170 root - INFO -   [Client 49] ATTACK ACTIVE | loss=0.1717
[2026-07-25 17:08:19,506] 172 root - INFO -   [Client 25] loss=0.0790 acc=0.9802
[2026-07-25 17:08:31,485] 172 root - INFO -   [Client 18] loss=0.0373 acc=0.9922
[2026-07-25 17:08:34,818] 172 root - INFO -   [Client 35] loss=0.1198 acc=0.9656
[2026-07-25 17:08:37,048] 259 root - INFO - [Attacker] LIE attack applied (z=2.0).
[2026-07-25 17:08:37,049] 170 root - INFO -   [Client 8] ATTACK ACTIVE | loss=0.0320
[2026-07-25 17:08:37,290] 172 root - INFO -   [Client 12] loss=4.7942 acc=0.0924
[2026-07-25 17:08:55,843] 172 root - INFO -   [Client 41] loss=0.0243 acc=0.9951
[2026-07-25 17:08:57,275] 172 root - INFO -   [Client 24] loss=0.4028 acc=0.9018
[2026-07-25 17:09:04,085] 172 root - INFO -   [Client 11] loss=0.1495 acc=0.9504
[2026-07-25 17:09:19,558] 172 root - INFO -   [Client 43] loss=0.0050 acc=0.9985
[2026-07-25 17:09:24,661] 259 root - INFO - [Attacker] LIE attack applied (z=2.0).
[2026-07-25 17:09:24,661] 170 root - INFO -   [Client 37] ATTACK ACTIVE | loss=0.1891
[2026-07-25 17:09:24,679] 190 root - INFO - [Pipeline] Round 25 aggregated — flagged=0, min_trust=0.0000, max_trust=0.0000
[2026-07-25 17:09:29,654] 81 root - INFO - [Server] Round 25 — loss=0.0618, macro_f1=0.5905, acc=0.9803, fpr=0.0048
[2026-07-25 17:09:29,718] 205 root - INFO - [Pipeline] Round 25 eval — macro_f1=0.5905, acc=0.9803, loss=0.0618
[2026-07-25 17:09:29,719] 145 root - INFO - 
[Pipeline] ===== Round 26/30 =====
[2026-07-25 17:09:33,491] 172 root - INFO -   [Client 35] loss=0.1046 acc=0.9672
[2026-07-25 17:09:38,472] 172 root - INFO -   [Client 0] loss=0.0090 acc=0.9976
[2026-07-25 17:09:39,022] 172 root - INFO -   [Client 19] loss=0.1058 acc=0.9683
[2026-07-25 17:09:51,325] 172 root - INFO -   [Client 18] loss=0.0369 acc=0.9922
[2026-07-25 17:09:52,931] 172 root - INFO -   [Client 13] loss=0.5120 acc=0.8711
[2026-07-25 17:10:08,138] 259 root - INFO - [Attacker] LIE attack applied (z=2.0).
[2026-07-25 17:10:08,138] 170 root - INFO -   [Client 27] ATTACK ACTIVE | loss=0.0074
[2026-07-25 17:10:13,034] 259 root - INFO - [Attacker] LIE attack applied (z=2.0).
[2026-07-25 17:10:13,035] 170 root - INFO -   [Client 37] ATTACK ACTIVE | loss=0.1804
[2026-07-25 17:10:14,576] 172 root - INFO -   [Client 38] loss=0.3890 acc=0.8989
[2026-07-25 17:10:33,367] 172 root - INFO -   [Client 41] loss=0.0239 acc=0.9952
[2026-07-25 17:10:38,345] 172 root - INFO -   [Client 20] loss=0.1177 acc=0.9645
[2026-07-25 17:10:41,001] 172 root - INFO -   [Client 29] loss=0.1020 acc=0.9691
[2026-07-25 17:10:42,977] 172 root - INFO -   [Client 28] loss=0.2107 acc=0.9331
[2026-07-25 17:10:45,833] 172 root - INFO -   [Client 42] loss=0.0554 acc=0.9869
[2026-07-25 17:10:46,848] 172 root - INFO -   [Client 45] loss=0.4087 acc=0.8920
[2026-07-25 17:10:50,125] 172 root - INFO -   [Client 32] loss=0.0723 acc=0.9816
[2026-07-25 17:10:51,955] 172 root - INFO -   [Client 30] loss=0.0370 acc=0.9914
[2026-07-25 17:11:02,664] 172 root - INFO -   [Client 10] loss=0.0149 acc=0.9967
[2026-07-25 17:11:10,157] 259 root - INFO - [Attacker] LIE attack applied (z=2.0).
[2026-07-25 17:11:10,157] 170 root - INFO -   [Client 5] ATTACK ACTIVE | loss=0.0157
[2026-07-25 17:11:16,802] 172 root - INFO -   [Client 46] loss=0.0547 acc=0.9860
[2026-07-25 17:11:52,922] 172 root - INFO -   [Client 16] loss=0.0034 acc=0.9991
[2026-07-25 17:11:52,939] 190 root - INFO - [Pipeline] Round 26 aggregated — flagged=0, min_trust=0.0000, max_trust=0.0000
[2026-07-25 17:11:57,953] 81 root - INFO - [Server] Round 26 — loss=0.1549, macro_f1=0.5673, acc=0.9624, fpr=0.0120
[2026-07-25 17:11:58,016] 205 root - INFO - [Pipeline] Round 26 eval — macro_f1=0.5673, acc=0.9624, loss=0.1549
[2026-07-25 17:11:58,024] 145 root - INFO - 
[Pipeline] ===== Round 27/30 =====
[2026-07-25 17:12:01,417] 172 root - INFO -   [Client 42] loss=0.0559 acc=0.9868
[2026-07-25 17:12:16,835] 259 root - INFO - [Attacker] LIE attack applied (z=2.0).
[2026-07-25 17:12:16,835] 170 root - INFO -   [Client 40] ATTACK ACTIVE | loss=0.0063
[2026-07-25 17:12:17,998] 172 root - INFO -   [Client 39] loss=0.1729 acc=0.9355
[2026-07-25 17:12:18,961] 172 root - INFO -   [Client 21] loss=0.9387 acc=0.7646
[2026-07-25 17:12:26,244] 259 root - INFO - [Attacker] LIE attack applied (z=2.0).
[2026-07-25 17:12:26,245] 170 root - INFO -   [Client 5] ATTACK ACTIVE | loss=0.0153
[2026-07-25 17:12:27,152] 259 root - INFO - [Attacker] LIE attack applied (z=2.0).
[2026-07-25 17:12:27,152] 170 root - INFO -   [Client 15] ATTACK ACTIVE | loss=1.4446
[2026-07-25 17:12:42,301] 172 root - INFO -   [Client 43] loss=0.0049 acc=0.9985
[2026-07-25 17:12:42,978] 172 root - INFO -   [Client 19] loss=0.1293 acc=0.9664
[2026-07-25 17:12:45,683] 259 root - INFO - [Attacker] LIE attack applied (z=2.0).
[2026-07-25 17:12:45,683] 170 root - INFO -   [Client 14] ATTACK ACTIVE | loss=0.0582
[2026-07-25 17:12:45,942] 172 root - INFO -   [Client 12] loss=4.9892 acc=0.0843
[2026-07-25 17:12:56,160] 172 root - INFO -   [Client 9] loss=0.0920 acc=0.9743
[2026-07-25 17:12:58,192] 259 root - INFO - [Attacker] LIE attack applied (z=2.0).
[2026-07-25 17:12:58,192] 170 root - INFO -   [Client 1] ATTACK ACTIVE | loss=0.1991
[2026-07-25 17:13:03,117] 259 root - INFO - [Attacker] LIE attack applied (z=2.0).
[2026-07-25 17:13:03,117] 170 root - INFO -   [Client 2] ATTACK ACTIVE | loss=0.0401
[2026-07-25 17:13:10,115] 172 root - INFO -   [Client 44] loss=0.0661 acc=0.9779
[2026-07-25 17:13:12,097] 172 root - INFO -   [Client 30] loss=0.0375 acc=0.9914
[2026-07-25 17:13:13,160] 172 root - INFO -   [Client 4] loss=0.0751 acc=0.9822
[2026-07-25 17:13:15,833] 172 root - INFO -   [Client 29] loss=0.1104 acc=0.9682
[2026-07-25 17:13:17,892] 172 root - INFO -   [Client 26] loss=0.4025 acc=0.8998
[2026-07-25 17:13:19,041] 172 root - INFO -   [Client 48] loss=0.0573 acc=0.9866
[2026-07-25 17:13:24,266] 172 root - INFO -   [Client 22] loss=0.0279 acc=0.9928
[2026-07-25 17:13:24,281] 190 root - INFO - [Pipeline] Round 27 aggregated — flagged=0, min_trust=0.0000, max_trust=0.0000
[2026-07-25 17:13:29,194] 81 root - INFO - [Server] Round 27 — loss=0.0717, macro_f1=0.6485, acc=0.9805, fpr=0.0048
[2026-07-25 17:13:29,256] 205 root - INFO - [Pipeline] Round 27 eval — macro_f1=0.6485, acc=0.9805, loss=0.0717
[2026-07-25 17:13:29,257] 145 root - INFO - 
[Pipeline] ===== Round 28/30 =====
[2026-07-25 17:13:36,559] 172 root - INFO -   [Client 44] loss=0.0656 acc=0.9781
[2026-07-25 17:13:38,132] 172 root - INFO -   [Client 24] loss=0.3637 acc=0.9022
[2026-07-25 17:13:39,930] 172 root - INFO -   [Client 31] loss=0.3900 acc=0.8749
[2026-07-25 17:13:41,905] 172 root - INFO -   [Client 25] loss=0.0732 acc=0.9802
[2026-07-25 17:13:42,712] 259 root - INFO - [Attacker] LIE attack applied (z=2.0).
[2026-07-25 17:13:42,712] 170 root - INFO -   [Client 15] ATTACK ACTIVE | loss=1.3228
[2026-07-25 17:13:53,035] 172 root - INFO -   [Client 9] loss=0.0912 acc=0.9744
[2026-07-25 17:14:11,968] 172 root - INFO -   [Client 41] loss=0.0238 acc=0.9951
[2026-07-25 17:14:16,978] 172 root - INFO -   [Client 0] loss=0.0089 acc=0.9976
[2026-07-25 17:14:18,565] 259 root - INFO - [Attacker] LIE attack applied (z=2.0).
[2026-07-25 17:14:18,565] 170 root - INFO -   [Client 6] ATTACK ACTIVE | loss=0.3561
[2026-07-25 17:14:33,923] 259 root - INFO - [Attacker] LIE attack applied (z=2.0).
[2026-07-25 17:14:33,923] 170 root - INFO -   [Client 27] ATTACK ACTIVE | loss=0.0075
[2026-07-25 17:14:36,552] 259 root - INFO - [Attacker] LIE attack applied (z=2.0).
[2026-07-25 17:14:36,552] 170 root - INFO -   [Client 14] ATTACK ACTIVE | loss=0.0571
[2026-07-25 17:14:43,183] 172 root - INFO -   [Client 11] loss=0.1424 acc=0.9509
[2026-07-25 17:14:47,873] 172 root - INFO -   [Client 33] loss=0.0191 acc=0.9946
[2026-07-25 17:14:50,538] 172 root - INFO -   [Client 29] loss=0.1059 acc=0.9687
[2026-07-25 17:14:59,720] 172 root - INFO -   [Client 3] loss=0.0287 acc=0.9939
[2026-07-25 17:15:00,640] 172 root - INFO -   [Client 45] loss=0.4719 acc=0.8978
[2026-07-25 17:15:03,681] 259 root - INFO - [Attacker] LIE attack applied (z=2.0).
[2026-07-25 17:15:03,681] 170 root - INFO -   [Client 7] ATTACK ACTIVE | loss=0.1365
[2026-07-25 17:15:04,650] 172 root - INFO -   [Client 36] loss=0.9504 acc=0.7578
[2026-07-25 17:15:06,799] 259 root - INFO - [Attacker] LIE attack applied (z=2.0).
[2026-07-25 17:15:06,799] 170 root - INFO -   [Client 8] ATTACK ACTIVE | loss=0.0333
[2026-07-25 17:15:13,326] 172 root - INFO -   [Client 46] loss=0.0548 acc=0.9861
[2026-07-25 17:15:13,342] 190 root - INFO - [Pipeline] Round 28 aggregated — flagged=0, min_trust=0.0000, max_trust=0.0000
[2026-07-25 17:15:18,215] 81 root - INFO - [Server] Round 28 — loss=0.0641, macro_f1=0.6477, acc=0.9805, fpr=0.0048
[2026-07-25 17:15:18,278] 205 root - INFO - [Pipeline] Round 28 eval — macro_f1=0.6477, acc=0.9805, loss=0.0641
[2026-07-25 17:15:18,279] 145 root - INFO - 
[Pipeline] ===== Round 29/30 =====
[2026-07-25 17:15:21,310] 172 root - INFO -   [Client 29] loss=0.1007 acc=0.9693
[2026-07-25 17:15:24,232] 172 root - INFO -   [Client 42] loss=0.0548 acc=0.9869
[2026-07-25 17:15:28,967] 172 root - INFO -   [Client 33] loss=0.0188 acc=0.9946
[2026-07-25 17:15:32,288] 172 root - INFO -   [Client 35] loss=0.1071 acc=0.9668
[2026-07-25 17:15:33,794] 172 root - INFO -   [Client 38] loss=0.4895 acc=0.8802
[2026-07-25 17:15:38,884] 172 root - INFO -   [Client 20] loss=0.1205 acc=0.9642
[2026-07-25 17:15:40,915] 172 root - INFO -   [Client 28] loss=0.2292 acc=0.9307
[2026-07-25 17:15:41,978] 172 root - INFO -   [Client 39] loss=0.1455 acc=0.9408
[2026-07-25 17:15:45,395] 172 root - INFO -   [Client 32] loss=0.0717 acc=0.9815
[2026-07-25 17:16:00,526] 259 root - INFO - [Attacker] LIE attack applied (z=2.0).
[2026-07-25 17:16:00,527] 170 root - INFO -   [Client 27] ATTACK ACTIVE | loss=0.0075
[2026-07-25 17:16:07,073] 172 root - INFO -   [Client 46] loss=0.0539 acc=0.9861
[2026-07-25 17:16:22,526] 172 root - INFO -   [Client 43] loss=0.0047 acc=0.9985
[2026-07-25 17:16:33,440] 172 root - INFO -   [Client 10] loss=0.0147 acc=0.9967
[2026-07-25 17:16:35,322] 172 root - INFO -   [Client 30] loss=0.0365 acc=0.9916
[2026-07-25 17:16:36,229] 172 root - INFO -   [Client 45] loss=0.4346 acc=0.9002
[2026-07-25 17:17:12,179] 172 root - INFO -   [Client 16] loss=0.0034 acc=0.9991
[2026-07-25 17:17:12,993] 259 root - INFO - [Attacker] LIE attack applied (z=2.0).
[2026-07-25 17:17:12,993] 170 root - INFO -   [Client 15] ATTACK ACTIVE | loss=1.1293
[2026-07-25 17:17:17,054] 259 root - INFO - [Attacker] LIE attack applied (z=2.0).
[2026-07-25 17:17:17,054] 170 root - INFO -   [Client 17] ATTACK ACTIVE | loss=0.0230
[2026-07-25 17:17:18,835] 172 root - INFO -   [Client 31] loss=0.3416 acc=0.8838
[2026-07-25 17:17:25,868] 172 root - INFO -   [Client 44] loss=0.0654 acc=0.9779
[2026-07-25 17:17:25,886] 190 root - INFO - [Pipeline] Round 29 aggregated — flagged=0, min_trust=0.0000, max_trust=0.0000
[2026-07-25 17:17:30,775] 81 root - INFO - [Server] Round 29 — loss=0.0933, macro_f1=0.6486, acc=0.9806, fpr=0.0048
[2026-07-25 17:17:30,839] 205 root - INFO - [Pipeline] Round 29 eval — macro_f1=0.6486, acc=0.9806, loss=0.0933
[2026-07-25 17:17:30,839] 145 root - INFO - 
[Pipeline] ===== Round 30/30 =====
[2026-07-25 17:17:32,034] 259 root - INFO - [Attacker] LIE attack applied (z=2.0).
[2026-07-25 17:17:32,034] 170 root - INFO -   [Client 15] ATTACK ACTIVE | loss=1.3314
[2026-07-25 17:17:36,040] 259 root - INFO - [Attacker] LIE attack applied (z=2.0).
[2026-07-25 17:17:36,040] 170 root - INFO -   [Client 17] ATTACK ACTIVE | loss=0.0231
[2026-07-25 17:17:38,065] 172 root - INFO -   [Client 28] loss=0.2868 acc=0.9254
[2026-07-25 17:17:39,118] 172 root - INFO -   [Client 4] loss=0.0792 acc=0.9815
[2026-07-25 17:17:40,023] 172 root - INFO -   [Client 45] loss=0.5405 acc=0.9078
[2026-07-25 17:17:52,174] 172 root - INFO -   [Client 18] loss=0.0369 acc=0.9922
[2026-07-25 17:18:10,137] 259 root - INFO - [Attacker] LIE attack applied (z=2.0).
[2026-07-25 17:18:10,137] 170 root - INFO -   [Client 49] ATTACK ACTIVE | loss=0.1679
[2026-07-25 17:18:11,277] 172 root - INFO -   [Client 48] loss=0.0530 acc=0.9874
[2026-07-25 17:18:12,347] 172 root - INFO -   [Client 21] loss=0.9932 acc=0.7485
[2026-07-25 17:18:17,232] 172 root - INFO -   [Client 20] loss=0.1294 acc=0.9634
[2026-07-25 17:18:25,519] 259 root - INFO - [Attacker] LIE attack applied (z=2.0).
[2026-07-25 17:18:25,520] 170 root - INFO -   [Client 34] ATTACK ACTIVE | loss=0.0206
[2026-07-25 17:18:33,038] 259 root - INFO - [Attacker] LIE attack applied (z=2.0).
[2026-07-25 17:18:33,038] 170 root - INFO -   [Client 5] ATTACK ACTIVE | loss=0.0153
[2026-07-25 17:18:35,188] 259 root - INFO - [Attacker] LIE attack applied (z=2.0).
[2026-07-25 17:18:35,188] 170 root - INFO -   [Client 8] ATTACK ACTIVE | loss=0.0311
[2026-07-25 17:18:45,577] 172 root - INFO -   [Client 9] loss=0.0915 acc=0.9743
[2026-07-25 17:18:48,189] 259 root - INFO - [Attacker] LIE attack applied (z=2.0).
[2026-07-25 17:18:48,189] 170 root - INFO -   [Client 14] ATTACK ACTIVE | loss=0.0531
[2026-07-25 17:18:49,748] 172 root - INFO -   [Client 24] loss=0.3878 acc=0.9005
[2026-07-25 17:18:50,591] 172 root - INFO -   [Client 36] loss=1.1838 acc=0.7199
[2026-07-25 17:18:52,268] 172 root - INFO -   [Client 13] loss=0.6574 acc=0.8503
[2026-07-25 17:18:58,863] 172 root - INFO -   [Client 46] loss=0.0550 acc=0.9860
[2026-07-25 17:19:02,217] 172 root - INFO -   [Client 32] loss=0.0734 acc=0.9816
[2026-07-25 17:19:02,233] 190 root - INFO - [Pipeline] Round 30 aggregated — flagged=0, min_trust=0.0000, max_trust=0.0000
[2026-07-25 17:19:07,094] 81 root - INFO - [Server] Round 30 — loss=0.0649, macro_f1=0.6478, acc=0.9803, fpr=0.0047
[2026-07-25 17:19:07,157] 205 root - INFO - [Pipeline] Round 30 eval — macro_f1=0.6478, acc=0.9803, loss=0.0649
[2026-07-25 17:19:07,184] 223 root - INFO - [Pipeline] Final global model saved to C:\Users\rauna\Videos\FL IDS\artifacts\models\fl_global_model_fedavg_lie_30pct.pth
[2026-07-25 17:19:07,186] 28 root - INFO - [Experiment] strategy=geomed attack=lie ratio=0.3
[2026-07-25 17:19:07,188] 125 root - INFO - [Pipeline] Malicious client IDs: [1, 2, 5, 6, 7, 8, 14, 15, 17, 27, 34, 37, 40, 47, 49]
[2026-07-25 17:19:07,208] 33 root - INFO - [Server] Loaded baseline checkpoint from C:\Users\rauna\Videos\FL IDS\artifacts\models\baseline_mlp.pth
[2026-07-25 17:19:07,211] 33 root - INFO - [Server] Loaded baseline checkpoint from C:\Users\rauna\Videos\FL IDS\artifacts\models\baseline_mlp.pth
[2026-07-25 17:19:07,212] 131 root - INFO - [Pipeline] Strategy: geomed
[2026-07-25 17:19:07,212] 137 root - INFO - [Pipeline] Starting FL loop — 50 clients, 20 per round, 30 rounds.
[2026-07-25 17:19:07,212] 145 root - INFO - 
[Pipeline] ===== Round 1/30 =====
[2026-07-25 17:19:23,397] 172 root - INFO -   [Client 40] loss=0.2220 acc=0.9378
[2026-07-25 17:19:26,479] 172 root - INFO -   [Client 7] loss=0.9465 acc=0.7975
[2026-07-25 17:19:28,559] 172 root - INFO -   [Client 1] loss=1.8084 acc=0.5316
[2026-07-25 17:19:32,424] 172 root - INFO -   [Client 17] loss=0.8485 acc=0.7573
[2026-07-25 17:19:33,221] 172 root - INFO -   [Client 15] loss=1.5391 acc=0.6263
[2026-07-25 17:19:35,880] 172 root - INFO -   [Client 14] loss=1.1330 acc=0.7026
[2026-07-25 17:19:38,058] 172 root - INFO -   [Client 8] loss=1.3837 acc=0.6387
[2026-07-25 17:19:39,553] 172 root - INFO -   [Client 6] loss=2.0040 acc=0.4413
[2026-07-25 17:19:47,886] 172 root - INFO -   [Client 34] loss=0.4878 acc=0.8631
[2026-07-25 17:19:55,526] 172 root - INFO -   [Client 5] loss=0.5369 acc=0.8611
[2026-07-25 17:20:00,521] 172 root - INFO -   [Client 37] loss=0.9214 acc=0.7479
[2026-07-25 17:20:15,481] 172 root - INFO -   [Client 27] loss=0.2269 acc=0.9359
[2026-07-25 17:20:20,612] 172 root - INFO -   [Client 2] loss=0.8368 acc=0.7837
[2026-07-25 17:21:12,555] 172 root - INFO -   [Client 47] loss=0.0729 acc=0.9807
[2026-07-25 17:21:30,394] 172 root - INFO -   [Client 49] loss=0.9591 acc=0.7080
[2026-07-25 17:21:31,970] 172 root - INFO -   [Client 13] loss=1.4367 acc=0.6598
[2026-07-25 17:21:38,956] 172 root - INFO -   [Client 44] loss=0.6840 acc=0.8127
[2026-07-25 17:21:42,223] 172 root - INFO -   [Client 32] loss=1.0928 acc=0.7135
[2026-07-25 17:21:43,058] 172 root - INFO -   [Client 36] loss=2.0345 acc=0.6167
[2026-07-25 17:21:49,589] 172 root - INFO -   [Client 46] loss=0.5677 acc=0.8585
[2026-07-25 17:21:49,966] 190 root - INFO - [Pipeline] Round 1 aggregated — flagged=0, min_trust=0.0000, max_trust=0.0000
[2026-07-25 17:21:54,940] 81 root - INFO - [Server] Round 1 — loss=0.4488, macro_f1=0.2664, acc=0.8805, fpr=0.0439
[2026-07-25 17:21:55,002] 205 root - INFO - [Pipeline] Round 1 eval — macro_f1=0.2664, acc=0.8805, loss=0.4488
[2026-07-25 17:21:55,010] 145 root - INFO - 
[Pipeline] ===== Round 2/30 =====
[2026-07-25 17:21:55,522] 172 root - INFO -   [Client 12] loss=3.8605 acc=0.1071
[2026-07-25 17:21:56,520] 172 root - INFO -   [Client 45] loss=1.3933 acc=0.6115
[2026-07-25 17:22:15,432] 172 root - INFO -   [Client 41] loss=0.0741 acc=0.9814
[2026-07-25 17:22:22,327] 172 root - INFO -   [Client 44] loss=0.1777 acc=0.9469
[2026-07-25 17:22:30,731] 172 root - INFO -   [Client 34] loss=0.1070 acc=0.9696
[2026-07-25 17:22:32,708] 172 root - INFO -   [Client 26] loss=0.7534 acc=0.7911
[2026-07-25 17:22:35,372] 172 root - INFO -   [Client 14] loss=0.3925 acc=0.8811
[2026-07-25 17:22:37,446] 172 root - INFO -   [Client 28] loss=0.8225 acc=0.7845
[2026-07-25 17:22:42,399] 172 root - INFO -   [Client 37] loss=0.3186 acc=0.9027
[2026-07-25 17:22:46,459] 172 root - INFO -   [Client 17] loss=0.1157 acc=0.9640
[2026-07-25 17:22:51,327] 172 root - INFO -   [Client 0] loss=0.1348 acc=0.9589
[2026-07-25 17:23:02,211] 172 root - INFO -   [Client 10] loss=0.0907 acc=0.9751
[2026-07-25 17:23:17,432] 172 root - INFO -   [Client 27] loss=0.0455 acc=0.9876
[2026-07-25 17:23:18,390] 172 root - INFO -   [Client 21] loss=1.1551 acc=0.6257
[2026-07-25 17:23:33,891] 172 root - INFO -   [Client 40] loss=0.0426 acc=0.9890
[2026-07-25 17:23:44,156] 172 root - INFO -   [Client 9] loss=0.1504 acc=0.9642
[2026-07-25 17:23:45,863] 172 root - INFO -   [Client 13] loss=1.0054 acc=0.7206
[2026-07-25 17:23:46,723] 172 root - INFO -   [Client 36] loss=1.4624 acc=0.6198
[2026-07-25 17:23:48,331] 172 root - INFO -   [Client 6] loss=0.8631 acc=0.7181
[2026-07-25 17:23:53,294] 172 root - INFO -   [Client 2] loss=0.1616 acc=0.9533
[2026-07-25 17:23:54,048] 190 root - INFO - [Pipeline] Round 2 aggregated — flagged=0, min_trust=0.0000, max_trust=0.0000
[2026-07-25 17:23:58,983] 81 root - INFO - [Server] Round 2 — loss=0.1951, macro_f1=0.4069, acc=0.9426, fpr=0.0188
[2026-07-25 17:23:59,045] 205 root - INFO - [Pipeline] Round 2 eval — macro_f1=0.4069, acc=0.9426, loss=0.1951
[2026-07-25 17:23:59,053] 145 root - INFO - 
[Pipeline] ===== Round 3/30 =====
[2026-07-25 17:24:01,012] 172 root - INFO -   [Client 24] loss=0.5129 acc=0.8502
[2026-07-25 17:24:02,600] 172 root - INFO -   [Client 6] loss=0.6178 acc=0.7992
[2026-07-25 17:24:08,080] 172 root - INFO -   [Client 22] loss=0.0851 acc=0.9760
[2026-07-25 17:25:00,235] 172 root - INFO -   [Client 47] loss=0.0146 acc=0.9969
[2026-07-25 17:25:01,790] 172 root - INFO -   [Client 38] loss=0.6905 acc=0.8101
[2026-07-25 17:25:37,673] 172 root - INFO -   [Client 16] loss=0.0134 acc=0.9963
[2026-07-25 17:25:42,667] 172 root - INFO -   [Client 2] loss=0.0988 acc=0.9714
[2026-07-25 17:25:45,327] 172 root - INFO -   [Client 29] loss=0.2428 acc=0.9309
[2026-07-25 17:25:53,967] 172 root - INFO -   [Client 34] loss=0.0599 acc=0.9844
[2026-07-25 17:25:57,006] 172 root - INFO -   [Client 7] loss=0.4021 acc=0.9033
[2026-07-25 17:26:14,735] 172 root - INFO -   [Client 49] loss=0.2750 acc=0.9148
[2026-07-25 17:26:22,027] 172 root - INFO -   [Client 5] loss=0.0525 acc=0.9839
[2026-07-25 17:26:25,336] 172 root - INFO -   [Client 35] loss=0.2309 acc=0.9314
[2026-07-25 17:26:37,470] 172 root - INFO -   [Client 18] loss=0.0613 acc=0.9872
[2026-07-25 17:26:41,483] 172 root - INFO -   [Client 23] loss=0.1241 acc=0.9514
[2026-07-25 17:26:41,727] 172 root - INFO -   [Client 12] loss=5.4080 acc=0.1162
[2026-07-25 17:26:42,953] 172 root - INFO -   [Client 4] loss=0.3207 acc=0.9200
[2026-07-25 17:26:58,249] 172 root - INFO -   [Client 43] loss=0.0307 acc=0.9909
[2026-07-25 17:27:00,929] 172 root - INFO -   [Client 14] loss=0.2092 acc=0.9393
[2026-07-25 17:27:01,997] 172 root - INFO -   [Client 39] loss=0.3300 acc=0.8771
[2026-07-25 17:27:02,317] 190 root - INFO - [Pipeline] Round 3 aggregated — flagged=0, min_trust=0.0000, max_trust=0.0000
[2026-07-25 17:27:07,362] 81 root - INFO - [Server] Round 3 — loss=0.1283, macro_f1=0.6083, acc=0.9694, fpr=0.0093
[2026-07-25 17:27:07,424] 205 root - INFO - [Pipeline] Round 3 eval — macro_f1=0.6083, acc=0.9694, loss=0.1283
[2026-07-25 17:27:07,425] 145 root - INFO - 
[Pipeline] ===== Round 4/30 =====
[2026-07-25 17:27:20,075] 172 root - INFO -   [Client 18] loss=0.0652 acc=0.9869
[2026-07-25 17:27:27,374] 172 root - INFO -   [Client 5] loss=0.0482 acc=0.9859
[2026-07-25 17:27:30,062] 172 root - INFO -   [Client 14] loss=0.1016 acc=0.9721
[2026-07-25 17:27:31,710] 172 root - INFO -   [Client 6] loss=0.4009 acc=0.8570
[2026-07-25 17:27:33,175] 172 root - INFO -   [Client 24] loss=0.3522 acc=0.8974
[2026-07-25 17:27:37,177] 172 root - INFO -   [Client 17] loss=0.0540 acc=0.9836
[2026-07-25 17:27:39,777] 172 root - INFO -   [Client 29] loss=0.1756 acc=0.9524
[2026-07-25 17:27:55,130] 172 root - INFO -   [Client 40] loss=0.0216 acc=0.9935
[2026-07-25 17:27:59,250] 172 root - INFO -   [Client 23] loss=0.0915 acc=0.9613
[2026-07-25 17:28:09,909] 172 root - INFO -   [Client 10] loss=0.0472 acc=0.9876
[2026-07-25 17:28:28,695] 172 root - INFO -   [Client 41] loss=0.0478 acc=0.9889
[2026-07-25 17:28:34,081] 172 root - INFO -   [Client 22] loss=0.0726 acc=0.9807
[2026-07-25 17:28:35,823] 172 root - INFO -   [Client 13] loss=0.8173 acc=0.8125
[2026-07-25 17:28:42,635] 172 root - INFO -   [Client 44] loss=0.1068 acc=0.9671
[2026-07-25 17:28:43,714] 172 root - INFO -   [Client 4] loss=0.1693 acc=0.9551
[2026-07-25 17:28:46,616] 172 root - INFO -   [Client 42] loss=0.1127 acc=0.9723
[2026-07-25 17:28:47,404] 172 root - INFO -   [Client 15] loss=0.6899 acc=0.8507
[2026-07-25 17:28:55,811] 172 root - INFO -   [Client 34] loss=0.0534 acc=0.9870
[2026-07-25 17:29:11,076] 172 root - INFO -   [Client 43] loss=0.0296 acc=0.9917
[2026-07-25 17:29:11,320] 172 root - INFO -   [Client 12] loss=4.5749 acc=0.3055
[2026-07-25 17:29:11,572] 190 root - INFO - [Pipeline] Round 4 aggregated — flagged=0, min_trust=0.0000, max_trust=0.0000
[2026-07-25 17:29:16,502] 81 root - INFO - [Server] Round 4 — loss=0.1107, macro_f1=0.6199, acc=0.9760, fpr=0.0059
[2026-07-25 17:29:16,565] 205 root - INFO - [Pipeline] Round 4 eval — macro_f1=0.6199, acc=0.9760, loss=0.1107
[2026-07-25 17:29:16,565] 145 root - INFO - 
[Pipeline] ===== Round 5/30 =====
[2026-07-25 17:29:20,828] 172 root - INFO -   [Client 17] loss=0.0422 acc=0.9869
[2026-07-25 17:29:36,370] 172 root - INFO -   [Client 40] loss=0.0158 acc=0.9947
[2026-07-25 17:29:43,432] 172 root - INFO -   [Client 44] loss=0.0946 acc=0.9708
[2026-07-25 17:29:46,799] 172 root - INFO -   [Client 35] loss=0.1680 acc=0.9542
[2026-07-25 17:29:49,441] 172 root - INFO -   [Client 14] loss=0.0895 acc=0.9757
[2026-07-25 17:30:04,986] 172 root - INFO -   [Client 43] loss=0.0206 acc=0.9944
[2026-07-25 17:30:09,921] 172 root - INFO -   [Client 20] loss=0.2247 acc=0.9420
[2026-07-25 17:30:19,232] 172 root - INFO -   [Client 3] loss=0.0500 acc=0.9891
[2026-07-25 17:30:20,300] 172 root - INFO -   [Client 45] loss=0.7758 acc=0.8545
[2026-07-25 17:30:25,250] 172 root - INFO -   [Client 2] loss=0.0698 acc=0.9819
[2026-07-25 17:31:17,317] 172 root - INFO -   [Client 47] loss=0.0121 acc=0.9974
[2026-07-25 17:31:19,290] 172 root - INFO -   [Client 25] loss=0.1207 acc=0.9698
[2026-07-25 17:31:36,964] 172 root - INFO -   [Client 49] loss=0.2328 acc=0.9415
[2026-07-25 17:31:38,144] 172 root - INFO -   [Client 4] loss=0.1999 acc=0.9515
[2026-07-25 17:31:39,720] 172 root - INFO -   [Client 13] loss=0.9063 acc=0.8104
[2026-07-25 17:31:40,798] 172 root - INFO -   [Client 39] loss=0.1870 acc=0.9235
[2026-07-25 17:31:47,443] 172 root - INFO -   [Client 46] loss=0.0766 acc=0.9825
[2026-07-25 17:31:49,185] 172 root - INFO -   [Client 31] loss=0.5651 acc=0.8427
[2026-07-25 17:31:50,842] 172 root - INFO -   [Client 38] loss=0.7031 acc=0.8242
[2026-07-25 17:31:52,730] 172 root - INFO -   [Client 28] loss=0.5390 acc=0.8751
[2026-07-25 17:31:53,473] 190 root - INFO - [Pipeline] Round 5 aggregated — flagged=0, min_trust=0.0000, max_trust=0.0000
[2026-07-25 17:31:58,399] 81 root - INFO - [Server] Round 5 — loss=0.0846, macro_f1=0.6312, acc=0.9788, fpr=0.0050
[2026-07-25 17:31:58,466] 205 root - INFO - [Pipeline] Round 5 eval — macro_f1=0.6312, acc=0.9788, loss=0.0846
[2026-07-25 17:31:58,467] 145 root - INFO - 
[Pipeline] ===== Round 6/30 =====
[2026-07-25 17:32:18,176] 172 root - INFO -   [Client 41] loss=0.0386 acc=0.9916
[2026-07-25 17:32:20,775] 172 root - INFO -   [Client 29] loss=0.1382 acc=0.9619
[2026-07-25 17:32:31,221] 172 root - INFO -   [Client 9] loss=0.1117 acc=0.9718
[2026-07-25 17:33:07,102] 172 root - INFO -   [Client 16] loss=0.0094 acc=0.9974
[2026-07-25 17:33:09,356] 172 root - INFO -   [Client 8] loss=0.0619 acc=0.9849
[2026-07-25 17:33:10,160] 172 root - INFO -   [Client 15] loss=0.5110 acc=0.8797
[2026-07-25 17:33:13,460] 172 root - INFO -   [Client 35] loss=0.1442 acc=0.9596
[2026-07-25 17:33:21,861] 172 root - INFO -   [Client 34] loss=0.0391 acc=0.9913
[2026-07-25 17:33:28,400] 172 root - INFO -   [Client 46] loss=0.0720 acc=0.9834
[2026-07-25 17:33:33,348] 172 root - INFO -   [Client 37] loss=0.2256 acc=0.9283
[2026-07-25 17:33:48,458] 172 root - INFO -   [Client 27] loss=0.0156 acc=0.9944
[2026-07-25 17:34:04,502] 172 root - INFO -   [Client 40] loss=0.0147 acc=0.9951
[2026-07-25 17:34:06,372] 172 root - INFO -   [Client 25] loss=0.1050 acc=0.9733
[2026-07-25 17:34:10,467] 172 root - INFO -   [Client 23] loss=0.0780 acc=0.9651
[2026-07-25 17:34:12,966] 172 root - INFO -   [Client 14] loss=0.0689 acc=0.9814
[2026-07-25 17:34:13,973] 172 root - INFO -   [Client 45] loss=0.5429 acc=0.8794
[2026-07-25 17:34:17,322] 172 root - INFO -   [Client 32] loss=0.1018 acc=0.9759
[2026-07-25 17:34:19,119] 172 root - INFO -   [Client 31] loss=0.3972 acc=0.8672
[2026-07-25 17:34:26,607] 172 root - INFO -   [Client 5] loss=0.0336 acc=0.9906
[2026-07-25 17:34:28,070] 172 root - INFO -   [Client 24] loss=0.2805 acc=0.9109
[2026-07-25 17:34:28,640] 190 root - INFO - [Pipeline] Round 6 aggregated — flagged=0, min_trust=0.0000, max_trust=0.0000
[2026-07-25 17:34:33,613] 81 root - INFO - [Server] Round 6 — loss=0.0855, macro_f1=0.6487, acc=0.9804, fpr=0.0049
[2026-07-25 17:34:33,675] 205 root - INFO - [Pipeline] Round 6 eval — macro_f1=0.6487, acc=0.9804, loss=0.0855
[2026-07-25 17:34:33,676] 145 root - INFO - 
[Pipeline] ===== Round 7/30 =====
[2026-07-25 17:34:43,478] 172 root - INFO -   [Client 3] loss=0.0444 acc=0.9905
[2026-07-25 17:34:46,543] 172 root - INFO -   [Client 7] loss=0.2070 acc=0.9521
[2026-07-25 17:34:57,011] 172 root - INFO -   [Client 9] loss=0.1106 acc=0.9718
[2026-07-25 17:35:12,604] 172 root - INFO -   [Client 40] loss=0.0139 acc=0.9954
[2026-07-25 17:35:23,606] 172 root - INFO -   [Client 10] loss=0.0301 acc=0.9927
[2026-07-25 17:35:38,916] 172 root - INFO -   [Client 43] loss=0.0170 acc=0.9955
[2026-07-25 17:35:54,201] 172 root - INFO -   [Client 27] loss=0.0145 acc=0.9949
[2026-07-25 17:35:55,830] 172 root - INFO -   [Client 38] loss=0.5298 acc=0.8615
[2026-07-25 17:35:56,930] 172 root - INFO -   [Client 4] loss=0.1173 acc=0.9679
[2026-07-25 17:35:58,409] 172 root - INFO -   [Client 24] loss=0.2849 acc=0.9135
[2026-07-25 17:36:05,208] 172 root - INFO -   [Client 46] loss=0.0695 acc=0.9838
[2026-07-25 17:36:08,050] 172 root - INFO -   [Client 42] loss=0.0823 acc=0.9820
[2026-07-25 17:36:10,746] 172 root - INFO -   [Client 29] loss=0.1343 acc=0.9632
[2026-07-25 17:36:15,616] 172 root - INFO -   [Client 33] loss=0.0375 acc=0.9900
[2026-07-25 17:36:51,589] 172 root - INFO -   [Client 16] loss=0.0089 acc=0.9976
[2026-07-25 17:36:56,690] 172 root - INFO -   [Client 0] loss=0.0276 acc=0.9929
[2026-07-25 17:36:57,789] 172 root - INFO -   [Client 48] loss=0.0485 acc=0.9887
[2026-07-25 17:37:01,847] 172 root - INFO -   [Client 17] loss=0.0365 acc=0.9881
[2026-07-25 17:37:02,826] 172 root - INFO -   [Client 21] loss=0.6720 acc=0.8018
[2026-07-25 17:37:20,632] 172 root - INFO -   [Client 49] loss=0.2118 acc=0.9550
[2026-07-25 17:37:21,388] 190 root - INFO - [Pipeline] Round 7 aggregated — flagged=0, min_trust=0.0000, max_trust=0.0000
[2026-07-25 17:37:26,463] 81 root - INFO - [Server] Round 7 — loss=0.1029, macro_f1=0.6088, acc=0.9785, fpr=0.0050
[2026-07-25 17:37:26,492] 205 root - INFO - [Pipeline] Round 7 eval — macro_f1=0.6088, acc=0.9785, loss=0.1029
[2026-07-25 17:37:26,493] 145 root - INFO - 
[Pipeline] ===== Round 8/30 =====
[2026-07-25 17:37:39,228] 172 root - INFO -   [Client 18] loss=0.0449 acc=0.9909
[2026-07-25 17:37:54,090] 172 root - INFO -   [Client 27] loss=0.0113 acc=0.9957
[2026-07-25 17:38:05,099] 172 root - INFO -   [Client 10] loss=0.0245 acc=0.9941
[2026-07-25 17:38:07,766] 172 root - INFO -   [Client 29] loss=0.1394 acc=0.9633
[2026-07-25 17:38:12,694] 172 root - INFO -   [Client 0] loss=0.0201 acc=0.9948
[2026-07-25 17:38:48,904] 172 root - INFO -   [Client 16] loss=0.0062 acc=0.9982
[2026-07-25 17:38:52,226] 172 root - INFO -   [Client 32] loss=0.0929 acc=0.9787
[2026-07-25 17:38:58,780] 172 root - INFO -   [Client 11] loss=0.1714 acc=0.9469
[2026-07-25 17:39:14,205] 172 root - INFO -   [Client 43] loss=0.0118 acc=0.9968
[2026-07-25 17:39:15,826] 172 root - INFO -   [Client 6] loss=0.5235 acc=0.8593
[2026-07-25 17:39:16,382] 172 root - INFO -   [Client 19] loss=0.2008 acc=0.9545
[2026-07-25 17:39:35,205] 172 root - INFO -   [Client 41] loss=0.0323 acc=0.9932
[2026-07-25 17:39:35,449] 172 root - INFO -   [Client 12] loss=6.1130 acc=0.2288
[2026-07-25 17:39:46,066] 172 root - INFO -   [Client 9] loss=0.1055 acc=0.9728
[2026-07-25 17:39:49,992] 172 root - INFO -   [Client 23] loss=0.0759 acc=0.9659
[2026-07-25 17:40:42,291] 172 root - INFO -   [Client 47] loss=0.0095 acc=0.9981
[2026-07-25 17:40:46,989] 172 root - INFO -   [Client 33] loss=0.0266 acc=0.9926
[2026-07-25 17:40:47,959] 172 root - INFO -   [Client 45] loss=0.8515 acc=0.8625
[2026-07-25 17:40:52,954] 172 root - INFO -   [Client 20] loss=0.2396 acc=0.9408
[2026-07-25 17:40:53,746] 172 root - INFO -   [Client 15] loss=1.0588 acc=0.8036
[2026-07-25 17:40:54,193] 190 root - INFO - [Pipeline] Round 8 aggregated — flagged=0, min_trust=0.0000, max_trust=0.0000
[2026-07-25 17:40:59,146] 81 root - INFO - [Server] Round 8 — loss=0.0928, macro_f1=0.6106, acc=0.9782, fpr=0.0052
[2026-07-25 17:40:59,208] 205 root - INFO - [Pipeline] Round 8 eval — macro_f1=0.6106, acc=0.9782, loss=0.0928
[2026-07-25 17:40:59,209] 145 root - INFO - 
[Pipeline] ===== Round 9/30 =====
[2026-07-25 17:41:01,682] 172 root - INFO -   [Client 1] loss=0.2450 acc=0.9219
[2026-07-25 17:41:04,727] 172 root - INFO -   [Client 7] loss=0.2053 acc=0.9525
[2026-07-25 17:41:08,665] 172 root - INFO -   [Client 23] loss=0.0714 acc=0.9673
[2026-07-25 17:41:09,236] 172 root - INFO -   [Client 19] loss=0.1617 acc=0.9603
[2026-07-25 17:41:10,166] 172 root - INFO -   [Client 15] loss=0.8963 acc=0.8206
[2026-07-25 17:41:19,437] 172 root - INFO -   [Client 3] loss=0.0382 acc=0.9920
[2026-07-25 17:41:20,358] 172 root - INFO -   [Client 45] loss=0.6571 acc=0.8828
[2026-07-25 17:41:21,209] 172 root - INFO -   [Client 36] loss=1.4191 acc=0.6841
[2026-07-25 17:41:28,758] 172 root - INFO -   [Client 5] loss=0.0231 acc=0.9936
[2026-07-25 17:41:47,681] 172 root - INFO -   [Client 41] loss=0.0313 acc=0.9934
[2026-07-25 17:41:49,448] 172 root - INFO -   [Client 31] loss=0.5112 acc=0.8551
[2026-07-25 17:41:50,640] 172 root - INFO -   [Client 4] loss=0.1490 acc=0.9597
[2026-07-25 17:41:58,831] 172 root - INFO -   [Client 34] loss=0.0288 acc=0.9940
[2026-07-25 17:42:01,103] 172 root - INFO -   [Client 8] loss=0.0617 acc=0.9842
[2026-07-25 17:42:04,040] 172 root - INFO -   [Client 42] loss=0.0702 acc=0.9851
[2026-07-25 17:42:06,008] 172 root - INFO -   [Client 30] loss=0.0484 acc=0.9884
[2026-07-25 17:42:16,694] 172 root - INFO -   [Client 10] loss=0.0231 acc=0.9945
[2026-07-25 17:42:52,818] 172 root - INFO -   [Client 16] loss=0.0059 acc=0.9983
[2026-07-25 17:43:07,765] 172 root - INFO -   [Client 27] loss=0.0110 acc=0.9958
[2026-07-25 17:43:12,463] 172 root - INFO -   [Client 37] loss=0.2132 acc=0.9311
[2026-07-25 17:43:12,822] 190 root - INFO - [Pipeline] Round 9 aggregated — flagged=0, min_trust=0.0000, max_trust=0.0000
[2026-07-25 17:43:17,714] 81 root - INFO - [Server] Round 9 — loss=0.1633, macro_f1=0.5584, acc=0.9422, fpr=0.0192
[2026-07-25 17:43:17,777] 205 root - INFO - [Pipeline] Round 9 eval — macro_f1=0.5584, acc=0.9422, loss=0.1633
[2026-07-25 17:43:17,777] 145 root - INFO - 
[Pipeline] ===== Round 10/30 =====
[2026-07-25 17:43:19,794] 172 root - INFO -   [Client 13] loss=0.5016 acc=0.8777
[2026-07-25 17:43:28,193] 172 root - INFO -   [Client 34] loss=0.0285 acc=0.9941
[2026-07-25 17:43:34,855] 172 root - INFO -   [Client 46] loss=0.0650 acc=0.9845
[2026-07-25 17:43:41,700] 172 root - INFO -   [Client 44] loss=0.0790 acc=0.9747
[2026-07-25 17:43:41,939] 172 root - INFO -   [Client 12] loss=3.3477 acc=0.5010
[2026-07-25 17:43:42,490] 172 root - INFO -   [Client 19] loss=0.1376 acc=0.9623
[2026-07-25 17:43:44,507] 172 root - INFO -   [Client 25] loss=0.0880 acc=0.9780
[2026-07-25 17:43:47,354] 172 root - INFO -   [Client 42] loss=0.0680 acc=0.9851
[2026-07-25 17:44:06,152] 172 root - INFO -   [Client 41] loss=0.0315 acc=0.9934
[2026-07-25 17:44:10,167] 172 root - INFO -   [Client 23] loss=0.0701 acc=0.9676
[2026-07-25 17:44:12,176] 172 root - INFO -   [Client 28] loss=0.2760 acc=0.9208
[2026-07-25 17:44:16,794] 172 root - INFO -   [Client 33] loss=0.0269 acc=0.9927
[2026-07-25 17:44:17,911] 172 root - INFO -   [Client 39] loss=0.1490 acc=0.9368
[2026-07-25 17:44:20,929] 172 root - INFO -   [Client 7] loss=0.1211 acc=0.9683
[2026-07-25 17:44:21,725] 172 root - INFO -   [Client 15] loss=0.6474 acc=0.8568
[2026-07-25 17:44:24,348] 172 root - INFO -   [Client 14] loss=0.0637 acc=0.9825
[2026-07-25 17:44:25,408] 172 root - INFO -   [Client 4] loss=0.0794 acc=0.9764
[2026-07-25 17:44:26,357] 172 root - INFO -   [Client 21] loss=0.5798 acc=0.8247
[2026-07-25 17:44:28,374] 172 root - INFO -   [Client 1] loss=0.2276 acc=0.9243
[2026-07-25 17:44:40,575] 172 root - INFO -   [Client 18] loss=0.0453 acc=0.9908
[2026-07-25 17:44:41,239] 190 root - INFO - [Pipeline] Round 10 aggregated — flagged=0, min_trust=0.0000, max_trust=0.0000
[2026-07-25 17:44:46,191] 81 root - INFO - [Server] Round 10 — loss=0.0889, macro_f1=0.6157, acc=0.9765, fpr=0.0057
[2026-07-25 17:44:46,254] 205 root - INFO - [Pipeline] Round 10 eval — macro_f1=0.6157, acc=0.9765, loss=0.0889
[2026-07-25 17:44:46,254] 145 root - INFO - 
[Pipeline] ===== Round 11/30 =====
[2026-07-25 17:44:49,954] 172 root - INFO -   [Client 35] loss=0.1275 acc=0.9628
[2026-07-25 17:44:52,611] 259 root - INFO - [Attacker] LIE attack applied (z=2.0).
[2026-07-25 17:44:52,611] 170 root - INFO -   [Client 14] ATTACK ACTIVE | loss=0.0511
[2026-07-25 17:44:57,473] 259 root - INFO - [Attacker] LIE attack applied (z=2.0).
[2026-07-25 17:44:57,473] 170 root - INFO -   [Client 37] ATTACK ACTIVE | loss=0.2049
[2026-07-25 17:44:58,601] 172 root - INFO -   [Client 48] loss=0.0342 acc=0.9925
[2026-07-25 17:45:03,574] 172 root - INFO -   [Client 0] loss=0.0189 acc=0.9953
[2026-07-25 17:45:04,622] 172 root - INFO -   [Client 4] loss=0.0771 acc=0.9784
[2026-07-25 17:45:20,293] 259 root - INFO - [Attacker] LIE attack applied (z=2.0).
[2026-07-25 17:45:20,294] 170 root - INFO -   [Client 40] ATTACK ACTIVE | loss=0.0106
[2026-07-25 17:45:29,653] 172 root - INFO -   [Client 3] loss=0.0381 acc=0.9919
[2026-07-25 17:45:36,243] 172 root - INFO -   [Client 46] loss=0.0637 acc=0.9848
[2026-07-25 17:45:43,096] 172 root - INFO -   [Client 44] loss=0.0777 acc=0.9751
[2026-07-25 17:45:48,191] 259 root - INFO - [Attacker] LIE attack applied (z=2.0).
[2026-07-25 17:45:48,191] 170 root - INFO -   [Client 2] ATTACK ACTIVE | loss=0.0523
[2026-07-25 17:45:49,158] 172 root - INFO -   [Client 21] loss=0.4037 acc=0.8665
[2026-07-25 17:46:04,814] 172 root - INFO -   [Client 43] loss=0.0114 acc=0.9970
[2026-07-25 17:46:08,176] 172 root - INFO -   [Client 32] loss=0.0878 acc=0.9789
[2026-07-25 17:46:09,085] 259 root - INFO - [Attacker] LIE attack applied (z=2.0).
[2026-07-25 17:46:09,086] 170 root - INFO -   [Client 15] ATTACK ACTIVE | loss=0.4716
[2026-07-25 17:46:12,969] 259 root - INFO - [Attacker] LIE attack applied (z=2.0).
[2026-07-25 17:46:12,969] 170 root - INFO -   [Client 17] ATTACK ACTIVE | loss=0.0322
[2026-07-25 17:46:14,759] 172 root - INFO -   [Client 31] loss=0.2721 acc=0.8937
[2026-07-25 17:46:16,445] 172 root - INFO -   [Client 13] loss=0.3870 acc=0.8962
[2026-07-25 17:46:18,660] 259 root - INFO - [Attacker] LIE attack applied (z=2.0).
[2026-07-25 17:46:18,660] 170 root - INFO -   [Client 8] ATTACK ACTIVE | loss=0.0461
[2026-07-25 17:46:22,585] 172 root - INFO -   [Client 23] loss=0.0696 acc=0.9679
[2026-07-25 17:46:23,296] 190 root - INFO - [Pipeline] Round 11 aggregated — flagged=0, min_trust=0.0000, max_trust=0.0000
[2026-07-25 17:46:28,175] 81 root - INFO - [Server] Round 11 — loss=0.0737, macro_f1=0.6543, acc=0.9808, fpr=0.0048
[2026-07-25 17:46:28,237] 205 root - INFO - [Pipeline] Round 11 eval — macro_f1=0.6543, acc=0.9808, loss=0.0737
[2026-07-25 17:46:28,238] 145 root - INFO - 
[Pipeline] ===== Round 12/30 =====
[2026-07-25 17:46:29,437] 172 root - INFO -   [Client 36] loss=0.8560 acc=0.7695
[2026-07-25 17:46:47,263] 259 root - INFO - [Attacker] LIE attack applied (z=2.0).
[2026-07-25 17:46:47,263] 170 root - INFO -   [Client 49] ATTACK ACTIVE | loss=0.1892
[2026-07-25 17:46:49,309] 172 root - INFO -   [Client 30] loss=0.0437 acc=0.9900
[2026-07-25 17:46:50,143] 259 root - INFO - [Attacker] LIE attack applied (z=2.0).
[2026-07-25 17:46:50,143] 170 root - INFO -   [Client 15] ATTACK ACTIVE | loss=0.6520
[2026-07-25 17:47:42,151] 259 root - INFO - [Attacker] LIE attack applied (z=2.0).
[2026-07-25 17:47:42,151] 170 root - INFO -   [Client 47] ATTACK ACTIVE | loss=0.0092
[2026-07-25 17:47:44,150] 172 root - INFO -   [Client 26] loss=0.3727 acc=0.9210
[2026-07-25 17:47:44,418] 172 root - INFO -   [Client 12] loss=3.2885 acc=0.4945
[2026-07-25 17:47:46,055] 259 root - INFO - [Attacker] LIE attack applied (z=2.0).
[2026-07-25 17:47:46,055] 170 root - INFO -   [Client 6] ATTACK ACTIVE | loss=0.2832
[2026-07-25 17:47:48,941] 172 root - INFO -   [Client 42] loss=0.0662 acc=0.9853
[2026-07-25 17:48:03,929] 259 root - INFO - [Attacker] LIE attack applied (z=2.0).
[2026-07-25 17:48:03,929] 170 root - INFO -   [Client 27] ATTACK ACTIVE | loss=0.0108
[2026-07-25 17:48:09,084] 172 root - INFO -   [Client 22] loss=0.0366 acc=0.9909
[2026-07-25 17:48:24,987] 259 root - INFO - [Attacker] LIE attack applied (z=2.0).
[2026-07-25 17:48:24,988] 170 root - INFO -   [Client 40] ATTACK ACTIVE | loss=0.0094
[2026-07-25 17:48:31,894] 172 root - INFO -   [Client 44] loss=0.0763 acc=0.9753
[2026-07-25 17:48:34,555] 172 root - INFO -   [Client 29] loss=0.1171 acc=0.9665
[2026-07-25 17:48:44,010] 172 root - INFO -   [Client 3] loss=0.0367 acc=0.9922
[2026-07-25 17:49:02,698] 172 root - INFO -   [Client 41] loss=0.0302 acc=0.9936
[2026-07-25 17:49:05,986] 172 root - INFO -   [Client 35] loss=0.1246 acc=0.9633
[2026-07-25 17:49:07,870] 172 root - INFO -   [Client 25] loss=0.0838 acc=0.9785
[2026-07-25 17:49:08,946] 172 root - INFO -   [Client 21] loss=0.5894 acc=0.8230
[2026-07-25 17:49:12,268] 172 root - INFO -   [Client 32] loss=0.0846 acc=0.9798
[2026-07-25 17:49:12,731] 190 root - INFO - [Pipeline] Round 12 aggregated — flagged=0, min_trust=0.0000, max_trust=0.0000
[2026-07-25 17:49:17,630] 81 root - INFO - [Server] Round 12 — loss=0.0748, macro_f1=0.6148, acc=0.9782, fpr=0.0051
[2026-07-25 17:49:17,692] 205 root - INFO - [Pipeline] Round 12 eval — macro_f1=0.6148, acc=0.9782, loss=0.0748
[2026-07-25 17:49:17,693] 145 root - INFO - 
[Pipeline] ===== Round 13/30 =====
[2026-07-25 17:49:19,515] 259 root - INFO - [Attacker] LIE attack applied (z=2.0).
[2026-07-25 17:49:19,515] 170 root - INFO -   [Client 6] ATTACK ACTIVE | loss=0.2630
[2026-07-25 17:49:20,448] 259 root - INFO - [Attacker] LIE attack applied (z=2.0).
[2026-07-25 17:49:20,448] 170 root - INFO -   [Client 15] ATTACK ACTIVE | loss=0.5327
[2026-07-25 17:49:20,696] 172 root - INFO -   [Client 12] loss=3.1110 acc=0.5075
[2026-07-25 17:50:12,728] 259 root - INFO - [Attacker] LIE attack applied (z=2.0).
[2026-07-25 17:50:12,729] 170 root - INFO -   [Client 47] ATTACK ACTIVE | loss=0.0089
[2026-07-25 17:50:21,348] 259 root - INFO - [Attacker] LIE attack applied (z=2.0).
[2026-07-25 17:50:21,348] 170 root - INFO -   [Client 34] ATTACK ACTIVE | loss=0.0263
[2026-07-25 17:50:23,407] 172 root - INFO -   [Client 28] loss=0.2463 acc=0.9268
[2026-07-25 17:50:25,535] 259 root - INFO - [Attacker] LIE attack applied (z=2.0).
[2026-07-25 17:50:25,535] 170 root - INFO -   [Client 8] ATTACK ACTIVE | loss=0.0446
[2026-07-25 17:50:40,778] 259 root - INFO - [Attacker] LIE attack applied (z=2.0).
[2026-07-25 17:50:40,778] 170 root - INFO -   [Client 27] ATTACK ACTIVE | loss=0.0104
[2026-07-25 17:50:47,504] 172 root - INFO -   [Client 11] loss=0.1546 acc=0.9492
[2026-07-25 17:50:51,599] 259 root - INFO - [Attacker] LIE attack applied (z=2.0).
[2026-07-25 17:50:51,599] 170 root - INFO -   [Client 17] ATTACK ACTIVE | loss=0.0299
[2026-07-25 17:50:54,155] 172 root - INFO -   [Client 29] loss=0.1119 acc=0.9673
[2026-07-25 17:50:55,396] 172 root - INFO -   [Client 48] loss=0.0501 acc=0.9878
[2026-07-25 17:50:56,476] 172 root - INFO -   [Client 4] loss=0.1000 acc=0.9715
[2026-07-25 17:51:03,228] 172 root - INFO -   [Client 44] loss=0.0755 acc=0.9753
[2026-07-25 17:51:06,703] 172 root - INFO -   [Client 35] loss=0.1187 acc=0.9647
[2026-07-25 17:51:24,563] 259 root - INFO - [Attacker] LIE attack applied (z=2.0).
[2026-07-25 17:51:24,564] 170 root - INFO -   [Client 49] ATTACK ACTIVE | loss=0.1838
[2026-07-25 17:51:33,725] 172 root - INFO -   [Client 3] loss=0.0357 acc=0.9924
[2026-07-25 17:51:38,752] 172 root - INFO -   [Client 0] loss=0.0161 acc=0.9960
[2026-07-25 17:51:46,058] 259 root - INFO - [Attacker] LIE attack applied (z=2.0).
[2026-07-25 17:51:46,058] 170 root - INFO -   [Client 5] ATTACK ACTIVE | loss=0.0212
[2026-07-25 17:51:47,220] 172 root - INFO -   [Client 39] loss=0.1401 acc=0.9401
[2026-07-25 17:51:47,986] 190 root - INFO - [Pipeline] Round 13 aggregated — flagged=0, min_trust=0.0000, max_trust=0.0000
[2026-07-25 17:51:52,905] 81 root - INFO - [Server] Round 13 — loss=0.0717, macro_f1=0.6469, acc=0.9810, fpr=0.0049
[2026-07-25 17:51:52,968] 205 root - INFO - [Pipeline] Round 13 eval — macro_f1=0.6469, acc=0.9810, loss=0.0717
[2026-07-25 17:51:52,968] 145 root - INFO - 
[Pipeline] ===== Round 14/30 =====
[2026-07-25 17:51:54,481] 172 root - INFO -   [Client 48] loss=0.0472 acc=0.9880
[2026-07-25 17:51:55,264] 259 root - INFO - [Attacker] LIE attack applied (z=2.0).
[2026-07-25 17:51:55,264] 170 root - INFO -   [Client 15] ATTACK ACTIVE | loss=0.6234
[2026-07-25 17:52:06,225] 172 root - INFO -   [Client 10] loss=0.0205 acc=0.9951
[2026-07-25 17:52:08,181] 172 root - INFO -   [Client 26] loss=0.3591 acc=0.9213
[2026-07-25 17:52:10,080] 172 root - INFO -   [Client 31] loss=0.3472 acc=0.8852
[2026-07-25 17:52:12,041] 172 root - INFO -   [Client 30] loss=0.0427 acc=0.9898
[2026-07-25 17:52:13,636] 172 root - INFO -   [Client 13] loss=0.5350 acc=0.8753
[2026-07-25 17:52:15,628] 172 root - INFO -   [Client 25] loss=0.0797 acc=0.9791
[2026-07-25 17:52:24,864] 172 root - INFO -   [Client 3] loss=0.0348 acc=0.9926
[2026-07-25 17:53:16,225] 259 root - INFO - [Attacker] LIE attack applied (z=2.0).
[2026-07-25 17:53:16,226] 170 root - INFO -   [Client 47] ATTACK ACTIVE | loss=0.0086
[2026-07-25 17:53:17,745] 172 root - INFO -   [Client 24] loss=0.2627 acc=0.9193
[2026-07-25 17:53:23,226] 172 root - INFO -   [Client 0] loss=0.0153 acc=0.9961
[2026-07-25 17:53:24,262] 172 root - INFO -   [Client 39] loss=0.1320 acc=0.9410
[2026-07-25 17:54:01,363] 172 root - INFO -   [Client 16] loss=0.0054 acc=0.9985
[2026-07-25 17:54:04,148] 172 root - INFO -   [Client 29] loss=0.1128 acc=0.9671
[2026-07-25 17:54:16,744] 172 root - INFO -   [Client 18] loss=0.0417 acc=0.9913
[2026-07-25 17:54:31,932] 259 root - INFO - [Attacker] LIE attack applied (z=2.0).
[2026-07-25 17:54:31,934] 170 root - INFO -   [Client 27] ATTACK ACTIVE | loss=0.0099
[2026-07-25 17:54:33,031] 172 root - INFO -   [Client 45] loss=0.4762 acc=0.8982
[2026-07-25 17:54:43,961] 172 root - INFO -   [Client 9] loss=0.0991 acc=0.9733
[2026-07-25 17:54:45,600] 259 root - INFO - [Attacker] LIE attack applied (z=2.0).
[2026-07-25 17:54:45,600] 170 root - INFO -   [Client 6] ATTACK ACTIVE | loss=0.2626
[2026-07-25 17:54:45,904] 190 root - INFO - [Pipeline] Round 14 aggregated — flagged=0, min_trust=0.0000, max_trust=0.0000
[2026-07-25 17:54:50,949] 81 root - INFO - [Server] Round 14 — loss=0.1036, macro_f1=0.6549, acc=0.9792, fpr=0.0051
[2026-07-25 17:54:51,011] 205 root - INFO - [Pipeline] Round 14 eval — macro_f1=0.6549, acc=0.9792, loss=0.1036
[2026-07-25 17:54:51,012] 145 root - INFO - 
[Pipeline] ===== Round 15/30 =====
[2026-07-25 17:55:04,201] 172 root - INFO -   [Client 18] loss=0.0453 acc=0.9905
[2026-07-25 17:55:05,906] 172 root - INFO -   [Client 13] loss=0.1946 acc=0.9309
[2026-07-25 17:55:15,208] 172 root - INFO -   [Client 3] loss=0.0362 acc=0.9922
[2026-07-25 17:55:20,632] 259 root - INFO - [Attacker] LIE attack applied (z=2.0).
[2026-07-25 17:55:20,632] 170 root - INFO -   [Client 37] ATTACK ACTIVE | loss=0.1983
[2026-07-25 17:55:29,457] 259 root - INFO - [Attacker] LIE attack applied (z=2.0).
[2026-07-25 17:55:29,457] 170 root - INFO -   [Client 34] ATTACK ACTIVE | loss=0.0265
[2026-07-25 17:56:21,085] 259 root - INFO - [Attacker] LIE attack applied (z=2.0).
[2026-07-25 17:56:21,085] 170 root - INFO -   [Client 47] ATTACK ACTIVE | loss=0.0094
[2026-07-25 17:56:26,182] 172 root - INFO -   [Client 20] loss=0.1287 acc=0.9604
[2026-07-25 17:56:33,063] 172 root - INFO -   [Client 44] loss=0.0750 acc=0.9755
[2026-07-25 17:56:35,992] 172 root - INFO -   [Client 42] loss=0.0687 acc=0.9844
[2026-07-25 17:56:42,485] 172 root - INFO -   [Client 46] loss=0.0618 acc=0.9848
[2026-07-25 17:56:44,340] 172 root - INFO -   [Client 30] loss=0.0436 acc=0.9896
[2026-07-25 17:56:47,729] 172 root - INFO -   [Client 32] loss=0.0848 acc=0.9792
[2026-07-25 17:56:52,342] 172 root - INFO -   [Client 33] loss=0.0262 acc=0.9926
[2026-07-25 17:57:03,408] 172 root - INFO -   [Client 10] loss=0.0224 acc=0.9946
[2026-07-25 17:57:22,360] 172 root - INFO -   [Client 41] loss=0.0305 acc=0.9934
[2026-07-25 17:57:23,909] 172 root - INFO -   [Client 38] loss=0.2523 acc=0.9217
[2026-07-25 17:57:31,368] 259 root - INFO - [Attacker] LIE attack applied (z=2.0).
[2026-07-25 17:57:31,368] 170 root - INFO -   [Client 5] ATTACK ACTIVE | loss=0.0233
[2026-07-25 17:57:38,116] 172 root - INFO -   [Client 11] loss=0.1547 acc=0.9491
[2026-07-25 17:57:39,183] 172 root - INFO -   [Client 4] loss=0.0698 acc=0.9804
[2026-07-25 17:57:39,730] 172 root - INFO -   [Client 19] loss=0.1169 acc=0.9668
[2026-07-25 17:57:40,479] 190 root - INFO - [Pipeline] Round 15 aggregated — flagged=0, min_trust=0.0000, max_trust=0.0000
[2026-07-25 17:57:45,414] 81 root - INFO - [Server] Round 15 — loss=0.0675, macro_f1=0.6147, acc=0.9790, fpr=0.0050
[2026-07-25 17:57:45,477] 205 root - INFO - [Pipeline] Round 15 eval — macro_f1=0.6147, acc=0.9790, loss=0.0675
[2026-07-25 17:57:45,478] 145 root - INFO - 
[Pipeline] ===== Round 16/30 =====
[2026-07-25 17:57:46,973] 172 root - INFO -   [Client 4] loss=0.1144 acc=0.9692
[2026-07-25 17:58:02,667] 172 root - INFO -   [Client 43] loss=0.0085 acc=0.9976
[2026-07-25 17:58:03,467] 259 root - INFO - [Attacker] LIE attack applied (z=2.0).
[2026-07-25 17:58:03,467] 170 root - INFO -   [Client 15] ATTACK ACTIVE | loss=0.5633
[2026-07-25 17:58:05,491] 172 root - INFO -   [Client 25] loss=0.0771 acc=0.9799
[2026-07-25 17:58:08,542] 259 root - INFO - [Attacker] LIE attack applied (z=2.0).
[2026-07-25 17:58:08,543] 170 root - INFO -   [Client 7] ATTACK ACTIVE | loss=0.1620
[2026-07-25 17:58:09,406] 172 root - INFO -   [Client 36] loss=0.6836 acc=0.7992
[2026-07-25 17:59:02,257] 259 root - INFO - [Attacker] LIE attack applied (z=2.0).
[2026-07-25 17:59:02,257] 170 root - INFO -   [Client 47] ATTACK ACTIVE | loss=0.0084
[2026-07-25 17:59:07,169] 259 root - INFO - [Attacker] LIE attack applied (z=2.0).
[2026-07-25 17:59:07,169] 170 root - INFO -   [Client 37] ATTACK ACTIVE | loss=0.1936
[2026-07-25 17:59:08,809] 172 root - INFO -   [Client 38] loss=0.3874 acc=0.8914
[2026-07-25 17:59:13,761] 259 root - INFO - [Attacker] LIE attack applied (z=2.0).
[2026-07-25 17:59:13,761] 170 root - INFO -   [Client 2] ATTACK ACTIVE | loss=0.0474
[2026-07-25 17:59:14,922] 172 root - INFO -   [Client 39] loss=0.1403 acc=0.9386
[2026-07-25 17:59:22,328] 259 root - INFO - [Attacker] LIE attack applied (z=2.0).
[2026-07-25 17:59:22,328] 170 root - INFO -   [Client 5] ATTACK ACTIVE | loss=0.0201
[2026-07-25 17:59:24,484] 172 root - INFO -   [Client 26] loss=0.2974 acc=0.9305
[2026-07-25 17:59:31,368] 172 root - INFO -   [Client 44] loss=0.0730 acc=0.9758
[2026-07-25 17:59:35,937] 172 root - INFO -   [Client 33] loss=0.0223 acc=0.9936
[2026-07-25 17:59:40,938] 172 root - INFO -   [Client 20] loss=0.1495 acc=0.9555
[2026-07-25 18:00:17,240] 172 root - INFO -   [Client 16] loss=0.0050 acc=0.9986
[2026-07-25 18:00:18,831] 172 root - INFO -   [Client 13] loss=0.4294 acc=0.8925
[2026-07-25 18:00:27,280] 259 root - INFO - [Attacker] LIE attack applied (z=2.0).
[2026-07-25 18:00:27,280] 170 root - INFO -   [Client 34] ATTACK ACTIVE | loss=0.0250
[2026-07-25 18:00:28,207] 172 root - INFO -   [Client 45] loss=0.4403 acc=0.8879
[2026-07-25 18:00:28,965] 190 root - INFO - [Pipeline] Round 16 aggregated — flagged=0, min_trust=0.0000, max_trust=0.0000
[2026-07-25 18:00:33,868] 81 root - INFO - [Server] Round 16 — loss=0.0824, macro_f1=0.5980, acc=0.9793, fpr=0.0055
[2026-07-25 18:00:33,938] 205 root - INFO - [Pipeline] Round 16 eval — macro_f1=0.5980, acc=0.9793, loss=0.0824
[2026-07-25 18:00:33,939] 145 root - INFO - 
[Pipeline] ===== Round 17/30 =====
[2026-07-25 18:01:10,828] 172 root - INFO -   [Client 16] loss=0.0049 acc=0.9986
[2026-07-25 18:01:12,687] 172 root - INFO -   [Client 25] loss=0.0764 acc=0.9796
[2026-07-25 18:01:14,994] 259 root - INFO - [Attacker] LIE attack applied (z=2.0).
[2026-07-25 18:01:14,995] 170 root - INFO -   [Client 8] ATTACK ACTIVE | loss=0.0408
[2026-07-25 18:01:17,922] 172 root - INFO -   [Client 42] loss=0.0607 acc=0.9861
[2026-07-25 18:01:37,105] 172 root - INFO -   [Client 41] loss=0.0276 acc=0.9941
[2026-07-25 18:01:37,679] 172 root - INFO -   [Client 19] loss=0.1151 acc=0.9661
[2026-07-25 18:01:40,283] 172 root - INFO -   [Client 29] loss=0.1063 acc=0.9680
[2026-07-25 18:01:45,338] 172 root - INFO -   [Client 20] loss=0.1317 acc=0.9596
[2026-07-25 18:01:46,433] 172 root - INFO -   [Client 4] loss=0.0724 acc=0.9788
[2026-07-25 18:01:51,376] 172 root - INFO -   [Client 0] loss=0.0141 acc=0.9964
[2026-07-25 18:02:06,721] 172 root - INFO -   [Client 43] loss=0.0082 acc=0.9977
[2026-07-25 18:02:07,637] 172 root - INFO -   [Client 36] loss=0.5399 acc=0.8230
[2026-07-25 18:02:09,277] 259 root - INFO - [Attacker] LIE attack applied (z=2.0).
[2026-07-25 18:02:09,277] 170 root - INFO -   [Client 6] ATTACK ACTIVE | loss=0.2534
[2026-07-25 18:02:10,199] 172 root - INFO -   [Client 45] loss=0.4134 acc=0.8935
[2026-07-25 18:02:18,593] 259 root - INFO - [Attacker] LIE attack applied (z=2.0).
[2026-07-25 18:02:18,593] 170 root - INFO -   [Client 34] ATTACK ACTIVE | loss=0.0244
[2026-07-25 18:02:20,183] 172 root - INFO -   [Client 13] loss=0.3286 acc=0.9063
[2026-07-25 18:02:23,429] 172 root - INFO -   [Client 32] loss=0.0789 acc=0.9803
[2026-07-25 18:02:41,650] 259 root - INFO - [Attacker] LIE attack applied (z=2.0).
[2026-07-25 18:02:41,650] 170 root - INFO -   [Client 49] ATTACK ACTIVE | loss=0.1766
[2026-07-25 18:03:33,481] 259 root - INFO - [Attacker] LIE attack applied (z=2.0).
[2026-07-25 18:03:33,481] 170 root - INFO -   [Client 47] ATTACK ACTIVE | loss=0.0083
[2026-07-25 18:03:34,497] 172 root - INFO -   [Client 39] loss=0.1290 acc=0.9428
[2026-07-25 18:03:35,256] 190 root - INFO - [Pipeline] Round 17 aggregated — flagged=0, min_trust=0.0000, max_trust=0.0000
[2026-07-25 18:03:40,191] 81 root - INFO - [Server] Round 17 — loss=0.0727, macro_f1=0.6610, acc=0.9811, fpr=0.0049
[2026-07-25 18:03:40,256] 205 root - INFO - [Pipeline] Round 17 eval — macro_f1=0.6610, acc=0.9811, loss=0.0727
[2026-07-25 18:03:40,258] 145 root - INFO - 
[Pipeline] ===== Round 18/30 =====
[2026-07-25 18:03:46,063] 172 root - INFO -   [Client 22] loss=0.0329 acc=0.9915
[2026-07-25 18:03:47,142] 172 root - INFO -   [Client 4] loss=0.0841 acc=0.9756
[2026-07-25 18:03:47,963] 259 root - INFO - [Attacker] LIE attack applied (z=2.0).
[2026-07-25 18:03:47,963] 170 root - INFO -   [Client 15] ATTACK ACTIVE | loss=0.5952
[2026-07-25 18:03:51,979] 172 root - INFO -   [Client 23] loss=0.0656 acc=0.9688
[2026-07-25 18:04:04,332] 172 root - INFO -   [Client 18] loss=0.0399 acc=0.9916
[2026-07-25 18:04:15,238] 172 root - INFO -   [Client 10] loss=0.0190 acc=0.9954
[2026-07-25 18:04:17,279] 172 root - INFO -   [Client 28] loss=0.1995 acc=0.9356
[2026-07-25 18:04:25,667] 259 root - INFO - [Attacker] LIE attack applied (z=2.0).
[2026-07-25 18:04:25,667] 170 root - INFO -   [Client 34] ATTACK ACTIVE | loss=0.0240
[2026-07-25 18:04:26,324] 172 root - INFO -   [Client 19] loss=0.1172 acc=0.9659
[2026-07-25 18:04:27,317] 172 root - INFO -   [Client 39] loss=0.1325 acc=0.9427
[2026-07-25 18:04:31,903] 172 root - INFO -   [Client 33] loss=0.0214 acc=0.9938
[2026-07-25 18:04:36,899] 172 root - INFO -   [Client 0] loss=0.0137 acc=0.9964
[2026-07-25 18:04:40,219] 172 root - INFO -   [Client 35] loss=0.1133 acc=0.9654
[2026-07-25 18:04:59,000] 172 root - INFO -   [Client 41] loss=0.0274 acc=0.9941
[2026-07-25 18:05:00,608] 259 root - INFO - [Attacker] LIE attack applied (z=2.0).
[2026-07-25 18:05:00,609] 170 root - INFO -   [Client 6] ATTACK ACTIVE | loss=0.2493
[2026-07-25 18:05:02,817] 259 root - INFO - [Attacker] LIE attack applied (z=2.0).
[2026-07-25 18:05:02,817] 170 root - INFO -   [Client 8] ATTACK ACTIVE | loss=0.0417
[2026-07-25 18:05:39,390] 172 root - INFO -   [Client 16] loss=0.0048 acc=0.9987
[2026-07-25 18:05:42,480] 259 root - INFO - [Attacker] LIE attack applied (z=2.0).
[2026-07-25 18:05:42,480] 170 root - INFO -   [Client 7] ATTACK ACTIVE | loss=0.1256
[2026-07-25 18:05:47,361] 259 root - INFO - [Attacker] LIE attack applied (z=2.0).
[2026-07-25 18:05:47,361] 170 root - INFO -   [Client 37] ATTACK ACTIVE | loss=0.1905
[2026-07-25 18:05:53,896] 172 root - INFO -   [Client 46] loss=0.0591 acc=0.9851
[2026-07-25 18:05:54,643] 190 root - INFO - [Pipeline] Round 18 aggregated — flagged=0, min_trust=0.0000, max_trust=0.0000
[2026-07-25 18:05:59,707] 81 root - INFO - [Server] Round 18 — loss=0.0706, macro_f1=0.5627, acc=0.9792, fpr=0.0048
[2026-07-25 18:05:59,775] 205 root - INFO - [Pipeline] Round 18 eval — macro_f1=0.5627, acc=0.9792, loss=0.0706
[2026-07-25 18:05:59,783] 145 root - INFO - 
[Pipeline] ===== Round 19/30 =====
[2026-07-25 18:06:03,530] 172 root - INFO -   [Client 35] loss=0.1150 acc=0.9654
[2026-07-25 18:06:13,837] 172 root - INFO -   [Client 9] loss=0.0961 acc=0.9737
[2026-07-25 18:06:18,049] 259 root - INFO - [Attacker] LIE attack applied (z=2.0).
[2026-07-25 18:06:18,049] 170 root - INFO -   [Client 17] ATTACK ACTIVE | loss=0.0267
[2026-07-25 18:06:30,077] 172 root - INFO -   [Client 18] loss=0.0395 acc=0.9917
[2026-07-25 18:06:31,722] 172 root - INFO -   [Client 38] loss=0.4811 acc=0.8703
[2026-07-25 18:06:33,478] 172 root - INFO -   [Client 13] loss=0.4628 acc=0.8842
[2026-07-25 18:06:34,443] 172 root - INFO -   [Client 21] loss=0.5859 acc=0.8118
[2026-07-25 18:06:41,292] 172 root - INFO -   [Client 44] loss=0.0712 acc=0.9762
[2026-07-25 18:06:56,905] 259 root - INFO - [Attacker] LIE attack applied (z=2.0).
[2026-07-25 18:06:56,905] 170 root - INFO -   [Client 40] ATTACK ACTIVE | loss=0.0078
[2026-07-25 18:07:33,438] 172 root - INFO -   [Client 16] loss=0.0047 acc=0.9987
[2026-07-25 18:07:36,822] 172 root - INFO -   [Client 32] loss=0.0783 acc=0.9803
[2026-07-25 18:07:38,585] 172 root - INFO -   [Client 31] loss=0.3383 acc=0.8841
[2026-07-25 18:07:57,405] 172 root - INFO -   [Client 41] loss=0.0270 acc=0.9943
[2026-07-25 18:08:06,831] 172 root - INFO -   [Client 3] loss=0.0329 acc=0.9930
[2026-07-25 18:08:14,363] 259 root - INFO - [Attacker] LIE attack applied (z=2.0).
[2026-07-25 18:08:14,364] 170 root - INFO -   [Client 5] ATTACK ACTIVE | loss=0.0193
[2026-07-25 18:08:29,579] 259 root - INFO - [Attacker] LIE attack applied (z=2.0).
[2026-07-25 18:08:29,579] 170 root - INFO -   [Client 27] ATTACK ACTIVE | loss=0.0090
[2026-07-25 18:09:21,348] 259 root - INFO - [Attacker] LIE attack applied (z=2.0).
[2026-07-25 18:09:21,348] 170 root - INFO -   [Client 47] ATTACK ACTIVE | loss=0.0080
[2026-07-25 18:09:26,853] 259 root - INFO - [Attacker] LIE attack applied (z=2.0).
[2026-07-25 18:09:26,853] 170 root - INFO -   [Client 2] ATTACK ACTIVE | loss=0.0453
[2026-07-25 18:09:31,900] 172 root - INFO -   [Client 0] loss=0.0129 acc=0.9966
[2026-07-25 18:09:42,900] 172 root - INFO -   [Client 10] loss=0.0186 acc=0.9955
[2026-07-25 18:09:43,653] 190 root - INFO - [Pipeline] Round 19 aggregated — flagged=0, min_trust=0.0000, max_trust=0.0000
[2026-07-25 18:09:48,861] 81 root - INFO - [Server] Round 19 — loss=0.0703, macro_f1=0.6583, acc=0.9819, fpr=0.0047
[2026-07-25 18:09:48,929] 205 root - INFO - [Pipeline] Round 19 eval — macro_f1=0.6583, acc=0.9819, loss=0.0703
[2026-07-25 18:09:48,937] 145 root - INFO - 
[Pipeline] ===== Round 20/30 =====
[2026-07-25 18:10:07,549] 259 root - INFO - [Attacker] LIE attack applied (z=2.0).
[2026-07-25 18:10:07,549] 170 root - INFO -   [Client 49] ATTACK ACTIVE | loss=0.1733
[2026-07-25 18:10:09,772] 259 root - INFO - [Attacker] LIE attack applied (z=2.0).
[2026-07-25 18:10:09,772] 170 root - INFO -   [Client 8] ATTACK ACTIVE | loss=0.0544
[2026-07-25 18:10:25,266] 259 root - INFO - [Attacker] LIE attack applied (z=2.0).
[2026-07-25 18:10:25,266] 170 root - INFO -   [Client 40] ATTACK ACTIVE | loss=0.0076
[2026-07-25 18:11:01,626] 172 root - INFO -   [Client 16] loss=0.0044 acc=0.9988
[2026-07-25 18:11:12,423] 172 root - INFO -   [Client 10] loss=0.0178 acc=0.9958
[2026-07-25 18:11:14,467] 172 root - INFO -   [Client 28] loss=0.2994 acc=0.9231
[2026-07-25 18:11:17,711] 172 root - INFO -   [Client 35] loss=0.1234 acc=0.9635
[2026-07-25 18:11:32,899] 259 root - INFO - [Attacker] LIE attack applied (z=2.0).
[2026-07-25 18:11:32,899] 170 root - INFO -   [Client 27] ATTACK ACTIVE | loss=0.0088
[2026-07-25 18:11:48,284] 172 root - INFO -   [Client 43] loss=0.0070 acc=0.9980
[2026-07-25 18:11:53,109] 172 root - INFO -   [Client 0] loss=0.0124 acc=0.9967
[2026-07-25 18:11:56,273] 259 root - INFO - [Attacker] LIE attack applied (z=2.0).
[2026-07-25 18:11:56,273] 170 root - INFO -   [Client 7] ATTACK ACTIVE | loss=0.1878
[2026-07-25 18:11:57,323] 172 root - INFO -   [Client 4] loss=0.1423 acc=0.9642
[2026-07-25 18:12:07,649] 172 root - INFO -   [Client 9] loss=0.0958 acc=0.9738
[2026-07-25 18:12:16,174] 259 root - INFO - [Attacker] LIE attack applied (z=2.0).
[2026-07-25 18:12:16,174] 170 root - INFO -   [Client 34] ATTACK ACTIVE | loss=0.0232
[2026-07-25 18:12:21,093] 259 root - INFO - [Attacker] LIE attack applied (z=2.0).
[2026-07-25 18:12:21,093] 170 root - INFO -   [Client 2] ATTACK ACTIVE | loss=0.0444
[2026-07-25 18:12:25,036] 172 root - INFO -   [Client 23] loss=0.0649 acc=0.9691
[2026-07-25 18:12:29,922] 259 root - INFO - [Attacker] LIE attack applied (z=2.0).
[2026-07-25 18:12:29,922] 170 root - INFO -   [Client 37] ATTACK ACTIVE | loss=0.1905
[2026-07-25 18:12:32,781] 172 root - INFO -   [Client 42] loss=0.0587 acc=0.9863
[2026-07-25 18:12:33,932] 172 root - INFO -   [Client 48] loss=0.0992 acc=0.9781
[2026-07-25 18:12:35,984] 259 root - INFO - [Attacker] LIE attack applied (z=2.0).
[2026-07-25 18:12:35,984] 170 root - INFO -   [Client 1] ATTACK ACTIVE | loss=0.2095
[2026-07-25 18:12:36,737] 190 root - INFO - [Pipeline] Round 20 aggregated — flagged=0, min_trust=0.0000, max_trust=0.0000
[2026-07-25 18:12:41,748] 81 root - INFO - [Server] Round 20 — loss=0.0636, macro_f1=0.6018, acc=0.9819, fpr=0.0046
[2026-07-25 18:12:41,812] 205 root - INFO - [Pipeline] Round 20 eval — macro_f1=0.6018, acc=0.9819, loss=0.0636
[2026-07-25 18:12:41,812] 145 root - INFO - 
[Pipeline] ===== Round 21/30 =====
[2026-07-25 18:12:42,684] 172 root - INFO -   [Client 19] loss=0.1205 acc=0.9653
[2026-07-25 18:12:46,697] 172 root - INFO -   [Client 23] loss=0.0631 acc=0.9700
[2026-07-25 18:12:51,731] 259 root - INFO - [Attacker] LIE attack applied (z=2.0).
[2026-07-25 18:12:51,731] 170 root - INFO -   [Client 2] ATTACK ACTIVE | loss=0.0435
[2026-07-25 18:12:57,217] 172 root - INFO -   [Client 22] loss=0.0305 acc=0.9922
[2026-07-25 18:12:58,837] 172 root - INFO -   [Client 13] loss=0.5316 acc=0.8737
[2026-07-25 18:13:14,253] 172 root - INFO -   [Client 43] loss=0.0069 acc=0.9980
[2026-07-25 18:13:15,168] 259 root - INFO - [Attacker] LIE attack applied (z=2.0).
[2026-07-25 18:13:15,168] 170 root - INFO -   [Client 15] ATTACK ACTIVE | loss=0.8483
[2026-07-25 18:13:18,051] 172 root - INFO -   [Client 42] loss=0.0582 acc=0.9865
[2026-07-25 18:13:19,672] 259 root - INFO - [Attacker] LIE attack applied (z=2.0).
[2026-07-25 18:13:19,673] 170 root - INFO -   [Client 6] ATTACK ACTIVE | loss=0.3026
[2026-07-25 18:13:26,154] 172 root - INFO -   [Client 46] loss=0.0578 acc=0.9853
[2026-07-25 18:13:29,505] 172 root - INFO -   [Client 35] loss=0.1138 acc=0.9654
[2026-07-25 18:13:31,608] 172 root - INFO -   [Client 26] loss=0.3862 acc=0.9168
[2026-07-25 18:13:41,861] 172 root - INFO -   [Client 9] loss=0.0950 acc=0.9739
[2026-07-25 18:13:49,015] 172 root - INFO -   [Client 44] loss=0.0696 acc=0.9766
[2026-07-25 18:14:00,090] 172 root - INFO -   [Client 10] loss=0.0174 acc=0.9959
[2026-07-25 18:14:06,931] 172 root - INFO -   [Client 11] loss=0.1485 acc=0.9500
[2026-07-25 18:14:08,573] 172 root - INFO -   [Client 38] loss=0.4870 acc=0.8715
[2026-07-25 18:14:10,465] 259 root - INFO - [Attacker] LIE attack applied (z=2.0).
[2026-07-25 18:14:10,465] 170 root - INFO -   [Client 1] ATTACK ACTIVE | loss=0.2026
[2026-07-25 18:14:18,858] 259 root - INFO - [Attacker] LIE attack applied (z=2.0).
[2026-07-25 18:14:18,858] 170 root - INFO -   [Client 34] ATTACK ACTIVE | loss=0.0232
[2026-07-25 18:14:19,974] 172 root - INFO -   [Client 48] loss=0.0721 acc=0.9834
[2026-07-25 18:14:20,725] 190 root - INFO - [Pipeline] Round 21 aggregated — flagged=0, min_trust=0.0000, max_trust=0.0000
[2026-07-25 18:14:25,661] 81 root - INFO - [Server] Round 21 — loss=0.0797, macro_f1=0.6575, acc=0.9820, fpr=0.0047
[2026-07-25 18:14:25,725] 205 root - INFO - [Pipeline] Round 21 eval — macro_f1=0.6575, acc=0.9820, loss=0.0797
[2026-07-25 18:14:25,726] 145 root - INFO - 
[Pipeline] ===== Round 22/30 =====
[2026-07-25 18:14:27,149] 172 root - INFO -   [Client 21] loss=0.6360 acc=0.8089
[2026-07-25 18:14:29,257] 172 root - INFO -   [Client 26] loss=0.2580 acc=0.9366
[2026-07-25 18:14:32,194] 172 root - INFO -   [Client 42] loss=0.0598 acc=0.9862
[2026-07-25 18:14:33,079] 259 root - INFO - [Attacker] LIE attack applied (z=2.0).
[2026-07-25 18:14:33,079] 170 root - INFO -   [Client 15] ATTACK ACTIVE | loss=0.6196
[2026-07-25 18:14:36,995] 259 root - INFO - [Attacker] LIE attack applied (z=2.0).
[2026-07-25 18:14:36,996] 170 root - INFO -   [Client 17] ATTACK ACTIVE | loss=0.0260
[2026-07-25 18:14:47,827] 172 root - INFO -   [Client 10] loss=0.0177 acc=0.9958
[2026-07-25 18:14:49,472] 259 root - INFO - [Attacker] LIE attack applied (z=2.0).
[2026-07-25 18:14:49,472] 170 root - INFO -   [Client 6] ATTACK ACTIVE | loss=0.2416
[2026-07-25 18:14:50,938] 172 root - INFO -   [Client 24] loss=0.2321 acc=0.9278
[2026-07-25 18:14:55,997] 259 root - INFO - [Attacker] LIE attack applied (z=2.0).
[2026-07-25 18:14:55,997] 170 root - INFO -   [Client 2] ATTACK ACTIVE | loss=0.0438
[2026-07-25 18:14:58,010] 172 root - INFO -   [Client 30] loss=0.0392 acc=0.9905
[2026-07-25 18:15:00,544] 259 root - INFO - [Attacker] LIE attack applied (z=2.0).
[2026-07-25 18:15:00,544] 170 root - INFO -   [Client 14] ATTACK ACTIVE | loss=0.0496
[2026-07-25 18:15:00,901] 172 root - INFO -   [Client 12] loss=2.6927 acc=0.4838
[2026-07-25 18:15:03,434] 172 root - INFO -   [Client 29] loss=0.1077 acc=0.9681
[2026-07-25 18:15:08,675] 172 root - INFO -   [Client 22] loss=0.0314 acc=0.9920
[2026-07-25 18:15:09,250] 172 root - INFO -   [Client 19] loss=0.1201 acc=0.9673
[2026-07-25 18:15:10,394] 172 root - INFO -   [Client 39] loss=0.1229 acc=0.9451
[2026-07-25 18:15:18,706] 259 root - INFO - [Attacker] LIE attack applied (z=2.0).
[2026-07-25 18:15:18,706] 170 root - INFO -   [Client 34] ATTACK ACTIVE | loss=0.0231
[2026-07-25 18:15:20,759] 259 root - INFO - [Attacker] LIE attack applied (z=2.0).
[2026-07-25 18:15:20,760] 170 root - INFO -   [Client 1] ATTACK ACTIVE | loss=0.2106
[2026-07-25 18:15:22,313] 172 root - INFO -   [Client 38] loss=0.5327 acc=0.8618
[2026-07-25 18:15:24,187] 172 root - INFO -   [Client 31] loss=0.2831 acc=0.8978
[2026-07-25 18:15:24,394] 190 root - INFO - [Pipeline] Round 22 aggregated — flagged=0, min_trust=0.0000, max_trust=0.0000
[2026-07-25 18:15:29,258] 81 root - INFO - [Server] Round 22 — loss=0.0874, macro_f1=0.6442, acc=0.9791, fpr=0.0049
[2026-07-25 18:15:29,321] 205 root - INFO - [Pipeline] Round 22 eval — macro_f1=0.6442, acc=0.9791, loss=0.0874
[2026-07-25 18:15:29,321] 145 root - INFO - 
[Pipeline] ===== Round 23/30 =====
[2026-07-25 18:15:30,648] 172 root - INFO -   [Client 21] loss=0.2641 acc=0.9051
[2026-07-25 18:15:34,701] 259 root - INFO - [Attacker] LIE attack applied (z=2.0).
[2026-07-25 18:15:34,701] 170 root - INFO -   [Client 17] ATTACK ACTIVE | loss=0.0267
[2026-07-25 18:15:35,809] 172 root - INFO -   [Client 4] loss=0.0648 acc=0.9824
[2026-07-25 18:15:36,951] 172 root - INFO -   [Client 48] loss=0.0306 acc=0.9930
[2026-07-25 18:15:42,183] 172 root - INFO -   [Client 22] loss=0.0317 acc=0.9919
[2026-07-25 18:16:00,687] 172 root - INFO -   [Client 41] loss=0.0266 acc=0.9944
[2026-07-25 18:16:04,071] 172 root - INFO -   [Client 32] loss=0.0775 acc=0.9805
[2026-07-25 18:16:06,029] 172 root - INFO -   [Client 25] loss=0.0734 acc=0.9804
[2026-07-25 18:16:14,430] 259 root - INFO - [Attacker] LIE attack applied (z=2.0).
[2026-07-25 18:16:14,430] 170 root - INFO -   [Client 34] ATTACK ACTIVE | loss=0.0233
[2026-07-25 18:16:31,959] 259 root - INFO - [Attacker] LIE attack applied (z=2.0).
[2026-07-25 18:16:31,959] 170 root - INFO -   [Client 49] ATTACK ACTIVE | loss=0.1717
[2026-07-25 18:16:33,984] 259 root - INFO - [Attacker] LIE attack applied (z=2.0).
[2026-07-25 18:16:33,984] 170 root - INFO -   [Client 1] ATTACK ACTIVE | loss=0.1986
[2026-07-25 18:16:36,994] 259 root - INFO - [Attacker] LIE attack applied (z=2.0).
[2026-07-25 18:16:36,994] 170 root - INFO -   [Client 7] ATTACK ACTIVE | loss=0.0982
[2026-07-25 18:17:12,984] 172 root - INFO -   [Client 16] loss=0.0047 acc=0.9987
[2026-07-25 18:17:19,827] 172 root - INFO -   [Client 11] loss=0.1467 acc=0.9503
[2026-07-25 18:17:24,669] 259 root - INFO - [Attacker] LIE attack applied (z=2.0).
[2026-07-25 18:17:24,669] 170 root - INFO -   [Client 37] ATTACK ACTIVE | loss=0.1863
[2026-07-25 18:17:29,738] 259 root - INFO - [Attacker] LIE attack applied (z=2.0).
[2026-07-25 18:17:29,738] 170 root - INFO -   [Client 2] ATTACK ACTIVE | loss=0.0443
[2026-07-25 18:17:31,252] 259 root - INFO - [Attacker] LIE attack applied (z=2.0).
[2026-07-25 18:17:31,253] 170 root - INFO -   [Client 6] ATTACK ACTIVE | loss=0.1924
[2026-07-25 18:17:46,629] 259 root - INFO - [Attacker] LIE attack applied (z=2.0).
[2026-07-25 18:17:46,630] 170 root - INFO -   [Client 27] ATTACK ACTIVE | loss=0.0090
[2026-07-25 18:17:47,667] 172 root - INFO -   [Client 45] loss=0.3300 acc=0.8879
[2026-07-25 18:17:51,564] 172 root - INFO -   [Client 23] loss=0.0614 acc=0.9708
[2026-07-25 18:17:51,980] 190 root - INFO - [Pipeline] Round 23 aggregated — flagged=0, min_trust=0.0000, max_trust=0.0000
[2026-07-25 18:17:56,934] 81 root - INFO - [Server] Round 23 — loss=0.0828, macro_f1=0.6575, acc=0.9804, fpr=0.0047
[2026-07-25 18:17:56,996] 205 root - INFO - [Pipeline] Round 23 eval — macro_f1=0.6575, acc=0.9804, loss=0.0828
[2026-07-25 18:17:56,997] 145 root - INFO - 
[Pipeline] ===== Round 24/30 =====
[2026-07-25 18:18:02,349] 172 root - INFO -   [Client 20] loss=0.1300 acc=0.9610
[2026-07-25 18:18:17,311] 259 root - INFO - [Attacker] LIE attack applied (z=2.0).
[2026-07-25 18:18:17,311] 170 root - INFO -   [Client 27] ATTACK ACTIVE | loss=0.0085
[2026-07-25 18:18:18,982] 172 root - INFO -   [Client 38] loss=0.4326 acc=0.8823
[2026-07-25 18:18:22,263] 172 root - INFO -   [Client 32] loss=0.0769 acc=0.9810
[2026-07-25 18:18:25,381] 259 root - INFO - [Attacker] LIE attack applied (z=2.0).
[2026-07-25 18:18:25,382] 170 root - INFO -   [Client 7] ATTACK ACTIVE | loss=0.1252
[2026-07-25 18:18:26,833] 172 root - INFO -   [Client 24] loss=0.2334 acc=0.9244
[2026-07-25 18:18:27,785] 172 root - INFO -   [Client 36] loss=0.7602 acc=0.7984
[2026-07-25 18:18:28,025] 172 root - INFO -   [Client 12] loss=2.3321 acc=0.5303
[2026-07-25 18:19:03,684] 172 root - INFO -   [Client 16] loss=0.0042 acc=0.9988
[2026-07-25 18:19:08,734] 259 root - INFO - [Attacker] LIE attack applied (z=2.0).
[2026-07-25 18:19:08,734] 170 root - INFO -   [Client 2] ATTACK ACTIVE | loss=0.0433
[2026-07-25 18:19:09,982] 172 root - INFO -   [Client 48] loss=0.0418 acc=0.9896
[2026-07-25 18:19:14,860] 172 root - INFO -   [Client 0] loss=0.0118 acc=0.9969
[2026-07-25 18:19:19,534] 172 root - INFO -   [Client 33] loss=0.0199 acc=0.9942
[2026-07-25 18:19:27,809] 259 root - INFO - [Attacker] LIE attack applied (z=2.0).
[2026-07-25 18:19:27,809] 170 root - INFO -   [Client 34] ATTACK ACTIVE | loss=0.0228
[2026-07-25 18:19:30,756] 172 root - INFO -   [Client 42] loss=0.0597 acc=0.9863
[2026-07-25 18:19:34,812] 172 root - INFO -   [Client 23] loss=0.0609 acc=0.9708
[2026-07-25 18:19:35,869] 172 root - INFO -   [Client 39] loss=0.1211 acc=0.9460
[2026-07-25 18:19:36,939] 172 root - INFO -   [Client 4] loss=0.0772 acc=0.9787
[2026-07-25 18:19:38,028] 172 root - INFO -   [Client 21] loss=0.5006 acc=0.8494
[2026-07-25 18:19:38,567] 172 root - INFO -   [Client 19] loss=0.1220 acc=0.9667
[2026-07-25 18:19:39,110] 190 root - INFO - [Pipeline] Round 24 aggregated — flagged=0, min_trust=0.0000, max_trust=0.0000
[2026-07-25 18:19:43,992] 81 root - INFO - [Server] Round 24 — loss=0.0751, macro_f1=0.6161, acc=0.9782, fpr=0.0054
[2026-07-25 18:19:44,054] 205 root - INFO - [Pipeline] Round 24 eval — macro_f1=0.6161, acc=0.9782, loss=0.0751
[2026-07-25 18:19:44,055] 145 root - INFO - 
[Pipeline] ===== Round 25/30 =====
[2026-07-25 18:19:49,383] 172 root - INFO -   [Client 20] loss=0.1230 acc=0.9614
[2026-07-25 18:19:52,290] 172 root - INFO -   [Client 42] loss=0.0576 acc=0.9866
[2026-07-25 18:19:55,292] 259 root - INFO - [Attacker] LIE attack applied (z=2.0).
[2026-07-25 18:19:55,292] 170 root - INFO -   [Client 7] ATTACK ACTIVE | loss=0.0999
[2026-07-25 18:20:01,848] 172 root - INFO -   [Client 46] loss=0.0573 acc=0.9854
[2026-07-25 18:20:02,518] 172 root - INFO -   [Client 19] loss=0.1142 acc=0.9667
[2026-07-25 18:20:05,796] 172 root - INFO -   [Client 32] loss=0.0764 acc=0.9807
[2026-07-25 18:20:06,735] 172 root - INFO -   [Client 45] loss=0.3862 acc=0.8926
[2026-07-25 18:20:07,871] 172 root - INFO -   [Client 48] loss=0.0500 acc=0.9878
[2026-07-25 18:20:09,960] 172 root - INFO -   [Client 26] loss=0.2074 acc=0.9426
[2026-07-25 18:20:27,821] 259 root - INFO - [Attacker] LIE attack applied (z=2.0).
[2026-07-25 18:20:27,821] 170 root - INFO -   [Client 49] ATTACK ACTIVE | loss=0.1706
[2026-07-25 18:20:29,680] 172 root - INFO -   [Client 25] loss=0.0731 acc=0.9806
[2026-07-25 18:20:42,045] 172 root - INFO -   [Client 18] loss=0.0385 acc=0.9919
[2026-07-25 18:20:45,297] 172 root - INFO -   [Client 35] loss=0.1088 acc=0.9662
[2026-07-25 18:20:47,527] 259 root - INFO - [Attacker] LIE attack applied (z=2.0).
[2026-07-25 18:20:47,528] 170 root - INFO -   [Client 8] ATTACK ACTIVE | loss=0.0343
[2026-07-25 18:20:47,766] 172 root - INFO -   [Client 12] loss=2.2547 acc=0.5308
[2026-07-25 18:21:06,526] 172 root - INFO -   [Client 41] loss=0.0259 acc=0.9946
[2026-07-25 18:21:08,086] 172 root - INFO -   [Client 24] loss=0.2253 acc=0.9267
[2026-07-25 18:21:14,727] 172 root - INFO -   [Client 11] loss=0.1466 acc=0.9503
[2026-07-25 18:21:30,331] 172 root - INFO -   [Client 43] loss=0.0066 acc=0.9981
[2026-07-25 18:21:35,258] 259 root - INFO - [Attacker] LIE attack applied (z=2.0).
[2026-07-25 18:21:35,258] 170 root - INFO -   [Client 37] ATTACK ACTIVE | loss=0.1857
[2026-07-25 18:21:35,783] 190 root - INFO - [Pipeline] Round 25 aggregated — flagged=0, min_trust=0.0000, max_trust=0.0000
[2026-07-25 18:21:40,638] 81 root - INFO - [Server] Round 25 — loss=0.0780, macro_f1=0.5615, acc=0.9783, fpr=0.0052
[2026-07-25 18:21:40,700] 205 root - INFO - [Pipeline] Round 25 eval — macro_f1=0.5615, acc=0.9783, loss=0.0780
[2026-07-25 18:21:40,701] 145 root - INFO - 
[Pipeline] ===== Round 26/30 =====
[2026-07-25 18:21:44,414] 172 root - INFO -   [Client 35] loss=0.1045 acc=0.9675
[2026-07-25 18:21:49,217] 172 root - INFO -   [Client 0] loss=0.0120 acc=0.9969
[2026-07-25 18:21:49,786] 172 root - INFO -   [Client 19] loss=0.1074 acc=0.9685
[2026-07-25 18:22:02,065] 172 root - INFO -   [Client 18] loss=0.0387 acc=0.9918
[2026-07-25 18:22:03,762] 172 root - INFO -   [Client 13] loss=0.2261 acc=0.9267
[2026-07-25 18:22:18,932] 259 root - INFO - [Attacker] LIE attack applied (z=2.0).
[2026-07-25 18:22:18,932] 170 root - INFO -   [Client 27] ATTACK ACTIVE | loss=0.0086
[2026-07-25 18:22:23,703] 259 root - INFO - [Attacker] LIE attack applied (z=2.0).
[2026-07-25 18:22:23,703] 170 root - INFO -   [Client 37] ATTACK ACTIVE | loss=0.1846
[2026-07-25 18:22:25,313] 172 root - INFO -   [Client 38] loss=0.2593 acc=0.9210
[2026-07-25 18:22:44,278] 172 root - INFO -   [Client 41] loss=0.0259 acc=0.9946
[2026-07-25 18:22:49,416] 172 root - INFO -   [Client 20] loss=0.1134 acc=0.9639
[2026-07-25 18:22:51,893] 172 root - INFO -   [Client 29] loss=0.1046 acc=0.9681
[2026-07-25 18:22:53,896] 172 root - INFO -   [Client 28] loss=0.1631 acc=0.9425
[2026-07-25 18:22:56,798] 172 root - INFO -   [Client 42] loss=0.0573 acc=0.9865
[2026-07-25 18:22:57,700] 172 root - INFO -   [Client 45] loss=0.3612 acc=0.8918
[2026-07-25 18:23:01,097] 172 root - INFO -   [Client 32] loss=0.0756 acc=0.9806
[2026-07-25 18:23:03,016] 172 root - INFO -   [Client 30] loss=0.0401 acc=0.9901
[2026-07-25 18:23:13,948] 172 root - INFO -   [Client 10] loss=0.0172 acc=0.9960
[2026-07-25 18:23:21,347] 259 root - INFO - [Attacker] LIE attack applied (z=2.0).
[2026-07-25 18:23:21,347] 170 root - INFO -   [Client 5] ATTACK ACTIVE | loss=0.0174
[2026-07-25 18:23:27,824] 172 root - INFO -   [Client 46] loss=0.0572 acc=0.9854
[2026-07-25 18:24:04,434] 172 root - INFO -   [Client 16] loss=0.0043 acc=0.9988
[2026-07-25 18:24:05,201] 190 root - INFO - [Pipeline] Round 26 aggregated — flagged=0, min_trust=0.0000, max_trust=0.0000
[2026-07-25 18:24:10,296] 81 root - INFO - [Server] Round 26 — loss=0.0644, macro_f1=0.6049, acc=0.9819, fpr=0.0047
[2026-07-25 18:24:10,358] 205 root - INFO - [Pipeline] Round 26 eval — macro_f1=0.6049, acc=0.9819, loss=0.0644
[2026-07-25 18:24:10,366] 145 root - INFO - 
[Pipeline] ===== Round 27/30 =====
[2026-07-25 18:24:13,799] 172 root - INFO -   [Client 42] loss=0.0571 acc=0.9865
[2026-07-25 18:24:29,492] 259 root - INFO - [Attacker] LIE attack applied (z=2.0).
[2026-07-25 18:24:29,492] 170 root - INFO -   [Client 40] ATTACK ACTIVE | loss=0.0073
[2026-07-25 18:24:30,532] 172 root - INFO -   [Client 39] loss=0.1238 acc=0.9452
[2026-07-25 18:24:31,522] 172 root - INFO -   [Client 21] loss=0.3437 acc=0.8821
[2026-07-25 18:24:39,042] 259 root - INFO - [Attacker] LIE attack applied (z=2.0).
[2026-07-25 18:24:39,042] 170 root - INFO -   [Client 5] ATTACK ACTIVE | loss=0.0172
[2026-07-25 18:24:39,848] 259 root - INFO - [Attacker] LIE attack applied (z=2.0).
[2026-07-25 18:24:39,849] 170 root - INFO -   [Client 15] ATTACK ACTIVE | loss=0.5323
[2026-07-25 18:24:56,826] 172 root - INFO -   [Client 43] loss=0.0065 acc=0.9981
[2026-07-25 18:24:57,498] 172 root - INFO -   [Client 19] loss=0.1039 acc=0.9694
[2026-07-25 18:25:00,507] 259 root - INFO - [Attacker] LIE attack applied (z=2.0).
[2026-07-25 18:25:00,507] 170 root - INFO -   [Client 14] ATTACK ACTIVE | loss=0.0544
[2026-07-25 18:25:00,759] 172 root - INFO -   [Client 12] loss=2.1316 acc=0.5663
[2026-07-25 18:25:11,063] 172 root - INFO -   [Client 9] loss=0.0935 acc=0.9740
[2026-07-25 18:25:13,075] 259 root - INFO - [Attacker] LIE attack applied (z=2.0).
[2026-07-25 18:25:13,076] 170 root - INFO -   [Client 1] ATTACK ACTIVE | loss=0.1960
[2026-07-25 18:25:18,438] 259 root - INFO - [Attacker] LIE attack applied (z=2.0).
[2026-07-25 18:25:18,438] 170 root - INFO -   [Client 2] ATTACK ACTIVE | loss=0.0423
[2026-07-25 18:25:25,256] 172 root - INFO -   [Client 44] loss=0.0686 acc=0.9771
[2026-07-25 18:25:27,256] 172 root - INFO -   [Client 30] loss=0.0386 acc=0.9910
[2026-07-25 18:25:28,344] 172 root - INFO -   [Client 4] loss=0.0539 acc=0.9845
[2026-07-25 18:25:30,956] 172 root - INFO -   [Client 29] loss=0.1026 acc=0.9684
[2026-07-25 18:25:32,922] 172 root - INFO -   [Client 26] loss=0.1829 acc=0.9482
[2026-07-25 18:25:34,168] 172 root - INFO -   [Client 48] loss=0.0403 acc=0.9904
[2026-07-25 18:25:39,337] 172 root - INFO -   [Client 22] loss=0.0301 acc=0.9923
[2026-07-25 18:25:40,093] 190 root - INFO - [Pipeline] Round 27 aggregated — flagged=0, min_trust=0.0000, max_trust=0.0000
[2026-07-25 18:25:45,271] 81 root - INFO - [Server] Round 27 — loss=0.0700, macro_f1=0.6515, acc=0.9796, fpr=0.0048
[2026-07-25 18:25:45,333] 205 root - INFO - [Pipeline] Round 27 eval — macro_f1=0.6515, acc=0.9796, loss=0.0700
[2026-07-25 18:25:45,341] 145 root - INFO - 
[Pipeline] ===== Round 28/30 =====
[2026-07-25 18:25:52,635] 172 root - INFO -   [Client 44] loss=0.0680 acc=0.9770
[2026-07-25 18:25:54,121] 172 root - INFO -   [Client 24] loss=0.2051 acc=0.9277
[2026-07-25 18:25:56,031] 172 root - INFO -   [Client 31] loss=0.2015 acc=0.9119
[2026-07-25 18:25:57,945] 172 root - INFO -   [Client 25] loss=0.0718 acc=0.9801
[2026-07-25 18:25:58,850] 259 root - INFO - [Attacker] LIE attack applied (z=2.0).
[2026-07-25 18:25:58,850] 170 root - INFO -   [Client 15] ATTACK ACTIVE | loss=0.4455
[2026-07-25 18:26:09,191] 172 root - INFO -   [Client 9] loss=0.0937 acc=0.9739
[2026-07-25 18:26:28,141] 172 root - INFO -   [Client 41] loss=0.0258 acc=0.9946
[2026-07-25 18:26:33,227] 172 root - INFO -   [Client 0] loss=0.0113 acc=0.9970
[2026-07-25 18:26:34,721] 259 root - INFO - [Attacker] LIE attack applied (z=2.0).
[2026-07-25 18:26:34,721] 170 root - INFO -   [Client 6] ATTACK ACTIVE | loss=0.2147
[2026-07-25 18:26:49,735] 259 root - INFO - [Attacker] LIE attack applied (z=2.0).
[2026-07-25 18:26:49,735] 170 root - INFO -   [Client 27] ATTACK ACTIVE | loss=0.0087
[2026-07-25 18:26:52,382] 259 root - INFO - [Attacker] LIE attack applied (z=2.0).
[2026-07-25 18:26:52,382] 170 root - INFO -   [Client 14] ATTACK ACTIVE | loss=0.0408
[2026-07-25 18:26:58,941] 172 root - INFO -   [Client 11] loss=0.1439 acc=0.9507
[2026-07-25 18:27:03,778] 172 root - INFO -   [Client 33] loss=0.0203 acc=0.9942
[2026-07-25 18:27:06,377] 172 root - INFO -   [Client 29] loss=0.0974 acc=0.9698
[2026-07-25 18:27:15,593] 172 root - INFO -   [Client 3] loss=0.0309 acc=0.9933
[2026-07-25 18:27:16,544] 172 root - INFO -   [Client 45] loss=0.3282 acc=0.8930
[2026-07-25 18:27:19,565] 259 root - INFO - [Attacker] LIE attack applied (z=2.0).
[2026-07-25 18:27:19,565] 170 root - INFO -   [Client 7] ATTACK ACTIVE | loss=0.0920
[2026-07-25 18:27:20,456] 172 root - INFO -   [Client 36] loss=0.4290 acc=0.8552
[2026-07-25 18:27:22,680] 259 root - INFO - [Attacker] LIE attack applied (z=2.0).
[2026-07-25 18:27:22,680] 170 root - INFO -   [Client 8] ATTACK ACTIVE | loss=0.0326
[2026-07-25 18:27:29,298] 172 root - INFO -   [Client 46] loss=0.0560 acc=0.9856
[2026-07-25 18:27:30,054] 190 root - INFO - [Pipeline] Round 28 aggregated — flagged=0, min_trust=0.0000, max_trust=0.0000
[2026-07-25 18:27:35,070] 81 root - INFO - [Server] Round 28 — loss=0.0746, macro_f1=0.6643, acc=0.9812, fpr=0.0048
[2026-07-25 18:27:35,132] 205 root - INFO - [Pipeline] Round 28 eval — macro_f1=0.6643, acc=0.9812, loss=0.0746
[2026-07-25 18:27:35,133] 145 root - INFO - 
[Pipeline] ===== Round 29/30 =====
[2026-07-25 18:27:38,186] 172 root - INFO -   [Client 29] loss=0.0973 acc=0.9695
[2026-07-25 18:27:41,100] 172 root - INFO -   [Client 42] loss=0.0593 acc=0.9860
[2026-07-25 18:27:45,667] 172 root - INFO -   [Client 33] loss=0.0211 acc=0.9939
[2026-07-25 18:27:49,078] 172 root - INFO -   [Client 35] loss=0.1040 acc=0.9672
[2026-07-25 18:27:50,755] 172 root - INFO -   [Client 38] loss=0.1962 acc=0.9355
[2026-07-25 18:27:55,714] 172 root - INFO -   [Client 20] loss=0.1099 acc=0.9652
[2026-07-25 18:27:57,756] 172 root - INFO -   [Client 28] loss=0.1306 acc=0.9497
[2026-07-25 18:27:58,813] 172 root - INFO -   [Client 39] loss=0.1081 acc=0.9493
[2026-07-25 18:28:02,211] 172 root - INFO -   [Client 32] loss=0.0765 acc=0.9806
[2026-07-25 18:28:16,993] 259 root - INFO - [Attacker] LIE attack applied (z=2.0).
[2026-07-25 18:28:16,993] 170 root - INFO -   [Client 27] ATTACK ACTIVE | loss=0.0087
[2026-07-25 18:28:23,695] 172 root - INFO -   [Client 46] loss=0.0559 acc=0.9857
[2026-07-25 18:28:39,045] 172 root - INFO -   [Client 43] loss=0.0070 acc=0.9980
[2026-07-25 18:28:49,643] 172 root - INFO -   [Client 10] loss=0.0175 acc=0.9959
[2026-07-25 18:28:51,680] 172 root - INFO -   [Client 30] loss=0.0378 acc=0.9911
[2026-07-25 18:28:52,601] 172 root - INFO -   [Client 45] loss=0.3138 acc=0.8933
[2026-07-25 18:29:28,804] 172 root - INFO -   [Client 16] loss=0.0044 acc=0.9988
[2026-07-25 18:29:29,594] 259 root - INFO - [Attacker] LIE attack applied (z=2.0).
[2026-07-25 18:29:29,594] 170 root - INFO -   [Client 15] ATTACK ACTIVE | loss=0.3282
[2026-07-25 18:29:33,600] 259 root - INFO - [Attacker] LIE attack applied (z=2.0).
[2026-07-25 18:29:33,600] 170 root - INFO -   [Client 17] ATTACK ACTIVE | loss=0.0255
[2026-07-25 18:29:35,426] 172 root - INFO -   [Client 31] loss=0.1901 acc=0.9153
[2026-07-25 18:29:42,313] 172 root - INFO -   [Client 44] loss=0.0681 acc=0.9771
[2026-07-25 18:29:42,678] 190 root - INFO - [Pipeline] Round 29 aggregated — flagged=0, min_trust=0.0000, max_trust=0.0000
[2026-07-25 18:29:47,573] 81 root - INFO - [Server] Round 29 — loss=0.0637, macro_f1=0.6571, acc=0.9799, fpr=0.0045
[2026-07-25 18:29:47,635] 205 root - INFO - [Pipeline] Round 29 eval — macro_f1=0.6571, acc=0.9799, loss=0.0637
[2026-07-25 18:29:47,636] 145 root - INFO - 
[Pipeline] ===== Round 30/30 =====
[2026-07-25 18:29:48,773] 259 root - INFO - [Attacker] LIE attack applied (z=2.0).
[2026-07-25 18:29:48,773] 170 root - INFO -   [Client 15] ATTACK ACTIVE | loss=0.4429
[2026-07-25 18:29:52,793] 259 root - INFO - [Attacker] LIE attack applied (z=2.0).
[2026-07-25 18:29:52,793] 170 root - INFO -   [Client 17] ATTACK ACTIVE | loss=0.0247
[2026-07-25 18:29:54,738] 172 root - INFO -   [Client 28] loss=0.1513 acc=0.9457
[2026-07-25 18:29:55,911] 172 root - INFO -   [Client 4] loss=0.0545 acc=0.9845
[2026-07-25 18:29:56,926] 172 root - INFO -   [Client 45] loss=0.3416 acc=0.8945
[2026-07-25 18:30:08,955] 172 root - INFO -   [Client 18] loss=0.0380 acc=0.9919
[2026-07-25 18:30:26,559] 259 root - INFO - [Attacker] LIE attack applied (z=2.0).
[2026-07-25 18:30:26,559] 170 root - INFO -   [Client 49] ATTACK ACTIVE | loss=0.1690
[2026-07-25 18:30:27,737] 172 root - INFO -   [Client 48] loss=0.0398 acc=0.9898
[2026-07-25 18:30:28,726] 172 root - INFO -   [Client 21] loss=0.3021 acc=0.8914
[2026-07-25 18:30:33,694] 172 root - INFO -   [Client 20] loss=0.1132 acc=0.9643
[2026-07-25 18:30:42,060] 259 root - INFO - [Attacker] LIE attack applied (z=2.0).
[2026-07-25 18:30:42,061] 170 root - INFO -   [Client 34] ATTACK ACTIVE | loss=0.0220
[2026-07-25 18:30:49,535] 259 root - INFO - [Attacker] LIE attack applied (z=2.0).
[2026-07-25 18:30:49,535] 170 root - INFO -   [Client 5] ATTACK ACTIVE | loss=0.0172
[2026-07-25 18:30:51,751] 259 root - INFO - [Attacker] LIE attack applied (z=2.0).
[2026-07-25 18:30:51,751] 170 root - INFO -   [Client 8] ATTACK ACTIVE | loss=0.0302
[2026-07-25 18:31:02,145] 172 root - INFO -   [Client 9] loss=0.0931 acc=0.9740
[2026-07-25 18:31:04,801] 259 root - INFO - [Attacker] LIE attack applied (z=2.0).
[2026-07-25 18:31:04,801] 170 root - INFO -   [Client 14] ATTACK ACTIVE | loss=0.0466
[2026-07-25 18:31:06,255] 172 root - INFO -   [Client 24] loss=0.2106 acc=0.9281
[2026-07-25 18:31:07,226] 172 root - INFO -   [Client 36] loss=0.3996 acc=0.8613
[2026-07-25 18:31:08,850] 172 root - INFO -   [Client 13] loss=0.2362 acc=0.9251
[2026-07-25 18:31:15,476] 172 root - INFO -   [Client 46] loss=0.0562 acc=0.9855
[2026-07-25 18:31:18,802] 172 root - INFO -   [Client 32] loss=0.0736 acc=0.9812
[2026-07-25 18:31:19,565] 190 root - INFO - [Pipeline] Round 30 aggregated — flagged=0, min_trust=0.0000, max_trust=0.0000
[2026-07-25 18:31:24,609] 81 root - INFO - [Server] Round 30 — loss=0.0677, macro_f1=0.6459, acc=0.9794, fpr=0.0048
[2026-07-25 18:31:24,672] 205 root - INFO - [Pipeline] Round 30 eval — macro_f1=0.6459, acc=0.9794, loss=0.0677
[2026-07-25 18:31:24,686] 223 root - INFO - [Pipeline] Final global model saved to C:\Users\rauna\Videos\FL IDS\artifacts\models\fl_global_model_geomed_lie_30pct.pth
[2026-07-25 18:31:24,687] 28 root - INFO - [Experiment] strategy=hra attack=lie ratio=0.3
[2026-07-25 18:31:24,688] 125 root - INFO - [Pipeline] Malicious client IDs: [1, 2, 5, 6, 7, 8, 14, 15, 17, 27, 34, 37, 40, 47, 49]
[2026-07-25 18:31:24,701] 33 root - INFO - [Server] Loaded baseline checkpoint from C:\Users\rauna\Videos\FL IDS\artifacts\models\baseline_mlp.pth
[2026-07-25 18:31:24,713] 131 root - INFO - [Pipeline] Strategy: hra
[2026-07-25 18:31:24,714] 137 root - INFO - [Pipeline] Starting FL loop — 50 clients, 20 per round, 30 rounds.
[2026-07-25 18:31:24,714] 145 root - INFO - 
[Pipeline] ===== Round 1/30 =====
[2026-07-25 18:31:40,802] 172 root - INFO -   [Client 40] loss=0.2206 acc=0.9374
[2026-07-25 18:31:43,876] 172 root - INFO -   [Client 7] loss=0.9456 acc=0.7960
[2026-07-25 18:31:45,939] 172 root - INFO -   [Client 1] loss=1.7949 acc=0.5354
[2026-07-25 18:31:49,783] 172 root - INFO -   [Client 17] loss=0.8397 acc=0.7559
[2026-07-25 18:31:50,672] 172 root - INFO -   [Client 15] loss=1.5805 acc=0.6181
[2026-07-25 18:31:53,301] 172 root - INFO -   [Client 14] loss=1.1360 acc=0.7034
[2026-07-25 18:31:55,385] 172 root - INFO -   [Client 8] loss=1.3954 acc=0.6405
[2026-07-25 18:31:56,987] 172 root - INFO -   [Client 6] loss=2.0157 acc=0.4337
[2026-07-25 18:32:05,346] 172 root - INFO -   [Client 34] loss=0.5163 acc=0.8535
[2026-07-25 18:32:12,965] 172 root - INFO -   [Client 5] loss=0.5414 acc=0.8593
[2026-07-25 18:32:17,735] 172 root - INFO -   [Client 37] loss=0.9265 acc=0.7454
[2026-07-25 18:32:32,958] 172 root - INFO -   [Client 27] loss=0.2262 acc=0.9371
[2026-07-25 18:32:38,046] 172 root - INFO -   [Client 2] loss=0.8309 acc=0.7865
[2026-07-25 18:33:29,902] 172 root - INFO -   [Client 47] loss=0.0725 acc=0.9809
[2026-07-25 18:33:47,528] 172 root - INFO -   [Client 49] loss=0.9574 acc=0.7066
[2026-07-25 18:33:49,211] 172 root - INFO -   [Client 13] loss=1.4499 acc=0.6566
[2026-07-25 18:33:56,008] 172 root - INFO -   [Client 44] loss=0.6905 acc=0.8103
[2026-07-25 18:33:59,289] 172 root - INFO -   [Client 32] loss=1.0997 acc=0.7123
[2026-07-25 18:34:00,154] 172 root - INFO -   [Client 36] loss=2.0482 acc=0.6160
[2026-07-25 18:34:06,976] 172 root - INFO -   [Client 46] loss=0.5646 acc=0.8600
[2026-07-25 18:34:07,266] 113 root - INFO - [HRA] Round 1: 6/20 fully penalised.
[2026-07-25 18:34:07,273] 190 root - INFO - [Pipeline] Round 1 aggregated — flagged=6, min_trust=0.0000, max_trust=0.1289
[2026-07-25 18:34:12,368] 81 root - INFO - [Server] Round 1 — loss=0.7964, macro_f1=0.0966, acc=0.8351, fpr=0.0629
[2026-07-25 18:34:12,431] 205 root - INFO - [Pipeline] Round 1 eval — macro_f1=0.0966, acc=0.8351, loss=0.7964
[2026-07-25 18:34:12,440] 145 root - INFO - 
[Pipeline] ===== Round 2/30 =====
[2026-07-25 18:34:13,025] 172 root - INFO -   [Client 12] loss=3.2945 acc=0.1091
[2026-07-25 18:34:13,975] 172 root - INFO -   [Client 45] loss=1.2737 acc=0.6417
[2026-07-25 18:34:32,902] 172 root - INFO -   [Client 41] loss=0.0622 acc=0.9847
[2026-07-25 18:34:39,917] 172 root - INFO -   [Client 44] loss=0.1595 acc=0.9513
[2026-07-25 18:34:48,303] 172 root - INFO -   [Client 34] loss=0.0912 acc=0.9744
[2026-07-25 18:34:50,389] 172 root - INFO -   [Client 26] loss=0.6474 acc=0.8101
[2026-07-25 18:34:53,068] 172 root - INFO -   [Client 14] loss=0.3263 acc=0.8981
[2026-07-25 18:34:54,959] 172 root - INFO -   [Client 28] loss=0.7096 acc=0.8030
[2026-07-25 18:34:59,782] 172 root - INFO -   [Client 37] loss=0.3080 acc=0.9057
[2026-07-25 18:35:03,839] 172 root - INFO -   [Client 17] loss=0.1000 acc=0.9689
[2026-07-25 18:35:08,875] 172 root - INFO -   [Client 0] loss=0.1129 acc=0.9645
[2026-07-25 18:35:19,656] 172 root - INFO -   [Client 10] loss=0.0742 acc=0.9796
[2026-07-25 18:35:35,320] 172 root - INFO -   [Client 27] loss=0.0381 acc=0.9889
[2026-07-25 18:35:36,265] 172 root - INFO -   [Client 21] loss=1.0125 acc=0.6577
[2026-07-25 18:35:51,765] 172 root - INFO -   [Client 40] loss=0.0349 acc=0.9905
[2026-07-25 18:36:02,165] 172 root - INFO -   [Client 9] loss=0.1384 acc=0.9665
[2026-07-25 18:36:03,754] 172 root - INFO -   [Client 13] loss=0.8554 acc=0.7440
[2026-07-25 18:36:04,739] 172 root - INFO -   [Client 36] loss=1.2773 acc=0.6313
[2026-07-25 18:36:06,250] 172 root - INFO -   [Client 6] loss=0.7954 acc=0.7280
[2026-07-25 18:36:11,376] 172 root - INFO -   [Client 2] loss=0.1385 acc=0.9597
[2026-07-25 18:36:11,791] 113 root - INFO - [HRA] Round 2: 4/20 fully penalised.
[2026-07-25 18:36:11,797] 190 root - INFO - [Pipeline] Round 2 aggregated — flagged=4, min_trust=0.0000, max_trust=0.1110
[2026-07-25 18:36:16,805] 81 root - INFO - [Server] Round 2 — loss=0.5384, macro_f1=0.1074, acc=0.8380, fpr=0.0638
[2026-07-25 18:36:16,872] 205 root - INFO - [Pipeline] Round 2 eval — macro_f1=0.1074, acc=0.8380, loss=0.5384
[2026-07-25 18:36:16,872] 145 root - INFO - 
[Pipeline] ===== Round 3/30 =====
[2026-07-25 18:36:18,710] 172 root - INFO -   [Client 24] loss=0.4169 acc=0.8762
[2026-07-25 18:36:20,359] 172 root - INFO -   [Client 6] loss=0.4926 acc=0.8302
[2026-07-25 18:36:25,704] 172 root - INFO -   [Client 22] loss=0.0562 acc=0.9861
[2026-07-25 18:37:18,020] 172 root - INFO -   [Client 47] loss=0.0110 acc=0.9977
[2026-07-25 18:37:19,707] 172 root - INFO -   [Client 38] loss=0.5028 acc=0.8396
[2026-07-25 18:37:55,752] 172 root - INFO -   [Client 16] loss=0.0087 acc=0.9976
[2026-07-25 18:38:01,044] 172 root - INFO -   [Client 2] loss=0.0726 acc=0.9811
[2026-07-25 18:38:03,664] 172 root - INFO -   [Client 29] loss=0.1809 acc=0.9517
[2026-07-25 18:38:12,001] 172 root - INFO -   [Client 34] loss=0.0414 acc=0.9907
[2026-07-25 18:38:15,001] 172 root - INFO -   [Client 7] loss=0.2980 acc=0.9199
[2026-07-25 18:38:32,572] 172 root - INFO -   [Client 49] loss=0.2270 acc=0.9466
[2026-07-25 18:38:40,005] 172 root - INFO -   [Client 5] loss=0.0363 acc=0.9898
[2026-07-25 18:38:43,375] 172 root - INFO -   [Client 35] loss=0.1888 acc=0.9468
[2026-07-25 18:38:55,549] 172 root - INFO -   [Client 18] loss=0.0509 acc=0.9895
[2026-07-25 18:38:59,480] 172 root - INFO -   [Client 23] loss=0.1019 acc=0.9582
[2026-07-25 18:38:59,726] 172 root - INFO -   [Client 12] loss=3.4924 acc=0.1021
[2026-07-25 18:39:00,811] 172 root - INFO -   [Client 4] loss=0.3026 acc=0.9172
[2026-07-25 18:39:16,218] 172 root - INFO -   [Client 43] loss=0.0178 acc=0.9952
[2026-07-25 18:39:18,918] 172 root - INFO -   [Client 14] loss=0.1407 acc=0.9624
[2026-07-25 18:39:20,052] 172 root - INFO -   [Client 39] loss=0.2798 acc=0.8964
[2026-07-25 18:39:20,555] 113 root - INFO - [HRA] Round 3: 3/20 fully penalised.
[2026-07-25 18:39:20,562] 190 root - INFO - [Pipeline] Round 3 aggregated — flagged=3, min_trust=0.0000, max_trust=0.1318
[2026-07-25 18:39:25,636] 81 root - INFO - [Server] Round 3 — loss=0.5034, macro_f1=0.1658, acc=0.8485, fpr=0.0596
[2026-07-25 18:39:25,698] 205 root - INFO - [Pipeline] Round 3 eval — macro_f1=0.1658, acc=0.8485, loss=0.5034
[2026-07-25 18:39:25,699] 145 root - INFO - 
[Pipeline] ===== Round 4/30 =====
[2026-07-25 18:39:38,288] 172 root - INFO -   [Client 18] loss=0.0465 acc=0.9905
[2026-07-25 18:39:45,778] 172 root - INFO -   [Client 5] loss=0.0276 acc=0.9926
[2026-07-25 18:39:48,466] 172 root - INFO -   [Client 14] loss=0.0871 acc=0.9795
[2026-07-25 18:39:50,047] 172 root - INFO -   [Client 6] loss=0.3529 acc=0.8783
[2026-07-25 18:39:51,653] 172 root - INFO -   [Client 24] loss=0.3258 acc=0.9062
[2026-07-25 18:39:55,615] 172 root - INFO -   [Client 17] loss=0.0383 acc=0.9887
[2026-07-25 18:39:58,278] 172 root - INFO -   [Client 29] loss=0.1362 acc=0.9639
[2026-07-25 18:40:13,727] 172 root - INFO -   [Client 40] loss=0.0117 acc=0.9961
[2026-07-25 18:40:17,772] 172 root - INFO -   [Client 23] loss=0.0804 acc=0.9649
[2026-07-25 18:40:28,472] 172 root - INFO -   [Client 10] loss=0.0262 acc=0.9940
[2026-07-25 18:40:47,320] 172 root - INFO -   [Client 41] loss=0.0327 acc=0.9932
[2026-07-25 18:40:52,690] 172 root - INFO -   [Client 22] loss=0.0434 acc=0.9900
[2026-07-25 18:40:54,354] 172 root - INFO -   [Client 13] loss=0.4987 acc=0.8494
[2026-07-25 18:41:01,160] 172 root - INFO -   [Client 44] loss=0.0839 acc=0.9741
[2026-07-25 18:41:02,364] 172 root - INFO -   [Client 4] loss=0.1792 acc=0.9551
[2026-07-25 18:41:05,285] 172 root - INFO -   [Client 42] loss=0.0762 acc=0.9840
[2026-07-25 18:41:06,078] 172 root - INFO -   [Client 15] loss=0.5361 acc=0.8460
[2026-07-25 18:41:14,541] 172 root - INFO -   [Client 34] loss=0.0328 acc=0.9934
[2026-07-25 18:41:29,877] 172 root - INFO -   [Client 43] loss=0.0126 acc=0.9968
[2026-07-25 18:41:30,125] 172 root - INFO -   [Client 12] loss=2.4277 acc=0.2610
[2026-07-25 18:41:30,581] 113 root - INFO - [HRA] Round 4: 3/20 fully penalised.
[2026-07-25 18:41:30,588] 190 root - INFO - [Pipeline] Round 4 aggregated — flagged=3, min_trust=0.0000, max_trust=0.1055
[2026-07-25 18:41:35,677] 81 root - INFO - [Server] Round 4 — loss=0.2975, macro_f1=0.3502, acc=0.8923, fpr=0.0397
[2026-07-25 18:41:35,707] 205 root - INFO - [Pipeline] Round 4 eval — macro_f1=0.3502, acc=0.8923, loss=0.2975
[2026-07-25 18:41:35,708] 145 root - INFO - 
[Pipeline] ===== Round 5/30 =====
[2026-07-25 18:41:39,964] 172 root - INFO -   [Client 17] loss=0.0309 acc=0.9900
[2026-07-25 18:41:55,770] 172 root - INFO -   [Client 40] loss=0.0093 acc=0.9966
[2026-07-25 18:42:02,610] 172 root - INFO -   [Client 44] loss=0.0775 acc=0.9756
[2026-07-25 18:42:05,904] 172 root - INFO -   [Client 35] loss=0.1437 acc=0.9606
[2026-07-25 18:42:08,559] 172 root - INFO -   [Client 14] loss=0.0799 acc=0.9803
[2026-07-25 18:42:23,975] 172 root - INFO -   [Client 43] loss=0.0095 acc=0.9974
[2026-07-25 18:42:28,931] 172 root - INFO -   [Client 20] loss=0.1799 acc=0.9513
[2026-07-25 18:42:38,103] 172 root - INFO -   [Client 3] loss=0.0365 acc=0.9924
[2026-07-25 18:42:39,081] 172 root - INFO -   [Client 45] loss=0.5868 acc=0.8901
[2026-07-25 18:42:44,131] 172 root - INFO -   [Client 2] loss=0.0516 acc=0.9871
[2026-07-25 18:43:36,322] 172 root - INFO -   [Client 47] loss=0.0087 acc=0.9983
[2026-07-25 18:43:38,326] 172 root - INFO -   [Client 25] loss=0.0938 acc=0.9776
[2026-07-25 18:43:56,154] 172 root - INFO -   [Client 49] loss=0.1907 acc=0.9667
[2026-07-25 18:43:57,236] 172 root - INFO -   [Client 4] loss=0.1982 acc=0.9536
[2026-07-25 18:43:58,933] 172 root - INFO -   [Client 13] loss=0.5682 acc=0.8363
[2026-07-25 18:43:59,973] 172 root - INFO -   [Client 39] loss=0.2002 acc=0.9292
[2026-07-25 18:44:06,608] 172 root - INFO -   [Client 46] loss=0.0650 acc=0.9847
[2026-07-25 18:44:08,488] 172 root - INFO -   [Client 31] loss=0.4244 acc=0.8613
[2026-07-25 18:44:10,087] 172 root - INFO -   [Client 38] loss=0.4349 acc=0.8623
[2026-07-25 18:44:12,082] 172 root - INFO -   [Client 28] loss=0.3540 acc=0.9046
[2026-07-25 18:44:12,869] 113 root - INFO - [HRA] Round 5: 5/20 fully penalised.
[2026-07-25 18:44:12,875] 190 root - INFO - [Pipeline] Round 5 aggregated — flagged=5, min_trust=0.0000, max_trust=0.1174
[2026-07-25 18:44:17,905] 81 root - INFO - [Server] Round 5 — loss=0.3535, macro_f1=0.2854, acc=0.8789, fpr=0.0451
[2026-07-25 18:44:17,967] 205 root - INFO - [Pipeline] Round 5 eval — macro_f1=0.2854, acc=0.8789, loss=0.3535
[2026-07-25 18:44:17,968] 145 root - INFO - 
[Pipeline] ===== Round 6/30 =====
[2026-07-25 18:44:37,322] 172 root - INFO -   [Client 41] loss=0.0285 acc=0.9942
[2026-07-25 18:44:39,934] 172 root - INFO -   [Client 29] loss=0.1156 acc=0.9674
[2026-07-25 18:44:50,308] 172 root - INFO -   [Client 9] loss=0.0989 acc=0.9734
[2026-07-25 18:45:26,644] 172 root - INFO -   [Client 16] loss=0.0053 acc=0.9986
[2026-07-25 18:45:28,888] 172 root - INFO -   [Client 8] loss=0.0529 acc=0.9892
[2026-07-25 18:45:29,701] 172 root - INFO -   [Client 15] loss=0.5584 acc=0.8340
[2026-07-25 18:45:32,990] 172 root - INFO -   [Client 35] loss=0.1266 acc=0.9643
[2026-07-25 18:45:41,487] 172 root - INFO -   [Client 34] loss=0.0267 acc=0.9947
[2026-07-25 18:45:47,964] 172 root - INFO -   [Client 46] loss=0.0622 acc=0.9850
[2026-07-25 18:45:52,874] 172 root - INFO -   [Client 37] loss=0.1986 acc=0.9344
[2026-07-25 18:46:08,061] 172 root - INFO -   [Client 27] loss=0.0102 acc=0.9962
[2026-07-25 18:46:23,929] 172 root - INFO -   [Client 40] loss=0.0089 acc=0.9968
[2026-07-25 18:46:25,917] 172 root - INFO -   [Client 25] loss=0.0852 acc=0.9793
[2026-07-25 18:46:29,900] 172 root - INFO -   [Client 23] loss=0.0704 acc=0.9683
[2026-07-25 18:46:32,539] 172 root - INFO -   [Client 14] loss=0.0667 acc=0.9833
[2026-07-25 18:46:33,428] 172 root - INFO -   [Client 45] loss=0.4822 acc=0.9010
[2026-07-25 18:46:36,731] 172 root - INFO -   [Client 32] loss=0.0834 acc=0.9803
[2026-07-25 18:46:38,656] 172 root - INFO -   [Client 31] loss=0.3532 acc=0.8786
[2026-07-25 18:46:45,995] 172 root - INFO -   [Client 5] loss=0.0213 acc=0.9943
[2026-07-25 18:46:47,586] 172 root - INFO -   [Client 24] loss=0.2976 acc=0.9151
[2026-07-25 18:46:48,345] 113 root - INFO - [HRA] Round 6: 3/20 fully penalised.
[2026-07-25 18:46:48,351] 190 root - INFO - [Pipeline] Round 6 aggregated — flagged=3, min_trust=0.0000, max_trust=0.1063
[2026-07-25 18:46:53,419] 81 root - INFO - [Server] Round 6 — loss=0.2597, macro_f1=0.4344, acc=0.8977, fpr=0.0376
[2026-07-25 18:46:53,481] 205 root - INFO - [Pipeline] Round 6 eval — macro_f1=0.4344, acc=0.8977, loss=0.2597
[2026-07-25 18:46:53,482] 145 root - INFO - 
[Pipeline] ===== Round 7/30 =====
[2026-07-25 18:47:03,277] 172 root - INFO -   [Client 3] loss=0.0336 acc=0.9931
[2026-07-25 18:47:06,386] 172 root - INFO -   [Client 7] loss=0.1364 acc=0.9699
[2026-07-25 18:47:16,700] 172 root - INFO -   [Client 9] loss=0.0973 acc=0.9737
[2026-07-25 18:47:32,197] 172 root - INFO -   [Client 40] loss=0.0086 acc=0.9969
[2026-07-25 18:47:43,229] 172 root - INFO -   [Client 10] loss=0.0197 acc=0.9956
[2026-07-25 18:47:58,532] 172 root - INFO -   [Client 43] loss=0.0079 acc=0.9978
[2026-07-25 18:48:14,069] 172 root - INFO -   [Client 27] loss=0.0097 acc=0.9963
[2026-07-25 18:48:15,624] 172 root - INFO -   [Client 38] loss=0.3478 acc=0.8877
[2026-07-25 18:48:16,690] 172 root - INFO -   [Client 4] loss=0.1241 acc=0.9723
[2026-07-25 18:48:18,241] 172 root - INFO -   [Client 24] loss=0.2771 acc=0.9194
[2026-07-25 18:48:24,871] 172 root - INFO -   [Client 46] loss=0.0602 acc=0.9852
[2026-07-25 18:48:27,803] 172 root - INFO -   [Client 42] loss=0.0622 acc=0.9861
[2026-07-25 18:48:30,376] 172 root - INFO -   [Client 29] loss=0.1089 acc=0.9684
[2026-07-25 18:48:35,347] 172 root - INFO -   [Client 33] loss=0.0233 acc=0.9937
[2026-07-25 18:49:12,228] 172 root - INFO -   [Client 16] loss=0.0050 acc=0.9987
[2026-07-25 18:49:17,461] 172 root - INFO -   [Client 0] loss=0.0142 acc=0.9965
[2026-07-25 18:49:18,768] 172 root - INFO -   [Client 48] loss=0.0549 acc=0.9890
[2026-07-25 18:49:22,860] 172 root - INFO -   [Client 17] loss=0.0280 acc=0.9905
[2026-07-25 18:49:23,986] 172 root - INFO -   [Client 21] loss=0.4868 acc=0.8307
[2026-07-25 18:49:41,744] 172 root - INFO -   [Client 49] loss=0.1833 acc=0.9727
[2026-07-25 18:49:42,510] 113 root - INFO - [HRA] Round 7: 5/20 fully penalised.
[2026-07-25 18:49:42,517] 190 root - INFO - [Pipeline] Round 7 aggregated — flagged=5, min_trust=0.0000, max_trust=0.1146
[2026-07-25 18:49:47,791] 81 root - INFO - [Server] Round 7 — loss=0.3646, macro_f1=0.2556, acc=0.8726, fpr=0.0476
[2026-07-25 18:49:47,857] 205 root - INFO - [Pipeline] Round 7 eval — macro_f1=0.2556, acc=0.8726, loss=0.3646
[2026-07-25 18:49:47,858] 145 root - INFO - 
[Pipeline] ===== Round 8/30 =====
[2026-07-25 18:50:00,741] 172 root - INFO -   [Client 18] loss=0.0401 acc=0.9917
[2026-07-25 18:50:15,664] 172 root - INFO -   [Client 27] loss=0.0094 acc=0.9964
[2026-07-25 18:50:26,673] 172 root - INFO -   [Client 10] loss=0.0189 acc=0.9958
[2026-07-25 18:50:29,264] 172 root - INFO -   [Client 29] loss=0.1159 acc=0.9670
[2026-07-25 18:50:34,145] 172 root - INFO -   [Client 0] loss=0.0130 acc=0.9967
[2026-07-25 18:51:10,459] 172 root - INFO -   [Client 16] loss=0.0048 acc=0.9987
[2026-07-25 18:51:13,729] 172 root - INFO -   [Client 32] loss=0.0805 acc=0.9807
[2026-07-25 18:51:20,259] 172 root - INFO -   [Client 11] loss=0.1507 acc=0.9500
[2026-07-25 18:51:35,833] 172 root - INFO -   [Client 43] loss=0.0073 acc=0.9980
[2026-07-25 18:51:37,344] 172 root - INFO -   [Client 6] loss=0.3486 acc=0.8814
[2026-07-25 18:51:38,012] 172 root - INFO -   [Client 19] loss=0.1362 acc=0.9640
[2026-07-25 18:51:57,060] 172 root - INFO -   [Client 41] loss=0.0272 acc=0.9945
[2026-07-25 18:51:57,308] 172 root - INFO -   [Client 12] loss=2.9616 acc=0.1020
[2026-07-25 18:52:07,905] 172 root - INFO -   [Client 9] loss=0.0966 acc=0.9738
[2026-07-25 18:52:11,814] 172 root - INFO -   [Client 23] loss=0.0681 acc=0.9690
[2026-07-25 18:53:03,967] 172 root - INFO -   [Client 47] loss=0.0081 acc=0.9985
[2026-07-25 18:53:08,881] 172 root - INFO -   [Client 33] loss=0.0225 acc=0.9938
[2026-07-25 18:53:09,867] 172 root - INFO -   [Client 45] loss=0.5295 acc=0.9053
[2026-07-25 18:53:15,021] 172 root - INFO -   [Client 20] loss=0.1517 acc=0.9590
[2026-07-25 18:53:15,836] 172 root - INFO -   [Client 15] loss=0.7389 acc=0.7895
[2026-07-25 18:53:16,213] 113 root - INFO - [HRA] Round 8: 5/20 fully penalised.
[2026-07-25 18:53:16,220] 190 root - INFO - [Pipeline] Round 8 aggregated — flagged=5, min_trust=0.0000, max_trust=0.0990
[2026-07-25 18:53:21,084] 81 root - INFO - [Server] Round 8 — loss=0.4620, macro_f1=0.1483, acc=0.8540, fpr=0.0574
[2026-07-25 18:53:21,146] 205 root - INFO - [Pipeline] Round 8 eval — macro_f1=0.1483, acc=0.8540, loss=0.4620
[2026-07-25 18:53:21,147] 145 root - INFO - 
[Pipeline] ===== Round 9/30 =====
[2026-07-25 18:53:23,640] 172 root - INFO -   [Client 1] loss=0.2053 acc=0.9299
[2026-07-25 18:53:26,670] 172 root - INFO -   [Client 7] loss=0.1403 acc=0.9705
[2026-07-25 18:53:30,561] 172 root - INFO -   [Client 23] loss=0.0663 acc=0.9694
[2026-07-25 18:53:31,167] 172 root - INFO -   [Client 19] loss=0.1460 acc=0.9613
[2026-07-25 18:53:32,034] 172 root - INFO -   [Client 15] loss=0.7718 acc=0.7825
[2026-07-25 18:53:41,619] 172 root - INFO -   [Client 3] loss=0.0324 acc=0.9933
[2026-07-25 18:53:42,646] 172 root - INFO -   [Client 45] loss=0.5211 acc=0.9051
[2026-07-25 18:53:43,488] 172 root - INFO -   [Client 36] loss=0.8501 acc=0.7253
[2026-07-25 18:53:51,465] 172 root - INFO -   [Client 5] loss=0.0187 acc=0.9949
[2026-07-25 18:54:12,012] 172 root - INFO -   [Client 41] loss=0.0268 acc=0.9945
[2026-07-25 18:54:13,940] 172 root - INFO -   [Client 31] loss=0.3773 acc=0.8776
[2026-07-25 18:54:15,015] 172 root - INFO -   [Client 4] loss=0.1213 acc=0.9752
[2026-07-25 18:54:23,386] 172 root - INFO -   [Client 34] loss=0.0245 acc=0.9951
[2026-07-25 18:54:25,829] 172 root - INFO -   [Client 8] loss=0.0465 acc=0.9913
[2026-07-25 18:54:28,906] 172 root - INFO -   [Client 42] loss=0.0605 acc=0.9863
[2026-07-25 18:54:30,773] 172 root - INFO -   [Client 30] loss=0.0430 acc=0.9908
[2026-07-25 18:54:41,752] 172 root - INFO -   [Client 10] loss=0.0184 acc=0.9960
[2026-07-25 18:55:17,931] 172 root - INFO -   [Client 16] loss=0.0047 acc=0.9987
[2026-07-25 18:55:33,620] 172 root - INFO -   [Client 27] loss=0.0095 acc=0.9964
[2026-07-25 18:55:38,531] 172 root - INFO -   [Client 37] loss=0.1910 acc=0.9358
[2026-07-25 18:55:38,982] 113 root - INFO - [HRA] Round 9: 5/20 fully penalised.
[2026-07-25 18:55:38,989] 190 root - INFO - [Pipeline] Round 9 aggregated — flagged=5, min_trust=0.0000, max_trust=0.1020
[2026-07-25 18:55:44,316] 81 root - INFO - [Server] Round 9 — loss=0.3694, macro_f1=0.3866, acc=0.8846, fpr=0.0428
[2026-07-25 18:55:44,379] 205 root - INFO - [Pipeline] Round 9 eval — macro_f1=0.3866, acc=0.8846, loss=0.3694
[2026-07-25 18:55:44,379] 145 root - INFO - 
[Pipeline] ===== Round 10/30 =====
[2026-07-25 18:55:46,385] 172 root - INFO -   [Client 13] loss=0.3865 acc=0.8867
[2026-07-25 18:55:55,004] 172 root - INFO -   [Client 34] loss=0.0242 acc=0.9952
[2026-07-25 18:56:01,926] 172 root - INFO -   [Client 46] loss=0.0589 acc=0.9856
[2026-07-25 18:56:09,068] 172 root - INFO -   [Client 44] loss=0.0707 acc=0.9771
[2026-07-25 18:56:09,324] 172 root - INFO -   [Client 12] loss=2.4739 acc=0.1963
[2026-07-25 18:56:09,891] 172 root - INFO -   [Client 19] loss=0.1233 acc=0.9671
[2026-07-25 18:56:11,815] 172 root - INFO -   [Client 25] loss=0.0795 acc=0.9799
[2026-07-25 18:56:14,709] 172 root - INFO -   [Client 42] loss=0.0602 acc=0.9864
[2026-07-25 18:56:33,528] 172 root - INFO -   [Client 41] loss=0.0266 acc=0.9946
[2026-07-25 18:56:37,625] 172 root - INFO -   [Client 23] loss=0.0642 acc=0.9697
[2026-07-25 18:56:39,558] 172 root - INFO -   [Client 28] loss=0.2357 acc=0.9330
[2026-07-25 18:56:44,334] 172 root - INFO -   [Client 33] loss=0.0221 acc=0.9939
[2026-07-25 18:56:45,347] 172 root - INFO -   [Client 39] loss=0.1520 acc=0.9424
[2026-07-25 18:56:48,363] 172 root - INFO -   [Client 7] loss=0.1088 acc=0.9763
[2026-07-25 18:56:49,171] 172 root - INFO -   [Client 15] loss=0.6734 acc=0.8211
[2026-07-25 18:56:51,795] 172 root - INFO -   [Client 14] loss=0.0635 acc=0.9839
[2026-07-25 18:56:52,940] 172 root - INFO -   [Client 4] loss=0.0833 acc=0.9822
[2026-07-25 18:56:53,884] 172 root - INFO -   [Client 21] loss=0.5829 acc=0.8055
[2026-07-25 18:56:55,923] 172 root - INFO -   [Client 1] loss=0.2028 acc=0.9305
[2026-07-25 18:57:08,127] 172 root - INFO -   [Client 18] loss=0.0396 acc=0.9917
[2026-07-25 18:57:08,901] 113 root - INFO - [HRA] Round 10: 2/20 fully penalised.
[2026-07-25 18:57:08,908] 190 root - INFO - [Pipeline] Round 10 aggregated — flagged=2, min_trust=0.0000, max_trust=0.1076
[2026-07-25 18:57:13,929] 81 root - INFO - [Server] Round 10 — loss=0.1882, macro_f1=0.4980, acc=0.9369, fpr=0.0228
[2026-07-25 18:57:13,992] 205 root - INFO - [Pipeline] Round 10 eval — macro_f1=0.4980, acc=0.9369, loss=0.1882
[2026-07-25 18:57:13,993] 145 root - INFO - 
[Pipeline] ===== Round 11/30 =====
[2026-07-25 18:57:17,720] 172 root - INFO -   [Client 35] loss=0.1097 acc=0.9672
[2026-07-25 18:57:20,394] 259 root - INFO - [Attacker] LIE attack applied (z=2.0).
[2026-07-25 18:57:20,394] 170 root - INFO -   [Client 14] ATTACK ACTIVE | loss=0.0492
[2026-07-25 18:57:25,229] 259 root - INFO - [Attacker] LIE attack applied (z=2.0).
[2026-07-25 18:57:25,229] 170 root - INFO -   [Client 37] ATTACK ACTIVE | loss=0.1863
[2026-07-25 18:57:26,374] 172 root - INFO -   [Client 48] loss=0.0367 acc=0.9928
[2026-07-25 18:57:31,321] 172 root - INFO -   [Client 0] loss=0.0122 acc=0.9970
[2026-07-25 18:57:32,369] 172 root - INFO -   [Client 4] loss=0.0629 acc=0.9849
[2026-07-25 18:57:47,973] 259 root - INFO - [Attacker] LIE attack applied (z=2.0).
[2026-07-25 18:57:47,973] 170 root - INFO -   [Client 40] ATTACK ACTIVE | loss=0.0080
[2026-07-25 18:57:57,330] 172 root - INFO -   [Client 3] loss=0.0318 acc=0.9933
[2026-07-25 18:58:03,927] 172 root - INFO -   [Client 46] loss=0.0573 acc=0.9856
[2026-07-25 18:58:10,781] 172 root - INFO -   [Client 44] loss=0.0699 acc=0.9771
[2026-07-25 18:58:15,918] 259 root - INFO - [Attacker] LIE attack applied (z=2.0).
[2026-07-25 18:58:15,918] 170 root - INFO -   [Client 2] ATTACK ACTIVE | loss=0.0444
[2026-07-25 18:58:17,058] 172 root - INFO -   [Client 21] loss=0.4058 acc=0.8586
[2026-07-25 18:58:32,496] 172 root - INFO -   [Client 43] loss=0.0069 acc=0.9980
[2026-07-25 18:58:35,785] 172 root - INFO -   [Client 32] loss=0.0775 acc=0.9808
[2026-07-25 18:58:36,580] 259 root - INFO - [Attacker] LIE attack applied (z=2.0).
[2026-07-25 18:58:36,580] 170 root - INFO -   [Client 15] ATTACK ACTIVE | loss=0.5115
[2026-07-25 18:58:40,495] 259 root - INFO - [Attacker] LIE attack applied (z=2.0).
[2026-07-25 18:58:40,496] 170 root - INFO -   [Client 17] ATTACK ACTIVE | loss=0.0261
[2026-07-25 18:58:42,380] 172 root - INFO -   [Client 31] loss=0.2646 acc=0.8998
[2026-07-25 18:58:44,100] 172 root - INFO -   [Client 13] loss=0.2741 acc=0.9136
[2026-07-25 18:58:46,244] 259 root - INFO - [Attacker] LIE attack applied (z=2.0).
[2026-07-25 18:58:46,244] 170 root - INFO -   [Client 8] ATTACK ACTIVE | loss=0.0322
[2026-07-25 18:58:50,231] 172 root - INFO -   [Client 23] loss=0.0627 acc=0.9699
[2026-07-25 18:58:51,012] 113 root - INFO - [HRA] Round 11: 4/20 fully penalised.
[2026-07-25 18:58:51,019] 190 root - INFO - [Pipeline] Round 11 aggregated — flagged=4, min_trust=0.0000, max_trust=0.0932
[2026-07-25 18:58:55,984] 81 root - INFO - [Server] Round 11 — loss=0.0823, macro_f1=0.5895, acc=0.9793, fpr=0.0054
[2026-07-25 18:58:56,046] 205 root - INFO - [Pipeline] Round 11 eval — macro_f1=0.5895, acc=0.9793, loss=0.0823
[2026-07-25 18:58:56,047] 145 root - INFO - 
[Pipeline] ===== Round 12/30 =====
[2026-07-25 18:58:57,263] 172 root - INFO -   [Client 36] loss=0.5926 acc=0.8136
[2026-07-25 18:59:15,310] 259 root - INFO - [Attacker] LIE attack applied (z=2.0).
[2026-07-25 18:59:15,310] 170 root - INFO -   [Client 49] ATTACK ACTIVE | loss=0.1792
[2026-07-25 18:59:17,270] 172 root - INFO -   [Client 30] loss=0.0384 acc=0.9912
[2026-07-25 18:59:18,073] 259 root - INFO - [Attacker] LIE attack applied (z=2.0).
[2026-07-25 18:59:18,073] 170 root - INFO -   [Client 15] ATTACK ACTIVE | loss=0.5507
[2026-07-25 19:00:10,590] 259 root - INFO - [Attacker] LIE attack applied (z=2.0).
[2026-07-25 19:00:10,590] 170 root - INFO -   [Client 47] ATTACK ACTIVE | loss=0.0079
[2026-07-25 19:00:12,670] 172 root - INFO -   [Client 26] loss=0.2007 acc=0.9445
[2026-07-25 19:00:12,930] 172 root - INFO -   [Client 12] loss=2.4553 acc=0.3446
[2026-07-25 19:00:14,415] 259 root - INFO - [Attacker] LIE attack applied (z=2.0).
[2026-07-25 19:00:14,415] 170 root - INFO -   [Client 6] ATTACK ACTIVE | loss=0.2606
[2026-07-25 19:00:17,327] 172 root - INFO -   [Client 42] loss=0.0588 acc=0.9864
[2026-07-25 19:00:32,413] 259 root - INFO - [Attacker] LIE attack applied (z=2.0).
[2026-07-25 19:00:32,413] 170 root - INFO -   [Client 27] ATTACK ACTIVE | loss=0.0093
[2026-07-25 19:00:37,639] 172 root - INFO -   [Client 22] loss=0.0311 acc=0.9922
[2026-07-25 19:00:53,176] 259 root - INFO - [Attacker] LIE attack applied (z=2.0).
[2026-07-25 19:00:53,176] 170 root - INFO -   [Client 40] ATTACK ACTIVE | loss=0.0077
[2026-07-25 19:00:59,933] 172 root - INFO -   [Client 44] loss=0.0690 acc=0.9772
[2026-07-25 19:01:02,537] 172 root - INFO -   [Client 29] loss=0.1016 acc=0.9695
[2026-07-25 19:01:11,802] 172 root - INFO -   [Client 3] loss=0.0311 acc=0.9934
[2026-07-25 19:01:30,426] 172 root - INFO -   [Client 41] loss=0.0261 acc=0.9947
[2026-07-25 19:01:33,712] 172 root - INFO -   [Client 35] loss=0.1091 acc=0.9670
[2026-07-25 19:01:35,711] 172 root - INFO -   [Client 25] loss=0.0721 acc=0.9811
[2026-07-25 19:01:36,691] 172 root - INFO -   [Client 21] loss=0.4719 acc=0.8462
[2026-07-25 19:01:40,153] 172 root - INFO -   [Client 32] loss=0.0763 acc=0.9809
[2026-07-25 19:01:40,923] 113 root - INFO - [HRA] Round 12: 4/20 fully penalised.
[2026-07-25 19:01:40,929] 190 root - INFO - [Pipeline] Round 12 aggregated — flagged=4, min_trust=0.0000, max_trust=0.0978
[2026-07-25 19:01:46,143] 81 root - INFO - [Server] Round 12 — loss=0.1729, macro_f1=0.4839, acc=0.9361, fpr=0.0225
[2026-07-25 19:01:46,172] 205 root - INFO - [Pipeline] Round 12 eval — macro_f1=0.4839, acc=0.9361, loss=0.1729
[2026-07-25 19:01:46,173] 145 root - INFO - 
[Pipeline] ===== Round 13/30 =====
[2026-07-25 19:01:48,094] 259 root - INFO - [Attacker] LIE attack applied (z=2.0).
[2026-07-25 19:01:48,094] 170 root - INFO -   [Client 6] ATTACK ACTIVE | loss=0.2597
[2026-07-25 19:01:48,910] 259 root - INFO - [Attacker] LIE attack applied (z=2.0).
[2026-07-25 19:01:48,910] 170 root - INFO -   [Client 15] ATTACK ACTIVE | loss=0.5810
[2026-07-25 19:01:49,152] 172 root - INFO -   [Client 12] loss=2.4468 acc=0.2543
[2026-07-25 19:02:41,102] 259 root - INFO - [Attacker] LIE attack applied (z=2.0).
[2026-07-25 19:02:41,102] 170 root - INFO -   [Client 47] ATTACK ACTIVE | loss=0.0079
[2026-07-25 19:02:49,308] 259 root - INFO - [Attacker] LIE attack applied (z=2.0).
[2026-07-25 19:02:49,308] 170 root - INFO -   [Client 34] ATTACK ACTIVE | loss=0.0240
[2026-07-25 19:02:51,328] 172 root - INFO -   [Client 28] loss=0.1932 acc=0.9384
[2026-07-25 19:02:53,539] 259 root - INFO - [Attacker] LIE attack applied (z=2.0).
[2026-07-25 19:02:53,539] 170 root - INFO -   [Client 8] ATTACK ACTIVE | loss=0.0324
[2026-07-25 19:03:08,773] 259 root - INFO - [Attacker] LIE attack applied (z=2.0).
[2026-07-25 19:03:08,773] 170 root - INFO -   [Client 27] ATTACK ACTIVE | loss=0.0093
[2026-07-25 19:03:15,395] 172 root - INFO -   [Client 11] loss=0.1436 acc=0.9507
[2026-07-25 19:03:19,414] 259 root - INFO - [Attacker] LIE attack applied (z=2.0).
[2026-07-25 19:03:19,414] 170 root - INFO -   [Client 17] ATTACK ACTIVE | loss=0.0257
[2026-07-25 19:03:22,045] 172 root - INFO -   [Client 29] loss=0.1018 acc=0.9693
[2026-07-25 19:03:23,171] 172 root - INFO -   [Client 48] loss=0.0410 acc=0.9916
[2026-07-25 19:03:24,351] 172 root - INFO -   [Client 4] loss=0.0698 acc=0.9839
[2026-07-25 19:03:31,099] 172 root - INFO -   [Client 44] loss=0.0691 acc=0.9772
[2026-07-25 19:03:34,455] 172 root - INFO -   [Client 35] loss=0.1076 acc=0.9675
[2026-07-25 19:03:52,098] 259 root - INFO - [Attacker] LIE attack applied (z=2.0).
[2026-07-25 19:03:52,098] 170 root - INFO -   [Client 49] ATTACK ACTIVE | loss=0.1804
[2026-07-25 19:04:01,311] 172 root - INFO -   [Client 3] loss=0.0312 acc=0.9934
[2026-07-25 19:04:06,297] 172 root - INFO -   [Client 0] loss=0.0111 acc=0.9972
[2026-07-25 19:04:13,688] 259 root - INFO - [Attacker] LIE attack applied (z=2.0).
[2026-07-25 19:04:13,688] 170 root - INFO -   [Client 5] ATTACK ACTIVE | loss=0.0181
[2026-07-25 19:04:14,736] 172 root - INFO -   [Client 39] loss=0.1419 acc=0.9431
[2026-07-25 19:04:15,481] 113 root - INFO - [HRA] Round 13: 5/20 fully penalised.
[2026-07-25 19:04:15,495] 190 root - INFO - [Pipeline] Round 13 aggregated — flagged=5, min_trust=0.0000, max_trust=0.0971
[2026-07-25 19:04:20,555] 81 root - INFO - [Server] Round 13 — loss=0.1099, macro_f1=0.6243, acc=0.9685, fpr=0.0102
[2026-07-25 19:04:20,585] 205 root - INFO - [Pipeline] Round 13 eval — macro_f1=0.6243, acc=0.9685, loss=0.1099
[2026-07-25 19:04:20,586] 145 root - INFO - 
[Pipeline] ===== Round 14/30 =====
[2026-07-25 19:04:22,136] 172 root - INFO -   [Client 48] loss=0.0372 acc=0.9923
[2026-07-25 19:04:22,921] 259 root - INFO - [Attacker] LIE attack applied (z=2.0).
[2026-07-25 19:04:22,921] 170 root - INFO -   [Client 15] ATTACK ACTIVE | loss=0.5448
[2026-07-25 19:04:33,796] 172 root - INFO -   [Client 10] loss=0.0176 acc=0.9961
[2026-07-25 19:04:35,914] 172 root - INFO -   [Client 26] loss=0.2015 acc=0.9429
[2026-07-25 19:04:37,799] 172 root - INFO -   [Client 31] loss=0.2687 acc=0.8996
[2026-07-25 19:04:39,660] 172 root - INFO -   [Client 30] loss=0.0388 acc=0.9912
[2026-07-25 19:04:41,367] 172 root - INFO -   [Client 13] loss=0.3124 acc=0.9047
[2026-07-25 19:04:43,248] 172 root - INFO -   [Client 25] loss=0.0732 acc=0.9810
[2026-07-25 19:04:52,424] 172 root - INFO -   [Client 3] loss=0.0314 acc=0.9933
[2026-07-25 19:05:43,498] 259 root - INFO - [Attacker] LIE attack applied (z=2.0).
[2026-07-25 19:05:43,498] 170 root - INFO -   [Client 47] ATTACK ACTIVE | loss=0.0078
[2026-07-25 19:05:45,098] 172 root - INFO -   [Client 24] loss=0.2541 acc=0.9246
[2026-07-25 19:05:49,937] 172 root - INFO -   [Client 0] loss=0.0118 acc=0.9970
[2026-07-25 19:05:50,966] 172 root - INFO -   [Client 39] loss=0.1277 acc=0.9463
[2026-07-25 19:06:27,312] 172 root - INFO -   [Client 16] loss=0.0045 acc=0.9988
[2026-07-25 19:06:29,989] 172 root - INFO -   [Client 29] loss=0.1014 acc=0.9695
[2026-07-25 19:06:42,358] 172 root - INFO -   [Client 18] loss=0.0388 acc=0.9918
[2026-07-25 19:06:57,359] 259 root - INFO - [Attacker] LIE attack applied (z=2.0).
[2026-07-25 19:06:57,360] 170 root - INFO -   [Client 27] ATTACK ACTIVE | loss=0.0091
[2026-07-25 19:06:58,282] 172 root - INFO -   [Client 45] loss=0.3782 acc=0.9021
[2026-07-25 19:07:08,650] 172 root - INFO -   [Client 9] loss=0.0940 acc=0.9739
[2026-07-25 19:07:10,263] 259 root - INFO - [Attacker] LIE attack applied (z=2.0).
[2026-07-25 19:07:10,263] 170 root - INFO -   [Client 6] ATTACK ACTIVE | loss=0.2538
[2026-07-25 19:07:10,598] 113 root - INFO - [HRA] Round 14: 3/20 fully penalised.
[2026-07-25 19:07:10,605] 190 root - INFO - [Pipeline] Round 14 aggregated — flagged=3, min_trust=0.0000, max_trust=0.1023
[2026-07-25 19:07:15,682] 81 root - INFO - [Server] Round 14 — loss=0.2167, macro_f1=0.3850, acc=0.9297, fpr=0.0251
[2026-07-25 19:07:15,746] 205 root - INFO - [Pipeline] Round 14 eval — macro_f1=0.3850, acc=0.9297, loss=0.2167
[2026-07-25 19:07:15,746] 145 root - INFO - 
[Pipeline] ===== Round 15/30 =====
[2026-07-25 19:07:28,420] 172 root - INFO -   [Client 18] loss=0.0390 acc=0.9919
[2026-07-25 19:07:29,993] 172 root - INFO -   [Client 13] loss=0.2822 acc=0.9094
[2026-07-25 19:07:39,410] 172 root - INFO -   [Client 3] loss=0.0314 acc=0.9934
[2026-07-25 19:07:44,235] 259 root - INFO - [Attacker] LIE attack applied (z=2.0).
[2026-07-25 19:07:44,236] 170 root - INFO -   [Client 37] ATTACK ACTIVE | loss=0.1855
[2026-07-25 19:07:52,686] 259 root - INFO - [Attacker] LIE attack applied (z=2.0).
[2026-07-25 19:07:52,686] 170 root - INFO -   [Client 34] ATTACK ACTIVE | loss=0.0242
[2026-07-25 19:08:44,288] 259 root - INFO - [Attacker] LIE attack applied (z=2.0).
[2026-07-25 19:08:44,289] 170 root - INFO -   [Client 47] ATTACK ACTIVE | loss=0.0077
[2026-07-25 19:08:49,329] 172 root - INFO -   [Client 20] loss=0.1167 acc=0.9656
[2026-07-25 19:08:56,144] 172 root - INFO -   [Client 44] loss=0.0692 acc=0.9774
[2026-07-25 19:08:59,031] 172 root - INFO -   [Client 42] loss=0.0586 acc=0.9864
[2026-07-25 19:09:05,526] 172 root - INFO -   [Client 46] loss=0.0569 acc=0.9857
[2026-07-25 19:09:07,472] 172 root - INFO -   [Client 30] loss=0.0398 acc=0.9911
[2026-07-25 19:09:10,748] 172 root - INFO -   [Client 32] loss=0.0766 acc=0.9810
[2026-07-25 19:09:15,527] 172 root - INFO -   [Client 33] loss=0.0225 acc=0.9940
[2026-07-25 19:09:26,278] 172 root - INFO -   [Client 10] loss=0.0176 acc=0.9962
[2026-07-25 19:09:45,156] 172 root - INFO -   [Client 41] loss=0.0262 acc=0.9947
[2026-07-25 19:09:46,798] 172 root - INFO -   [Client 38] loss=0.2963 acc=0.9046
[2026-07-25 19:09:54,189] 259 root - INFO - [Attacker] LIE attack applied (z=2.0).
[2026-07-25 19:09:54,190] 170 root - INFO -   [Client 5] ATTACK ACTIVE | loss=0.0184
[2026-07-25 19:10:00,975] 172 root - INFO -   [Client 11] loss=0.1435 acc=0.9506
[2026-07-25 19:10:02,145] 172 root - INFO -   [Client 4] loss=0.0652 acc=0.9858
[2026-07-25 19:10:02,708] 172 root - INFO -   [Client 19] loss=0.1095 acc=0.9687
[2026-07-25 19:10:03,466] 113 root - INFO - [HRA] Round 15: 4/20 fully penalised.
[2026-07-25 19:10:03,472] 190 root - INFO - [Pipeline] Round 15 aggregated — flagged=4, min_trust=0.0000, max_trust=0.0895
[2026-07-25 19:10:08,350] 81 root - INFO - [Server] Round 15 — loss=0.4287, macro_f1=0.2875, acc=0.8771, fpr=0.0370
[2026-07-25 19:10:08,413] 205 root - INFO - [Pipeline] Round 15 eval — macro_f1=0.2875, acc=0.8771, loss=0.4287
[2026-07-25 19:10:08,413] 145 root - INFO - 
[Pipeline] ===== Round 16/30 =====
[2026-07-25 19:10:09,820] 172 root - INFO -   [Client 4] loss=0.0709 acc=0.9831
[2026-07-25 19:10:25,280] 172 root - INFO -   [Client 43] loss=0.0065 acc=0.9981
[2026-07-25 19:10:26,080] 259 root - INFO - [Attacker] LIE attack applied (z=2.0).
[2026-07-25 19:10:26,080] 170 root - INFO -   [Client 15] ATTACK ACTIVE | loss=0.7317
[2026-07-25 19:10:28,122] 172 root - INFO -   [Client 25] loss=0.0733 acc=0.9807
[2026-07-25 19:10:31,189] 259 root - INFO - [Attacker] LIE attack applied (z=2.0).
[2026-07-25 19:10:31,189] 170 root - INFO -   [Client 7] ATTACK ACTIVE | loss=0.1032
[2026-07-25 19:10:32,053] 172 root - INFO -   [Client 36] loss=0.5890 acc=0.8123
[2026-07-25 19:11:24,094] 259 root - INFO - [Attacker] LIE attack applied (z=2.0).
[2026-07-25 19:11:24,094] 170 root - INFO -   [Client 47] ATTACK ACTIVE | loss=0.0078
[2026-07-25 19:11:28,954] 259 root - INFO - [Attacker] LIE attack applied (z=2.0).
[2026-07-25 19:11:28,954] 170 root - INFO -   [Client 37] ATTACK ACTIVE | loss=0.1830
[2026-07-25 19:11:30,517] 172 root - INFO -   [Client 38] loss=0.3394 acc=0.8951
[2026-07-25 19:11:35,582] 259 root - INFO - [Attacker] LIE attack applied (z=2.0).
[2026-07-25 19:11:35,582] 170 root - INFO -   [Client 2] ATTACK ACTIVE | loss=0.0427
[2026-07-25 19:11:36,629] 172 root - INFO -   [Client 39] loss=0.1476 acc=0.9411
[2026-07-25 19:11:44,012] 259 root - INFO - [Attacker] LIE attack applied (z=2.0).
[2026-07-25 19:11:44,012] 170 root - INFO -   [Client 5] ATTACK ACTIVE | loss=0.0178
[2026-07-25 19:11:46,209] 172 root - INFO -   [Client 26] loss=0.2453 acc=0.9319
[2026-07-25 19:11:53,167] 172 root - INFO -   [Client 44] loss=0.0682 acc=0.9775
[2026-07-25 19:11:57,826] 172 root - INFO -   [Client 33] loss=0.0219 acc=0.9941
[2026-07-25 19:12:02,748] 172 root - INFO -   [Client 20] loss=0.1204 acc=0.9641
[2026-07-25 19:12:38,835] 172 root - INFO -   [Client 16] loss=0.0045 acc=0.9988
[2026-07-25 19:12:40,597] 172 root - INFO -   [Client 13] loss=0.3720 acc=0.8869
[2026-07-25 19:12:48,779] 259 root - INFO - [Attacker] LIE attack applied (z=2.0).
[2026-07-25 19:12:48,779] 170 root - INFO -   [Client 34] ATTACK ACTIVE | loss=0.0230
[2026-07-25 19:12:49,805] 172 root - INFO -   [Client 45] loss=0.4060 acc=0.8948
[2026-07-25 19:12:50,553] 113 root - INFO - [HRA] Round 16: 5/20 fully penalised.
[2026-07-25 19:12:50,560] 190 root - INFO - [Pipeline] Round 16 aggregated — flagged=5, min_trust=0.0000, max_trust=0.1063
[2026-07-25 19:12:55,509] 81 root - INFO - [Server] Round 16 — loss=0.1380, macro_f1=0.5034, acc=0.9445, fpr=0.0198
[2026-07-25 19:12:55,571] 205 root - INFO - [Pipeline] Round 16 eval — macro_f1=0.5034, acc=0.9445, loss=0.1380
[2026-07-25 19:12:55,572] 145 root - INFO - 
[Pipeline] ===== Round 17/30 =====
[2026-07-25 19:13:32,264] 172 root - INFO -   [Client 16] loss=0.0044 acc=0.9988
[2026-07-25 19:13:34,238] 172 root - INFO -   [Client 25] loss=0.0727 acc=0.9810
[2026-07-25 19:13:36,521] 259 root - INFO - [Attacker] LIE attack applied (z=2.0).
[2026-07-25 19:13:36,521] 170 root - INFO -   [Client 8] ATTACK ACTIVE | loss=0.0305
[2026-07-25 19:13:39,452] 172 root - INFO -   [Client 42] loss=0.0572 acc=0.9866
[2026-07-25 19:13:58,858] 172 root - INFO -   [Client 41] loss=0.0258 acc=0.9947
[2026-07-25 19:13:59,433] 172 root - INFO -   [Client 19] loss=0.1069 acc=0.9695
[2026-07-25 19:14:02,025] 172 root - INFO -   [Client 29] loss=0.1040 acc=0.9690
[2026-07-25 19:14:06,975] 172 root - INFO -   [Client 20] loss=0.1139 acc=0.9658
[2026-07-25 19:14:08,164] 172 root - INFO -   [Client 4] loss=0.0567 acc=0.9861
[2026-07-25 19:14:13,003] 172 root - INFO -   [Client 0] loss=0.0116 acc=0.9969
[2026-07-25 19:14:28,495] 172 root - INFO -   [Client 43] loss=0.0063 acc=0.9981
[2026-07-25 19:14:29,473] 172 root - INFO -   [Client 36] loss=0.5359 acc=0.8283
[2026-07-25 19:14:30,956] 259 root - INFO - [Attacker] LIE attack applied (z=2.0).
[2026-07-25 19:14:30,956] 170 root - INFO -   [Client 6] ATTACK ACTIVE | loss=0.2614
[2026-07-25 19:14:31,893] 172 root - INFO -   [Client 45] loss=0.3973 acc=0.8991
[2026-07-25 19:14:40,426] 259 root - INFO - [Attacker] LIE attack applied (z=2.0).
[2026-07-25 19:14:40,426] 170 root - INFO -   [Client 34] ATTACK ACTIVE | loss=0.0230
[2026-07-25 19:14:42,104] 172 root - INFO -   [Client 13] loss=0.3033 acc=0.9064
[2026-07-25 19:14:45,374] 172 root - INFO -   [Client 32] loss=0.0755 acc=0.9811
[2026-07-25 19:15:03,195] 259 root - INFO - [Attacker] LIE attack applied (z=2.0).
[2026-07-25 19:15:03,195] 170 root - INFO -   [Client 49] ATTACK ACTIVE | loss=0.1779
[2026-07-25 19:15:55,473] 259 root - INFO - [Attacker] LIE attack applied (z=2.0).
[2026-07-25 19:15:55,473] 170 root - INFO -   [Client 47] ATTACK ACTIVE | loss=0.0077
[2026-07-25 19:15:56,492] 172 root - INFO -   [Client 39] loss=0.1357 acc=0.9443
[2026-07-25 19:15:57,265] 113 root - INFO - [HRA] Round 17: 5/20 fully penalised.
[2026-07-25 19:15:57,272] 190 root - INFO - [Pipeline] Round 17 aggregated — flagged=5, min_trust=0.0000, max_trust=0.0974
[2026-07-25 19:16:02,186] 81 root - INFO - [Server] Round 17 — loss=0.1431, macro_f1=0.4759, acc=0.9385, fpr=0.0215
[2026-07-25 19:16:02,251] 205 root - INFO - [Pipeline] Round 17 eval — macro_f1=0.4759, acc=0.9385, loss=0.1431
[2026-07-25 19:16:02,252] 145 root - INFO - 
[Pipeline] ===== Round 18/30 =====
[2026-07-25 19:16:07,934] 172 root - INFO -   [Client 22] loss=0.0300 acc=0.9925
[2026-07-25 19:16:09,072] 172 root - INFO -   [Client 4] loss=0.0624 acc=0.9851
[2026-07-25 19:16:09,865] 259 root - INFO - [Attacker] LIE attack applied (z=2.0).
[2026-07-25 19:16:09,865] 170 root - INFO -   [Client 15] ATTACK ACTIVE | loss=0.5995
[2026-07-25 19:16:13,719] 172 root - INFO -   [Client 23] loss=0.0631 acc=0.9699
[2026-07-25 19:16:26,096] 172 root - INFO -   [Client 18] loss=0.0385 acc=0.9919
[2026-07-25 19:16:37,023] 172 root - INFO -   [Client 10] loss=0.0172 acc=0.9963
[2026-07-25 19:16:38,991] 172 root - INFO -   [Client 28] loss=0.1797 acc=0.9409
[2026-07-25 19:16:47,501] 259 root - INFO - [Attacker] LIE attack applied (z=2.0).
[2026-07-25 19:16:47,501] 170 root - INFO -   [Client 34] ATTACK ACTIVE | loss=0.0232
[2026-07-25 19:16:48,095] 172 root - INFO -   [Client 19] loss=0.1070 acc=0.9693
[2026-07-25 19:16:49,116] 172 root - INFO -   [Client 39] loss=0.1443 acc=0.9425
[2026-07-25 19:16:53,874] 172 root - INFO -   [Client 33] loss=0.0221 acc=0.9941
[2026-07-25 19:16:58,813] 172 root - INFO -   [Client 0] loss=0.0111 acc=0.9972
[2026-07-25 19:17:02,123] 172 root - INFO -   [Client 35] loss=0.1067 acc=0.9675
[2026-07-25 19:17:20,895] 172 root - INFO -   [Client 41] loss=0.0258 acc=0.9948
[2026-07-25 19:17:22,523] 259 root - INFO - [Attacker] LIE attack applied (z=2.0).
[2026-07-25 19:17:22,523] 170 root - INFO -   [Client 6] ATTACK ACTIVE | loss=0.2591
[2026-07-25 19:17:24,758] 259 root - INFO - [Attacker] LIE attack applied (z=2.0).
[2026-07-25 19:17:24,758] 170 root - INFO -   [Client 8] ATTACK ACTIVE | loss=0.0313
[2026-07-25 19:18:01,223] 172 root - INFO -   [Client 16] loss=0.0044 acc=0.9988
[2026-07-25 19:18:04,316] 259 root - INFO - [Attacker] LIE attack applied (z=2.0).
[2026-07-25 19:18:04,317] 170 root - INFO -   [Client 7] ATTACK ACTIVE | loss=0.0871
[2026-07-25 19:18:09,021] 259 root - INFO - [Attacker] LIE attack applied (z=2.0).
[2026-07-25 19:18:09,021] 170 root - INFO -   [Client 37] ATTACK ACTIVE | loss=0.1832
[2026-07-25 19:18:15,562] 172 root - INFO -   [Client 46] loss=0.0564 acc=0.9857
[2026-07-25 19:18:16,319] 113 root - INFO - [HRA] Round 18: 5/20 fully penalised.
[2026-07-25 19:18:16,326] 190 root - INFO - [Pipeline] Round 18 aggregated — flagged=5, min_trust=0.0000, max_trust=0.0950
[2026-07-25 19:18:21,252] 81 root - INFO - [Server] Round 18 — loss=0.0730, macro_f1=0.5986, acc=0.9813, fpr=0.0051
[2026-07-25 19:18:21,314] 205 root - INFO - [Pipeline] Round 18 eval — macro_f1=0.5986, acc=0.9813, loss=0.0730
[2026-07-25 19:18:21,315] 145 root - INFO - 
[Pipeline] ===== Round 19/30 =====
[2026-07-25 19:18:25,106] 172 root - INFO -   [Client 35] loss=0.1045 acc=0.9680
[2026-07-25 19:18:35,561] 172 root - INFO -   [Client 9] loss=0.0933 acc=0.9741
[2026-07-25 19:18:39,485] 259 root - INFO - [Attacker] LIE attack applied (z=2.0).
[2026-07-25 19:18:39,485] 170 root - INFO -   [Client 17] ATTACK ACTIVE | loss=0.0248
[2026-07-25 19:18:51,679] 172 root - INFO -   [Client 18] loss=0.0385 acc=0.9919
[2026-07-25 19:18:53,247] 172 root - INFO -   [Client 38] loss=0.3285 acc=0.9000
[2026-07-25 19:18:54,976] 172 root - INFO -   [Client 13] loss=0.3194 acc=0.9034
[2026-07-25 19:18:55,953] 172 root - INFO -   [Client 21] loss=0.4983 acc=0.8351
[2026-07-25 19:19:02,978] 172 root - INFO -   [Client 44] loss=0.0678 acc=0.9775
[2026-07-25 19:19:18,456] 259 root - INFO - [Attacker] LIE attack applied (z=2.0).
[2026-07-25 19:19:18,456] 170 root - INFO -   [Client 40] ATTACK ACTIVE | loss=0.0075
[2026-07-25 19:19:54,511] 172 root - INFO -   [Client 16] loss=0.0044 acc=0.9988
[2026-07-25 19:19:57,860] 172 root - INFO -   [Client 32] loss=0.0751 acc=0.9811
[2026-07-25 19:19:59,733] 172 root - INFO -   [Client 31] loss=0.2840 acc=0.8955
[2026-07-25 19:20:18,559] 172 root - INFO -   [Client 41] loss=0.0256 acc=0.9948
[2026-07-25 19:20:27,955] 172 root - INFO -   [Client 3] loss=0.0305 acc=0.9936
[2026-07-25 19:20:35,555] 259 root - INFO - [Attacker] LIE attack applied (z=2.0).
[2026-07-25 19:20:35,555] 170 root - INFO -   [Client 5] ATTACK ACTIVE | loss=0.0176
[2026-07-25 19:20:50,679] 259 root - INFO - [Attacker] LIE attack applied (z=2.0).
[2026-07-25 19:20:50,679] 170 root - INFO -   [Client 27] ATTACK ACTIVE | loss=0.0090
[2026-07-25 19:21:42,974] 259 root - INFO - [Attacker] LIE attack applied (z=2.0).
[2026-07-25 19:21:42,974] 170 root - INFO -   [Client 47] ATTACK ACTIVE | loss=0.0076
[2026-07-25 19:21:48,050] 259 root - INFO - [Attacker] LIE attack applied (z=2.0).
[2026-07-25 19:21:48,050] 170 root - INFO -   [Client 2] ATTACK ACTIVE | loss=0.0423
[2026-07-25 19:21:53,022] 172 root - INFO -   [Client 0] loss=0.0106 acc=0.9972
[2026-07-25 19:22:03,962] 172 root - INFO -   [Client 10] loss=0.0173 acc=0.9962
[2026-07-25 19:22:04,723] 113 root - INFO - [HRA] Round 19: 4/20 fully penalised.
[2026-07-25 19:22:04,729] 190 root - INFO - [Pipeline] Round 19 aggregated — flagged=4, min_trust=0.0000, max_trust=0.0836
[2026-07-25 19:22:09,655] 81 root - INFO - [Server] Round 19 — loss=0.0924, macro_f1=0.5834, acc=0.9786, fpr=0.0056
[2026-07-25 19:22:09,717] 205 root - INFO - [Pipeline] Round 19 eval — macro_f1=0.5834, acc=0.9786, loss=0.0924
[2026-07-25 19:22:09,717] 145 root - INFO - 
[Pipeline] ===== Round 20/30 =====
[2026-07-25 19:22:27,741] 259 root - INFO - [Attacker] LIE attack applied (z=2.0).
[2026-07-25 19:22:27,741] 170 root - INFO -   [Client 49] ATTACK ACTIVE | loss=0.1779
[2026-07-25 19:22:29,955] 259 root - INFO - [Attacker] LIE attack applied (z=2.0).
[2026-07-25 19:22:29,955] 170 root - INFO -   [Client 8] ATTACK ACTIVE | loss=0.0345
[2026-07-25 19:22:45,542] 259 root - INFO - [Attacker] LIE attack applied (z=2.0).
[2026-07-25 19:22:45,542] 170 root - INFO -   [Client 40] ATTACK ACTIVE | loss=0.0074
[2026-07-25 19:23:21,846] 172 root - INFO -   [Client 16] loss=0.0042 acc=0.9989
[2026-07-25 19:23:32,505] 172 root - INFO -   [Client 10] loss=0.0168 acc=0.9963
[2026-07-25 19:23:34,533] 172 root - INFO -   [Client 28] loss=0.2597 acc=0.9275
[2026-07-25 19:23:37,774] 172 root - INFO -   [Client 35] loss=0.1139 acc=0.9660
[2026-07-25 19:23:52,951] 259 root - INFO - [Attacker] LIE attack applied (z=2.0).
[2026-07-25 19:23:52,952] 170 root - INFO -   [Client 27] ATTACK ACTIVE | loss=0.0088
[2026-07-25 19:24:08,531] 172 root - INFO -   [Client 43] loss=0.0060 acc=0.9982
[2026-07-25 19:24:13,443] 172 root - INFO -   [Client 0] loss=0.0104 acc=0.9973
[2026-07-25 19:24:16,525] 259 root - INFO - [Attacker] LIE attack applied (z=2.0).
[2026-07-25 19:24:16,525] 170 root - INFO -   [Client 7] ATTACK ACTIVE | loss=0.1141
[2026-07-25 19:24:17,559] 172 root - INFO -   [Client 4] loss=0.0811 acc=0.9811
[2026-07-25 19:24:27,798] 172 root - INFO -   [Client 9] loss=0.0931 acc=0.9740
[2026-07-25 19:24:36,257] 259 root - INFO - [Attacker] LIE attack applied (z=2.0).
[2026-07-25 19:24:36,257] 170 root - INFO -   [Client 34] ATTACK ACTIVE | loss=0.0229
[2026-07-25 19:24:41,345] 259 root - INFO - [Attacker] LIE attack applied (z=2.0).
[2026-07-25 19:24:41,346] 170 root - INFO -   [Client 2] ATTACK ACTIVE | loss=0.0418
[2026-07-25 19:24:45,239] 172 root - INFO -   [Client 23] loss=0.0630 acc=0.9698
[2026-07-25 19:24:49,978] 259 root - INFO - [Attacker] LIE attack applied (z=2.0).
[2026-07-25 19:24:49,978] 170 root - INFO -   [Client 37] ATTACK ACTIVE | loss=0.1839
[2026-07-25 19:24:52,863] 172 root - INFO -   [Client 42] loss=0.0570 acc=0.9866
[2026-07-25 19:24:54,117] 172 root - INFO -   [Client 48] loss=0.0601 acc=0.9856
[2026-07-25 19:24:56,008] 259 root - INFO - [Attacker] LIE attack applied (z=2.0).
[2026-07-25 19:24:56,009] 170 root - INFO -   [Client 1] ATTACK ACTIVE | loss=0.1975
[2026-07-25 19:24:56,431] 113 root - INFO - [HRA] Round 20: 5/20 fully penalised.
[2026-07-25 19:24:56,437] 190 root - INFO - [Pipeline] Round 20 aggregated — flagged=5, min_trust=0.0000, max_trust=0.0879
[2026-07-25 19:25:01,326] 81 root - INFO - [Server] Round 20 — loss=0.0811, macro_f1=0.5913, acc=0.9804, fpr=0.0052
[2026-07-25 19:25:01,388] 205 root - INFO - [Pipeline] Round 20 eval — macro_f1=0.5913, acc=0.9804, loss=0.0811
[2026-07-25 19:25:01,389] 145 root - INFO - 
[Pipeline] ===== Round 21/30 =====
[2026-07-25 19:25:02,497] 172 root - INFO -   [Client 19] loss=0.1161 acc=0.9686
[2026-07-25 19:25:06,516] 172 root - INFO -   [Client 23] loss=0.0617 acc=0.9700
[2026-07-25 19:25:11,544] 259 root - INFO - [Attacker] LIE attack applied (z=2.0).
[2026-07-25 19:25:11,544] 170 root - INFO -   [Client 2] ATTACK ACTIVE | loss=0.0418
[2026-07-25 19:25:16,774] 172 root - INFO -   [Client 22] loss=0.0291 acc=0.9927
[2026-07-25 19:25:18,454] 172 root - INFO -   [Client 13] loss=0.4324 acc=0.8801
[2026-07-25 19:25:33,730] 172 root - INFO -   [Client 43] loss=0.0060 acc=0.9982
[2026-07-25 19:25:34,531] 259 root - INFO - [Attacker] LIE attack applied (z=2.0).
[2026-07-25 19:25:34,531] 170 root - INFO -   [Client 15] ATTACK ACTIVE | loss=0.8445
[2026-07-25 19:25:37,408] 172 root - INFO -   [Client 42] loss=0.0571 acc=0.9867
[2026-07-25 19:25:38,924] 259 root - INFO - [Attacker] LIE attack applied (z=2.0).
[2026-07-25 19:25:38,924] 170 root - INFO -   [Client 6] ATTACK ACTIVE | loss=0.3037
[2026-07-25 19:25:45,488] 172 root - INFO -   [Client 46] loss=0.0560 acc=0.9859
[2026-07-25 19:25:48,790] 172 root - INFO -   [Client 35] loss=0.1077 acc=0.9676
[2026-07-25 19:25:50,750] 172 root - INFO -   [Client 26] loss=0.2625 acc=0.9277
[2026-07-25 19:26:01,122] 172 root - INFO -   [Client 9] loss=0.0928 acc=0.9741
[2026-07-25 19:26:08,164] 172 root - INFO -   [Client 44] loss=0.0675 acc=0.9777
[2026-07-25 19:26:18,883] 172 root - INFO -   [Client 10] loss=0.0164 acc=0.9964
[2026-07-25 19:26:25,586] 172 root - INFO -   [Client 11] loss=0.1433 acc=0.9507
[2026-07-25 19:26:27,103] 172 root - INFO -   [Client 38] loss=0.4694 acc=0.8739
[2026-07-25 19:26:29,154] 259 root - INFO - [Attacker] LIE attack applied (z=2.0).
[2026-07-25 19:26:29,154] 170 root - INFO -   [Client 1] ATTACK ACTIVE | loss=0.1964
[2026-07-25 19:26:37,515] 259 root - INFO - [Attacker] LIE attack applied (z=2.0).
[2026-07-25 19:26:37,515] 170 root - INFO -   [Client 34] ATTACK ACTIVE | loss=0.0224
[2026-07-25 19:26:38,744] 172 root - INFO -   [Client 48] loss=0.0494 acc=0.9891
[2026-07-25 19:26:39,501] 113 root - INFO - [HRA] Round 21: 3/20 fully penalised.
[2026-07-25 19:26:39,508] 190 root - INFO - [Pipeline] Round 21 aggregated — flagged=3, min_trust=0.0000, max_trust=0.1020
[2026-07-25 19:26:44,386] 81 root - INFO - [Server] Round 21 — loss=0.0635, macro_f1=0.6116, acc=0.9790, fpr=0.0052
[2026-07-25 19:26:44,450] 205 root - INFO - [Pipeline] Round 21 eval — macro_f1=0.6116, acc=0.9790, loss=0.0635
[2026-07-25 19:26:44,450] 145 root - INFO - 
[Pipeline] ===== Round 22/30 =====
[2026-07-25 19:26:45,742] 172 root - INFO -   [Client 21] loss=0.4840 acc=0.8390
[2026-07-25 19:26:48,024] 172 root - INFO -   [Client 26] loss=0.2192 acc=0.9392
[2026-07-25 19:26:50,970] 172 root - INFO -   [Client 42] loss=0.0565 acc=0.9866
[2026-07-25 19:26:51,764] 259 root - INFO - [Attacker] LIE attack applied (z=2.0).
[2026-07-25 19:26:51,764] 170 root - INFO -   [Client 15] ATTACK ACTIVE | loss=0.6690
[2026-07-25 19:26:55,677] 259 root - INFO - [Attacker] LIE attack applied (z=2.0).
[2026-07-25 19:26:55,677] 170 root - INFO -   [Client 17] ATTACK ACTIVE | loss=0.0244
[2026-07-25 19:27:06,483] 172 root - INFO -   [Client 10] loss=0.0164 acc=0.9964
[2026-07-25 19:27:07,985] 259 root - INFO - [Attacker] LIE attack applied (z=2.0).
[2026-07-25 19:27:07,985] 170 root - INFO -   [Client 6] ATTACK ACTIVE | loss=0.2690
[2026-07-25 19:27:09,570] 172 root - INFO -   [Client 24] loss=0.2638 acc=0.9212
[2026-07-25 19:27:14,445] 259 root - INFO - [Attacker] LIE attack applied (z=2.0).
[2026-07-25 19:27:14,445] 170 root - INFO -   [Client 2] ATTACK ACTIVE | loss=0.0417
[2026-07-25 19:27:16,456] 172 root - INFO -   [Client 30] loss=0.0384 acc=0.9908
[2026-07-25 19:27:19,050] 259 root - INFO - [Attacker] LIE attack applied (z=2.0).
[2026-07-25 19:27:19,050] 170 root - INFO -   [Client 14] ATTACK ACTIVE | loss=0.0468
[2026-07-25 19:27:19,299] 172 root - INFO -   [Client 12] loss=2.9029 acc=0.2370
[2026-07-25 19:27:22,003] 172 root - INFO -   [Client 29] loss=0.1013 acc=0.9693
[2026-07-25 19:27:27,162] 172 root - INFO -   [Client 22] loss=0.0288 acc=0.9927
[2026-07-25 19:27:27,751] 172 root - INFO -   [Client 19] loss=0.1027 acc=0.9699
[2026-07-25 19:27:28,777] 172 root - INFO -   [Client 39] loss=0.1366 acc=0.9428
[2026-07-25 19:27:37,084] 259 root - INFO - [Attacker] LIE attack applied (z=2.0).
[2026-07-25 19:27:37,084] 170 root - INFO -   [Client 34] ATTACK ACTIVE | loss=0.0225
[2026-07-25 19:27:38,996] 259 root - INFO - [Attacker] LIE attack applied (z=2.0).
[2026-07-25 19:27:38,996] 170 root - INFO -   [Client 1] ATTACK ACTIVE | loss=0.1884
[2026-07-25 19:27:40,693] 172 root - INFO -   [Client 38] loss=0.3564 acc=0.8966
[2026-07-25 19:27:42,568] 172 root - INFO -   [Client 31] loss=0.2841 acc=0.8939
[2026-07-25 19:27:42,904] 113 root - INFO - [HRA] Round 22: 2/20 fully penalised.
[2026-07-25 19:27:42,910] 190 root - INFO - [Pipeline] Round 22 aggregated — flagged=2, min_trust=0.0000, max_trust=0.1160
[2026-07-25 19:27:47,824] 81 root - INFO - [Server] Round 22 — loss=0.0624, macro_f1=0.5927, acc=0.9804, fpr=0.0048
[2026-07-25 19:27:47,891] 205 root - INFO - [Pipeline] Round 22 eval — macro_f1=0.5927, acc=0.9804, loss=0.0624
[2026-07-25 19:27:47,892] 145 root - INFO - 
[Pipeline] ===== Round 23/30 =====
[2026-07-25 19:27:49,220] 172 root - INFO -   [Client 21] loss=0.3429 acc=0.8806
[2026-07-25 19:27:53,137] 259 root - INFO - [Attacker] LIE attack applied (z=2.0).
[2026-07-25 19:27:53,137] 170 root - INFO -   [Client 17] ATTACK ACTIVE | loss=0.0243
[2026-07-25 19:27:54,213] 172 root - INFO -   [Client 4] loss=0.0463 acc=0.9881
[2026-07-25 19:27:55,430] 172 root - INFO -   [Client 48] loss=0.0296 acc=0.9934
[2026-07-25 19:28:00,642] 172 root - INFO -   [Client 22] loss=0.0289 acc=0.9927
[2026-07-25 19:28:19,185] 172 root - INFO -   [Client 41] loss=0.0252 acc=0.9948
[2026-07-25 19:28:22,548] 172 root - INFO -   [Client 32] loss=0.0737 acc=0.9813
[2026-07-25 19:28:24,379] 172 root - INFO -   [Client 25] loss=0.0697 acc=0.9813
[2026-07-25 19:28:32,704] 259 root - INFO - [Attacker] LIE attack applied (z=2.0).
[2026-07-25 19:28:32,705] 170 root - INFO -   [Client 34] ATTACK ACTIVE | loss=0.0225
[2026-07-25 19:28:50,432] 259 root - INFO - [Attacker] LIE attack applied (z=2.0).
[2026-07-25 19:28:50,432] 170 root - INFO -   [Client 49] ATTACK ACTIVE | loss=0.1757
[2026-07-25 19:28:52,328] 259 root - INFO - [Attacker] LIE attack applied (z=2.0).
[2026-07-25 19:28:52,328] 170 root - INFO -   [Client 1] ATTACK ACTIVE | loss=0.1876
[2026-07-25 19:28:55,335] 259 root - INFO - [Attacker] LIE attack applied (z=2.0).
[2026-07-25 19:28:55,335] 170 root - INFO -   [Client 7] ATTACK ACTIVE | loss=0.0759
[2026-07-25 19:29:31,535] 172 root - INFO -   [Client 16] loss=0.0042 acc=0.9989
[2026-07-25 19:29:38,128] 172 root - INFO -   [Client 11] loss=0.1403 acc=0.9509
[2026-07-25 19:29:42,946] 259 root - INFO - [Attacker] LIE attack applied (z=2.0).
[2026-07-25 19:29:42,947] 170 root - INFO -   [Client 37] ATTACK ACTIVE | loss=0.1799
[2026-07-25 19:29:47,867] 259 root - INFO - [Attacker] LIE attack applied (z=2.0).
[2026-07-25 19:29:47,867] 170 root - INFO -   [Client 2] ATTACK ACTIVE | loss=0.0413
[2026-07-25 19:29:49,481] 259 root - INFO - [Attacker] LIE attack applied (z=2.0).
[2026-07-25 19:29:49,482] 170 root - INFO -   [Client 6] ATTACK ACTIVE | loss=0.2348
[2026-07-25 19:30:04,774] 259 root - INFO - [Attacker] LIE attack applied (z=2.0).
[2026-07-25 19:30:04,774] 170 root - INFO -   [Client 27] ATTACK ACTIVE | loss=0.0085
[2026-07-25 19:30:05,697] 172 root - INFO -   [Client 45] loss=0.3402 acc=0.8928
[2026-07-25 19:30:09,582] 172 root - INFO -   [Client 23] loss=0.0602 acc=0.9703
[2026-07-25 19:30:10,012] 113 root - INFO - [HRA] Round 23: 5/20 fully penalised.
[2026-07-25 19:30:10,018] 190 root - INFO - [Pipeline] Round 23 aggregated — flagged=5, min_trust=0.0000, max_trust=0.0980
[2026-07-25 19:30:14,891] 81 root - INFO - [Server] Round 23 — loss=0.0689, macro_f1=0.6411, acc=0.9802, fpr=0.0049
[2026-07-25 19:30:14,953] 205 root - INFO - [Pipeline] Round 23 eval — macro_f1=0.6411, acc=0.9802, loss=0.0689
[2026-07-25 19:30:14,954] 145 root - INFO - 
[Pipeline] ===== Round 24/30 =====
[2026-07-25 19:30:20,445] 172 root - INFO -   [Client 20] loss=0.1127 acc=0.9656
[2026-07-25 19:30:35,415] 259 root - INFO - [Attacker] LIE attack applied (z=2.0).
[2026-07-25 19:30:35,415] 170 root - INFO -   [Client 27] ATTACK ACTIVE | loss=0.0084
[2026-07-25 19:30:36,932] 172 root - INFO -   [Client 38] loss=0.3509 acc=0.9002
[2026-07-25 19:30:40,339] 172 root - INFO -   [Client 32] loss=0.0736 acc=0.9814
[2026-07-25 19:30:43,429] 259 root - INFO - [Attacker] LIE attack applied (z=2.0).
[2026-07-25 19:30:43,430] 170 root - INFO -   [Client 7] ATTACK ACTIVE | loss=0.0813
[2026-07-25 19:30:44,935] 172 root - INFO -   [Client 24] loss=0.2537 acc=0.9229
[2026-07-25 19:30:45,798] 172 root - INFO -   [Client 36] loss=0.5622 acc=0.8286
[2026-07-25 19:30:46,039] 172 root - INFO -   [Client 12] loss=2.6198 acc=0.3032
[2026-07-25 19:31:21,758] 172 root - INFO -   [Client 16] loss=0.0042 acc=0.9988
[2026-07-25 19:31:26,874] 259 root - INFO - [Attacker] LIE attack applied (z=2.0).
[2026-07-25 19:31:26,874] 170 root - INFO -   [Client 2] ATTACK ACTIVE | loss=0.0411
[2026-07-25 19:31:27,992] 172 root - INFO -   [Client 48] loss=0.0387 acc=0.9912
[2026-07-25 19:31:33,152] 172 root - INFO -   [Client 0] loss=0.0100 acc=0.9974
[2026-07-25 19:31:37,681] 172 root - INFO -   [Client 33] loss=0.0201 acc=0.9946
[2026-07-25 19:31:46,017] 259 root - INFO - [Attacker] LIE attack applied (z=2.0).
[2026-07-25 19:31:46,017] 170 root - INFO -   [Client 34] ATTACK ACTIVE | loss=0.0216
[2026-07-25 19:31:48,957] 172 root - INFO -   [Client 42] loss=0.0562 acc=0.9867
[2026-07-25 19:31:52,962] 172 root - INFO -   [Client 23] loss=0.0607 acc=0.9702
[2026-07-25 19:31:53,998] 172 root - INFO -   [Client 39] loss=0.1284 acc=0.9446
[2026-07-25 19:31:55,189] 172 root - INFO -   [Client 4] loss=0.0506 acc=0.9868
[2026-07-25 19:31:56,204] 172 root - INFO -   [Client 21] loss=0.4742 acc=0.8418
[2026-07-25 19:31:56,752] 172 root - INFO -   [Client 19] loss=0.1059 acc=0.9697
[2026-07-25 19:31:57,264] 113 root - INFO - [HRA] Round 24: 4/20 fully penalised.
[2026-07-25 19:31:57,271] 190 root - INFO - [Pipeline] Round 24 aggregated — flagged=4, min_trust=0.0000, max_trust=0.1125
[2026-07-25 19:32:02,230] 81 root - INFO - [Server] Round 24 — loss=0.0741, macro_f1=0.6544, acc=0.9813, fpr=0.0051
[2026-07-25 19:32:02,292] 205 root - INFO - [Pipeline] Round 24 eval — macro_f1=0.6544, acc=0.9813, loss=0.0741
[2026-07-25 19:32:02,293] 145 root - INFO - 
[Pipeline] ===== Round 25/30 =====
[2026-07-25 19:32:07,674] 172 root - INFO -   [Client 20] loss=0.1105 acc=0.9660
[2026-07-25 19:32:10,589] 172 root - INFO -   [Client 42] loss=0.0568 acc=0.9868
[2026-07-25 19:32:13,636] 259 root - INFO - [Attacker] LIE attack applied (z=2.0).
[2026-07-25 19:32:13,636] 170 root - INFO -   [Client 7] ATTACK ACTIVE | loss=0.0746
[2026-07-25 19:32:20,120] 172 root - INFO -   [Client 46] loss=0.0552 acc=0.9860
[2026-07-25 19:32:20,690] 172 root - INFO -   [Client 19] loss=0.1125 acc=0.9688
[2026-07-25 19:32:23,974] 172 root - INFO -   [Client 32] loss=0.0741 acc=0.9812
[2026-07-25 19:32:24,905] 172 root - INFO -   [Client 45] loss=0.4021 acc=0.9038
[2026-07-25 19:32:26,144] 172 root - INFO -   [Client 48] loss=0.0365 acc=0.9921
[2026-07-25 19:32:28,214] 172 root - INFO -   [Client 26] loss=0.2004 acc=0.9449
[2026-07-25 19:32:45,861] 259 root - INFO - [Attacker] LIE attack applied (z=2.0).
[2026-07-25 19:32:45,862] 170 root - INFO -   [Client 49] ATTACK ACTIVE | loss=0.1750
[2026-07-25 19:32:47,872] 172 root - INFO -   [Client 25] loss=0.0703 acc=0.9817
[2026-07-25 19:33:00,271] 172 root - INFO -   [Client 18] loss=0.0380 acc=0.9920
[2026-07-25 19:33:03,564] 172 root - INFO -   [Client 35] loss=0.1033 acc=0.9684
[2026-07-25 19:33:05,821] 259 root - INFO - [Attacker] LIE attack applied (z=2.0).
[2026-07-25 19:33:05,821] 170 root - INFO -   [Client 8] ATTACK ACTIVE | loss=0.0273
[2026-07-25 19:33:06,065] 172 root - INFO -   [Client 12] loss=2.4836 acc=0.3358
[2026-07-25 19:33:25,077] 172 root - INFO -   [Client 41] loss=0.0250 acc=0.9949
[2026-07-25 19:33:26,534] 172 root - INFO -   [Client 24] loss=0.2565 acc=0.9247
[2026-07-25 19:33:33,110] 172 root - INFO -   [Client 11] loss=0.1421 acc=0.9508
[2026-07-25 19:33:48,512] 172 root - INFO -   [Client 43] loss=0.0061 acc=0.9982
[2026-07-25 19:33:53,367] 259 root - INFO - [Attacker] LIE attack applied (z=2.0).
[2026-07-25 19:33:53,367] 170 root - INFO -   [Client 37] ATTACK ACTIVE | loss=0.1815
[2026-07-25 19:33:54,142] 113 root - INFO - [HRA] Round 25: 3/20 fully penalised.
[2026-07-25 19:33:54,149] 190 root - INFO - [Pipeline] Round 25 aggregated — flagged=3, min_trust=0.0000, max_trust=0.0869
[2026-07-25 19:33:59,063] 81 root - INFO - [Server] Round 25 — loss=0.0692, macro_f1=0.5997, acc=0.9813, fpr=0.0051
[2026-07-25 19:33:59,126] 205 root - INFO - [Pipeline] Round 25 eval — macro_f1=0.5997, acc=0.9813, loss=0.0692
[2026-07-25 19:33:59,126] 145 root - INFO - 
[Pipeline] ===== Round 26/30 =====
[2026-07-25 19:34:02,966] 172 root - INFO -   [Client 35] loss=0.0997 acc=0.9686
[2026-07-25 19:34:07,979] 172 root - INFO -   [Client 0] loss=0.0099 acc=0.9974
[2026-07-25 19:34:08,547] 172 root - INFO -   [Client 19] loss=0.0990 acc=0.9707
[2026-07-25 19:34:20,716] 172 root - INFO -   [Client 18] loss=0.0376 acc=0.9920
[2026-07-25 19:34:22,297] 172 root - INFO -   [Client 13] loss=0.2517 acc=0.9203
[2026-07-25 19:34:37,471] 259 root - INFO - [Attacker] LIE attack applied (z=2.0).
[2026-07-25 19:34:37,471] 170 root - INFO -   [Client 27] ATTACK ACTIVE | loss=0.0086
[2026-07-25 19:34:42,285] 259 root - INFO - [Attacker] LIE attack applied (z=2.0).
[2026-07-25 19:34:42,285] 170 root - INFO -   [Client 37] ATTACK ACTIVE | loss=0.1784
[2026-07-25 19:34:43,807] 172 root - INFO -   [Client 38] loss=0.2487 acc=0.9221
[2026-07-25 19:35:02,815] 172 root - INFO -   [Client 41] loss=0.0249 acc=0.9949
[2026-07-25 19:35:07,894] 172 root - INFO -   [Client 20] loss=0.1063 acc=0.9666
[2026-07-25 19:35:10,450] 172 root - INFO -   [Client 29] loss=0.0976 acc=0.9699
[2026-07-25 19:35:12,431] 172 root - INFO -   [Client 28] loss=0.1496 acc=0.9461
[2026-07-25 19:35:15,248] 172 root - INFO -   [Client 42] loss=0.0559 acc=0.9865
[2026-07-25 19:35:16,268] 172 root - INFO -   [Client 45] loss=0.3395 acc=0.8929
[2026-07-25 19:35:19,617] 172 root - INFO -   [Client 32] loss=0.0734 acc=0.9812
[2026-07-25 19:35:21,470] 172 root - INFO -   [Client 30] loss=0.0379 acc=0.9912
[2026-07-25 19:35:32,268] 172 root - INFO -   [Client 10] loss=0.0162 acc=0.9964
[2026-07-25 19:35:39,678] 259 root - INFO - [Attacker] LIE attack applied (z=2.0).
[2026-07-25 19:35:39,678] 170 root - INFO -   [Client 5] ATTACK ACTIVE | loss=0.0170
[2026-07-25 19:35:46,253] 172 root - INFO -   [Client 46] loss=0.0548 acc=0.9860
[2026-07-25 19:36:22,406] 172 root - INFO -   [Client 16] loss=0.0041 acc=0.9989
[2026-07-25 19:36:23,177] 113 root - INFO - [HRA] Round 26: 2/20 fully penalised.
[2026-07-25 19:36:23,183] 190 root - INFO - [Pipeline] Round 26 aggregated — flagged=2, min_trust=0.0000, max_trust=0.0779
[2026-07-25 19:36:28,276] 81 root - INFO - [Server] Round 26 — loss=0.0643, macro_f1=0.5914, acc=0.9803, fpr=0.0049
[2026-07-25 19:36:28,338] 205 root - INFO - [Pipeline] Round 26 eval — macro_f1=0.5914, acc=0.9803, loss=0.0643
[2026-07-25 19:36:28,339] 145 root - INFO - 
[Pipeline] ===== Round 27/30 =====
[2026-07-25 19:36:31,765] 172 root - INFO -   [Client 42] loss=0.0559 acc=0.9867
[2026-07-25 19:36:47,446] 259 root - INFO - [Attacker] LIE attack applied (z=2.0).
[2026-07-25 19:36:47,447] 170 root - INFO -   [Client 40] ATTACK ACTIVE | loss=0.0072
[2026-07-25 19:36:48,463] 172 root - INFO -   [Client 39] loss=0.1271 acc=0.9457
[2026-07-25 19:36:49,566] 172 root - INFO -   [Client 21] loss=0.4534 acc=0.8481
[2026-07-25 19:36:56,945] 259 root - INFO - [Attacker] LIE attack applied (z=2.0).
[2026-07-25 19:36:56,946] 170 root - INFO -   [Client 5] ATTACK ACTIVE | loss=0.0169
[2026-07-25 19:36:57,752] 259 root - INFO - [Attacker] LIE attack applied (z=2.0).
[2026-07-25 19:36:57,753] 170 root - INFO -   [Client 15] ATTACK ACTIVE | loss=0.6991
[2026-07-25 19:37:13,167] 172 root - INFO -   [Client 43] loss=0.0058 acc=0.9983
[2026-07-25 19:37:13,825] 172 root - INFO -   [Client 19] loss=0.1030 acc=0.9703
[2026-07-25 19:37:16,446] 259 root - INFO - [Attacker] LIE attack applied (z=2.0).
[2026-07-25 19:37:16,446] 170 root - INFO -   [Client 14] ATTACK ACTIVE | loss=0.0454
[2026-07-25 19:37:16,794] 172 root - INFO -   [Client 12] loss=2.5965 acc=0.3192
[2026-07-25 19:37:27,319] 172 root - INFO -   [Client 9] loss=0.0914 acc=0.9743
[2026-07-25 19:37:29,340] 259 root - INFO - [Attacker] LIE attack applied (z=2.0).
[2026-07-25 19:37:29,348] 170 root - INFO -   [Client 1] ATTACK ACTIVE | loss=0.1866
[2026-07-25 19:37:34,410] 259 root - INFO - [Attacker] LIE attack applied (z=2.0).
[2026-07-25 19:37:34,410] 170 root - INFO -   [Client 2] ATTACK ACTIVE | loss=0.0408
[2026-07-25 19:37:41,209] 172 root - INFO -   [Client 44] loss=0.0666 acc=0.9778
[2026-07-25 19:37:43,229] 172 root - INFO -   [Client 30] loss=0.0373 acc=0.9915
[2026-07-25 19:37:44,276] 172 root - INFO -   [Client 4] loss=0.0496 acc=0.9868
[2026-07-25 19:37:46,909] 172 root - INFO -   [Client 29] loss=0.0990 acc=0.9697
[2026-07-25 19:37:48,959] 172 root - INFO -   [Client 26] loss=0.2073 acc=0.9415
[2026-07-25 19:37:50,078] 172 root - INFO -   [Client 48] loss=0.0384 acc=0.9912
[2026-07-25 19:37:55,297] 172 root - INFO -   [Client 22] loss=0.0287 acc=0.9927
[2026-07-25 19:37:56,084] 113 root - INFO - [HRA] Round 27: 2/20 fully penalised.
[2026-07-25 19:37:56,091] 190 root - INFO - [Pipeline] Round 27 aggregated — flagged=2, min_trust=0.0000, max_trust=0.0925
[2026-07-25 19:38:01,027] 81 root - INFO - [Server] Round 27 — loss=0.0643, macro_f1=0.6445, acc=0.9795, fpr=0.0052
[2026-07-25 19:38:01,089] 205 root - INFO - [Pipeline] Round 27 eval — macro_f1=0.6445, acc=0.9795, loss=0.0643
[2026-07-25 19:38:01,090] 145 root - INFO - 
[Pipeline] ===== Round 28/30 =====
[2026-07-25 19:38:08,315] 172 root - INFO -   [Client 44] loss=0.0667 acc=0.9777
[2026-07-25 19:38:09,878] 172 root - INFO -   [Client 24] loss=0.2614 acc=0.9198
[2026-07-25 19:38:11,633] 172 root - INFO -   [Client 31] loss=0.2616 acc=0.9009
[2026-07-25 19:38:13,671] 172 root - INFO -   [Client 25] loss=0.0710 acc=0.9808
[2026-07-25 19:38:14,453] 259 root - INFO - [Attacker] LIE attack applied (z=2.0).
[2026-07-25 19:38:14,453] 170 root - INFO -   [Client 15] ATTACK ACTIVE | loss=0.7100
[2026-07-25 19:38:24,840] 172 root - INFO -   [Client 9] loss=0.0913 acc=0.9742
[2026-07-25 19:38:43,608] 172 root - INFO -   [Client 41] loss=0.0248 acc=0.9949
[2026-07-25 19:38:48,668] 172 root - INFO -   [Client 0] loss=0.0100 acc=0.9974
[2026-07-25 19:38:50,267] 259 root - INFO - [Attacker] LIE attack applied (z=2.0).
[2026-07-25 19:38:50,267] 170 root - INFO -   [Client 6] ATTACK ACTIVE | loss=0.2607
[2026-07-25 19:39:05,392] 259 root - INFO - [Attacker] LIE attack applied (z=2.0).
[2026-07-25 19:39:05,393] 170 root - INFO -   [Client 27] ATTACK ACTIVE | loss=0.0084
[2026-07-25 19:39:08,061] 259 root - INFO - [Attacker] LIE attack applied (z=2.0).
[2026-07-25 19:39:08,061] 170 root - INFO -   [Client 14] ATTACK ACTIVE | loss=0.0431
[2026-07-25 19:39:14,725] 172 root - INFO -   [Client 11] loss=0.1385 acc=0.9511
[2026-07-25 19:39:19,454] 172 root - INFO -   [Client 33] loss=0.0204 acc=0.9943
[2026-07-25 19:39:22,021] 172 root - INFO -   [Client 29] loss=0.0972 acc=0.9697
[2026-07-25 19:39:31,449] 172 root - INFO -   [Client 3] loss=0.0299 acc=0.9936
[2026-07-25 19:39:32,419] 172 root - INFO -   [Client 45] loss=0.3815 acc=0.8988
[2026-07-25 19:39:35,455] 259 root - INFO - [Attacker] LIE attack applied (z=2.0).
[2026-07-25 19:39:35,455] 170 root - INFO -   [Client 7] ATTACK ACTIVE | loss=0.0834
[2026-07-25 19:39:36,436] 172 root - INFO -   [Client 36] loss=0.5311 acc=0.8333
[2026-07-25 19:39:38,576] 259 root - INFO - [Attacker] LIE attack applied (z=2.0).
[2026-07-25 19:39:38,576] 170 root - INFO -   [Client 8] ATTACK ACTIVE | loss=0.0272
[2026-07-25 19:39:45,142] 172 root - INFO -   [Client 46] loss=0.0543 acc=0.9860
[2026-07-25 19:39:45,917] 113 root - INFO - [HRA] Round 28: 3/20 fully penalised.
[2026-07-25 19:39:45,924] 190 root - INFO - [Pipeline] Round 28 aggregated — flagged=3, min_trust=0.0000, max_trust=0.0858
[2026-07-25 19:39:50,674] 81 root - INFO - [Server] Round 28 — loss=0.0622, macro_f1=0.6559, acc=0.9816, fpr=0.0051
[2026-07-25 19:39:50,736] 205 root - INFO - [Pipeline] Round 28 eval — macro_f1=0.6559, acc=0.9816, loss=0.0622
[2026-07-25 19:39:50,737] 145 root - INFO - 
[Pipeline] ===== Round 29/30 =====
[2026-07-25 19:39:53,936] 172 root - INFO -   [Client 29] loss=0.0945 acc=0.9702
[2026-07-25 19:39:56,974] 172 root - INFO -   [Client 42] loss=0.0557 acc=0.9867
[2026-07-25 19:40:01,713] 172 root - INFO -   [Client 33] loss=0.0196 acc=0.9945
[2026-07-25 19:40:05,089] 172 root - INFO -   [Client 35] loss=0.0998 acc=0.9686
[2026-07-25 19:40:06,611] 172 root - INFO -   [Client 38] loss=0.2985 acc=0.9112
[2026-07-25 19:40:11,731] 172 root - INFO -   [Client 20] loss=0.1070 acc=0.9663
[2026-07-25 19:40:13,745] 172 root - INFO -   [Client 28] loss=0.1601 acc=0.9438
[2026-07-25 19:40:14,783] 172 root - INFO -   [Client 39] loss=0.1252 acc=0.9463
[2026-07-25 19:40:18,109] 172 root - INFO -   [Client 32] loss=0.0732 acc=0.9813
[2026-07-25 19:40:32,981] 259 root - INFO - [Attacker] LIE attack applied (z=2.0).
[2026-07-25 19:40:32,981] 170 root - INFO -   [Client 27] ATTACK ACTIVE | loss=0.0084
[2026-07-25 19:40:39,689] 172 root - INFO -   [Client 46] loss=0.0541 acc=0.9860
[2026-07-25 19:40:55,022] 172 root - INFO -   [Client 43] loss=0.0057 acc=0.9983
[2026-07-25 19:41:05,733] 172 root - INFO -   [Client 10] loss=0.0162 acc=0.9964
[2026-07-25 19:41:07,672] 172 root - INFO -   [Client 30] loss=0.0369 acc=0.9913
[2026-07-25 19:41:08,585] 172 root - INFO -   [Client 45] loss=0.3571 acc=0.8986
[2026-07-25 19:41:44,866] 172 root - INFO -   [Client 16] loss=0.0041 acc=0.9989
[2026-07-25 19:41:45,657] 259 root - INFO - [Attacker] LIE attack applied (z=2.0).
[2026-07-25 19:41:45,657] 170 root - INFO -   [Client 15] ATTACK ACTIVE | loss=0.6073
[2026-07-25 19:41:49,718] 259 root - INFO - [Attacker] LIE attack applied (z=2.0).
[2026-07-25 19:41:49,718] 170 root - INFO -   [Client 17] ATTACK ACTIVE | loss=0.0239
[2026-07-25 19:41:51,439] 172 root - INFO -   [Client 31] loss=0.2454 acc=0.9036
[2026-07-25 19:41:58,270] 172 root - INFO -   [Client 44] loss=0.0660 acc=0.9778
[2026-07-25 19:41:58,679] 113 root - INFO - [HRA] Round 29: 3/20 fully penalised.
[2026-07-25 19:41:58,686] 190 root - INFO - [Pipeline] Round 29 aggregated — flagged=3, min_trust=0.0000, max_trust=0.0829
[2026-07-25 19:42:03,489] 81 root - INFO - [Server] Round 29 — loss=0.0658, macro_f1=0.6455, acc=0.9803, fpr=0.0049
[2026-07-25 19:42:03,552] 205 root - INFO - [Pipeline] Round 29 eval — macro_f1=0.6455, acc=0.9803, loss=0.0658
[2026-07-25 19:42:03,552] 145 root - INFO - 
[Pipeline] ===== Round 30/30 =====
[2026-07-25 19:42:04,880] 259 root - INFO - [Attacker] LIE attack applied (z=2.0).
[2026-07-25 19:42:04,880] 170 root - INFO -   [Client 15] ATTACK ACTIVE | loss=0.6392
[2026-07-25 19:42:08,837] 259 root - INFO - [Attacker] LIE attack applied (z=2.0).
[2026-07-25 19:42:08,837] 170 root - INFO -   [Client 17] ATTACK ACTIVE | loss=0.0242
[2026-07-25 19:42:10,837] 172 root - INFO -   [Client 28] loss=0.1728 acc=0.9424
[2026-07-25 19:42:11,877] 172 root - INFO -   [Client 4] loss=0.0479 acc=0.9871
[2026-07-25 19:42:12,776] 172 root - INFO -   [Client 45] loss=0.3691 acc=0.8978
[2026-07-25 19:42:24,797] 172 root - INFO -   [Client 18] loss=0.0375 acc=0.9920
[2026-07-25 19:42:42,447] 259 root - INFO - [Attacker] LIE attack applied (z=2.0).
[2026-07-25 19:42:42,447] 170 root - INFO -   [Client 49] ATTACK ACTIVE | loss=0.1737
[2026-07-25 19:42:43,673] 172 root - INFO -   [Client 48] loss=0.0342 acc=0.9920
[2026-07-25 19:42:44,812] 172 root - INFO -   [Client 21] loss=0.4485 acc=0.8495
[2026-07-25 19:42:49,743] 172 root - INFO -   [Client 20] loss=0.1088 acc=0.9662
[2026-07-25 19:42:58,432] 259 root - INFO - [Attacker] LIE attack applied (z=2.0).
[2026-07-25 19:42:58,432] 170 root - INFO -   [Client 34] ATTACK ACTIVE | loss=0.0221
[2026-07-25 19:43:06,400] 259 root - INFO - [Attacker] LIE attack applied (z=2.0).
[2026-07-25 19:43:06,401] 170 root - INFO -   [Client 5] ATTACK ACTIVE | loss=0.0168
[2026-07-25 19:43:08,704] 259 root - INFO - [Attacker] LIE attack applied (z=2.0).
[2026-07-25 19:43:08,704] 170 root - INFO -   [Client 8] ATTACK ACTIVE | loss=0.0270
[2026-07-25 19:43:19,286] 172 root - INFO -   [Client 9] loss=0.0909 acc=0.9743
[2026-07-25 19:43:22,070] 259 root - INFO - [Attacker] LIE attack applied (z=2.0).
[2026-07-25 19:43:22,070] 170 root - INFO -   [Client 14] ATTACK ACTIVE | loss=0.0443
[2026-07-25 19:43:23,690] 172 root - INFO -   [Client 24] loss=0.2514 acc=0.9222
[2026-07-25 19:43:24,540] 172 root - INFO -   [Client 36] loss=0.5310 acc=0.8377
[2026-07-25 19:43:26,258] 172 root - INFO -   [Client 13] loss=0.3004 acc=0.9091
[2026-07-25 19:43:32,782] 172 root - INFO -   [Client 46] loss=0.0544 acc=0.9859
[2026-07-25 19:43:36,113] 172 root - INFO -   [Client 32] loss=0.0728 acc=0.9814
[2026-07-25 19:43:36,877] 113 root - INFO - [HRA] Round 30: 6/20 fully penalised.
[2026-07-25 19:43:36,884] 190 root - INFO - [Pipeline] Round 30 aggregated — flagged=6, min_trust=0.0000, max_trust=0.1020
[2026-07-25 19:43:41,751] 81 root - INFO - [Server] Round 30 — loss=0.0632, macro_f1=0.6473, acc=0.9797, fpr=0.0052
[2026-07-25 19:43:41,814] 205 root - INFO - [Pipeline] Round 30 eval — macro_f1=0.6473, acc=0.9797, loss=0.0632
[2026-07-25 19:43:41,835] 223 root - INFO - [Pipeline] Final global model saved to C:\Users\rauna\Videos\FL IDS\artifacts\models\fl_global_model_hra_lie_30pct.pth
[2026-07-25 19:43:41,838] 28 root - INFO - [Experiment] strategy=robust attack=lie ratio=0.3
[2026-07-25 19:43:41,839] 125 root - INFO - [Pipeline] Malicious client IDs: [1, 2, 5, 6, 7, 8, 14, 15, 17, 27, 34, 37, 40, 47, 49]
[2026-07-25 19:43:41,847] 33 root - INFO - [Server] Loaded baseline checkpoint from C:\Users\rauna\Videos\FL IDS\artifacts\models\baseline_mlp.pth
[2026-07-25 19:43:41,848] 278 root - INFO - [Aggregator] AL-CMT initialized — cap_t=0.0714, temperature=2.0, ema_momentum=0.9
[2026-07-25 19:43:41,848] 131 root - INFO - [Pipeline] Strategy: robust
[2026-07-25 19:43:41,849] 137 root - INFO - [Pipeline] Starting FL loop — 50 clients, 20 per round, 30 rounds.
[2026-07-25 19:43:41,849] 145 root - INFO - 
[Pipeline] ===== Round 1/30 =====
[2026-07-25 19:43:57,907] 172 root - INFO -   [Client 40] loss=0.2170 acc=0.9384
[2026-07-25 19:44:00,942] 172 root - INFO -   [Client 7] loss=0.9562 acc=0.7955
[2026-07-25 19:44:03,056] 172 root - INFO -   [Client 1] loss=1.8032 acc=0.5311
[2026-07-25 19:44:07,016] 172 root - INFO -   [Client 17] loss=0.8405 acc=0.7570
[2026-07-25 19:44:07,810] 172 root - INFO -   [Client 15] loss=1.5811 acc=0.6172
[2026-07-25 19:44:10,520] 172 root - INFO -   [Client 14] loss=1.1393 acc=0.6983
[2026-07-25 19:44:12,768] 172 root - INFO -   [Client 8] loss=1.4010 acc=0.6379
[2026-07-25 19:44:14,292] 172 root - INFO -   [Client 6] loss=2.0333 acc=0.4258
[2026-07-25 19:44:22,654] 172 root - INFO -   [Client 34] loss=0.5080 acc=0.8564
[2026-07-25 19:44:30,049] 172 root - INFO -   [Client 5] loss=0.5441 acc=0.8595
[2026-07-25 19:44:34,903] 172 root - INFO -   [Client 37] loss=0.9253 acc=0.7473
[2026-07-25 19:44:50,041] 172 root - INFO -   [Client 27] loss=0.2308 acc=0.9356
[2026-07-25 19:44:55,083] 172 root - INFO -   [Client 2] loss=0.8224 acc=0.7881
[2026-07-25 19:45:47,947] 172 root - INFO -   [Client 47] loss=0.0719 acc=0.9808
[2026-07-25 19:46:05,875] 172 root - INFO -   [Client 49] loss=0.9485 acc=0.7042
[2026-07-25 19:46:07,446] 172 root - INFO -   [Client 13] loss=1.4419 acc=0.6575
[2026-07-25 19:46:14,400] 172 root - INFO -   [Client 44] loss=0.6867 acc=0.8111
[2026-07-25 19:46:17,738] 172 root - INFO -   [Client 32] loss=1.0952 acc=0.7133
[2026-07-25 19:46:18,582] 172 root - INFO -   [Client 36] loss=2.0537 acc=0.6138
[2026-07-25 19:46:25,108] 172 root - INFO -   [Client 46] loss=0.5682 acc=0.8576
[2026-07-25 19:46:25,129] 466 root - INFO - [Aggregator] Round 1: 1/20 clients flagged by MAD.
[2026-07-25 19:46:25,131] 512 root - INFO - [Aggregator] Round 1: trust weights min=0.0278, max=0.0714, zero_count=0
[2026-07-25 19:46:25,137] 190 root - INFO - [Pipeline] Round 1 aggregated — flagged=1, min_trust=0.0278, max_trust=0.0714
[2026-07-25 19:46:30,073] 81 root - INFO - [Server] Round 1 — loss=1.5464, macro_f1=0.0949, acc=0.8334, fpr=0.0542
[2026-07-25 19:46:30,136] 205 root - INFO - [Pipeline] Round 1 eval — macro_f1=0.0949, acc=0.8334, loss=1.5464
[2026-07-25 19:46:30,144] 145 root - INFO - 
[Pipeline] ===== Round 2/30 =====
[2026-07-25 19:46:30,629] 172 root - INFO -   [Client 12] loss=2.2391 acc=0.4110
[2026-07-25 19:46:31,615] 172 root - INFO -   [Client 45] loss=1.2537 acc=0.6037
[2026-07-25 19:46:50,782] 172 root - INFO -   [Client 41] loss=0.0765 acc=0.9824
[2026-07-25 19:46:57,749] 172 root - INFO -   [Client 44] loss=0.1892 acc=0.9460
[2026-07-25 19:47:06,020] 172 root - INFO -   [Client 34] loss=0.1204 acc=0.9684
[2026-07-25 19:47:08,107] 172 root - INFO -   [Client 26] loss=0.5230 acc=0.8351
[2026-07-25 19:47:10,777] 172 root - INFO -   [Client 14] loss=0.3213 acc=0.9045
[2026-07-25 19:47:12,755] 172 root - INFO -   [Client 28] loss=0.6789 acc=0.7977
[2026-07-25 19:47:17,465] 172 root - INFO -   [Client 37] loss=0.3424 acc=0.8984
[2026-07-25 19:47:21,430] 172 root - INFO -   [Client 17] loss=0.1452 acc=0.9585
[2026-07-25 19:47:26,453] 172 root - INFO -   [Client 0] loss=0.1567 acc=0.9562
[2026-07-25 19:47:37,242] 172 root - INFO -   [Client 10] loss=0.0984 acc=0.9754
[2026-07-25 19:47:52,268] 172 root - INFO -   [Client 27] loss=0.0525 acc=0.9872
[2026-07-25 19:47:53,320] 172 root - INFO -   [Client 21] loss=0.8804 acc=0.7039
[2026-07-25 19:48:08,737] 172 root - INFO -   [Client 40] loss=0.0503 acc=0.9886
[2026-07-25 19:48:18,987] 172 root - INFO -   [Client 9] loss=0.1582 acc=0.9640
[2026-07-25 19:48:20,704] 172 root - INFO -   [Client 13] loss=0.6805 acc=0.7775
[2026-07-25 19:48:21,549] 172 root - INFO -   [Client 36] loss=0.9216 acc=0.7040
[2026-07-25 19:48:23,145] 172 root - INFO -   [Client 6] loss=0.7161 acc=0.7555
[2026-07-25 19:48:28,246] 172 root - INFO -   [Client 2] loss=0.1810 acc=0.9511
[2026-07-25 19:48:28,264] 466 root - INFO - [Aggregator] Round 2: 0/20 clients flagged by MAD.
[2026-07-25 19:48:28,265] 512 root - INFO - [Aggregator] Round 2: trust weights min=0.0256, max=0.0707, zero_count=0
[2026-07-25 19:48:28,271] 190 root - INFO - [Pipeline] Round 2 aggregated — flagged=0, min_trust=0.0256, max_trust=0.0707
[2026-07-25 19:48:33,208] 81 root - INFO - [Server] Round 2 — loss=0.8344, macro_f1=0.2769, acc=0.8763, fpr=0.0462
[2026-07-25 19:48:33,270] 205 root - INFO - [Pipeline] Round 2 eval — macro_f1=0.2769, acc=0.8763, loss=0.8344
[2026-07-25 19:48:33,271] 145 root - INFO - 
[Pipeline] ===== Round 3/30 =====
[2026-07-25 19:48:35,190] 172 root - INFO -   [Client 24] loss=0.3770 acc=0.8820
[2026-07-25 19:48:36,725] 172 root - INFO -   [Client 6] loss=0.4226 acc=0.8405
[2026-07-25 19:48:41,958] 172 root - INFO -   [Client 22] loss=0.0880 acc=0.9769
[2026-07-25 19:49:34,416] 172 root - INFO -   [Client 47] loss=0.0147 acc=0.9970
[2026-07-25 19:49:35,993] 172 root - INFO -   [Client 38] loss=0.4074 acc=0.8743
[2026-07-25 19:50:12,049] 172 root - INFO -   [Client 16] loss=0.0141 acc=0.9965
[2026-07-25 19:50:17,146] 172 root - INFO -   [Client 2] loss=0.1006 acc=0.9729
[2026-07-25 19:50:19,814] 172 root - INFO -   [Client 29] loss=0.2065 acc=0.9431
[2026-07-25 19:50:28,150] 172 root - INFO -   [Client 34] loss=0.0611 acc=0.9850
[2026-07-25 19:50:31,148] 172 root - INFO -   [Client 7] loss=0.2587 acc=0.9281
[2026-07-25 19:50:48,617] 172 root - INFO -   [Client 49] loss=0.2619 acc=0.9260
[2026-07-25 19:50:55,902] 172 root - INFO -   [Client 5] loss=0.0564 acc=0.9843
[2026-07-25 19:50:59,268] 172 root - INFO -   [Client 35] loss=0.2080 acc=0.9402
[2026-07-25 19:51:11,292] 172 root - INFO -   [Client 18] loss=0.0665 acc=0.9867
[2026-07-25 19:51:15,179] 172 root - INFO -   [Client 23] loss=0.1174 acc=0.9539
[2026-07-25 19:51:15,426] 172 root - INFO -   [Client 12] loss=1.6972 acc=0.5300
[2026-07-25 19:51:16,629] 172 root - INFO -   [Client 4] loss=0.2223 acc=0.9411
[2026-07-25 19:51:31,891] 172 root - INFO -   [Client 43] loss=0.0309 acc=0.9917
[2026-07-25 19:51:34,544] 172 root - INFO -   [Client 14] loss=0.1437 acc=0.9601
[2026-07-25 19:51:35,576] 172 root - INFO -   [Client 39] loss=0.3088 acc=0.8897
[2026-07-25 19:51:35,595] 466 root - INFO - [Aggregator] Round 3: 4/20 clients flagged by MAD.
[2026-07-25 19:51:35,595] 512 root - INFO - [Aggregator] Round 3: trust weights min=0.0181, max=0.0714, zero_count=0
[2026-07-25 19:51:35,601] 190 root - INFO - [Pipeline] Round 3 aggregated — flagged=4, min_trust=0.0181, max_trust=0.0714
[2026-07-25 19:51:40,654] 81 root - INFO - [Server] Round 3 — loss=0.4247, macro_f1=0.3396, acc=0.8989, fpr=0.0372
[2026-07-25 19:51:40,719] 205 root - INFO - [Pipeline] Round 3 eval — macro_f1=0.3396, acc=0.8989, loss=0.4247
[2026-07-25 19:51:40,720] 145 root - INFO - 
[Pipeline] ===== Round 4/30 =====
[2026-07-25 19:51:53,567] 172 root - INFO -   [Client 18] loss=0.0547 acc=0.9888
[2026-07-25 19:52:00,842] 172 root - INFO -   [Client 5] loss=0.0383 acc=0.9895
[2026-07-25 19:52:03,526] 172 root - INFO -   [Client 14] loss=0.0859 acc=0.9783
[2026-07-25 19:52:05,181] 172 root - INFO -   [Client 6] loss=0.2981 acc=0.8838
[2026-07-25 19:52:06,638] 172 root - INFO -   [Client 24] loss=0.2915 acc=0.9108
[2026-07-25 19:52:10,540] 172 root - INFO -   [Client 17] loss=0.0493 acc=0.9854
[2026-07-25 19:52:13,162] 172 root - INFO -   [Client 29] loss=0.1479 acc=0.9598
[2026-07-25 19:52:28,516] 172 root - INFO -   [Client 40] loss=0.0173 acc=0.9947
[2026-07-25 19:52:32,538] 172 root - INFO -   [Client 23] loss=0.0896 acc=0.9623
[2026-07-25 19:52:43,149] 172 root - INFO -   [Client 10] loss=0.0359 acc=0.9913
[2026-07-25 19:53:01,977] 172 root - INFO -   [Client 41] loss=0.0395 acc=0.9916
[2026-07-25 19:53:07,306] 172 root - INFO -   [Client 22] loss=0.0583 acc=0.9859
[2026-07-25 19:53:08,952] 172 root - INFO -   [Client 13] loss=0.4076 acc=0.8694
[2026-07-25 19:53:15,888] 172 root - INFO -   [Client 44] loss=0.0962 acc=0.9709
[2026-07-25 19:53:16,996] 172 root - INFO -   [Client 4] loss=0.1511 acc=0.9604
[2026-07-25 19:53:19,887] 172 root - INFO -   [Client 42] loss=0.0967 acc=0.9785
[2026-07-25 19:53:20,697] 172 root - INFO -   [Client 15] loss=0.3683 acc=0.9012
[2026-07-25 19:53:29,253] 172 root - INFO -   [Client 34] loss=0.0431 acc=0.9906
[2026-07-25 19:53:45,129] 172 root - INFO -   [Client 43] loss=0.0199 acc=0.9949
[2026-07-25 19:53:45,379] 172 root - INFO -   [Client 12] loss=1.7318 acc=0.5394
[2026-07-25 19:53:45,397] 466 root - INFO - [Aggregator] Round 4: 1/20 clients flagged by MAD.
[2026-07-25 19:53:45,397] 512 root - INFO - [Aggregator] Round 4: trust weights min=0.0210, max=0.0714, zero_count=0
[2026-07-25 19:53:45,404] 190 root - INFO - [Pipeline] Round 4 aggregated — flagged=1, min_trust=0.0210, max_trust=0.0714
[2026-07-25 19:53:50,379] 81 root - INFO - [Server] Round 4 — loss=0.2854, macro_f1=0.3604, acc=0.8960, fpr=0.0384
[2026-07-25 19:53:50,442] 205 root - INFO - [Pipeline] Round 4 eval — macro_f1=0.3604, acc=0.8960, loss=0.2854
[2026-07-25 19:53:50,442] 145 root - INFO - 
[Pipeline] ===== Round 5/30 =====
[2026-07-25 19:53:54,719] 172 root - INFO -   [Client 17] loss=0.0370 acc=0.9886
[2026-07-25 19:54:11,008] 172 root - INFO -   [Client 40] loss=0.0121 acc=0.9960
[2026-07-25 19:54:18,011] 172 root - INFO -   [Client 44] loss=0.0846 acc=0.9739
[2026-07-25 19:54:21,367] 172 root - INFO -   [Client 35] loss=0.1418 acc=0.9606
[2026-07-25 19:54:23,916] 172 root - INFO -   [Client 14] loss=0.0704 acc=0.9817
[2026-07-25 19:54:39,667] 172 root - INFO -   [Client 43] loss=0.0131 acc=0.9966
[2026-07-25 19:54:44,828] 172 root - INFO -   [Client 20] loss=0.1695 acc=0.9523
[2026-07-25 19:54:54,333] 172 root - INFO -   [Client 3] loss=0.0417 acc=0.9912
[2026-07-25 19:54:55,343] 172 root - INFO -   [Client 45] loss=0.5296 acc=0.8816
[2026-07-25 19:55:00,560] 172 root - INFO -   [Client 2] loss=0.0593 acc=0.9852
[2026-07-25 19:55:52,710] 172 root - INFO -   [Client 47] loss=0.0100 acc=0.9980
[2026-07-25 19:55:54,605] 172 root - INFO -   [Client 25] loss=0.1039 acc=0.9749
[2026-07-25 19:56:12,331] 172 root - INFO -   [Client 49] loss=0.2029 acc=0.9598
[2026-07-25 19:56:13,397] 172 root - INFO -   [Client 4] loss=0.1438 acc=0.9636
[2026-07-25 19:56:15,066] 172 root - INFO -   [Client 13] loss=0.4095 acc=0.8713
[2026-07-25 19:56:16,069] 172 root - INFO -   [Client 39] loss=0.1687 acc=0.9343
[2026-07-25 19:56:22,532] 172 root - INFO -   [Client 46] loss=0.0696 acc=0.9838
[2026-07-25 19:56:24,625] 172 root - INFO -   [Client 31] loss=0.3511 acc=0.8728
[2026-07-25 19:56:26,430] 172 root - INFO -   [Client 38] loss=0.3476 acc=0.8879
[2026-07-25 19:56:28,302] 172 root - INFO -   [Client 28] loss=0.3060 acc=0.9105
[2026-07-25 19:56:28,319] 466 root - INFO - [Aggregator] Round 5: 3/20 clients flagged by MAD.
[2026-07-25 19:56:28,319] 512 root - INFO - [Aggregator] Round 5: trust weights min=0.0123, max=0.0714, zero_count=0
[2026-07-25 19:56:28,325] 190 root - INFO - [Pipeline] Round 5 aggregated — flagged=3, min_trust=0.0123, max_trust=0.0714
[2026-07-25 19:56:33,378] 81 root - INFO - [Server] Round 5 — loss=0.1630, macro_f1=0.5746, acc=0.9772, fpr=0.0057
[2026-07-25 19:56:33,440] 205 root - INFO - [Pipeline] Round 5 eval — macro_f1=0.5746, acc=0.9772, loss=0.1630
[2026-07-25 19:56:33,441] 145 root - INFO - 
[Pipeline] ===== Round 6/30 =====
[2026-07-25 19:56:53,042] 172 root - INFO -   [Client 41] loss=0.0325 acc=0.9932
[2026-07-25 19:56:55,655] 172 root - INFO -   [Client 29] loss=0.1206 acc=0.9657
[2026-07-25 19:57:06,817] 172 root - INFO -   [Client 9] loss=0.1040 acc=0.9728
[2026-07-25 19:57:42,863] 172 root - INFO -   [Client 16] loss=0.0071 acc=0.9981
[2026-07-25 19:57:45,132] 172 root - INFO -   [Client 8] loss=0.0498 acc=0.9890
[2026-07-25 19:57:45,956] 172 root - INFO -   [Client 15] loss=0.2975 acc=0.9174
[2026-07-25 19:57:49,198] 172 root - INFO -   [Client 35] loss=0.1277 acc=0.9636
[2026-07-25 19:57:57,647] 172 root - INFO -   [Client 34] loss=0.0311 acc=0.9936
[2026-07-25 19:58:04,184] 172 root - INFO -   [Client 46] loss=0.0659 acc=0.9843
[2026-07-25 19:58:09,175] 172 root - INFO -   [Client 37] loss=0.2090 acc=0.9324
[2026-07-25 19:58:24,188] 172 root - INFO -   [Client 27] loss=0.0126 acc=0.9954
[2026-07-25 19:58:39,971] 172 root - INFO -   [Client 40] loss=0.0119 acc=0.9961
[2026-07-25 19:58:41,830] 172 root - INFO -   [Client 25] loss=0.0917 acc=0.9771
[2026-07-25 19:58:45,830] 172 root - INFO -   [Client 23] loss=0.0733 acc=0.9668
[2026-07-25 19:58:48,436] 172 root - INFO -   [Client 14] loss=0.0562 acc=0.9849
[2026-07-25 19:58:49,435] 172 root - INFO -   [Client 45] loss=0.4248 acc=0.8923
[2026-07-25 19:58:52,673] 172 root - INFO -   [Client 32] loss=0.0909 acc=0.9789
[2026-07-25 19:58:54,438] 172 root - INFO -   [Client 31] loss=0.2674 acc=0.8962
[2026-07-25 19:59:02,116] 172 root - INFO -   [Client 5] loss=0.0266 acc=0.9928
[2026-07-25 19:59:03,586] 172 root - INFO -   [Client 24] loss=0.2429 acc=0.9228
[2026-07-25 19:59:03,605] 466 root - INFO - [Aggregator] Round 6: 2/20 clients flagged by MAD.
[2026-07-25 19:59:03,605] 512 root - INFO - [Aggregator] Round 6: trust weights min=0.0128, max=0.0714, zero_count=0
[2026-07-25 19:59:03,611] 190 root - INFO - [Pipeline] Round 6 aggregated — flagged=2, min_trust=0.0128, max_trust=0.0714
[2026-07-25 19:59:08,554] 81 root - INFO - [Server] Round 6 — loss=0.1096, macro_f1=0.5850, acc=0.9783, fpr=0.0052
[2026-07-25 19:59:08,617] 205 root - INFO - [Pipeline] Round 6 eval — macro_f1=0.5850, acc=0.9783, loss=0.1096
[2026-07-25 19:59:08,618] 145 root - INFO - 
[Pipeline] ===== Round 7/30 =====
[2026-07-25 19:59:18,244] 172 root - INFO -   [Client 3] loss=0.0374 acc=0.9922
[2026-07-25 19:59:21,326] 172 root - INFO -   [Client 7] loss=0.1286 acc=0.9689
[2026-07-25 19:59:31,769] 172 root - INFO -   [Client 9] loss=0.1013 acc=0.9731
[2026-07-25 19:59:47,269] 172 root - INFO -   [Client 40] loss=0.0105 acc=0.9964
[2026-07-25 19:59:58,186] 172 root - INFO -   [Client 10] loss=0.0228 acc=0.9947
[2026-07-25 20:00:13,517] 172 root - INFO -   [Client 43] loss=0.0105 acc=0.9972
[2026-07-25 20:00:28,618] 172 root - INFO -   [Client 27] loss=0.0114 acc=0.9958
[2026-07-25 20:00:30,227] 172 root - INFO -   [Client 38] loss=0.2317 acc=0.9235
[2026-07-25 20:00:31,280] 172 root - INFO -   [Client 4] loss=0.0996 acc=0.9750
[2026-07-25 20:00:32,765] 172 root - INFO -   [Client 24] loss=0.2278 acc=0.9281
[2026-07-25 20:00:39,387] 172 root - INFO -   [Client 46] loss=0.0632 acc=0.9846
[2026-07-25 20:00:42,276] 172 root - INFO -   [Client 42] loss=0.0679 acc=0.9850
[2026-07-25 20:00:44,831] 172 root - INFO -   [Client 29] loss=0.1129 acc=0.9673
[2026-07-25 20:00:49,620] 172 root - INFO -   [Client 33] loss=0.0271 acc=0.9927
[2026-07-25 20:01:25,385] 172 root - INFO -   [Client 16] loss=0.0061 acc=0.9983
[2026-07-25 20:01:30,866] 172 root - INFO -   [Client 0] loss=0.0189 acc=0.9954
[2026-07-25 20:01:32,004] 172 root - INFO -   [Client 48] loss=0.0371 acc=0.9926
[2026-07-25 20:01:36,107] 172 root - INFO -   [Client 17] loss=0.0317 acc=0.9897
[2026-07-25 20:01:37,101] 172 root - INFO -   [Client 21] loss=0.2955 acc=0.8958
[2026-07-25 20:01:54,697] 172 root - INFO -   [Client 49] loss=0.1890 acc=0.9669
[2026-07-25 20:01:54,722] 466 root - INFO - [Aggregator] Round 7: 1/20 clients flagged by MAD.
[2026-07-25 20:01:54,723] 512 root - INFO - [Aggregator] Round 7: trust weights min=0.0166, max=0.0714, zero_count=0
[2026-07-25 20:01:54,728] 190 root - INFO - [Pipeline] Round 7 aggregated — flagged=1, min_trust=0.0166, max_trust=0.0714
[2026-07-25 20:01:59,699] 81 root - INFO - [Server] Round 7 — loss=0.1005, macro_f1=0.5836, acc=0.9783, fpr=0.0054
[2026-07-25 20:01:59,775] 205 root - INFO - [Pipeline] Round 7 eval — macro_f1=0.5836, acc=0.9783, loss=0.1005
[2026-07-25 20:01:59,775] 145 root - INFO - 
[Pipeline] ===== Round 8/30 =====
[2026-07-25 20:02:12,349] 172 root - INFO -   [Client 18] loss=0.0418 acc=0.9913
[2026-07-25 20:02:27,117] 172 root - INFO -   [Client 27] loss=0.0103 acc=0.9961
[2026-07-25 20:02:37,985] 172 root - INFO -   [Client 10] loss=0.0206 acc=0.9952
[2026-07-25 20:02:40,646] 172 root - INFO -   [Client 29] loss=0.1097 acc=0.9679
[2026-07-25 20:02:45,517] 172 root - INFO -   [Client 0] loss=0.0160 acc=0.9960
[2026-07-25 20:03:21,515] 172 root - INFO -   [Client 16] loss=0.0053 acc=0.9986
[2026-07-25 20:03:24,791] 172 root - INFO -   [Client 32] loss=0.0831 acc=0.9799
[2026-07-25 20:03:31,303] 172 root - INFO -   [Client 11] loss=0.1528 acc=0.9497
[2026-07-25 20:03:46,655] 172 root - INFO -   [Client 43] loss=0.0089 acc=0.9976
[2026-07-25 20:03:48,247] 172 root - INFO -   [Client 6] loss=0.2588 acc=0.9000
[2026-07-25 20:03:48,804] 172 root - INFO -   [Client 19] loss=0.1198 acc=0.9671
[2026-07-25 20:04:07,699] 172 root - INFO -   [Client 41] loss=0.0288 acc=0.9940
[2026-07-25 20:04:07,951] 172 root - INFO -   [Client 12] loss=2.0416 acc=0.4422
[2026-07-25 20:04:18,578] 172 root - INFO -   [Client 9] loss=0.0989 acc=0.9734
[2026-07-25 20:04:22,591] 172 root - INFO -   [Client 23] loss=0.0678 acc=0.9683
[2026-07-25 20:05:14,487] 172 root - INFO -   [Client 47] loss=0.0085 acc=0.9983
[2026-07-25 20:05:19,201] 172 root - INFO -   [Client 33] loss=0.0241 acc=0.9932
[2026-07-25 20:05:20,152] 172 root - INFO -   [Client 45] loss=0.4134 acc=0.8967
[2026-07-25 20:05:25,134] 172 root - INFO -   [Client 20] loss=0.1451 acc=0.9582
[2026-07-25 20:05:25,923] 172 root - INFO -   [Client 15] loss=0.3928 acc=0.8916
[2026-07-25 20:05:25,941] 466 root - INFO - [Aggregator] Round 8: 2/20 clients flagged by MAD.
[2026-07-25 20:05:25,941] 512 root - INFO - [Aggregator] Round 8: trust weights min=0.0136, max=0.0714, zero_count=0
[2026-07-25 20:05:25,947] 190 root - INFO - [Pipeline] Round 8 aggregated — flagged=2, min_trust=0.0136, max_trust=0.0714
[2026-07-25 20:05:30,906] 81 root - INFO - [Server] Round 8 — loss=0.1378, macro_f1=0.5688, acc=0.9333, fpr=0.0233
[2026-07-25 20:05:30,968] 205 root - INFO - [Pipeline] Round 8 eval — macro_f1=0.5688, acc=0.9333, loss=0.1378
[2026-07-25 20:05:30,969] 145 root - INFO - 
[Pipeline] ===== Round 9/30 =====
[2026-07-25 20:05:33,420] 172 root - INFO -   [Client 1] loss=0.2081 acc=0.9283
[2026-07-25 20:05:36,446] 172 root - INFO -   [Client 7] loss=0.1222 acc=0.9714
[2026-07-25 20:05:40,310] 172 root - INFO -   [Client 23] loss=0.0659 acc=0.9692
[2026-07-25 20:05:40,867] 172 root - INFO -   [Client 19] loss=0.1168 acc=0.9673
[2026-07-25 20:05:41,763] 172 root - INFO -   [Client 15] loss=0.3571 acc=0.8972
[2026-07-25 20:05:51,014] 172 root - INFO -   [Client 3] loss=0.0341 acc=0.9928
[2026-07-25 20:05:51,937] 172 root - INFO -   [Client 45] loss=0.3935 acc=0.8953
[2026-07-25 20:05:52,788] 172 root - INFO -   [Client 36] loss=0.6005 acc=0.8107
[2026-07-25 20:06:00,245] 172 root - INFO -   [Client 5] loss=0.0205 acc=0.9944
[2026-07-25 20:06:19,186] 172 root - INFO -   [Client 41] loss=0.0281 acc=0.9941
[2026-07-25 20:06:20,973] 172 root - INFO -   [Client 31] loss=0.2729 acc=0.8964
[2026-07-25 20:06:22,117] 172 root - INFO -   [Client 4] loss=0.0911 acc=0.9771
[2026-07-25 20:06:30,243] 172 root - INFO -   [Client 34] loss=0.0255 acc=0.9948
[2026-07-25 20:06:32,501] 172 root - INFO -   [Client 8] loss=0.0422 acc=0.9907
[2026-07-25 20:06:35,490] 172 root - INFO -   [Client 42] loss=0.0630 acc=0.9858
[2026-07-25 20:06:37,523] 172 root - INFO -   [Client 30] loss=0.0421 acc=0.9904
[2026-07-25 20:06:48,421] 172 root - INFO -   [Client 10] loss=0.0197 acc=0.9954
[2026-07-25 20:07:25,135] 172 root - INFO -   [Client 16] loss=0.0050 acc=0.9986
[2026-07-25 20:07:40,188] 172 root - INFO -   [Client 27] loss=0.0100 acc=0.9962
[2026-07-25 20:07:44,930] 172 root - INFO -   [Client 37] loss=0.1942 acc=0.9351
[2026-07-25 20:07:44,949] 466 root - INFO - [Aggregator] Round 9: 3/20 clients flagged by MAD.
[2026-07-25 20:07:44,949] 512 root - INFO - [Aggregator] Round 9: trust weights min=0.0072, max=0.0714, zero_count=0
[2026-07-25 20:07:44,956] 190 root - INFO - [Pipeline] Round 9 aggregated — flagged=3, min_trust=0.0072, max_trust=0.0714
[2026-07-25 20:07:49,831] 81 root - INFO - [Server] Round 9 — loss=0.1378, macro_f1=0.5878, acc=0.9404, fpr=0.0205
[2026-07-25 20:07:49,900] 205 root - INFO - [Pipeline] Round 9 eval — macro_f1=0.5878, acc=0.9404, loss=0.1378
[2026-07-25 20:07:49,901] 145 root - INFO - 
[Pipeline] ===== Round 10/30 =====
[2026-07-25 20:07:52,020] 172 root - INFO -   [Client 13] loss=0.2755 acc=0.9136
[2026-07-25 20:08:00,394] 172 root - INFO -   [Client 34] loss=0.0248 acc=0.9950
[2026-07-25 20:08:06,920] 172 root - INFO -   [Client 46] loss=0.0598 acc=0.9852
[2026-07-25 20:08:13,743] 172 root - INFO -   [Client 44] loss=0.0726 acc=0.9762
[2026-07-25 20:08:13,988] 172 root - INFO -   [Client 12] loss=1.5843 acc=0.5405
[2026-07-25 20:08:14,540] 172 root - INFO -   [Client 19] loss=0.1114 acc=0.9682
[2026-07-25 20:08:16,544] 172 root - INFO -   [Client 25] loss=0.0779 acc=0.9798
[2026-07-25 20:08:19,392] 172 root - INFO -   [Client 42] loss=0.0618 acc=0.9858
[2026-07-25 20:08:38,057] 172 root - INFO -   [Client 41] loss=0.0279 acc=0.9942
[2026-07-25 20:08:42,076] 172 root - INFO -   [Client 23] loss=0.0646 acc=0.9695
[2026-07-25 20:08:44,109] 172 root - INFO -   [Client 28] loss=0.1848 acc=0.9393
[2026-07-25 20:08:48,697] 172 root - INFO -   [Client 33] loss=0.0229 acc=0.9936
[2026-07-25 20:08:49,817] 172 root - INFO -   [Client 39] loss=0.1255 acc=0.9457
[2026-07-25 20:08:52,817] 172 root - INFO -   [Client 7] loss=0.1027 acc=0.9757
[2026-07-25 20:08:53,615] 172 root - INFO -   [Client 15] loss=0.3578 acc=0.9011
[2026-07-25 20:08:56,207] 172 root - INFO -   [Client 14] loss=0.0519 acc=0.9852
[2026-07-25 20:08:57,253] 172 root - INFO -   [Client 4] loss=0.0683 acc=0.9822
[2026-07-25 20:08:58,202] 172 root - INFO -   [Client 21] loss=0.2997 acc=0.8953
[2026-07-25 20:09:00,224] 172 root - INFO -   [Client 1] loss=0.2055 acc=0.9290
[2026-07-25 20:09:12,574] 172 root - INFO -   [Client 18] loss=0.0408 acc=0.9915
[2026-07-25 20:09:12,593] 466 root - INFO - [Aggregator] Round 10: 1/20 clients flagged by MAD.
[2026-07-25 20:09:12,594] 512 root - INFO - [Aggregator] Round 10: trust weights min=0.0085, max=0.0714, zero_count=0
[2026-07-25 20:09:12,600] 190 root - INFO - [Pipeline] Round 10 aggregated — flagged=1, min_trust=0.0085, max_trust=0.0714
[2026-07-25 20:09:17,520] 81 root - INFO - [Server] Round 10 — loss=0.1295, macro_f1=0.5305, acc=0.9360, fpr=0.0229
[2026-07-25 20:09:17,583] 205 root - INFO - [Pipeline] Round 10 eval — macro_f1=0.5305, acc=0.9360, loss=0.1295
[2026-07-25 20:09:17,583] 145 root - INFO - 
[Pipeline] ===== Round 11/30 =====
[2026-07-25 20:09:21,166] 172 root - INFO -   [Client 35] loss=0.1122 acc=0.9664
[2026-07-25 20:09:23,813] 259 root - INFO - [Attacker] LIE attack applied (z=2.0).
[2026-07-25 20:09:23,814] 170 root - INFO -   [Client 14] ATTACK ACTIVE | loss=0.0484
[2026-07-25 20:09:28,615] 259 root - INFO - [Attacker] LIE attack applied (z=2.0).
[2026-07-25 20:09:28,615] 170 root - INFO -   [Client 37] ATTACK ACTIVE | loss=0.1907
[2026-07-25 20:09:29,858] 172 root - INFO -   [Client 48] loss=0.0341 acc=0.9926
[2026-07-25 20:09:34,764] 172 root - INFO -   [Client 0] loss=0.0138 acc=0.9965
[2026-07-25 20:09:35,902] 172 root - INFO -   [Client 4] loss=0.0639 acc=0.9830
[2026-07-25 20:09:51,393] 259 root - INFO - [Attacker] LIE attack applied (z=2.0).
[2026-07-25 20:09:51,393] 170 root - INFO -   [Client 40] ATTACK ACTIVE | loss=0.0086
[2026-07-25 20:10:00,857] 172 root - INFO -   [Client 3] loss=0.0330 acc=0.9930
[2026-07-25 20:10:07,534] 172 root - INFO -   [Client 46] loss=0.0587 acc=0.9853
[2026-07-25 20:10:14,367] 172 root - INFO -   [Client 44] loss=0.0718 acc=0.9763
[2026-07-25 20:10:19,493] 259 root - INFO - [Attacker] LIE attack applied (z=2.0).
[2026-07-25 20:10:19,493] 170 root - INFO -   [Client 2] ATTACK ACTIVE | loss=0.0465
[2026-07-25 20:10:20,445] 172 root - INFO -   [Client 21] loss=0.2691 acc=0.9058
[2026-07-25 20:10:35,886] 172 root - INFO -   [Client 43] loss=0.0077 acc=0.9978
[2026-07-25 20:10:39,173] 172 root - INFO -   [Client 32] loss=0.0798 acc=0.9805
[2026-07-25 20:10:40,063] 259 root - INFO - [Attacker] LIE attack applied (z=2.0).
[2026-07-25 20:10:40,063] 170 root - INFO -   [Client 15] ATTACK ACTIVE | loss=0.2824
[2026-07-25 20:10:43,945] 259 root - INFO - [Attacker] LIE attack applied (z=2.0).
[2026-07-25 20:10:43,945] 170 root - INFO -   [Client 17] ATTACK ACTIVE | loss=0.0278
[2026-07-25 20:10:45,722] 172 root - INFO -   [Client 31] loss=0.2253 acc=0.9067
[2026-07-25 20:10:47,401] 172 root - INFO -   [Client 13] loss=0.2309 acc=0.9250
[2026-07-25 20:10:49,598] 259 root - INFO - [Attacker] LIE attack applied (z=2.0).
[2026-07-25 20:10:49,598] 170 root - INFO -   [Client 8] ATTACK ACTIVE | loss=0.0355
[2026-07-25 20:10:53,468] 172 root - INFO -   [Client 23] loss=0.0641 acc=0.9695
[2026-07-25 20:10:53,487] 466 root - INFO - [Aggregator] Round 11: 2/20 clients flagged by MAD.
[2026-07-25 20:10:53,487] 512 root - INFO - [Aggregator] Round 11: trust weights min=0.0115, max=0.0714, zero_count=0
[2026-07-25 20:10:53,493] 190 root - INFO - [Pipeline] Round 11 aggregated — flagged=2, min_trust=0.0115, max_trust=0.0714
[2026-07-25 20:10:58,300] 81 root - INFO - [Server] Round 11 — loss=0.0702, macro_f1=0.5996, acc=0.9810, fpr=0.0051
[2026-07-25 20:10:58,362] 205 root - INFO - [Pipeline] Round 11 eval — macro_f1=0.5996, acc=0.9810, loss=0.0702
[2026-07-25 20:10:58,363] 145 root - INFO - 
[Pipeline] ===== Round 12/30 =====
[2026-07-25 20:10:59,549] 172 root - INFO -   [Client 36] loss=0.4690 acc=0.8467
[2026-07-25 20:11:17,378] 259 root - INFO - [Attacker] LIE attack applied (z=2.0).
[2026-07-25 20:11:17,378] 170 root - INFO -   [Client 49] ATTACK ACTIVE | loss=0.1794
[2026-07-25 20:11:19,376] 172 root - INFO -   [Client 30] loss=0.0397 acc=0.9908
[2026-07-25 20:11:20,162] 259 root - INFO - [Attacker] LIE attack applied (z=2.0).
[2026-07-25 20:11:20,163] 170 root - INFO -   [Client 15] ATTACK ACTIVE | loss=0.2747
[2026-07-25 20:12:11,663] 259 root - INFO - [Attacker] LIE attack applied (z=2.0).
[2026-07-25 20:12:11,663] 170 root - INFO -   [Client 47] ATTACK ACTIVE | loss=0.0081
[2026-07-25 20:12:13,649] 172 root - INFO -   [Client 26] loss=0.1632 acc=0.9518
[2026-07-25 20:12:13,926] 172 root - INFO -   [Client 12] loss=1.4638 acc=0.5958
[2026-07-25 20:12:15,513] 259 root - INFO - [Attacker] LIE attack applied (z=2.0).
[2026-07-25 20:12:15,513] 170 root - INFO -   [Client 6] ATTACK ACTIVE | loss=0.2175
[2026-07-25 20:12:18,388] 172 root - INFO -   [Client 42] loss=0.0602 acc=0.9861
[2026-07-25 20:12:33,512] 259 root - INFO - [Attacker] LIE attack applied (z=2.0).
[2026-07-25 20:12:33,512] 170 root - INFO -   [Client 27] ATTACK ACTIVE | loss=0.0096
[2026-07-25 20:12:38,593] 172 root - INFO -   [Client 22] loss=0.0325 acc=0.9919
[2026-07-25 20:12:54,227] 259 root - INFO - [Attacker] LIE attack applied (z=2.0).
[2026-07-25 20:12:54,227] 170 root - INFO -   [Client 40] ATTACK ACTIVE | loss=0.0082
[2026-07-25 20:13:01,171] 172 root - INFO -   [Client 44] loss=0.0708 acc=0.9768
[2026-07-25 20:13:03,725] 172 root - INFO -   [Client 29] loss=0.1024 acc=0.9694
[2026-07-25 20:13:12,978] 172 root - INFO -   [Client 3] loss=0.0327 acc=0.9931
[2026-07-25 20:13:31,800] 172 root - INFO -   [Client 41] loss=0.0272 acc=0.9944
[2026-07-25 20:13:35,104] 172 root - INFO -   [Client 35] loss=0.1096 acc=0.9668
[2026-07-25 20:13:36,968] 172 root - INFO -   [Client 25] loss=0.0737 acc=0.9807
[2026-07-25 20:13:38,017] 172 root - INFO -   [Client 21] loss=0.2837 acc=0.9012
[2026-07-25 20:13:41,310] 172 root - INFO -   [Client 32] loss=0.0785 acc=0.9807
[2026-07-25 20:13:41,328] 466 root - INFO - [Aggregator] Round 12: 4/20 clients flagged by MAD.
[2026-07-25 20:13:41,329] 512 root - INFO - [Aggregator] Round 12: trust weights min=0.0124, max=0.0714, zero_count=0
[2026-07-25 20:13:41,335] 190 root - INFO - [Pipeline] Round 12 aggregated — flagged=4, min_trust=0.0124, max_trust=0.0714
[2026-07-25 20:13:46,108] 81 root - INFO - [Server] Round 12 — loss=0.1227, macro_f1=0.6470, acc=0.9772, fpr=0.0065
[2026-07-25 20:13:46,171] 205 root - INFO - [Pipeline] Round 12 eval — macro_f1=0.6470, acc=0.9772, loss=0.1227
[2026-07-25 20:13:46,171] 145 root - INFO - 
[Pipeline] ===== Round 13/30 =====
[2026-07-25 20:13:47,965] 259 root - INFO - [Attacker] LIE attack applied (z=2.0).
[2026-07-25 20:13:47,965] 170 root - INFO -   [Client 6] ATTACK ACTIVE | loss=0.2023
[2026-07-25 20:13:48,800] 259 root - INFO - [Attacker] LIE attack applied (z=2.0).
[2026-07-25 20:13:48,801] 170 root - INFO -   [Client 15] ATTACK ACTIVE | loss=0.2334
[2026-07-25 20:13:49,151] 172 root - INFO -   [Client 12] loss=1.2086 acc=0.6661
[2026-07-25 20:14:41,531] 259 root - INFO - [Attacker] LIE attack applied (z=2.0).
[2026-07-25 20:14:41,531] 170 root - INFO -   [Client 47] ATTACK ACTIVE | loss=0.0081
[2026-07-25 20:14:49,928] 259 root - INFO - [Attacker] LIE attack applied (z=2.0).
[2026-07-25 20:14:49,928] 170 root - INFO -   [Client 34] ATTACK ACTIVE | loss=0.0241
[2026-07-25 20:14:51,995] 172 root - INFO -   [Client 28] loss=0.1466 acc=0.9463
[2026-07-25 20:14:54,132] 259 root - INFO - [Attacker] LIE attack applied (z=2.0).
[2026-07-25 20:14:54,132] 170 root - INFO -   [Client 8] ATTACK ACTIVE | loss=0.0323
[2026-07-25 20:15:09,420] 259 root - INFO - [Attacker] LIE attack applied (z=2.0).
[2026-07-25 20:15:09,420] 170 root - INFO -   [Client 27] ATTACK ACTIVE | loss=0.0093
[2026-07-25 20:15:16,064] 172 root - INFO -   [Client 11] loss=0.1465 acc=0.9506
[2026-07-25 20:15:20,132] 259 root - INFO - [Attacker] LIE attack applied (z=2.0).
[2026-07-25 20:15:20,132] 170 root - INFO -   [Client 17] ATTACK ACTIVE | loss=0.0264
[2026-07-25 20:15:22,622] 172 root - INFO -   [Client 29] loss=0.1004 acc=0.9694
[2026-07-25 20:15:23,838] 172 root - INFO -   [Client 48] loss=0.0342 acc=0.9920
[2026-07-25 20:15:24,908] 172 root - INFO -   [Client 4] loss=0.0596 acc=0.9838
[2026-07-25 20:15:31,641] 172 root - INFO -   [Client 44] loss=0.0703 acc=0.9766
[2026-07-25 20:15:35,106] 172 root - INFO -   [Client 35] loss=0.1070 acc=0.9672
[2026-07-25 20:15:52,762] 259 root - INFO - [Attacker] LIE attack applied (z=2.0).
[2026-07-25 20:15:52,762] 170 root - INFO -   [Client 49] ATTACK ACTIVE | loss=0.1784
[2026-07-25 20:16:02,126] 172 root - INFO -   [Client 3] loss=0.0322 acc=0.9932
[2026-07-25 20:16:07,266] 172 root - INFO -   [Client 0] loss=0.0128 acc=0.9968
[2026-07-25 20:16:14,514] 259 root - INFO - [Attacker] LIE attack applied (z=2.0).
[2026-07-25 20:16:14,515] 170 root - INFO -   [Client 5] ATTACK ACTIVE | loss=0.0192
[2026-07-25 20:16:15,660] 172 root - INFO -   [Client 39] loss=0.1144 acc=0.9486
[2026-07-25 20:16:15,679] 466 root - INFO - [Aggregator] Round 13: 3/20 clients flagged by MAD.
[2026-07-25 20:16:15,679] 512 root - INFO - [Aggregator] Round 13: trust weights min=0.0094, max=0.0714, zero_count=0
[2026-07-25 20:16:15,685] 190 root - INFO - [Pipeline] Round 13 aggregated — flagged=3, min_trust=0.0094, max_trust=0.0714
[2026-07-25 20:16:20,635] 81 root - INFO - [Server] Round 13 — loss=0.0868, macro_f1=0.6530, acc=0.9781, fpr=0.0061
[2026-07-25 20:16:20,664] 205 root - INFO - [Pipeline] Round 13 eval — macro_f1=0.6530, acc=0.9781, loss=0.0868
[2026-07-25 20:16:20,665] 145 root - INFO - 
[Pipeline] ===== Round 14/30 =====
[2026-07-25 20:16:22,155] 172 root - INFO -   [Client 48] loss=0.0288 acc=0.9937
[2026-07-25 20:16:22,945] 259 root - INFO - [Attacker] LIE attack applied (z=2.0).
[2026-07-25 20:16:22,945] 170 root - INFO -   [Client 15] ATTACK ACTIVE | loss=0.2393
[2026-07-25 20:16:33,775] 172 root - INFO -   [Client 10] loss=0.0179 acc=0.9959
[2026-07-25 20:16:35,771] 172 root - INFO -   [Client 26] loss=0.1361 acc=0.9573
[2026-07-25 20:16:37,660] 172 root - INFO -   [Client 31] loss=0.2092 acc=0.9108
[2026-07-25 20:16:39,629] 172 root - INFO -   [Client 30] loss=0.0391 acc=0.9908
[2026-07-25 20:16:41,265] 172 root - INFO -   [Client 13] loss=0.1887 acc=0.9357
[2026-07-25 20:16:43,231] 172 root - INFO -   [Client 25] loss=0.0724 acc=0.9808
[2026-07-25 20:16:52,431] 172 root - INFO -   [Client 3] loss=0.0320 acc=0.9932
[2026-07-25 20:17:43,379] 259 root - INFO - [Attacker] LIE attack applied (z=2.0).
[2026-07-25 20:17:43,379] 170 root - INFO -   [Client 47] ATTACK ACTIVE | loss=0.0080
[2026-07-25 20:17:45,016] 172 root - INFO -   [Client 24] loss=0.1972 acc=0.9344
[2026-07-25 20:17:50,049] 172 root - INFO -   [Client 0] loss=0.0124 acc=0.9968
[2026-07-25 20:17:51,057] 172 root - INFO -   [Client 39] loss=0.1117 acc=0.9483
[2026-07-25 20:18:27,638] 172 root - INFO -   [Client 16] loss=0.0046 acc=0.9988
[2026-07-25 20:18:30,136] 172 root - INFO -   [Client 29] loss=0.1005 acc=0.9695
[2026-07-25 20:18:42,416] 172 root - INFO -   [Client 18] loss=0.0396 acc=0.9917
[2026-07-25 20:18:57,527] 259 root - INFO - [Attacker] LIE attack applied (z=2.0).
[2026-07-25 20:18:57,528] 170 root - INFO -   [Client 27] ATTACK ACTIVE | loss=0.0092
[2026-07-25 20:18:58,536] 172 root - INFO -   [Client 45] loss=0.3357 acc=0.8885
[2026-07-25 20:19:08,829] 172 root - INFO -   [Client 9] loss=0.0956 acc=0.9738
[2026-07-25 20:19:10,378] 259 root - INFO - [Attacker] LIE attack applied (z=2.0).
[2026-07-25 20:19:10,378] 170 root - INFO -   [Client 6] ATTACK ACTIVE | loss=0.2041
[2026-07-25 20:19:10,397] 466 root - INFO - [Aggregator] Round 14: 3/20 clients flagged by MAD.
[2026-07-25 20:19:10,398] 512 root - INFO - [Aggregator] Round 14: trust weights min=0.0131, max=0.0714, zero_count=0
[2026-07-25 20:19:10,404] 190 root - INFO - [Pipeline] Round 14 aggregated — flagged=3, min_trust=0.0131, max_trust=0.0714
[2026-07-25 20:19:15,184] 81 root - INFO - [Server] Round 14 — loss=0.0882, macro_f1=0.6507, acc=0.9813, fpr=0.0050
[2026-07-25 20:19:15,247] 205 root - INFO - [Pipeline] Round 14 eval — macro_f1=0.6507, acc=0.9813, loss=0.0882
[2026-07-25 20:19:15,248] 145 root - INFO - 
[Pipeline] ===== Round 15/30 =====
[2026-07-25 20:19:27,806] 172 root - INFO -   [Client 18] loss=0.0400 acc=0.9916
[2026-07-25 20:19:29,499] 172 root - INFO -   [Client 13] loss=0.1583 acc=0.9438
[2026-07-25 20:19:38,802] 172 root - INFO -   [Client 3] loss=0.0320 acc=0.9932
[2026-07-25 20:19:43,652] 259 root - INFO - [Attacker] LIE attack applied (z=2.0).
[2026-07-25 20:19:43,652] 170 root - INFO -   [Client 37] ATTACK ACTIVE | loss=0.1862
[2026-07-25 20:19:52,042] 259 root - INFO - [Attacker] LIE attack applied (z=2.0).
[2026-07-25 20:19:52,043] 170 root - INFO -   [Client 34] ATTACK ACTIVE | loss=0.0234
[2026-07-25 20:20:43,385] 259 root - INFO - [Attacker] LIE attack applied (z=2.0).
[2026-07-25 20:20:43,385] 170 root - INFO -   [Client 47] ATTACK ACTIVE | loss=0.0081
[2026-07-25 20:20:48,428] 172 root - INFO -   [Client 20] loss=0.1147 acc=0.9650
[2026-07-25 20:20:55,231] 172 root - INFO -   [Client 44] loss=0.0698 acc=0.9770
[2026-07-25 20:20:58,111] 172 root - INFO -   [Client 42] loss=0.0597 acc=0.9863
[2026-07-25 20:21:04,582] 172 root - INFO -   [Client 46] loss=0.0573 acc=0.9856
[2026-07-25 20:21:06,428] 172 root - INFO -   [Client 30] loss=0.0389 acc=0.9909
[2026-07-25 20:21:09,821] 172 root - INFO -   [Client 32] loss=0.0773 acc=0.9808
[2026-07-25 20:21:14,410] 172 root - INFO -   [Client 33] loss=0.0216 acc=0.9940
[2026-07-25 20:21:25,445] 172 root - INFO -   [Client 10] loss=0.0181 acc=0.9959
[2026-07-25 20:21:44,393] 172 root - INFO -   [Client 41] loss=0.0266 acc=0.9945
[2026-07-25 20:21:45,987] 172 root - INFO -   [Client 38] loss=0.1683 acc=0.9420
[2026-07-25 20:21:53,541] 259 root - INFO - [Attacker] LIE attack applied (z=2.0).
[2026-07-25 20:21:53,541] 170 root - INFO -   [Client 5] ATTACK ACTIVE | loss=0.0191
[2026-07-25 20:22:00,236] 172 root - INFO -   [Client 11] loss=0.1454 acc=0.9507
[2026-07-25 20:22:01,296] 172 root - INFO -   [Client 4] loss=0.0607 acc=0.9841
[2026-07-25 20:22:01,852] 172 root - INFO -   [Client 19] loss=0.1020 acc=0.9706
[2026-07-25 20:22:01,871] 466 root - INFO - [Aggregator] Round 15: 1/20 clients flagged by MAD.
[2026-07-25 20:22:01,871] 512 root - INFO - [Aggregator] Round 15: trust weights min=0.0136, max=0.0714, zero_count=0
[2026-07-25 20:22:01,877] 190 root - INFO - [Pipeline] Round 15 aggregated — flagged=1, min_trust=0.0136, max_trust=0.0714
[2026-07-25 20:22:06,726] 81 root - INFO - [Server] Round 15 — loss=0.0663, macro_f1=0.6027, acc=0.9814, fpr=0.0050
[2026-07-25 20:22:06,788] 205 root - INFO - [Pipeline] Round 15 eval — macro_f1=0.6027, acc=0.9814, loss=0.0663
[2026-07-25 20:22:06,788] 145 root - INFO - 
[Pipeline] ===== Round 16/30 =====
[2026-07-25 20:22:08,322] 172 root - INFO -   [Client 4] loss=0.0605 acc=0.9836
[2026-07-25 20:22:23,826] 172 root - INFO -   [Client 43] loss=0.0067 acc=0.9981
[2026-07-25 20:22:24,615] 259 root - INFO - [Attacker] LIE attack applied (z=2.0).
[2026-07-25 20:22:24,616] 170 root - INFO -   [Client 15] ATTACK ACTIVE | loss=0.3641
[2026-07-25 20:22:26,479] 172 root - INFO -   [Client 25] loss=0.0716 acc=0.9811
[2026-07-25 20:22:29,459] 259 root - INFO - [Attacker] LIE attack applied (z=2.0).
[2026-07-25 20:22:29,459] 170 root - INFO -   [Client 7] ATTACK ACTIVE | loss=0.0980
[2026-07-25 20:22:30,396] 172 root - INFO -   [Client 36] loss=0.4718 acc=0.8465
[2026-07-25 20:23:22,448] 259 root - INFO - [Attacker] LIE attack applied (z=2.0).
[2026-07-25 20:23:22,449] 170 root - INFO -   [Client 47] ATTACK ACTIVE | loss=0.0078
[2026-07-25 20:23:27,303] 259 root - INFO - [Attacker] LIE attack applied (z=2.0).
[2026-07-25 20:23:27,303] 170 root - INFO -   [Client 37] ATTACK ACTIVE | loss=0.1848
[2026-07-25 20:23:28,863] 172 root - INFO -   [Client 38] loss=0.2356 acc=0.9218
[2026-07-25 20:23:33,944] 259 root - INFO - [Attacker] LIE attack applied (z=2.0).
[2026-07-25 20:23:33,944] 170 root - INFO -   [Client 2] ATTACK ACTIVE | loss=0.0428
[2026-07-25 20:23:34,991] 172 root - INFO -   [Client 39] loss=0.1212 acc=0.9457
[2026-07-25 20:23:42,374] 259 root - INFO - [Attacker] LIE attack applied (z=2.0).
[2026-07-25 20:23:42,374] 170 root - INFO -   [Client 5] ATTACK ACTIVE | loss=0.0177
[2026-07-25 20:23:44,489] 172 root - INFO -   [Client 26] loss=0.1752 acc=0.9482
[2026-07-25 20:23:51,405] 172 root - INFO -   [Client 44] loss=0.0688 acc=0.9772
[2026-07-25 20:23:55,960] 172 root - INFO -   [Client 33] loss=0.0207 acc=0.9941
[2026-07-25 20:24:00,951] 172 root - INFO -   [Client 20] loss=0.1179 acc=0.9640
[2026-07-25 20:24:37,373] 172 root - INFO -   [Client 16] loss=0.0044 acc=0.9988
[2026-07-25 20:24:38,980] 172 root - INFO -   [Client 13] loss=0.2401 acc=0.9233
[2026-07-25 20:24:47,320] 259 root - INFO - [Attacker] LIE attack applied (z=2.0).
[2026-07-25 20:24:47,320] 170 root - INFO -   [Client 34] ATTACK ACTIVE | loss=0.0231
[2026-07-25 20:24:48,244] 172 root - INFO -   [Client 45] loss=0.3614 acc=0.8871
[2026-07-25 20:24:48,263] 466 root - INFO - [Aggregator] Round 16: 3/20 clients flagged by MAD.
[2026-07-25 20:24:48,263] 512 root - INFO - [Aggregator] Round 16: trust weights min=0.0134, max=0.0714, zero_count=0
[2026-07-25 20:24:48,269] 190 root - INFO - [Pipeline] Round 16 aggregated — flagged=3, min_trust=0.0134, max_trust=0.0714
[2026-07-25 20:24:53,103] 81 root - INFO - [Server] Round 16 — loss=0.0891, macro_f1=0.6014, acc=0.9784, fpr=0.0062
[2026-07-25 20:24:53,166] 205 root - INFO - [Pipeline] Round 16 eval — macro_f1=0.6014, acc=0.9784, loss=0.0891
[2026-07-25 20:24:53,166] 145 root - INFO - 
[Pipeline] ===== Round 17/30 =====
[2026-07-25 20:25:30,545] 172 root - INFO -   [Client 16] loss=0.0044 acc=0.9988
[2026-07-25 20:25:32,664] 172 root - INFO -   [Client 25] loss=0.0709 acc=0.9812
[2026-07-25 20:25:35,291] 259 root - INFO - [Attacker] LIE attack applied (z=2.0).
[2026-07-25 20:25:35,292] 170 root - INFO -   [Client 8] ATTACK ACTIVE | loss=0.0290
[2026-07-25 20:25:38,640] 172 root - INFO -   [Client 42] loss=0.0580 acc=0.9866
[2026-07-25 20:25:59,084] 172 root - INFO -   [Client 41] loss=0.0259 acc=0.9947
[2026-07-25 20:25:59,696] 172 root - INFO -   [Client 19] loss=0.1012 acc=0.9702
[2026-07-25 20:26:02,354] 172 root - INFO -   [Client 29] loss=0.0999 acc=0.9697
[2026-07-25 20:26:07,381] 172 root - INFO -   [Client 20] loss=0.1101 acc=0.9660
[2026-07-25 20:26:08,507] 172 root - INFO -   [Client 4] loss=0.0474 acc=0.9872
[2026-07-25 20:26:13,418] 172 root - INFO -   [Client 0] loss=0.0113 acc=0.9972
[2026-07-25 20:26:28,842] 172 root - INFO -   [Client 43] loss=0.0065 acc=0.9981
[2026-07-25 20:26:29,768] 172 root - INFO -   [Client 36] loss=0.3473 acc=0.8792
[2026-07-25 20:26:31,394] 259 root - INFO - [Attacker] LIE attack applied (z=2.0).
[2026-07-25 20:26:31,395] 170 root - INFO -   [Client 6] ATTACK ACTIVE | loss=0.2029
[2026-07-25 20:26:32,371] 172 root - INFO -   [Client 45] loss=0.3274 acc=0.8813
[2026-07-25 20:26:40,784] 259 root - INFO - [Attacker] LIE attack applied (z=2.0).
[2026-07-25 20:26:40,784] 170 root - INFO -   [Client 34] ATTACK ACTIVE | loss=0.0233
[2026-07-25 20:26:42,388] 172 root - INFO -   [Client 13] loss=0.1619 acc=0.9430
[2026-07-25 20:26:45,697] 172 root - INFO -   [Client 32] loss=0.0759 acc=0.9810
[2026-07-25 20:27:03,800] 259 root - INFO - [Attacker] LIE attack applied (z=2.0).
[2026-07-25 20:27:03,800] 170 root - INFO -   [Client 49] ATTACK ACTIVE | loss=0.1744
[2026-07-25 20:27:55,941] 259 root - INFO - [Attacker] LIE attack applied (z=2.0).
[2026-07-25 20:27:55,942] 170 root - INFO -   [Client 47] ATTACK ACTIVE | loss=0.0078
[2026-07-25 20:27:56,984] 172 root - INFO -   [Client 39] loss=0.1115 acc=0.9490
[2026-07-25 20:27:57,003] 466 root - INFO - [Aggregator] Round 17: 4/20 clients flagged by MAD.
[2026-07-25 20:27:57,003] 512 root - INFO - [Aggregator] Round 17: trust weights min=0.0167, max=0.0714, zero_count=0
[2026-07-25 20:27:57,010] 190 root - INFO - [Pipeline] Round 17 aggregated — flagged=4, min_trust=0.0167, max_trust=0.0714
[2026-07-25 20:28:02,210] 81 root - INFO - [Server] Round 17 — loss=0.0785, macro_f1=0.5954, acc=0.9797, fpr=0.0050
[2026-07-25 20:28:02,273] 205 root - INFO - [Pipeline] Round 17 eval — macro_f1=0.5954, acc=0.9797, loss=0.0785
[2026-07-25 20:28:02,280] 145 root - INFO - 
[Pipeline] ===== Round 18/30 =====
[2026-07-25 20:28:07,999] 172 root - INFO -   [Client 22] loss=0.0304 acc=0.9923
[2026-07-25 20:28:09,042] 172 root - INFO -   [Client 4] loss=0.0457 acc=0.9878
[2026-07-25 20:28:09,869] 259 root - INFO - [Attacker] LIE attack applied (z=2.0).
[2026-07-25 20:28:09,870] 170 root - INFO -   [Client 15] ATTACK ACTIVE | loss=0.2381
[2026-07-25 20:28:13,860] 172 root - INFO -   [Client 23] loss=0.0609 acc=0.9707
[2026-07-25 20:28:26,051] 172 root - INFO -   [Client 18] loss=0.0389 acc=0.9918
[2026-07-25 20:28:36,915] 172 root - INFO -   [Client 10] loss=0.0170 acc=0.9961
[2026-07-25 20:28:38,946] 172 root - INFO -   [Client 28] loss=0.1293 acc=0.9503
[2026-07-25 20:28:47,353] 259 root - INFO - [Attacker] LIE attack applied (z=2.0).
[2026-07-25 20:28:47,353] 170 root - INFO -   [Client 34] ATTACK ACTIVE | loss=0.0231
[2026-07-25 20:28:48,006] 172 root - INFO -   [Client 19] loss=0.0989 acc=0.9712
[2026-07-25 20:28:49,015] 172 root - INFO -   [Client 39] loss=0.1080 acc=0.9497
[2026-07-25 20:28:53,717] 172 root - INFO -   [Client 33] loss=0.0210 acc=0.9941
[2026-07-25 20:28:58,721] 172 root - INFO -   [Client 0] loss=0.0113 acc=0.9970
[2026-07-25 20:29:02,028] 172 root - INFO -   [Client 35] loss=0.1046 acc=0.9676
[2026-07-25 20:29:20,870] 172 root - INFO -   [Client 41] loss=0.0259 acc=0.9947
[2026-07-25 20:29:22,480] 259 root - INFO - [Attacker] LIE attack applied (z=2.0).
[2026-07-25 20:29:22,480] 170 root - INFO -   [Client 6] ATTACK ACTIVE | loss=0.1955
[2026-07-25 20:29:24,662] 259 root - INFO - [Attacker] LIE attack applied (z=2.0).
[2026-07-25 20:29:24,662] 170 root - INFO -   [Client 8] ATTACK ACTIVE | loss=0.0277
[2026-07-25 20:30:01,209] 172 root - INFO -   [Client 16] loss=0.0044 acc=0.9988
[2026-07-25 20:30:04,325] 259 root - INFO - [Attacker] LIE attack applied (z=2.0).
[2026-07-25 20:30:04,325] 170 root - INFO -   [Client 7] ATTACK ACTIVE | loss=0.0728
[2026-07-25 20:30:09,262] 259 root - INFO - [Attacker] LIE attack applied (z=2.0).
[2026-07-25 20:30:09,262] 170 root - INFO -   [Client 37] ATTACK ACTIVE | loss=0.1837
[2026-07-25 20:30:15,983] 172 root - INFO -   [Client 46] loss=0.0568 acc=0.9856
[2026-07-25 20:30:16,001] 466 root - INFO - [Aggregator] Round 18: 3/20 clients flagged by MAD.
[2026-07-25 20:30:16,002] 512 root - INFO - [Aggregator] Round 18: trust weights min=0.0170, max=0.0714, zero_count=0
[2026-07-25 20:30:16,008] 190 root - INFO - [Pipeline] Round 18 aggregated — flagged=3, min_trust=0.0170, max_trust=0.0714
[2026-07-25 20:30:20,948] 81 root - INFO - [Server] Round 18 — loss=0.0654, macro_f1=0.6055, acc=0.9818, fpr=0.0048
[2026-07-25 20:30:21,011] 205 root - INFO - [Pipeline] Round 18 eval — macro_f1=0.6055, acc=0.9818, loss=0.0654
[2026-07-25 20:30:21,012] 145 root - INFO - 
[Pipeline] ===== Round 19/30 =====
[2026-07-25 20:30:24,749] 172 root - INFO -   [Client 35] loss=0.1029 acc=0.9681
[2026-07-25 20:30:35,181] 172 root - INFO -   [Client 9] loss=0.0938 acc=0.9741
[2026-07-25 20:30:39,131] 259 root - INFO - [Attacker] LIE attack applied (z=2.0).
[2026-07-25 20:30:39,131] 170 root - INFO -   [Client 17] ATTACK ACTIVE | loss=0.0248
[2026-07-25 20:30:51,340] 172 root - INFO -   [Client 18] loss=0.0385 acc=0.9918
[2026-07-25 20:30:52,993] 172 root - INFO -   [Client 38] loss=0.1928 acc=0.9359
[2026-07-25 20:30:54,579] 172 root - INFO -   [Client 13] loss=0.1694 acc=0.9421
[2026-07-25 20:30:55,649] 172 root - INFO -   [Client 21] loss=0.2740 acc=0.9036
[2026-07-25 20:31:02,559] 172 root - INFO -   [Client 44] loss=0.0681 acc=0.9774
[2026-07-25 20:31:18,045] 259 root - INFO - [Attacker] LIE attack applied (z=2.0).
[2026-07-25 20:31:18,046] 170 root - INFO -   [Client 40] ATTACK ACTIVE | loss=0.0075
[2026-07-25 20:31:54,293] 172 root - INFO -   [Client 16] loss=0.0043 acc=0.9988
[2026-07-25 20:31:57,593] 172 root - INFO -   [Client 32] loss=0.0754 acc=0.9812
[2026-07-25 20:31:59,383] 172 root - INFO -   [Client 31] loss=0.2077 acc=0.9112
[2026-07-25 20:32:18,222] 172 root - INFO -   [Client 41] loss=0.0258 acc=0.9947
[2026-07-25 20:32:27,571] 172 root - INFO -   [Client 3] loss=0.0307 acc=0.9935
[2026-07-25 20:32:35,259] 259 root - INFO - [Attacker] LIE attack applied (z=2.0).
[2026-07-25 20:32:35,259] 170 root - INFO -   [Client 5] ATTACK ACTIVE | loss=0.0177
[2026-07-25 20:32:50,334] 259 root - INFO - [Attacker] LIE attack applied (z=2.0).
[2026-07-25 20:32:50,335] 170 root - INFO -   [Client 27] ATTACK ACTIVE | loss=0.0088
[2026-07-25 20:33:42,277] 259 root - INFO - [Attacker] LIE attack applied (z=2.0).
[2026-07-25 20:33:42,277] 170 root - INFO -   [Client 47] ATTACK ACTIVE | loss=0.0077
[2026-07-25 20:33:47,457] 259 root - INFO - [Attacker] LIE attack applied (z=2.0).
[2026-07-25 20:33:47,457] 170 root - INFO -   [Client 2] ATTACK ACTIVE | loss=0.0426
[2026-07-25 20:33:52,363] 172 root - INFO -   [Client 0] loss=0.0107 acc=0.9972
[2026-07-25 20:34:03,257] 172 root - INFO -   [Client 10] loss=0.0169 acc=0.9961
[2026-07-25 20:34:03,275] 466 root - INFO - [Aggregator] Round 19: 2/20 clients flagged by MAD.
[2026-07-25 20:34:03,275] 512 root - INFO - [Aggregator] Round 19: trust weights min=0.0179, max=0.0714, zero_count=0
[2026-07-25 20:34:03,281] 190 root - INFO - [Pipeline] Round 19 aggregated — flagged=2, min_trust=0.0179, max_trust=0.0714
[2026-07-25 20:34:08,385] 81 root - INFO - [Server] Round 19 — loss=0.0652, macro_f1=0.6384, acc=0.9802, fpr=0.0049
[2026-07-25 20:34:08,447] 205 root - INFO - [Pipeline] Round 19 eval — macro_f1=0.6384, acc=0.9802, loss=0.0652
[2026-07-25 20:34:08,455] 145 root - INFO - 
[Pipeline] ===== Round 20/30 =====
[2026-07-25 20:34:26,941] 259 root - INFO - [Attacker] LIE attack applied (z=2.0).
[2026-07-25 20:34:26,941] 170 root - INFO -   [Client 49] ATTACK ACTIVE | loss=0.1727
[2026-07-25 20:34:29,173] 259 root - INFO - [Attacker] LIE attack applied (z=2.0).
[2026-07-25 20:34:29,174] 170 root - INFO -   [Client 8] ATTACK ACTIVE | loss=0.0280
[2026-07-25 20:34:44,605] 259 root - INFO - [Attacker] LIE attack applied (z=2.0).
[2026-07-25 20:34:44,605] 170 root - INFO -   [Client 40] ATTACK ACTIVE | loss=0.0073
[2026-07-25 20:35:20,739] 172 root - INFO -   [Client 16] loss=0.0042 acc=0.9989
[2026-07-25 20:35:31,502] 172 root - INFO -   [Client 10] loss=0.0166 acc=0.9963
[2026-07-25 20:35:33,536] 172 root - INFO -   [Client 28] loss=0.1534 acc=0.9452
[2026-07-25 20:35:36,801] 172 root - INFO -   [Client 35] loss=0.1034 acc=0.9677
[2026-07-25 20:35:51,858] 259 root - INFO - [Attacker] LIE attack applied (z=2.0).
[2026-07-25 20:35:51,858] 170 root - INFO -   [Client 27] ATTACK ACTIVE | loss=0.0085
[2026-07-25 20:36:07,303] 172 root - INFO -   [Client 43] loss=0.0061 acc=0.9982
[2026-07-25 20:36:12,343] 172 root - INFO -   [Client 0] loss=0.0105 acc=0.9972
[2026-07-25 20:36:15,423] 259 root - INFO - [Attacker] LIE attack applied (z=2.0).
[2026-07-25 20:36:15,423] 170 root - INFO -   [Client 7] ATTACK ACTIVE | loss=0.0843
[2026-07-25 20:36:16,472] 172 root - INFO -   [Client 4] loss=0.0533 acc=0.9854
[2026-07-25 20:36:26,795] 172 root - INFO -   [Client 9] loss=0.0932 acc=0.9742
[2026-07-25 20:36:35,166] 259 root - INFO - [Attacker] LIE attack applied (z=2.0).
[2026-07-25 20:36:35,166] 170 root - INFO -   [Client 34] ATTACK ACTIVE | loss=0.0232
[2026-07-25 20:36:40,246] 259 root - INFO - [Attacker] LIE attack applied (z=2.0).
[2026-07-25 20:36:40,246] 170 root - INFO -   [Client 2] ATTACK ACTIVE | loss=0.0419
[2026-07-25 20:36:44,167] 172 root - INFO -   [Client 23] loss=0.0606 acc=0.9708
[2026-07-25 20:36:49,089] 259 root - INFO - [Attacker] LIE attack applied (z=2.0).
[2026-07-25 20:36:49,089] 170 root - INFO -   [Client 37] ATTACK ACTIVE | loss=0.1820
[2026-07-25 20:36:52,042] 172 root - INFO -   [Client 42] loss=0.0575 acc=0.9866
[2026-07-25 20:36:53,188] 172 root - INFO -   [Client 48] loss=0.0409 acc=0.9902
[2026-07-25 20:36:55,205] 259 root - INFO - [Attacker] LIE attack applied (z=2.0).
[2026-07-25 20:36:55,205] 170 root - INFO -   [Client 1] ATTACK ACTIVE | loss=0.1924
[2026-07-25 20:36:55,224] 466 root - INFO - [Aggregator] Round 20: 4/20 clients flagged by MAD.
[2026-07-25 20:36:55,224] 512 root - INFO - [Aggregator] Round 20: trust weights min=0.0187, max=0.0714, zero_count=0
[2026-07-25 20:36:55,230] 190 root - INFO - [Pipeline] Round 20 aggregated — flagged=4, min_trust=0.0187, max_trust=0.0714
[2026-07-25 20:37:00,148] 81 root - INFO - [Server] Round 20 — loss=0.0678, macro_f1=0.6540, acc=0.9802, fpr=0.0055
[2026-07-25 20:37:00,210] 205 root - INFO - [Pipeline] Round 20 eval — macro_f1=0.6540, acc=0.9802, loss=0.0678
[2026-07-25 20:37:00,211] 145 root - INFO - 
[Pipeline] ===== Round 21/30 =====
[2026-07-25 20:37:01,081] 172 root - INFO -   [Client 19] loss=0.1017 acc=0.9699
[2026-07-25 20:37:05,117] 172 root - INFO -   [Client 23] loss=0.0603 acc=0.9706
[2026-07-25 20:37:10,108] 259 root - INFO - [Attacker] LIE attack applied (z=2.0).
[2026-07-25 20:37:10,109] 170 root - INFO -   [Client 2] ATTACK ACTIVE | loss=0.0417
[2026-07-25 20:37:15,407] 172 root - INFO -   [Client 22] loss=0.0295 acc=0.9926
[2026-07-25 20:37:16,989] 172 root - INFO -   [Client 13] loss=0.2052 acc=0.9328
[2026-07-25 20:37:32,424] 172 root - INFO -   [Client 43] loss=0.0060 acc=0.9982
[2026-07-25 20:37:33,314] 259 root - INFO - [Attacker] LIE attack applied (z=2.0).
[2026-07-25 20:37:33,314] 170 root - INFO -   [Client 15] ATTACK ACTIVE | loss=0.3560
[2026-07-25 20:37:36,213] 172 root - INFO -   [Client 42] loss=0.0569 acc=0.9867
[2026-07-25 20:37:37,817] 259 root - INFO - [Attacker] LIE attack applied (z=2.0).
[2026-07-25 20:37:37,817] 170 root - INFO -   [Client 6] ATTACK ACTIVE | loss=0.2128
[2026-07-25 20:37:44,246] 172 root - INFO -   [Client 46] loss=0.0560 acc=0.9858
[2026-07-25 20:37:47,599] 172 root - INFO -   [Client 35] loss=0.1025 acc=0.9681
[2026-07-25 20:37:49,691] 172 root - INFO -   [Client 26] loss=0.1446 acc=0.9562
[2026-07-25 20:37:59,990] 172 root - INFO -   [Client 9] loss=0.0929 acc=0.9741
[2026-07-25 20:38:06,956] 172 root - INFO -   [Client 44] loss=0.0674 acc=0.9776
[2026-07-25 20:38:17,973] 172 root - INFO -   [Client 10] loss=0.0164 acc=0.9964
[2026-07-25 20:38:24,651] 172 root - INFO -   [Client 11] loss=0.1425 acc=0.9509
[2026-07-25 20:38:26,271] 172 root - INFO -   [Client 38] loss=0.2295 acc=0.9253
[2026-07-25 20:38:28,177] 259 root - INFO - [Attacker] LIE attack applied (z=2.0).
[2026-07-25 20:38:28,177] 170 root - INFO -   [Client 1] ATTACK ACTIVE | loss=0.1922
[2026-07-25 20:38:36,564] 259 root - INFO - [Attacker] LIE attack applied (z=2.0).
[2026-07-25 20:38:36,565] 170 root - INFO -   [Client 34] ATTACK ACTIVE | loss=0.0226
[2026-07-25 20:38:37,686] 172 root - INFO -   [Client 48] loss=0.0337 acc=0.9923
[2026-07-25 20:38:37,705] 466 root - INFO - [Aggregator] Round 21: 1/20 clients flagged by MAD.
[2026-07-25 20:38:37,706] 512 root - INFO - [Aggregator] Round 21: trust weights min=0.0158, max=0.0714, zero_count=0
[2026-07-25 20:38:37,712] 190 root - INFO - [Pipeline] Round 21 aggregated — flagged=1, min_trust=0.0158, max_trust=0.0714
[2026-07-25 20:38:42,564] 81 root - INFO - [Server] Round 21 — loss=0.0813, macro_f1=0.6136, acc=0.9754, fpr=0.0067
[2026-07-25 20:38:42,626] 205 root - INFO - [Pipeline] Round 21 eval — macro_f1=0.6136, acc=0.9754, loss=0.0813
[2026-07-25 20:38:42,627] 145 root - INFO - 
[Pipeline] ===== Round 22/30 =====
[2026-07-25 20:38:44,020] 172 root - INFO -   [Client 21] loss=0.2523 acc=0.9073
[2026-07-25 20:38:46,084] 172 root - INFO -   [Client 26] loss=0.1249 acc=0.9602
[2026-07-25 20:38:49,035] 172 root - INFO -   [Client 42] loss=0.0568 acc=0.9866
[2026-07-25 20:38:49,930] 259 root - INFO - [Attacker] LIE attack applied (z=2.0).
[2026-07-25 20:38:49,930] 170 root - INFO -   [Client 15] ATTACK ACTIVE | loss=0.2624
[2026-07-25 20:38:53,822] 259 root - INFO - [Attacker] LIE attack applied (z=2.0).
[2026-07-25 20:38:53,823] 170 root - INFO -   [Client 17] ATTACK ACTIVE | loss=0.0245
[2026-07-25 20:39:04,691] 172 root - INFO -   [Client 10] loss=0.0163 acc=0.9963
[2026-07-25 20:39:06,312] 259 root - INFO - [Attacker] LIE attack applied (z=2.0).
[2026-07-25 20:39:06,312] 170 root - INFO -   [Client 6] ATTACK ACTIVE | loss=0.2035
[2026-07-25 20:39:07,785] 172 root - INFO -   [Client 24] loss=0.1937 acc=0.9346
[2026-07-25 20:39:12,805] 259 root - INFO - [Attacker] LIE attack applied (z=2.0).
[2026-07-25 20:39:12,805] 170 root - INFO -   [Client 2] ATTACK ACTIVE | loss=0.0415
[2026-07-25 20:39:14,812] 172 root - INFO -   [Client 30] loss=0.0379 acc=0.9911
[2026-07-25 20:39:17,305] 259 root - INFO - [Attacker] LIE attack applied (z=2.0).
[2026-07-25 20:39:17,306] 170 root - INFO -   [Client 14] ATTACK ACTIVE | loss=0.0443
[2026-07-25 20:39:17,565] 172 root - INFO -   [Client 12] loss=1.4170 acc=0.6277
[2026-07-25 20:39:20,233] 172 root - INFO -   [Client 29] loss=0.0972 acc=0.9699
[2026-07-25 20:39:25,443] 172 root - INFO -   [Client 22] loss=0.0293 acc=0.9926
[2026-07-25 20:39:26,002] 172 root - INFO -   [Client 19] loss=0.0969 acc=0.9714
[2026-07-25 20:39:27,127] 172 root - INFO -   [Client 39] loss=0.1110 acc=0.9492
[2026-07-25 20:39:35,563] 259 root - INFO - [Attacker] LIE attack applied (z=2.0).
[2026-07-25 20:39:35,563] 170 root - INFO -   [Client 34] ATTACK ACTIVE | loss=0.0219
[2026-07-25 20:39:37,563] 259 root - INFO - [Attacker] LIE attack applied (z=2.0).
[2026-07-25 20:39:37,563] 170 root - INFO -   [Client 1] ATTACK ACTIVE | loss=0.1893
[2026-07-25 20:39:39,076] 172 root - INFO -   [Client 38] loss=0.1856 acc=0.9388
[2026-07-25 20:39:40,956] 172 root - INFO -   [Client 31] loss=0.2043 acc=0.9104
[2026-07-25 20:39:40,974] 466 root - INFO - [Aggregator] Round 22: 0/20 clients flagged by MAD.
[2026-07-25 20:39:40,974] 512 root - INFO - [Aggregator] Round 22: trust weights min=0.0265, max=0.0714, zero_count=0
[2026-07-25 20:39:40,980] 190 root - INFO - [Pipeline] Round 22 aggregated — flagged=0, min_trust=0.0265, max_trust=0.0714
[2026-07-25 20:39:45,716] 81 root - INFO - [Server] Round 22 — loss=0.0835, macro_f1=0.6601, acc=0.9814, fpr=0.0049
[2026-07-25 20:39:45,779] 205 root - INFO - [Pipeline] Round 22 eval — macro_f1=0.6601, acc=0.9814, loss=0.0835
[2026-07-25 20:39:45,779] 145 root - INFO - 
[Pipeline] ===== Round 23/30 =====
[2026-07-25 20:39:47,148] 172 root - INFO -   [Client 21] loss=0.2030 acc=0.9272
[2026-07-25 20:39:51,253] 259 root - INFO - [Attacker] LIE attack applied (z=2.0).
[2026-07-25 20:39:51,253] 170 root - INFO -   [Client 17] ATTACK ACTIVE | loss=0.0246
[2026-07-25 20:39:52,355] 172 root - INFO -   [Client 4] loss=0.0451 acc=0.9878
[2026-07-25 20:39:53,510] 172 root - INFO -   [Client 48] loss=0.0245 acc=0.9947
[2026-07-25 20:39:58,898] 172 root - INFO -   [Client 22] loss=0.0294 acc=0.9926
[2026-07-25 20:40:17,484] 172 root - INFO -   [Client 41] loss=0.0253 acc=0.9948
[2026-07-25 20:40:20,816] 172 root - INFO -   [Client 32] loss=0.0739 acc=0.9813
[2026-07-25 20:40:22,782] 172 root - INFO -   [Client 25] loss=0.0689 acc=0.9814
[2026-07-25 20:40:31,157] 259 root - INFO - [Attacker] LIE attack applied (z=2.0).
[2026-07-25 20:40:31,157] 170 root - INFO -   [Client 34] ATTACK ACTIVE | loss=0.0222
[2026-07-25 20:40:48,586] 259 root - INFO - [Attacker] LIE attack applied (z=2.0).
[2026-07-25 20:40:48,586] 170 root - INFO -   [Client 49] ATTACK ACTIVE | loss=0.1715
[2026-07-25 20:40:50,605] 259 root - INFO - [Attacker] LIE attack applied (z=2.0).
[2026-07-25 20:40:50,605] 170 root - INFO -   [Client 1] ATTACK ACTIVE | loss=0.1886
[2026-07-25 20:40:53,623] 259 root - INFO - [Attacker] LIE attack applied (z=2.0).
[2026-07-25 20:40:53,623] 170 root - INFO -   [Client 7] ATTACK ACTIVE | loss=0.0714
[2026-07-25 20:41:29,425] 172 root - INFO -   [Client 16] loss=0.0042 acc=0.9989
[2026-07-25 20:41:36,090] 172 root - INFO -   [Client 11] loss=0.1408 acc=0.9511
[2026-07-25 20:41:40,789] 259 root - INFO - [Attacker] LIE attack applied (z=2.0).
[2026-07-25 20:41:40,789] 170 root - INFO -   [Client 37] ATTACK ACTIVE | loss=0.1803
[2026-07-25 20:41:45,833] 259 root - INFO - [Attacker] LIE attack applied (z=2.0).
[2026-07-25 20:41:45,833] 170 root - INFO -   [Client 2] ATTACK ACTIVE | loss=0.0415
[2026-07-25 20:41:47,365] 259 root - INFO - [Attacker] LIE attack applied (z=2.0).
[2026-07-25 20:41:47,365] 170 root - INFO -   [Client 6] ATTACK ACTIVE | loss=0.1893
[2026-07-25 20:42:02,628] 259 root - INFO - [Attacker] LIE attack applied (z=2.0).
[2026-07-25 20:42:02,628] 170 root - INFO -   [Client 27] ATTACK ACTIVE | loss=0.0084
[2026-07-25 20:42:03,678] 172 root - INFO -   [Client 45] loss=0.3063 acc=0.8782
[2026-07-25 20:42:07,577] 172 root - INFO -   [Client 23] loss=0.0601 acc=0.9708
[2026-07-25 20:42:07,596] 466 root - INFO - [Aggregator] Round 23: 3/20 clients flagged by MAD.
[2026-07-25 20:42:07,597] 512 root - INFO - [Aggregator] Round 23: trust weights min=0.0215, max=0.0714, zero_count=0
[2026-07-25 20:42:07,603] 190 root - INFO - [Pipeline] Round 23 aggregated — flagged=3, min_trust=0.0215, max_trust=0.0714
[2026-07-25 20:42:12,817] 81 root - INFO - [Server] Round 23 — loss=0.0654, macro_f1=0.6606, acc=0.9817, fpr=0.0047
[2026-07-25 20:42:12,908] 205 root - INFO - [Pipeline] Round 23 eval — macro_f1=0.6606, acc=0.9817, loss=0.0654
[2026-07-25 20:42:12,909] 145 root - INFO - 
[Pipeline] ===== Round 24/30 =====
[2026-07-25 20:42:18,283] 172 root - INFO -   [Client 20] loss=0.1065 acc=0.9667
[2026-07-25 20:42:33,386] 259 root - INFO - [Attacker] LIE attack applied (z=2.0).
[2026-07-25 20:42:33,386] 170 root - INFO -   [Client 27] ATTACK ACTIVE | loss=0.0084
[2026-07-25 20:42:35,012] 172 root - INFO -   [Client 38] loss=0.1724 acc=0.9430
[2026-07-25 20:42:38,282] 172 root - INFO -   [Client 32] loss=0.0738 acc=0.9812
[2026-07-25 20:42:41,298] 259 root - INFO - [Attacker] LIE attack applied (z=2.0).
[2026-07-25 20:42:41,298] 170 root - INFO -   [Client 7] ATTACK ACTIVE | loss=0.0700
[2026-07-25 20:42:42,835] 172 root - INFO -   [Client 24] loss=0.1909 acc=0.9342
[2026-07-25 20:42:43,824] 172 root - INFO -   [Client 36] loss=0.3316 acc=0.8859
[2026-07-25 20:42:44,067] 172 root - INFO -   [Client 12] loss=1.2035 acc=0.6959
[2026-07-25 20:43:19,848] 172 root - INFO -   [Client 16] loss=0.0042 acc=0.9989
[2026-07-25 20:43:25,071] 259 root - INFO - [Attacker] LIE attack applied (z=2.0).
[2026-07-25 20:43:25,071] 170 root - INFO -   [Client 2] ATTACK ACTIVE | loss=0.0411
[2026-07-25 20:43:26,187] 172 root - INFO -   [Client 48] loss=0.0268 acc=0.9942
[2026-07-25 20:43:31,220] 172 root - INFO -   [Client 0] loss=0.0101 acc=0.9974
[2026-07-25 20:43:35,876] 172 root - INFO -   [Client 33] loss=0.0196 acc=0.9944
[2026-07-25 20:43:44,125] 259 root - INFO - [Attacker] LIE attack applied (z=2.0).
[2026-07-25 20:43:44,125] 170 root - INFO -   [Client 34] ATTACK ACTIVE | loss=0.0219
[2026-07-25 20:43:47,090] 172 root - INFO -   [Client 42] loss=0.0564 acc=0.9867
[2026-07-25 20:43:51,192] 172 root - INFO -   [Client 23] loss=0.0597 acc=0.9708
[2026-07-25 20:43:52,214] 172 root - INFO -   [Client 39] loss=0.1071 acc=0.9503
[2026-07-25 20:43:53,255] 172 root - INFO -   [Client 4] loss=0.0419 acc=0.9889
[2026-07-25 20:43:54,375] 172 root - INFO -   [Client 21] loss=0.2323 acc=0.9156
[2026-07-25 20:43:54,922] 172 root - INFO -   [Client 19] loss=0.0950 acc=0.9718
[2026-07-25 20:43:54,941] 466 root - INFO - [Aggregator] Round 24: 2/20 clients flagged by MAD.
[2026-07-25 20:43:54,941] 512 root - INFO - [Aggregator] Round 24: trust weights min=0.0174, max=0.0714, zero_count=0
[2026-07-25 20:43:54,948] 190 root - INFO - [Pipeline] Round 24 aggregated — flagged=2, min_trust=0.0174, max_trust=0.0714
[2026-07-25 20:43:59,762] 81 root - INFO - [Server] Round 24 — loss=0.0647, macro_f1=0.6040, acc=0.9815, fpr=0.0047
[2026-07-25 20:43:59,825] 205 root - INFO - [Pipeline] Round 24 eval — macro_f1=0.6040, acc=0.9815, loss=0.0647
[2026-07-25 20:43:59,826] 145 root - INFO - 
[Pipeline] ===== Round 25/30 =====
[2026-07-25 20:44:05,139] 172 root - INFO -   [Client 20] loss=0.1041 acc=0.9671
[2026-07-25 20:44:08,025] 172 root - INFO -   [Client 42] loss=0.0562 acc=0.9867
[2026-07-25 20:44:11,024] 259 root - INFO - [Attacker] LIE attack applied (z=2.0).
[2026-07-25 20:44:11,024] 170 root - INFO -   [Client 7] ATTACK ACTIVE | loss=0.0652
[2026-07-25 20:44:17,541] 172 root - INFO -   [Client 46] loss=0.0549 acc=0.9860
[2026-07-25 20:44:18,215] 172 root - INFO -   [Client 19] loss=0.0956 acc=0.9717
[2026-07-25 20:44:21,494] 172 root - INFO -   [Client 32] loss=0.0740 acc=0.9813
[2026-07-25 20:44:22,427] 172 root - INFO -   [Client 45] loss=0.3073 acc=0.8821
[2026-07-25 20:44:23,543] 172 root - INFO -   [Client 48] loss=0.0254 acc=0.9945
[2026-07-25 20:44:25,664] 172 root - INFO -   [Client 26] loss=0.0984 acc=0.9661
[2026-07-25 20:44:43,403] 259 root - INFO - [Attacker] LIE attack applied (z=2.0).
[2026-07-25 20:44:43,403] 170 root - INFO -   [Client 49] ATTACK ACTIVE | loss=0.1728
[2026-07-25 20:44:45,282] 172 root - INFO -   [Client 25] loss=0.0679 acc=0.9818
[2026-07-25 20:44:57,482] 172 root - INFO -   [Client 18] loss=0.0378 acc=0.9919
[2026-07-25 20:45:00,785] 172 root - INFO -   [Client 35] loss=0.1012 acc=0.9682
[2026-07-25 20:45:03,044] 259 root - INFO - [Attacker] LIE attack applied (z=2.0).
[2026-07-25 20:45:03,044] 170 root - INFO -   [Client 8] ATTACK ACTIVE | loss=0.0256
[2026-07-25 20:45:03,287] 172 root - INFO -   [Client 12] loss=0.8978 acc=0.7633
[2026-07-25 20:45:22,188] 172 root - INFO -   [Client 41] loss=0.0251 acc=0.9949
[2026-07-25 20:45:23,737] 172 root - INFO -   [Client 24] loss=0.1844 acc=0.9363
[2026-07-25 20:45:30,399] 172 root - INFO -   [Client 11] loss=0.1401 acc=0.9511
[2026-07-25 20:45:45,835] 172 root - INFO -   [Client 43] loss=0.0061 acc=0.9982
[2026-07-25 20:45:50,590] 259 root - INFO - [Attacker] LIE attack applied (z=2.0).
[2026-07-25 20:45:50,590] 170 root - INFO -   [Client 37] ATTACK ACTIVE | loss=0.1800
[2026-07-25 20:45:50,609] 466 root - INFO - [Aggregator] Round 25: 2/20 clients flagged by MAD.
[2026-07-25 20:45:50,609] 512 root - INFO - [Aggregator] Round 25: trust weights min=0.0213, max=0.0714, zero_count=0
[2026-07-25 20:45:50,615] 190 root - INFO - [Pipeline] Round 25 aggregated — flagged=2, min_trust=0.0213, max_trust=0.0714
[2026-07-25 20:45:55,464] 81 root - INFO - [Server] Round 25 — loss=0.0798, macro_f1=0.6279, acc=0.9819, fpr=0.0043
[2026-07-25 20:45:55,527] 205 root - INFO - [Pipeline] Round 25 eval — macro_f1=0.6279, acc=0.9819, loss=0.0798
[2026-07-25 20:45:55,528] 145 root - INFO - 
[Pipeline] ===== Round 26/30 =====
[2026-07-25 20:45:59,516] 172 root - INFO -   [Client 35] loss=0.0982 acc=0.9688
[2026-07-25 20:46:04,347] 172 root - INFO -   [Client 0] loss=0.0106 acc=0.9973
[2026-07-25 20:46:04,917] 172 root - INFO -   [Client 19] loss=0.0937 acc=0.9720
[2026-07-25 20:46:17,131] 172 root - INFO -   [Client 18] loss=0.0380 acc=0.9919
[2026-07-25 20:46:18,826] 172 root - INFO -   [Client 13] loss=0.1145 acc=0.9551
[2026-07-25 20:46:33,875] 259 root - INFO - [Attacker] LIE attack applied (z=2.0).
[2026-07-25 20:46:33,875] 170 root - INFO -   [Client 27] ATTACK ACTIVE | loss=0.0085
[2026-07-25 20:46:38,654] 259 root - INFO - [Attacker] LIE attack applied (z=2.0).
[2026-07-25 20:46:38,654] 170 root - INFO -   [Client 37] ATTACK ACTIVE | loss=0.1785
[2026-07-25 20:46:40,275] 172 root - INFO -   [Client 38] loss=0.1427 acc=0.9521
[2026-07-25 20:46:59,011] 172 root - INFO -   [Client 41] loss=0.0252 acc=0.9948
[2026-07-25 20:47:04,138] 172 root - INFO -   [Client 20] loss=0.1031 acc=0.9673
[2026-07-25 20:47:06,698] 172 root - INFO -   [Client 29] loss=0.0944 acc=0.9702
[2026-07-25 20:47:08,712] 172 root - INFO -   [Client 28] loss=0.1134 acc=0.9535
[2026-07-25 20:47:11,640] 172 root - INFO -   [Client 42] loss=0.0564 acc=0.9866
[2026-07-25 20:47:12,551] 172 root - INFO -   [Client 45] loss=0.2997 acc=0.8814
[2026-07-25 20:47:15,997] 172 root - INFO -   [Client 32] loss=0.0735 acc=0.9812
[2026-07-25 20:47:17,939] 172 root - INFO -   [Client 30] loss=0.0371 acc=0.9913
[2026-07-25 20:47:28,547] 172 root - INFO -   [Client 10] loss=0.0164 acc=0.9963
[2026-07-25 20:47:36,045] 259 root - INFO - [Attacker] LIE attack applied (z=2.0).
[2026-07-25 20:47:36,046] 170 root - INFO -   [Client 5] ATTACK ACTIVE | loss=0.0166
[2026-07-25 20:47:42,467] 172 root - INFO -   [Client 46] loss=0.0546 acc=0.9860
[2026-07-25 20:48:18,734] 172 root - INFO -   [Client 16] loss=0.0042 acc=0.9989
[2026-07-25 20:48:18,753] 466 root - INFO - [Aggregator] Round 26: 1/20 clients flagged by MAD.
[2026-07-25 20:48:18,753] 512 root - INFO - [Aggregator] Round 26: trust weights min=0.0208, max=0.0714, zero_count=0
[2026-07-25 20:48:18,759] 190 root - INFO - [Pipeline] Round 26 aggregated — flagged=1, min_trust=0.0208, max_trust=0.0714
[2026-07-25 20:48:23,767] 81 root - INFO - [Server] Round 26 — loss=0.0678, macro_f1=0.6520, acc=0.9803, fpr=0.0048
[2026-07-25 20:48:23,829] 205 root - INFO - [Pipeline] Round 26 eval — macro_f1=0.6520, acc=0.9803, loss=0.0678
[2026-07-25 20:48:23,829] 145 root - INFO - 
[Pipeline] ===== Round 27/30 =====
[2026-07-25 20:48:27,131] 172 root - INFO -   [Client 42] loss=0.0557 acc=0.9867
[2026-07-25 20:48:42,604] 259 root - INFO - [Attacker] LIE attack applied (z=2.0).
[2026-07-25 20:48:42,604] 170 root - INFO -   [Client 40] ATTACK ACTIVE | loss=0.0072
[2026-07-25 20:48:43,641] 172 root - INFO -   [Client 39] loss=0.1067 acc=0.9503
[2026-07-25 20:48:44,617] 172 root - INFO -   [Client 21] loss=0.2194 acc=0.9207
[2026-07-25 20:48:52,049] 259 root - INFO - [Attacker] LIE attack applied (z=2.0).
[2026-07-25 20:48:52,049] 170 root - INFO -   [Client 5] ATTACK ACTIVE | loss=0.0167
[2026-07-25 20:48:52,853] 259 root - INFO - [Attacker] LIE attack applied (z=2.0).
[2026-07-25 20:48:52,859] 170 root - INFO -   [Client 15] ATTACK ACTIVE | loss=0.2827
[2026-07-25 20:49:08,152] 172 root - INFO -   [Client 43] loss=0.0061 acc=0.9982
[2026-07-25 20:49:08,711] 172 root - INFO -   [Client 19] loss=0.0942 acc=0.9717
[2026-07-25 20:49:11,491] 259 root - INFO - [Attacker] LIE attack applied (z=2.0).
[2026-07-25 20:49:11,491] 170 root - INFO -   [Client 14] ATTACK ACTIVE | loss=0.0418
[2026-07-25 20:49:11,739] 172 root - INFO -   [Client 12] loss=1.0705 acc=0.7242
[2026-07-25 20:49:22,053] 172 root - INFO -   [Client 9] loss=0.0916 acc=0.9743
[2026-07-25 20:49:24,063] 259 root - INFO - [Attacker] LIE attack applied (z=2.0).
[2026-07-25 20:49:24,063] 170 root - INFO -   [Client 1] ATTACK ACTIVE | loss=0.1860
[2026-07-25 20:49:29,127] 259 root - INFO - [Attacker] LIE attack applied (z=2.0).
[2026-07-25 20:49:29,127] 170 root - INFO -   [Client 2] ATTACK ACTIVE | loss=0.0411
[2026-07-25 20:49:35,994] 172 root - INFO -   [Client 44] loss=0.0664 acc=0.9776
[2026-07-25 20:49:38,030] 172 root - INFO -   [Client 30] loss=0.0365 acc=0.9916
[2026-07-25 20:49:39,094] 172 root - INFO -   [Client 4] loss=0.0407 acc=0.9889
[2026-07-25 20:49:41,748] 172 root - INFO -   [Client 29] loss=0.0939 acc=0.9705
[2026-07-25 20:49:43,683] 172 root - INFO -   [Client 26] loss=0.1088 acc=0.9635
[2026-07-25 20:49:44,918] 172 root - INFO -   [Client 48] loss=0.0255 acc=0.9943
[2026-07-25 20:49:49,976] 172 root - INFO -   [Client 22] loss=0.0287 acc=0.9927
[2026-07-25 20:49:49,994] 466 root - INFO - [Aggregator] Round 27: 3/20 clients flagged by MAD.
[2026-07-25 20:49:49,994] 512 root - INFO - [Aggregator] Round 27: trust weights min=0.0171, max=0.0714, zero_count=0
[2026-07-25 20:49:50,000] 190 root - INFO - [Pipeline] Round 27 aggregated — flagged=3, min_trust=0.0171, max_trust=0.0714
[2026-07-25 20:49:54,892] 81 root - INFO - [Server] Round 27 — loss=0.0640, macro_f1=0.6519, acc=0.9806, fpr=0.0047
[2026-07-25 20:49:54,956] 205 root - INFO - [Pipeline] Round 27 eval — macro_f1=0.6519, acc=0.9806, loss=0.0640
[2026-07-25 20:49:54,957] 145 root - INFO - 
[Pipeline] ===== Round 28/30 =====
[2026-07-25 20:50:02,536] 172 root - INFO -   [Client 44] loss=0.0664 acc=0.9778
[2026-07-25 20:50:03,999] 172 root - INFO -   [Client 24] loss=0.1901 acc=0.9340
[2026-07-25 20:50:05,895] 172 root - INFO -   [Client 31] loss=0.1868 acc=0.9165
[2026-07-25 20:50:07,815] 172 root - INFO -   [Client 25] loss=0.0678 acc=0.9816
[2026-07-25 20:50:08,708] 259 root - INFO - [Attacker] LIE attack applied (z=2.0).
[2026-07-25 20:50:08,708] 170 root - INFO -   [Client 15] ATTACK ACTIVE | loss=0.2297
[2026-07-25 20:50:18,955] 172 root - INFO -   [Client 9] loss=0.0911 acc=0.9744
[2026-07-25 20:50:37,708] 172 root - INFO -   [Client 41] loss=0.0251 acc=0.9949
[2026-07-25 20:50:42,770] 172 root - INFO -   [Client 0] loss=0.0103 acc=0.9973
[2026-07-25 20:50:44,246] 259 root - INFO - [Attacker] LIE attack applied (z=2.0).
[2026-07-25 20:50:44,246] 170 root - INFO -   [Client 6] ATTACK ACTIVE | loss=0.1958
[2026-07-25 20:50:59,188] 259 root - INFO - [Attacker] LIE attack applied (z=2.0).
[2026-07-25 20:50:59,188] 170 root - INFO -   [Client 27] ATTACK ACTIVE | loss=0.0084
[2026-07-25 20:51:01,824] 259 root - INFO - [Attacker] LIE attack applied (z=2.0).
[2026-07-25 20:51:01,824] 170 root - INFO -   [Client 14] ATTACK ACTIVE | loss=0.0406
[2026-07-25 20:51:08,356] 172 root - INFO -   [Client 11] loss=0.1381 acc=0.9514
[2026-07-25 20:51:13,157] 172 root - INFO -   [Client 33] loss=0.0202 acc=0.9943
[2026-07-25 20:51:15,713] 172 root - INFO -   [Client 29] loss=0.0944 acc=0.9704
[2026-07-25 20:51:24,952] 172 root - INFO -   [Client 3] loss=0.0297 acc=0.9936
[2026-07-25 20:51:25,873] 172 root - INFO -   [Client 45] loss=0.3080 acc=0.8877
[2026-07-25 20:51:28,895] 259 root - INFO - [Attacker] LIE attack applied (z=2.0).
[2026-07-25 20:51:28,895] 170 root - INFO -   [Client 7] ATTACK ACTIVE | loss=0.0670
[2026-07-25 20:51:29,740] 172 root - INFO -   [Client 36] loss=0.3073 acc=0.8935
[2026-07-25 20:51:31,947] 259 root - INFO - [Attacker] LIE attack applied (z=2.0).
[2026-07-25 20:51:31,947] 170 root - INFO -   [Client 8] ATTACK ACTIVE | loss=0.0252
[2026-07-25 20:51:38,444] 172 root - INFO -   [Client 46] loss=0.0544 acc=0.9860
[2026-07-25 20:51:38,462] 466 root - INFO - [Aggregator] Round 28: 2/20 clients flagged by MAD.
[2026-07-25 20:51:38,462] 512 root - INFO - [Aggregator] Round 28: trust weights min=0.0110, max=0.0714, zero_count=0
[2026-07-25 20:51:38,468] 190 root - INFO - [Pipeline] Round 28 aggregated — flagged=2, min_trust=0.0110, max_trust=0.0714
[2026-07-25 20:51:43,211] 81 root - INFO - [Server] Round 28 — loss=0.0764, macro_f1=0.6706, acc=0.9820, fpr=0.0043
[2026-07-25 20:51:43,274] 205 root - INFO - [Pipeline] Round 28 eval — macro_f1=0.6706, acc=0.9820, loss=0.0764
[2026-07-25 20:51:43,275] 145 root - INFO - 
[Pipeline] ===== Round 29/30 =====
[2026-07-25 20:51:46,335] 172 root - INFO -   [Client 29] loss=0.0932 acc=0.9705
[2026-07-25 20:51:49,231] 172 root - INFO -   [Client 42] loss=0.0559 acc=0.9867
[2026-07-25 20:51:53,836] 172 root - INFO -   [Client 33] loss=0.0202 acc=0.9944
[2026-07-25 20:51:57,116] 172 root - INFO -   [Client 35] loss=0.0981 acc=0.9687
[2026-07-25 20:51:58,717] 172 root - INFO -   [Client 38] loss=0.1361 acc=0.9538
[2026-07-25 20:52:03,624] 172 root - INFO -   [Client 20] loss=0.1022 acc=0.9674
[2026-07-25 20:52:05,626] 172 root - INFO -   [Client 28] loss=0.1071 acc=0.9546
[2026-07-25 20:52:06,656] 172 root - INFO -   [Client 39] loss=0.1044 acc=0.9504
[2026-07-25 20:52:10,023] 172 root - INFO -   [Client 32] loss=0.0732 acc=0.9813
[2026-07-25 20:52:24,739] 259 root - INFO - [Attacker] LIE attack applied (z=2.0).
[2026-07-25 20:52:24,739] 170 root - INFO -   [Client 27] ATTACK ACTIVE | loss=0.0087
[2026-07-25 20:52:31,514] 172 root - INFO -   [Client 46] loss=0.0541 acc=0.9860
[2026-07-25 20:52:46,768] 172 root - INFO -   [Client 43] loss=0.0061 acc=0.9982
[2026-07-25 20:52:57,465] 172 root - INFO -   [Client 10] loss=0.0159 acc=0.9964
[2026-07-25 20:52:59,514] 172 root - INFO -   [Client 30] loss=0.0364 acc=0.9914
[2026-07-25 20:53:00,463] 172 root - INFO -   [Client 45] loss=0.2927 acc=0.8807
[2026-07-25 20:53:36,639] 172 root - INFO -   [Client 16] loss=0.0041 acc=0.9989
[2026-07-25 20:53:37,427] 259 root - INFO - [Attacker] LIE attack applied (z=2.0).
[2026-07-25 20:53:37,427] 170 root - INFO -   [Client 15] ATTACK ACTIVE | loss=0.1540
[2026-07-25 20:53:41,367] 259 root - INFO - [Attacker] LIE attack applied (z=2.0).
[2026-07-25 20:53:41,367] 170 root - INFO -   [Client 17] ATTACK ACTIVE | loss=0.0244
[2026-07-25 20:53:43,217] 172 root - INFO -   [Client 31] loss=0.1764 acc=0.9186
[2026-07-25 20:53:50,051] 172 root - INFO -   [Client 44] loss=0.0661 acc=0.9777
[2026-07-25 20:53:50,069] 466 root - INFO - [Aggregator] Round 29: 3/20 clients flagged by MAD.
[2026-07-25 20:53:50,069] 512 root - INFO - [Aggregator] Round 29: trust weights min=0.0138, max=0.0714, zero_count=0
[2026-07-25 20:53:50,075] 190 root - INFO - [Pipeline] Round 29 aggregated — flagged=3, min_trust=0.0138, max_trust=0.0714
[2026-07-25 20:53:54,889] 81 root - INFO - [Server] Round 29 — loss=0.0667, macro_f1=0.6514, acc=0.9805, fpr=0.0046
[2026-07-25 20:53:54,951] 205 root - INFO - [Pipeline] Round 29 eval — macro_f1=0.6514, acc=0.9805, loss=0.0667
[2026-07-25 20:53:54,952] 145 root - INFO - 
[Pipeline] ===== Round 30/30 =====
[2026-07-25 20:53:56,014] 259 root - INFO - [Attacker] LIE attack applied (z=2.0).
[2026-07-25 20:53:56,015] 170 root - INFO -   [Client 15] ATTACK ACTIVE | loss=0.1770
[2026-07-25 20:54:00,237] 259 root - INFO - [Attacker] LIE attack applied (z=2.0).
[2026-07-25 20:54:00,237] 170 root - INFO -   [Client 17] ATTACK ACTIVE | loss=0.0242
[2026-07-25 20:54:02,233] 172 root - INFO -   [Client 28] loss=0.1123 acc=0.9532
[2026-07-25 20:54:03,413] 172 root - INFO -   [Client 4] loss=0.0386 acc=0.9895
[2026-07-25 20:54:04,428] 172 root - INFO -   [Client 45] loss=0.2935 acc=0.8821
[2026-07-25 20:54:17,008] 172 root - INFO -   [Client 18] loss=0.0376 acc=0.9919
[2026-07-25 20:54:34,901] 259 root - INFO - [Attacker] LIE attack applied (z=2.0).
[2026-07-25 20:54:34,901] 170 root - INFO -   [Client 49] ATTACK ACTIVE | loss=0.1711
[2026-07-25 20:54:36,168] 172 root - INFO -   [Client 48] loss=0.0235 acc=0.9948
[2026-07-25 20:54:37,138] 172 root - INFO -   [Client 21] loss=0.1952 acc=0.9292
[2026-07-25 20:54:42,182] 172 root - INFO -   [Client 20] loss=0.1019 acc=0.9675
[2026-07-25 20:54:50,690] 259 root - INFO - [Attacker] LIE attack applied (z=2.0).
[2026-07-25 20:54:50,690] 170 root - INFO -   [Client 34] ATTACK ACTIVE | loss=0.0220
[2026-07-25 20:54:58,077] 259 root - INFO - [Attacker] LIE attack applied (z=2.0).
[2026-07-25 20:54:58,077] 170 root - INFO -   [Client 5] ATTACK ACTIVE | loss=0.0167
[2026-07-25 20:55:00,361] 259 root - INFO - [Attacker] LIE attack applied (z=2.0).
[2026-07-25 20:55:00,361] 170 root - INFO -   [Client 8] ATTACK ACTIVE | loss=0.0246
[2026-07-25 20:55:10,734] 172 root - INFO -   [Client 9] loss=0.0910 acc=0.9743
[2026-07-25 20:55:13,366] 259 root - INFO - [Attacker] LIE attack applied (z=2.0).
[2026-07-25 20:55:13,367] 170 root - INFO -   [Client 14] ATTACK ACTIVE | loss=0.0396
[2026-07-25 20:55:14,821] 172 root - INFO -   [Client 24] loss=0.1795 acc=0.9365
[2026-07-25 20:55:15,801] 172 root - INFO -   [Client 36] loss=0.2884 acc=0.9015
[2026-07-25 20:55:17,451] 172 root - INFO -   [Client 13] loss=0.1259 acc=0.9523
[2026-07-25 20:55:24,009] 172 root - INFO -   [Client 46] loss=0.0541 acc=0.9860
[2026-07-25 20:55:27,365] 172 root - INFO -   [Client 32] loss=0.0730 acc=0.9812
[2026-07-25 20:55:27,383] 466 root - INFO - [Aggregator] Round 30: 2/20 clients flagged by MAD.
[2026-07-25 20:55:27,384] 512 root - INFO - [Aggregator] Round 30: trust weights min=0.0198, max=0.0714, zero_count=0
[2026-07-25 20:55:27,390] 190 root - INFO - [Pipeline] Round 30 aggregated — flagged=2, min_trust=0.0198, max_trust=0.0714
[2026-07-25 20:55:32,245] 81 root - INFO - [Server] Round 30 — loss=0.1436, macro_f1=0.6271, acc=0.9655, fpr=0.0107
[2026-07-25 20:55:32,308] 205 root - INFO - [Pipeline] Round 30 eval — macro_f1=0.6271, acc=0.9655, loss=0.1436
[2026-07-25 20:55:32,323] 223 root - INFO - [Pipeline] Final global model saved to C:\Users\rauna\Videos\FL IDS\artifacts\models\fl_global_model_robust_lie_30pct.pth
[2026-07-25 20:55:32,324] 28 root - INFO - [Experiment] strategy=triage attack=lie ratio=0.3
[2026-07-25 20:55:32,326] 125 root - INFO - [Pipeline] Malicious client IDs: [1, 2, 5, 6, 7, 8, 14, 15, 17, 27, 34, 37, 40, 47, 49]
[2026-07-25 20:55:32,342] 33 root - INFO - [Server] Loaded baseline checkpoint from C:\Users\rauna\Videos\FL IDS\artifacts\models\baseline_mlp.pth
[2026-07-25 20:55:32,343] 131 root - INFO - [Pipeline] Strategy: triage
[2026-07-25 20:55:32,344] 137 root - INFO - [Pipeline] Starting FL loop — 50 clients, 20 per round, 30 rounds.
[2026-07-25 20:55:32,344] 145 root - INFO - 
[Pipeline] ===== Round 1/30 =====
[2026-07-25 20:55:48,471] 172 root - INFO -   [Client 40] loss=0.2113 acc=0.9402
[2026-07-25 20:55:51,931] 172 root - INFO -   [Client 7] loss=0.9481 acc=0.7960
[2026-07-25 20:55:54,031] 172 root - INFO -   [Client 1] loss=1.8177 acc=0.5312
[2026-07-25 20:55:57,986] 172 root - INFO -   [Client 17] loss=0.8446 acc=0.7550
[2026-07-25 20:55:58,900] 172 root - INFO -   [Client 15] loss=1.5816 acc=0.6194
[2026-07-25 20:56:01,501] 172 root - INFO -   [Client 14] loss=1.1340 acc=0.7046
[2026-07-25 20:56:03,729] 172 root - INFO -   [Client 8] loss=1.3853 acc=0.6396
[2026-07-25 20:56:05,325] 172 root - INFO -   [Client 6] loss=1.9925 acc=0.4427
[2026-07-25 20:56:13,549] 172 root - INFO -   [Client 34] loss=0.5131 acc=0.8545
[2026-07-25 20:56:21,058] 172 root - INFO -   [Client 5] loss=0.5453 acc=0.8586
[2026-07-25 20:56:26,194] 172 root - INFO -   [Client 37] loss=0.9201 acc=0.7487
[2026-07-25 20:56:41,302] 172 root - INFO -   [Client 27] loss=0.2299 acc=0.9357
[2026-07-25 20:56:46,419] 172 root - INFO -   [Client 2] loss=0.8231 acc=0.7871
[2026-07-25 20:57:39,326] 172 root - INFO -   [Client 47] loss=0.0718 acc=0.9810
[2026-07-25 20:57:57,668] 172 root - INFO -   [Client 49] loss=0.9445 acc=0.7052
[2026-07-25 20:57:59,367] 172 root - INFO -   [Client 13] loss=1.4434 acc=0.6579
[2026-07-25 20:58:06,321] 172 root - INFO -   [Client 44] loss=0.6776 acc=0.8141
[2026-07-25 20:58:09,598] 172 root - INFO -   [Client 32] loss=1.0984 acc=0.7110
[2026-07-25 20:58:10,462] 172 root - INFO -   [Client 36] loss=2.0389 acc=0.6162
[2026-07-25 20:58:17,142] 172 root - INFO -   [Client 46] loss=0.5699 acc=0.8579
[2026-07-25 20:58:17,167] 101 root - INFO - [Triage] Round 1: 1/20 flagged after triage.
[2026-07-25 20:58:17,174] 190 root - INFO - [Pipeline] Round 1 aggregated — flagged=1, min_trust=0.0016, max_trust=0.0714
[2026-07-25 20:58:22,164] 81 root - INFO - [Server] Round 1 — loss=1.5135, macro_f1=0.0949, acc=0.8334, fpr=0.0542
[2026-07-25 20:58:22,227] 205 root - INFO - [Pipeline] Round 1 eval — macro_f1=0.0949, acc=0.8334, loss=1.5135
[2026-07-25 20:58:22,235] 145 root - INFO - 
[Pipeline] ===== Round 2/30 =====
[2026-07-25 20:58:22,757] 172 root - INFO -   [Client 12] loss=2.2619 acc=0.4243
[2026-07-25 20:58:23,732] 172 root - INFO -   [Client 45] loss=1.2704 acc=0.5989
[2026-07-25 20:58:42,413] 172 root - INFO -   [Client 41] loss=0.0792 acc=0.9817
[2026-07-25 20:58:49,338] 172 root - INFO -   [Client 44] loss=0.1880 acc=0.9462
[2026-07-25 20:58:57,635] 172 root - INFO -   [Client 34] loss=0.1228 acc=0.9676
[2026-07-25 20:58:59,764] 172 root - INFO -   [Client 26] loss=0.5342 acc=0.8317
[2026-07-25 20:59:02,431] 172 root - INFO -   [Client 14] loss=0.3251 acc=0.9037
[2026-07-25 20:59:04,310] 172 root - INFO -   [Client 28] loss=0.6946 acc=0.7931
[2026-07-25 20:59:09,168] 172 root - INFO -   [Client 37] loss=0.3407 acc=0.8990
[2026-07-25 20:59:13,054] 172 root - INFO -   [Client 17] loss=0.1453 acc=0.9587
[2026-07-25 20:59:18,003] 172 root - INFO -   [Client 0] loss=0.1572 acc=0.9563
[2026-07-25 20:59:28,728] 172 root - INFO -   [Client 10] loss=0.1037 acc=0.9741
[2026-07-25 20:59:43,780] 172 root - INFO -   [Client 27] loss=0.0533 acc=0.9872
[2026-07-25 20:59:44,759] 172 root - INFO -   [Client 21] loss=0.8952 acc=0.6969
[2026-07-25 21:00:00,236] 172 root - INFO -   [Client 40] loss=0.0501 acc=0.9886
[2026-07-25 21:00:10,622] 172 root - INFO -   [Client 9] loss=0.1590 acc=0.9639
[2026-07-25 21:00:12,223] 172 root - INFO -   [Client 13] loss=0.6804 acc=0.7779
[2026-07-25 21:00:13,190] 172 root - INFO -   [Client 36] loss=0.9220 acc=0.7007
[2026-07-25 21:00:14,733] 172 root - INFO -   [Client 6] loss=0.7174 acc=0.7541
[2026-07-25 21:00:19,910] 172 root - INFO -   [Client 2] loss=0.1835 acc=0.9503
[2026-07-25 21:00:19,936] 98 root - INFO - [Triage] Round 2: 2 clients sent to SVD hybrid stage.
[2026-07-25 21:00:19,937] 101 root - INFO - [Triage] Round 2: 0/20 flagged after triage.
[2026-07-25 21:00:19,943] 190 root - INFO - [Pipeline] Round 2 aggregated — flagged=0, min_trust=0.0347, max_trust=0.0685
[2026-07-25 21:00:24,912] 81 root - INFO - [Server] Round 2 — loss=0.8399, macro_f1=0.2220, acc=0.8487, fpr=0.0485
[2026-07-25 21:00:24,974] 205 root - INFO - [Pipeline] Round 2 eval — macro_f1=0.2220, acc=0.8487, loss=0.8399
[2026-07-25 21:00:24,983] 145 root - INFO - 
[Pipeline] ===== Round 3/30 =====
[2026-07-25 21:00:26,792] 172 root - INFO -   [Client 24] loss=0.3820 acc=0.8799
[2026-07-25 21:00:28,439] 172 root - INFO -   [Client 6] loss=0.4444 acc=0.8341
[2026-07-25 21:00:33,848] 172 root - INFO -   [Client 22] loss=0.0883 acc=0.9764
[2026-07-25 21:01:42,760] 172 root - INFO -   [Client 47] loss=0.0148 acc=0.9970
[2026-07-25 21:01:44,563] 172 root - INFO -   [Client 38] loss=0.4196 acc=0.8712
[2026-07-25 21:02:22,279] 172 root - INFO -   [Client 16] loss=0.0143 acc=0.9965
[2026-07-25 21:02:28,121] 172 root - INFO -   [Client 2] loss=0.1030 acc=0.9720
[2026-07-25 21:02:30,884] 172 root - INFO -   [Client 29] loss=0.2117 acc=0.9415
[2026-07-25 21:02:39,831] 172 root - INFO -   [Client 34] loss=0.0611 acc=0.9851
[2026-07-25 21:02:42,950] 172 root - INFO -   [Client 7] loss=0.2604 acc=0.9277
[2026-07-25 21:03:31,142] 172 root - INFO -   [Client 49] loss=0.2623 acc=0.9244
[2026-07-25 21:03:44,613] 172 root - INFO -   [Client 5] loss=0.0567 acc=0.9842
[2026-07-25 21:03:48,715] 172 root - INFO -   [Client 35] loss=0.2066 acc=0.9409
[2026-07-25 21:04:05,068] 172 root - INFO -   [Client 18] loss=0.0662 acc=0.9868
[2026-07-25 21:04:10,088] 172 root - INFO -   [Client 23] loss=0.1178 acc=0.9536
[2026-07-25 21:04:10,399] 172 root - INFO -   [Client 12] loss=1.6729 acc=0.5441
[2026-07-25 21:04:11,800] 172 root - INFO -   [Client 4] loss=0.2331 acc=0.9384
[2026-07-25 21:04:31,028] 172 root - INFO -   [Client 43] loss=0.0312 acc=0.9916
[2026-07-25 21:04:34,365] 172 root - INFO -   [Client 14] loss=0.1511 acc=0.9581
[2026-07-25 21:04:36,089] 172 root - INFO -   [Client 39] loss=0.3068 acc=0.8896
[2026-07-25 21:04:36,118] 98 root - INFO - [Triage] Round 3: 6 clients sent to SVD hybrid stage.
[2026-07-25 21:04:36,118] 101 root - INFO - [Triage] Round 3: 0/20 flagged after triage.
[2026-07-25 21:04:36,130] 190 root - INFO - [Pipeline] Round 3 aggregated — flagged=0, min_trust=0.0020, max_trust=0.0708
[2026-07-25 21:04:46,782] 81 root - INFO - [Server] Round 3 — loss=0.4850, macro_f1=0.2444, acc=0.8683, fpr=0.0499
[2026-07-25 21:04:46,859] 205 root - INFO - [Pipeline] Round 3 eval — macro_f1=0.2444, acc=0.8683, loss=0.4850
[2026-07-25 21:04:46,862] 145 root - INFO - 
[Pipeline] ===== Round 4/30 =====
[2026-07-25 21:05:03,651] 172 root - INFO -   [Client 18] loss=0.0542 acc=0.9889
[2026-07-25 21:05:13,015] 172 root - INFO -   [Client 5] loss=0.0380 acc=0.9897
[2026-07-25 21:05:16,791] 172 root - INFO -   [Client 14] loss=0.0872 acc=0.9784
[2026-07-25 21:05:19,388] 172 root - INFO -   [Client 6] loss=0.3191 acc=0.8788
[2026-07-25 21:05:21,427] 172 root - INFO -   [Client 24] loss=0.2927 acc=0.9115
[2026-07-25 21:05:26,465] 172 root - INFO -   [Client 17] loss=0.0483 acc=0.9857
[2026-07-25 21:05:29,871] 172 root - INFO -   [Client 29] loss=0.1481 acc=0.9599
[2026-07-25 21:05:49,623] 172 root - INFO -   [Client 40] loss=0.0169 acc=0.9949
[2026-07-25 21:05:54,594] 172 root - INFO -   [Client 23] loss=0.0885 acc=0.9626
[2026-07-25 21:06:08,532] 172 root - INFO -   [Client 10] loss=0.0353 acc=0.9915
[2026-07-25 21:07:12,036] 172 root - INFO -   [Client 41] loss=0.0389 acc=0.9917
[2026-07-25 21:07:32,265] 172 root - INFO -   [Client 22] loss=0.0583 acc=0.9860
[2026-07-25 21:07:35,870] 172 root - INFO -   [Client 13] loss=0.4078 acc=0.8686
[2026-07-25 21:07:52,541] 172 root - INFO -   [Client 44] loss=0.0943 acc=0.9714
[2026-07-25 21:07:55,388] 172 root - INFO -   [Client 4] loss=0.1589 acc=0.9588
[2026-07-25 21:08:02,294] 172 root - INFO -   [Client 42] loss=0.0945 acc=0.9790
[2026-07-25 21:08:04,090] 172 root - INFO -   [Client 15] loss=0.3807 acc=0.8976
[2026-07-25 21:08:22,406] 172 root - INFO -   [Client 34] loss=0.0410 acc=0.9912
